method,subject,psnr,ssim,nrmse,dice_wt,dice_tc,dice_et
Uformer-lite (L1),BraTS2021_00000,29.04065,0.963826060295105,0.13688359,0.0,0.0,0.0
Uformer-lite (L1),BraTS2021_00000,29.17125,0.9630665183067322,0.13438562,0.5774647887323944,0.6007326007326007,0.6007326007326007
Uformer-lite (L1),BraTS2021_00000,29.359245,0.9654739499092102,0.12699015,0.8383045525902669,0.8998109640831758,0.8998109640831758
Uformer-lite (L1),BraTS2021_00000,29.414673,0.9632993340492249,0.12612633,0.8583420776495279,0.9025270758122743,0.9115479115479116
Uformer-lite (L1),BraTS2021_00000,29.274742,0.9646820425987244,0.122431,0.8806366047745358,0.8634538152610441,0.8702757916241062
Uformer-lite (L1),BraTS2021_00000,29.080154,0.9649521112442017,0.12172926,0.8496,0.5150501672240803,0.5270425776754891
Uformer-lite (L1),BraTS2021_00000,28.942316,0.9636082053184509,0.1195919,0.940809968847352,0.9388029589778076,0.894134477825465
Uformer-lite (L1),BraTS2021_00000,28.960682,0.9602982997894287,0.12230409,0.9367521367521368,0.9038929440389294,0.874430709173715
Uformer-lite (L1),BraTS2021_00000,28.862873,0.9644548892974854,0.11607972,0.9605734767025089,0.9603753910323254,0.9074410163339383
Uformer-lite (L1),BraTS2021_00000,28.769749,0.9619380831718445,0.11707924,0.9673704414587332,0.9682772083943387,0.9096422073984233
Uformer-lite (L1),BraTS2021_00000,28.656422,0.9591207504272461,0.11886427,0.9546495648190564,0.9654846335697399,0.9053254437869822
Uformer-lite (L1),BraTS2021_00000,29.121592,0.9648506045341492,0.11158416,0.9688768606224628,0.9695290858725761,0.9026442307692307
Uformer-lite (L1),BraTS2021_00000,29.32513,0.962257981300354,0.11112358,0.9667832167832168,0.9767441860465116,0.9008363201911589
Uformer-lite (L1),BraTS2021_00000,29.3592,0.9665257334709167,0.10733,0.9621115368241805,0.9676848162903939,0.8792528352234823
Uformer-lite (L1),BraTS2021_00000,29.861801,0.9722755551338196,0.10190234,0.9550144449030128,0.9652476107732406,0.8714499252615845
Uformer-lite (L1),BraTS2021_00000,29.569454,0.9734792113304138,0.10143877,0.9618677042801557,0.9654605263157895,0.8971840209561232
Uformer-lite (L1),BraTS2021_00000,29.479897,0.9734666347503662,0.10045149,0.9714503235629997,0.973015873015873,0.9231692677070829
Uformer-lite (L1),BraTS2021_00000,29.532946,0.9739745259284973,0.10099944,0.9569093610698366,0.974703557312253,0.9121081745543946
Uformer-lite (L1),BraTS2021_00000,29.569065,0.9735013246536255,0.102355085,0.9573215599705666,0.9714512291831879,0.9065830721003135
Uformer-lite (L1),BraTS2021_00000,29.281029,0.9699833989143372,0.105070576,0.955386289445049,0.9589257503949447,0.91005291005291
Uformer-lite (L1),BraTS2021_00000,29.380676,0.9726725220680237,0.1011595,0.9520057306590258,0.954781912765106,0.8932275777913362
Uformer-lite (L1),BraTS2021_00000,29.62141,0.9740446209907532,0.09956733,0.9599708879184862,0.9641851106639839,0.9089783281733747
Uformer-lite (L1),BraTS2021_00000,29.695667,0.9743289351463318,0.09811072,0.9544626593806922,0.9471511147811725,0.8629776021080369
Uformer-lite (L1),BraTS2021_00000,29.826927,0.9748374223709106,0.0971222,0.9513633014001474,0.9712899312575819,0.9019346230820547
Uformer-lite (L1),BraTS2021_00000,30.00229,0.9759576320648193,0.09470792,0.9594694178334562,0.9882257409663012,0.902542372881356
Uformer-lite (L1),BraTS2021_00000,29.730839,0.9754148721694946,0.09516965,0.9748743718592965,0.98105602579605,0.8879725085910652
Uformer-lite (L1),BraTS2021_00000,29.76528,0.9732005596160889,0.09646273,0.9691245913548856,0.9728867623604466,0.8876941457586619
Uformer-lite (L1),BraTS2021_00000,29.68369,0.9725325107574463,0.096707,0.9631768953068592,0.9842551473556722,0.9067325509573811
Uformer-lite (L1),BraTS2021_00000,29.85297,0.9730100035667419,0.09600777,0.9634011090573013,0.9395348837209302,0.8832298136645963
Uformer-lite (L1),BraTS2021_00000,29.942753,0.9722740054130554,0.09735332,0.9557251908396946,0.973661852166525,0.8791208791208791
Uformer-lite (L1),BraTS2021_00000,29.904297,0.9734910726547241,0.09483157,0.9618677042801557,0.980836236933798,0.9124839124839125
Uformer-lite (L1),BraTS2021_00000,29.983969,0.9740095138549805,0.09389238,0.9756487025948104,0.967420814479638,0.8968609865470852
Uformer-lite (L1),BraTS2021_00000,30.32351,0.9752615690231323,0.092998676,0.9416884247171453,0.9696376101860921,0.9025177533892834
Uformer-lite (L1),BraTS2021_00000,30.2655,0.9745859503746033,0.09291853,0.9590274651058082,0.9587628865979382,0.9106808244846971
Uformer-lite (L1),BraTS2021_00000,29.842531,0.9768115878105164,0.092762396,0.9501915708812261,0.9261430246189918,0.8786127167630058
Uformer-lite (L1),BraTS2021_00000,29.973358,0.9747357368469238,0.09526256,0.9470899470899471,0.9400131839156229,0.8913560666137986
Uformer-lite (L1),BraTS2021_00000,30.44659,0.9767352938652039,0.09111148,0.9304500292226768,0.9286262471220261,0.8829981718464351
Uformer-lite (L1),BraTS2021_00000,30.658056,0.9790116548538208,0.08764194,0.9095853161114887,0.9484346224677717,0.9010752688172043
Uformer-lite (L1),BraTS2021_00000,31.046417,0.9806590676307678,0.084217966,0.8910728910728911,0.9502262443438914,0.9308755760368663
Uformer-lite (L1),BraTS2021_00000,31.299416,0.9837646484375,0.081311874,0.7719665271966527,0.8263665594855305,0.8263665594855305
Uformer-lite (L1),BraTS2021_00000,31.567566,0.9845717549324036,0.078204505,0.7378048780487805,0.7327327327327328,0.7327327327327328
Uformer-lite (L1),BraTS2021_00000,32.04948,0.9858612418174744,0.07616827,0.5233160621761658,0.0,0.0
Uformer-lite (L1),BraTS2021_00000,32.13064,0.9863108396530151,0.075950615,0.0,0.0,0.0
Uformer-lite (L1),BraTS2021_00002,31.65536,0.9774941802024841,0.1681313,0.0,nan,nan
Uformer-lite (L1),BraTS2021_00002,31.728117,0.976861298084259,0.16727762,0.0,nan,nan
Uformer-lite (L1),BraTS2021_00002,31.09329,0.9766324758529663,0.16419162,0.0,nan,nan
Uformer-lite (L1),BraTS2021_00002,31.25677,0.977600634098053,0.1581445,0.4709141274238227,nan,nan
Uformer-lite (L1),BraTS2021_00002,31.112478,0.9784432649612427,0.15206876,0.6227272727272727,nan,nan
Uformer-lite (L1),BraTS2021_00002,30.808764,0.9768231511116028,0.15369381,0.8329979879275654,nan,nan
Uformer-lite (L1),BraTS2021_00002,30.3422,0.974119246006012,0.15981974,0.8697183098591549,nan,nan
Uformer-lite (L1),BraTS2021_00002,30.39962,0.9736979603767395,0.15476999,0.8954081632653061,nan,nan
Uformer-lite (L1),BraTS2021_00002,29.986689,0.9725936651229858,0.1527053,0.9177288528389339,nan,nan
Uformer-lite (L1),BraTS2021_00002,30.54251,0.9747594594955444,0.1440057,0.864376130198915,nan,nan
Uformer-lite (L1),BraTS2021_00002,30.240402,0.9732038974761963,0.14430372,0.9328743545611016,nan,nan
Uformer-lite (L1),BraTS2021_00002,30.833681,0.9757002592086792,0.13322602,0.8693548387096774,nan,nan
Uformer-lite (L1),BraTS2021_00002,30.532162,0.973827064037323,0.13253868,0.935459377372817,nan,nan
Uformer-lite (L1),BraTS2021_00002,30.401106,0.9722667336463928,0.13166118,0.9379310344827586,nan,nan
Uformer-lite (L1),BraTS2021_00002,30.672619,0.9725200533866882,0.12950222,0.8989441930618401,nan,nan
Uformer-lite (L1),BraTS2021_00002,30.563992,0.973122775554657,0.12666073,0.8196981731532963,nan,nan
Uformer-lite (L1),BraTS2021_00002,30.46053,0.9706882238388062,0.13029504,0.0,nan,nan
Uformer-lite (L1),BraTS2021_00002,30.62035,0.9717760682106018,0.128664,0.4995083579154376,nan,nan
Uformer-lite (L1),BraTS2021_00002,30.273695,0.9701914191246033,0.13042156,0.5685185185185185,0.0,nan
Uformer-lite (L1),BraTS2021_00002,30.010948,0.9682788848876953,0.13380958,0.05093833780160858,nan,nan
Uformer-lite (L1),BraTS2021_00002,29.749535,0.9650559425354004,0.13557896,0.0,nan,nan
Uformer-lite (L1),BraTS2021_00002,29.489914,0.9637879729270935,0.13411291,0.0509433962264151,nan,nan
Uformer-lite (L1),BraTS2021_00002,29.786488,0.9591116905212402,0.13231795,0.6032138442521632,0.0,0.0
Uformer-lite (L1),BraTS2021_00002,30.020449,0.9636904001235962,0.12089076,0.6344435418359058,0.0,0.0
Uformer-lite (L1),BraTS2021_00002,29.88564,0.9625508189201355,0.11871753,0.6161409258500614,0.0,0.0
Uformer-lite (L1),BraTS2021_00002,30.518866,0.9645088315010071,0.11176272,0.02685284640171858,nan,nan
Uformer-lite (L1),BraTS2021_00002,30.647223,0.962782621383667,0.10945885,0.177701836821871,nan,nan
Uformer-lite (L1),BraTS2021_00002,30.528173,0.9601492881774902,0.11098781,0.03607996099463676,nan,nan
Uformer-lite (L1),BraTS2021_00002,30.615084,0.9614819884300232,0.107309796,0.29638854296388545,0.0,0.0
Uformer-lite (L1),BraTS2021_00002,30.945171,0.9619303941726685,0.10475638,0.05309734513274336,0.0,0.0
Uformer-lite (L1),BraTS2021_00002,31.125252,0.9693445563316345,0.0983804,0.24002927186242223,0.0,0.0
Uformer-lite (L1),BraTS2021_00002,31.373823,0.969323456287384,0.09660835,0.14096016343207354,0.0,0.0
Uformer-lite (L1),BraTS2021_00002,31.30402,0.9722961187362671,0.09487217,0.2467850581751378,0.0,0.0
Uformer-lite (L1),BraTS2021_00002,31.235497,0.9736571907997131,0.09244039,0.28329932964150395,0.0,0.0
Uformer-lite (L1),BraTS2021_00002,31.239967,0.9734424948692322,0.09489098,0.27871188372755773,0.0,0.0
Uformer-lite (L1),BraTS2021_00002,31.00856,0.9751100540161133,0.09311831,0.5829975825946817,0.03795966785290629,0.04341926729986431
Uformer-lite (L1),BraTS2021_00002,30.965096,0.9729379415512085,0.094000325,0.4584055459272097,0.031569173630454965,0.035595105672969966
Uformer-lite (L1),BraTS2021_00002,31.27502,0.9741041660308838,0.09252969,0.6308936673900177,0.12398042414355628,0.12609117361784675
Uformer-lite (L1),BraTS2021_00002,31.23928,0.9738280177116394,0.09265418,0.6739598278335724,0.5158124318429662,0.4294478527607362
Uformer-lite (L1),BraTS2021_00002,31.127138,0.9762760400772095,0.09142224,0.5788960405695338,0.11667810569663692,0.1421232876712329
Uformer-lite (L1),BraTS2021_00002,31.386845,0.977342963218689,0.08864548,0.5359401955146637,0.03559206023271732,0.047926267281105994
Uformer-lite (L1),BraTS2021_00002,31.299532,0.979042112827301,0.087337926,0.635523613963039,0.14104372355430184,0.20490928495197439
Uformer-lite (L1),BraTS2021_00002,31.478092,0.9802786111831665,0.084672175,0.6635802469135802,0.13333333333333333,0.21301775147928995
Uformer-lite (L1),BraTS2021_00002,31.551563,0.9813628196716309,0.08376426,0.7138441516186758,0.36146020347097546,0.4723404255319149
Uformer-lite (L1),BraTS2021_00002,31.44188,0.9809906482696533,0.08327057,0.745049504950495,0.28974358974358977,0.45560747663551404
Uformer-lite (L1),BraTS2021_00002,31.28675,0.9813072681427002,0.083580434,0.6821158690176322,0.1958904109589041,0.3629032258064516
Uformer-lite (L1),BraTS2021_00002,31.220968,0.9809075593948364,0.08410749,0.7139557901682613,0.6047717842323651,0.6694214876033058
Uformer-lite (L1),BraTS2021_00002,31.219734,0.9821032881736755,0.08241829,0.7307026652821045,0.5011494252873563,0.5913978494623656
Uformer-lite (L1),BraTS2021_00002,31.30311,0.982372522354126,0.08145876,0.7146410803127221,0.37721518987341773,0.530373831775701
Uformer-lite (L1),BraTS2021_00002,31.416922,0.9824730753898621,0.08206391,0.7191591370090356,0.34704370179948585,0.5065502183406113
Uformer-lite (L1),BraTS2021_00002,31.527975,0.9814441800117493,0.0827854,0.7711362412493269,0.7639691714836223,0.7154929577464789
Uformer-lite (L1),BraTS2021_00002,31.336782,0.9841101169586182,0.080370486,0.7627941725812477,0.3727926749509483,0.5858369098712446
Uformer-lite (L1),BraTS2021_00002,31.63307,0.9828436374664307,0.08182731,0.8247345874464519,0.5038461538461538,0.7309941520467836
Uformer-lite (L1),BraTS2021_00002,31.459047,0.9853516817092896,0.07817532,0.8220674072679345,0.2597402597402597,0.39950980392156865
Uformer-lite (L1),BraTS2021_00002,31.75624,0.9863593578338623,0.07613598,0.8506616257088847,0.3255109765329296,0.4437367303609342
Uformer-lite (L1),BraTS2021_00002,31.92757,0.9865130186080933,0.07564402,0.8286189683860233,0.3060200668896321,0.39433551198257083
Uformer-lite (L1),BraTS2021_00002,31.987194,0.9873381853103638,0.07365306,0.8243163486130238,0.5448768864177919,0.5794573643410853
Uformer-lite (L1),BraTS2021_00002,32.42096,0.9871079921722412,0.072825216,0.8218763510592304,0.5714285714285714,0.6391534391534391
Uformer-lite (L1),BraTS2021_00002,32.442787,0.9884229898452759,0.07129488,0.8662074723439783,0.46435845213849286,0.5551425030978935
Uformer-lite (L1),BraTS2021_00002,32.822052,0.9883978366851807,0.07053452,0.8971807628524047,0.6851485148514852,0.7471526195899773
Uformer-lite (L1),BraTS2021_00002,32.6566,0.9894124269485474,0.06976914,0.8934494195688225,0.5668316831683168,0.6084583901773534
Uformer-lite (L1),BraTS2021_00002,32.80708,0.9884592890739441,0.071093865,0.9104,0.8772678762006404,0.8516746411483254
Uformer-lite (L1),BraTS2021_00002,32.727882,0.9887863993644714,0.07026043,0.9352234691868478,0.8300395256916996,0.7982832618025751
Uformer-lite (L1),BraTS2021_00002,32.66398,0.9878307580947876,0.07169721,0.9295207410390657,0.8563134978229318,0.8224
Uformer-lite (L1),BraTS2021_00002,32.679512,0.9883639812469482,0.0710168,0.9568999604586793,0.8452579034941764,0.8129496402877698
Uformer-lite (L1),BraTS2021_00002,32.69227,0.9862337708473206,0.07331203,0.9633616228524116,0.8226120857699805,0.8098159509202454
Uformer-lite (L1),BraTS2021_00002,32.766586,0.9874800443649292,0.07242343,0.9680250783699059,0.7002398081534772,0.7088607594936709
Uformer-lite (L1),BraTS2021_00002,32.523384,0.9845567345619202,0.0764543,0.9607451763140386,0.7009063444108762,0.7077922077922078
Uformer-lite (L1),BraTS2021_00002,32.675884,0.984771192073822,0.07524975,0.9686690223792698,0.6920152091254753,0.7096774193548387
Uformer-lite (L1),BraTS2021_00002,32.112537,0.9803372621536255,0.08224962,0.9625157232704402,0.7093023255813954,0.7017543859649122
Uformer-lite (L1),BraTS2021_00002,32.218925,0.9834171533584595,0.08046896,0.9673971138428648,0.1791044776119403,0.1791044776119403
Uformer-lite (L1),BraTS2021_00002,32.108692,0.9824763536453247,0.082101904,0.9661117717003567,0.0,0.0
Uformer-lite (L1),BraTS2021_00002,31.762304,0.9802199006080627,0.085944034,0.970664928292047,nan,nan
Uformer-lite (L1),BraTS2021_00002,31.866524,0.980499804019928,0.08550802,0.9782135076252724,nan,nan
Uformer-lite (L1),BraTS2021_00002,31.500654,0.9801173210144043,0.08923462,0.9731012658227848,nan,nan
Uformer-lite (L1),BraTS2021_00002,31.696682,0.979343056678772,0.09077768,0.9636285836542576,nan,nan
Uformer-lite (L1),BraTS2021_00002,31.244907,0.9782114624977112,0.092836775,0.9658203125,nan,nan
Uformer-lite (L1),BraTS2021_00002,31.088753,0.9755446314811707,0.09743077,0.9558011049723757,nan,nan
Uformer-lite (L1),BraTS2021_00002,31.035358,0.976878821849823,0.09803581,0.9605177993527508,nan,nan
Uformer-lite (L1),BraTS2021_00002,30.513454,0.9711198210716248,0.107851215,0.9500891265597148,nan,nan
Uformer-lite (L1),BraTS2021_00002,30.420025,0.9732055068016052,0.10794594,0.9018789144050104,nan,nan
Uformer-lite (L1),BraTS2021_00002,30.780983,0.9743713736534119,0.106316045,0.9423076923076923,nan,nan
Uformer-lite (L1),BraTS2021_00002,30.381277,0.9709075689315796,0.11485176,0.8738229755178908,nan,nan
Uformer-lite (L1),BraTS2021_00002,30.405197,0.9706630706787109,0.114243425,0.9117647058823529,nan,nan
Uformer-lite (L1),BraTS2021_00003,32.786247,0.9782342314720154,0.092831664,0.0,0.0,0.0
Uformer-lite (L1),BraTS2021_00003,32.60452,0.9778671264648438,0.09366962,0.0,0.0,0.0
Uformer-lite (L1),BraTS2021_00003,32.580807,0.9796473979949951,0.09178701,0.744954128440367,0.7599243856332704,0.7599243856332704
Uformer-lite (L1),BraTS2021_00003,32.70119,0.9815593957901001,0.087476574,0.8683274021352313,0.87146529562982,0.8656330749354005
Uformer-lite (L1),BraTS2021_00003,32.729202,0.9818402528762817,0.087713696,0.9066918001885014,0.9181721572794899,0.856156501726122
Uformer-lite (L1),BraTS2021_00003,32.960396,0.9830695390701294,0.08412274,0.9329268292682927,0.93909973521624,0.88016967126193
Uformer-lite (L1),BraTS2021_00003,32.823612,0.9824068546295166,0.084274516,0.9090909090909091,0.8824476650563607,0.7873855544252288
Uformer-lite (L1),BraTS2021_00003,33.16214,0.9820731282234192,0.08303481,0.9151436031331592,0.8943206326383897,0.8132075471698114
Uformer-lite (L1),BraTS2021_00003,33.396114,0.9828128218650818,0.08153023,0.9571759259259259,0.9402697495183044,0.8664259927797834
Uformer-lite (L1),BraTS2021_00003,33.40744,0.9833309650421143,0.07868727,0.9176706827309237,0.9590909090909091,0.8640864086408641
Uformer-lite (L1),BraTS2021_00003,33.348553,0.9832335710525513,0.080720365,0.9473684210526315,0.9595800524934384,0.8498727735368957
Uformer-lite (L1),BraTS2021_00003,33.77373,0.9836437702178955,0.078078546,0.944121915820029,0.9696366351418616,0.8690476190476191
Uformer-lite (L1),BraTS2021_00003,33.79858,0.9852913022041321,0.073648565,0.9529860228716646,0.9760994263862333,0.886052871467639
Uformer-lite (L1),BraTS2021_00003,33.97629,0.9853014945983887,0.07511552,0.9618096357226792,0.9589285714285715,0.8611599297012302
Uformer-lite (L1),BraTS2021_00003,33.774986,0.9842613339424133,0.07488188,0.983212087297146,0.9626411815812337,0.8771300448430494
Uformer-lite (L1),BraTS2021_00003,33.77011,0.9856142997741699,0.07341394,0.9711437565582371,0.9606365159128978,0.8525469168900804
Uformer-lite (L1),BraTS2021_00003,33.387512,0.9853832125663757,0.07425599,0.9729866195405201,0.966348151225592,0.8344497607655502
Uformer-lite (L1),BraTS2021_00003,33.48019,0.9853417277336121,0.0749249,0.9744346116027532,0.9474930911962101,0.8014247551202137
Uformer-lite (L1),BraTS2021_00003,33.31677,0.9853721261024475,0.07520507,0.9806669888835186,0.9655990510083037,0.8280961182994455
Uformer-lite (L1),BraTS2021_00003,33.338577,0.9845885038375854,0.07599289,0.9728971962616823,0.9378531073446328,0.7834179357021996
Uformer-lite (L1),BraTS2021_00003,33.420963,0.9849035143852234,0.07689832,0.9704387990762124,0.9447004608294931,0.7909407665505227
Uformer-lite (L1),BraTS2021_00003,33.09219,0.9846281409263611,0.076613635,0.9686520376175548,0.9285714285714286,0.7783094098883573
Uformer-lite (L1),BraTS2021_00003,32.664997,0.9845539331436157,0.079648286,0.9723805348531346,0.9410007468259896,0.7981293842556508
Uformer-lite (L1),BraTS2021_00003,32.838493,0.9857561588287354,0.07737983,0.9680759275237274,0.9388054232319532,0.8231841526045488
Uformer-lite (L1),BraTS2021_00003,32.72047,0.9867563247680664,0.07677659,0.9821840285055544,0.9586656997824511,0.8757984386089425
Uformer-lite (L1),BraTS2021_00003,32.970364,0.9859583377838135,0.07622113,0.9867494824016563,0.9761560693641619,0.9019886363636364
Uformer-lite (L1),BraTS2021_00003,32.968822,0.9869685173034668,0.0756533,0.9777955591118224,0.9751351351351352,0.9015256588072122
Uformer-lite (L1),BraTS2021_00003,32.757954,0.9845534563064575,0.07848615,0.9795754905887064,0.9674826452320059,0.8862190812720848
Uformer-lite (L1),BraTS2021_00003,32.8609,0.9853544235229492,0.07788615,0.9795275590551181,0.9738874586244943,0.8969283276450511
Uformer-lite (L1),BraTS2021_00003,32.976685,0.9870482683181763,0.076645955,0.9819522608189404,0.9621864470235867,0.8636363636363636
Uformer-lite (L1),BraTS2021_00003,32.821278,0.9859641790390015,0.078158915,0.977022591233829,0.9483495145631068,0.8476380572188955
Uformer-lite (L1),BraTS2021_00003,32.419,0.9860669374465942,0.07956492,0.9808251016850669,0.9750102417042196,0.8853092783505154
Uformer-lite (L1),BraTS2021_00003,32.44479,0.9860489964485168,0.0796539,0.9785507246376811,0.9742470536883457,0.888095238095238
Uformer-lite (L1),BraTS2021_00003,32.625546,0.986244797706604,0.07933728,0.9839655846695347,0.9714811407543699,0.9035294117647059
Uformer-lite (L1),BraTS2021_00003,32.304764,0.984915018081665,0.08261102,0.9845913789740589,0.9624505928853755,0.9037037037037037
Uformer-lite (L1),BraTS2021_00003,32.36781,0.9861319065093994,0.08249499,0.9816023738872404,0.954817637452368,0.8990578734858681
Uformer-lite (L1),BraTS2021_00003,32.20536,0.9828797578811646,0.08820084,0.9792429792429792,0.9547563805104409,0.9097174362508614
Uformer-lite (L1),BraTS2021_00003,31.991776,0.984125018119812,0.08750063,0.9757322175732217,0.9537275064267352,0.9072164948453608
Uformer-lite (L1),BraTS2021_00003,31.87523,0.984284520149231,0.08789715,0.97131931166348,0.9504814305364512,0.9190439475713185
Uformer-lite (L1),BraTS2021_00003,31.821596,0.9819782972335815,0.09096592,0.9674295774647887,0.9577039274924471,0.9310624493106245
Uformer-lite (L1),BraTS2021_00003,31.687965,0.9818787574768066,0.09361051,0.9720823798627002,0.9037580201649863,0.8999028182701652
Uformer-lite (L1),BraTS2021_00003,31.341011,0.9828283786773682,0.09548174,0.9721964782205746,0.8668796592119276,0.8668796592119276
Uformer-lite (L1),BraTS2021_00003,30.93972,0.9819290637969971,0.09915291,0.9741031123782371,0.9199457259158752,0.9199457259158752
Uformer-lite (L1),BraTS2021_00003,30.473593,0.9785042405128479,0.10803202,0.9681087762669963,0.874806800618238,0.874806800618238
Uformer-lite (L1),BraTS2021_00003,30.385237,0.9753146171569824,0.11430288,0.9593147751605996,0.888421052631579,0.888421052631579
Uformer-lite (L1),BraTS2021_00003,30.364754,0.9781543612480164,0.11415523,0.9533445756042721,0.8454258675078864,0.8454258675078864
Uformer-lite (L1),BraTS2021_00003,30.527699,0.9807949066162109,0.11177509,0.9153405474220242,0.0,0.0
Uformer-lite (L1),BraTS2021_00003,30.19618,0.97901451587677,0.119840026,0.9197178367484045,0.0,0.0
Uformer-lite (L1),BraTS2021_00003,30.368526,0.9811357855796814,0.117545605,0.9406896551724138,nan,nan
Uformer-lite (L1),BraTS2021_00003,30.09546,0.9806115031242371,0.122909315,0.9542302357836339,nan,nan
Uformer-lite (L1),BraTS2021_00003,29.998474,0.981869101524353,0.12610108,0.9590443686006825,nan,nan
Uformer-lite (L1),BraTS2021_00003,29.913633,0.9808191061019897,0.13301083,0.9489795918367347,nan,nan
Uformer-lite (L1),BraTS2021_00003,30.070066,0.9808558821678162,0.13934968,0.9446435682994823,nan,nan
Uformer-lite (L1),BraTS2021_00003,29.922607,0.9795624017715454,0.14951986,0.954367666232073,nan,nan
Uformer-lite (L1),BraTS2021_00003,29.75641,0.9795743823051453,0.15673253,0.9646726330664155,nan,nan
Uformer-lite (L1),BraTS2021_00003,29.73179,0.9769094586372375,0.17430243,0.9565217391304348,nan,nan
Uformer-lite (L1),BraTS2021_00003,29.911528,0.9750936627388,0.19065644,0.942683749157114,nan,nan
Uformer-lite (L1),BraTS2021_00003,30.334923,0.9724611639976501,0.21050625,0.8692493946731235,nan,nan
Uformer-lite (L1),BraTS2021_00008,28.91898,0.962308406829834,0.12066168,0.0,nan,nan
Uformer-lite (L1),BraTS2021_00008,29.285261,0.9657884240150452,0.11706848,0.14893617021276595,nan,nan
Uformer-lite (L1),BraTS2021_00008,29.066772,0.9631556272506714,0.11727376,0.7034883720930233,nan,nan
Uformer-lite (L1),BraTS2021_00008,29.45662,0.9661446809768677,0.11362139,0.8577405857740585,nan,nan
Uformer-lite (L1),BraTS2021_00008,29.232483,0.966262936592102,0.11459107,0.7426326129666012,nan,nan
Uformer-lite (L1),BraTS2021_00008,28.843182,0.9610116481781006,0.117726535,0.7132616487455197,nan,nan
Uformer-lite (L1),BraTS2021_00008,29.197386,0.9629495143890381,0.112320624,0.8895184135977338,nan,nan
Uformer-lite (L1),BraTS2021_00008,29.392403,0.964134156703949,0.11085151,0.9204693611473272,nan,nan
Uformer-lite (L1),BraTS2021_00008,29.456745,0.9652626514434814,0.108680055,0.9634864546525324,nan,nan
Uformer-lite (L1),BraTS2021_00008,29.49862,0.9624649286270142,0.10918118,0.9666283084004603,nan,nan
Uformer-lite (L1),BraTS2021_00008,29.737013,0.9621794819831848,0.10874592,0.9551569506726457,nan,nan
Uformer-lite (L1),BraTS2021_00008,30.103535,0.9647762775421143,0.104393415,0.9468926553672317,0.0,0.0
Uformer-lite (L1),BraTS2021_00008,30.379986,0.9693616032600403,0.100002415,0.9689174705251876,0.0,0.0
Uformer-lite (L1),BraTS2021_00008,30.229166,0.9693185091018677,0.0998991,0.96,0.0,0.0
Uformer-lite (L1),BraTS2021_00008,30.435081,0.969376802444458,0.099396564,0.9606625258799172,0.0,0.0
Uformer-lite (L1),BraTS2021_00008,30.221264,0.969662070274353,0.09869646,0.959915611814346,nan,nan
Uformer-lite (L1),BraTS2021_00008,30.581192,0.9718987941741943,0.09619036,0.9580712788259959,nan,nan
Uformer-lite (L1),BraTS2021_00008,30.45849,0.9676399827003479,0.09903671,0.9498399146211313,nan,nan
Uformer-lite (L1),BraTS2021_00008,30.541506,0.9700917601585388,0.09647784,0.9235807860262009,nan,nan
Uformer-lite (L1),BraTS2021_00008,30.65484,0.9707205295562744,0.09426309,0.9472527472527472,nan,nan
Uformer-lite (L1),BraTS2021_00008,30.63674,0.9675434827804565,0.09723358,0.9213732004429679,nan,nan
Uformer-lite (L1),BraTS2021_00008,30.79421,0.9667309522628784,0.09611758,0.9527027027027027,nan,nan
Uformer-lite (L1),BraTS2021_00008,30.789883,0.9625175595283508,0.0976119,0.962874251497006,nan,nan
Uformer-lite (L1),BraTS2021_00008,30.593552,0.9620733857154846,0.09776623,0.9485861182519281,nan,nan
Uformer-lite (L1),BraTS2021_00008,30.724731,0.9672545194625854,0.09569784,0.9009497964721845,nan,nan
Uformer-lite (L1),BraTS2021_00008,30.82453,0.9660751223564148,0.09500503,0.8413793103448276,nan,nan
Uformer-lite (L1),BraTS2021_00008,31.120205,0.9691441059112549,0.092971146,0.7492625368731564,nan,nan
Uformer-lite (L1),BraTS2021_00008,31.047564,0.9692689776420593,0.09268541,0.7173553719008264,nan,nan
Uformer-lite (L1),BraTS2021_00008,30.908466,0.9683589339256287,0.09405721,0.772093023255814,nan,nan
Uformer-lite (L1),BraTS2021_00008,31.026245,0.9741343259811401,0.09053801,0.6396761133603239,nan,nan
Uformer-lite (L1),BraTS2021_00008,31.072144,0.9733351469039917,0.090129286,0.6595174262734584,nan,nan
Uformer-lite (L1),BraTS2021_00008,31.106646,0.9738826155662537,0.08926084,0.8944099378881988,nan,nan
Uformer-lite (L1),BraTS2021_00009,28.29157,0.9696592092514038,0.11158483,nan,nan,nan
Uformer-lite (L1),BraTS2021_00009,28.361492,0.9708525538444519,0.11101253,nan,nan,nan
Uformer-lite (L1),BraTS2021_00009,28.496368,0.9720483422279358,0.10945922,nan,nan,nan
Uformer-lite (L1),BraTS2021_00009,28.510967,0.9719201326370239,0.108674094,nan,nan,nan
Uformer-lite (L1),BraTS2021_00009,28.649265,0.9726312160491943,0.10853627,nan,nan,nan
Uformer-lite (L1),BraTS2021_00009,28.685116,0.9717230200767517,0.10922238,nan,nan,nan
Uformer-lite (L1),BraTS2021_00009,28.814404,0.9713705778121948,0.10968542,nan,nan,nan
Uformer-lite (L1),BraTS2021_00009,28.513863,0.9710440039634705,0.10963461,nan,nan,nan
Uformer-lite (L1),BraTS2021_00009,28.545269,0.9719606637954712,0.10963346,nan,nan,nan
Uformer-lite (L1),BraTS2021_00009,28.431501,0.9741663336753845,0.10697308,nan,nan,nan
Uformer-lite (L1),BraTS2021_00009,28.784933,0.9727984666824341,0.10743131,0.0,0.0,0.0
Uformer-lite (L1),BraTS2021_00009,28.794796,0.9732561111450195,0.1070769,nan,nan,nan
Uformer-lite (L1),BraTS2021_00009,28.461624,0.9744169116020203,0.105439484,nan,nan,nan
Uformer-lite (L1),BraTS2021_00009,28.881872,0.9744336009025574,0.10373538,nan,nan,nan
Uformer-lite (L1),BraTS2021_00009,28.527779,0.9714677333831787,0.10908908,nan,nan,nan
Uformer-lite (L1),BraTS2021_00009,28.576824,0.9722197651863098,0.107418865,nan,nan,nan
Uformer-lite (L1),BraTS2021_00009,28.644037,0.9739522337913513,0.10625937,0.0,nan,nan
Uformer-lite (L1),BraTS2021_00009,28.790977,0.9747924208641052,0.10430716,0.0,nan,nan
Uformer-lite (L1),BraTS2021_00009,28.45193,0.9725228548049927,0.10702455,0.0,nan,nan
Uformer-lite (L1),BraTS2021_00009,28.52053,0.9728096723556519,0.10640378,nan,nan,nan
Uformer-lite (L1),BraTS2021_00009,28.648361,0.9721099734306335,0.1077997,nan,nan,nan
Uformer-lite (L1),BraTS2021_00009,28.611725,0.9744658470153809,0.10410636,nan,nan,nan
Uformer-lite (L1),BraTS2021_00009,28.969254,0.9771947264671326,0.09975748,nan,nan,nan
Uformer-lite (L1),BraTS2021_00009,28.865564,0.9762022495269775,0.10242635,nan,nan,nan
Uformer-lite (L1),BraTS2021_00009,28.950344,0.9753628969192505,0.10170401,nan,nan,nan
Uformer-lite (L1),BraTS2021_00009,29.32674,0.9792466759681702,0.09614459,0.0,nan,nan
Uformer-lite (L1),BraTS2021_00009,29.743649,0.9811581373214722,0.091945514,0.0,nan,nan
Uformer-lite (L1),BraTS2021_00009,29.672659,0.9800161123275757,0.09247813,0.0,nan,nan
Uformer-lite (L1),BraTS2021_00009,29.512156,0.9801955223083496,0.09154188,0.6134453781512605,nan,nan
Uformer-lite (L1),BraTS2021_00009,29.39844,0.9787922501564026,0.09524509,0.76875,nan,nan
Uformer-lite (L1),BraTS2021_00009,29.60859,0.9802670478820801,0.0911208,0.6136363636363636,nan,nan
Uformer-lite (L1),BraTS2021_00009,29.55769,0.9783410429954529,0.09385874,0.0,nan,nan
Uformer-lite (L1),BraTS2021_00009,29.406626,0.9771044850349426,0.09492094,0.770293609671848,nan,nan
Uformer-lite (L1),BraTS2021_00009,29.855179,0.9793406128883362,0.0926198,0.6556291390728477,nan,nan
Uformer-lite (L1),BraTS2021_00009,29.714754,0.9811722636222839,0.08936402,0.7836734693877551,nan,nan
Uformer-lite (L1),BraTS2021_00009,29.224735,0.9789605736732483,0.094282284,0.8802588996763754,nan,nan
Uformer-lite (L1),BraTS2021_00009,29.282167,0.9794765114784241,0.0924994,0.88671875,nan,nan
Uformer-lite (L1),BraTS2021_00009,29.184704,0.9777620434761047,0.09488471,0.9001782531194296,nan,nan
Uformer-lite (L1),BraTS2021_00009,29.234383,0.9783434271812439,0.09607443,0.9471153846153846,0.0,0.0
Uformer-lite (L1),BraTS2021_00009,29.160357,0.9793720841407776,0.09454888,0.9579188982402448,0.8157894736842105,0.8157894736842105
Uformer-lite (L1),BraTS2021_00009,28.944126,0.9768803715705872,0.097885236,0.9257232212666145,0.8785046728971962,0.8785046728971962
Uformer-lite (L1),BraTS2021_00009,28.716135,0.9748381972312927,0.10223683,0.9611940298507463,0.8979591836734694,0.851063829787234
Uformer-lite (L1),BraTS2021_00009,28.258257,0.9740081429481506,0.10491094,0.9567198177676538,0.9204152249134948,0.8226415094339623
Uformer-lite (L1),BraTS2021_00009,28.0141,0.972452700138092,0.10701892,0.9544401544401544,0.8827586206896552,0.8063241106719368
Uformer-lite (L1),BraTS2021_00009,27.677692,0.9699868559837341,0.1135998,0.9665369649805448,0.8862275449101796,0.7804878048780488
Uformer-lite (L1),BraTS2021_00009,27.85796,0.9672159552574158,0.11714116,0.9520714865962632,0.7246376811594203,0.7407407407407407
Uformer-lite (L1),BraTS2021_00009,27.902277,0.9673705697059631,0.117049865,0.948073701842546,0.6778523489932886,0.5814977973568282
Uformer-lite (L1),BraTS2021_00009,27.669394,0.9683576822280884,0.11687356,0.9281277728482697,0.8817891373801917,0.7747035573122529
Uformer-lite (L1),BraTS2021_00009,27.165833,0.9672495126724243,0.12108847,0.951061865189289,0.9240506329113924,0.7453874538745388
Uformer-lite (L1),BraTS2021_00009,27.66787,0.9666393399238586,0.12221558,0.8995726495726496,0.9169675090252708,0.8047808764940239
Uformer-lite (L1),BraTS2021_00009,27.374714,0.9644765257835388,0.12421038,0.8880866425992779,0.9142857142857143,0.8878048780487805
Uformer-lite (L1),BraTS2021_00009,27.061882,0.9652612805366516,0.12805715,0.9411764705882353,0.746268656716418,0.746268656716418
Uformer-lite (L1),BraTS2021_00009,27.249739,0.9655531048774719,0.12802906,0.9201183431952663,0.0,0.0
Uformer-lite (L1),BraTS2021_00009,26.93052,0.9649423360824585,0.13117094,0.8966789667896679,0.0,0.0
Uformer-lite (L1),BraTS2021_00009,26.966246,0.9661644697189331,0.13317099,0.7586206896551724,nan,nan
Uformer-lite (L1),BraTS2021_00009,26.811102,0.9671137928962708,0.1354915,0.828169014084507,nan,nan
Uformer-lite (L1),BraTS2021_00014,31.219063,0.9811198115348816,0.16427213,0.0,nan,nan
Uformer-lite (L1),BraTS2021_00014,31.081375,0.9827817678451538,0.15386711,0.18666666666666668,nan,nan
Uformer-lite (L1),BraTS2021_00014,30.866951,0.982231080532074,0.1535182,0.0,nan,nan
Uformer-lite (L1),BraTS2021_00014,30.649426,0.9831323027610779,0.14748475,0.019801980198019802,nan,nan
Uformer-lite (L1),BraTS2021_00014,30.566223,0.9830731749534607,0.14593412,0.017094017094017096,nan,nan
Uformer-lite (L1),BraTS2021_00014,30.702942,0.982703685760498,0.14426374,0.0,nan,nan
Uformer-lite (L1),BraTS2021_00014,30.311794,0.9827367067337036,0.1437377,0.06736842105263158,nan,nan
Uformer-lite (L1),BraTS2021_00014,30.254875,0.982205331325531,0.14448921,0.5182829888712241,nan,nan
Uformer-lite (L1),BraTS2021_00014,30.426632,0.983193576335907,0.13810174,0.5660847880299252,0.0,0.0
Uformer-lite (L1),BraTS2021_00014,29.799395,0.9818930625915527,0.14214492,0.6559139784946236,0.0,0.0
Uformer-lite (L1),BraTS2021_00014,29.10656,0.9786006808280945,0.14895695,0.45681818181818185,0.0,0.0
Uformer-lite (L1),BraTS2021_00014,28.852547,0.9769232869148254,0.15055116,0.8183980967486122,0.0,0.0
Uformer-lite (L1),BraTS2021_00014,28.948357,0.976657509803772,0.14261863,0.7636932707355243,0.0,0.0
Uformer-lite (L1),BraTS2021_00014,28.597275,0.9744582176208496,0.1428305,0.858242463117383,0.5964912280701754,0.5964912280701754
Uformer-lite (L1),BraTS2021_00014,28.90918,0.9744627475738525,0.13526252,0.8619102416570771,0.0,0.0
Uformer-lite (L1),BraTS2021_00014,28.3816,0.9731409549713135,0.13428496,0.8915272531030761,0.3188405797101449,0.3188405797101449
Uformer-lite (L1),BraTS2021_00014,28.520077,0.9711835980415344,0.13248974,0.8795811518324608,0.0,0.0
Uformer-lite (L1),BraTS2021_00014,28.640244,0.9696998596191406,0.12796101,0.8211991434689507,0.0,0.0
Uformer-lite (L1),BraTS2021_00014,28.779095,0.9707057476043701,0.12191746,0.6666666666666666,0.1073170731707317,0.1073170731707317
Uformer-lite (L1),BraTS2021_00014,28.756046,0.9718018770217896,0.117280684,0.8155737704918032,0.25327510917030566,0.25327510917030566
Uformer-lite (L1),BraTS2021_00014,28.70923,0.9682039022445679,0.11849293,0.6205714285714286,0.0,0.0
Uformer-lite (L1),BraTS2021_00014,28.752548,0.9713329672813416,0.11294064,0.8605179463880055,0.03,0.03015075376884422
Uformer-lite (L1),BraTS2021_00014,29.023346,0.9696741700172424,0.11298786,0.8275245755138516,0.4473684210526316,0.4473684210526316
Uformer-lite (L1),BraTS2021_00014,28.83956,0.9669701457023621,0.11195506,0.6560159760359461,0.6048387096774194,0.6048387096774194
Uformer-lite (L1),BraTS2021_00014,29.285583,0.9695305228233337,0.10565881,0.5636264336428182,0.48826291079812206,0.48826291079812206
Uformer-lite (L1),BraTS2021_00014,29.26365,0.9661492109298706,0.10692744,0.5056433408577878,0.21428571428571427,0.21428571428571427
Uformer-lite (L1),BraTS2021_00014,29.408058,0.9687129855155945,0.103425026,0.5297718419588202,0.5638297872340425,0.5638297872340425
Uformer-lite (L1),BraTS2021_00014,29.254301,0.9691831469535828,0.10263189,0.5834666666666667,0.13043478260869565,0.13043478260869565
Uformer-lite (L1),BraTS2021_00014,29.553186,0.9667743444442749,0.102936395,0.357188093730209,0.0,0.0
Uformer-lite (L1),BraTS2021_00014,29.55798,0.970086932182312,0.09909863,0.38994481912936846,0.0,0.0
Uformer-lite (L1),BraTS2021_00014,29.538559,0.9682716727256775,0.10102316,0.6347427407030056,0.8181818181818182,0.8181818181818182
Uformer-lite (L1),BraTS2021_00014,29.287086,0.9695385694503784,0.1006589,0.6448692152917505,0.0,0.0
Uformer-lite (L1),BraTS2021_00014,29.363298,0.9721201658248901,0.09822095,0.6253807106598985,0.0,0.0
Uformer-lite (L1),BraTS2021_00014,29.59096,0.9746320247650146,0.09638076,0.7344794651384909,nan,nan
Uformer-lite (L1),BraTS2021_00014,29.639349,0.9743973016738892,0.09689935,0.8299445471349353,nan,nan
Uformer-lite (L1),BraTS2021_00014,29.409618,0.9738270044326782,0.09795922,0.6376119402985074,nan,nan
Uformer-lite (L1),BraTS2021_00014,29.654018,0.9718376398086548,0.100500576,0.6547085201793722,nan,nan
Uformer-lite (L1),BraTS2021_00014,29.514235,0.9743278622627258,0.09693715,0.6938435940099834,nan,nan
Uformer-lite (L1),BraTS2021_00014,29.59621,0.9749250411987305,0.098299876,0.7763546798029557,nan,nan
Uformer-lite (L1),BraTS2021_00014,29.774206,0.9786868691444397,0.09356268,0.7417380660954712,nan,nan
Uformer-lite (L1),BraTS2021_00014,29.842299,0.9788945317268372,0.09251909,0.20833333333333334,nan,nan
Uformer-lite (L1),BraTS2021_00014,29.93,0.9788340330123901,0.090976074,0.39274924471299094,nan,nan
Uformer-lite (L1),BraTS2021_00014,30.114567,0.9786797761917114,0.09209351,0.288,nan,nan
Uformer-lite (L1),BraTS2021_00018,30.684689,0.9764549732208252,0.09442754,0.47058823529411764,nan,nan
Uformer-lite (L1),BraTS2021_00018,31.045732,0.977154552936554,0.09323936,0.8404494382022472,nan,nan
Uformer-lite (L1),BraTS2021_00018,31.168785,0.9795690774917603,0.08799138,0.8690763052208835,nan,nan
Uformer-lite (L1),BraTS2021_00018,30.856884,0.9791651964187622,0.08934031,0.8911605532170775,0.0,0.0
Uformer-lite (L1),BraTS2021_00018,31.068003,0.9794495105743408,0.08883103,0.8775012201073694,0.0,0.0
Uformer-lite (L1),BraTS2021_00018,30.908558,0.9824436902999878,0.08445015,0.9449068569163694,0.0,0.0
Uformer-lite (L1),BraTS2021_00018,31.442696,0.9850592613220215,0.07979717,0.9169014084507042,0.0,0.0
Uformer-lite (L1),BraTS2021_00018,31.698772,0.9851899743080139,0.07833646,0.9383394383394383,0.0,0.0
Uformer-lite (L1),BraTS2021_00018,31.65554,0.9871490001678467,0.07510814,0.9635445877734156,0.0,0.0
Uformer-lite (L1),BraTS2021_00018,31.459139,0.9871841669082642,0.075997,0.9334438000552333,0.0,0.0
Uformer-lite (L1),BraTS2021_00018,31.491167,0.9879757761955261,0.075035036,0.9074171488690163,0.0,0.0
Uformer-lite (L1),BraTS2021_00018,31.314985,0.9873343706130981,0.07584889,0.9210590235608452,0.0,0.0
Uformer-lite (L1),BraTS2021_00018,31.261482,0.987708568572998,0.075058445,0.9259007477906186,0.11611611611611612,0.12513484358144553
Uformer-lite (L1),BraTS2021_00018,30.893024,0.9885200262069702,0.07526488,0.9491668424383042,0.26308724832214764,0.3002309468822171
Uformer-lite (L1),BraTS2021_00018,30.854979,0.987976610660553,0.07732274,0.9323121506934382,0.3546099290780142,0.40816326530612246
Uformer-lite (L1),BraTS2021_00018,31.04867,0.9880629181861877,0.07697023,0.9179455698792716,0.3442879499217527,0.3830528148578062
Uformer-lite (L1),BraTS2021_00018,31.039185,0.9881807565689087,0.07684311,0.9187898089171974,0.418646346929628,0.48632926119837117
Uformer-lite (L1),BraTS2021_00018,30.976954,0.9876722097396851,0.0785036,0.9305101058710299,0.7073416024136775,0.577976523197317
Uformer-lite (L1),BraTS2021_00018,30.82787,0.9884761571884155,0.077320196,0.9454545454545454,0.7541191381495564,0.454661558109834
Uformer-lite (L1),BraTS2021_00018,30.682076,0.9889687299728394,0.07616071,0.8765367965367965,0.4930817610062893,0.26650062266500624
Uformer-lite (L1),BraTS2021_00018,30.816986,0.9886937737464905,0.07638886,0.894746476295076,0.5008671522719389,0.1884498480243161
Uformer-lite (L1),BraTS2021_00018,30.625668,0.9883540272712708,0.0770527,0.9141155055436042,0.588477366255144,0.2650334075723831
Uformer-lite (L1),BraTS2021_00018,30.56469,0.987424910068512,0.07852656,0.8911599386816556,0.48621553884711777,0.333843797856049
Uformer-lite (L1),BraTS2021_00018,30.306606,0.9873188138008118,0.078970276,0.9113119143239625,0.5024570024570024,0.2769070010449321
Uformer-lite (L1),BraTS2021_00018,30.406218,0.9863077998161316,0.081814155,0.9224283305227656,0.42758620689655175,0.2547993019197208
Uformer-lite (L1),BraTS2021_00018,30.401428,0.9863445162773132,0.0813499,0.8344852673699527,0.35025210084033614,0.12557603686635946
Uformer-lite (L1),BraTS2021_00018,30.329382,0.9857106804847717,0.08123159,0.9186360567184335,0.5842572062084257,0.37593984962406013
Uformer-lite (L1),BraTS2021_00018,30.445,0.9849112629890442,0.081442654,0.9298744769874477,0.6079246328622887,0.3600590260698475
Uformer-lite (L1),BraTS2021_00018,30.806189,0.9855480194091797,0.079914324,0.8711221414642794,0.4988038277511962,0.28027498677948176
Uformer-lite (L1),BraTS2021_00018,31.237091,0.984477698802948,0.07904901,0.8858447488584474,0.5657465123181953,0.3773784355179704
Uformer-lite (L1),BraTS2021_00018,30.701092,0.9847530722618103,0.07918853,0.9070619006102877,0.4781123874573114,0.30760986066452306
Uformer-lite (L1),BraTS2021_00018,31.035332,0.9833098649978638,0.079465516,0.9554331497245869,0.5316380839739799,0.3605371900826446
Uformer-lite (L1),BraTS2021_00018,30.937912,0.9836899042129517,0.07898461,0.9507867425510546,0.5349105597230237,0.3126050420168067
Uformer-lite (L1),BraTS2021_00018,31.074505,0.9850963950157166,0.07725778,0.9413153456998313,0.4826336454243431,0.4085155350978136
Uformer-lite (L1),BraTS2021_00018,31.160069,0.9841963052749634,0.078955054,0.936047497879559,0.39727361246348586,0.300475866757308
Uformer-lite (L1),BraTS2021_00018,30.930365,0.9837247729301453,0.078124315,0.943256440478195,0.3839228295819936,0.31347962382445144
Uformer-lite (L1),BraTS2021_00018,31.207111,0.985501766204834,0.076035336,0.9712586719524281,0.40426908150064683,0.4149821640903686
Uformer-lite (L1),BraTS2021_00018,31.35902,0.9853975772857666,0.075856395,0.9584740040513167,0.15494546822113575,0.25657472738935216
Uformer-lite (L1),BraTS2021_00018,30.982512,0.9845873117446899,0.07789129,0.9626104690686608,0.1811952797868291,0.2956746287927695
Uformer-lite (L1),BraTS2021_00018,31.169353,0.9842419028282166,0.07912625,0.9349465193757671,0.18011695906432748,0.26506024096385544
Uformer-lite (L1),BraTS2021_00018,31.102325,0.9851981997489929,0.078441404,0.940947666195191,0.18575364029909486,0.2791277258566978
Uformer-lite (L1),BraTS2021_00018,30.970945,0.9827885627746582,0.08190527,0.9174412247129579,0.23335883703136956,0.27085714285714285
Uformer-lite (L1),BraTS2021_00018,30.6279,0.9834011197090149,0.082449354,0.9358230601885424,0.7811894882434302,0.4429102496016994
Uformer-lite (L1),BraTS2021_00018,30.545958,0.9810051321983337,0.08651791,0.9312614259597807,0.8230313293818797,0.5022271714922049
Uformer-lite (L1),BraTS2021_00018,30.24553,0.9795448780059814,0.09002829,0.9343744190369957,0.7536674816625917,0.43434343434343436
Uformer-lite (L1),BraTS2021_00018,30.524029,0.9814113974571228,0.08751234,0.9477298740938573,0.56833754056978,0.27848101265822783
Uformer-lite (L1),BraTS2021_00018,30.550434,0.9806088805198669,0.09007888,0.9163812210356639,0.4574652777777778,0.189873417721519
Uformer-lite (L1),BraTS2021_00018,30.489252,0.9813921451568604,0.09092737,0.9139896373056995,0.10998877665544332,0.08387096774193549
Uformer-lite (L1),BraTS2021_00018,30.420378,0.981935977935791,0.090927966,0.8882201203783319,0.13356973995271867,0.1344
Uformer-lite (L1),BraTS2021_00018,30.244759,0.9813327193260193,0.09363754,0.8555683122847302,0.05678670360110803,0.05327868852459016
Uformer-lite (L1),BraTS2021_00018,30.405453,0.9808472394943237,0.09637323,0.8427672955974843,0.0960960960960961,0.1299492385786802
Uformer-lite (L1),BraTS2021_00018,30.081749,0.9803988337516785,0.100075,0.8329741379310345,0.06223717409587889,0.09113300492610837
Uformer-lite (L1),BraTS2021_00018,30.18522,0.9808701872825623,0.10041205,0.7884393063583816,0.0,0.0
Uformer-lite (L1),BraTS2021_00018,29.971182,0.9798991680145264,0.105346195,0.8187876864487464,0.0,0.0
Uformer-lite (L1),BraTS2021_00018,29.990162,0.978438675403595,0.10895302,0.7449981811567843,0.14904330312185296,0.15053763440860216
Uformer-lite (L1),BraTS2021_00018,29.979181,0.9798620939254761,0.10873605,0.7628865979381443,0.0,0.0
Uformer-lite (L1),BraTS2021_00018,30.25139,0.9810280203819275,0.107807174,0.6878216123499142,0.0,0.0
Uformer-lite (L1),BraTS2021_00018,30.503275,0.9816588759422302,0.10936134,0.7644404332129964,0.07221350078492936,0.07641196013289037
Uformer-lite (L1),BraTS2021_00018,30.168892,0.9824990630149841,0.11012137,0.7864806866952789,0.2965779467680608,0.2965779467680608
Uformer-lite (L1),BraTS2021_00018,29.921865,0.981026291847229,0.11810861,0.7778485041374921,0.46706586826347307,0.46706586826347307
Uformer-lite (L1),BraTS2021_00018,30.001652,0.9806098341941833,0.12125592,0.7447129909365559,0.0,0.0
Uformer-lite (L1),BraTS2021_00018,30.16494,0.9818896055221558,0.12012663,0.7781885397412199,nan,nan
Uformer-lite (L1),BraTS2021_00018,30.295153,0.9811000823974609,0.12549223,0.7766116941529235,nan,nan
Uformer-lite (L1),BraTS2021_00018,30.221504,0.9807034134864807,0.13127024,0.8155339805825242,nan,nan
Uformer-lite (L1),BraTS2021_00019,32.22005,0.9805077314376831,0.11213575,0.3969171483622351,nan,nan
Uformer-lite (L1),BraTS2021_00019,31.597097,0.978255569934845,0.11846546,0.5165562913907285,nan,nan
Uformer-lite (L1),BraTS2021_00019,31.744556,0.9770563840866089,0.11891357,0.7569060773480663,nan,nan
Uformer-lite (L1),BraTS2021_00019,31.761301,0.9785722494125366,0.11540414,0.8156342182890856,nan,nan
Uformer-lite (L1),BraTS2021_00019,31.930454,0.9780368804931641,0.11412319,0.9020116807268008,nan,nan
Uformer-lite (L1),BraTS2021_00019,31.771105,0.9784984588623047,0.113334104,0.9238754325259516,nan,nan
Uformer-lite (L1),BraTS2021_00019,31.17194,0.9760423898696899,0.11815474,0.8969521044992743,nan,nan
Uformer-lite (L1),BraTS2021_00019,31.567373,0.9753721356391907,0.11604687,0.9346956908040871,nan,nan
Uformer-lite (L1),BraTS2021_00019,31.150667,0.9712212085723877,0.120377466,0.9095163806552262,0.0,0.0
Uformer-lite (L1),BraTS2021_00019,31.107504,0.9715297222137451,0.11607087,0.9331352154531947,0.7783783783783784,0.7783783783783784
Uformer-lite (L1),BraTS2021_00019,31.40212,0.9758256077766418,0.1092199,0.9363321799307959,0.8512110726643599,0.8226950354609929
Uformer-lite (L1),BraTS2021_00019,31.78674,0.979268491268158,0.101311706,0.9245041586692259,0.5461538461538461,0.5535714285714286
Uformer-lite (L1),BraTS2021_00019,31.526035,0.9789527654647827,0.102259144,0.9388724035608309,0.2971887550200803,0.37948717948717947
Uformer-lite (L1),BraTS2021_00019,31.639488,0.9793168306350708,0.10119798,0.9348106158206648,0.27715355805243447,0.34418604651162793
Uformer-lite (L1),BraTS2021_00019,31.685658,0.9768484830856323,0.10070471,0.935303107488538,0.79296875,0.7467811158798283
Uformer-lite (L1),BraTS2021_00019,31.681938,0.9775870442390442,0.09925823,0.9287178319289455,0.7195121951219512,0.7962085308056872
Uformer-lite (L1),BraTS2021_00019,31.78565,0.9797685146331787,0.095712945,0.9142367066895368,0.31202046035805625,0.4250871080139373
Uformer-lite (L1),BraTS2021_00019,31.570885,0.9784255623817444,0.097590216,0.9233347297863427,0.4844290657439446,0.5615550755939525
Uformer-lite (L1),BraTS2021_00019,31.759735,0.98017817735672,0.09344897,0.9144311728999412,0.6404084609773888,0.6091954022988506
Uformer-lite (L1),BraTS2021_00019,31.798187,0.9817840456962585,0.09016342,0.9252284169308223,0.7374076561450638,0.7627829002514669
Uformer-lite (L1),BraTS2021_00019,32.36465,0.9840102195739746,0.08430898,0.9166812839852657,0.7695749440715883,0.7481481481481481
Uformer-lite (L1),BraTS2021_00019,32.374886,0.9851077198982239,0.08316793,0.9365133836650652,0.7626990144048522,0.7694944301628106
Uformer-lite (L1),BraTS2021_00019,32.301994,0.9857998490333557,0.08129237,0.934923339011925,0.8937329700272479,0.86697965571205
Uformer-lite (L1),BraTS2021_00019,32.35869,0.9872812032699585,0.07988313,0.9478578545333776,0.777697320782042,0.8185388845247447
Uformer-lite (L1),BraTS2021_00019,32.61989,0.9855364561080933,0.080861,0.9422502489213409,0.8153955808980755,0.809220985691574
Uformer-lite (L1),BraTS2021_00019,32.63877,0.9858461618423462,0.079410486,0.937228714524207,0.7515151515151515,0.7954729183508489
Uformer-lite (L1),BraTS2021_00019,32.765175,0.9884324669837952,0.07572661,0.9463877084014384,0.850179211469534,0.802675585284281
Uformer-lite (L1),BraTS2021_00019,32.810055,0.988152801990509,0.07422556,0.9270456786066382,0.7657342657342657,0.7947269303201506
Uformer-lite (L1),BraTS2021_00019,33.36066,0.9866252541542053,0.07434507,0.9238907849829352,0.7953216374269005,0.8232848232848233
Uformer-lite (L1),BraTS2021_00019,33.52884,0.9869301915168762,0.07274418,0.9395527603074773,0.6971736204576043,0.7317784256559767
Uformer-lite (L1),BraTS2021_00019,33.316402,0.9890370965003967,0.07146265,0.8948671397920449,0.3972602739726027,0.41346153846153844
Uformer-lite (L1),BraTS2021_00019,33.644833,0.9872074127197266,0.07441634,0.9056735120083537,0.479108635097493,0.49002849002849
Uformer-lite (L1),BraTS2021_00019,33.34548,0.9880463480949402,0.07397418,0.9109751953788651,0.27611940298507465,0.2901960784313726
Uformer-lite (L1),BraTS2021_00019,33.209854,0.9866851568222046,0.074940465,0.9448847262247838,0.0,0.0
Uformer-lite (L1),BraTS2021_00019,33.39441,0.9868883490562439,0.07509318,0.9495421080984019,0.6903914590747331,0.6818181818181818
Uformer-lite (L1),BraTS2021_00019,33.369762,0.9880202412605286,0.07250502,0.9331642818330013,0.5610859728506787,0.5545454545454546
Uformer-lite (L1),BraTS2021_00019,33.497467,0.9886399507522583,0.071164936,0.8833046471600688,0.5979381443298969,0.5979381443298969
Uformer-lite (L1),BraTS2021_00019,33.422436,0.9863889217376709,0.075150795,0.893923049262855,0.5797101449275363,0.5797101449275363
Uformer-lite (L1),BraTS2021_00019,33.274715,0.987608015537262,0.07286038,0.8694322309309883,0.0,0.0
Uformer-lite (L1),BraTS2021_00019,33.711502,0.9874895215034485,0.07183059,0.8958562522918958,0.0,0.0
Uformer-lite (L1),BraTS2021_00019,33.552532,0.9880607724189758,0.07082509,0.8782592384168073,nan,nan
Uformer-lite (L1),BraTS2021_00019,33.528214,0.9868149161338806,0.07274188,0.8808172531214529,nan,nan
Uformer-lite (L1),BraTS2021_00019,33.562405,0.986319899559021,0.073194474,0.9016985905312613,nan,nan
Uformer-lite (L1),BraTS2021_00019,33.622364,0.9872400760650635,0.071339644,0.8610354223433242,nan,nan
Uformer-lite (L1),BraTS2021_00019,33.439842,0.9882765412330627,0.07014615,0.8736391912908242,nan,nan
Uformer-lite (L1),BraTS2021_00019,33.646416,0.9883684515953064,0.07006204,0.8814253532664346,nan,nan
Uformer-lite (L1),BraTS2021_00019,33.863937,0.9876147508621216,0.069972955,0.8527198451945818,nan,nan
Uformer-lite (L1),BraTS2021_00019,33.98235,0.9891705513000488,0.06730873,0.8474504846186263,nan,nan
Uformer-lite (L1),BraTS2021_00019,34.04454,0.9869179725646973,0.07141238,0.8660436137071651,nan,nan
Uformer-lite (L1),BraTS2021_00019,34.219883,0.9888022541999817,0.06713543,0.7761796618723189,nan,nan
Uformer-lite (L1),BraTS2021_00019,34.327778,0.9879262447357178,0.067211986,0.7836287799791449,nan,nan
Uformer-lite (L1),BraTS2021_00019,34.708176,0.9892282485961914,0.0652177,0.8379990821477742,nan,nan
Uformer-lite (L1),BraTS2021_00019,34.662758,0.9880356788635254,0.06537356,0.8936170212765957,nan,nan
Uformer-lite (L1),BraTS2021_00019,34.49961,0.9866047501564026,0.067108214,0.7750945592086121,nan,nan
Uformer-lite (L1),BraTS2021_00019,34.891945,0.9861456155776978,0.06724249,0.8034390750074119,nan,nan
Uformer-lite (L1),BraTS2021_00019,34.856403,0.986096203327179,0.066671535,0.8105943948259933,nan,nan
Uformer-lite (L1),BraTS2021_00019,34.827175,0.9862818121910095,0.06749064,0.7961891799931949,nan,nan
Uformer-lite (L1),BraTS2021_00019,35.06212,0.9866358637809753,0.065062895,0.7815428983417447,nan,nan
Uformer-lite (L1),BraTS2021_00019,35.128227,0.9866530299186707,0.0653814,0.7113725490196079,nan,nan
Uformer-lite (L1),BraTS2021_00019,35.253216,0.9853678941726685,0.065911144,0.7698412698412699,nan,nan
Uformer-lite (L1),BraTS2021_00019,35.238674,0.9861317276954651,0.065964386,0.6907477820025348,nan,nan
Uformer-lite (L1),BraTS2021_00019,35.090187,0.9842637181282043,0.066617295,0.5972495088408645,nan,nan
Uformer-lite (L1),BraTS2021_00019,34.8525,0.9841280579566956,0.06963127,0.6080536912751678,nan,nan
Uformer-lite (L1),BraTS2021_00019,34.699806,0.9818720817565918,0.071376115,0.5672727272727273,nan,nan
Uformer-lite (L1),BraTS2021_00019,34.829834,0.9853953719139099,0.070272155,0.4088669950738916,nan,nan
Uformer-lite (L1),BraTS2021_00019,34.718887,0.9829173684120178,0.07085465,0.6984815618221258,nan,nan
Uformer-lite (L1),BraTS2021_00019,34.662605,0.9831832051277161,0.071704626,0.4017857142857143,nan,nan
Uformer-lite (L1),BraTS2021_00022,29.849438,0.9728893637657166,0.1252196,0.0,0.0,0.0
Uformer-lite (L1),BraTS2021_00022,29.324942,0.9689723253250122,0.13381043,0.0,0.0,0.0
Uformer-lite (L1),BraTS2021_00022,28.651928,0.9607895016670227,0.14118402,0.4,0.6545454545454545,0.6037735849056604
Uformer-lite (L1),BraTS2021_00022,28.140785,0.9521003365516663,0.14431658,0.0,0.0,0.0
Uformer-lite (L1),BraTS2021_00022,28.56466,0.9513116478919983,0.13720752,0.0,0.0,0.0
Uformer-lite (L1),BraTS2021_00022,28.6703,0.9504063129425049,0.13243099,0.45714285714285713,0.0,0.0
Uformer-lite (L1),BraTS2021_00022,28.73133,0.9498900175094604,0.12948927,0.6613162118780096,0.0,0.0
Uformer-lite (L1),BraTS2021_00022,29.172495,0.9541716575622559,0.1216691,0.5414201183431953,0.0,0.0
Uformer-lite (L1),BraTS2021_00022,29.281738,0.954533040523529,0.12114817,0.3074484944532488,0.0,0.0
Uformer-lite (L1),BraTS2021_00022,29.497814,0.9580242037773132,0.11582744,0.7081967213114754,0.23636363636363636,0.22670025188916876
Uformer-lite (L1),BraTS2021_00022,29.622318,0.9588220119476318,0.113606595,0.8069852941176471,0.781799379524302,0.6482334869431644
Uformer-lite (L1),BraTS2021_00022,29.900476,0.9589213132858276,0.112337865,0.8065630397236615,0.7996289424860853,0.6290550070521862
Uformer-lite (L1),BraTS2021_00022,29.946056,0.9609004259109497,0.11069705,0.8539682539682539,0.8421052631578947,0.7148936170212766
Uformer-lite (L1),BraTS2021_00022,30.177963,0.9620948433876038,0.107800245,0.8545727136431784,0.8362427265170407,0.6763005780346821
Uformer-lite (L1),BraTS2021_00022,29.847343,0.9632413983345032,0.10784088,0.8490432317505315,0.7656123276561233,0.5803571428571429
Uformer-lite (L1),BraTS2021_00022,29.800959,0.9626792073249817,0.10755836,0.8596026490066225,0.7574850299401198,0.5687830687830688
Uformer-lite (L1),BraTS2021_00022,30.229004,0.9647008180618286,0.10318154,0.8488745980707395,0.7523602033405955,0.6041666666666666
Uformer-lite (L1),BraTS2021_00022,29.916206,0.9639803171157837,0.10512095,0.8574850299401198,0.7184191954834157,0.5849297573435505
Uformer-lite (L1),BraTS2021_00022,29.833002,0.9628729224205017,0.10629896,0.891647855530474,0.789980732177264,0.7254685777287762
Uformer-lite (L1),BraTS2021_00022,29.983692,0.9623832702636719,0.10550724,0.8687299893276414,0.7321991178323881,0.6601941747572816
Uformer-lite (L1),BraTS2021_00022,29.9251,0.9629128575325012,0.104677066,0.8807247106190237,0.7449584816132859,0.6804326450344149
Uformer-lite (L1),BraTS2021_00022,29.731686,0.9646809697151184,0.10318569,0.8543013426156141,0.6766467065868264,0.6218144750254841
Uformer-lite (L1),BraTS2021_00022,29.745104,0.9654584527015686,0.10468746,0.8651738923296808,0.6478209658421673,0.6053719008264463
Uformer-lite (L1),BraTS2021_00022,29.868198,0.9659075140953064,0.103485785,0.8450971103742302,0.6076696165191741,0.6086956521739131
Uformer-lite (L1),BraTS2021_00022,29.969814,0.9684664607048035,0.100681834,0.8864241348713399,0.607854297097325,0.6357214934409687
Uformer-lite (L1),BraTS2021_00022,30.104908,0.9701128005981445,0.09708531,0.9003880983182406,0.6211869107043816,0.6673151750972762
Uformer-lite (L1),BraTS2021_00022,30.036419,0.9703673124313354,0.09781901,0.9047419219471254,0.5773081201334817,0.6475247524752475
Uformer-lite (L1),BraTS2021_00022,30.09306,0.9695261120796204,0.09776436,0.9177037334403854,0.5689373297002724,0.672316384180791
Uformer-lite (L1),BraTS2021_00022,30.367517,0.9723502993583679,0.094558306,0.9095847885137757,0.5517615176151761,0.6666666666666666
Uformer-lite (L1),BraTS2021_00022,30.169056,0.974038302898407,0.09219889,0.9194729136163983,0.6689320388349514,0.6436170212765957
Uformer-lite (L1),BraTS2021_00022,30.474642,0.976172924041748,0.08847146,0.9213958406767713,0.6540999057492931,0.6515625
Uformer-lite (L1),BraTS2021_00022,30.509525,0.9773879051208496,0.0884379,0.958139534883721,0.7738985868661679,0.6822033898305084
Uformer-lite (L1),BraTS2021_00022,30.635414,0.9785950779914856,0.08582877,0.9188278881778377,0.44672131147540983,0.419773095623987
Uformer-lite (L1),BraTS2021_00022,30.987188,0.9800044894218445,0.08429909,0.9366106080206986,0.34773445732349845,0.46348733233979134
Uformer-lite (L1),BraTS2021_00022,30.882267,0.9801701903343201,0.08335006,0.9227799227799228,0.22012229016120066,0.3079340141398272
Uformer-lite (L1),BraTS2021_00022,31.103113,0.9789489507675171,0.08334422,0.8431241655540721,0.41626331074540174,0.40083217753120665
Uformer-lite (L1),BraTS2021_00022,31.154488,0.9785702228546143,0.08332222,0.8768228358672044,0.2889694458829622,0.3635135135135135
Uformer-lite (L1),BraTS2021_00022,31.13757,0.9777787923812866,0.082896724,0.9120750293083235,0.5267857142857143,0.5829694323144105
Uformer-lite (L1),BraTS2021_00022,30.930004,0.975686252117157,0.083163455,0.8215845290081097,0.4172661870503597,0.38937030618139806
Uformer-lite (L1),BraTS2021_00022,31.017912,0.9762248396873474,0.082639575,0.9048710601719198,0.29107981220657275,0.3208740655549166
Uformer-lite (L1),BraTS2021_00022,31.17751,0.9725033044815063,0.0830933,0.9274712965555867,0.41729512317747613,0.4217479674796748
Uformer-lite (L1),BraTS2021_00022,31.389189,0.9679325819015503,0.08478143,0.9261221076108168,0.6759339704604691,0.6759339704604691
Uformer-lite (L1),BraTS2021_00022,31.212982,0.9662706255912781,0.0857909,0.8528956333230102,0.45605973578403214,0.45605973578403214
Uformer-lite (L1),BraTS2021_00022,31.300148,0.9654373526573181,0.08475072,0.8900720325712496,0.6969869243888573,0.6956025128498001
Uformer-lite (L1),BraTS2021_00022,31.308521,0.9643217921257019,0.087158635,0.8782707622298066,0.8079834824501032,0.8
Uformer-lite (L1),BraTS2021_00022,30.835342,0.9645813703536987,0.08893297,0.8474314407106991,0.6587301587301587,0.6814449917898193
Uformer-lite (L1),BraTS2021_00022,30.58636,0.9609461426734924,0.09299443,0.9072900158478605,0.6293018682399213,0.6293018682399213
Uformer-lite (L1),BraTS2021_00022,30.443813,0.9654750823974609,0.09314508,0.9002356637863315,0.5774058577405857,0.5774058577405857
Uformer-lite (L1),BraTS2021_00022,30.17204,0.9655084609985352,0.094310656,0.885478158205431,0.7287958115183246,0.7287958115183246
Uformer-lite (L1),BraTS2021_00022,29.96887,0.9636662006378174,0.09944196,0.8912280701754386,0.7802197802197802,0.7457627118644068
Uformer-lite (L1),BraTS2021_00022,30.173744,0.966738760471344,0.095485464,0.8603263032232391,0.26262626262626265,0.26262626262626265
Uformer-lite (L1),BraTS2021_00022,30.112352,0.9657129049301147,0.09638109,0.9114503816793893,0.5460122699386503,0.5460122699386503
Uformer-lite (L1),BraTS2021_00022,29.925129,0.9630997180938721,0.09830631,0.9009376273950265,0.6358024691358025,0.6358024691358025
Uformer-lite (L1),BraTS2021_00022,29.612276,0.9635903239250183,0.10222399,0.9378856437679967,0.46360153256704983,0.46360153256704983
Uformer-lite (L1),BraTS2021_00022,29.573051,0.9630908966064453,0.10442829,0.9534482758620689,0.8032520325203252,0.8032520325203252
Uformer-lite (L1),BraTS2021_00022,29.153286,0.9645825624465942,0.107692614,0.9211514392991239,0.7486631016042781,0.7513416815742398
Uformer-lite (L1),BraTS2021_00022,29.16671,0.9664340019226074,0.10821872,0.9586397058823529,0.8471615720524017,0.8471615720524017
Uformer-lite (L1),BraTS2021_00022,28.893208,0.9613717794418335,0.11350935,0.9407228915662651,0.8540540540540541,0.8540540540540541
Uformer-lite (L1),BraTS2021_00022,28.710312,0.9660285711288452,0.1139044,0.9435318275154004,0.7634854771784232,0.7634854771784232
Uformer-lite (L1),BraTS2021_00022,28.718607,0.9656881093978882,0.11613653,0.9334836527621195,0.7388535031847133,0.7388535031847133
Uformer-lite (L1),BraTS2021_00022,28.833382,0.9675297141075134,0.11729556,0.9380214541120382,0.0,0.0
Uformer-lite (L1),BraTS2021_00022,28.136627,0.9667019248008728,0.12269982,0.9257861635220126,nan,nan
Uformer-lite (L1),BraTS2021_00022,27.95273,0.9660522937774658,0.1267622,0.9329529243937232,nan,nan
Uformer-lite (L1),BraTS2021_00022,27.662039,0.9670683741569519,0.13179167,0.9405568096313017,nan,nan
Uformer-lite (L1),BraTS2021_00022,27.547527,0.9680176377296448,0.13432606,0.9375494071146245,nan,nan
Uformer-lite (L1),BraTS2021_00022,27.54133,0.9684218168258667,0.13846515,0.9328802039082413,nan,nan
Uformer-lite (L1),BraTS2021_00022,27.314297,0.9660090804100037,0.14909577,0.837160751565762,nan,nan
Uformer-lite (L1),BraTS2021_00022,27.708744,0.9696354866027832,0.1473805,0.7812895069532237,nan,nan
Uformer-lite (L1),BraTS2021_00022,27.770412,0.9710554480552673,0.14874583,0.8155339805825242,nan,nan
Uformer-lite (L1),BraTS2021_00022,27.672632,0.973276674747467,0.14885184,0.8756756756756757,nan,nan
Uformer-lite (L1),BraTS2021_00022,27.899864,0.9737436175346375,0.15347883,0.8735632183908046,nan,nan
Uformer-lite (L1),BraTS2021_00022,27.618124,0.9742855429649353,0.15732265,0.8769230769230769,nan,nan
Uformer-lite (L1),BraTS2021_00022,27.80881,0.9765986204147339,0.15609407,0.8040540540540541,nan,nan
Uformer-lite (L1),BraTS2021_00022,27.546942,0.9749000072479248,0.16729084,0.669683257918552,nan,nan
Uformer-lite (L1),BraTS2021_00026,31.032286,0.9733723402023315,0.1223019,0.0,0.0,0.0
Uformer-lite (L1),BraTS2021_00026,30.973122,0.9717273712158203,0.123905286,0.34854771784232363,0.5675675675675675,0.5675675675675675
Uformer-lite (L1),BraTS2021_00026,30.979649,0.970294177532196,0.124285854,0.3955431754874652,0.5587044534412956,0.5587044534412956
Uformer-lite (L1),BraTS2021_00026,30.632647,0.9669174551963806,0.12917455,0.014669926650366748,0.02120141342756184,0.021352313167259787
Uformer-lite (L1),BraTS2021_00026,30.186499,0.9632482528686523,0.13237856,0.5806451612903226,0.7304015296367112,0.72552783109405
Uformer-lite (L1),BraTS2021_00026,29.847023,0.9523080587387085,0.13602288,0.5823451910408433,0.6343906510851419,0.6343906510851419
Uformer-lite (L1),BraTS2021_00026,29.91311,0.9491726756095886,0.13025238,0.36797752808988765,0.05870020964360587,0.059322033898305086
Uformer-lite (L1),BraTS2021_00026,29.748123,0.9495417475700378,0.12697023,0.4221698113207547,0.23011844331641285,0.24416517055655296
Uformer-lite (L1),BraTS2021_00026,30.046486,0.9503557085990906,0.12291705,0.5668449197860963,0.5619047619047619,0.589873417721519
Uformer-lite (L1),BraTS2021_00026,30.354979,0.9521702527999878,0.11893821,0.5943775100401606,0.6340468909276249,0.673202614379085
Uformer-lite (L1),BraTS2021_00026,30.447613,0.9546324610710144,0.11486814,0.5204336947456214,0.4164859002169197,0.43986254295532645
Uformer-lite (L1),BraTS2021_00026,30.525713,0.9556241631507874,0.112388,0.588150289017341,0.5642361111111112,0.572972972972973
Uformer-lite (L1),BraTS2021_00026,30.80709,0.9534154534339905,0.11077854,0.4406294706723891,0.35304990757855825,0.3654033041788144
Uformer-lite (L1),BraTS2021_00026,31.094,0.961457371711731,0.10605847,0.7950775815944355,0.8533653846153846,0.832391713747646
Uformer-lite (L1),BraTS2021_00026,31.369802,0.9611529111862183,0.105691984,0.7262569832402235,0.7615526802218114,0.7615384615384615
Uformer-lite (L1),BraTS2021_00026,31.378468,0.9690285921096802,0.0998849,0.5365269461077844,0.5761316872427984,0.5791341376863024
Uformer-lite (L1),BraTS2021_00026,31.70784,0.969487190246582,0.098194525,0.5545927209705372,0.5804713804713805,0.596045197740113
Uformer-lite (L1),BraTS2021_00026,31.50341,0.9701124429702759,0.09734867,0.8254278728606357,0.8364411294619073,0.8242701774470521
Uformer-lite (L1),BraTS2021_00026,31.632832,0.9708569645881653,0.09658761,0.8804094927873429,0.8917004048582996,0.8719912472647703
Uformer-lite (L1),BraTS2021_00026,31.343174,0.9737229943275452,0.09601859,0.825964252116651,0.7947019867549668,0.8203266787658802
Uformer-lite (L1),BraTS2021_00026,31.220707,0.9709677696228027,0.100958586,0.5586527293844367,0.4775481111903065,0.5166402535657686
Uformer-lite (L1),BraTS2021_00026,31.31894,0.9727488160133362,0.0982358,0.7372708757637475,0.788979336255479,0.7817679558011049
Uformer-lite (L1),BraTS2021_00026,31.306677,0.9709762334823608,0.09969095,0.7258485639686684,0.7807417046193884,0.8014388489208633
Uformer-lite (L1),BraTS2021_00026,31.515371,0.9716934561729431,0.09833197,0.7100907634810465,0.7805878332194122,0.7721423164269493
Uformer-lite (L1),BraTS2021_00026,31.611649,0.9749587178230286,0.095070586,0.6750136091453457,0.7785039941902687,0.7799043062200957
Uformer-lite (L1),BraTS2021_00026,31.5232,0.9761672019958496,0.09561035,0.6509216589861752,0.6795302013422819,0.7324723247232472
Uformer-lite (L1),BraTS2021_00026,31.472528,0.9756760001182556,0.09480129,0.6575654152445961,0.7438715131022823,0.7723880597014925
Uformer-lite (L1),BraTS2021_00026,31.711367,0.9754884839057922,0.09491306,0.5227272727272727,0.5653061224489796,0.6124293785310735
Uformer-lite (L1),BraTS2021_00026,31.706764,0.9768455028533936,0.09377043,0.5267379679144385,0.5318681318681319,0.5607476635514018
Uformer-lite (L1),BraTS2021_00026,31.715313,0.9771201014518738,0.09300022,0.5054945054945055,0.48758465011286684,0.5041224970553593
Uformer-lite (L1),BraTS2021_00026,31.57953,0.9764636158943176,0.09377783,0.4507462686567164,0.5869297163995068,0.5969387755102041
Uformer-lite (L1),BraTS2021_00026,31.721325,0.975065290927887,0.095441125,0.5051792828685259,0.7022900763358778,0.6980392156862745
Uformer-lite (L1),BraTS2021_00026,31.702518,0.9766727685928345,0.093952276,0.4150664697193501,0.638680659670165,0.6298003072196621
Uformer-lite (L1),BraTS2021_00026,31.478203,0.9768360257148743,0.09358946,0.5588437715072264,0.8075471698113208,0.7830551989730423
Uformer-lite (L1),BraTS2021_00026,31.644646,0.9791880249977112,0.090720095,0.562254259501966,0.7655502392344498,0.7564894932014833
Uformer-lite (L1),BraTS2021_00026,31.69522,0.978247344493866,0.09077357,0.6467065868263473,0.8556806550665302,0.8305439330543933
Uformer-lite (L1),BraTS2021_00026,31.827698,0.979446530342102,0.0907693,0.5975336322869955,0.7938044530493708,0.8128772635814889
Uformer-lite (L1),BraTS2021_00026,31.614922,0.9796800017356873,0.09006414,0.5706051873198847,0.7440860215053764,0.7571115973741794
Uformer-lite (L1),BraTS2021_00026,31.525286,0.9801511168479919,0.08976828,0.5766262403528115,0.6561443066516347,0.6666666666666666
Uformer-lite (L1),BraTS2021_00026,31.718056,0.9802743792533875,0.089172356,0.5701078582434514,0.5954022988505747,0.6011834319526628
Uformer-lite (L1),BraTS2021_00026,32.02656,0.9827384948730469,0.084688224,0.6227722772277228,0.7141382868937048,0.7174603174603175
Uformer-lite (L1),BraTS2021_00026,32.090572,0.9833678603172302,0.08487011,0.6972386587771203,0.5831325301204819,0.5937888198757764
Uformer-lite (L1),BraTS2021_00026,32.1534,0.982563316822052,0.08484422,0.7420494699646644,0.7007963594994312,0.7264150943396226
Uformer-lite (L1),BraTS2021_00026,32.629704,0.9848167896270752,0.08029928,0.7219251336898396,0.618925831202046,0.6452476572958501
Uformer-lite (L1),BraTS2021_00026,32.664368,0.985278308391571,0.08001452,0.6956043956043956,0.5115606936416185,0.5404580152671755
Uformer-lite (L1),BraTS2021_00026,32.807297,0.9851061105728149,0.07910402,0.6920152091254753,0.5441696113074205,0.5968992248062015
Uformer-lite (L1),BraTS2021_00026,32.86645,0.9860134124755859,0.07703656,0.6842105263157895,0.4837905236907731,0.5389221556886228
Uformer-lite (L1),BraTS2021_00026,33.089226,0.9862380623817444,0.07665896,0.557163531114327,0.42724458204334365,0.4883720930232558
Uformer-lite (L1),BraTS2021_00026,33.05073,0.986142635345459,0.07544423,0.5393474088291746,0.379746835443038,0.3422459893048128
Uformer-lite (L1),BraTS2021_00026,33.128666,0.9849797487258911,0.07697811,0.4247104247104247,0.5153374233128835,0.5098039215686274
Uformer-lite (L1),BraTS2021_00026,33.26648,0.9837141633033752,0.07710639,0.14977973568281938,0.6804123711340206,0.6804123711340206
Uformer-lite (L1),BraTS2021_00026,33.265125,0.9835401177406311,0.07712516,0.0,0.0,0.0
Uformer-lite (L1),BraTS2021_00026,33.196636,0.9830926656723022,0.07736835,0.0,nan,nan
Uformer-lite (L1),BraTS2021_00033,33.474167,0.9847185611724854,0.13966882,0.5943396226415094,nan,nan
Uformer-lite (L1),BraTS2021_00033,32.733093,0.9829948544502258,0.14337058,0.8106796116504854,nan,nan
Uformer-lite (L1),BraTS2021_00033,32.57303,0.9843089580535889,0.13504465,0.8624641833810889,nan,nan
Uformer-lite (L1),BraTS2021_00033,32.424023,0.9844785928726196,0.13257425,0.9068577277379734,nan,nan
Uformer-lite (L1),BraTS2021_00033,32.288494,0.9842644929885864,0.13067241,0.9330985915492958,nan,nan
Uformer-lite (L1),BraTS2021_00033,32.149586,0.9850430488586426,0.1271547,0.9053627760252366,nan,nan
Uformer-lite (L1),BraTS2021_00033,32.007896,0.9860646724700928,0.12172575,0.8809020436927414,nan,nan
Uformer-lite (L1),BraTS2021_00033,31.640005,0.985589861869812,0.12186903,0.9019346230820547,nan,nan
Uformer-lite (L1),BraTS2021_00033,31.40085,0.9838037490844727,0.12710904,0.8876474239602731,nan,nan
Uformer-lite (L1),BraTS2021_00033,31.669874,0.9845433235168457,0.122172505,0.8733459357277883,nan,nan
Uformer-lite (L1),BraTS2021_00033,31.398743,0.984148383140564,0.121462084,0.9091967403958091,nan,nan
Uformer-lite (L1),BraTS2021_00033,31.31776,0.983259379863739,0.12178578,0.9065934065934066,nan,nan
Uformer-lite (L1),BraTS2021_00033,30.587399,0.9821896553039551,0.12339544,0.9018645731108931,nan,nan
Uformer-lite (L1),BraTS2021_00033,30.505323,0.98019939661026,0.1228812,0.9214015151515151,nan,nan
Uformer-lite (L1),BraTS2021_00033,30.756407,0.9802345037460327,0.119009316,0.9371069182389937,nan,nan
Uformer-lite (L1),BraTS2021_00033,30.992422,0.9835647940635681,0.10963535,0.912805545421379,nan,nan
Uformer-lite (L1),BraTS2021_00033,31.160358,0.9847211837768555,0.10405396,0.9505983430500153,nan,nan
Uformer-lite (L1),BraTS2021_00033,31.026733,0.9849432706832886,0.10338711,0.9632975719932242,nan,nan
Uformer-lite (L1),BraTS2021_00033,31.348858,0.9853420257568359,0.1010993,0.9698747000799787,nan,nan
Uformer-lite (L1),BraTS2021_00033,31.524727,0.9867948889732361,0.09645608,0.9715674362089914,nan,nan
Uformer-lite (L1),BraTS2021_00033,30.879,0.9861243367195129,0.10106073,0.9736903376018626,nan,nan
Uformer-lite (L1),BraTS2021_00033,30.634315,0.984715461730957,0.10229785,0.9730839416058394,nan,nan
Uformer-lite (L1),BraTS2021_00033,30.448746,0.9821479320526123,0.103946,0.9764097955515615,nan,nan
Uformer-lite (L1),BraTS2021_00033,30.775927,0.9844985008239746,0.09768987,0.9753758988886467,nan,nan
Uformer-lite (L1),BraTS2021_00033,30.80736,0.9840010404586792,0.09565818,0.9629315822918874,nan,nan
Uformer-lite (L1),BraTS2021_00033,30.945274,0.9843619465827942,0.09225587,0.9653191052739586,nan,nan
Uformer-lite (L1),BraTS2021_00033,31.338263,0.9864363074302673,0.08739709,0.961059497924491,nan,nan
Uformer-lite (L1),BraTS2021_00033,31.51558,0.9848485589027405,0.08626717,0.9672386895475819,nan,nan
Uformer-lite (L1),BraTS2021_00033,31.196863,0.9855201840400696,0.08778731,0.971157495256167,nan,nan
Uformer-lite (L1),BraTS2021_00033,31.534946,0.9872526526451111,0.08292858,0.9673523306284204,nan,nan
Uformer-lite (L1),BraTS2021_00033,31.7588,0.9864431619644165,0.0818295,0.9637404580152672,0.0,0.0
Uformer-lite (L1),BraTS2021_00033,31.544973,0.9874540567398071,0.08182538,0.9617977528089887,0.0,0.0
Uformer-lite (L1),BraTS2021_00033,31.187284,0.9867823719978333,0.08216759,0.9674644727000747,0.0,0.0
Uformer-lite (L1),BraTS2021_00033,31.489399,0.9872092008590698,0.083108835,0.9686346863468634,0.0,0.0
Uformer-lite (L1),BraTS2021_00033,31.893167,0.9875015020370483,0.078941755,0.9632860777898946,0.0975609756097561,0.0975609756097561
Uformer-lite (L1),BraTS2021_00033,31.777828,0.9893696904182434,0.0756157,0.9671145685997171,0.7692307692307693,0.7692307692307693
Uformer-lite (L1),BraTS2021_00033,32.14883,0.9888255596160889,0.07587881,0.9723776223776224,0.8852459016393442,0.8852459016393442
Uformer-lite (L1),BraTS2021_00033,32.06646,0.9903975129127502,0.073890306,0.964999146320642,0.762114537444934,0.762114537444934
Uformer-lite (L1),BraTS2021_00033,32.4642,0.9896911382675171,0.072764,0.9692124510971254,0.7889908256880734,0.7889908256880734
Uformer-lite (L1),BraTS2021_00033,32.30062,0.9898309707641602,0.07263591,0.9760989470165469,0.49848024316109424,0.49848024316109424
Uformer-lite (L1),BraTS2021_00033,31.925407,0.9904797077178955,0.07339335,0.9643681953150776,0.0,0.0
Uformer-lite (L1),BraTS2021_00033,32.008797,0.9906913042068481,0.07283477,0.9667945936926414,0.0,0.0
Uformer-lite (L1),BraTS2021_00033,31.848812,0.990541398525238,0.0731646,0.9694823807115157,0.0,0.0
Uformer-lite (L1),BraTS2021_00033,32.19773,0.9904313087463379,0.07194678,0.9631415776782639,0.0,0.0
Uformer-lite (L1),BraTS2021_00033,32.163647,0.9908968210220337,0.07205431,0.9560458958517211,0.0,0.0
Uformer-lite (L1),BraTS2021_00033,32.140553,0.9897608160972595,0.07282064,0.9663045479653839,0.0,0.0
Uformer-lite (L1),BraTS2021_00033,32.24157,0.9896073937416077,0.07291459,0.9761461051062243,0.0,0.0
Uformer-lite (L1),BraTS2021_00033,32.2508,0.9898492097854614,0.074143134,0.9699603249574911,0.0,0.0
Uformer-lite (L1),BraTS2021_00033,31.96931,0.9898874163627625,0.073504694,0.9748091603053435,0.0,0.0
Uformer-lite (L1),BraTS2021_00033,32.22118,0.9899259209632874,0.07164605,0.9743190661478599,0.0,0.0
Uformer-lite (L1),BraTS2021_00033,32.385708,0.9898987412452698,0.07173675,0.9527543618898255,0.0,0.0
Uformer-lite (L1),BraTS2021_00033,32.28046,0.9906361699104309,0.07190161,0.9169788996253204,0.0,0.0
Uformer-lite (L1),BraTS2021_00033,32.46384,0.9897566437721252,0.0709963,0.916615194564546,0.0,0.0
Uformer-lite (L1),BraTS2021_00033,32.49597,0.9884741902351379,0.07391937,0.9097711267605634,0.0,0.0
Uformer-lite (L1),BraTS2021_00033,32.693733,0.9876624345779419,0.07461602,0.8911319394376351,0.0,0.0
Uformer-lite (L1),BraTS2021_00033,32.846786,0.9884748458862305,0.072872184,0.8,0.0,0.0
Uformer-lite (L1),BraTS2021_00033,32.991158,0.9870457649230957,0.07294574,0.7285582539194589,0.0,0.0
Uformer-lite (L1),BraTS2021_00033,33.065002,0.9873056411743164,0.072242394,0.7486033519553073,nan,nan
Uformer-lite (L1),BraTS2021_00033,33.14417,0.9855301976203918,0.0741214,0.7446221731936018,nan,nan
Uformer-lite (L1),BraTS2021_00033,33.32804,0.9858598113059998,0.07365089,0.6730769230769231,nan,nan
Uformer-lite (L1),BraTS2021_00033,33.673035,0.9837771058082581,0.07401323,0.7608286252354048,nan,nan
Uformer-lite (L1),BraTS2021_00033,33.791424,0.9832487106323242,0.07361418,0.8612945838837517,nan,nan
Uformer-lite (L1),BraTS2021_00033,33.624584,0.9812686443328857,0.07415394,0.6478149100257069,nan,nan
Uformer-lite (L1),BraTS2021_00033,33.698013,0.9814899563789368,0.07383473,0.43448275862068964,nan,nan
Uformer-lite (L1),BraTS2021_00061,31.133444,0.9747931957244873,0.13359511,0.0,0.0,0.0
Uformer-lite (L1),BraTS2021_00061,31.108582,0.9745368361473083,0.13261811,0.0,0.0,0.0
Uformer-lite (L1),BraTS2021_00061,30.761023,0.9744097590446472,0.13012709,0.0,0.0,0.0
Uformer-lite (L1),BraTS2021_00061,31.247541,0.9754520654678345,0.1260158,0.013377926421404682,0.0,0.0
Uformer-lite (L1),BraTS2021_00061,30.99519,0.9771589636802673,0.12171124,0.32075471698113206,0.0,0.0
Uformer-lite (L1),BraTS2021_00061,31.45774,0.9763440489768982,0.121792674,0.3053763440860215,0.016,0.02531645569620253
Uformer-lite (L1),BraTS2021_00061,31.189585,0.9766592383384705,0.12171821,0.47307692307692306,0.08064516129032258,0.10126582278481013
Uformer-lite (L1),BraTS2021_00061,31.262867,0.9780824184417725,0.11778842,0.4758842443729904,0.0625,0.0975609756097561
Uformer-lite (L1),BraTS2021_00061,30.921022,0.9779398441314697,0.11894807,0.2840909090909091,0.31645569620253167,0.3076923076923077
Uformer-lite (L1),BraTS2021_00061,30.641098,0.9773253798484802,0.12055312,0.2047244094488189,0.01694915254237288,0.019801980198019802
Uformer-lite (L1),BraTS2021_00061,29.984312,0.9712024927139282,0.13067451,0.24608967674661106,0.29714285714285715,0.26143790849673204
Uformer-lite (L1),BraTS2021_00061,30.138401,0.9675377607345581,0.13079846,0.21406727828746178,0.01662049861495845,0.020689655172413793
Uformer-lite (L1),BraTS2021_00061,30.009026,0.9647920727729797,0.12991771,0.3501683501683502,0.04466501240694789,0.061016949152542375
Uformer-lite (L1),BraTS2021_00061,30.125,0.9643162488937378,0.1251265,0.5418060200668896,0.0,0.0
Uformer-lite (L1),BraTS2021_00061,29.980352,0.9664894342422485,0.12203502,0.512118018967334,0.007619047619047619,0.012048192771084338
Uformer-lite (L1),BraTS2021_00061,29.705093,0.9659304022789001,0.12072022,0.6365348399246704,0.0,0.0
Uformer-lite (L1),BraTS2021_00061,30.046642,0.9667401313781738,0.11747348,0.6487935656836461,0.0,0.0
Uformer-lite (L1),BraTS2021_00061,30.389263,0.9695859551429749,0.113291375,0.6325991189427312,0.0,0.0
Uformer-lite (L1),BraTS2021_00061,30.324486,0.970349133014679,0.10991167,0.6627417998317914,0.06365159128978225,0.08843537414965986
Uformer-lite (L1),BraTS2021_00061,30.280123,0.971945583820343,0.10946806,0.6784511784511784,0.0,0.0
Uformer-lite (L1),BraTS2021_00061,30.411253,0.973662257194519,0.10708941,0.6279809220985691,0.0,0.0
Uformer-lite (L1),BraTS2021_00061,30.663412,0.9734747409820557,0.105863206,0.6804293971924029,0.0,0.0
Uformer-lite (L1),BraTS2021_00061,30.326149,0.9728851318359375,0.10692675,0.7208904109589042,0.0,0.0
Uformer-lite (L1),BraTS2021_00061,30.515903,0.9720180034637451,0.107684776,0.7513812154696132,0.22264875239923224,0.35125448028673834
Uformer-lite (L1),BraTS2021_00061,30.299776,0.9741144180297852,0.10613459,0.7579365079365079,0.0,0.0
Uformer-lite (L1),BraTS2021_00061,30.446033,0.9733202457427979,0.10505091,0.5732484076433121,0.0,0.0
Uformer-lite (L1),BraTS2021_00061,30.781563,0.9710698127746582,0.105774745,0.47058823529411764,0.0,0.0
Uformer-lite (L1),BraTS2021_00061,30.875101,0.9724337458610535,0.10221077,0.43278688524590164,0.061855670103092786,0.06593406593406594
Uformer-lite (L1),BraTS2021_00061,30.92787,0.9739759564399719,0.1011547,0.15021459227467812,0.0,0.0
Uformer-lite (L1),BraTS2021_00061,31.003368,0.9738795161247253,0.101891026,0.11737089201877934,0.0,0.0
Uformer-lite (L1),BraTS2021_00061,31.159517,0.971651017665863,0.102821134,0.08108108108108109,0.0,0.0
Uformer-lite (L1),BraTS2021_00061,31.39678,0.9757053852081299,0.09869364,0.007936507936507936,nan,nan
Uformer-lite (L1),BraTS2021_00061,31.320084,0.9769365191459656,0.09684333,0.0,nan,nan
Uformer-lite (L1),BraTS2021_00061,31.4904,0.9735992550849915,0.097205825,0.1346153846153846,nan,nan
Uformer-lite (L1),BraTS2021_00072,32.367283,0.9541786313056946,0.10478194,0.0,nan,nan
Uformer-lite (L1),BraTS2021_00072,32.355446,0.9539624452590942,0.10487731,0.0,nan,nan
Uformer-lite (L1),BraTS2021_00072,31.884914,0.9528372883796692,0.10691891,0.0,nan,nan
Uformer-lite (L1),BraTS2021_00072,31.905556,0.9479014873504639,0.106215395,0.006968641114982578,0.0,0.0
Uformer-lite (L1),BraTS2021_00072,32.25618,0.9530012607574463,0.10370233,0.570902394106814,0.676737160120846,0.5916398713826366
Uformer-lite (L1),BraTS2021_00072,32.115932,0.952241837978363,0.10243062,0.5441354292623942,0.7286245353159851,0.6532258064516129
Uformer-lite (L1),BraTS2021_00072,32.33207,0.9555259943008423,0.09936218,0.7466185752930569,0.6713881019830028,0.6718995290423861
Uformer-lite (L1),BraTS2021_00072,32.41343,0.957044780254364,0.09988056,0.7746979388770433,0.7781155015197568,0.7171597633136094
Uformer-lite (L1),BraTS2021_00072,32.463917,0.9630687236785889,0.09458987,0.7599502487562189,0.4444444444444444,0.5352112676056338
Uformer-lite (L1),BraTS2021_00072,32.610405,0.9647197723388672,0.094630495,0.798590130916415,0.8567293777134588,0.7484220018034266
Uformer-lite (L1),BraTS2021_00072,32.51598,0.9704342484474182,0.09225864,0.8256880733944955,0.9003095975232198,0.755
Uformer-lite (L1),BraTS2021_00072,32.691692,0.9717971682548523,0.09122709,0.828491842419419,0.8107448107448108,0.7294117647058823
Uformer-lite (L1),BraTS2021_00072,32.531067,0.9714918732643127,0.09243938,0.8524107471475892,0.804147465437788,0.6931174089068826
Uformer-lite (L1),BraTS2021_00072,31.988134,0.969882607460022,0.096903786,0.8709297763828953,0.6066708621774701,0.6791393826005613
Uformer-lite (L1),BraTS2021_00072,32.253696,0.9738149642944336,0.09202744,0.8980797636632201,0.8250254323499492,0.7015873015873015
Uformer-lite (L1),BraTS2021_00072,32.21572,0.9748553037643433,0.092600495,0.9192458199928851,0.8647114474929044,0.7561890472618155
Uformer-lite (L1),BraTS2021_00072,32.286404,0.9744139909744263,0.091706164,0.9530563998649105,0.8833922261484098,0.7664429530201342
Uformer-lite (L1),BraTS2021_00072,32.6466,0.9737868309020996,0.092354156,0.9004447485460144,0.7741631305987742,0.7454031117397454
Uformer-lite (L1),BraTS2021_00072,32.47355,0.9746013879776001,0.0917579,0.9332901554404145,0.8421955403087479,0.7961290322580645
Uformer-lite (L1),BraTS2021_00072,32.338913,0.9752166271209717,0.09043337,0.9623224212476837,0.9361216730038023,0.8137931034482758
Uformer-lite (L1),BraTS2021_00072,32.543213,0.9768547415733337,0.08759174,0.9564684242795831,0.9050019387359441,0.8231404958677686
Uformer-lite (L1),BraTS2021_00072,32.437447,0.9759659171104431,0.08944992,0.92187009727016,0.8439024390243902,0.7850162866449512
Uformer-lite (L1),BraTS2021_00072,32.285797,0.9743671417236328,0.091116875,0.9466019417475728,0.9193008553365564,0.7997919916796672
Uformer-lite (L1),BraTS2021_00072,32.484077,0.9751613140106201,0.08983736,0.9078737647433854,0.8742609381158849,0.7424322889006904
Uformer-lite (L1),BraTS2021_00072,32.275154,0.974764883518219,0.09085312,0.9526123936816525,0.9108614232209737,0.7894997523526498
Uformer-lite (L1),BraTS2021_00072,32.344223,0.9746835231781006,0.09038524,0.9303342705404561,0.8814493895234344,0.7921406411582212
Uformer-lite (L1),BraTS2021_00072,32.2618,0.9742615818977356,0.09115216,0.9433261071539176,0.9138663576670529,0.8016528925619835
Uformer-lite (L1),BraTS2021_00072,32.52725,0.9764750003814697,0.08929969,0.9508599508599509,0.9080280592361653,0.7723169508525577
Uformer-lite (L1),BraTS2021_00072,32.306824,0.9760090708732605,0.08860752,0.95903911302741,0.9390571100038329,0.8074534161490683
Uformer-lite (L1),BraTS2021_00072,32.305405,0.9760594964027405,0.08869462,0.9582417582417583,0.913347022587269,0.8420496566296883
Uformer-lite (L1),BraTS2021_00072,32.278217,0.9766169786453247,0.08943109,0.9556681443951869,0.8680403331871986,0.8023952095808383
Uformer-lite (L1),BraTS2021_00072,32.39205,0.9774207472801208,0.08567605,0.9412148922273024,0.9265734265734266,0.8133262823902697
Uformer-lite (L1),BraTS2021_00072,32.494736,0.9772604703903198,0.08722252,0.9352112676056338,0.9149447381066795,0.8358714043993232
Uformer-lite (L1),BraTS2021_00072,32.864998,0.976864218711853,0.08622377,0.9150622876557192,0.9183673469387755,0.8192192192192193
Uformer-lite (L1),BraTS2021_00072,32.96187,0.9775434136390686,0.08446882,0.9196116504854369,0.8917995444191344,0.8165443629086058
Uformer-lite (L1),BraTS2021_00072,32.92213,0.9764617085456848,0.08446777,0.9136752136752136,0.950519242516799,0.8701986754966887
Uformer-lite (L1),BraTS2021_00072,33.10208,0.9758281707763672,0.08274503,0.8851834206765127,0.8913362701908958,0.8671875
Uformer-lite (L1),BraTS2021_00072,33.402172,0.9787706732749939,0.07984045,0.8944357774310973,0.7572815533980582,0.7083753784056509
Uformer-lite (L1),BraTS2021_00072,33.670696,0.9788514971733093,0.078719206,0.8250319284802043,0.8077360637087599,0.8009153318077803
Uformer-lite (L1),BraTS2021_00072,33.816753,0.9783245921134949,0.07960485,0.8644965934897805,0.8557213930348259,0.8557213930348259
Uformer-lite (L1),BraTS2021_00072,34.222633,0.9782513976097107,0.07657416,0.8410852713178295,0.9042553191489362,0.9042553191489362
Uformer-lite (L1),BraTS2021_00072,34.231842,0.976970911026001,0.07746437,0.7728613569321534,0.0,0.0
Uformer-lite (L1),BraTS2021_00072,34.259533,0.9750869870185852,0.07753719,0.7185929648241206,nan,nan
Uformer-lite (L1),BraTS2021_00095,30.404215,0.9441184401512146,0.17505497,0.0,nan,nan
Uformer-lite (L1),BraTS2021_00095,30.429686,0.942146360874176,0.17347187,nan,nan,nan
Uformer-lite (L1),BraTS2021_00095,30.82076,0.9459825754165649,0.1641107,0.0,nan,nan
Uformer-lite (L1),BraTS2021_00095,30.1167,0.9320957064628601,0.17257981,0.0,nan,nan
Uformer-lite (L1),BraTS2021_00095,30.474741,0.932367742061615,0.16358332,0.3333333333333333,nan,nan
Uformer-lite (L1),BraTS2021_00095,30.903812,0.9244809746742249,0.15594716,0.45454545454545453,nan,nan
Uformer-lite (L1),BraTS2021_00095,31.228458,0.9194326996803284,0.15184158,0.09523809523809523,0.0,0.0
Uformer-lite (L1),BraTS2021_00095,31.52082,0.9259108304977417,0.13893019,0.24242424242424243,0.0,0.0
Uformer-lite (L1),BraTS2021_00095,31.529388,0.9206915497779846,0.14246452,0.7262135922330097,0.7267605633802817,0.7267605633802817
Uformer-lite (L1),BraTS2021_00095,31.860788,0.9236400723457336,0.13458611,0.6579634464751958,0.5735849056603773,0.5735849056603773
Uformer-lite (L1),BraTS2021_00095,31.996582,0.9360229969024658,0.12935679,0.7791563275434243,0.29573170731707316,0.30218068535825543
Uformer-lite (L1),BraTS2021_00095,32.03363,0.9410549998283386,0.12551835,0.8569651741293532,0.647495361781076,0.6853146853146853
Uformer-lite (L1),BraTS2021_00095,31.894787,0.9469894766807556,0.12752746,0.8537234042553191,0.5463108320251178,0.5207920792079208
Uformer-lite (L1),BraTS2021_00095,31.681051,0.9517219662666321,0.12392192,0.8572433192686357,0.7077255537547271,0.6040570999248686
Uformer-lite (L1),BraTS2021_00095,31.681137,0.9562726616859436,0.119398504,0.9078518518518518,0.7950784896054306,0.6607256524506684
Uformer-lite (L1),BraTS2021_00095,31.59795,0.9601181149482727,0.119876854,0.9513513513513514,0.7702213279678068,0.5786330457863305
Uformer-lite (L1),BraTS2021_00095,31.754707,0.9653075933456421,0.11554998,0.9662808253648717,0.814362657091562,0.6864353312302839
Uformer-lite (L1),BraTS2021_00095,31.665327,0.9680126309394836,0.1132806,0.9629275292992107,0.9427710843373494,0.839073262366938
Uformer-lite (L1),BraTS2021_00095,31.399097,0.9687646627426147,0.11566277,0.9641398093508852,0.8936807427373465,0.6661129568106312
Uformer-lite (L1),BraTS2021_00095,31.643486,0.9751842617988586,0.10714779,0.962546005628924,0.9160261884429263,0.6849015317286652
Uformer-lite (L1),BraTS2021_00095,31.675673,0.972820520401001,0.10898255,0.9583159649854106,0.9713534822601839,0.7736900780379041
Uformer-lite (L1),BraTS2021_00095,31.580456,0.9753819108009338,0.10964459,0.9539895165987187,0.9059176438505591,0.5250737463126843
Uformer-lite (L1),BraTS2021_00095,31.457882,0.9750352501869202,0.1077579,0.9665866715894407,0.9703315881326352,0.7729591836734694
Uformer-lite (L1),BraTS2021_00095,31.259983,0.9776332974433899,0.10562157,0.9616487455197132,0.9352734570998494,0.6685006877579092
Uformer-lite (L1),BraTS2021_00095,31.353472,0.9785547256469727,0.10640093,0.9698448666550462,0.9540566959921799,0.672463768115942
Uformer-lite (L1),BraTS2021_00095,31.254435,0.9771275520324707,0.10629311,0.9713983050847458,0.9622009569377991,0.7408412483039348
Uformer-lite (L1),BraTS2021_00095,31.083,0.9785895943641663,0.10526815,0.9795132201015584,0.9647003079838901,0.7272727272727273
Uformer-lite (L1),BraTS2021_00095,31.315882,0.9784644842147827,0.10548367,0.9791883454734651,0.9634002361275088,0.7315716272600834
Uformer-lite (L1),BraTS2021_00095,31.002066,0.979103684425354,0.10461574,0.9806845137241613,0.9813148788927336,0.8015978695073236
Uformer-lite (L1),BraTS2021_00095,31.035606,0.978064239025116,0.10643402,0.9756670582312469,0.9857732905002294,0.8252688172043011
Uformer-lite (L1),BraTS2021_00095,31.09539,0.9804061651229858,0.10327359,0.9765508065857309,0.9758812615955473,0.7314285714285714
Uformer-lite (L1),BraTS2021_00095,31.077286,0.9790940880775452,0.10431796,0.9698353171368009,0.9773043075497916,0.8256410256410256
Uformer-lite (L1),BraTS2021_00095,31.261345,0.980505108833313,0.100647256,0.9748530372305683,0.9894688644688645,0.8457831325301205
Uformer-lite (L1),BraTS2021_00095,31.264019,0.9816771745681763,0.1001169,0.9736499674690956,0.9721040189125295,0.7868421052631579
Uformer-lite (L1),BraTS2021_00095,31.49642,0.9808452725410461,0.09890058,0.9731903485254692,0.9775041439734786,0.8182912154031288
Uformer-lite (L1),BraTS2021_00095,31.766912,0.9822064638137817,0.09675744,0.9719222462203023,0.9778319123020707,0.8019680196801968
Uformer-lite (L1),BraTS2021_00095,32.02752,0.9844925403594971,0.090782456,0.9690551050802582,0.9753148614609571,0.7764423076923077
Uformer-lite (L1),BraTS2021_00095,32.259964,0.9844478964805603,0.09033526,0.9689067201604814,0.9645390070921985,0.8262806236080178
Uformer-lite (L1),BraTS2021_00095,32.383186,0.9856484532356262,0.08701458,0.9641078481882192,0.9685124864277959,0.8083242059145673
Uformer-lite (L1),BraTS2021_00095,32.789196,0.9849624037742615,0.08555259,0.9627547434996486,0.9836338418862691,0.8916116870876531
Uformer-lite (L1),BraTS2021_00095,32.800137,0.9836578369140625,0.08795125,0.9608553823849221,0.9666568309235762,0.826868495742668
Uformer-lite (L1),BraTS2021_00095,32.97009,0.9842085242271423,0.08622067,0.9611370996761425,0.9632213062777425,0.7894736842105263
Uformer-lite (L1),BraTS2021_00095,33.056267,0.9828545451164246,0.08675041,0.9590730704541207,0.9602986087546658,0.8108597285067873
Uformer-lite (L1),BraTS2021_00095,33.441063,0.9847521781921387,0.08217183,0.9497349661853409,0.9333333333333333,0.7634782608695653
Uformer-lite (L1),BraTS2021_00095,33.538055,0.9821923971176147,0.08441734,0.9620253164556962,0.9300040933278756,0.7710651828298887
Uformer-lite (L1),BraTS2021_00095,33.53235,0.9817894697189331,0.08341043,0.9591656354958459,0.886039886039886,0.6961157654226962
Uformer-lite (L1),BraTS2021_00095,33.734,0.9834918975830078,0.07921252,0.9635767305368548,0.8079625292740047,0.6850108616944244
Uformer-lite (L1),BraTS2021_00095,33.752884,0.9801762104034424,0.08360967,0.9692517936453707,0.7938144329896907,0.6760330578512397
Uformer-lite (L1),BraTS2021_00095,34.37495,0.984342634677887,0.0775586,0.9760765550239234,0.6650998824911868,0.6400966183574879
Uformer-lite (L1),BraTS2021_00095,34.320415,0.9828685522079468,0.07704952,0.9668649107901445,0.6279569892473118,0.6096491228070176
Uformer-lite (L1),BraTS2021_00095,34.629227,0.9857450723648071,0.07392845,0.9793246037215714,0.1871345029239766,0.1871345029239766
Uformer-lite (L1),BraTS2021_00095,34.646366,0.9861406087875366,0.07308637,0.974934268185802,0.0,0.0
Uformer-lite (L1),BraTS2021_00095,34.634834,0.9867843985557556,0.07292594,0.9761263686950278,0.0,nan
Uformer-lite (L1),BraTS2021_00095,35.0176,0.9876053929328918,0.07003179,0.9823573573573574,nan,nan
Uformer-lite (L1),BraTS2021_00095,34.54606,0.9849221706390381,0.07513284,0.981904012588513,nan,nan
Uformer-lite (L1),BraTS2021_00095,34.451717,0.9853577017784119,0.07699489,0.9740313272877164,nan,nan
Uformer-lite (L1),BraTS2021_00095,34.19816,0.9853044748306274,0.07717706,0.9665443557090438,nan,nan
Uformer-lite (L1),BraTS2021_00095,33.9958,0.9805215001106262,0.08251509,0.9777562862669246,nan,nan
Uformer-lite (L1),BraTS2021_00095,34.1047,0.981243908405304,0.08372339,0.9835380193362947,nan,nan
Uformer-lite (L1),BraTS2021_00095,33.623947,0.9812501072883606,0.08398325,0.9823225455534403,nan,nan
Uformer-lite (L1),BraTS2021_00095,33.618923,0.9796000719070435,0.08697653,0.9766788423714526,nan,nan
Uformer-lite (L1),BraTS2021_00095,33.502956,0.9795930981636047,0.08747764,0.9713799943326722,nan,nan
Uformer-lite (L1),BraTS2021_00095,33.09178,0.9755710959434509,0.09147691,0.9796879599646747,nan,nan
Uformer-lite (L1),BraTS2021_00095,33.074608,0.9787480235099792,0.090739235,0.9800552316661553,nan,nan
Uformer-lite (L1),BraTS2021_00095,32.629818,0.970963180065155,0.09906029,0.9774629748873149,nan,nan
Uformer-lite (L1),BraTS2021_00095,32.48876,0.970138430595398,0.10174009,0.9809936645548516,nan,nan
Uformer-lite (L1),BraTS2021_00095,32.185093,0.9711703062057495,0.10109811,0.9747013352073085,nan,nan
Uformer-lite (L1),BraTS2021_00095,32.170902,0.9643300175666809,0.10717094,0.9619651347068146,nan,nan
Uformer-lite (L1),BraTS2021_00095,31.825237,0.9563100934028625,0.11426524,0.9457155675190668,nan,nan
Uformer-lite (L1),BraTS2021_00095,31.621067,0.9498444199562073,0.12007399,0.9037703995498031,nan,nan
Uformer-lite (L1),BraTS2021_00095,31.6432,0.9567209482192993,0.11689629,0.8967136150234741,nan,nan
Uformer-lite (L1),BraTS2021_00095,31.328712,0.9492623805999756,0.12344075,0.8222490931076178,nan,nan
Uformer-lite (L1),BraTS2021_00095,31.047577,0.9503733515739441,0.12582818,0.9175627240143369,nan,nan
Uformer-lite (L1),BraTS2021_00095,30.926504,0.9479126334190369,0.13243343,0.8548812664907651,nan,nan
Uformer-lite (L1),BraTS2021_00097,30.897861,0.9483206272125244,0.11443094,0.0,nan,nan
Uformer-lite (L1),BraTS2021_00097,31.560324,0.955807089805603,0.10726665,0.021505376344086023,nan,nan
Uformer-lite (L1),BraTS2021_00097,31.440477,0.9471767544746399,0.11085496,0.32075471698113206,0.0,0.0
Uformer-lite (L1),BraTS2021_00097,31.47147,0.9539987444877625,0.10579257,0.7958333333333333,0.5178571428571429,0.5178571428571429
Uformer-lite (L1),BraTS2021_00097,31.433739,0.9500668048858643,0.10549853,0.8107142857142857,0.8780487804878049,0.8780487804878049
Uformer-lite (L1),BraTS2021_00097,31.55548,0.9513865113258362,0.10348919,0.8604992657856094,0.9259259259259259,0.9259259259259259
Uformer-lite (L1),BraTS2021_00097,31.591518,0.9540334939956665,0.10162592,0.8798955613577023,0.9328621908127208,0.9214285714285714
Uformer-lite (L1),BraTS2021_00097,31.512714,0.9603785872459412,0.10081869,0.9308035714285714,0.9146341463414634,0.8987341772151899
Uformer-lite (L1),BraTS2021_00097,31.254974,0.9569244980812073,0.10485725,0.920863309352518,0.8803827751196173,0.8368421052631579
Uformer-lite (L1),BraTS2021_00097,31.432034,0.9608136415481567,0.100239396,0.9034090909090909,0.9124087591240876,0.8930817610062893
Uformer-lite (L1),BraTS2021_00097,31.354456,0.9661749601364136,0.09915828,0.9396984924623115,0.9503759398496241,0.9441441441441442
Uformer-lite (L1),BraTS2021_00097,31.247784,0.9667851328849792,0.099492155,0.9646697388632872,0.9437908496732026,0.9192546583850931
Uformer-lite (L1),BraTS2021_00097,31.412872,0.9691879153251648,0.09600975,0.9788783685360525,0.9702734839476813,0.9244186046511628
Uformer-lite (L1),BraTS2021_00097,31.82824,0.9703400731086731,0.09524947,0.9782456140350877,0.9663677130044843,0.9074626865671642
Uformer-lite (L1),BraTS2021_00097,31.783672,0.9735624194145203,0.08962469,0.9767132401862941,0.8311990686845169,0.8532110091743119
Uformer-lite (L1),BraTS2021_00097,31.992485,0.9737712144851685,0.090231955,0.9822335025380711,0.9362591431556949,0.8581436077057794
Uformer-lite (L1),BraTS2021_00097,32.319065,0.9755998849868774,0.08867332,0.9901477832512315,0.8710359408033826,0.863716814159292
Uformer-lite (L1),BraTS2021_00097,32.19995,0.9772574305534363,0.08722902,0.9875074360499703,0.8884422110552764,0.8777969018932874
Uformer-lite (L1),BraTS2021_00097,32.4746,0.9767184853553772,0.087952726,0.9837019790454016,0.949667616334283,0.8917431192660551
Uformer-lite (L1),BraTS2021_00097,32.38623,0.9790992736816406,0.08511288,0.9886104783599089,0.8634984833164813,0.8703374777975134
Uformer-lite (L1),BraTS2021_00097,32.624718,0.9791688919067383,0.08266924,0.9875283446712018,0.8794326241134752,0.8692449355432781
Uformer-lite (L1),BraTS2021_00097,32.4818,0.977841317653656,0.084538326,0.9813242784380306,0.8741188318227593,0.8394160583941606
Uformer-lite (L1),BraTS2021_00097,32.633938,0.9769048690795898,0.08467129,0.987485779294653,0.8556263269639066,0.8508946322067594
Uformer-lite (L1),BraTS2021_00097,32.68911,0.9782592058181763,0.08300966,0.9891737891737892,0.8299776286353467,0.8298279158699808
Uformer-lite (L1),BraTS2021_00097,32.45193,0.9745070338249207,0.0844765,0.9876977152899824,0.9436325678496869,0.8629629629629629
Uformer-lite (L1),BraTS2021_00097,32.480194,0.9755127429962158,0.08464172,0.9887640449438202,0.9387755102040817,0.8497409326424871
Uformer-lite (L1),BraTS2021_00097,32.719505,0.9752696752548218,0.08320251,0.9604190919674039,0.9732620320855615,0.8624787775891342
Uformer-lite (L1),BraTS2021_00097,32.511345,0.9739758968353271,0.085322745,0.9616306954436451,0.9758241758241758,0.8778135048231511
Uformer-lite (L1),BraTS2021_00097,32.65925,0.9671340584754944,0.08809946,0.9643097643097643,0.9815668202764977,0.8986384266263238
Uformer-lite (L1),BraTS2021_00097,32.52951,0.9722589254379272,0.08582723,0.9743589743589743,0.9595238095238096,0.8891820580474934
Uformer-lite (L1),BraTS2021_00097,32.140213,0.9661272764205933,0.09188546,0.9722222222222222,0.9628681177976952,0.9430463576158941
Uformer-lite (L1),BraTS2021_00097,32.11608,0.961012601852417,0.096419744,0.9697986577181208,0.9625520110957004,0.9530583214793741
Uformer-lite (L1),BraTS2021_00097,31.843748,0.9600754976272583,0.09821899,0.9528301886792453,0.9345794392523364,0.9142857142857143
Uformer-lite (L1),BraTS2021_00097,31.487091,0.9641165137290955,0.10000397,0.9341963322545846,0.833976833976834,0.819672131147541
Uformer-lite (L1),BraTS2021_00097,31.55465,0.9638561606407166,0.0998792,0.9441747572815534,0.8372093023255814,0.8372093023255814
Uformer-lite (L1),BraTS2021_00097,31.335339,0.9597275257110596,0.10338008,0.9362279511533242,0.8698884758364313,0.8764044943820225
Uformer-lite (L1),BraTS2021_00097,31.485783,0.9628092050552368,0.102540515,0.9174041297935103,0.5147058823529411,0.5147058823529411
Uformer-lite (L1),BraTS2021_00097,31.400034,0.9632002711296082,0.105039686,0.900523560209424,0.29411764705882354,0.26865671641791045
Uformer-lite (L1),BraTS2021_00097,31.161171,0.9636096358299255,0.107760996,0.8817635270541082,0.0,0.0
Uformer-lite (L1),BraTS2021_00097,30.920536,0.9593589305877686,0.1120291,0.6971830985915493,nan,nan
Uformer-lite (L1),BraTS2021_00105,30.992218,0.9895985722541809,0.08107443,0.40236686390532544,nan,nan
Uformer-lite (L1),BraTS2021_00105,30.730877,0.9880616664886475,0.086213425,0.0,nan,nan
Uformer-lite (L1),BraTS2021_00105,30.79189,0.9891302585601807,0.08325015,0.4925053533190578,nan,nan
Uformer-lite (L1),BraTS2021_00105,30.431198,0.9881349205970764,0.08509117,0.7277777777777777,nan,nan
Uformer-lite (L1),BraTS2021_00105,30.77898,0.9878489375114441,0.0848434,0.3962558502340094,nan,nan
Uformer-lite (L1),BraTS2021_00105,29.247389,0.9830909371376038,0.09834342,0.8253393665158371,nan,nan
Uformer-lite (L1),BraTS2021_00105,28.386003,0.9762873649597168,0.10894612,0.8121590023382697,nan,nan
Uformer-lite (L1),BraTS2021_00105,29.385113,0.9793532490730286,0.092977785,0.8880688806888068,0.0,0.0
Uformer-lite (L1),BraTS2021_00105,30.403591,0.9814297556877136,0.08274978,0.8302961275626424,0.6341463414634146,0.6341463414634146
Uformer-lite (L1),BraTS2021_00105,30.008581,0.9808881878852844,0.08459747,0.8780061215566244,0.5818181818181818,0.575091575091575
Uformer-lite (L1),BraTS2021_00105,29.996815,0.9791743755340576,0.084224395,0.9119718309859155,0.8632872503840245,0.832807570977918
Uformer-lite (L1),BraTS2021_00105,30.139378,0.9777566194534302,0.08206504,0.8686626746506986,0.8927250308261405,0.8632911392405064
Uformer-lite (L1),BraTS2021_00105,29.91481,0.9777106642723083,0.08147108,0.8097432521395656,0.8395303326810176,0.8084656084656084
Uformer-lite (L1),BraTS2021_00105,30.24157,0.9774665832519531,0.07935256,0.842813867384719,0.8787061994609164,0.8089668615984406
Uformer-lite (L1),BraTS2021_00105,29.91432,0.9763414263725281,0.08011216,0.8433411606843341,0.8804616652926628,0.7908675799086758
Uformer-lite (L1),BraTS2021_00105,30.29282,0.9760957360267639,0.07775583,0.9232531500572738,0.8711943793911007,0.7871772039180766
Uformer-lite (L1),BraTS2021_00105,30.398422,0.9735782742500305,0.078741655,0.8582541054451167,0.7930313588850174,0.8080985915492958
Uformer-lite (L1),BraTS2021_00105,29.923658,0.9707105159759521,0.08048517,0.9362376237623763,0.7700258397932817,0.7974683544303798
Uformer-lite (L1),BraTS2021_00105,29.959774,0.9663188457489014,0.080796406,0.9021645021645022,0.7645926876202694,0.7842401500938087
Uformer-lite (L1),BraTS2021_00105,30.165905,0.9667103290557861,0.07675084,0.927194018103109,0.7651747394236664,0.7699443413729128
Uformer-lite (L1),BraTS2021_00105,30.44222,0.9626150727272034,0.07666419,0.9003660024400163,0.8247191011235955,0.8075601374570447
Uformer-lite (L1),BraTS2021_00105,30.750599,0.9689192771911621,0.07144542,0.9025641025641026,0.8235919234856536,0.7968
Uformer-lite (L1),BraTS2021_00105,30.680544,0.9672694206237793,0.071292974,0.9412628487518355,0.8629073978272116,0.8173076923076923
Uformer-lite (L1),BraTS2021_00105,30.675865,0.9670950770378113,0.072319664,0.9131225009087605,0.8057784911717496,0.7939949958298582
Uformer-lite (L1),BraTS2021_00105,30.608948,0.9632854461669922,0.07345267,0.8929194279734914,0.834774255523535,0.759493670886076
Uformer-lite (L1),BraTS2021_00105,30.573132,0.9633026719093323,0.071878344,0.910759493670886,0.8787472035794184,0.7531914893617021
Uformer-lite (L1),BraTS2021_00105,30.603558,0.9667717814445496,0.07218,0.8933601609657947,0.8189464364763169,0.751412429378531
Uformer-lite (L1),BraTS2021_00105,30.507915,0.9613759517669678,0.073305726,0.894420600858369,0.7753818508535489,0.6993217784476262
Uformer-lite (L1),BraTS2021_00105,30.529903,0.959945023059845,0.07544413,0.8997821350762527,0.8634222919937206,0.7982779827798278
Uformer-lite (L1),BraTS2021_00105,30.546307,0.9623350501060486,0.074588634,0.9561752988047809,0.8976146788990825,0.7858851674641149
Uformer-lite (L1),BraTS2021_00105,30.675522,0.9647199511528015,0.07333644,0.9356994699239456,0.9112050739957717,0.7312883435582822
Uformer-lite (L1),BraTS2021_00105,30.616655,0.9655186533927917,0.07314077,0.9296966846931578,0.9206873760740251,0.7567567567567568
Uformer-lite (L1),BraTS2021_00105,30.689888,0.9671177864074707,0.07195205,0.9476332037502858,0.9179902755267423,0.7583176396735719
Uformer-lite (L1),BraTS2021_00105,30.599451,0.9681063294410706,0.07222096,0.9634418189924209,0.9478005865102639,0.7830626450116009
Uformer-lite (L1),BraTS2021_00105,30.721642,0.9678648710250854,0.07335622,0.9427254772876893,0.9500901984365604,0.7918367346938775
Uformer-lite (L1),BraTS2021_00105,30.79134,0.9682888388633728,0.07192958,0.930658525948539,0.9724099099099099,0.8032407407407407
Uformer-lite (L1),BraTS2021_00105,30.762655,0.9711848497390747,0.0700355,0.9441375076734193,0.9496080627099664,0.738206324520477
Uformer-lite (L1),BraTS2021_00105,30.708305,0.9703434109687805,0.07041002,0.9733885274985216,0.9773730684326711,0.7616413093591516
Uformer-lite (L1),BraTS2021_00105,30.981236,0.9674586057662964,0.07095211,0.9142488716956803,0.927536231884058,0.7712355212355212
Uformer-lite (L1),BraTS2021_00105,31.035652,0.9679341912269592,0.07028353,0.9394194362641985,0.9225203497135966,0.7880658436213992
Uformer-lite (L1),BraTS2021_00105,31.134735,0.9706264734268188,0.06738005,0.9780816408606475,0.9614293817356778,0.8022492970946579
Uformer-lite (L1),BraTS2021_00105,30.994354,0.9661005735397339,0.06823218,0.9502808404410235,0.917841814837523,0.7902825979176995
Uformer-lite (L1),BraTS2021_00105,31.311405,0.967551589012146,0.06788677,0.9702075200328745,0.9603960396039604,0.7525773195876289
Uformer-lite (L1),BraTS2021_00105,31.462334,0.9654929041862488,0.06618299,0.8621250871890258,0.7990381312263827,0.7884057971014493
Uformer-lite (L1),BraTS2021_00105,31.514599,0.9629392623901367,0.065907724,0.8795884966097732,0.8211551844119693,0.7764423076923077
Uformer-lite (L1),BraTS2021_00105,31.578379,0.9676808714866638,0.06554696,0.9448681629984746,0.8309314586994727,0.771850170261067
Uformer-lite (L1),BraTS2021_00105,31.409218,0.9608530402183533,0.066809185,0.9030303030303031,0.8197802197802198,0.7856693903205532
Uformer-lite (L1),BraTS2021_00105,31.541992,0.9597705006599426,0.06605742,0.964795008912656,0.888328530259366,0.7586206896551724
Uformer-lite (L1),BraTS2021_00105,31.620321,0.9648535847663879,0.06414965,0.9571913929784824,0.8680033416875522,0.78099173553719
Uformer-lite (L1),BraTS2021_00105,31.513016,0.9535969495773315,0.06668166,0.9410609037328095,0.8757505773672055,0.7729970326409495
Uformer-lite (L1),BraTS2021_00105,31.448177,0.9580885171890259,0.06649393,0.9524752475247524,0.9077794951056156,0.8325041459369817
Uformer-lite (L1),BraTS2021_00105,31.816101,0.95811527967453,0.06528211,0.9383738995339203,0.9296218487394958,0.829308909242298
Uformer-lite (L1),BraTS2021_00105,31.620653,0.956558108329773,0.06723858,0.9581845996940337,0.9102202145680407,0.8274647887323944
Uformer-lite (L1),BraTS2021_00105,31.724205,0.952586829662323,0.065833926,0.9498977505112475,0.9224441833137486,0.8091468777484608
Uformer-lite (L1),BraTS2021_00105,31.6164,0.9528542757034302,0.06853582,0.9567496723460026,0.9498412698412698,0.8208191126279863
Uformer-lite (L1),BraTS2021_00105,31.38023,0.9608237743377686,0.066787146,0.919921875,0.8898356664637858,0.7509349289454001
Uformer-lite (L1),BraTS2021_00105,31.397766,0.9555002450942993,0.06793134,0.9292873051224945,0.9497206703910615,0.8231458842705787
Uformer-lite (L1),BraTS2021_00105,31.208532,0.9578152298927307,0.069734246,0.9334032511798637,0.9179157744468237,0.797962648556876
Uformer-lite (L1),BraTS2021_00105,31.234472,0.9631392955780029,0.068573065,0.9255490091055169,0.9332220367278798,0.8766859344894027
Uformer-lite (L1),BraTS2021_00105,31.387205,0.9667286276817322,0.06793398,0.923337091319053,0.9442379182156134,0.8779443254817987
Uformer-lite (L1),BraTS2021_00105,31.0973,0.9661242961883545,0.07038294,0.9346347234545992,0.8568306010928962,0.9098143236074271
Uformer-lite (L1),BraTS2021_00105,30.942184,0.965027928352356,0.07238995,0.9119260756569448,0.8195413758723828,0.743142144638404
Uformer-lite (L1),BraTS2021_00105,30.792809,0.9612599015235901,0.074015185,0.929143561306223,0.7147147147147147,0.6096938775510204
Uformer-lite (L1),BraTS2021_00105,31.1042,0.96526700258255,0.074557275,0.8808446455505279,0.605543710021322,0.7869822485207101
Uformer-lite (L1),BraTS2021_00105,30.079508,0.9615938663482666,0.08105324,0.8982775430614235,0.6461988304093568,0.5807622504537205
Uformer-lite (L1),BraTS2021_00105,30.21865,0.9659655094146729,0.08117789,0.8231203824424164,0.0,0.0
Uformer-lite (L1),BraTS2021_00105,30.005701,0.9695420265197754,0.08238445,0.7951918631530283,0.0,0.0
Uformer-lite (L1),BraTS2021_00105,29.992695,0.9719048142433167,0.084148936,0.9355246523388117,0.0,0.0
Uformer-lite (L1),BraTS2021_00105,29.632648,0.9722171425819397,0.087525874,0.927674317886531,0.0,0.0
Uformer-lite (L1),BraTS2021_00105,29.708183,0.975653886795044,0.0871984,0.9235639981908639,0.0,nan
Uformer-lite (L1),BraTS2021_00105,29.57285,0.9767845869064331,0.09014703,0.877605558524853,nan,nan
Uformer-lite (L1),BraTS2021_00105,29.100636,0.9778880476951599,0.095038444,0.8896725440806046,nan,nan
Uformer-lite (L1),BraTS2021_00105,28.60559,0.9770694971084595,0.102440566,0.8122033898305084,nan,nan
Uformer-lite (L1),BraTS2021_00105,28.63837,0.9788084626197815,0.10592861,0.873305833824396,nan,nan
Uformer-lite (L1),BraTS2021_00105,28.772404,0.9818028807640076,0.1033492,0.8864942528735632,nan,nan
Uformer-lite (L1),BraTS2021_00105,28.978027,0.9829399585723877,0.107191555,0.8545454545454545,nan,nan
Uformer-lite (L1),BraTS2021_00105,28.355568,0.982618510723114,0.11409101,0.8333333333333334,nan,nan
Uformer-lite (L1),BraTS2021_00105,28.330688,0.9825748801231384,0.12012162,0.8090185676392573,nan,nan
Uformer-lite (L1),BraTS2021_00105,28.10626,0.9823936820030212,0.12812474,0.7352445193929174,nan,nan
Uformer-lite (L1),BraTS2021_00105,28.110048,0.9815574288368225,0.13935836,0.6937269372693727,nan,nan
Uformer-lite (L1),BraTS2021_00106,28.690285,0.9658918380737305,0.10122079,0.4,nan,nan
Uformer-lite (L1),BraTS2021_00106,29.106358,0.966496467590332,0.09490778,0.5,nan,nan
Uformer-lite (L1),BraTS2021_00106,29.283432,0.9676094055175781,0.09199871,0.6193078324225865,nan,nan
Uformer-lite (L1),BraTS2021_00106,29.170547,0.9620195031166077,0.090259336,0.7198748043818466,nan,nan
Uformer-lite (L1),BraTS2021_00106,29.499063,0.9620737433433533,0.08669023,0.6823770491803278,nan,nan
Uformer-lite (L1),BraTS2021_00106,29.633698,0.9546000361442566,0.084585026,0.7787787787787788,nan,nan
Uformer-lite (L1),BraTS2021_00106,30.066692,0.9553900361061096,0.08086639,0.7507246376811594,nan,nan
Uformer-lite (L1),BraTS2021_00106,30.374231,0.9557898044586182,0.07424998,0.6770428015564203,0.0,0.0
Uformer-lite (L1),BraTS2021_00106,30.768957,0.9612166285514832,0.069470525,0.6929598230740878,0.0,0.0
Uformer-lite (L1),BraTS2021_00106,31.00751,0.9607256650924683,0.06989923,0.8221003134796239,0.0,0.0
Uformer-lite (L1),BraTS2021_00106,31.366535,0.9651287198066711,0.066227935,0.8757894736842106,0.0,0.0
Uformer-lite (L1),BraTS2021_00106,32.47484,0.9752597212791443,0.057304345,0.8843886183029992,0.0,0.0
Uformer-lite (L1),BraTS2021_00106,32.351536,0.9785512685775757,0.05616534,0.8907932322566469,0.0,0.0
Uformer-lite (L1),BraTS2021_00106,32.442234,0.9808605313301086,0.055168107,0.8558104831188211,0.0,0.0
Uformer-lite (L1),BraTS2021_00106,32.31297,0.9813552498817444,0.055712447,0.8618607954545454,0.0,0.0
Uformer-lite (L1),BraTS2021_00106,32.0603,0.9815746545791626,0.055451605,0.8497481327080076,0.018561484918793503,0.023703703703703703
Uformer-lite (L1),BraTS2021_00106,32.347683,0.9843112826347351,0.053478703,0.8652552108977515,0.010649627263045794,0.0
Uformer-lite (L1),BraTS2021_00106,32.534035,0.9826539754867554,0.054887936,0.903761602344895,0.08862034239677745,0.035759897828863345
Uformer-lite (L1),BraTS2021_00106,32.239502,0.9844838380813599,0.053904247,0.9048333833683578,0.08138658628485305,0.009541984732824428
Uformer-lite (L1),BraTS2021_00106,32.80545,0.9843191504478455,0.0522824,0.9019426456984274,0.012326656394453005,0.014773776546629732
Uformer-lite (L1),BraTS2021_00106,32.91214,0.984890878200531,0.051453922,0.9094202898550725,0.14754098360655737,0.07272727272727272
Uformer-lite (L1),BraTS2021_00106,32.65222,0.9842895269393921,0.05192677,0.9274078308088025,0.15049751243781095,0.07976366322008863
Uformer-lite (L1),BraTS2021_00106,32.33002,0.9848316311836243,0.052259304,0.9196765498652291,0.13444378346222485,0.057891109579600274
Uformer-lite (L1),BraTS2021_00106,32.69772,0.983946681022644,0.051478542,0.9176626826029216,0.19047619047619047,0.10541110330288124
Uformer-lite (L1),BraTS2021_00106,32.63597,0.9848052859306335,0.052131113,0.9314688838498363,0.06339341205717837,0.008620689655172414
Uformer-lite (L1),BraTS2021_00106,32.45673,0.9832844734191895,0.05209727,0.951819075712881,0.4798076923076923,0.22377622377622378
Uformer-lite (L1),BraTS2021_00106,32.382793,0.9833532571792603,0.05231174,0.9515875890377883,0.18223234624145787,0.16846361185983827
Uformer-lite (L1),BraTS2021_00106,32.19507,0.9832626581192017,0.05355838,0.958063743110472,0.6147110332749562,0.3310430980637102
Uformer-lite (L1),BraTS2021_00106,32.200447,0.9849100112915039,0.053667285,0.9458955223880597,0.20466173962478681,0.19426974143955275
Uformer-lite (L1),BraTS2021_00106,32.025967,0.9836494326591492,0.054159537,0.9567273587136439,0.7707539984767707,0.5764576457645765
Uformer-lite (L1),BraTS2021_00106,32.11792,0.9841516017913818,0.052973423,0.9535655058043118,0.7445652173913043,0.5606595995288575
Uformer-lite (L1),BraTS2021_00106,31.91417,0.9840726852416992,0.054505594,0.96267514423643,0.7629882442169131,0.6031567080045096
Uformer-lite (L1),BraTS2021_00106,31.891005,0.9857696294784546,0.0548534,0.9497591190640055,0.734996102883866,0.5434650455927051
Uformer-lite (L1),BraTS2021_00106,31.847515,0.9850497841835022,0.055448607,0.9547013601419279,0.4600577478344562,0.4347249834327369
Uformer-lite (L1),BraTS2021_00106,32.019794,0.9842717051506042,0.054100588,0.9573177981215075,0.7048491790759832,0.6233351092168353
Uformer-lite (L1),BraTS2021_00106,32.136375,0.9843078851699829,0.053677347,0.9407047387606319,0.722010662604722,0.6232132647226987
Uformer-lite (L1),BraTS2021_00106,31.868214,0.9862739443778992,0.055112664,0.9552483598875351,0.8374774774774775,0.6823144104803494
Uformer-lite (L1),BraTS2021_00106,31.732323,0.9849149584770203,0.05648225,0.9646831156265119,0.8452468680913781,0.7032967032967034
Uformer-lite (L1),BraTS2021_00106,31.664228,0.9862108826637268,0.055931516,0.961232843727426,0.8511749347258486,0.6762075134168157
Uformer-lite (L1),BraTS2021_00106,32.15979,0.9846745729446411,0.05446112,0.9495448634590377,0.7306242144951822,0.6975579211020664
Uformer-lite (L1),BraTS2021_00106,31.752167,0.9858010411262512,0.05529896,0.9585603852490179,0.7227253126347564,0.6981865284974094
Uformer-lite (L1),BraTS2021_00106,31.756756,0.9841137528419495,0.055813167,0.9694209499024072,0.9147915898192549,0.8218844984802431
Uformer-lite (L1),BraTS2021_00106,31.68695,0.9848996996879578,0.056926984,0.9574890742947954,0.5313309166235112,0.6229508196721312
Uformer-lite (L1),BraTS2021_00106,31.902134,0.9862272143363953,0.055579115,0.953305351521511,0.7435785807575098,0.7515657620041754
Uformer-lite (L1),BraTS2021_00106,31.632748,0.9841945171356201,0.058318987,0.981890284203569,0.9471793029105282,0.8318912237330037
Uformer-lite (L1),BraTS2021_00106,31.84132,0.9853456020355225,0.057258092,0.9695606140815246,0.9025798998844821,0.7991137370753324
Uformer-lite (L1),BraTS2021_00106,31.58284,0.9857659339904785,0.05815146,0.9643088903309539,0.9312452253628725,0.7940520446096654
Uformer-lite (L1),BraTS2021_00106,31.76622,0.9861862063407898,0.05817296,0.9625585023400937,0.8583162217659137,0.8
Uformer-lite (L1),BraTS2021_00106,31.724361,0.9857057332992554,0.059296083,0.9442776980294924,0.7273584905660377,0.7295492487479132
Uformer-lite (L1),BraTS2021_00106,31.653282,0.9845290780067444,0.06019402,0.9431106471816284,0.8828223435531289,0.7632398753894081
Uformer-lite (L1),BraTS2021_00106,31.117628,0.9841710329055786,0.063745946,0.9269800386349002,0.7769714562167392,0.7988560533841754
Uformer-lite (L1),BraTS2021_00106,30.786205,0.9829432368278503,0.06567057,0.9218525766470972,0.844950213371266,0.7745358090185677
Uformer-lite (L1),BraTS2021_00106,31.00476,0.9835712909698486,0.06666056,0.934917783611994,0.40646976090014064,0.601965601965602
Uformer-lite (L1),BraTS2021_00106,31.005718,0.9836732745170593,0.067977615,0.9192442267319804,0.3270735524256651,0.5217391304347826
Uformer-lite (L1),BraTS2021_00106,30.800276,0.9816268682479858,0.071517915,0.9330357142857143,0.24615384615384617,0.4192546583850932
Uformer-lite (L1),BraTS2021_00106,30.096409,0.9804666042327881,0.07642384,0.9298716800954939,0.2824156305506217,0.44805194805194803
Uformer-lite (L1),BraTS2021_00106,30.508854,0.9812477827072144,0.076182544,0.9278547539417105,0.26204238921001927,0.4219858156028369
Uformer-lite (L1),BraTS2021_00106,30.424297,0.9811765551567078,0.07892205,0.9009133206961917,0.2264957264957265,0.4032258064516129
Uformer-lite (L1),BraTS2021_00106,29.883053,0.9815784096717834,0.0843159,0.8983286908077994,0.20689655172413793,0.3393665158371041
Uformer-lite (L1),BraTS2021_00106,29.674198,0.9809436798095703,0.090578414,0.8662636947487722,0.13019390581717452,0.24607329842931938
Uformer-lite (L1),BraTS2021_00106,29.755756,0.9824778437614441,0.09198534,0.8919875130072841,0.03289473684210526,0.06369426751592357
Uformer-lite (L1),BraTS2021_00106,29.31395,0.9820660352706909,0.099064395,0.8910891089108911,0.0,0.0
Uformer-lite (L1),BraTS2021_00106,29.285904,0.9821427464485168,0.10442388,0.9032581453634085,0.0,0.0
Uformer-lite (L1),BraTS2021_00106,29.243908,0.9825495481491089,0.10849827,0.8946784922394678,0.0,0.0
Uformer-lite (L1),BraTS2021_00106,29.347988,0.9829402565956116,0.11486707,0.8772258669165885,0.0,0.0
Uformer-lite (L1),BraTS2021_00106,29.275864,0.9834876656532288,0.12007899,0.8316690442225392,0.0,0.0
Uformer-lite (L1),BraTS2021_00106,29.63266,0.9849920272827148,0.12183633,0.8084566596194503,0.0,0.0
Uformer-lite (L1),BraTS2021_00106,29.33825,0.9829761981964111,0.13682468,0.795307917888563,0.0,nan
Uformer-lite (L1),BraTS2021_00106,30.198414,0.9845883250236511,0.13690169,0.7952468007312614,nan,nan
Uformer-lite (L1),BraTS2021_00106,30.532778,0.983572244644165,0.14754553,0.7987012987012987,nan,nan
Uformer-lite (L1),BraTS2021_00106,31.001705,0.9835056662559509,0.1536611,0.5350877192982456,nan,nan
Uformer-lite (L1),BraTS2021_00109,30.01483,0.9774494767189026,0.07795075,0.1413793103448276,nan,nan
Uformer-lite (L1),BraTS2021_00109,29.814194,0.9728138446807861,0.07898645,0.2366288492706645,0.0,0.0
Uformer-lite (L1),BraTS2021_00109,30.087276,0.9777579307556152,0.074892394,0.23318385650224216,0.0,0.0
Uformer-lite (L1),BraTS2021_00109,29.885319,0.9734130501747131,0.077379145,0.3806228373702422,0.0,0.0
Uformer-lite (L1),BraTS2021_00109,29.912203,0.9742497801780701,0.075310804,0.3348694316436252,0.0,0.0
Uformer-lite (L1),BraTS2021_00109,29.90194,0.968561589717865,0.076594286,0.4288135593220339,0.0,0.0
Uformer-lite (L1),BraTS2021_00109,30.224827,0.9713925719261169,0.07139141,0.2810810810810811,0.0,0.0
Uformer-lite (L1),BraTS2021_00109,30.718758,0.9720472097396851,0.068040766,0.5669811320754717,0.0,0.0
Uformer-lite (L1),BraTS2021_00109,31.227705,0.9693316221237183,0.0656753,0.4048954614992351,0.0,0.0
Uformer-lite (L1),BraTS2021_00109,31.261456,0.9719201922416687,0.062109224,0.48851774530271397,0.0,0.0
Uformer-lite (L1),BraTS2021_00109,31.65092,0.9706175923347473,0.062331125,0.4891846921797005,0.0,0.0
Uformer-lite (L1),BraTS2021_00109,31.840492,0.9761079549789429,0.05884847,0.5827814569536424,0.12257100149476831,0.32954545454545453
Uformer-lite (L1),BraTS2021_00109,32.116722,0.9766064882278442,0.058148906,0.7026356589147287,0.3173431734317343,0.6568265682656826
Uformer-lite (L1),BraTS2021_00109,32.179077,0.974730908870697,0.05784289,0.6700188560653677,0.20022497187851518,0.41935483870967744
Uformer-lite (L1),BraTS2021_00109,31.71392,0.9771684408187866,0.058077473,0.7558711086837794,0.2899702085402185,0.4885057471264368
Uformer-lite (L1),BraTS2021_00109,31.952417,0.9759089946746826,0.058159556,0.7789291882556131,0.24433497536945814,0.43213296398891965
Uformer-lite (L1),BraTS2021_00109,31.62814,0.9765222668647766,0.06017998,0.7645225276282233,0.36347358997314233,0.31213872832369943
Uformer-lite (L1),BraTS2021_00109,31.59027,0.9786537289619446,0.058342617,0.7885350318471338,0.739764052741152,0.4357298474945534
Uformer-lite (L1),BraTS2021_00109,31.520844,0.9758560061454773,0.060001716,0.7979744136460555,0.4309586631486368,0.43575418994413406
Uformer-lite (L1),BraTS2021_00109,31.395044,0.978846549987793,0.05874807,0.7275058773242146,0.5775656324582339,0.4720812182741117
Uformer-lite (L1),BraTS2021_00109,31.49916,0.9757331013679504,0.058335774,0.8195413758723828,0.5382674516400336,0.5362637362637362
Uformer-lite (L1),BraTS2021_00109,31.403294,0.9787431955337524,0.058243535,0.7048722044728435,0.6056224899598394,0.6330645161290323
Uformer-lite (L1),BraTS2021_00109,31.606455,0.9776228070259094,0.057819128,0.7545296599652519,0.42857142857142855,0.6693227091633466
Uformer-lite (L1),BraTS2021_00109,31.76809,0.9807653427124023,0.056401554,0.7512437810945274,0.492831541218638,0.7412844036697248
Uformer-lite (L1),BraTS2021_00109,32.085274,0.9805640578269958,0.055216715,0.7966357558766444,0.5966386554621849,0.8053244592346089
Uformer-lite (L1),BraTS2021_00109,32.15338,0.9792740941047668,0.05518607,0.8312570781426953,0.5637130801687764,0.7221297836938436
Uformer-lite (L1),BraTS2021_00109,32.05281,0.9809756875038147,0.054711584,0.845452419920505,0.4772929652715939,0.7283018867924528
Uformer-lite (L1),BraTS2021_00109,32.20501,0.9790101051330566,0.0535724,0.7877660673692912,0.522911051212938,0.8253968253968254
Uformer-lite (L1),BraTS2021_00109,32.283092,0.9821919798851013,0.051956102,0.7765508933949006,0.4748768472906404,0.7882136279926335
Uformer-lite (L1),BraTS2021_00109,32.42634,0.9807763695716858,0.051790066,0.8098836022054319,0.5967153284671532,0.7184466019417476
Uformer-lite (L1),BraTS2021_00109,32.379917,0.9777603149414062,0.052909818,0.8389161510561126,0.7014925373134329,0.7347611202635914
Uformer-lite (L1),BraTS2021_00109,32.51204,0.9789926409721375,0.05176473,0.8075197607348857,0.5136612021857924,0.7216494845360825
Uformer-lite (L1),BraTS2021_00109,32.46165,0.9783560633659363,0.052472547,0.802826230956061,0.650390625,0.7490909090909091
Uformer-lite (L1),BraTS2021_00109,32.101154,0.9775071740150452,0.053755417,0.7302594735859623,0.617678381256656,0.7544910179640718
Uformer-lite (L1),BraTS2021_00109,32.495525,0.9778652787208557,0.05299875,0.8643046517233068,0.6582278481012658,0.7704590818363274
Uformer-lite (L1),BraTS2021_00109,32.57035,0.9794793725013733,0.05230665,0.8308128544423441,0.711864406779661,0.7627118644067796
Uformer-lite (L1),BraTS2021_00109,32.44305,0.9786719679832458,0.05395737,0.7383656201291472,0.5067466266866567,0.6954436450839329
Uformer-lite (L1),BraTS2021_00109,32.220528,0.9825195074081421,0.052716065,0.7189189189189189,0.6506024096385542,0.8083140877598153
Uformer-lite (L1),BraTS2021_00109,32.394306,0.9786764979362488,0.05487963,0.7915174882952355,0.32897196261682243,0.589041095890411
Uformer-lite (L1),BraTS2021_00109,32.17236,0.9818209409713745,0.05427861,0.6589180050718513,0.3728813559322034,0.64
Uformer-lite (L1),BraTS2021_00109,32.293015,0.9819122552871704,0.05422274,0.7428262046561992,0.30425963488843816,0.660377358490566
Uformer-lite (L1),BraTS2021_00109,32.105034,0.9821728467941284,0.05478092,0.7089178356713427,0.2857142857142857,0.6900584795321637
Uformer-lite (L1),BraTS2021_00109,32.078262,0.9807432889938354,0.05577372,0.7216216216216216,0.2546419098143236,0.7894736842105263
Uformer-lite (L1),BraTS2021_00109,31.850641,0.9814769625663757,0.057496935,0.7869044139140602,0.0,0.0
Uformer-lite (L1),BraTS2021_00109,31.719765,0.9796777367591858,0.059203204,0.7022397891963109,0.0,nan
Uformer-lite (L1),BraTS2021_00109,31.738348,0.9828855991363525,0.0586059,0.6702127659574468,nan,nan
Uformer-lite (L1),BraTS2021_00109,31.579151,0.9816296696662903,0.059948586,0.6501116071428571,nan,nan
Uformer-lite (L1),BraTS2021_00109,31.702415,0.9822032451629639,0.061386485,0.808542525290371,nan,nan
Uformer-lite (L1),BraTS2021_00109,31.698174,0.983054518699646,0.059749592,0.8,nan,nan
Uformer-lite (L1),BraTS2021_00109,31.372925,0.9813344478607178,0.062947765,0.7336914811972371,nan,nan
Uformer-lite (L1),BraTS2021_00109,30.882992,0.9807995557785034,0.06666121,0.871968962172648,nan,nan
Uformer-lite (L1),BraTS2021_00109,30.526762,0.9780616164207458,0.07010262,0.8943965517241379,nan,nan
Uformer-lite (L1),BraTS2021_00109,30.47781,0.980009913444519,0.07119698,0.7256549678695008,nan,nan
Uformer-lite (L1),BraTS2021_00109,30.00715,0.980674147605896,0.07475301,0.8069565217391305,nan,nan
Uformer-lite (L1),BraTS2021_00109,30.062054,0.981218159198761,0.07595098,0.6639047125841533,nan,nan
Uformer-lite (L1),BraTS2021_00109,29.881926,0.9797375798225403,0.08031317,0.7952973720608575,nan,nan
Uformer-lite (L1),BraTS2021_00109,29.593737,0.9807033538818359,0.08339814,0.857379767827529,nan,nan
Uformer-lite (L1),BraTS2021_00109,29.387238,0.983035683631897,0.08361726,0.825187969924812,nan,nan
Uformer-lite (L1),BraTS2021_00109,29.243448,0.9824391603469849,0.089751765,0.6753006475485661,nan,nan
Uformer-lite (L1),BraTS2021_00109,29.516573,0.9846069812774658,0.0898073,0.710997442455243,nan,nan
Uformer-lite (L1),BraTS2021_00109,29.526356,0.9860658645629883,0.09027895,0.6511627906976745,nan,nan
Uformer-lite (L1),BraTS2021_00109,29.592415,0.9868018627166748,0.092557095,0.48576214405360135,nan,nan
Uformer-lite (L1),BraTS2021_00109,30.05027,0.9881766438484192,0.09069479,0.6021505376344086,nan,nan
Uformer-lite (L1),BraTS2021_00109,29.964382,0.9884108901023865,0.09293729,0.5492227979274611,nan,nan
Uformer-lite (L1),BraTS2021_00109,29.54323,0.987789511680603,0.10061728,0.5945945945945946,nan,nan
Uformer-lite (L1),BraTS2021_00110,30.190674,0.9788616299629211,0.06816376,0.49910873440285203,nan,nan
Uformer-lite (L1),BraTS2021_00110,30.396343,0.9802373051643372,0.067123406,0.6941045606229144,nan,nan
Uformer-lite (L1),BraTS2021_00110,29.95244,0.9800682067871094,0.06797445,0.6849960722702279,nan,nan
Uformer-lite (L1),BraTS2021_00110,30.387972,0.9824289679527283,0.06595947,0.7632561613144138,nan,nan
Uformer-lite (L1),BraTS2021_00110,30.236109,0.9830787181854248,0.065468006,0.7552182163187856,nan,nan
Uformer-lite (L1),BraTS2021_00110,30.481146,0.9850090146064758,0.063717015,0.7860520094562647,nan,nan
Uformer-lite (L1),BraTS2021_00110,30.468538,0.9856980443000793,0.06387386,0.786179268903355,nan,nan
Uformer-lite (L1),BraTS2021_00110,30.549028,0.9867514967918396,0.062111188,0.8266438941076003,nan,nan
Uformer-lite (L1),BraTS2021_00110,30.815006,0.9870786070823669,0.060760286,0.8701594533029613,nan,nan
Uformer-lite (L1),BraTS2021_00110,30.847248,0.9882916212081909,0.059689537,0.8641718641718642,nan,nan
Uformer-lite (L1),BraTS2021_00110,30.902954,0.9882304072380066,0.059447274,0.8756933115823817,nan,nan
Uformer-lite (L1),BraTS2021_00110,30.885788,0.9884477853775024,0.05764644,0.8338385230090934,nan,nan
Uformer-lite (L1),BraTS2021_00110,31.07763,0.9877477884292603,0.05731959,0.8866916087653661,nan,nan
Uformer-lite (L1),BraTS2021_00110,31.267385,0.987454891204834,0.056596935,0.9204515620897874,nan,nan
Uformer-lite (L1),BraTS2021_00110,31.054667,0.9867944121360779,0.056862947,0.8541618363088338,0.0,0.0
Uformer-lite (L1),BraTS2021_00110,30.915676,0.9857954382896423,0.057639815,0.8554559370216488,0.7123287671232876,0.7647058823529411
Uformer-lite (L1),BraTS2021_00110,30.795938,0.9859977960586548,0.057918295,0.8562538892345987,0.8695652173913043,0.89171974522293
Uformer-lite (L1),BraTS2021_00110,30.822803,0.9850642085075378,0.058831554,0.8735909822866345,0.9306122448979591,0.9262295081967213
Uformer-lite (L1),BraTS2021_00110,30.88504,0.9826878309249878,0.059740886,0.8954106755958243,0.9205479452054794,0.9401709401709402
Uformer-lite (L1),BraTS2021_00110,30.757183,0.9843291640281677,0.059321944,0.8863426353723896,0.9547511312217195,0.9441860465116279
Uformer-lite (L1),BraTS2021_00110,30.41362,0.9847149848937988,0.059508618,0.8527210884353742,0.9444444444444444,0.9447852760736196
Uformer-lite (L1),BraTS2021_00110,30.518284,0.985491931438446,0.060389515,0.8822328114363512,0.9485294117647058,0.945179584120983
Uformer-lite (L1),BraTS2021_00110,30.227728,0.9856207966804504,0.06064589,0.9033248081841432,0.9162210338680927,0.9264705882352942
Uformer-lite (L1),BraTS2021_00110,30.778114,0.9859036207199097,0.060441434,0.9310703152060963,0.945619335347432,0.9411764705882353
Uformer-lite (L1),BraTS2021_00110,30.31393,0.9866963028907776,0.061321173,0.9129483077959253,0.9310829817158931,0.9371428571428572
Uformer-lite (L1),BraTS2021_00110,30.37059,0.986371636390686,0.06150735,0.917944397641112,0.9043927648578811,0.9281914893617021
Uformer-lite (L1),BraTS2021_00110,30.028992,0.9858085513114929,0.06299652,0.8888524051879823,0.906789413118527,0.9252669039145908
Uformer-lite (L1),BraTS2021_00110,30.03117,0.9861491918563843,0.0647542,0.9232622161046111,0.9039913700107874,0.9287305122494433
Uformer-lite (L1),BraTS2021_00110,29.83112,0.9847378730773926,0.06716083,0.9132670551936921,0.9215491559086395,0.9505154639175257
Uformer-lite (L1),BraTS2021_00110,29.870386,0.985012948513031,0.06752323,0.9100657212037357,0.9653233364573571,0.9733333333333334
Uformer-lite (L1),BraTS2021_00110,29.673855,0.9849613308906555,0.068862155,0.9153269024651661,0.969258589511754,0.9724264705882353
Uformer-lite (L1),BraTS2021_00110,29.538963,0.985588788986206,0.07079946,0.8975838442120447,0.979982593559617,0.9858657243816255
Uformer-lite (L1),BraTS2021_00110,29.295456,0.9862703680992126,0.07061771,0.9002433090024331,0.9627749576988156,0.9673539518900344
Uformer-lite (L1),BraTS2021_00110,29.565811,0.9855610728263855,0.07234485,0.9154847483971246,0.967032967032967,0.9691780821917808
Uformer-lite (L1),BraTS2021_00110,28.641586,0.9847566485404968,0.07851212,0.8965118519946039,0.947996589940324,0.9577221742881795
Uformer-lite (L1),BraTS2021_00110,28.51691,0.9843785166740417,0.08038971,0.8908382066276803,0.9635761589403974,0.9689857502095558
Uformer-lite (L1),BraTS2021_00110,29.048386,0.9857617020606995,0.07977379,0.918546365914787,0.966693744922827,0.9735099337748344
Uformer-lite (L1),BraTS2021_00110,29.203787,0.9868281483650208,0.079034775,0.8987664823479371,0.9525368248772504,0.9518272425249169
Uformer-lite (L1),BraTS2021_00110,28.743399,0.9865623712539673,0.082609095,0.8704974271012007,0.964200477326969,0.9577922077922078
Uformer-lite (L1),BraTS2021_00110,28.921555,0.9877772331237793,0.080813594,0.8654150644650531,0.9682539682539683,0.970873786407767
Uformer-lite (L1),BraTS2021_00110,28.523792,0.9869123697280884,0.087866604,0.8319444444444445,0.9459684123025769,0.953664700926706
Uformer-lite (L1),BraTS2021_00110,28.785007,0.9876385927200317,0.08862444,0.8535749265426053,0.9448685326547922,0.961038961038961
Uformer-lite (L1),BraTS2021_00110,28.423927,0.9874479174613953,0.0924245,0.8541507024265645,0.948561464690497,0.9679144385026738
Uformer-lite (L1),BraTS2021_00110,28.512594,0.9884129166603088,0.09218276,0.830948595654478,0.948051948051948,0.96045197740113
Uformer-lite (L1),BraTS2021_00110,28.639885,0.9884193539619446,0.0968079,0.8609705269425424,0.9053916581892166,0.9241952232606438
Uformer-lite (L1),BraTS2021_00110,29.364634,0.9897711277008057,0.09361959,0.8585271317829457,0.9432314410480349,0.9544950055493896
Uformer-lite (L1),BraTS2021_00110,28.827854,0.9889058470726013,0.101737946,0.8352410683315991,0.9281210592686002,0.9395109395109396
Uformer-lite (L1),BraTS2021_00110,28.815443,0.9887873530387878,0.10514324,0.8157589803012746,0.9171779141104295,0.9283489096573209
Uformer-lite (L1),BraTS2021_00110,28.725376,0.9880662560462952,0.11350956,0.8198458574181118,0.8393285371702638,0.8557457212713936
Uformer-lite (L1),BraTS2021_00110,28.953173,0.9889841079711914,0.11130043,0.786214324178783,0.8136645962732919,0.8291139240506329
Uformer-lite (L1),BraTS2021_00110,29.01943,0.9881657958030701,0.12107088,0.733983286908078,0.44776119402985076,0.46875
Uformer-lite (L1),BraTS2021_00110,29.084702,0.9867850542068481,0.13123268,0.6818580192813322,0.0,0.0
Uformer-lite (L1),BraTS2021_00110,29.117321,0.9842117428779602,0.15140054,0.687192118226601,0.0,0.0
Uformer-lite (L1),BraTS2021_00110,29.78915,0.9849818348884583,0.15087986,0.7009063444108762,nan,nan
Uformer-lite (L1),BraTS2021_00110,30.08045,0.9819718599319458,0.171763,0.6812386156648452,nan,nan
Uformer-lite (L1),BraTS2021_00110,29.708605,0.9755458235740662,0.20445515,0.7798408488063661,nan,nan
Uformer-lite (L1),BraTS2021_00118,32.66447,0.9666092991828918,0.079709925,0.5329341317365269,nan,nan
Uformer-lite (L1),BraTS2021_00118,32.563637,0.967233419418335,0.07935635,0.7294372294372294,nan,nan
Uformer-lite (L1),BraTS2021_00118,32.679325,0.9660183787345886,0.077963986,0.773286467486819,nan,nan
Uformer-lite (L1),BraTS2021_00118,32.80478,0.9679039120674133,0.07651423,0.784586228679722,nan,nan
Uformer-lite (L1),BraTS2021_00118,32.57149,0.968012809753418,0.078450926,0.8187556357078449,0.0,0.0
Uformer-lite (L1),BraTS2021_00118,32.484715,0.968927264213562,0.07881027,0.9142407553107789,0.0,0.0
Uformer-lite (L1),BraTS2021_00118,32.362137,0.9712617993354797,0.078403786,0.9463235294117647,0.0,0.0
Uformer-lite (L1),BraTS2021_00118,32.39567,0.9741739630699158,0.07966759,0.9751381215469613,0.25617977528089886,0.24338624338624337
Uformer-lite (L1),BraTS2021_00118,32.37042,0.9764981269836426,0.076771945,0.9756410256410256,0.05454545454545454,0.06201550387596899
Uformer-lite (L1),BraTS2021_00118,32.35727,0.9802388548851013,0.07443883,0.967198314775805,0.6367461430575035,0.48324514991181655
Uformer-lite (L1),BraTS2021_00118,32.409927,0.9788411259651184,0.07462255,0.9730040206777714,0.5829493087557603,0.5471956224350205
Uformer-lite (L1),BraTS2021_00118,32.61367,0.9817179441452026,0.071237914,0.9550865800865801,0.2835633626097867,0.32210834553440704
Uformer-lite (L1),BraTS2021_00118,32.786594,0.9817830920219421,0.07094721,0.9788373961960889,0.8609583660644148,0.6354916067146283
Uformer-lite (L1),BraTS2021_00118,32.411922,0.983345091342926,0.070315555,0.9689601655457838,0.915954415954416,0.6896551724137931
Uformer-lite (L1),BraTS2021_00118,32.56122,0.9830158948898315,0.069109954,0.9514611193660227,0.9285714285714286,0.7880870561282932
Uformer-lite (L1),BraTS2021_00118,32.46364,0.984045147895813,0.07031893,0.9560598744567842,0.8978779840848806,0.7388688327316486
Uformer-lite (L1),BraTS2021_00118,32.514683,0.982997715473175,0.06963202,0.956788665879575,0.8585922637920101,0.6552119129438717
Uformer-lite (L1),BraTS2021_00118,32.577026,0.9842233061790466,0.06812363,0.9648310967144841,0.8993600930773705,0.7150368033648791
Uformer-lite (L1),BraTS2021_00118,32.693333,0.9839773178100586,0.06643519,0.9544740973312402,0.8896283971159179,0.593576965669989
Uformer-lite (L1),BraTS2021_00118,32.64199,0.982542872428894,0.066518664,0.9533540648600622,0.9512195121951219,0.7344862665310274
Uformer-lite (L1),BraTS2021_00118,32.625538,0.9821751117706299,0.066839986,0.9485213581599123,0.9604685212298683,0.8371174728529122
Uformer-lite (L1),BraTS2021_00118,32.568985,0.9819766283035278,0.06577658,0.9292462733571278,0.9403846153846154,0.8062930186823992
Uformer-lite (L1),BraTS2021_00118,32.488945,0.9815453886985779,0.06740529,0.9624247456923396,0.9564814814814815,0.8156097560975609
Uformer-lite (L1),BraTS2021_00118,32.502445,0.9814428687095642,0.067577206,0.9691629955947136,0.9408502772643254,0.8237476808905381
Uformer-lite (L1),BraTS2021_00118,32.391487,0.9802920818328857,0.068404995,0.9679288226774261,0.9536662168241116,0.8234265734265734
Uformer-lite (L1),BraTS2021_00118,32.25474,0.9811603426933289,0.06896951,0.9782564519406625,0.972739073993942,0.8279932546374368
Uformer-lite (L1),BraTS2021_00118,32.38546,0.9807143807411194,0.06823515,0.9856825972978424,0.9621668099742047,0.8529886914378029
Uformer-lite (L1),BraTS2021_00118,32.271664,0.9797978401184082,0.06907539,0.9812215852935363,0.9459108610990913,0.8168316831683168
Uformer-lite (L1),BraTS2021_00118,32.30078,0.9832851886749268,0.06678823,0.9647236370496133,0.9491670226398975,0.8311688311688312
Uformer-lite (L1),BraTS2021_00118,32.215034,0.9814502596855164,0.06826376,0.9701263883569513,0.9130624726955002,0.7408056042031523
Uformer-lite (L1),BraTS2021_00118,31.679995,0.981734573841095,0.06970137,0.9677779847271373,0.8977125593439793,0.7291487532244196
Uformer-lite (L1),BraTS2021_00118,32.053368,0.9819766879081726,0.06959076,0.9690151235706381,0.8939203354297693,0.7269815852682145
Uformer-lite (L1),BraTS2021_00118,31.877605,0.9801753163337708,0.07231208,0.9689509461693919,0.8868971404182672,0.7015177065767285
Uformer-lite (L1),BraTS2021_00118,31.740791,0.9808647632598877,0.071808875,0.97264218862491,0.9197505197505198,0.7249789739276703
Uformer-lite (L1),BraTS2021_00118,31.609573,0.9813055396080017,0.07268618,0.9715109989181392,0.8695267580716497,0.6523681858802503
Uformer-lite (L1),BraTS2021_00118,31.336327,0.9819145202636719,0.07367343,0.9755405884438143,0.9269949066213922,0.7564102564102564
Uformer-lite (L1),BraTS2021_00118,31.094782,0.9816815853118896,0.07628999,0.9764664559185107,0.9381879762912786,0.7486033519553073
Uformer-lite (L1),BraTS2021_00118,30.863396,0.9790083169937134,0.078870684,0.9780432109608291,0.9479034307496823,0.810611643330877
Uformer-lite (L1),BraTS2021_00118,30.614336,0.9796482920646667,0.08121519,0.9710475522021407,0.9590198563582594,0.8130968622100955
Uformer-lite (L1),BraTS2021_00118,30.246693,0.9790112972259521,0.08338407,0.9740582800284293,0.9750105887335875,0.7858546168958742
Uformer-lite (L1),BraTS2021_00118,30.037815,0.9767109155654907,0.08794856,0.9742362900257637,0.9662248824283882,0.8283582089552238
Uformer-lite (L1),BraTS2021_00118,29.778673,0.9777353405952454,0.09103474,0.9656826568265683,0.9535901926444834,0.8611111111111112
Uformer-lite (L1),BraTS2021_00118,29.829617,0.9790555834770203,0.088802114,0.9601058801285687,0.9431767337807606,0.86463923673226
Uformer-lite (L1),BraTS2021_00118,30.341494,0.979947566986084,0.086991884,0.9615538646375651,0.9538461538461539,0.8481308411214953
Uformer-lite (L1),BraTS2021_00118,29.889334,0.9781962037086487,0.09181508,0.9591093117408906,0.9215969215969216,0.8245823389021479
Uformer-lite (L1),BraTS2021_00118,29.262474,0.9770780205726624,0.098429166,0.9564863765758438,0.9037570766855378,0.7821158690176322
Uformer-lite (L1),BraTS2021_00118,29.554693,0.97920161485672,0.096755095,0.9496907216494845,0.9310529128808124,0.81686595342983
Uformer-lite (L1),BraTS2021_00118,29.642616,0.9801221489906311,0.0972705,0.9455228553537883,0.9497025419145484,0.8383458646616542
Uformer-lite (L1),BraTS2021_00118,29.336952,0.982312023639679,0.0979314,0.9405063291139241,0.8780193236714976,0.6102997694081476
Uformer-lite (L1),BraTS2021_00118,29.579834,0.9821717143058777,0.100602806,0.9502385821404227,0.8429319371727748,0.6009615384615384
Uformer-lite (L1),BraTS2021_00118,29.468014,0.9815952777862549,0.10173394,0.9068844807467912,0.7077625570776256,0.46473779385171793
Uformer-lite (L1),BraTS2021_00118,28.505575,0.9806438088417053,0.112043984,0.9483717235901509,0.8546762589928057,0.6677824267782427
Uformer-lite (L1),BraTS2021_00118,29.641815,0.986642062664032,0.1050799,0.8822299651567944,0.6988457502623295,0.4672435105067985
Uformer-lite (L1),BraTS2021_00118,29.399544,0.9856751561164856,0.10890254,0.8018312622629169,0.5764411027568922,0.4772117962466488
Uformer-lite (L1),BraTS2021_00118,29.629,0.9866001605987549,0.10851898,0.7849080941631732,0.6583229036295369,0.6041666666666666
Uformer-lite (L1),BraTS2021_00118,29.686193,0.9870186448097229,0.10918259,0.7639772346836291,0.6323119777158774,0.5143721633888049
Uformer-lite (L1),BraTS2021_00118,29.579554,0.9862148761749268,0.113246225,0.7635687732342007,0.5050847457627119,0.40217391304347827
Uformer-lite (L1),BraTS2021_00118,28.997879,0.9848907589912415,0.124116756,0.6585903083700441,0.05313092979127135,0.01749271137026239
Uformer-lite (L1),BraTS2021_00118,29.504486,0.9866320490837097,0.117739074,0.6050824175824175,0.0,0.0
Uformer-lite (L1),BraTS2021_00118,29.490341,0.9862403869628906,0.121484,0.5852807813044995,0.0,0.0
Uformer-lite (L1),BraTS2021_00118,29.794613,0.9868378043174744,0.12334847,0.5077533357374684,0.0,0.0
Uformer-lite (L1),BraTS2021_00118,29.786837,0.9872095584869385,0.123275004,0.4859086491739553,0.0,0.0
Uformer-lite (L1),BraTS2021_00118,30.163181,0.9864782094955444,0.12862937,0.45805981035740334,0.0,0.0
Uformer-lite (L1),BraTS2021_00118,31.155281,0.9883481860160828,0.12596329,0.3486750348675035,nan,nan
