method,subject,psnr,ssim,nrmse,dice_wt,dice_tc,dice_et
Uformer + PathologyLoss,BraTS2021_00000,29.2669,0.963822066783905,0.13787602,0.0,0.0,0.0
Uformer + PathologyLoss,BraTS2021_00000,29.447136,0.9650369882583618,0.13192979,0.5984848484848485,0.5976095617529881,0.5976095617529881
Uformer + PathologyLoss,BraTS2021_00000,29.317972,0.9669023752212524,0.12579486,0.8641221374045801,0.8577154308617234,0.8577154308617234
Uformer + PathologyLoss,BraTS2021_00000,29.42932,0.9671741724014282,0.122702494,0.8983050847457628,0.8851612903225806,0.8793774319066148
Uformer + PathologyLoss,BraTS2021_00000,29.351873,0.9661102294921875,0.12104378,0.9160432252701579,0.873767258382643,0.872617853560682
Uformer + PathologyLoss,BraTS2021_00000,29.13549,0.9661348462104797,0.120413624,0.944081336238199,0.9371519490851233,0.9171548117154812
Uformer + PathologyLoss,BraTS2021_00000,29.07321,0.9629113078117371,0.12141025,0.9490683229813665,0.9436241610738255,0.8932038834951457
Uformer + PathologyLoss,BraTS2021_00000,29.003353,0.9651660919189453,0.11879647,0.947310038824182,0.931924882629108,0.8697421981004071
Uformer + PathologyLoss,BraTS2021_00000,28.929081,0.9634130597114563,0.117076874,0.9706477732793523,0.959830866807611,0.9234567901234568
Uformer + PathologyLoss,BraTS2021_00000,29.095703,0.9624071717262268,0.117424905,0.9660774008600096,0.9635826771653543,0.9136253041362531
Uformer + PathologyLoss,BraTS2021_00000,28.85574,0.9640414714813232,0.11542299,0.9584285061671997,0.9605769230769231,0.9096496619545175
Uformer + PathologyLoss,BraTS2021_00000,29.054573,0.962652325630188,0.11273947,0.9660869565217391,0.9672961768770152,0.9128580134064594
Uformer + PathologyLoss,BraTS2021_00000,29.674559,0.9651128649711609,0.10970193,0.9758203799654577,0.972658000896459,0.8996923076923077
Uformer + PathologyLoss,BraTS2021_00000,29.699669,0.9698091149330139,0.10536184,0.9346026490066225,0.9428699955015745,0.848318462594372
Uformer + PathologyLoss,BraTS2021_00000,29.76616,0.9741563200950623,0.09947384,0.9524950099800399,0.9629629629629629,0.8621700879765396
Uformer + PathologyLoss,BraTS2021_00000,29.839245,0.9740731716156006,0.09956911,0.9324473975636767,0.9531062124248497,0.8861538461538462
Uformer + PathologyLoss,BraTS2021_00000,29.898119,0.9744269847869873,0.099932306,0.9321492007104796,0.95655546935609,0.9165687426556992
Uformer + PathologyLoss,BraTS2021_00000,29.810215,0.9744188785552979,0.09890195,0.9360667129951356,0.9629629629629629,0.9112567004169149
Uformer + PathologyLoss,BraTS2021_00000,29.54114,0.9737380146980286,0.100609034,0.9419842087195331,0.9580093312597201,0.9048780487804878
Uformer + PathologyLoss,BraTS2021_00000,29.64202,0.9729667901992798,0.1022378,0.9409757761856021,0.9616145627225959,0.9088714544357273
Uformer + PathologyLoss,BraTS2021_00000,29.56416,0.9750486612319946,0.10033693,0.9464466150218929,0.9584996009577015,0.9009661835748792
Uformer + PathologyLoss,BraTS2021_00000,29.582077,0.9742294549942017,0.09853797,0.9490820921371667,0.9634097305991154,0.90863890615289
Uformer + PathologyLoss,BraTS2021_00000,29.952906,0.9752741456031799,0.09763829,0.9481327800829875,0.9648842777334398,0.9074778200253485
Uformer + PathologyLoss,BraTS2021_00000,29.995308,0.9743537306785583,0.09834897,0.961799357372367,0.9710378117457763,0.9053606882859033
Uformer + PathologyLoss,BraTS2021_00000,29.776157,0.9741712212562561,0.09716061,0.9766949152542372,0.9805668016194332,0.9117241379310345
Uformer + PathologyLoss,BraTS2021_00000,30.121735,0.9743430018424988,0.096227475,0.9703808180535967,0.9799357945425361,0.8957632817753867
Uformer + PathologyLoss,BraTS2021_00000,29.896713,0.9742256999015808,0.09608945,0.9824067558057706,0.9726907630522088,0.89490245437382
Uformer + PathologyLoss,BraTS2021_00000,29.79083,0.9748572111129761,0.09534407,0.978076379066478,0.9746524938675388,0.9014962593516209
Uformer + PathologyLoss,BraTS2021_00000,30.26942,0.9739903807640076,0.09453129,0.9750356633380884,0.9735973597359736,0.8923076923076924
Uformer + PathologyLoss,BraTS2021_00000,29.957413,0.9730238914489746,0.09594509,0.9729529455353835,0.9764309764309764,0.8861892583120204
Uformer + PathologyLoss,BraTS2021_00000,30.03333,0.97626793384552,0.093605325,0.9757038179714617,0.968736239542052,0.9027498323272971
Uformer + PathologyLoss,BraTS2021_00000,30.055283,0.9755502343177795,0.09312037,0.9644710578842315,0.9682758620689655,0.9019867549668874
Uformer + PathologyLoss,BraTS2021_00000,30.188864,0.9765241146087646,0.09167912,0.9751787968026925,0.9718446601941747,0.9034391534391535
Uformer + PathologyLoss,BraTS2021_00000,30.12995,0.9760088324546814,0.09293812,0.9622980251346499,0.9577023498694517,0.9070385126162018
Uformer + PathologyLoss,BraTS2021_00000,30.056307,0.9757385849952698,0.09364182,0.9652546406473108,0.9512893982808023,0.9077912794853467
Uformer + PathologyLoss,BraTS2021_00000,30.160143,0.977029025554657,0.09235411,0.9595435684647303,0.9346534653465347,0.880066170388751
Uformer + PathologyLoss,BraTS2021_00000,30.307219,0.9788245558738708,0.08891739,0.9274521183981428,0.9233176838810642,0.8776290630975143
Uformer + PathologyLoss,BraTS2021_00000,30.949207,0.9820610284805298,0.08411002,0.906312292358804,0.9290909090909091,0.8787878787878788
Uformer + PathologyLoss,BraTS2021_00000,30.937273,0.9827554821968079,0.08233981,0.9045709703287891,0.8883553421368547,0.8451776649746193
Uformer + PathologyLoss,BraTS2021_00000,31.186686,0.984143078327179,0.079868965,0.8390918065153011,0.8412698412698413,0.8412698412698413
Uformer + PathologyLoss,BraTS2021_00000,31.518145,0.9856724143028259,0.078792915,0.7488721804511278,0.75,0.75
Uformer + PathologyLoss,BraTS2021_00000,31.867233,0.9873693585395813,0.07450624,0.6569037656903766,0.5057471264367817,0.5057471264367817
Uformer + PathologyLoss,BraTS2021_00000,31.917904,0.9872543811798096,0.075668365,0.4594594594594595,0.0,0.0
Uformer + PathologyLoss,BraTS2021_00006,30.613813,0.9759976267814636,0.104877695,0.8593155893536122,nan,nan
Uformer + PathologyLoss,BraTS2021_00006,30.653875,0.9775838255882263,0.10268064,0.6875,nan,nan
Uformer + PathologyLoss,BraTS2021_00006,30.788977,0.9781562685966492,0.098872215,0.9324009324009324,nan,nan
Uformer + PathologyLoss,BraTS2021_00006,31.090614,0.9835075736045837,0.09075007,0.9044368600682594,nan,nan
Uformer + PathologyLoss,BraTS2021_00006,31.588747,0.9837074279785156,0.08697908,0.9324324324324325,0.0,0.0
Uformer + PathologyLoss,BraTS2021_00006,31.73751,0.9862409830093384,0.08202871,0.952112676056338,0.6612244897959184,0.6612244897959184
Uformer + PathologyLoss,BraTS2021_00006,31.494549,0.9867911338806152,0.081730545,0.9710806697108066,0.84688995215311,0.789873417721519
Uformer + PathologyLoss,BraTS2021_00006,31.559078,0.9869864583015442,0.08108932,0.9495683780099955,0.8932384341637011,0.8183807439824945
Uformer + PathologyLoss,BraTS2021_00006,31.483795,0.9864516854286194,0.08198887,0.939531057178116,0.9098591549295775,0.8463157894736842
Uformer + PathologyLoss,BraTS2021_00006,31.954262,0.9880725145339966,0.07769513,0.9464489175845043,0.9138755980861244,0.8304761904761905
Uformer + PathologyLoss,BraTS2021_00006,31.54123,0.987701416015625,0.07902818,0.9564277997839395,0.9446185997910136,0.8734835355285961
Uformer + PathologyLoss,BraTS2021_00006,31.656937,0.9885687828063965,0.07743735,0.9678293261090416,0.9652582159624413,0.8697247706422019
Uformer + PathologyLoss,BraTS2021_00006,31.952576,0.9889779090881348,0.07432744,0.9659863945578231,0.9647266313932981,0.8901303538175046
Uformer + PathologyLoss,BraTS2021_00006,31.948462,0.9888508915901184,0.07523565,0.967762527928503,0.9760528488852188,0.8864864864864865
Uformer + PathologyLoss,BraTS2021_00006,31.989666,0.9885601997375488,0.07587046,0.9732883021185139,0.9725920125293657,0.8680555555555556
Uformer + PathologyLoss,BraTS2021_00006,32.06815,0.9886389374732971,0.07426204,0.966183574879227,0.9704769114307343,0.9118136439267887
Uformer + PathologyLoss,BraTS2021_00006,32.048347,0.9882997870445251,0.075830765,0.936259771497294,0.9744711889132021,0.9013605442176871
Uformer + PathologyLoss,BraTS2021_00006,31.969341,0.9899329543113708,0.07181387,0.9777652687869406,0.9696541990119972,0.893760539629005
Uformer + PathologyLoss,BraTS2021_00006,31.948225,0.9894859194755554,0.072907224,0.9724517906336089,0.9601706970128022,0.9379968203497615
Uformer + PathologyLoss,BraTS2021_00006,31.892145,0.9901434183120728,0.070478596,0.9580514208389715,0.9551414768806074,0.9148936170212766
Uformer + PathologyLoss,BraTS2021_00006,31.73403,0.9896013140678406,0.073921874,0.9366952789699571,0.9413388543823327,0.8962406015037594
Uformer + PathologyLoss,BraTS2021_00006,31.777296,0.9898596405982971,0.071742594,0.9491002570694087,0.9561107359891965,0.8835820895522388
Uformer + PathologyLoss,BraTS2021_00006,32.09336,0.9898369312286377,0.07060602,0.9737680804118657,0.9761904761904762,0.8626292466765141
Uformer + PathologyLoss,BraTS2021_00006,31.885138,0.9899777770042419,0.07108782,0.9697409828128782,0.9331495520330806,0.8664772727272727
Uformer + PathologyLoss,BraTS2021_00006,32.147385,0.9902997016906738,0.069980614,0.9699612403100775,0.939203354297694,0.9015691868758916
Uformer + PathologyLoss,BraTS2021_00006,31.935463,0.9908304214477539,0.06928762,0.9544895448954489,0.9738651994497937,0.8798751950078003
Uformer + PathologyLoss,BraTS2021_00006,32.41287,0.9909440875053406,0.06743466,0.9371370865942944,0.9455081001472754,0.8624420401854714
Uformer + PathologyLoss,BraTS2021_00006,32.196854,0.9910666942596436,0.06875125,0.9400663096148941,0.9448698315467075,0.8705501618122977
Uformer + PathologyLoss,BraTS2021_00006,32.3679,0.99149489402771,0.06718088,0.9492827868852459,0.965625,0.8752260397830018
Uformer + PathologyLoss,BraTS2021_00006,32.65235,0.991764485836029,0.06617019,0.9486780715396579,0.9481605351170569,0.8998178506375227
Uformer + PathologyLoss,BraTS2021_00006,32.499657,0.9926527142524719,0.063671716,0.9510855349202197,0.9449378330373002,0.8857142857142857
Uformer + PathologyLoss,BraTS2021_00006,32.579292,0.9928044080734253,0.063617036,0.9432506887052342,0.9520295202952029,0.8555758683729433
Uformer + PathologyLoss,BraTS2021_00006,33.271164,0.9928702116012573,0.062386196,0.9514335868929198,0.9636898920510304,0.87569573283859
Uformer + PathologyLoss,BraTS2021_00006,33.42815,0.993062436580658,0.061200123,0.973435655253837,0.9379760609357998,0.8939393939393939
Uformer + PathologyLoss,BraTS2021_00006,33.156017,0.9935072660446167,0.060599364,0.9422958870472683,0.9274673008323424,0.8227848101265823
Uformer + PathologyLoss,BraTS2021_00006,33.46358,0.9932950139045715,0.061151043,0.9324452901998097,0.93717277486911,0.8526785714285714
Uformer + PathologyLoss,BraTS2021_00006,33.7519,0.993182361125946,0.060267936,0.9379221614667096,0.9242424242424242,0.8459657701711492
Uformer + PathologyLoss,BraTS2021_00006,33.511284,0.9927839636802673,0.061377343,0.9608681354817494,0.9262435677530018,0.8502415458937198
Uformer + PathologyLoss,BraTS2021_00006,33.73261,0.9932093620300293,0.060259238,0.9665610700457585,0.8838174273858921,0.825136612021858
Uformer + PathologyLoss,BraTS2021_00006,33.907753,0.9929853081703186,0.059665684,0.9680733944954129,0.8684863523573201,0.825
Uformer + PathologyLoss,BraTS2021_00006,33.467026,0.9927947521209717,0.06259043,0.9464566929133859,0.8411214953271028,0.7924528301886793
Uformer + PathologyLoss,BraTS2021_00006,34.13994,0.9931257963180542,0.059126962,0.9633943427620633,0.8548387096774194,0.8288288288288288
Uformer + PathologyLoss,BraTS2021_00006,33.70935,0.9927552938461304,0.061283566,0.9274826789838337,0.7619047619047619,0.7544910179640718
Uformer + PathologyLoss,BraTS2021_00006,34.146976,0.9936374425888062,0.057376854,0.9709302325581395,0.631578947368421,0.631578947368421
Uformer + PathologyLoss,BraTS2021_00006,34.161327,0.9923405051231384,0.060659718,0.9672466734902764,0.4186046511627907,0.2564102564102564
Uformer + PathologyLoss,BraTS2021_00006,34.222,0.993319034576416,0.058624096,0.9665226781857451,0.0,0.0
Uformer + PathologyLoss,BraTS2021_00006,34.180607,0.9926826357841492,0.060727745,0.9428904428904429,nan,nan
Uformer + PathologyLoss,BraTS2021_00006,34.491222,0.9927434325218201,0.059423182,0.960960960960961,0.0,nan
Uformer + PathologyLoss,BraTS2021_00006,34.210304,0.9922419190406799,0.0608918,0.9710412815773259,nan,nan
Uformer + PathologyLoss,BraTS2021_00006,34.08793,0.9921205639839172,0.06314958,0.9798308392973325,nan,nan
Uformer + PathologyLoss,BraTS2021_00006,33.617233,0.9911567568778992,0.06639473,0.9661705006765899,nan,nan
Uformer + PathologyLoss,BraTS2021_00006,33.445297,0.9909641146659851,0.06909326,0.9525893508388038,nan,nan
Uformer + PathologyLoss,BraTS2021_00006,33.409737,0.9902490973472595,0.07037461,0.8537477148080439,nan,nan
Uformer + PathologyLoss,BraTS2021_00006,33.05679,0.9900902509689331,0.07299448,0.9315673289183223,nan,nan
Uformer + PathologyLoss,BraTS2021_00006,32.829,0.9895737767219543,0.07427441,0.9471153846153846,nan,nan
Uformer + PathologyLoss,BraTS2021_00006,32.68819,0.9890561103820801,0.0776339,0.9319371727748691,nan,nan
Uformer + PathologyLoss,BraTS2021_00006,32.80476,0.9884381890296936,0.07815803,0.9545454545454546,nan,nan
Uformer + PathologyLoss,BraTS2021_00006,32.702293,0.9885743856430054,0.07892217,0.9708141321044547,nan,nan
Uformer + PathologyLoss,BraTS2021_00006,32.47566,0.9886578321456909,0.08072359,0.9657534246575342,nan,nan
Uformer + PathologyLoss,BraTS2021_00006,32.226162,0.9885790944099426,0.08391245,0.9496981891348089,nan,nan
Uformer + PathologyLoss,BraTS2021_00006,32.53166,0.9872413873672485,0.086917624,0.950354609929078,nan,nan
Uformer + PathologyLoss,BraTS2021_00006,32.28219,0.9871945381164551,0.08824706,0.9695121951219512,nan,nan
Uformer + PathologyLoss,BraTS2021_00006,32.26043,0.9866857528686523,0.09117624,0.39416058394160586,nan,nan
Uformer + PathologyLoss,BraTS2021_00011,30.92033,0.9659513831138611,0.09368333,0.8049792531120332,nan,nan
Uformer + PathologyLoss,BraTS2021_00011,31.072063,0.967745304107666,0.091870025,0.8207547169811321,nan,nan
Uformer + PathologyLoss,BraTS2021_00011,31.203306,0.9701538681983948,0.088239886,0.8861538461538462,nan,nan
Uformer + PathologyLoss,BraTS2021_00011,31.12481,0.9678162336349487,0.09006804,0.9172535211267606,nan,nan
Uformer + PathologyLoss,BraTS2021_00011,31.185059,0.9707750678062439,0.08689426,0.9262357414448669,nan,nan
Uformer + PathologyLoss,BraTS2021_00011,31.23082,0.9705860018730164,0.086146526,0.9079919408999328,nan,nan
Uformer + PathologyLoss,BraTS2021_00011,31.394962,0.9745901823043823,0.08377144,0.899557801642451,nan,nan
Uformer + PathologyLoss,BraTS2021_00011,31.137318,0.9703187942504883,0.08776962,0.8970223325062034,nan,nan
Uformer + PathologyLoss,BraTS2021_00011,31.506205,0.9738330245018005,0.08451649,0.92018779342723,nan,nan
Uformer + PathologyLoss,BraTS2021_00011,31.398935,0.9767818450927734,0.080905326,0.958659217877095,nan,nan
Uformer + PathologyLoss,BraTS2021_00011,31.406792,0.9785435795783997,0.080184594,0.9701986754966887,nan,nan
Uformer + PathologyLoss,BraTS2021_00011,31.527851,0.9795427322387695,0.07953501,0.9718004338394793,nan,nan
Uformer + PathologyLoss,BraTS2021_00011,31.34417,0.9804563522338867,0.079938695,0.9699842022116903,nan,nan
Uformer + PathologyLoss,BraTS2021_00011,31.479279,0.9807574152946472,0.07825943,0.9717868338557993,nan,nan
Uformer + PathologyLoss,BraTS2021_00011,31.210209,0.9815837144851685,0.07848409,0.9731645569620253,nan,nan
Uformer + PathologyLoss,BraTS2021_00011,31.436255,0.9822441935539246,0.07648521,0.9691139240506329,0.0,0.0
Uformer + PathologyLoss,BraTS2021_00011,31.552904,0.9821842908859253,0.077153936,0.968609865470852,0.0,0.0
Uformer + PathologyLoss,BraTS2021_00011,31.75699,0.9850573539733887,0.07226002,0.9677098857426726,0.8793103448275862,0.8288288288288288
Uformer + PathologyLoss,BraTS2021_00011,31.648542,0.985679566860199,0.071692035,0.9764474975466143,0.5619834710743802,0.5619834710743802
Uformer + PathologyLoss,BraTS2021_00011,31.873314,0.9861749410629272,0.07030471,0.9832347140039448,0.6415094339622641,0.5789473684210527
Uformer + PathologyLoss,BraTS2021_00011,32.202946,0.9870069622993469,0.0696249,0.9758024691358025,0.7340425531914894,0.6629213483146067
Uformer + PathologyLoss,BraTS2021_00011,32.265694,0.9881312847137451,0.066729926,0.9804305283757339,0.9288702928870293,0.905982905982906
Uformer + PathologyLoss,BraTS2021_00011,32.102528,0.9874110221862793,0.068666115,0.9860106126386879,0.8660714285714286,0.8240740740740741
Uformer + PathologyLoss,BraTS2021_00011,32.32106,0.9884629845619202,0.06505104,0.978702807357212,0.9277566539923955,0.9266409266409267
Uformer + PathologyLoss,BraTS2021_00011,32.418194,0.9875365495681763,0.067105226,0.9696106362773029,0.8364779874213837,0.9083969465648855
Uformer + PathologyLoss,BraTS2021_00011,32.07058,0.987310528755188,0.06729136,0.979176307265155,0.7867036011080333,0.9428571428571428
Uformer + PathologyLoss,BraTS2021_00011,32.07032,0.9861629605293274,0.0690268,0.9826325411334552,0.9328859060402684,0.8996539792387543
Uformer + PathologyLoss,BraTS2021_00011,31.920044,0.9844127893447876,0.07110074,0.9790337283500455,0.9449838187702265,0.9158249158249159
Uformer + PathologyLoss,BraTS2021_00011,31.873798,0.9832290410995483,0.07103916,0.98753339269813,0.9310344827586207,0.9404388714733543
Uformer + PathologyLoss,BraTS2021_00011,31.808508,0.9827302694320679,0.070038885,0.988005330964016,0.9504373177842566,0.9309309309309309
Uformer + PathologyLoss,BraTS2021_00011,31.84823,0.9812559485435486,0.07077463,0.9905956112852664,0.9182389937106918,0.9148264984227129
Uformer + PathologyLoss,BraTS2021_00011,31.968346,0.9800887703895569,0.071843535,0.9918845807033363,0.9442815249266863,0.9102167182662538
Uformer + PathologyLoss,BraTS2021_00011,31.768492,0.9767019152641296,0.0741629,0.9903890160183066,0.9567901234567902,0.9532710280373832
Uformer + PathologyLoss,BraTS2021_00011,31.9198,0.9790775775909424,0.07228981,0.9925233644859813,0.9426751592356688,0.8986486486486487
Uformer + PathologyLoss,BraTS2021_00011,32.076096,0.9782513380050659,0.073288776,0.9894534995206136,0.9574468085106383,0.9537366548042705
Uformer + PathologyLoss,BraTS2021_00011,32.01157,0.9789899587631226,0.07338563,0.9847365829640571,0.868421052631579,0.868421052631579
Uformer + PathologyLoss,BraTS2021_00011,31.85735,0.9768573045730591,0.075912036,0.9878172588832488,0.8493150684931506,0.8969072164948454
Uformer + PathologyLoss,BraTS2021_00011,31.630848,0.9751954674720764,0.0775032,0.9571899012074643,0.9142857142857143,0.9142857142857143
Uformer + PathologyLoss,BraTS2021_00011,31.679127,0.9758417010307312,0.07832035,0.9716312056737588,0.6373626373626373,0.6373626373626373
Uformer + PathologyLoss,BraTS2021_00011,31.3328,0.971734344959259,0.08153197,0.9766046790641871,0.0,0.0
Uformer + PathologyLoss,BraTS2021_00011,31.441793,0.9740469455718994,0.08096251,0.9807811531308122,0.0,0.0
Uformer + PathologyLoss,BraTS2021_00011,30.91139,0.9733415246009827,0.08341118,0.982791586998088,nan,nan
Uformer + PathologyLoss,BraTS2021_00011,30.891865,0.9712506532669067,0.08509493,0.9738903394255874,0.0,0.0
Uformer + PathologyLoss,BraTS2021_00011,30.820862,0.9696319103240967,0.08943936,0.9675638371290545,0.0,0.0
Uformer + PathologyLoss,BraTS2021_00011,30.594194,0.970482587814331,0.0892306,0.9715079916608756,0.0,0.0
Uformer + PathologyLoss,BraTS2021_00011,30.419712,0.9663746356964111,0.094223164,0.9653136531365314,nan,nan
Uformer + PathologyLoss,BraTS2021_00011,30.628948,0.9706833362579346,0.09144969,0.9518633540372671,nan,nan
Uformer + PathologyLoss,BraTS2021_00011,30.65426,0.9700350165367126,0.09168842,0.9551020408163265,0.0,0.0
Uformer + PathologyLoss,BraTS2021_00011,30.33375,0.967627763748169,0.096348,0.9600679694137638,0.0,0.0
Uformer + PathologyLoss,BraTS2021_00011,30.280094,0.9686068296432495,0.09871836,0.9582947173308619,nan,nan
Uformer + PathologyLoss,BraTS2021_00011,30.132084,0.9702674746513367,0.100964524,0.9682702149437052,nan,nan
Uformer + PathologyLoss,BraTS2021_00011,30.078945,0.9717001914978027,0.102826424,0.9327146171693735,nan,nan
Uformer + PathologyLoss,BraTS2021_00011,30.010258,0.9711485505104065,0.106521636,0.9638242894056848,nan,nan
Uformer + PathologyLoss,BraTS2021_00011,29.701347,0.9715350866317749,0.11063358,0.8903654485049833,0.0,0.0
Uformer + PathologyLoss,BraTS2021_00011,29.668653,0.9733973741531372,0.11311928,0.9002217294900222,nan,nan
Uformer + PathologyLoss,BraTS2021_00011,29.654608,0.9728856682777405,0.11858671,0.669260700389105,nan,nan
Uformer + PathologyLoss,BraTS2021_00014,30.990381,0.9806995391845703,0.16596593,0.6068111455108359,nan,nan
Uformer + PathologyLoss,BraTS2021_00014,30.664642,0.9810434579849243,0.16113578,0.4423076923076923,nan,nan
Uformer + PathologyLoss,BraTS2021_00014,30.721025,0.9832584857940674,0.14991741,0.5770491803278689,nan,nan
Uformer + PathologyLoss,BraTS2021_00014,30.568941,0.9817466139793396,0.15319201,0.10380622837370242,nan,nan
Uformer + PathologyLoss,BraTS2021_00014,30.66605,0.9831870794296265,0.14549078,0.7723704866562009,nan,nan
Uformer + PathologyLoss,BraTS2021_00014,30.61137,0.9824967384338379,0.14605047,0.5532591414944356,nan,nan
Uformer + PathologyLoss,BraTS2021_00014,30.570591,0.9826128482818604,0.14416665,0.7848101265822784,nan,nan
Uformer + PathologyLoss,BraTS2021_00014,30.51717,0.9833987951278687,0.13917457,0.8883977900552487,nan,nan
Uformer + PathologyLoss,BraTS2021_00014,30.266556,0.9834641218185425,0.13769987,0.8554801163918526,0.0,0.0
Uformer + PathologyLoss,BraTS2021_00014,29.862062,0.9823246598243713,0.14017336,0.6771545827633378,0.0,0.0
Uformer + PathologyLoss,BraTS2021_00014,28.896215,0.9774371981620789,0.15332334,0.8122769450392576,0.0,0.0
Uformer + PathologyLoss,BraTS2021_00014,28.852318,0.9785063862800598,0.14528553,0.8471737613398465,0.0,0.0
Uformer + PathologyLoss,BraTS2021_00014,28.73011,0.9749969244003296,0.14804193,0.8762278978388998,0.1111111111111111,0.1111111111111111
Uformer + PathologyLoss,BraTS2021_00014,28.732834,0.9762471318244934,0.1391069,0.8820697954271961,0.18181818181818182,0.18181818181818182
Uformer + PathologyLoss,BraTS2021_00014,28.71742,0.9742088317871094,0.13699488,0.850109409190372,0.5,0.5
Uformer + PathologyLoss,BraTS2021_00014,28.521254,0.9732820987701416,0.13526915,0.8906414300736067,0.0,0.0
Uformer + PathologyLoss,BraTS2021_00014,28.51135,0.972229540348053,0.13082597,0.9058597502401537,0.047244094488188976,0.047244094488188976
Uformer + PathologyLoss,BraTS2021_00014,28.341358,0.9720206260681152,0.12654299,0.9066543438077634,0.0,0.0
Uformer + PathologyLoss,BraTS2021_00014,28.77562,0.9739784598350525,0.11838099,0.8927589367552704,0.0,0.0
Uformer + PathologyLoss,BraTS2021_00014,29.08138,0.9707928895950317,0.11863544,0.9359605911330049,0.398406374501992,0.398406374501992
Uformer + PathologyLoss,BraTS2021_00014,28.730852,0.9694522023200989,0.11643981,0.9331001311762134,0.3798449612403101,0.38132295719844356
Uformer + PathologyLoss,BraTS2021_00014,28.874216,0.9717480540275574,0.11156831,0.9370297029702971,0.0,0.0
Uformer + PathologyLoss,BraTS2021_00014,28.90174,0.9696494340896606,0.112284675,0.9240407204385278,0.19387755102040816,0.19387755102040816
Uformer + PathologyLoss,BraTS2021_00014,28.997667,0.9687387347221375,0.11205019,0.9112746997287873,0.36018957345971564,0.36018957345971564
Uformer + PathologyLoss,BraTS2021_00014,29.260738,0.9716637134552002,0.10402218,0.9266198282591726,0.38190954773869346,0.38190954773869346
Uformer + PathologyLoss,BraTS2021_00014,29.442606,0.9672941565513611,0.10610107,0.8523748395378691,0.6055045871559633,0.6055045871559633
Uformer + PathologyLoss,BraTS2021_00014,29.363153,0.9724539518356323,0.100669615,0.8734069668649108,0.6169154228855721,0.6169154228855721
Uformer + PathologyLoss,BraTS2021_00014,29.424072,0.9687746167182922,0.10251179,0.8853820598006644,0.7772511848341233,0.7772511848341233
Uformer + PathologyLoss,BraTS2021_00014,29.542772,0.9727751016616821,0.09766115,0.8281461434370772,0.0,0.0
Uformer + PathologyLoss,BraTS2021_00014,29.5533,0.9721565246582031,0.09898948,0.7758139534883721,0.022727272727272728,0.022727272727272728
Uformer + PathologyLoss,BraTS2021_00014,29.541706,0.9729740023612976,0.0978092,0.8235294117647058,0.4943820224719101,0.4943820224719101
Uformer + PathologyLoss,BraTS2021_00014,29.582191,0.9712117910385132,0.09864332,0.862547288776797,0.0,0.0
Uformer + PathologyLoss,BraTS2021_00014,29.584063,0.9727993011474609,0.09812128,0.8155594405594405,0.0,0.0
Uformer + PathologyLoss,BraTS2021_00014,29.623507,0.9733845591545105,0.09624823,0.8433420365535248,nan,nan
Uformer + PathologyLoss,BraTS2021_00014,29.585173,0.9739232659339905,0.098135136,0.911802300809544,nan,nan
Uformer + PathologyLoss,BraTS2021_00014,29.527477,0.974613606929779,0.09798202,0.8473551637279597,nan,nan
Uformer + PathologyLoss,BraTS2021_00014,29.448135,0.9740169644355774,0.09894235,0.8553996339231239,0.0,0.0
Uformer + PathologyLoss,BraTS2021_00014,29.757078,0.9744136929512024,0.098519474,0.822104466313399,0.0,0.0
Uformer + PathologyLoss,BraTS2021_00014,29.78338,0.9759419560432434,0.09709178,0.8980355472404116,nan,nan
Uformer + PathologyLoss,BraTS2021_00014,29.910868,0.9763031005859375,0.095798165,0.8625698324022346,nan,nan
Uformer + PathologyLoss,BraTS2021_00014,29.74808,0.9796401262283325,0.092723735,0.818830242510699,0.0,0.0
Uformer + PathologyLoss,BraTS2021_00014,29.842329,0.9782734513282776,0.09301146,0.859375,nan,nan
Uformer + PathologyLoss,BraTS2021_00014,30.038568,0.9787986278533936,0.092182785,0.7413793103448276,nan,nan
Uformer + PathologyLoss,BraTS2021_00017,30.465982,0.9688636660575867,0.14083695,0.0,nan,nan
Uformer + PathologyLoss,BraTS2021_00017,30.519508,0.968061625957489,0.14084837,0.7734375,nan,nan
Uformer + PathologyLoss,BraTS2021_00017,30.795918,0.9710601568222046,0.13484229,0.9070294784580499,nan,nan
Uformer + PathologyLoss,BraTS2021_00017,30.550053,0.9721066355705261,0.13314408,0.8726003490401396,nan,nan
Uformer + PathologyLoss,BraTS2021_00017,30.286568,0.9697486162185669,0.13708693,0.9050445103857567,nan,nan
Uformer + PathologyLoss,BraTS2021_00017,30.02164,0.9690747857093811,0.13848148,0.9033078880407125,nan,nan
Uformer + PathologyLoss,BraTS2021_00017,29.99285,0.9707672595977783,0.13398698,0.9367631296891747,nan,nan
Uformer + PathologyLoss,BraTS2021_00017,29.746643,0.9664333462715149,0.137212,0.9546351084812623,nan,nan
Uformer + PathologyLoss,BraTS2021_00017,29.918842,0.9654813408851624,0.13463666,0.9292168674698795,0.0,0.0
Uformer + PathologyLoss,BraTS2021_00017,29.695194,0.9633371233940125,0.13170594,0.9465346534653465,nan,nan
Uformer + PathologyLoss,BraTS2021_00017,29.673885,0.9592596292495728,0.1310602,0.9524397776405188,nan,nan
Uformer + PathologyLoss,BraTS2021_00017,30.0233,0.9641158580780029,0.12060969,0.9611872146118722,nan,nan
Uformer + PathologyLoss,BraTS2021_00017,29.986982,0.9596346020698547,0.11968765,0.9660460021905805,nan,nan
Uformer + PathologyLoss,BraTS2021_00017,30.034351,0.956022322177887,0.12106153,0.9751295336787564,nan,nan
Uformer + PathologyLoss,BraTS2021_00017,30.280972,0.960728108882904,0.114602946,0.9800918836140888,nan,nan
Uformer + PathologyLoss,BraTS2021_00017,30.250729,0.959790050983429,0.11407217,0.9720953830542871,nan,nan
Uformer + PathologyLoss,BraTS2021_00017,30.448158,0.9644269943237305,0.10723689,0.9683673469387755,nan,nan
Uformer + PathologyLoss,BraTS2021_00017,30.568974,0.966023325920105,0.10535803,0.9811122770199371,nan,nan
Uformer + PathologyLoss,BraTS2021_00017,30.88697,0.9702000021934509,0.1040734,0.9666666666666667,nan,nan
Uformer + PathologyLoss,BraTS2021_00017,31.118904,0.9714038968086243,0.09974068,0.9633173843700159,0.0,0.0
Uformer + PathologyLoss,BraTS2021_00017,31.109121,0.9702076315879822,0.1009328,0.9684908789386402,nan,nan
Uformer + PathologyLoss,BraTS2021_00017,31.21194,0.9712780714035034,0.10073221,0.958400864397623,0.0,0.0
Uformer + PathologyLoss,BraTS2021_00017,31.377129,0.9697251319885254,0.09970911,0.9511257550796266,0.0,0.0
Uformer + PathologyLoss,BraTS2021_00017,31.357967,0.9695174098014832,0.099580705,0.9592061742006616,0.0,0.0
Uformer + PathologyLoss,BraTS2021_00017,31.226727,0.9699342250823975,0.10078599,0.9589657110736369,0.0,0.0
Uformer + PathologyLoss,BraTS2021_00017,31.211111,0.9722147583961487,0.096153386,0.9287330316742082,0.0,0.0
Uformer + PathologyLoss,BraTS2021_00017,31.131124,0.9731808304786682,0.09717715,0.936462507155123,0.0,0.0
Uformer + PathologyLoss,BraTS2021_00017,31.298721,0.9748525023460388,0.095619835,0.9707259953161592,nan,nan
Uformer + PathologyLoss,BraTS2021_00017,31.178053,0.9722881317138672,0.09746918,0.9589209074187615,nan,nan
Uformer + PathologyLoss,BraTS2021_00017,31.078964,0.975303590297699,0.09568528,0.9639115250291036,nan,nan
Uformer + PathologyLoss,BraTS2021_00017,30.948269,0.9746672511100769,0.09805156,0.9337175792507204,nan,nan
Uformer + PathologyLoss,BraTS2021_00017,31.326101,0.9763951301574707,0.09511781,0.9313669880884855,nan,nan
Uformer + PathologyLoss,BraTS2021_00017,31.11021,0.977189302444458,0.09557916,0.8729680915111379,nan,nan
Uformer + PathologyLoss,BraTS2021_00017,31.049974,0.9770494103431702,0.09526414,0.8746928746928747,nan,nan
Uformer + PathologyLoss,BraTS2021_00017,31.04266,0.9776259064674377,0.09592859,0.9061925199264255,nan,nan
Uformer + PathologyLoss,BraTS2021_00017,31.112358,0.9782284498214722,0.093674,0.8644536652835408,nan,nan
Uformer + PathologyLoss,BraTS2021_00017,30.95619,0.9797782897949219,0.09176083,0.8665239114917915,nan,nan
Uformer + PathologyLoss,BraTS2021_00017,31.059788,0.9807417988777161,0.09146684,0.8793718772305497,nan,nan
Uformer + PathologyLoss,BraTS2021_00017,31.305292,0.9808971285820007,0.09103659,0.9326424870466321,nan,nan
Uformer + PathologyLoss,BraTS2021_00017,31.40434,0.9831296801567078,0.0876441,0.9250814332247557,nan,nan
Uformer + PathologyLoss,BraTS2021_00017,31.564774,0.9836149215698242,0.08581438,0.8940646130728775,nan,nan
Uformer + PathologyLoss,BraTS2021_00017,31.483856,0.9838051199913025,0.08750608,0.903114186851211,nan,nan
Uformer + PathologyLoss,BraTS2021_00017,31.75784,0.9848368167877197,0.0846492,0.9292929292929293,nan,nan
Uformer + PathologyLoss,BraTS2021_00017,31.925835,0.9861673712730408,0.08207612,0.8949858088930936,nan,nan
Uformer + PathologyLoss,BraTS2021_00017,31.986374,0.9865304827690125,0.08126611,0.875,nan,nan
Uformer + PathologyLoss,BraTS2021_00017,32.134674,0.9875484108924866,0.079576865,0.9320214669051878,nan,nan
Uformer + PathologyLoss,BraTS2021_00017,32.13909,0.9878795146942139,0.0789562,0.9392070484581497,nan,nan
Uformer + PathologyLoss,BraTS2021_00017,32.14931,0.9877359867095947,0.079282954,0.9536208299430431,nan,nan
Uformer + PathologyLoss,BraTS2021_00017,32.009064,0.9877116084098816,0.07920465,0.9405320813771518,nan,nan
Uformer + PathologyLoss,BraTS2021_00017,32.373703,0.9866663217544556,0.07929638,0.9592476489028213,nan,nan
Uformer + PathologyLoss,BraTS2021_00017,32.462074,0.9867335557937622,0.07779602,0.9641185647425897,nan,nan
Uformer + PathologyLoss,BraTS2021_00017,31.995453,0.9852235317230225,0.082260154,0.9652448657187994,0.0,0.0
Uformer + PathologyLoss,BraTS2021_00017,32.062244,0.9847619533538818,0.08206436,0.9213813372520205,nan,nan
Uformer + PathologyLoss,BraTS2021_00017,32.032005,0.9837086200714111,0.08250239,0.9517786561264822,nan,nan
Uformer + PathologyLoss,BraTS2021_00017,32.00555,0.9818991422653198,0.083973974,0.9323671497584541,nan,nan
Uformer + PathologyLoss,BraTS2021_00017,31.910492,0.9777899384498596,0.08737613,0.89207258834766,nan,nan
Uformer + PathologyLoss,BraTS2021_00017,31.723694,0.9778941869735718,0.08769117,0.8640939597315436,nan,nan
Uformer + PathologyLoss,BraTS2021_00017,31.842062,0.9755414128303528,0.08634286,0.8106951871657754,nan,nan
Uformer + PathologyLoss,BraTS2021_00017,31.875046,0.9738113880157471,0.08767638,0.8657074340527577,nan,nan
Uformer + PathologyLoss,BraTS2021_00017,31.91662,0.9667364358901978,0.09007861,0.7131782945736435,nan,nan
Uformer + PathologyLoss,BraTS2021_00017,31.749096,0.9634922742843628,0.09247553,0.8407643312101911,nan,nan
Uformer + PathologyLoss,BraTS2021_00017,31.802021,0.9595211744308472,0.09372624,0.725925925925926,nan,nan
Uformer + PathologyLoss,BraTS2021_00017,31.693027,0.959456741809845,0.09771123,0.7751605995717344,nan,nan
Uformer + PathologyLoss,BraTS2021_00017,31.475985,0.9639879465103149,0.09392219,0.6954545454545454,nan,nan
Uformer + PathologyLoss,BraTS2021_00017,31.586876,0.9640354514122009,0.094886385,0.5066079295154186,nan,nan
Uformer + PathologyLoss,BraTS2021_00018,30.963602,0.9772559404373169,0.096006066,0.4103896103896104,nan,nan
Uformer + PathologyLoss,BraTS2021_00018,30.470074,0.9767685532569885,0.094873294,0.8552915766738661,0.0,0.0
Uformer + PathologyLoss,BraTS2021_00018,30.895174,0.9787987470626831,0.09054564,0.8530947054436987,0.0,0.0
Uformer + PathologyLoss,BraTS2021_00018,30.769756,0.9793559908866882,0.09150801,0.8262849707221861,0.0,0.0
Uformer + PathologyLoss,BraTS2021_00018,30.744316,0.9796337485313416,0.089988515,0.8766455387615797,0.1092896174863388,0.1092896174863388
Uformer + PathologyLoss,BraTS2021_00018,30.733524,0.9812557101249695,0.08817595,0.9176470588235294,0.0,0.0
Uformer + PathologyLoss,BraTS2021_00018,31.388891,0.985126256942749,0.08045574,0.9176969268809608,0.0,0.0
Uformer + PathologyLoss,BraTS2021_00018,31.746653,0.985630989074707,0.0792991,0.9336162473476811,0.0,0.0
Uformer + PathologyLoss,BraTS2021_00018,31.69919,0.9879849553108215,0.074296854,0.9409722222222222,0.0,0.0
Uformer + PathologyLoss,BraTS2021_00018,31.223164,0.986149251461029,0.07895837,0.9033156868208415,0.0,0.0
Uformer + PathologyLoss,BraTS2021_00018,31.352669,0.9873400926589966,0.07706768,0.9250390421655388,0.0,0.0
Uformer + PathologyLoss,BraTS2021_00018,31.404713,0.9877587556838989,0.07672278,0.9023002720751917,0.0,0.0
Uformer + PathologyLoss,BraTS2021_00018,31.273945,0.988359808921814,0.07546887,0.9138248847926267,0.0835030549898167,0.09010989010989011
Uformer + PathologyLoss,BraTS2021_00018,31.016294,0.9880570769309998,0.07644058,0.9526404023470243,0.27925531914893614,0.3153084539223153
Uformer + PathologyLoss,BraTS2021_00018,31.06286,0.9882619380950928,0.07624977,0.9608870967741936,0.46357615894039733,0.5152284263959391
Uformer + PathologyLoss,BraTS2021_00018,30.925581,0.9889061450958252,0.07588807,0.9336016096579477,0.4202755905511811,0.4006888633754305
Uformer + PathologyLoss,BraTS2021_00018,30.753717,0.9883480072021484,0.07710023,0.9509709671217074,0.4933845497225779,0.5005793742757821
Uformer + PathologyLoss,BraTS2021_00018,30.658281,0.987894594669342,0.078621164,0.9329000191168036,0.438610662358643,0.46973365617433416
Uformer + PathologyLoss,BraTS2021_00018,31.294394,0.9889599084854126,0.07448054,0.9371407379936956,0.5910701630049611,0.6290231507622812
Uformer + PathologyLoss,BraTS2021_00018,31.01638,0.9892281293869019,0.07406674,0.9493784903620969,0.6815607300188798,0.515716568993074
Uformer + PathologyLoss,BraTS2021_00018,31.009727,0.9887716770172119,0.07576417,0.951570907828502,0.7136485280999108,0.49924509310518367
Uformer + PathologyLoss,BraTS2021_00018,30.782227,0.9884486794471741,0.076758556,0.9440381017179792,0.5708787684413086,0.372987012987013
Uformer + PathologyLoss,BraTS2021_00018,30.898397,0.9879113435745239,0.0769156,0.9532866199532867,0.7610096670247046,0.5660377358490566
Uformer + PathologyLoss,BraTS2021_00018,30.779211,0.9879361391067505,0.077973224,0.9482071713147411,0.5368126747437092,0.3314749113025849
Uformer + PathologyLoss,BraTS2021_00018,30.811356,0.9877685904502869,0.07774723,0.945280211605224,0.5717696210086541,0.34574763757643134
Uformer + PathologyLoss,BraTS2021_00018,30.556828,0.9872432947158813,0.0790158,0.9557984015658131,0.5431878895814782,0.3491902834008097
Uformer + PathologyLoss,BraTS2021_00018,30.83286,0.9864733219146729,0.07937359,0.9586642891878748,0.5869986168741356,0.33991333654309097
Uformer + PathologyLoss,BraTS2021_00018,30.909006,0.9863421320915222,0.078029834,0.9159322033898305,0.4793939393939394,0.39615384615384613
Uformer + PathologyLoss,BraTS2021_00018,30.818884,0.9862473011016846,0.07831457,0.949827274222734,0.4424449270865653,0.2537634408602151
Uformer + PathologyLoss,BraTS2021_00018,31.123392,0.9862861633300781,0.076498166,0.9492537313432836,0.6655601659751037,0.4658077304261645
Uformer + PathologyLoss,BraTS2021_00018,30.89512,0.9855120778083801,0.07857834,0.9543789543789544,0.438434616608336,0.2883670125614418
Uformer + PathologyLoss,BraTS2021_00018,31.146013,0.9847471714019775,0.07745428,0.9723956621754847,0.7481108312342569,0.48687350835322196
Uformer + PathologyLoss,BraTS2021_00018,31.36956,0.9851431846618652,0.07773634,0.9530021742766349,0.4562043795620438,0.29218573046432617
Uformer + PathologyLoss,BraTS2021_00018,31.035917,0.9846125841140747,0.07813436,0.952,0.5351209559895075,0.35879218472468916
Uformer + PathologyLoss,BraTS2021_00018,31.189999,0.9849982857704163,0.07779651,0.962852897473997,0.3933680104031209,0.22523164647184604
Uformer + PathologyLoss,BraTS2021_00018,31.073612,0.9852904081344604,0.075911544,0.9790073230268511,0.7126846663270504,0.4507204610951009
Uformer + PathologyLoss,BraTS2021_00018,31.43008,0.9847314357757568,0.07570619,0.982834722903384,0.816034359341446,0.5086640581330352
Uformer + PathologyLoss,BraTS2021_00018,31.426085,0.9853801727294922,0.075940676,0.9802045529528208,0.6096801585055194,0.4397244546498278
Uformer + PathologyLoss,BraTS2021_00018,31.258354,0.9851683378219604,0.07673866,0.9482936918304034,0.6565826330532213,0.3558586484810911
Uformer + PathologyLoss,BraTS2021_00018,31.24397,0.9856877326965332,0.07726936,0.9668536460989291,0.6990022172949002,0.4989059080962801
Uformer + PathologyLoss,BraTS2021_00018,30.8583,0.9853063821792603,0.078017846,0.9585798816568047,0.6502320185614849,0.39370995923121727
Uformer + PathologyLoss,BraTS2021_00018,30.973728,0.9838424921035767,0.080440596,0.9675403575768096,0.5821395915879305,0.3234802007808143
Uformer + PathologyLoss,BraTS2021_00018,30.934408,0.9826529622077942,0.083256215,0.9724930362116991,0.6904205607476636,0.43487621097954793
Uformer + PathologyLoss,BraTS2021_00018,30.579376,0.9809455275535583,0.08730298,0.9343305363006202,0.6765799256505576,0.45203060623896407
Uformer + PathologyLoss,BraTS2021_00018,30.400179,0.9808531999588013,0.089253835,0.9566957787481805,0.7426470588235294,0.5332634887375589
Uformer + PathologyLoss,BraTS2021_00018,30.790524,0.9817556142807007,0.08775088,0.9714818266542404,0.5954088952654233,0.31069182389937106
Uformer + PathologyLoss,BraTS2021_00018,30.545864,0.9828429222106934,0.08761801,0.9525676205409643,0.5326474079936684,0.2099370188943317
Uformer + PathologyLoss,BraTS2021_00018,30.45929,0.9835701584815979,0.088295,0.9348534201954397,0.4248103525211959,0.16474210931485758
Uformer + PathologyLoss,BraTS2021_00018,30.384918,0.9823014140129089,0.0908223,0.9330301777594047,0.5799481417458946,0.27071005917159763
Uformer + PathologyLoss,BraTS2021_00018,30.159681,0.9817481637001038,0.09469683,0.9060797559381129,0.4010723860589812,0.1267056530214425
Uformer + PathologyLoss,BraTS2021_00018,29.77462,0.9802625775337219,0.09968214,0.9029377203290246,0.517799352750809,0.23106060606060605
Uformer + PathologyLoss,BraTS2021_00018,29.856247,0.9787697196006775,0.10451146,0.8673071929368995,0.2535612535612536,0.176056338028169
Uformer + PathologyLoss,BraTS2021_00018,29.70897,0.979442834854126,0.105526224,0.8426450742240216,0.17222653219550038,0.007575757575757576
Uformer + PathologyLoss,BraTS2021_00018,29.826347,0.9785202741622925,0.10974287,0.8763505402160864,0.4161073825503356,0.21104294478527608
Uformer + PathologyLoss,BraTS2021_00018,29.43693,0.9781941771507263,0.11144976,0.8303780528604885,0.23773584905660378,0.23694267515923567
Uformer + PathologyLoss,BraTS2021_00018,29.619322,0.9788596630096436,0.112492196,0.840253342716397,0.08333333333333333,0.09549795361527967
Uformer + PathologyLoss,BraTS2021_00018,29.870453,0.9813560247421265,0.108551346,0.7967542503863988,0.3178378378378378,0.2882882882882883
Uformer + PathologyLoss,BraTS2021_00018,29.823025,0.9818190932273865,0.11035678,0.7863695937090432,0.19230769230769232,0.1996879875195008
Uformer + PathologyLoss,BraTS2021_00018,29.781149,0.9809454679489136,0.116153516,0.8194014447884417,0.6024844720496895,0.6024844720496895
Uformer + PathologyLoss,BraTS2021_00018,29.501991,0.9809845089912415,0.118912846,0.8040380047505938,0.41975308641975306,0.41975308641975306
Uformer + PathologyLoss,BraTS2021_00018,29.553513,0.9804344177246094,0.12438555,0.7681159420289855,0.0,0.0
Uformer + PathologyLoss,BraTS2021_00018,29.872356,0.9805948734283447,0.12617037,0.815929203539823,nan,nan
Uformer + PathologyLoss,BraTS2021_00018,29.752697,0.980829656124115,0.12967242,0.8285322359396433,nan,nan
Uformer + PathologyLoss,BraTS2021_00018,29.75603,0.9807842373847961,0.13381785,0.9015317286652079,nan,nan
Uformer + PathologyLoss,BraTS2021_00021,30.59593,0.9630360007286072,0.15978111,0.0,nan,nan
Uformer + PathologyLoss,BraTS2021_00021,30.631802,0.9630496501922607,0.15604334,0.0,nan,nan
Uformer + PathologyLoss,BraTS2021_00021,30.490206,0.9597299098968506,0.15762112,0.0,nan,nan
Uformer + PathologyLoss,BraTS2021_00021,30.558292,0.9602936506271362,0.15477307,0.0,nan,nan
Uformer + PathologyLoss,BraTS2021_00021,30.614399,0.9625862240791321,0.14849158,0.0,nan,nan
Uformer + PathologyLoss,BraTS2021_00021,31.005959,0.9639908671379089,0.14540713,0.0,nan,nan
Uformer + PathologyLoss,BraTS2021_00021,30.50276,0.9573191404342651,0.15351784,0.0,nan,nan
Uformer + PathologyLoss,BraTS2021_00021,30.280468,0.9545927047729492,0.15196972,0.0,nan,nan
Uformer + PathologyLoss,BraTS2021_00021,30.18021,0.9432678818702698,0.15795724,0.0,nan,nan
Uformer + PathologyLoss,BraTS2021_00021,29.883629,0.939775824546814,0.15365747,0.0,nan,nan
Uformer + PathologyLoss,BraTS2021_00021,29.783762,0.9418409466743469,0.14534807,0.018518518518518517,nan,nan
Uformer + PathologyLoss,BraTS2021_00021,30.033138,0.9408881664276123,0.14026588,0.12654320987654322,nan,nan
Uformer + PathologyLoss,BraTS2021_00021,30.380104,0.9384011626243591,0.13724288,0.0,nan,nan
Uformer + PathologyLoss,BraTS2021_00021,30.24179,0.9371198415756226,0.13505356,0.050721469173589856,nan,nan
Uformer + PathologyLoss,BraTS2021_00021,30.673582,0.9389069080352783,0.13154076,0.0,nan,nan
Uformer + PathologyLoss,BraTS2021_00021,30.40327,0.93038010597229,0.13463514,0.005529953917050691,nan,nan
Uformer + PathologyLoss,BraTS2021_00021,30.310127,0.9306354522705078,0.13058844,0.0547945205479452,nan,nan
Uformer + PathologyLoss,BraTS2021_00021,30.554314,0.9340822100639343,0.12829702,0.006401463191586648,nan,nan
Uformer + PathologyLoss,BraTS2021_00021,30.69648,0.9312779903411865,0.1261968,0.0,nan,nan
Uformer + PathologyLoss,BraTS2021_00021,31.239492,0.9412291049957275,0.119627126,0.0,nan,nan
Uformer + PathologyLoss,BraTS2021_00021,31.018242,0.9343366026878357,0.12054868,0.0,nan,nan
Uformer + PathologyLoss,BraTS2021_00021,31.355911,0.936972975730896,0.11832236,0.0,nan,nan
Uformer + PathologyLoss,BraTS2021_00021,31.054193,0.9387028217315674,0.11909219,0.0,nan,nan
Uformer + PathologyLoss,BraTS2021_00021,31.032694,0.9394185543060303,0.12014958,0.0,nan,nan
Uformer + PathologyLoss,BraTS2021_00021,31.066109,0.939925491809845,0.121558055,0.0,nan,nan
Uformer + PathologyLoss,BraTS2021_00021,31.086176,0.9405282735824585,0.118969515,0.0,nan,nan
Uformer + PathologyLoss,BraTS2021_00021,31.151833,0.9446592330932617,0.11637421,0.0,0.0,0.0
Uformer + PathologyLoss,BraTS2021_00021,31.13331,0.9446941614151001,0.1172762,0.0,0.0,0.0
Uformer + PathologyLoss,BraTS2021_00021,31.05158,0.945276141166687,0.11723692,0.09872340425531916,0.0,0.0
Uformer + PathologyLoss,BraTS2021_00021,31.023712,0.9479522109031677,0.11691643,0.1891891891891892,0.0,0.0
Uformer + PathologyLoss,BraTS2021_00021,31.118452,0.9498717188835144,0.11496198,0.17597292724196278,0.03580562659846547,0.03804347826086957
Uformer + PathologyLoss,BraTS2021_00021,31.072937,0.9470464587211609,0.11547693,0.21079319087287215,0.0,0.0
Uformer + PathologyLoss,BraTS2021_00021,31.340286,0.9510887265205383,0.113194495,0.27435242612185334,0.0,0.0
Uformer + PathologyLoss,BraTS2021_00021,31.498268,0.9517897367477417,0.10959157,0.31859756097560976,0.12643678160919541,0.14410480349344978
Uformer + PathologyLoss,BraTS2021_00021,31.285208,0.9555984735488892,0.110124074,0.30289017341040464,0.09540636042402827,0.11226611226611227
Uformer + PathologyLoss,BraTS2021_00021,30.973799,0.9501579999923706,0.116332866,0.2730567861457914,0.04411764705882353,0.0511727078891258
Uformer + PathologyLoss,BraTS2021_00021,31.271917,0.9523312449455261,0.1129966,0.2191288729232151,0.0039447731755424065,0.004555808656036446
Uformer + PathologyLoss,BraTS2021_00021,31.060406,0.9528069496154785,0.11555004,0.26063829787234044,0.017035775127768313,0.01972386587771203
Uformer + PathologyLoss,BraTS2021_00021,31.1908,0.9547771215438843,0.113470145,0.2821959979476655,0.0,0.0
Uformer + PathologyLoss,BraTS2021_00021,31.157864,0.956601619720459,0.112099916,0.2464065708418891,0.2504743833017078,0.28695652173913044
Uformer + PathologyLoss,BraTS2021_00021,31.316969,0.9599621295928955,0.11212982,0.25625920471281294,0.14007782101167315,0.15417558886509636
Uformer + PathologyLoss,BraTS2021_00021,31.159473,0.961103618144989,0.110310555,0.24834437086092714,0.0,0.0
Uformer + PathologyLoss,BraTS2021_00021,31.563261,0.9659398198127747,0.105897486,0.2001308044473512,0.0,0.0
Uformer + PathologyLoss,BraTS2021_00021,31.482006,0.9655899405479431,0.1065903,0.14124718256949662,0.2621951219512195,0.29553264604810997
Uformer + PathologyLoss,BraTS2021_00021,31.753723,0.9659801125526428,0.10484902,0.11219147344801796,0.13333333333333333,0.11023622047244094
Uformer + PathologyLoss,BraTS2021_00021,32.194206,0.9695513844490051,0.100263596,0.02952029520295203,0.0,0.0
Uformer + PathologyLoss,BraTS2021_00021,32.10485,0.970600426197052,0.100869484,0.0,nan,nan
Uformer + PathologyLoss,BraTS2021_00021,32.445263,0.9727542400360107,0.09611867,0.0,nan,nan
Uformer + PathologyLoss,BraTS2021_00021,32.171406,0.973103940486908,0.09920644,0.0,nan,nan
Uformer + PathologyLoss,BraTS2021_00021,32.63472,0.9745835065841675,0.09360849,0.0,nan,nan
Uformer + PathologyLoss,BraTS2021_00021,32.52813,0.9741798043251038,0.09519266,0.0,nan,nan
Uformer + PathologyLoss,BraTS2021_00021,32.755444,0.9716236591339111,0.094410956,0.0,nan,nan
Uformer + PathologyLoss,BraTS2021_00021,33.04609,0.9741478562355042,0.089876615,0.0,nan,nan
Uformer + PathologyLoss,BraTS2021_00021,33.172905,0.9727507829666138,0.09003633,0.0,nan,nan
Uformer + PathologyLoss,BraTS2021_00021,33.13321,0.9720613956451416,0.087884404,0.0,nan,nan
Uformer + PathologyLoss,BraTS2021_00021,33.190742,0.9657554626464844,0.09263145,0.08653846153846154,nan,nan
Uformer + PathologyLoss,BraTS2021_00021,32.972378,0.9619234204292297,0.09330641,0.0,nan,nan
Uformer + PathologyLoss,BraTS2021_00021,33.29998,0.9622209072113037,0.08907002,0.0,nan,nan
Uformer + PathologyLoss,BraTS2021_00021,33.133785,0.9485107660293579,0.09519888,0.0,nan,nan
Uformer + PathologyLoss,BraTS2021_00021,33.181007,0.9451618194580078,0.094708286,0.0,nan,nan
Uformer + PathologyLoss,BraTS2021_00021,33.286854,0.9456467628479004,0.09246392,0.0,nan,nan
Uformer + PathologyLoss,BraTS2021_00053,31.622055,0.9487934112548828,0.15785354,0.0,0.0,0.0
Uformer + PathologyLoss,BraTS2021_00053,31.394197,0.9420537352561951,0.1672877,0.0,0.0,0.0
Uformer + PathologyLoss,BraTS2021_00053,31.247044,0.9483701586723328,0.16223033,0.0,0.0,0.0
Uformer + PathologyLoss,BraTS2021_00053,31.211548,0.9526851177215576,0.15805614,0.0,0.0,0.0
Uformer + PathologyLoss,BraTS2021_00053,31.293888,0.9510372281074524,0.1579101,0.0,0.0,0.0
Uformer + PathologyLoss,BraTS2021_00053,31.463478,0.9520972967147827,0.1558101,0.0,0.0,0.0
Uformer + PathologyLoss,BraTS2021_00053,31.431168,0.9513751864433289,0.15750083,0.10658307210031348,0.0,0.0
Uformer + PathologyLoss,BraTS2021_00053,31.22829,0.9573430418968201,0.15023926,0.34820775420629113,0.0,0.0
Uformer + PathologyLoss,BraTS2021_00053,31.314955,0.9548251032829285,0.15442587,0.28324056895485467,0.0,0.0
Uformer + PathologyLoss,BraTS2021_00053,31.135624,0.9607434868812561,0.14832912,0.6741979213737008,0.0502092050209205,0.062095730918499355
Uformer + PathologyLoss,BraTS2021_00053,31.539057,0.9629285335540771,0.1429014,0.6592224979321754,0.03435114503816794,0.041379310344827586
Uformer + PathologyLoss,BraTS2021_00053,31.610575,0.9647167325019836,0.13662277,0.7427953890489913,0.3679880329094989,0.35795454545454547
Uformer + PathologyLoss,BraTS2021_00053,31.865988,0.9631199240684509,0.13591921,0.6004258339247693,0.3886190145732131,0.3877917414721723
Uformer + PathologyLoss,BraTS2021_00053,31.394604,0.9659541845321655,0.13935502,0.7488639806119358,0.3258426966292135,0.3561887800534283
Uformer + PathologyLoss,BraTS2021_00053,31.354977,0.9610631465911865,0.14361902,0.7551589514779699,0.5364985163204747,0.5399698340874811
Uformer + PathologyLoss,BraTS2021_00053,31.362778,0.9668669104576111,0.13794416,0.7537292428933295,0.11210762331838565,0.1350293542074364
Uformer + PathologyLoss,BraTS2021_00053,31.596258,0.9651360511779785,0.13721512,0.5999356292243322,0.0693293142426526,0.09583333333333334
Uformer + PathologyLoss,BraTS2021_00053,31.365631,0.9708762764930725,0.13493247,0.8366115919223709,0.10439970171513796,0.13386613386613386
Uformer + PathologyLoss,BraTS2021_00053,31.68095,0.9683701992034912,0.13480385,0.8675166297117517,0.584769316286826,0.6016949152542372
Uformer + PathologyLoss,BraTS2021_00053,31.799505,0.9722408652305603,0.12816021,0.835207019468056,0.2661179698216735,0.31216931216931215
Uformer + PathologyLoss,BraTS2021_00053,32.167828,0.9762593507766724,0.12145169,0.8580310880829015,0.25225225225225223,0.3146853146853147
Uformer + PathologyLoss,BraTS2021_00053,32.008945,0.9769134521484375,0.122688875,0.8727629320911988,0.1498422712933754,0.19491525423728814
Uformer + PathologyLoss,BraTS2021_00053,32.145046,0.9790948033332825,0.116404936,0.893849441937782,0.22792937399678972,0.27044711014176664
Uformer + PathologyLoss,BraTS2021_00053,32.346497,0.97623610496521,0.121654145,0.7457535723914802,0.007936507936507936,0.011142061281337047
Uformer + PathologyLoss,BraTS2021_00053,32.224064,0.9787294864654541,0.11753774,0.7842736788358438,0.2260343087790111,0.26448736998514116
Uformer + PathologyLoss,BraTS2021_00053,32.69447,0.9801711440086365,0.112986624,0.8934104046242775,0.18779342723004694,0.29213483146067415
Uformer + PathologyLoss,BraTS2021_00053,32.449905,0.9775367975234985,0.11799947,0.8392769907181241,0.054404145077720206,0.09502262443438914
Uformer + PathologyLoss,BraTS2021_00053,31.991693,0.9815979599952698,0.11699843,0.9002659574468085,0.12547051442910917,0.20704845814977973
Uformer + PathologyLoss,BraTS2021_00053,32.58668,0.9819799661636353,0.11265273,0.9107476635514019,0.010752688172043012,0.019230769230769232
Uformer + PathologyLoss,BraTS2021_00053,32.632423,0.9811695218086243,0.11380801,0.9363636363636364,0.16458852867830423,0.2530612244897959
Uformer + PathologyLoss,BraTS2021_00053,32.40626,0.9802020192146301,0.11750343,0.9467428571428571,0.24849215922798554,0.3436293436293436
Uformer + PathologyLoss,BraTS2021_00053,32.49888,0.9831023812294006,0.10980797,0.9403854773644106,0.18324607329842932,0.2768595041322314
Uformer + PathologyLoss,BraTS2021_00053,32.448116,0.9822487831115723,0.112037756,0.9435155896972436,0.0603448275862069,0.09292035398230089
Uformer + PathologyLoss,BraTS2021_00053,32.23126,0.9792085289955139,0.120217346,0.9464906184850591,0.009188361408882083,0.01405152224824356
Uformer + PathologyLoss,BraTS2021_00053,32.71174,0.9804967045783997,0.11311094,0.9560229445506692,0.14836795252225518,0.208067940552017
Uformer + PathologyLoss,BraTS2021_00053,32.13833,0.9829484224319458,0.113279685,0.9613630909527238,0.07704654895666131,0.1095890410958904
Uformer + PathologyLoss,BraTS2021_00053,32.03033,0.9795753955841064,0.121832356,0.9684924866698982,0.3469675599435825,0.32577319587628867
Uformer + PathologyLoss,BraTS2021_00053,32.243443,0.9799352884292603,0.11735882,0.9699745547073791,0.10437710437710437,0.13901345291479822
Uformer + PathologyLoss,BraTS2021_00053,31.755247,0.9793820977210999,0.12237758,0.9715489989462592,0.0213903743315508,0.02857142857142857
Uformer + PathologyLoss,BraTS2021_00053,31.882832,0.9782344102859497,0.1222333,0.9705485004052958,0.21585160202360876,0.2100656455142232
Uformer + PathologyLoss,BraTS2021_00053,31.455776,0.9782667756080627,0.1275091,0.9764612536366041,0.34782608695652173,0.3386454183266932
Uformer + PathologyLoss,BraTS2021_00053,31.42211,0.9796371459960938,0.12302984,0.9745586708203531,0.5689404934687954,0.4935064935064935
Uformer + PathologyLoss,BraTS2021_00053,31.414194,0.9760276079177856,0.129776,0.9614775725593667,0.3767123287671233,0.4262948207171315
Uformer + PathologyLoss,BraTS2021_00053,30.716436,0.97812819480896,0.13161112,0.9660973744583227,0.599388379204893,0.5804066543438078
Uformer + PathologyLoss,BraTS2021_00053,31.19685,0.9760326743125916,0.13056895,0.9696505993369039,0.2603550295857988,0.3037383177570093
Uformer + PathologyLoss,BraTS2021_00053,31.194946,0.9763197302818298,0.13034582,0.9682051282051282,0.3147410358565737,0.3285024154589372
Uformer + PathologyLoss,BraTS2021_00053,30.774204,0.9762238264083862,0.13610885,0.976530612244898,0.0,0.0
Uformer + PathologyLoss,BraTS2021_00053,30.650993,0.9752829074859619,0.13655408,0.9684155572957452,0.0,0.0
Uformer + PathologyLoss,BraTS2021_00053,30.700027,0.9751900434494019,0.13703765,0.9706666666666667,0.30170316301703165,0.34540389972144847
Uformer + PathologyLoss,BraTS2021_00053,30.761887,0.97684246301651,0.13399628,0.971830985915493,0.1887905604719764,0.21333333333333335
Uformer + PathologyLoss,BraTS2021_00053,30.32669,0.9743130803108215,0.14215429,0.9608969100355482,0.18666666666666668,0.2
Uformer + PathologyLoss,BraTS2021_00053,30.583582,0.9716646075248718,0.1441276,0.9623188405797102,0.8052631578947368,0.8052631578947368
Uformer + PathologyLoss,BraTS2021_00053,30.269777,0.9735639095306396,0.14388002,0.9613832853025936,0.5147058823529411,0.5147058823529411
Uformer + PathologyLoss,BraTS2021_00053,30.15806,0.969684362411499,0.15251309,0.9664145234493192,0.6,0.6
Uformer + PathologyLoss,BraTS2021_00053,30.275002,0.9722180366516113,0.14542429,0.9631480324797002,0.3891891891891892,0.3891891891891892
Uformer + PathologyLoss,BraTS2021_00053,30.069399,0.9708074927330017,0.15195501,0.9599217986314761,0.0,0.0
Uformer + PathologyLoss,BraTS2021_00053,30.245506,0.9697819352149963,0.15182886,0.9720518064076347,0.0,0.0
Uformer + PathologyLoss,BraTS2021_00053,29.978844,0.9721609354019165,0.1505531,0.9547270306258322,0.0,0.0
Uformer + PathologyLoss,BraTS2021_00053,30.12393,0.9698593616485596,0.15212685,0.969241773962804,nan,nan
Uformer + PathologyLoss,BraTS2021_00053,29.86099,0.9689754843711853,0.1578836,0.9630931458699473,nan,nan
Uformer + PathologyLoss,BraTS2021_00053,29.58931,0.9702658653259277,0.15750316,0.966113914924297,nan,nan
Uformer + PathologyLoss,BraTS2021_00053,29.687422,0.9702906608581543,0.15753537,0.9659376120473288,nan,nan
Uformer + PathologyLoss,BraTS2021_00053,29.392841,0.9694855213165283,0.1630153,0.9521106775452288,nan,nan
Uformer + PathologyLoss,BraTS2021_00053,29.374552,0.9666290283203125,0.16755286,0.9517446176688938,nan,nan
Uformer + PathologyLoss,BraTS2021_00053,29.41676,0.9676086902618408,0.16639097,0.9633099141295862,nan,nan
Uformer + PathologyLoss,BraTS2021_00053,28.998623,0.9634401202201843,0.17738216,0.9552980132450332,nan,nan
Uformer + PathologyLoss,BraTS2021_00053,28.881514,0.9626057147979736,0.18336372,0.9295896328293737,nan,nan
Uformer + PathologyLoss,BraTS2021_00053,29.141466,0.9609103202819824,0.19024925,0.9282442748091603,nan,nan
Uformer + PathologyLoss,BraTS2021_00053,29.256971,0.9642394781112671,0.18891418,0.9440639269406392,nan,nan
Uformer + PathologyLoss,BraTS2021_00053,29.502161,0.9604683518409729,0.20276527,0.892679459843639,nan,nan
Uformer + PathologyLoss,BraTS2021_00053,29.783361,0.9632221460342407,0.20088641,0.9131147540983606,nan,nan
Uformer + PathologyLoss,BraTS2021_00053,29.795567,0.9649128317832947,0.20265636,0.9117117117117117,nan,nan
Uformer + PathologyLoss,BraTS2021_00053,30.1207,0.9600232839584351,0.22217718,0.884004884004884,nan,nan
Uformer + PathologyLoss,BraTS2021_00053,30.083858,0.9571506381034851,0.23569052,0.9025974025974026,nan,nan
Uformer + PathologyLoss,BraTS2021_00053,30.42301,0.9591842293739319,0.23677754,0.9008620689655172,nan,nan
Uformer + PathologyLoss,BraTS2021_00053,30.599268,0.9571595788002014,0.2496164,0.9052631578947369,nan,nan
Uformer + PathologyLoss,BraTS2021_00053,31.01065,0.957008421421051,0.2580851,0.8327402135231317,nan,nan
Uformer + PathologyLoss,BraTS2021_00059,30.03417,0.9775375723838806,0.1201396,0.11711711711711711,nan,nan
Uformer + PathologyLoss,BraTS2021_00059,29.99117,0.9761735796928406,0.119188115,0.16828478964401294,nan,nan
Uformer + PathologyLoss,BraTS2021_00059,30.22253,0.9771714210510254,0.11511741,0.4824120603015075,nan,nan
Uformer + PathologyLoss,BraTS2021_00059,30.402637,0.9786110520362854,0.110738486,0.8327228327228328,nan,nan
Uformer + PathologyLoss,BraTS2021_00059,30.406097,0.9781996011734009,0.110672355,0.875392670157068,nan,nan
Uformer + PathologyLoss,BraTS2021_00059,30.592999,0.9782527685165405,0.109314494,0.9478357380688124,nan,nan
Uformer + PathologyLoss,BraTS2021_00059,30.42608,0.9786735773086548,0.10855314,0.9327102803738317,nan,nan
Uformer + PathologyLoss,BraTS2021_00059,30.354235,0.977338969707489,0.11090627,0.9437609841827768,0.4074074074074074,0.4074074074074074
Uformer + PathologyLoss,BraTS2021_00059,30.065483,0.9775203466415405,0.11085494,0.9371519490851233,0.8469387755102041,0.8469387755102041
Uformer + PathologyLoss,BraTS2021_00059,30.041481,0.9779776334762573,0.10988278,0.9413654618473896,0.8945147679324894,0.8945147679324894
Uformer + PathologyLoss,BraTS2021_00059,29.902954,0.9763857126235962,0.11187084,0.9273903666427031,0.9005524861878453,0.9005524861878453
Uformer + PathologyLoss,BraTS2021_00059,30.054625,0.9781270623207092,0.1104478,0.911825017088175,0.9129411764705883,0.910377358490566
Uformer + PathologyLoss,BraTS2021_00059,29.915266,0.9762126803398132,0.115091234,0.9260808926080892,0.9211087420042644,0.9039301310043668
Uformer + PathologyLoss,BraTS2021_00059,29.647633,0.9754372239112854,0.11689094,0.9093315684976837,0.9833641404805915,0.9344608879492601
Uformer + PathologyLoss,BraTS2021_00059,29.067211,0.9733349680900574,0.12029821,0.9489624228827819,0.9645390070921985,0.8854625550660793
Uformer + PathologyLoss,BraTS2021_00059,28.973295,0.9697954654693604,0.12117075,0.8792270531400966,0.9366666666666666,0.8669527896995708
Uformer + PathologyLoss,BraTS2021_00059,28.789618,0.9639735221862793,0.12281977,0.9312699135184342,0.9224904701397713,0.8567251461988304
Uformer + PathologyLoss,BraTS2021_00059,29.027832,0.9653383493423462,0.11443003,0.942261427425822,0.9111498257839721,0.884871550903901
Uformer + PathologyLoss,BraTS2021_00059,29.227522,0.9663339853286743,0.11023575,0.9467286378262424,0.9280469897209985,0.8957836117740652
Uformer + PathologyLoss,BraTS2021_00059,28.820385,0.9636486172676086,0.11139095,0.93038601121742,0.9425717852684145,0.9147920927062031
Uformer + PathologyLoss,BraTS2021_00059,29.030315,0.9622131586074829,0.11025488,0.9446676970633694,0.949438202247191,0.926224426534408
Uformer + PathologyLoss,BraTS2021_00059,28.881796,0.9638208746910095,0.10791837,0.9326627549594859,0.9727225939269172,0.9474912485414235
Uformer + PathologyLoss,BraTS2021_00059,29.102997,0.9640709161758423,0.10496241,0.9585531273549359,0.9733656174334141,0.9301760777170613
Uformer + PathologyLoss,BraTS2021_00059,29.582539,0.9662190079689026,0.09975598,0.960172744721689,0.966542750929368,0.9175449473031618
Uformer + PathologyLoss,BraTS2021_00059,29.433287,0.9652066230773926,0.098319106,0.9618849618849619,0.9638766519823788,0.9107806691449815
Uformer + PathologyLoss,BraTS2021_00059,29.523426,0.9623056054115295,0.09845788,0.9602558245774326,0.9657894736842105,0.9172141918528253
Uformer + PathologyLoss,BraTS2021_00059,29.796448,0.9657735228538513,0.09635721,0.957149300857014,0.9675745784695201,0.9079837618403248
Uformer + PathologyLoss,BraTS2021_00059,29.467287,0.9661163687705994,0.09627868,0.9489177489177489,0.9444911690496215,0.8951507208387942
Uformer + PathologyLoss,BraTS2021_00059,29.875134,0.9632168412208557,0.09623276,0.9445058589431793,0.9581196581196582,0.8828706838185512
Uformer + PathologyLoss,BraTS2021_00059,30.101746,0.9656692743301392,0.092880234,0.9568627450980393,0.9747048903878583,0.9166666666666666
Uformer + PathologyLoss,BraTS2021_00059,30.235,0.9669271111488342,0.09095233,0.9451963612158863,0.979539641943734,0.9294871794871795
Uformer + PathologyLoss,BraTS2021_00059,30.01374,0.967928946018219,0.08951576,0.9568560444254592,0.9520518358531318,0.9
Uformer + PathologyLoss,BraTS2021_00059,30.277225,0.9702464938163757,0.08827883,0.9569438581680034,0.9543605964753727,0.908315565031983
Uformer + PathologyLoss,BraTS2021_00059,30.194529,0.9656514525413513,0.08975769,0.9453671328671329,0.9449929478138223,0.9015317286652079
Uformer + PathologyLoss,BraTS2021_00059,30.10705,0.9662020802497864,0.08989171,0.9380530973451328,0.9583736689254598,0.9136163982430454
Uformer + PathologyLoss,BraTS2021_00059,30.357868,0.9653859734535217,0.08963937,0.9478798586572438,0.9629629629629629,0.9103240391861341
Uformer + PathologyLoss,BraTS2021_00059,30.343115,0.9663200974464417,0.08934467,0.9084890044927879,0.9672219236969372,0.9239130434782609
Uformer + PathologyLoss,BraTS2021_00059,30.389292,0.9674075245857239,0.087745346,0.9385525716886663,0.9505747126436782,0.907051282051282
Uformer + PathologyLoss,BraTS2021_00059,30.1282,0.9703647494316101,0.08801147,0.9430637144148215,0.9546568627450981,0.9090909090909091
Uformer + PathologyLoss,BraTS2021_00059,30.040775,0.9674028158187866,0.08944607,0.9473208229708343,0.9336941813261164,0.8934356351236147
Uformer + PathologyLoss,BraTS2021_00059,30.036127,0.9671369791030884,0.089298405,0.9418686749823488,0.9236363636363636,0.897071129707113
Uformer + PathologyLoss,BraTS2021_00059,30.001434,0.9683171510696411,0.08841889,0.9137888198757764,0.9311163895486936,0.9153122326775022
Uformer + PathologyLoss,BraTS2021_00059,30.280535,0.9712672233581543,0.08788047,0.9226790793897078,0.9264448336252189,0.9137614678899083
Uformer + PathologyLoss,BraTS2021_00059,30.208185,0.9701390266418457,0.08829004,0.8890060638017401,0.8868120456905504,0.8868120456905504
Uformer + PathologyLoss,BraTS2021_00059,30.428164,0.9686363935470581,0.08783944,0.8393367638650657,0.8841099163679809,0.8835534213685474
Uformer + PathologyLoss,BraTS2021_00059,30.119022,0.9702858924865723,0.087327674,0.857566765578635,0.8733233979135618,0.8733233979135618
Uformer + PathologyLoss,BraTS2021_00059,30.409565,0.9709025025367737,0.085652396,0.855146124523507,0.8617021276595744,0.8617021276595744
Uformer + PathologyLoss,BraTS2021_00059,30.380457,0.972912609577179,0.08643396,0.8454545454545455,0.9109730848861284,0.9109730848861284
Uformer + PathologyLoss,BraTS2021_00059,30.752914,0.9757400751113892,0.08199793,0.8521677327647477,0.8684863523573201,0.8684863523573201
Uformer + PathologyLoss,BraTS2021_00059,31.168596,0.9760515689849854,0.08147621,0.8631338162409454,0.9046321525885559,0.9046321525885559
Uformer + PathologyLoss,BraTS2021_00059,31.112852,0.9774401783943176,0.07878701,0.8859357696566998,0.7465753424657534,0.7465753424657534
Uformer + PathologyLoss,BraTS2021_00059,31.281853,0.9780922532081604,0.0775109,0.9324894514767933,0.846441947565543,0.846441947565543
Uformer + PathologyLoss,BraTS2021_00059,31.25406,0.978618860244751,0.07707389,0.939374185136897,0.3652173913043478,0.3652173913043478
Uformer + PathologyLoss,BraTS2021_00059,31.286852,0.9791847467422485,0.07716206,0.9551500154655119,0.2553191489361702,0.2553191489361702
Uformer + PathologyLoss,BraTS2021_00059,31.428047,0.97963547706604,0.07518947,0.9416666666666667,0.0,0.0
Uformer + PathologyLoss,BraTS2021_00059,31.541367,0.9761305451393127,0.07499731,0.9552579082359647,nan,nan
Uformer + PathologyLoss,BraTS2021_00059,31.650526,0.9767396450042725,0.07487594,0.9653100245834472,nan,nan
Uformer + PathologyLoss,BraTS2021_00059,31.502632,0.977867841720581,0.07501139,0.959199789418268,nan,nan
Uformer + PathologyLoss,BraTS2021_00059,31.66805,0.9742010235786438,0.07555262,0.959762354847421,nan,nan
Uformer + PathologyLoss,BraTS2021_00059,31.707283,0.9717159867286682,0.07716209,0.9552486187845304,nan,nan
Uformer + PathologyLoss,BraTS2021_00059,31.434017,0.9761068224906921,0.07548807,0.9524906420961704,nan,nan
Uformer + PathologyLoss,BraTS2021_00059,31.567804,0.9744885563850403,0.07651849,0.95375,nan,nan
Uformer + PathologyLoss,BraTS2021_00059,31.673403,0.9704077243804932,0.079107694,0.9198047419804742,nan,nan
Uformer + PathologyLoss,BraTS2021_00059,30.966301,0.9700100421905518,0.082444236,0.9172413793103448,nan,nan
Uformer + PathologyLoss,BraTS2021_00059,30.676247,0.9684934616088867,0.084019385,0.9011680143755616,nan,nan
Uformer + PathologyLoss,BraTS2021_00059,30.68592,0.967842161655426,0.084940344,0.9259615384615385,nan,nan
Uformer + PathologyLoss,BraTS2021_00059,30.44722,0.9663383960723877,0.0873805,0.8976793248945147,nan,nan
Uformer + PathologyLoss,BraTS2021_00059,30.523088,0.9676386713981628,0.08655431,0.9343148357870895,nan,nan
Uformer + PathologyLoss,BraTS2021_00059,30.293531,0.9647091031074524,0.08950861,0.8822800495662949,nan,nan
Uformer + PathologyLoss,BraTS2021_00059,30.416086,0.9596949219703674,0.09207699,0.8143459915611815,nan,nan
Uformer + PathologyLoss,BraTS2021_00059,30.249512,0.9594043493270874,0.09358004,0.8489451476793249,nan,nan
Uformer + PathologyLoss,BraTS2021_00059,29.998674,0.9635579586029053,0.09430251,0.9094693028095734,nan,nan
Uformer + PathologyLoss,BraTS2021_00059,29.856133,0.9649030566215515,0.09643016,0.8821081830790569,nan,nan
Uformer + PathologyLoss,BraTS2021_00059,29.693718,0.9628825187683105,0.10077122,0.8544061302681992,nan,nan
Uformer + PathologyLoss,BraTS2021_00059,29.526253,0.9630852341651917,0.10037149,0.881159420289855,nan,nan
Uformer + PathologyLoss,BraTS2021_00061,31.066721,0.9742546677589417,0.136975,0.0,0.0,0.0
Uformer + PathologyLoss,BraTS2021_00061,30.87344,0.9737594127655029,0.13510332,0.04524886877828054,0.0425531914893617,0.0425531914893617
Uformer + PathologyLoss,BraTS2021_00061,31.07006,0.9740361571311951,0.13187596,0.060810810810810814,0.23076923076923078,0.2727272727272727
Uformer + PathologyLoss,BraTS2021_00061,30.99384,0.9752464294433594,0.12788512,0.18902439024390244,0.11320754716981132,0.12048192771084337
Uformer + PathologyLoss,BraTS2021_00061,31.060373,0.9760475158691406,0.12520131,0.5965583173996176,0.26865671641791045,0.25263157894736843
Uformer + PathologyLoss,BraTS2021_00061,31.114494,0.9772008061408997,0.12221057,0.5993031358885017,0.35526315789473684,0.39622641509433965
Uformer + PathologyLoss,BraTS2021_00061,30.822685,0.9763298034667969,0.1243854,0.749611197511664,0.6,0.528
Uformer + PathologyLoss,BraTS2021_00061,31.07228,0.977340817451477,0.12011946,0.5233644859813084,0.2896551724137931,0.32323232323232326
Uformer + PathologyLoss,BraTS2021_00061,31.001625,0.9773141145706177,0.12067514,0.5887850467289719,0.014925373134328358,0.021505376344086023
Uformer + PathologyLoss,BraTS2021_00061,31.031477,0.9767921566963196,0.12139763,0.5504087193460491,0.41216216216216217,0.32684824902723736
Uformer + PathologyLoss,BraTS2021_00061,29.998486,0.9695884585380554,0.13426052,0.5901089689857502,0.5410628019323671,0.5081081081081081
Uformer + PathologyLoss,BraTS2021_00061,29.833746,0.9679637551307678,0.133936,0.577922077922078,0.6070038910505836,0.6139954853273137
Uformer + PathologyLoss,BraTS2021_00061,29.989365,0.9650623798370361,0.13104537,0.5602350636630754,0.3445378151260504,0.358695652173913
Uformer + PathologyLoss,BraTS2021_00061,29.96608,0.9677608609199524,0.12359699,0.5610561056105611,0.058091286307053944,0.0729483282674772
Uformer + PathologyLoss,BraTS2021_00061,29.94418,0.9696516990661621,0.119310394,0.5679513184584178,0.0,0.0
Uformer + PathologyLoss,BraTS2021_00061,30.05313,0.9662144184112549,0.119938016,0.6479925303454716,0.1938610662358643,0.165374677002584
Uformer + PathologyLoss,BraTS2021_00061,30.35437,0.9715695977210999,0.11245783,0.671353251318102,0.12218649517684887,0.17464788732394365
Uformer + PathologyLoss,BraTS2021_00061,30.271873,0.971318781375885,0.11291352,0.6947014297729184,0.12101910828025478,0.1702127659574468
Uformer + PathologyLoss,BraTS2021_00061,30.14036,0.971865713596344,0.111532934,0.6604886267902275,0.0,0.0
Uformer + PathologyLoss,BraTS2021_00061,30.45596,0.9742078185081482,0.10820951,0.6795626576955425,0.059964726631393295,0.10441767068273092
Uformer + PathologyLoss,BraTS2021_00061,30.46252,0.9749616980552673,0.10663668,0.669236700077101,0.24496644295302014,0.33774834437086093
Uformer + PathologyLoss,BraTS2021_00061,30.576756,0.9760534763336182,0.10398859,0.6803615447822514,0.15837937384898712,0.24124513618677043
Uformer + PathologyLoss,BraTS2021_00061,30.548367,0.973182737827301,0.108486995,0.7053726169844021,0.048,0.10909090909090909
Uformer + PathologyLoss,BraTS2021_00061,30.368826,0.9763728380203247,0.10496502,0.718336483931947,0.017204301075268817,0.03587443946188341
Uformer + PathologyLoss,BraTS2021_00061,30.39524,0.9734504222869873,0.107685186,0.7237512742099899,0.08775981524249422,0.14166666666666666
Uformer + PathologyLoss,BraTS2021_00061,30.425024,0.9735568165779114,0.105989374,0.6776859504132231,0.03954802259887006,0.058577405857740586
Uformer + PathologyLoss,BraTS2021_00061,30.704535,0.9743455052375793,0.10342373,0.7064676616915423,0.17006802721088435,0.17959183673469387
Uformer + PathologyLoss,BraTS2021_00061,30.839714,0.9720359444618225,0.105060615,0.7545219638242894,0.3333333333333333,0.2807017543859649
Uformer + PathologyLoss,BraTS2021_00061,30.727375,0.9721598029136658,0.10389289,0.7090103397341211,0.5591397849462365,0.5591397849462365
Uformer + PathologyLoss,BraTS2021_00061,30.85529,0.9694290161132812,0.10758933,0.1689497716894977,0.0,0.0
Uformer + PathologyLoss,BraTS2021_00061,30.841015,0.9723776578903198,0.10411241,0.6632124352331606,0.0,0.0
Uformer + PathologyLoss,BraTS2021_00061,31.104092,0.9720312356948853,0.10435167,0.5420054200542005,0.0,0.0
Uformer + PathologyLoss,BraTS2021_00061,31.257545,0.9746246933937073,0.10050481,0.7307692307692307,0.0,0.0
Uformer + PathologyLoss,BraTS2021_00061,31.287437,0.9719316363334656,0.101502955,0.6093189964157706,nan,nan
Uformer + PathologyLoss,BraTS2021_00062,28.953022,0.9731425046920776,0.11634455,0.5331369661266568,nan,nan
Uformer + PathologyLoss,BraTS2021_00062,29.089085,0.971058189868927,0.11743616,0.7759562841530054,nan,nan
Uformer + PathologyLoss,BraTS2021_00062,28.74878,0.9723634123802185,0.114527404,0.851063829787234,nan,nan
Uformer + PathologyLoss,BraTS2021_00062,29.278511,0.9745543003082275,0.109047845,0.86810551558753,nan,nan
Uformer + PathologyLoss,BraTS2021_00062,29.850964,0.9751699566841125,0.10416327,0.8988439306358381,nan,nan
Uformer + PathologyLoss,BraTS2021_00062,29.904324,0.9766956567764282,0.10202242,0.9275558564658091,nan,nan
Uformer + PathologyLoss,BraTS2021_00062,29.731731,0.9780166745185852,0.09902491,0.9295605057194462,nan,nan
Uformer + PathologyLoss,BraTS2021_00062,29.78738,0.9789199233055115,0.09697427,0.9060190073917634,nan,nan
Uformer + PathologyLoss,BraTS2021_00062,30.322327,0.9805529713630676,0.09329334,0.8918302145139206,nan,nan
Uformer + PathologyLoss,BraTS2021_00062,30.2446,0.980372428894043,0.09347908,0.9299878591663294,nan,nan
Uformer + PathologyLoss,BraTS2021_00062,30.471651,0.9834715127944946,0.08799876,0.9296728093268146,nan,nan
Uformer + PathologyLoss,BraTS2021_00062,30.165998,0.9828952550888062,0.08950618,0.9467849223946785,0.0,nan
Uformer + PathologyLoss,BraTS2021_00062,30.000832,0.9822179079055786,0.09089405,0.9650863653068724,0.0,nan
Uformer + PathologyLoss,BraTS2021_00062,30.338634,0.9831680059432983,0.088907346,0.9714693295292439,0.0,nan
Uformer + PathologyLoss,BraTS2021_00062,30.28219,0.9836578965187073,0.08698233,0.9625520110957004,0.0,nan
Uformer + PathologyLoss,BraTS2021_00062,30.22804,0.9831845164299011,0.088480875,0.96592082616179,0.0,nan
Uformer + PathologyLoss,BraTS2021_00062,30.077612,0.9829980731010437,0.08797527,0.9706284153005464,0.08888888888888889,0.0
Uformer + PathologyLoss,BraTS2021_00062,30.257837,0.9845601916313171,0.0864655,0.9554579673776662,0.0,0.0
Uformer + PathologyLoss,BraTS2021_00062,29.970676,0.9833874106407166,0.08796422,0.9731585518102372,0.2828282828282828,0.8666666666666667
Uformer + PathologyLoss,BraTS2021_00062,30.110151,0.9829133152961731,0.08981075,0.9664224664224664,0.576271186440678,0.7272727272727273
Uformer + PathologyLoss,BraTS2021_00062,29.981754,0.9833498597145081,0.088491336,0.9736762481089258,0.3870967741935484,0.8205128205128205
Uformer + PathologyLoss,BraTS2021_00062,30.015034,0.984475314617157,0.08746226,0.9713948687702743,0.4117647058823529,0.7407407407407407
Uformer + PathologyLoss,BraTS2021_00062,30.014282,0.9846574664115906,0.0878404,0.9775413711583925,0.0,0.0
Uformer + PathologyLoss,BraTS2021_00062,30.030659,0.9842228889465332,0.08710268,0.9720011788977306,0.19230769230769232,0.2222222222222222
Uformer + PathologyLoss,BraTS2021_00062,30.765741,0.9869354963302612,0.080835305,0.9746312684365782,0.0,0.0
Uformer + PathologyLoss,BraTS2021_00062,29.987755,0.9862490892410278,0.08317358,0.9702226076900838,0.3404255319148936,0.7586206896551724
Uformer + PathologyLoss,BraTS2021_00062,30.333673,0.9869419932365417,0.081840895,0.9709080223332354,0.0,0.0
Uformer + PathologyLoss,BraTS2021_00062,30.154053,0.9877546429634094,0.080978096,0.97,0.0,0.0
Uformer + PathologyLoss,BraTS2021_00062,30.718388,0.9884269833564758,0.078084424,0.9698613622664256,0.13953488372093023,0.0
Uformer + PathologyLoss,BraTS2021_00062,30.727104,0.9883166551589966,0.079453886,0.9584786053882726,0.0,nan
Uformer + PathologyLoss,BraTS2021_00062,31.180958,0.9893389344215393,0.075021006,0.9685167153521584,nan,nan
Uformer + PathologyLoss,BraTS2021_00062,31.602995,0.9901549220085144,0.07351585,0.9798234552332913,nan,nan
Uformer + PathologyLoss,BraTS2021_00062,30.912346,0.9894269704818726,0.07676687,0.9613888057467824,nan,nan
Uformer + PathologyLoss,BraTS2021_00062,31.734806,0.9902809858322144,0.07251634,0.9768142125865703,0.0,nan
Uformer + PathologyLoss,BraTS2021_00062,31.440008,0.9898813962936401,0.072990075,0.9758162031438936,0.0,nan
Uformer + PathologyLoss,BraTS2021_00062,31.604801,0.9901440143585205,0.07304384,0.9745916515426497,nan,nan
Uformer + PathologyLoss,BraTS2021_00062,31.149233,0.9890899062156677,0.07481651,0.9709746410021387,nan,nan
Uformer + PathologyLoss,BraTS2021_00062,31.362076,0.988521933555603,0.075727694,0.9651126891015746,nan,nan
Uformer + PathologyLoss,BraTS2021_00062,31.178814,0.9882262349128723,0.07661287,0.9173286260664901,0.0,nan
Uformer + PathologyLoss,BraTS2021_00062,31.438679,0.9876877069473267,0.076503225,0.9533711405166981,nan,nan
Uformer + PathologyLoss,BraTS2021_00062,31.612503,0.9871498942375183,0.07640948,0.9319041614123581,nan,nan
Uformer + PathologyLoss,BraTS2021_00062,31.578104,0.9862227439880371,0.07645084,0.9149005542875774,nan,nan
Uformer + PathologyLoss,BraTS2021_00062,31.88941,0.9870092868804932,0.075518854,0.9373737373737374,nan,nan
Uformer + PathologyLoss,BraTS2021_00062,31.790781,0.9867543578147888,0.0744548,0.9464938517779994,nan,nan
Uformer + PathologyLoss,BraTS2021_00062,31.642437,0.9860306978225708,0.07810211,0.9360967184801382,nan,nan
Uformer + PathologyLoss,BraTS2021_00062,31.518467,0.9869914054870605,0.07545082,0.9441941074523397,nan,nan
Uformer + PathologyLoss,BraTS2021_00062,31.431149,0.987233579158783,0.07700511,0.9396290050590219,nan,nan
Uformer + PathologyLoss,BraTS2021_00062,31.24013,0.9862741231918335,0.078712456,0.9423205902079141,nan,nan
Uformer + PathologyLoss,BraTS2021_00062,31.389086,0.9854651093482971,0.08057416,0.9612615701062736,nan,nan
Uformer + PathologyLoss,BraTS2021_00062,31.603968,0.9868434071540833,0.078155965,0.9685973482205164,nan,nan
Uformer + PathologyLoss,BraTS2021_00062,31.30785,0.9870953559875488,0.07873665,0.9422744555824404,nan,nan
Uformer + PathologyLoss,BraTS2021_00062,31.319576,0.9859963655471802,0.08065123,0.9399141630901288,nan,nan
Uformer + PathologyLoss,BraTS2021_00062,31.262236,0.9852629899978638,0.08306991,0.9472107824784725,nan,nan
Uformer + PathologyLoss,BraTS2021_00062,31.181581,0.9849687218666077,0.08597882,0.9290972491282449,nan,nan
Uformer + PathologyLoss,BraTS2021_00062,30.94043,0.984757661819458,0.08715801,0.9516263552960801,nan,nan
Uformer + PathologyLoss,BraTS2021_00062,30.798824,0.98489910364151,0.088191696,0.9085667215815486,nan,nan
Uformer + PathologyLoss,BraTS2021_00062,30.644814,0.9833099246025085,0.092947,0.910333048676345,nan,nan
Uformer + PathologyLoss,BraTS2021_00062,30.499989,0.9846867918968201,0.09344532,0.9438202247191011,nan,nan
Uformer + PathologyLoss,BraTS2021_00062,30.426748,0.9826372861862183,0.09760692,0.9406896551724138,nan,nan
Uformer + PathologyLoss,BraTS2021_00062,30.378536,0.9827640652656555,0.099181876,0.9493131217432497,nan,nan
Uformer + PathologyLoss,BraTS2021_00062,30.563097,0.9839687943458557,0.09815715,0.8810058374494836,nan,nan
Uformer + PathologyLoss,BraTS2021_00062,30.426601,0.9832482933998108,0.10063565,0.8866265617769551,nan,nan
Uformer + PathologyLoss,BraTS2021_00062,30.308516,0.9837799072265625,0.103151746,0.8854314002828855,nan,nan
Uformer + PathologyLoss,BraTS2021_00062,30.133827,0.983551025390625,0.106037684,0.8811121764141898,0.0,0.0
Uformer + PathologyLoss,BraTS2021_00062,30.168453,0.982589602470398,0.10944123,0.892912571132954,0.0,0.0
Uformer + PathologyLoss,BraTS2021_00062,30.161545,0.9838302731513977,0.11044832,0.8981173864894795,0.0,0.0
Uformer + PathologyLoss,BraTS2021_00062,30.063744,0.9839794039726257,0.11278038,0.8883405305367057,nan,nan
Uformer + PathologyLoss,BraTS2021_00062,30.151442,0.9829135537147522,0.11873632,0.9031802120141342,nan,nan
Uformer + PathologyLoss,BraTS2021_00062,29.861086,0.9833853840827942,0.12073403,0.8943452380952381,nan,nan
Uformer + PathologyLoss,BraTS2021_00062,30.313923,0.9838922619819641,0.12198511,0.9125728559533722,0.0,0.0
Uformer + PathologyLoss,BraTS2021_00062,30.27086,0.9842904806137085,0.1239747,0.8813559322033898,nan,nan
Uformer + PathologyLoss,BraTS2021_00062,30.556067,0.9850695133209229,0.1250416,0.8168168168168168,0.0,0.0
Uformer + PathologyLoss,BraTS2021_00062,30.71993,0.984972357749939,0.12945189,0.8387096774193549,0.0,0.0
Uformer + PathologyLoss,BraTS2021_00062,30.80473,0.983402669429779,0.1379068,0.6422338568935427,0.0,0.0
Uformer + PathologyLoss,BraTS2021_00066,30.128601,0.9677714109420776,0.10413098,0.8689138576779026,nan,nan
Uformer + PathologyLoss,BraTS2021_00066,30.066036,0.9681522250175476,0.10540942,0.8807339449541285,nan,nan
Uformer + PathologyLoss,BraTS2021_00066,30.16676,0.9699809551239014,0.10344613,0.9328214971209213,nan,nan
Uformer + PathologyLoss,BraTS2021_00066,30.258818,0.9699661731719971,0.103400275,0.9614740368509213,nan,nan
Uformer + PathologyLoss,BraTS2021_00066,30.363037,0.9724709391593933,0.100385964,0.9648382559774965,nan,nan
Uformer + PathologyLoss,BraTS2021_00066,30.312273,0.9708998203277588,0.10312421,0.9663461538461539,nan,nan
Uformer + PathologyLoss,BraTS2021_00066,30.190058,0.9764161109924316,0.09685392,0.9498580889309366,nan,nan
Uformer + PathologyLoss,BraTS2021_00066,30.52802,0.9780783653259277,0.09405211,0.976271186440678,nan,nan
Uformer + PathologyLoss,BraTS2021_00066,30.628244,0.9780629277229309,0.09303158,0.9806051202482544,nan,nan
Uformer + PathologyLoss,BraTS2021_00066,30.482101,0.9788751006126404,0.09398547,0.9719887955182073,0.0,0.0
Uformer + PathologyLoss,BraTS2021_00066,30.3167,0.9786315560340881,0.09420752,0.9545745361484325,0.6941176470588235,0.6941176470588235
Uformer + PathologyLoss,BraTS2021_00066,30.302582,0.9760496020317078,0.097054735,0.9652650822669104,0.847457627118644,0.8285714285714286
Uformer + PathologyLoss,BraTS2021_00066,30.291336,0.977766215801239,0.09532681,0.9530434782608695,0.9219143576826196,0.8507936507936508
Uformer + PathologyLoss,BraTS2021_00066,30.235794,0.978355884552002,0.09491588,0.9666861484511982,0.9424307036247335,0.8291139240506329
Uformer + PathologyLoss,BraTS2021_00066,30.01418,0.9773487448692322,0.09658293,0.9729119638826185,0.9305816135084428,0.7988165680473372
Uformer + PathologyLoss,BraTS2021_00066,30.146072,0.9793168306350708,0.093515016,0.9627228525121556,0.9119718309859155,0.7976190476190477
Uformer + PathologyLoss,BraTS2021_00066,30.09665,0.9805071949958801,0.09292171,0.952863659401926,0.9588607594936709,0.8786127167630058
Uformer + PathologyLoss,BraTS2021_00066,30.400116,0.9806634187698364,0.09172042,0.9523346303501945,0.9292307692307692,0.7932011331444759
Uformer + PathologyLoss,BraTS2021_00066,30.67213,0.9830679893493652,0.08769224,0.9505628976994616,0.9470588235294117,0.8463476070528967
Uformer + PathologyLoss,BraTS2021_00066,30.81609,0.9838342070579529,0.08655084,0.9737970462124821,0.8940092165898618,0.7362924281984334
Uformer + PathologyLoss,BraTS2021_00066,30.780909,0.9839447736740112,0.08664157,0.9697256385998108,0.8544891640866873,0.699228791773779
Uformer + PathologyLoss,BraTS2021_00066,30.744164,0.9829900860786438,0.088061824,0.9622551361681796,0.8822652757078987,0.6873385012919897
Uformer + PathologyLoss,BraTS2021_00066,30.785583,0.9829354882240295,0.086431846,0.958981612446959,0.905982905982906,0.7488151658767772
Uformer + PathologyLoss,BraTS2021_00066,30.961935,0.9828804731369019,0.085379645,0.9633750579508576,0.8976608187134503,0.710997442455243
Uformer + PathologyLoss,BraTS2021_00066,31.030676,0.9814298152923584,0.085819356,0.9615384615384616,0.9540229885057471,0.8366336633663366
Uformer + PathologyLoss,BraTS2021_00066,31.156353,0.9821372032165527,0.08312697,0.9677117454375292,0.9088098918083463,0.7467362924281984
Uformer + PathologyLoss,BraTS2021_00066,31.290482,0.9787947535514832,0.08694372,0.9719282098481362,0.9433962264150944,0.7990074441687345
Uformer + PathologyLoss,BraTS2021_00066,31.089031,0.979323148727417,0.086457275,0.947787610619469,0.88,0.7346938775510204
Uformer + PathologyLoss,BraTS2021_00066,31.045713,0.977282702922821,0.08671493,0.9594902139280838,0.7111111111111111,0.601123595505618
Uformer + PathologyLoss,BraTS2021_00066,31.043232,0.9754425287246704,0.0883426,0.951048951048951,0.4750733137829912,0.4782608695652174
Uformer + PathologyLoss,BraTS2021_00066,31.09224,0.9773653745651245,0.08803746,0.8963963963963963,0.617737003058104,0.6215384615384615
Uformer + PathologyLoss,BraTS2021_00066,30.982803,0.9768951535224915,0.08909006,0.9057692307692308,0.6539923954372624,0.6539923954372624
Uformer + PathologyLoss,BraTS2021_00066,31.0585,0.977301299571991,0.08891221,0.8842315369261478,0.5657894736842105,0.5657894736842105
Uformer + PathologyLoss,BraTS2021_00066,30.800848,0.9724828600883484,0.09270594,0.9105322763306908,0.0,0.0
Uformer + PathologyLoss,BraTS2021_00066,30.736597,0.9752078056335449,0.092221916,0.8821822402785838,nan,nan
Uformer + PathologyLoss,BraTS2021_00066,30.439457,0.9720732569694519,0.09663781,0.9411764705882353,nan,nan
Uformer + PathologyLoss,BraTS2021_00066,30.414183,0.9707637429237366,0.10039638,0.9222133119486768,nan,nan
Uformer + PathologyLoss,BraTS2021_00066,29.974384,0.9693416953086853,0.10366039,0.932573599240266,nan,nan
Uformer + PathologyLoss,BraTS2021_00066,29.745415,0.9687244296073914,0.10516602,0.9330499468650372,nan,nan
Uformer + PathologyLoss,BraTS2021_00066,29.54505,0.9673606753349304,0.10896281,0.8945538818076477,nan,nan
Uformer + PathologyLoss,BraTS2021_00066,29.365334,0.9659824371337891,0.1128501,0.9232954545454546,nan,nan
Uformer + PathologyLoss,BraTS2021_00066,29.418848,0.9645276665687561,0.11527971,0.9310344827586207,nan,nan
Uformer + PathologyLoss,BraTS2021_00066,29.074203,0.9649170637130737,0.11662996,0.9015873015873016,nan,nan
Uformer + PathologyLoss,BraTS2021_00066,29.234112,0.9627149701118469,0.12150053,0.9143835616438356,nan,nan
Uformer + PathologyLoss,BraTS2021_00066,29.34601,0.966935396194458,0.11672703,0.8805704099821747,nan,nan
Uformer + PathologyLoss,BraTS2021_00066,29.106388,0.9622677564620972,0.123129316,0.8987854251012146,nan,nan
Uformer + PathologyLoss,BraTS2021_00066,29.335878,0.9650129079818726,0.12276323,0.9074889867841409,nan,nan
Uformer + PathologyLoss,BraTS2021_00066,29.121094,0.9659563302993774,0.12146187,0.915,nan,nan
Uformer + PathologyLoss,BraTS2021_00066,29.1137,0.9648038744926453,0.12558545,0.8831908831908832,nan,nan
Uformer + PathologyLoss,BraTS2021_00071,31.251003,0.9795046448707581,0.1112904,nan,nan,nan
Uformer + PathologyLoss,BraTS2021_00071,31.29601,0.9790524244308472,0.11101754,nan,nan,nan
Uformer + PathologyLoss,BraTS2021_00071,31.20756,0.9799580574035645,0.11059196,nan,nan,nan
Uformer + PathologyLoss,BraTS2021_00071,30.986183,0.9780427813529968,0.115897544,nan,nan,nan
Uformer + PathologyLoss,BraTS2021_00071,30.765854,0.9785357117652893,0.11451876,nan,nan,nan
Uformer + PathologyLoss,BraTS2021_00071,30.514744,0.9766317009925842,0.11815261,0.0,nan,nan
Uformer + PathologyLoss,BraTS2021_00071,30.409338,0.9752392768859863,0.11794022,0.0,nan,nan
Uformer + PathologyLoss,BraTS2021_00071,30.44032,0.9706348180770874,0.124098144,0.0,nan,nan
Uformer + PathologyLoss,BraTS2021_00071,30.259096,0.9717447757720947,0.11946127,0.0,nan,nan
Uformer + PathologyLoss,BraTS2021_00071,30.446129,0.9734388589859009,0.114038065,0.6962025316455697,nan,nan
Uformer + PathologyLoss,BraTS2021_00071,30.51301,0.9704031944274902,0.11377721,0.849906191369606,0.06896551724137931,0.06896551724137931
Uformer + PathologyLoss,BraTS2021_00071,30.382504,0.9708454012870789,0.11301596,0.8299845440494591,0.0,0.0
Uformer + PathologyLoss,BraTS2021_00071,30.340157,0.9706727862358093,0.11123511,0.9496221662468514,0.8235294117647058,0.8235294117647058
Uformer + PathologyLoss,BraTS2021_00071,30.276964,0.9705262780189514,0.11204599,0.9532595325953259,0.8693467336683417,0.859375
Uformer + PathologyLoss,BraTS2021_00071,30.527811,0.9709022045135498,0.11095924,0.8917861799217731,0.7960526315789473,0.7713787085514834
Uformer + PathologyLoss,BraTS2021_00071,30.552292,0.9727087616920471,0.1074156,0.875,0.8369905956112853,0.7835820895522388
Uformer + PathologyLoss,BraTS2021_00071,30.744755,0.9734893441200256,0.10489125,0.8943452380952381,0.8397626112759644,0.7759562841530054
Uformer + PathologyLoss,BraTS2021_00071,30.791454,0.9752476811408997,0.10171998,0.8846153846153846,0.8869047619047619,0.8158415841584158
Uformer + PathologyLoss,BraTS2021_00071,30.80841,0.9743518233299255,0.10309214,0.8818782098312545,0.9002932551319648,0.8111587982832618
Uformer + PathologyLoss,BraTS2021_00071,31.149544,0.9752721190452576,0.10135185,0.8547271329746349,0.886002886002886,0.7763157894736842
Uformer + PathologyLoss,BraTS2021_00071,31.43674,0.9760082960128784,0.10040822,0.8696369636963697,0.9174041297935103,0.832183908045977
Uformer + PathologyLoss,BraTS2021_00071,31.408833,0.9795259237289429,0.096082084,0.925,0.9483282674772037,0.8776978417266187
Uformer + PathologyLoss,BraTS2021_00071,31.35831,0.9770856499671936,0.100641504,0.8994614003590664,0.9550387596899225,0.8974358974358975
Uformer + PathologyLoss,BraTS2021_00071,31.343437,0.9770366549491882,0.09777846,0.9321739130434783,0.9502923976608187,0.8755980861244019
Uformer + PathologyLoss,BraTS2021_00071,31.47505,0.9771456122398376,0.09755883,0.9201451905626135,0.9627507163323782,0.8837209302325582
Uformer + PathologyLoss,BraTS2021_00071,31.311802,0.9765185713768005,0.099126205,0.9049858889934148,0.9010339734121122,0.7923627684964201
Uformer + PathologyLoss,BraTS2021_00071,31.131964,0.9770075678825378,0.09894322,0.9027911453320501,0.9526542324246772,0.8619854721549637
Uformer + PathologyLoss,BraTS2021_00071,31.344976,0.9758645296096802,0.09797701,0.9019980970504282,0.9488243430152143,0.9020501138952164
Uformer + PathologyLoss,BraTS2021_00071,31.2696,0.9768671989440918,0.09742412,0.8850806451612904,0.9278033794162827,0.8638743455497382
Uformer + PathologyLoss,BraTS2021_00071,31.304968,0.9779090285301208,0.09620563,0.9000989119683481,0.9121725731895224,0.8571428571428571
Uformer + PathologyLoss,BraTS2021_00071,31.175318,0.975031852722168,0.09859141,0.9470529470529471,0.9632892804698973,0.9302325581395349
Uformer + PathologyLoss,BraTS2021_00071,31.329336,0.9765536189079285,0.098660015,0.9628886659979939,0.960352422907489,0.9378330373001776
Uformer + PathologyLoss,BraTS2021_00071,31.255434,0.9773825407028198,0.09628132,0.9519038076152304,0.9552715654952076,0.9325842696629213
Uformer + PathologyLoss,BraTS2021_00071,31.247847,0.9762600064277649,0.10067406,0.9531568228105907,0.9297658862876255,0.8991935483870968
Uformer + PathologyLoss,BraTS2021_00071,30.802443,0.9754857420921326,0.10256944,0.9374379344587885,0.948339483394834,0.90625
Uformer + PathologyLoss,BraTS2021_00071,30.80063,0.9748672842979431,0.10377905,0.9358490566037736,0.9547169811320755,0.8919540229885058
Uformer + PathologyLoss,BraTS2021_00071,31.114647,0.9775315523147583,0.09884789,0.9490268767377201,0.9213973799126638,0.8753315649867374
Uformer + PathologyLoss,BraTS2021_00071,31.083855,0.9785115718841553,0.09853221,0.9373848987108656,0.7868852459016393,0.7115384615384616
Uformer + PathologyLoss,BraTS2021_00071,31.19299,0.9804365634918213,0.095832124,0.9588516746411483,0.6925795053003534,0.6795366795366795
Uformer + PathologyLoss,BraTS2021_00071,31.274822,0.9804397225379944,0.09608534,0.9668341708542714,0.663594470046083,0.6698113207547169
Uformer + PathologyLoss,BraTS2021_00071,31.596516,0.9815909266471863,0.09299178,0.9617706237424547,0.22641509433962265,0.23076923076923078
Uformer + PathologyLoss,BraTS2021_00071,32.08218,0.9840391278266907,0.08784484,0.9621052631578947,0.0,0.0
Uformer + PathologyLoss,BraTS2021_00071,31.850315,0.9846317172050476,0.087611146,0.9278350515463918,0.0,0.0
Uformer + PathologyLoss,BraTS2021_00071,32.07619,0.9839720726013184,0.08773134,0.9119047619047619,0.0,0.0
Uformer + PathologyLoss,BraTS2021_00071,31.932106,0.9842486381530762,0.08937491,0.8431654676258993,0.0,0.0
Uformer + PathologyLoss,BraTS2021_00071,32.24929,0.9853957891464233,0.08589271,0.8941176470588236,nan,nan
Uformer + PathologyLoss,BraTS2021_00071,32.55356,0.9849234223365784,0.084915414,0.9027355623100304,nan,nan
Uformer + PathologyLoss,BraTS2021_00071,32.769894,0.985981822013855,0.08199518,0.9067524115755627,nan,nan
Uformer + PathologyLoss,BraTS2021_00071,32.54394,0.9854128956794739,0.08433908,0.9132569558101473,nan,nan
Uformer + PathologyLoss,BraTS2021_00071,32.460712,0.9850324988365173,0.084448405,0.896797153024911,nan,nan
Uformer + PathologyLoss,BraTS2021_00071,32.303368,0.9854762554168701,0.0833859,0.9446494464944649,nan,nan
Uformer + PathologyLoss,BraTS2021_00071,32.262463,0.9839019179344177,0.08546862,0.8958742632612967,nan,nan
Uformer + PathologyLoss,BraTS2021_00071,32.29328,0.9835851192474365,0.0861666,0.912,nan,nan
Uformer + PathologyLoss,BraTS2021_00071,32.348854,0.9835095405578613,0.084303334,0.8906882591093117,nan,nan
Uformer + PathologyLoss,BraTS2021_00071,32.305134,0.9824340343475342,0.08579161,0.8646288209606987,nan,nan
Uformer + PathologyLoss,BraTS2021_00071,32.58205,0.9829055070877075,0.08450295,0.8461538461538461,nan,nan
Uformer + PathologyLoss,BraTS2021_00071,32.59553,0.9832612872123718,0.08180199,0.7580645161290323,nan,nan
Uformer + PathologyLoss,BraTS2021_00071,32.595943,0.9834184050559998,0.080493115,0.7311178247734139,nan,nan
Uformer + PathologyLoss,BraTS2021_00071,32.69874,0.9826808571815491,0.08199003,0.5276595744680851,nan,nan
Uformer + PathologyLoss,BraTS2021_00071,32.55078,0.9810560941696167,0.08301006,0.0,nan,nan
Uformer + PathologyLoss,BraTS2021_00071,32.28156,0.9786050319671631,0.08581507,0.0,nan,nan
Uformer + PathologyLoss,BraTS2021_00071,32.44693,0.9821164608001709,0.081994355,0.0,nan,nan
Uformer + PathologyLoss,BraTS2021_00071,32.464096,0.9821460843086243,0.08211316,0.0,nan,nan
Uformer + PathologyLoss,BraTS2021_00078,31.171394,0.9664740562438965,0.10539073,0.8945454545454545,nan,nan
Uformer + PathologyLoss,BraTS2021_00078,31.091515,0.9701995253562927,0.10251837,0.9137931034482759,nan,nan
Uformer + PathologyLoss,BraTS2021_00078,31.254253,0.972629964351654,0.09962678,0.8820754716981132,nan,nan
Uformer + PathologyLoss,BraTS2021_00078,31.380173,0.9739794135093689,0.09667917,0.818815331010453,nan,nan
Uformer + PathologyLoss,BraTS2021_00078,31.485853,0.9749044179916382,0.09449161,0.8713789107763615,nan,nan
Uformer + PathologyLoss,BraTS2021_00078,31.54357,0.9741146564483643,0.096347585,0.9090909090909091,nan,nan
Uformer + PathologyLoss,BraTS2021_00078,31.593613,0.9790624976158142,0.09012539,0.9523088569265707,nan,nan
Uformer + PathologyLoss,BraTS2021_00078,31.78722,0.9805333018302917,0.08939963,0.9498997995991983,nan,nan
Uformer + PathologyLoss,BraTS2021_00078,32.054176,0.982903003692627,0.083977096,0.9701670644391408,nan,nan
Uformer + PathologyLoss,BraTS2021_00078,32.337822,0.9843885898590088,0.08028372,0.9720670391061452,nan,nan
Uformer + PathologyLoss,BraTS2021_00078,32.7028,0.9850685596466064,0.07922366,0.9701249321021184,nan,nan
Uformer + PathologyLoss,BraTS2021_00078,32.750805,0.9843913316726685,0.07962412,0.9737519300051467,0.0,0.0
Uformer + PathologyLoss,BraTS2021_00078,32.75583,0.9832568168640137,0.08109064,0.9739044805514525,0.6857142857142857,0.6857142857142857
Uformer + PathologyLoss,BraTS2021_00078,33.0177,0.9835729598999023,0.07843034,0.9782923299565847,0.73,0.73
Uformer + PathologyLoss,BraTS2021_00078,32.863815,0.982896089553833,0.07959681,0.9544364508393285,0.6781609195402298,0.6781609195402298
Uformer + PathologyLoss,BraTS2021_00078,32.785534,0.9817298054695129,0.07944973,0.947069943289225,0.7841105354058722,0.7841105354058722
Uformer + PathologyLoss,BraTS2021_00078,32.903664,0.981082022190094,0.07953922,0.9497054825555052,0.9044117647058824,0.822429906542056
Uformer + PathologyLoss,BraTS2021_00078,32.736477,0.979189395904541,0.082073875,0.9629629629629629,0.9396378269617707,0.8764629388816645
Uformer + PathologyLoss,BraTS2021_00078,32.549545,0.9782541990280151,0.083300084,0.9719312945119397,0.9693251533742331,0.8972691807542262
Uformer + PathologyLoss,BraTS2021_00078,32.36647,0.9776421189308167,0.08339329,0.9600645421540944,0.9727564102564102,0.8845070422535212
Uformer + PathologyLoss,BraTS2021_00078,32.236782,0.9777829051017761,0.08247821,0.9414556962025317,0.948021722265322,0.8393135725429017
Uformer + PathologyLoss,BraTS2021_00078,32.32616,0.9761976003646851,0.08436233,0.9338491295938104,0.9727081875437369,0.8895434462444771
Uformer + PathologyLoss,BraTS2021_00078,32.396236,0.9765807390213013,0.08433101,0.9487179487179487,0.9701393497013935,0.8974358974358975
Uformer + PathologyLoss,BraTS2021_00078,32.29109,0.976876974105835,0.084463894,0.9529803776379119,0.9584905660377359,0.851063829787234
Uformer + PathologyLoss,BraTS2021_00078,32.01726,0.9766982197761536,0.08544211,0.9578908824606371,0.9600491702519975,0.9043478260869565
Uformer + PathologyLoss,BraTS2021_00078,31.924908,0.9754705429077148,0.086622074,0.9653647752394989,0.9706762417713943,0.9124537607891492
Uformer + PathologyLoss,BraTS2021_00078,31.483309,0.9725242853164673,0.09116483,0.97759823723834,0.8441558441558441,0.8875598086124402
Uformer + PathologyLoss,BraTS2021_00078,31.359594,0.9723036289215088,0.09070702,0.9704008992131885,0.9425287356321839,0.9149700598802395
Uformer + PathologyLoss,BraTS2021_00078,31.435715,0.970077633857727,0.09639835,0.9797787104158718,0.9259708737864077,0.9185360094451004
Uformer + PathologyLoss,BraTS2021_00078,31.3648,0.9697434306144714,0.095448785,0.9693396226415094,0.9675090252707581,0.929192546583851
Uformer + PathologyLoss,BraTS2021_00078,31.150293,0.9724199771881104,0.095666714,0.981415579280348,0.9173501577287066,0.924187725631769
Uformer + PathologyLoss,BraTS2021_00078,31.222734,0.9676845669746399,0.09836419,0.9730831973898858,0.9009247027741083,0.8951406649616368
Uformer + PathologyLoss,BraTS2021_00078,31.056133,0.9700925350189209,0.097625315,0.9822534048699959,0.9006802721088435,0.9017199017199017
Uformer + PathologyLoss,BraTS2021_00078,30.781878,0.9695325493812561,0.10107051,0.9811320754716981,0.8509687034277198,0.8224043715846995
Uformer + PathologyLoss,BraTS2021_00078,30.705906,0.9629417657852173,0.10718393,0.9831824062095731,0.9774744027303754,0.9243119266055045
Uformer + PathologyLoss,BraTS2021_00078,30.598677,0.9666159152984619,0.10399893,0.9787786920744911,0.9710144927536232,0.9088639200998752
Uformer + PathologyLoss,BraTS2021_00078,30.557941,0.9666314721107483,0.10668733,0.9723953695458593,0.946031746031746,0.8578878748370273
Uformer + PathologyLoss,BraTS2021_00078,30.694008,0.9673396944999695,0.106453404,0.9495798319327731,0.9637305699481865,0.882907133243607
Uformer + PathologyLoss,BraTS2021_00078,30.763628,0.9689851999282837,0.10550787,0.9579349904397706,0.9589552238805971,0.865979381443299
Uformer + PathologyLoss,BraTS2021_00078,30.52779,0.9694668650627136,0.10632617,0.9626032054395337,0.9542356377799416,0.9023383768913342
Uformer + PathologyLoss,BraTS2021_00078,30.518553,0.9703152775764465,0.108494066,0.9700833742030407,0.9595854922279793,0.8979591836734694
Uformer + PathologyLoss,BraTS2021_00078,30.604416,0.9695910215377808,0.11141746,0.9621676891615542,0.9398410896708286,0.8694214876033057
Uformer + PathologyLoss,BraTS2021_00078,30.306702,0.9694527387619019,0.11325791,0.9667178699436764,0.967032967032967,0.9039881831610044
Uformer + PathologyLoss,BraTS2021_00078,30.142498,0.9680719375610352,0.11646024,0.9526372443487621,0.9363507779349364,0.9203539823008849
Uformer + PathologyLoss,BraTS2021_00078,29.526873,0.9662779569625854,0.12532848,0.960838389409818,0.9423076923076923,0.9198036006546645
Uformer + PathologyLoss,BraTS2021_00078,29.359587,0.9685899019241333,0.124827445,0.9710312862108922,0.9413793103448276,0.9321739130434783
Uformer + PathologyLoss,BraTS2021_00078,29.359571,0.9674026966094971,0.13160416,0.975551580202743,0.9300567107750473,0.90234375
Uformer + PathologyLoss,BraTS2021_00078,29.247705,0.9680743217468262,0.13372388,0.9691629955947136,0.9010526315789473,0.8964059196617337
Uformer + PathologyLoss,BraTS2021_00078,29.103806,0.9700894951820374,0.13584338,0.9701789264413518,0.916256157635468,0.916256157635468
Uformer + PathologyLoss,BraTS2021_00078,28.796293,0.9708735942840576,0.13916,0.9541547277936963,0.7955390334572491,0.7955390334572491
Uformer + PathologyLoss,BraTS2021_00078,28.987362,0.9707249999046326,0.14521714,0.9376053962900506,0.7883211678832117,0.7883211678832117
Uformer + PathologyLoss,BraTS2021_00078,29.31084,0.9709558486938477,0.14970194,0.8465753424657534,0.0,0.0
Uformer + PathologyLoss,BraTS2021_00078,28.743351,0.9704011082649231,0.15699123,0.8097560975609757,nan,nan
Uformer + PathologyLoss,BraTS2021_00078,28.980207,0.9716929197311401,0.16079801,0.8031914893617021,nan,nan
Uformer + PathologyLoss,BraTS2021_00081,30.195436,0.9738503098487854,0.15994868,0.0,nan,nan
Uformer + PathologyLoss,BraTS2021_00081,30.321484,0.9738436341285706,0.15786341,0.0,nan,nan
Uformer + PathologyLoss,BraTS2021_00081,30.371542,0.9763628840446472,0.14745267,0.0,nan,nan
Uformer + PathologyLoss,BraTS2021_00081,30.011112,0.9754465818405151,0.14854743,0.0,nan,nan
Uformer + PathologyLoss,BraTS2021_00081,30.22666,0.9750152826309204,0.14720196,0.6694045174537988,nan,nan
Uformer + PathologyLoss,BraTS2021_00081,30.376938,0.9780316352844238,0.13631313,0.8507936507936508,nan,nan
Uformer + PathologyLoss,BraTS2021_00081,30.43631,0.9776766300201416,0.13557982,0.7817403708987162,0.7272727272727273,0.7272727272727273
Uformer + PathologyLoss,BraTS2021_00081,30.513723,0.9793358445167542,0.12951037,0.7946537059538274,0.6896551724137931,0.6896551724137931
Uformer + PathologyLoss,BraTS2021_00081,30.45191,0.9786739945411682,0.1307748,0.865424430641822,0.5633802816901409,0.5633802816901409
Uformer + PathologyLoss,BraTS2021_00081,30.771608,0.9799599647521973,0.12570247,0.8468809073724007,0.676923076923077,0.676923076923077
Uformer + PathologyLoss,BraTS2021_00081,30.794922,0.9811415076255798,0.12140643,0.9359190556492412,0.628158844765343,0.6304347826086957
Uformer + PathologyLoss,BraTS2021_00081,30.857746,0.9799804091453552,0.1247418,0.9385004212299916,0.7709923664122137,0.7709923664122137
Uformer + PathologyLoss,BraTS2021_00081,30.770693,0.9798043370246887,0.12526461,0.8932874354561101,0.8612099644128114,0.8612099644128114
Uformer + PathologyLoss,BraTS2021_00081,30.507072,0.9804596304893494,0.123880506,0.9407051282051282,0.912751677852349,0.912751677852349
Uformer + PathologyLoss,BraTS2021_00081,30.60659,0.9800387620925903,0.12519634,0.971003717472119,0.9250814332247557,0.9250814332247557
Uformer + PathologyLoss,BraTS2021_00081,30.51141,0.9799706339836121,0.126047,0.9719887955182073,0.9482758620689655,0.9482758620689655
Uformer + PathologyLoss,BraTS2021_00081,30.390768,0.9814742207527161,0.12239658,0.977139124755062,0.9147286821705426,0.9147286821705426
Uformer + PathologyLoss,BraTS2021_00081,30.331356,0.9819729924201965,0.120222986,0.9764267990074442,0.9471153846153846,0.9539951573849879
Uformer + PathologyLoss,BraTS2021_00081,30.282764,0.9815114736557007,0.121847406,0.9667271627344223,0.961864406779661,0.9680170575692963
Uformer + PathologyLoss,BraTS2021_00081,30.019695,0.9799960255622864,0.12622601,0.9652278177458034,0.9523809523809523,0.9523809523809523
Uformer + PathologyLoss,BraTS2021_00081,30.408747,0.981474757194519,0.12310779,0.9660703269586675,0.9669565217391304,0.9669565217391304
Uformer + PathologyLoss,BraTS2021_00081,30.092936,0.9797264933586121,0.12631433,0.9606404269513009,0.9795221843003413,0.9795221843003413
Uformer + PathologyLoss,BraTS2021_00081,29.834063,0.9793335795402527,0.12648024,0.9674289674289674,0.9713322091062394,0.9713322091062394
Uformer + PathologyLoss,BraTS2021_00081,29.793583,0.979703426361084,0.12538241,0.9692197566213314,0.9795918367346939,0.9795918367346939
Uformer + PathologyLoss,BraTS2021_00081,29.701168,0.9788545966148376,0.12676705,0.9467181467181467,0.9756944444444444,0.9756944444444444
Uformer + PathologyLoss,BraTS2021_00081,29.579765,0.9775251746177673,0.12902486,0.9343065693430657,0.9701492537313433,0.9701492537313433
Uformer + PathologyLoss,BraTS2021_00081,29.781248,0.9768067598342896,0.12949967,0.9344894026974951,0.9681274900398407,0.9681274900398407
Uformer + PathologyLoss,BraTS2021_00081,29.975502,0.9766867160797119,0.1278936,0.9468196037539103,0.9623430962343096,0.9623430962343096
Uformer + PathologyLoss,BraTS2021_00081,30.328289,0.9780668020248413,0.12201742,0.9298043728423475,0.956140350877193,0.956140350877193
Uformer + PathologyLoss,BraTS2021_00081,30.588495,0.9784145355224609,0.119968385,0.9417249417249417,0.9488372093023256,0.9488372093023256
Uformer + PathologyLoss,BraTS2021_00081,30.325506,0.9769410490989685,0.12321946,0.8835534213685474,0.9403341288782816,0.9403341288782816
Uformer + PathologyLoss,BraTS2021_00081,30.432625,0.9774115085601807,0.12098134,0.9324324324324325,0.949238578680203,0.949238578680203
Uformer + PathologyLoss,BraTS2021_00081,30.506557,0.9785540699958801,0.1171241,0.9436769394261424,0.9399477806788512,0.9259259259259259
Uformer + PathologyLoss,BraTS2021_00081,30.624006,0.97956782579422,0.11383844,0.9602446483180428,0.9557522123893806,0.9369369369369369
Uformer + PathologyLoss,BraTS2021_00081,30.685764,0.9787147045135498,0.1157406,0.9416342412451362,0.9433962264150944,0.9433962264150944
Uformer + PathologyLoss,BraTS2021_00081,30.734077,0.9795056581497192,0.11338247,0.9357798165137615,0.970873786407767,0.970873786407767
Uformer + PathologyLoss,BraTS2021_00081,30.34292,0.9800022840499878,0.11136999,0.9793459552495697,0.9366197183098591,0.9366197183098591
Uformer + PathologyLoss,BraTS2021_00081,30.636646,0.980198860168457,0.11098006,0.9773123909249564,0.9671361502347418,0.9671361502347418
Uformer + PathologyLoss,BraTS2021_00081,30.552979,0.9797993302345276,0.110358916,0.9463955637707948,0.935064935064935,0.935064935064935
Uformer + PathologyLoss,BraTS2021_00081,30.438215,0.9815059900283813,0.10788219,0.9660238751147842,0.5671641791044776,0.5671641791044776
Uformer + PathologyLoss,BraTS2021_00081,30.151407,0.9788351058959961,0.111439124,0.971042471042471,0.4444444444444444,0.4444444444444444
Uformer + PathologyLoss,BraTS2021_00081,30.426018,0.9785813689231873,0.11062067,0.9801587301587301,0.0,0.0
Uformer + PathologyLoss,BraTS2021_00081,30.679482,0.9794629812240601,0.10664206,0.9848024316109423,nan,nan
Uformer + PathologyLoss,BraTS2021_00081,30.536062,0.9778645634651184,0.10853273,0.9847494553376906,nan,nan
Uformer + PathologyLoss,BraTS2021_00081,30.656307,0.9775140285491943,0.1082231,0.964622641509434,nan,nan
Uformer + PathologyLoss,BraTS2021_00081,30.578768,0.9763778448104858,0.10778506,0.9513513513513514,nan,nan
Uformer + PathologyLoss,BraTS2021_00081,30.583307,0.9753378033638,0.1068327,0.8347529812606473,nan,nan
Uformer + PathologyLoss,BraTS2021_00081,30.393318,0.9743434190750122,0.108766995,0.877906976744186,nan,nan
Uformer + PathologyLoss,BraTS2021_00081,30.526266,0.9737666249275208,0.11014301,0.0,nan,nan
Uformer + PathologyLoss,BraTS2021_00081,30.460672,0.9721564054489136,0.10891338,0.0,nan,nan
Uformer + PathologyLoss,BraTS2021_00096,30.685804,0.9634769558906555,0.14509162,0.0,nan,nan
Uformer + PathologyLoss,BraTS2021_00096,30.709301,0.9614631533622742,0.1451641,0.0,nan,nan
Uformer + PathologyLoss,BraTS2021_00096,30.726698,0.9627641439437866,0.1421479,0.3300970873786408,nan,nan
Uformer + PathologyLoss,BraTS2021_00096,30.85609,0.9635257124900818,0.13804266,0.5656565656565656,nan,nan
Uformer + PathologyLoss,BraTS2021_00096,30.890463,0.9670038819313049,0.13269562,0.687211093990755,nan,nan
Uformer + PathologyLoss,BraTS2021_00096,30.817513,0.9683846235275269,0.12955768,0.9292307692307692,nan,nan
Uformer + PathologyLoss,BraTS2021_00096,31.105019,0.9707528948783875,0.12537986,0.9386343993085566,nan,nan
Uformer + PathologyLoss,BraTS2021_00096,31.0131,0.970029354095459,0.12583753,0.9167303284950343,0.0,0.0
Uformer + PathologyLoss,BraTS2021_00096,30.722408,0.9704746603965759,0.1270301,0.9314888010540184,0.6,0.6
Uformer + PathologyLoss,BraTS2021_00096,30.102823,0.9654530882835388,0.13291658,0.9146482122260668,0.8044280442804428,0.8044280442804428
Uformer + PathologyLoss,BraTS2021_00096,30.024508,0.967467725276947,0.12972689,0.9142577168054875,0.8710462287104623,0.8710462287104623
Uformer + PathologyLoss,BraTS2021_00096,29.851477,0.9665398597717285,0.13052239,0.9473233404710921,0.8731343283582089,0.8583162217659137
Uformer + PathologyLoss,BraTS2021_00096,29.865185,0.9668644070625305,0.12819137,0.9838709677419355,0.8169934640522876,0.8689138576779026
Uformer + PathologyLoss,BraTS2021_00096,30.02248,0.9681429862976074,0.12163637,0.985248447204969,0.8695652173913043,0.8873239436619719
Uformer + PathologyLoss,BraTS2021_00096,30.205107,0.9656977653503418,0.12066497,0.9826989619377162,0.8430160692212608,0.9150326797385621
Uformer + PathologyLoss,BraTS2021_00096,30.35098,0.9664618968963623,0.11685528,0.9760658189977561,0.7725631768953068,0.9333333333333333
Uformer + PathologyLoss,BraTS2021_00096,30.70229,0.9728372097015381,0.107377976,0.9685938615274804,0.7240618101545254,0.8708708708708709
Uformer + PathologyLoss,BraTS2021_00096,30.665565,0.9696245193481445,0.10992136,0.9673247106875426,0.7286973555337904,0.856338028169014
Uformer + PathologyLoss,BraTS2021_00096,30.898052,0.9722152352333069,0.10794136,0.9892976588628762,0.7261904761904762,0.9191489361702128
Uformer + PathologyLoss,BraTS2021_00096,31.074484,0.97319495677948,0.10510838,0.980354267310789,0.7452402538531279,0.8770053475935828
Uformer + PathologyLoss,BraTS2021_00096,30.862366,0.9740768671035767,0.10480341,0.9831168831168832,0.7162790697674418,0.9001331557922769
Uformer + PathologyLoss,BraTS2021_00096,31.001686,0.9740938544273376,0.10362711,0.9815950920245399,0.7109090909090909,0.8877146631439894
Uformer + PathologyLoss,BraTS2021_00096,31.378891,0.9775048494338989,0.09863652,0.9825230378137909,0.6855059252506837,0.869942196531792
Uformer + PathologyLoss,BraTS2021_00096,31.284754,0.9769112467765808,0.097880684,0.9886934673366834,0.6733393994540491,0.8676470588235294
Uformer + PathologyLoss,BraTS2021_00096,31.454466,0.9797595143318176,0.09570163,0.9768447051559124,0.6940966010733453,0.8822652757078987
Uformer + PathologyLoss,BraTS2021_00096,31.859943,0.9802719950675964,0.092952386,0.9758187940006122,0.6997342781222321,0.8814102564102564
Uformer + PathologyLoss,BraTS2021_00096,31.877813,0.9795981049537659,0.09344405,0.9745320650506291,0.6539561487130601,0.915702479338843
Uformer + PathologyLoss,BraTS2021_00096,31.736961,0.9815878868103027,0.08955856,0.9827846572032618,0.676109537299339,0.8811881188118812
Uformer + PathologyLoss,BraTS2021_00096,32.11079,0.9820199608802795,0.088569105,0.9797276853252648,0.7056603773584905,0.9203252032520325
Uformer + PathologyLoss,BraTS2021_00096,32.40808,0.981965184211731,0.08742353,0.9855508729680915,0.6932573599240266,0.8977635782747604
Uformer + PathologyLoss,BraTS2021_00096,32.553898,0.9847248196601868,0.083355,0.9765509053131493,0.7015810276679841,0.8956228956228957
Uformer + PathologyLoss,BraTS2021_00096,32.41639,0.9834448099136353,0.08564385,0.9766617429837519,0.6016597510373444,0.8137254901960784
Uformer + PathologyLoss,BraTS2021_00096,32.397926,0.9819957613945007,0.0880697,0.9701262704034493,0.5976267529665588,0.8183361629881154
Uformer + PathologyLoss,BraTS2021_00096,32.21536,0.9818278551101685,0.08692689,0.9690334688770722,0.6782608695652174,0.7294589178356713
Uformer + PathologyLoss,BraTS2021_00096,32.201916,0.9819298982620239,0.08718468,0.9756714060031596,0.8949343339587242,0.8556876061120543
Uformer + PathologyLoss,BraTS2021_00096,32.237522,0.9800436496734619,0.08947919,0.971447325237939,0.9025641025641026,0.7850467289719626
Uformer + PathologyLoss,BraTS2021_00096,32.227016,0.9807010293006897,0.089213215,0.9757716561566545,0.9448648648648649,0.8758002560819462
Uformer + PathologyLoss,BraTS2021_00096,32.346527,0.978945255279541,0.09022828,0.9732693625771076,0.9142156862745098,0.8766066838046273
Uformer + PathologyLoss,BraTS2021_00096,32.25096,0.9774755835533142,0.09132592,0.9838483146067416,0.7763578274760383,0.7441860465116279
Uformer + PathologyLoss,BraTS2021_00096,32.26597,0.9793255925178528,0.089730784,0.9782608695652174,0.6228710462287105,0.6228710462287105
Uformer + PathologyLoss,BraTS2021_00096,32.285763,0.9767876267433167,0.09099025,0.981301421091997,0.5989847715736041,0.5989847715736041
Uformer + PathologyLoss,BraTS2021_00096,32.512486,0.9805652499198914,0.085477374,0.981089258698941,0.0,0.0
Uformer + PathologyLoss,BraTS2021_00096,32.783237,0.9800601601600647,0.08594544,0.9702262802699484,0.0,0.0
Uformer + PathologyLoss,BraTS2021_00096,32.89062,0.9819429516792297,0.08344081,0.9474145486415425,nan,nan
Uformer + PathologyLoss,BraTS2021_00096,33.109898,0.9816622734069824,0.08181638,0.9662288930581614,nan,nan
Uformer + PathologyLoss,BraTS2021_00096,33.292755,0.9828101992607117,0.07998631,0.9703849950641659,nan,nan
Uformer + PathologyLoss,BraTS2021_00096,33.599316,0.9837600588798523,0.07880502,0.9665653495440729,nan,nan
Uformer + PathologyLoss,BraTS2021_00096,33.809574,0.9849257469177246,0.07468037,0.959409594095941,nan,nan
Uformer + PathologyLoss,BraTS2021_00096,34.21031,0.984378457069397,0.07407475,0.9555555555555556,nan,nan
Uformer + PathologyLoss,BraTS2021_00096,34.43459,0.9858997464179993,0.07214726,0.9604252805670408,nan,nan
Uformer + PathologyLoss,BraTS2021_00096,34.236557,0.9820032119750977,0.07650522,0.9400386847195358,nan,nan
Uformer + PathologyLoss,BraTS2021_00096,34.652477,0.9840701222419739,0.07239071,0.9637096774193549,nan,nan
Uformer + PathologyLoss,BraTS2021_00096,34.61978,0.9853304624557495,0.07144219,0.9853454291695743,nan,nan
Uformer + PathologyLoss,BraTS2021_00096,34.41588,0.9800354242324829,0.07586989,0.9747774480712166,nan,nan
Uformer + PathologyLoss,BraTS2021_00096,34.758457,0.9829358458518982,0.07338299,0.9755327545382794,nan,nan
Uformer + PathologyLoss,BraTS2021_00096,34.770336,0.9847946166992188,0.071208045,0.9629629629629629,nan,nan
Uformer + PathologyLoss,BraTS2021_00096,34.75405,0.9807271957397461,0.074928135,0.9421641791044776,nan,nan
Uformer + PathologyLoss,BraTS2021_00096,34.705902,0.981489360332489,0.07427472,0.9515962924819773,nan,nan
Uformer + PathologyLoss,BraTS2021_00096,34.238518,0.9811913371086121,0.07745181,0.9590643274853801,nan,nan
Uformer + PathologyLoss,BraTS2021_00096,34.156727,0.9768214821815491,0.08025165,0.9463548830811555,nan,nan
Uformer + PathologyLoss,BraTS2021_00096,33.999928,0.9785643219947815,0.08008314,0.960127591706539,nan,nan
Uformer + PathologyLoss,BraTS2021_00096,33.738438,0.9727839231491089,0.08391865,0.9715447154471545,nan,nan
Uformer + PathologyLoss,BraTS2021_00096,33.885845,0.9729506969451904,0.084205315,0.9196675900277008,nan,nan
Uformer + PathologyLoss,BraTS2021_00098,29.865969,0.9723283648490906,0.15957601,0.0,0.0,0.0
Uformer + PathologyLoss,BraTS2021_00098,29.935043,0.9732756614685059,0.15283926,0.289738430583501,0.28969359331476324,0.28969359331476324
Uformer + PathologyLoss,BraTS2021_00098,30.039032,0.9718315005302429,0.14885966,0.48010610079575594,0.32304900181488205,0.32304900181488205
Uformer + PathologyLoss,BraTS2021_00098,30.063467,0.9727985262870789,0.14233088,0.47339449541284406,0.18316831683168316,0.19640387275242047
Uformer + PathologyLoss,BraTS2021_00098,30.12532,0.9736261963844299,0.13744652,0.5334476843910806,0.35318704284221525,0.3076923076923077
Uformer + PathologyLoss,BraTS2021_00098,29.914597,0.9736014604568481,0.13537878,0.46020488573680063,0.1780962128966223,0.1388888888888889
Uformer + PathologyLoss,BraTS2021_00098,29.905422,0.9734489321708679,0.13399579,0.33657858136300417,0.0,0.0
Uformer + PathologyLoss,BraTS2021_00098,29.914705,0.9722696542739868,0.13429783,0.38095238095238093,0.05751848808545604,0.0748663101604278
Uformer + PathologyLoss,BraTS2021_00098,30.096012,0.9731554985046387,0.13168152,0.3609913793103448,0.0,0.0
Uformer + PathologyLoss,BraTS2021_00098,29.924257,0.9720040559768677,0.13147701,0.4609595484477893,0.09811827956989247,0.11947626841243862
Uformer + PathologyLoss,BraTS2021_00098,30.03288,0.9739779233932495,0.12712815,0.5220919747520288,0.055873925501432664,0.07235621521335807
Uformer + PathologyLoss,BraTS2021_00098,29.81466,0.9743995070457458,0.1252534,0.5133094954310687,0.03972687771570453,0.055267702936096716
Uformer + PathologyLoss,BraTS2021_00098,30.099445,0.973646342754364,0.12595956,0.5357005017367812,0.07857142857142857,0.09334485738980121
Uformer + PathologyLoss,BraTS2021_00098,29.983263,0.9767860174179077,0.121107645,0.5874874539979926,0.0,0.0
Uformer + PathologyLoss,BraTS2021_00098,30.074883,0.9776708483695984,0.11747324,0.5989911727616646,0.0022038567493112946,0.0029985007496251873
Uformer + PathologyLoss,BraTS2021_00098,29.792625,0.9761258959770203,0.1194402,0.6192582511058183,0.03126809496236248,0.03899268887083672
Uformer + PathologyLoss,BraTS2021_00098,29.684978,0.974323570728302,0.12203471,0.623574144486692,0.12181155648099948,0.13769597818677573
Uformer + PathologyLoss,BraTS2021_00098,29.76575,0.9784279465675354,0.115919605,0.6507791017415215,0.07901487942534634,0.1023936170212766
Uformer + PathologyLoss,BraTS2021_00098,29.574646,0.9785475134849548,0.11746342,0.666267942583732,0.27652173913043476,0.2462253193960511
Uformer + PathologyLoss,BraTS2021_00098,29.411324,0.979231595993042,0.116055675,0.672,0.15671285236502627,0.17749196141479098
Uformer + PathologyLoss,BraTS2021_00098,29.284773,0.978335440158844,0.11966077,0.6572073524669462,0.18448023426061494,0.14682539682539683
Uformer + PathologyLoss,BraTS2021_00098,28.977373,0.9761444330215454,0.1251158,0.5842293906810035,0.2083124687030546,0.22736030828516376
Uformer + PathologyLoss,BraTS2021_00098,28.830608,0.9763478636741638,0.1256368,0.5460624071322436,0.25168756027000966,0.2600842865743528
Uformer + PathologyLoss,BraTS2021_00098,28.867456,0.9737632274627686,0.12888044,0.5692735212385868,0.32448673009514273,0.35931307793923384
Uformer + PathologyLoss,BraTS2021_00098,28.722603,0.9739282727241516,0.12994027,0.6299275945293644,0.41138292561158263,0.4507405022537025
Uformer + PathologyLoss,BraTS2021_00098,28.838299,0.9733050465583801,0.12875389,0.6457120682964688,0.4302213666987488,0.47178186429930247
Uformer + PathologyLoss,BraTS2021_00098,28.86072,0.9728628396987915,0.12704341,0.6495253164556962,0.3630737493553378,0.4170818505338078
Uformer + PathologyLoss,BraTS2021_00098,28.776266,0.9732300639152527,0.12613541,0.6032388663967612,0.34647302904564314,0.3435672514619883
Uformer + PathologyLoss,BraTS2021_00098,28.92212,0.9735528230667114,0.12558456,0.56021409455843,0.29296424452133796,0.289568345323741
Uformer + PathologyLoss,BraTS2021_00098,29.122185,0.9720858931541443,0.12487727,0.48788198103266595,0.17697841726618704,0.20552486187845304
Uformer + PathologyLoss,BraTS2021_00098,29.252144,0.9721962809562683,0.12126337,0.44143167028199565,0.10914454277286136,0.1111111111111111
Uformer + PathologyLoss,BraTS2021_00098,28.995415,0.9714171290397644,0.123542264,0.49303452453058755,0.2719367588932806,0.29064039408866993
Uformer + PathologyLoss,BraTS2021_00098,29.278114,0.9689191579818726,0.122678824,0.41304347826086957,0.23199393479909022,0.3048245614035088
Uformer + PathologyLoss,BraTS2021_00098,28.954613,0.9697052836418152,0.120910875,0.4051490514905149,0.1350293542074364,0.18326693227091634
Uformer + PathologyLoss,BraTS2021_00098,29.385754,0.9706947803497314,0.118842,0.36645962732919257,0.10101010101010101,0.12835820895522387
Uformer + PathologyLoss,BraTS2021_00098,29.659454,0.970613420009613,0.11485891,0.34585152838427946,0.04845222072678331,0.0650994575045208
Uformer + PathologyLoss,BraTS2021_00098,29.564398,0.971743643283844,0.11274665,0.34604651162790695,0.14,0.18114602587800369
Uformer + PathologyLoss,BraTS2021_00098,30.025452,0.9713088274002075,0.11266443,0.368692070030896,0.09165302782324058,0.11965811965811966
Uformer + PathologyLoss,BraTS2021_00098,29.883404,0.9736146926879883,0.10701974,0.4461538461538462,0.15384615384615385,0.18568665377176016
Uformer + PathologyLoss,BraTS2021_00098,30.024118,0.9728012681007385,0.107623704,0.5288220551378446,0.06666666666666667,0.08
Uformer + PathologyLoss,BraTS2021_00098,30.23815,0.9709805846214294,0.108402304,0.649616368286445,0.0,0.0
Uformer + PathologyLoss,BraTS2021_00110,30.174072,0.9803170561790466,0.06790063,0.5269016697588126,nan,nan
Uformer + PathologyLoss,BraTS2021_00110,30.089203,0.9822794198989868,0.06763769,0.6052889324191969,nan,nan
Uformer + PathologyLoss,BraTS2021_00110,30.371365,0.9825228452682495,0.06713763,0.7588028169014085,nan,nan
Uformer + PathologyLoss,BraTS2021_00110,30.232754,0.9827913641929626,0.066562615,0.6871657754010695,nan,nan
Uformer + PathologyLoss,BraTS2021_00110,30.524843,0.982664167881012,0.06585766,0.7983425414364641,nan,nan
Uformer + PathologyLoss,BraTS2021_00110,30.608109,0.9841804504394531,0.06456455,0.7600950118764845,nan,nan
Uformer + PathologyLoss,BraTS2021_00110,30.51982,0.9854844808578491,0.063637964,0.8122362869198312,nan,nan
Uformer + PathologyLoss,BraTS2021_00110,30.496601,0.9863823056221008,0.06310246,0.7839481151195784,nan,nan
Uformer + PathologyLoss,BraTS2021_00110,30.864012,0.9869665503501892,0.061630607,0.8725452445128995,nan,nan
Uformer + PathologyLoss,BraTS2021_00110,31.11188,0.9886758923530579,0.058782052,0.855281207133059,nan,nan
Uformer + PathologyLoss,BraTS2021_00110,31.07616,0.9890244603157043,0.05825146,0.8415748031496063,nan,nan
Uformer + PathologyLoss,BraTS2021_00110,31.204468,0.9884176850318909,0.057474,0.8793103448275862,nan,nan
Uformer + PathologyLoss,BraTS2021_00110,31.478682,0.9887855052947998,0.055662688,0.897914379802415,nan,nan
Uformer + PathologyLoss,BraTS2021_00110,31.341455,0.9879664182662964,0.056069825,0.8733798604187437,nan,nan
Uformer + PathologyLoss,BraTS2021_00110,31.405256,0.9872106909751892,0.05663683,0.8977495107632094,0.0,0.0
Uformer + PathologyLoss,BraTS2021_00110,31.208275,0.9870922565460205,0.056390647,0.8970419628525568,0.0,0.0
Uformer + PathologyLoss,BraTS2021_00110,30.994577,0.986248791217804,0.056710094,0.9046679815910585,0.8734177215189873,0.8701298701298701
Uformer + PathologyLoss,BraTS2021_00110,31.034887,0.9870939254760742,0.05658826,0.8909874769041265,0.8558951965065502,0.8596491228070176
Uformer + PathologyLoss,BraTS2021_00110,31.09692,0.9872424602508545,0.056182325,0.905036830579335,0.8690476190476191,0.906832298136646
Uformer + PathologyLoss,BraTS2021_00110,30.945087,0.9851675629615784,0.057327982,0.9182462186482864,0.9182692307692307,0.9376558603491272
Uformer + PathologyLoss,BraTS2021_00110,30.685268,0.9865554571151733,0.058737677,0.9169714703730797,0.9227467811158798,0.9490022172949002
Uformer + PathologyLoss,BraTS2021_00110,30.889309,0.9858385920524597,0.058830522,0.9265415549597855,0.9134808853118712,0.941908713692946
Uformer + PathologyLoss,BraTS2021_00110,30.668095,0.9861888885498047,0.058550242,0.9395282851569428,0.9150090415913201,0.9328358208955224
Uformer + PathologyLoss,BraTS2021_00110,30.828335,0.9873595833778381,0.057512578,0.9483153995413653,0.912,0.9293924466338259
Uformer + PathologyLoss,BraTS2021_00110,30.76651,0.9880738258361816,0.058527995,0.9409722222222222,0.8835820895522388,0.8966565349544073
Uformer + PathologyLoss,BraTS2021_00110,30.677341,0.9868624210357666,0.06020883,0.9507853403141361,0.8917861799217731,0.9181208053691275
Uformer + PathologyLoss,BraTS2021_00110,30.280245,0.9859040379524231,0.06316423,0.9486595409146662,0.8519417475728155,0.8771929824561403
Uformer + PathologyLoss,BraTS2021_00110,29.853214,0.9865820407867432,0.06375294,0.937947911204335,0.8600223964165733,0.8837209302325582
Uformer + PathologyLoss,BraTS2021_00110,29.992397,0.9851049184799194,0.06677237,0.9456869009584664,0.9015228426395939,0.9344608879492601
Uformer + PathologyLoss,BraTS2021_00110,29.420258,0.9848661422729492,0.06821129,0.9331441744990246,0.9307317073170732,0.9424603174603174
Uformer + PathologyLoss,BraTS2021_00110,29.527472,0.9856122732162476,0.06850748,0.9398385913426266,0.9517625231910947,0.9659735349716446
Uformer + PathologyLoss,BraTS2021_00110,29.458214,0.9860172867774963,0.06991996,0.9271745203948594,0.9505840071877808,0.9653284671532847
Uformer + PathologyLoss,BraTS2021_00110,29.22824,0.9862486720085144,0.0722103,0.9262135922330097,0.9141323792486583,0.9282470481380564
Uformer + PathologyLoss,BraTS2021_00110,29.226223,0.9860899448394775,0.07301224,0.9210320562939797,0.9372822299651568,0.9461606354810238
Uformer + PathologyLoss,BraTS2021_00110,28.892067,0.9845754504203796,0.07784317,0.9339490062236498,0.9494430162810625,0.9592367736339983
Uformer + PathologyLoss,BraTS2021_00110,28.777573,0.9845960140228271,0.08017218,0.9307535641547862,0.9462915601023018,0.9585492227979274
Uformer + PathologyLoss,BraTS2021_00110,28.58467,0.9846112728118896,0.082762666,0.9321746502755405,0.9527754763877382,0.9679595278246206
Uformer + PathologyLoss,BraTS2021_00110,29.008112,0.9861846566200256,0.08082367,0.925706771860618,0.954954954954955,0.9594706368899917
Uformer + PathologyLoss,BraTS2021_00110,28.738537,0.9863570332527161,0.083726965,0.9103139013452914,0.9497568881685575,0.9579554822753503
Uformer + PathologyLoss,BraTS2021_00110,28.86304,0.9869569540023804,0.08402294,0.906761565836299,0.9580645161290322,0.9672131147540983
Uformer + PathologyLoss,BraTS2021_00110,28.532103,0.9866213798522949,0.08957457,0.8984492246123061,0.9481605351170569,0.9585097375105842
Uformer + PathologyLoss,BraTS2021_00110,28.521719,0.98737633228302,0.08984628,0.9010080124063066,0.9385665529010239,0.956369982547993
Uformer + PathologyLoss,BraTS2021_00110,28.539326,0.9882462024688721,0.09057082,0.8697916666666666,0.9421052631578948,0.9622302158273381
Uformer + PathologyLoss,BraTS2021_00110,28.87521,0.9881287217140198,0.09370681,0.9050505050505051,0.9248334919124643,0.9371980676328503
Uformer + PathologyLoss,BraTS2021_00110,28.58105,0.9889460206031799,0.094965845,0.897137464611513,0.9033570701932858,0.9200415368639667
Uformer + PathologyLoss,BraTS2021_00110,28.938194,0.9894055128097534,0.09584292,0.8847330839850391,0.8665105386416861,0.8806682577565632
Uformer + PathologyLoss,BraTS2021_00110,28.561773,0.9889928698539734,0.10272912,0.8351266921207914,0.8685258964143426,0.8674033149171271
Uformer + PathologyLoss,BraTS2021_00110,28.879635,0.9893659353256226,0.10327073,0.8510811913504692,0.8115449915110357,0.8255613126079447
Uformer + PathologyLoss,BraTS2021_00110,28.279364,0.987623929977417,0.11566801,0.8291015625,0.7909319899244333,0.7979274611398963
Uformer + PathologyLoss,BraTS2021_00110,28.975992,0.9885408282279968,0.11425097,0.8167053364269141,0.6759581881533101,0.6857142857142857
Uformer + PathologyLoss,BraTS2021_00110,29.008417,0.9875059723854065,0.12480931,0.6889679715302491,0.01904761904761905,0.020202020202020204
Uformer + PathologyLoss,BraTS2021_00110,29.097992,0.9863976836204529,0.13317923,0.6890756302521008,0.0,0.0
Uformer + PathologyLoss,BraTS2021_00110,28.880287,0.9841374754905701,0.1512919,0.6964285714285714,0.0,0.0
Uformer + PathologyLoss,BraTS2021_00110,29.744728,0.9845408797264099,0.1535399,0.6253369272237197,nan,nan
Uformer + PathologyLoss,BraTS2021_00110,30.282043,0.982934832572937,0.16663003,0.6538461538461539,nan,nan
Uformer + PathologyLoss,BraTS2021_00110,29.877918,0.9760369062423706,0.20173743,0.6592427616926503,nan,nan
Uformer + PathologyLoss,BraTS2021_00112,30.685284,0.9873919486999512,0.0937082,0.0,nan,nan
Uformer + PathologyLoss,BraTS2021_00112,31.235723,0.9895117878913879,0.08519634,0.0,nan,nan
Uformer + PathologyLoss,BraTS2021_00112,31.501831,0.9902625679969788,0.08251938,0.0,nan,nan
Uformer + PathologyLoss,BraTS2021_00112,31.336763,0.9891578555107117,0.08563434,0.0,nan,nan
Uformer + PathologyLoss,BraTS2021_00112,31.24855,0.990004301071167,0.08348024,0.0,nan,nan
Uformer + PathologyLoss,BraTS2021_00112,30.904606,0.9886838793754578,0.08706508,0.0,nan,nan
Uformer + PathologyLoss,BraTS2021_00112,30.769003,0.9882428646087646,0.08882808,0.0,nan,nan
Uformer + PathologyLoss,BraTS2021_00112,30.906485,0.9888742566108704,0.08711797,0.0,nan,nan
Uformer + PathologyLoss,BraTS2021_00112,30.910732,0.988599956035614,0.087188385,0.0,nan,nan
Uformer + PathologyLoss,BraTS2021_00112,31.023376,0.9894295334815979,0.084826045,0.0,nan,nan
Uformer + PathologyLoss,BraTS2021_00112,31.021126,0.9903801679611206,0.08204785,0.0,nan,nan
Uformer + PathologyLoss,BraTS2021_00112,30.793472,0.988210141658783,0.08684048,0.0,nan,nan
Uformer + PathologyLoss,BraTS2021_00112,30.028587,0.9868357181549072,0.09200551,0.0,nan,nan
Uformer + PathologyLoss,BraTS2021_00112,30.077644,0.9882770776748657,0.08807313,0.0,nan,nan
Uformer + PathologyLoss,BraTS2021_00112,29.886578,0.9858943223953247,0.09287237,0.0,nan,nan
Uformer + PathologyLoss,BraTS2021_00112,29.336662,0.983274519443512,0.09730544,0.0,nan,nan
Uformer + PathologyLoss,BraTS2021_00112,29.100616,0.9826217293739319,0.09754711,0.0,nan,nan
Uformer + PathologyLoss,BraTS2021_00112,28.998936,0.9778775572776794,0.09602408,0.0,nan,nan
Uformer + PathologyLoss,BraTS2021_00112,29.635296,0.9807578325271606,0.08616614,0.0,0.0,nan
Uformer + PathologyLoss,BraTS2021_00112,30.24104,0.9838943481445312,0.07815815,0.0,0.0,nan
Uformer + PathologyLoss,BraTS2021_00112,30.20044,0.9847121238708496,0.07697678,0.0,0.0,nan
Uformer + PathologyLoss,BraTS2021_00112,30.473484,0.9856492280960083,0.07569871,0.0,0.0,nan
Uformer + PathologyLoss,BraTS2021_00112,30.687393,0.9856807589530945,0.0751984,0.24316939890710382,0.0,nan
Uformer + PathologyLoss,BraTS2021_00112,30.8586,0.9872169494628906,0.07114324,0.06395348837209303,0.0,nan
Uformer + PathologyLoss,BraTS2021_00112,31.183617,0.9860572218894958,0.071011476,0.020289855072463767,0.0,nan
Uformer + PathologyLoss,BraTS2021_00112,31.388477,0.9865678548812866,0.06862015,0.3054187192118227,0.0,nan
Uformer + PathologyLoss,BraTS2021_00112,31.469831,0.987383246421814,0.068657964,0.41946697566628044,nan,nan
Uformer + PathologyLoss,BraTS2021_00112,31.297173,0.9874117374420166,0.06885533,0.28498727735368956,nan,nan
Uformer + PathologyLoss,BraTS2021_00112,31.078087,0.987119197845459,0.06955481,0.38267148014440433,nan,nan
Uformer + PathologyLoss,BraTS2021_00112,30.890314,0.9887494444847107,0.069196865,0.4460093896713615,nan,nan
Uformer + PathologyLoss,BraTS2021_00112,31.299858,0.9897639155387878,0.06503001,0.4121951219512195,nan,nan
Uformer + PathologyLoss,BraTS2021_00112,31.71066,0.9880751371383667,0.06612993,0.46079613992762364,nan,nan
Uformer + PathologyLoss,BraTS2021_00112,31.469488,0.9895763397216797,0.06475379,0.35,nan,nan
Uformer + PathologyLoss,BraTS2021_00112,31.91973,0.9893829226493835,0.06449948,0.4835164835164835,nan,nan
Uformer + PathologyLoss,BraTS2021_00112,31.5928,0.9886823892593384,0.0664523,0.5221674876847291,nan,nan
Uformer + PathologyLoss,BraTS2021_00112,31.252012,0.9886512756347656,0.06758691,0.45020463847203274,nan,nan
Uformer + PathologyLoss,BraTS2021_00112,31.110926,0.9884072542190552,0.069833666,0.4763271162123386,nan,nan
Uformer + PathologyLoss,BraTS2021_00112,31.484406,0.9885156750679016,0.06844835,0.34596375617792424,nan,nan
Uformer + PathologyLoss,BraTS2021_00112,31.298527,0.9900319576263428,0.066328056,0.16082474226804125,nan,nan
Uformer + PathologyLoss,BraTS2021_00112,31.659153,0.9895825982093811,0.06515179,0.34,nan,nan
Uformer + PathologyLoss,BraTS2021_00112,31.607437,0.9903247356414795,0.06623725,0.0,nan,nan
Uformer + PathologyLoss,BraTS2021_00112,31.949524,0.9910330176353455,0.06281059,0.0,nan,nan
Uformer + PathologyLoss,BraTS2021_00112,32.075253,0.9906517863273621,0.06180499,0.0,nan,nan
Uformer + PathologyLoss,BraTS2021_00112,31.669615,0.9903904795646667,0.06488687,0.0,nan,nan
Uformer + PathologyLoss,BraTS2021_00112,31.929455,0.9912828207015991,0.063425295,0.0,nan,nan
Uformer + PathologyLoss,BraTS2021_00112,31.84883,0.9912834763526917,0.06415265,0.0,nan,nan
Uformer + PathologyLoss,BraTS2021_00112,31.759737,0.992027223110199,0.06260305,0.0,nan,nan
Uformer + PathologyLoss,BraTS2021_00112,31.50597,0.9911275506019592,0.064881004,0.0,nan,nan
Uformer + PathologyLoss,BraTS2021_00112,31.823223,0.9916691184043884,0.06271536,0.0,nan,nan
Uformer + PathologyLoss,BraTS2021_00112,32.40712,0.9918137788772583,0.060592413,0.0,nan,nan
Uformer + PathologyLoss,BraTS2021_00112,32.354206,0.9910246729850769,0.061557893,0.0,nan,nan
Uformer + PathologyLoss,BraTS2021_00112,31.752346,0.9916357398033142,0.0631844,0.0,nan,nan
Uformer + PathologyLoss,BraTS2021_00112,32.30462,0.9915940165519714,0.061719667,0.0,nan,nan
Uformer + PathologyLoss,BraTS2021_00112,32.59913,0.9911819100379944,0.059750143,0.0,nan,nan
Uformer + PathologyLoss,BraTS2021_00112,32.62707,0.9914378523826599,0.059818886,0.0,nan,nan
Uformer + PathologyLoss,BraTS2021_00112,32.63191,0.991654098033905,0.05925498,0.0,nan,nan
Uformer + PathologyLoss,BraTS2021_00112,32.771545,0.9916666150093079,0.058676377,0.0,nan,nan
Uformer + PathologyLoss,BraTS2021_00116,30.843521,0.9860262870788574,0.108435184,0.0,0.0,0.0
Uformer + PathologyLoss,BraTS2021_00116,30.443823,0.9843397736549377,0.11218337,0.0,0.0,0.0
Uformer + PathologyLoss,BraTS2021_00116,30.525816,0.9857113361358643,0.1018431,0.0,0.0,0.0
Uformer + PathologyLoss,BraTS2021_00116,30.939026,0.9856118559837341,0.10001549,0.0,0.0,0.0
Uformer + PathologyLoss,BraTS2021_00116,31.448782,0.9867724180221558,0.09423654,0.0,0.0,0.0
Uformer + PathologyLoss,BraTS2021_00116,31.67557,0.9882649779319763,0.08798038,0.0,0.0,0.0
Uformer + PathologyLoss,BraTS2021_00116,31.803764,0.9875316619873047,0.08806795,0.0,0.0,0.0
Uformer + PathologyLoss,BraTS2021_00116,31.455044,0.9877660274505615,0.08798349,0.0,0.0,0.0
Uformer + PathologyLoss,BraTS2021_00116,31.458763,0.9881771802902222,0.08683966,0.0,0.0,0.0
Uformer + PathologyLoss,BraTS2021_00116,31.367058,0.9873414039611816,0.08852584,0.0,0.0,0.0
Uformer + PathologyLoss,BraTS2021_00116,31.34505,0.9871559143066406,0.08993643,0.0,0.0,0.0
Uformer + PathologyLoss,BraTS2021_00116,31.363617,0.9886883497238159,0.085906535,0.27394438722966014,0.0,0.0
Uformer + PathologyLoss,BraTS2021_00116,31.904638,0.9896640181541443,0.08128635,0.15196998123827393,0.0,0.0
Uformer + PathologyLoss,BraTS2021_00116,31.582891,0.9884096384048462,0.08527906,0.29606784888203547,0.0,0.0
Uformer + PathologyLoss,BraTS2021_00116,31.321968,0.9879662990570068,0.087561294,0.4595392793857058,0.0,0.0
Uformer + PathologyLoss,BraTS2021_00116,30.990707,0.9882869720458984,0.08723723,0.5754451733833177,0.0,0.0
Uformer + PathologyLoss,BraTS2021_00116,31.142975,0.9888087511062622,0.08584919,0.5656108597285068,0.0,0.0
Uformer + PathologyLoss,BraTS2021_00116,30.954643,0.9875481724739075,0.088683076,0.605563155494756,0.0,0.0
Uformer + PathologyLoss,BraTS2021_00116,30.355942,0.9849849343299866,0.094171725,0.562007874015748,0.0,0.0
Uformer + PathologyLoss,BraTS2021_00116,29.788097,0.983391284942627,0.09584473,0.6117363344051447,0.015364916773367477,0.018633540372670808
Uformer + PathologyLoss,BraTS2021_00116,29.79395,0.9811203479766846,0.09488588,0.5972894482090997,0.0076045627376425855,0.002861230329041488
Uformer + PathologyLoss,BraTS2021_00116,29.996742,0.9786245822906494,0.095237955,0.5006429489927132,0.0,0.0
Uformer + PathologyLoss,BraTS2021_00116,29.870655,0.980650782585144,0.08939106,0.5693707354056103,0.0024390243902439024,0.002886002886002886
Uformer + PathologyLoss,BraTS2021_00116,30.096004,0.9772920608520508,0.0903088,0.657511444028298,0.0,0.0
Uformer + PathologyLoss,BraTS2021_00116,30.28228,0.980707049369812,0.083681494,0.7173228346456693,0.002797202797202797,0.0032679738562091504
Uformer + PathologyLoss,BraTS2021_00116,30.483963,0.9818611145019531,0.08163037,0.6678185745140389,0.0,0.0
Uformer + PathologyLoss,BraTS2021_00116,30.449917,0.9819478392601013,0.07932564,0.7337373737373737,0.0,0.0
Uformer + PathologyLoss,BraTS2021_00116,30.375729,0.9759922623634338,0.08392114,0.6136250621581303,0.0,0.0
Uformer + PathologyLoss,BraTS2021_00116,30.745377,0.978070080280304,0.077894166,0.6791793976429507,0.0068143100511073255,0.007272727272727273
Uformer + PathologyLoss,BraTS2021_00116,30.779991,0.9806627035140991,0.07544955,0.7422402159244265,0.021660649819494584,0.0
Uformer + PathologyLoss,BraTS2021_00116,31.305294,0.9794060587882996,0.07246978,0.7475501633224452,0.0,0.0
Uformer + PathologyLoss,BraTS2021_00116,31.231468,0.9811365008354187,0.07323051,0.7351247600767754,0.0,0.0
Uformer + PathologyLoss,BraTS2021_00116,31.14227,0.98000168800354,0.07382532,0.7615809604759881,0.0,0.0
Uformer + PathologyLoss,BraTS2021_00116,31.178806,0.9820176362991333,0.07011329,0.7868412218865392,0.42702702702702705,0.28286852589641437
Uformer + PathologyLoss,BraTS2021_00116,31.36237,0.9828082919120789,0.068970434,0.702020202020202,0.0,0.0
Uformer + PathologyLoss,BraTS2021_00116,31.860996,0.9820806384086609,0.067772694,0.7741420590582602,0.0,0.0
Uformer + PathologyLoss,BraTS2021_00116,31.757498,0.9846706986427307,0.06525991,0.7235113223371541,0.45808383233532934,0.2088888888888889
Uformer + PathologyLoss,BraTS2021_00116,31.701792,0.9847868084907532,0.06644946,0.6354029062087186,0.06896551724137931,0.0
Uformer + PathologyLoss,BraTS2021_00116,31.507957,0.9815524220466614,0.07047668,0.7063930544593529,0.008264462809917356,0.0
Uformer + PathologyLoss,BraTS2021_00116,31.33398,0.9845200181007385,0.068889074,0.7681773720247799,0.5276595744680851,0.48857644991212656
Uformer + PathologyLoss,BraTS2021_00116,31.53321,0.9843791723251343,0.069166034,0.7493734335839599,0.22648752399232247,0.13151927437641722
Uformer + PathologyLoss,BraTS2021_00116,31.476414,0.9863088130950928,0.06701458,0.7482517482517482,0.3420647149460709,0.25311203319502074
Uformer + PathologyLoss,BraTS2021_00116,31.66431,0.9876226782798767,0.065407254,0.6912087912087912,0.3930635838150289,0.23577235772357724
Uformer + PathologyLoss,BraTS2021_00116,31.492607,0.98658686876297,0.06702967,0.8467102996899759,0.3333333333333333,0.33140655105973027
Uformer + PathologyLoss,BraTS2021_00116,31.409962,0.9859776496887207,0.06908414,0.7451939881160433,0.20554649265905384,0.1930783242258652
Uformer + PathologyLoss,BraTS2021_00116,31.379059,0.986308217048645,0.06909453,0.7165979054268486,0.1895093062605753,0.1670061099796334
Uformer + PathologyLoss,BraTS2021_00116,31.397257,0.988195538520813,0.06742332,0.6352694924123495,0.34574468085106386,0.3951612903225806
Uformer + PathologyLoss,BraTS2021_00116,31.367592,0.9888947010040283,0.06701995,0.6435857805255023,0.16257668711656442,0.13473684210526315
Uformer + PathologyLoss,BraTS2021_00116,31.43763,0.9890286326408386,0.06602231,0.6681643132220796,0.19188921859545005,0.2297872340425532
Uformer + PathologyLoss,BraTS2021_00116,31.305521,0.9890415668487549,0.06709229,0.721259842519685,0.2992125984251969,0.22426470588235295
Uformer + PathologyLoss,BraTS2021_00116,31.380512,0.988705575466156,0.06736421,0.6134453781512605,0.14198071866783524,0.24671916010498687
Uformer + PathologyLoss,BraTS2021_00116,31.510477,0.9894320368766785,0.06637583,0.5947630922693267,0.1453900709219858,0.17114914425427874
Uformer + PathologyLoss,BraTS2021_00116,31.640461,0.9885029792785645,0.06697735,0.5672645739910314,0.052830188679245285,0.07197943444730077
Uformer + PathologyLoss,BraTS2021_00116,32.07252,0.9900793433189392,0.06307814,0.6035131744040151,0.015625,0.015748031496062992
Uformer + PathologyLoss,BraTS2021_00116,32.285686,0.9896267652511597,0.06326675,0.6877862595419847,0.0,0.0
Uformer + PathologyLoss,BraTS2021_00116,32.335075,0.9904695749282837,0.06076561,0.721359940872136,0.0,0.0
Uformer + PathologyLoss,BraTS2021_00116,32.41052,0.9884771108627319,0.063467816,0.7790849673202614,0.14794520547945206,0.16463414634146342
Uformer + PathologyLoss,BraTS2021_00116,32.393646,0.989999532699585,0.060592096,0.6246246246246246,0.0,0.0
Uformer + PathologyLoss,BraTS2021_00116,32.66232,0.9888435006141663,0.061201878,0.7119314436387607,0.0,0.0
Uformer + PathologyLoss,BraTS2021_00116,32.773407,0.9876577854156494,0.06119797,0.8161133905259231,0.0,0.0
Uformer + PathologyLoss,BraTS2021_00116,32.9727,0.9873842597007751,0.059135027,0.6483290488431876,0.0,0.0
Uformer + PathologyLoss,BraTS2021_00116,32.697025,0.9878501296043396,0.059638157,0.7258601553829079,0.0,0.0
Uformer + PathologyLoss,BraTS2021_00116,32.736225,0.9862697720527649,0.060499135,0.8396054073803434,0.0,0.0
Uformer + PathologyLoss,BraTS2021_00116,32.65468,0.9830412864685059,0.06185945,0.8738300262074129,0.0,0.0
Uformer + PathologyLoss,BraTS2021_00116,32.973892,0.9834443926811218,0.060358644,0.6896939062061219,0.0,0.0
Uformer + PathologyLoss,BraTS2021_00116,32.75947,0.9846366047859192,0.059576977,0.8496884735202492,0.0,0.0
Uformer + PathologyLoss,BraTS2021_00116,33.007744,0.9827922582626343,0.058454715,0.6756377908606672,0.0,0.0
Uformer + PathologyLoss,BraTS2021_00116,32.94799,0.9832203388214111,0.059318155,0.5959204750839143,0.0,0.0
Uformer + PathologyLoss,BraTS2021_00116,32.879734,0.9838438034057617,0.05943215,0.5365735115431348,0.0,0.0
Uformer + PathologyLoss,BraTS2021_00116,32.867783,0.9838898181915283,0.059242386,0.40110091743119264,0.0,0.0
Uformer + PathologyLoss,BraTS2021_00116,32.777752,0.9826364517211914,0.05977249,0.5671476137624861,0.0,nan
Uformer + PathologyLoss,BraTS2021_00116,33.13374,0.9813427925109863,0.058750574,0.5594913714804723,0.0,nan
Uformer + PathologyLoss,BraTS2021_00116,33.052334,0.9826173782348633,0.05974036,0.4635484713875098,nan,nan
Uformer + PathologyLoss,BraTS2021_00116,32.705467,0.9809733033180237,0.061290003,0.7591911764705882,nan,nan
Uformer + PathologyLoss,BraTS2021_00116,32.714317,0.9808181524276733,0.063092075,0.5975327679259831,0.0,nan
Uformer + PathologyLoss,BraTS2021_00116,32.415203,0.9817134737968445,0.06305835,0.4431349440188568,0.0,nan
Uformer + PathologyLoss,BraTS2021_00116,32.08817,0.9813604354858398,0.06524152,0.4708754795953959,0.0,nan
Uformer + PathologyLoss,BraTS2021_00116,31.921892,0.9813240766525269,0.06783611,0.5215479331574319,0.0,nan
Uformer + PathologyLoss,BraTS2021_00116,31.809162,0.9815833568572998,0.06828759,0.46672661870503596,0.0,nan
Uformer + PathologyLoss,BraTS2021_00116,31.653622,0.9804350733757019,0.07132258,0.4301765650080257,nan,nan
Uformer + PathologyLoss,BraTS2021_00116,31.629,0.9800274968147278,0.072631896,0.630718954248366,nan,nan
Uformer + PathologyLoss,BraTS2021_00116,31.316048,0.9839626550674438,0.073746316,0.19712844392704695,0.0,nan
Uformer + PathologyLoss,BraTS2021_00116,30.982086,0.981037974357605,0.07854614,0.0,nan,nan
Uformer + PathologyLoss,BraTS2021_00116,30.694633,0.979813814163208,0.082288094,0.0,nan,nan
Uformer + PathologyLoss,BraTS2021_00116,31.034727,0.9812137484550476,0.08266904,0.0,nan,nan
Uformer + PathologyLoss,BraTS2021_00116,30.528667,0.9836263060569763,0.08535266,0.0,nan,nan
Uformer + PathologyLoss,BraTS2021_00116,30.813217,0.9831768274307251,0.0861967,0.0,nan,nan
Uformer + PathologyLoss,BraTS2021_00116,30.875673,0.9850502014160156,0.0868756,0.0,nan,nan
Uformer + PathologyLoss,BraTS2021_00116,30.873142,0.9863972663879395,0.087986045,0.0,nan,nan
