method,subject,psnr,ssim,nrmse,dice_wt,dice_tc,dice_et
Uformer + PathologyLoss,BraTS2021_00000,29.061546,0.9644680023193359,0.13655466,0.0,0.0,0.0
Uformer + PathologyLoss,BraTS2021_00000,29.321968,0.9648783206939697,0.13207388,0.7681498829039812,0.7919799498746867,0.8144329896907216
Uformer + PathologyLoss,BraTS2021_00000,29.368427,0.9657305479049683,0.126856,0.8634361233480177,0.8706293706293706,0.8706293706293706
Uformer + PathologyLoss,BraTS2021_00000,29.424437,0.9636182188987732,0.12598464,0.8793619142572283,0.9130434782608695,0.9250585480093677
Uformer + PathologyLoss,BraTS2021_00000,29.1843,0.9641496539115906,0.12371248,0.8855633802816901,0.9015444015444015,0.9028459273797841
Uformer + PathologyLoss,BraTS2021_00000,29.004251,0.9645034670829773,0.12279767,0.8806774441878368,0.7841011743450768,0.772937905468026
Uformer + PathologyLoss,BraTS2021_00000,28.918135,0.9634932279586792,0.11992532,0.9504587155963303,0.9598445595854922,0.9304589707927677
Uformer + PathologyLoss,BraTS2021_00000,28.964615,0.9606368541717529,0.1222487,0.9490022172949002,0.9452679589509693,0.9093214965123653
Uformer + PathologyLoss,BraTS2021_00000,28.89951,0.9645874500274658,0.11559113,0.9583333333333334,0.9591115598182736,0.918165989553105
Uformer + PathologyLoss,BraTS2021_00000,28.801119,0.9621718525886536,0.116657145,0.9697256385998108,0.9711815561959655,0.9217081850533808
Uformer + PathologyLoss,BraTS2021_00000,28.64785,0.9588133692741394,0.11898163,0.9565217391304348,0.964035497431107,0.9180708890180128
Uformer + PathologyLoss,BraTS2021_00000,29.101818,0.9645298719406128,0.11183848,0.9809143364403018,0.980498866213152,0.9266862170087976
Uformer + PathologyLoss,BraTS2021_00000,29.426975,0.9631995558738708,0.109828226,0.9744699264387711,0.9800796812749004,0.9084507042253521
Uformer + PathologyLoss,BraTS2021_00000,29.443205,0.9670983552932739,0.10629696,0.9718605627887442,0.9726443768996961,0.8944020356234097
Uformer + PathologyLoss,BraTS2021_00000,29.855968,0.9723799824714661,0.101970784,0.9702333065164923,0.9810206663854913,0.9105113636363636
Uformer + PathologyLoss,BraTS2021_00000,29.691261,0.9741238951683044,0.100026146,0.9612167300380228,0.9691629955947136,0.9086357947434293
Uformer + PathologyLoss,BraTS2021_00000,29.540035,0.9738969802856445,0.09975841,0.974108818011257,0.972972972972973,0.9217289719626168
Uformer + PathologyLoss,BraTS2021_00000,29.725168,0.9749682545661926,0.09878882,0.9553767373811266,0.9711388455538221,0.9129383313180169
Uformer + PathologyLoss,BraTS2021_00000,29.543497,0.9735851287841797,0.10265681,0.9608695652173913,0.965625,0.9115479115479116
Uformer + PathologyLoss,BraTS2021_00000,29.34769,0.9707155227661133,0.10426729,0.9560835133189345,0.9577133907595928,0.906635349383441
Uformer + PathologyLoss,BraTS2021_00000,29.37294,0.9727709293365479,0.10124964,0.9564601769911505,0.9591431971439904,0.9069212410501193
Uformer + PathologyLoss,BraTS2021_00000,29.564554,0.9738090634346008,0.10022122,0.9676724137931034,0.9671287128712871,0.9128329297820823
Uformer + PathologyLoss,BraTS2021_00000,29.729404,0.9744960069656372,0.09773041,0.9642090193271295,0.9624300559552358,0.8979848866498741
Uformer + PathologyLoss,BraTS2021_00000,29.765259,0.974588930606842,0.09781421,0.9607272727272728,0.9701076125946593,0.9115558424790188
Uformer + PathologyLoss,BraTS2021_00000,30.043873,0.9761247038841248,0.09425561,0.9684439608269858,0.9804547267650578,0.9119241192411924
Uformer + PathologyLoss,BraTS2021_00000,29.626335,0.9747523665428162,0.09632158,0.9734136830911024,0.9820359281437125,0.9118421052631579
Uformer + PathologyLoss,BraTS2021_00000,29.74129,0.9729647636413574,0.09672953,0.9734576757532282,0.9758415841584158,0.8991253644314868
Uformer + PathologyLoss,BraTS2021_00000,29.74766,0.9727168679237366,0.09599739,0.9679715302491103,0.9761146496815286,0.9111508646392368
Uformer + PathologyLoss,BraTS2021_00000,29.900005,0.9729944467544556,0.09548926,0.972875226039783,0.9720986655883542,0.8873072360616845
Uformer + PathologyLoss,BraTS2021_00000,29.815006,0.9715107679367065,0.09879572,0.9654654654654654,0.9816819317235637,0.9035087719298246
Uformer + PathologyLoss,BraTS2021_00000,29.86634,0.9730552434921265,0.09524687,0.9696270665128797,0.976006855184233,0.9168765743073047
Uformer + PathologyLoss,BraTS2021_00000,29.994236,0.9740010499954224,0.09378148,0.9754940711462451,0.967337807606264,0.9096692111959288
Uformer + PathologyLoss,BraTS2021_00000,30.279577,0.9748640060424805,0.09347026,0.9527085124677558,0.9763170613823103,0.9334195216548158
Uformer + PathologyLoss,BraTS2021_00000,30.097233,0.9735844731330872,0.09473614,0.9680851063829787,0.9646107178968655,0.9234537660747091
Uformer + PathologyLoss,BraTS2021_00000,29.831505,0.9767260551452637,0.09288024,0.9580386610089581,0.9558823529411765,0.9200833912439194
Uformer + PathologyLoss,BraTS2021_00000,29.86921,0.9742569327354431,0.09641171,0.960621761658031,0.9625396825396826,0.9263477600607442
Uformer + PathologyLoss,BraTS2021_00000,30.37903,0.9763768315315247,0.09182294,0.936562860438293,0.9404761904761905,0.9048888888888889
Uformer + PathologyLoss,BraTS2021_00000,30.655212,0.9789660573005676,0.087670654,0.9216342933690556,0.9706144256455922,0.9340314136125655
Uformer + PathologyLoss,BraTS2021_00000,30.916203,0.9803428053855896,0.08549003,0.9120258272800645,0.9555555555555556,0.9366515837104072
Uformer + PathologyLoss,BraTS2021_00000,31.21119,0.9835228323936462,0.08214197,0.8004073319755601,0.8417721518987342,0.8417721518987342
Uformer + PathologyLoss,BraTS2021_00000,31.513603,0.9845600724220276,0.07869188,0.7756315007429421,0.7349397590361446,0.7349397590361446
Uformer + PathologyLoss,BraTS2021_00000,31.757263,0.9854044318199158,0.07877436,0.5561224489795918,0.029411764705882353,0.029411764705882353
Uformer + PathologyLoss,BraTS2021_00000,32.037216,0.9861639738082886,0.076771885,0.0,0.0,0.0
Uformer + PathologyLoss,BraTS2021_00002,31.45604,0.9769530296325684,0.17203411,0.0,nan,nan
Uformer + PathologyLoss,BraTS2021_00002,31.528618,0.9762872457504272,0.17116414,0.0,nan,nan
Uformer + PathologyLoss,BraTS2021_00002,30.952852,0.9764330387115479,0.16686794,0.0,nan,nan
Uformer + PathologyLoss,BraTS2021_00002,30.986547,0.976772129535675,0.16314176,0.39067055393586003,nan,nan
Uformer + PathologyLoss,BraTS2021_00002,30.780281,0.9772912859916687,0.15799734,0.3025210084033613,nan,nan
Uformer + PathologyLoss,BraTS2021_00002,30.78598,0.9772586226463318,0.15409747,0.8163265306122449,nan,nan
Uformer + PathologyLoss,BraTS2021_00002,30.142954,0.9734963178634644,0.16352825,0.8794063079777366,nan,nan
Uformer + PathologyLoss,BraTS2021_00002,30.136974,0.9727562665939331,0.15952143,0.8677685950413223,nan,nan
Uformer + PathologyLoss,BraTS2021_00002,29.697311,0.9715108275413513,0.1578785,0.8817204301075269,nan,nan
Uformer + PathologyLoss,BraTS2021_00002,30.175442,0.9731820225715637,0.15022184,0.8587155963302753,nan,nan
Uformer + PathologyLoss,BraTS2021_00002,30.054611,0.9727298021316528,0.14742364,0.9105545617173524,nan,nan
Uformer + PathologyLoss,BraTS2021_00002,30.513184,0.9745738506317139,0.1382337,0.8468619246861925,nan,nan
Uformer + PathologyLoss,BraTS2021_00002,30.222738,0.9726688861846924,0.13734531,0.9195046439628483,nan,nan
Uformer + PathologyLoss,BraTS2021_00002,30.133808,0.9713471531867981,0.13577588,0.9429892141756548,nan,nan
Uformer + PathologyLoss,BraTS2021_00002,30.562195,0.9725766181945801,0.13115911,0.8844682478959449,nan,nan
Uformer + PathologyLoss,BraTS2021_00002,30.521051,0.9734859466552734,0.12728843,0.8112449799196787,nan,nan
Uformer + PathologyLoss,BraTS2021_00002,30.24197,0.9701148271560669,0.1336152,0.0,nan,nan
Uformer + PathologyLoss,BraTS2021_00002,30.415165,0.971393346786499,0.1317396,0.24565469293163383,nan,nan
Uformer + PathologyLoss,BraTS2021_00002,30.080357,0.970018744468689,0.13335715,0.05141388174807198,nan,nan
Uformer + PathologyLoss,BraTS2021_00002,29.887394,0.9683136343955994,0.13572656,0.1982651796778191,nan,nan
Uformer + PathologyLoss,BraTS2021_00002,29.802544,0.966275691986084,0.13475405,0.0,nan,nan
Uformer + PathologyLoss,BraTS2021_00002,29.537727,0.9648841619491577,0.13337667,0.030505243088655862,nan,nan
Uformer + PathologyLoss,BraTS2021_00002,29.613594,0.9591597318649292,0.13497809,0.43044982698961937,0.0,0.0
Uformer + PathologyLoss,BraTS2021_00002,29.895966,0.9636448621749878,0.12263579,0.3482142857142857,0.0,0.0
Uformer + PathologyLoss,BraTS2021_00002,29.764614,0.9621103405952454,0.12038326,0.4918032786885246,0.0,0.0
Uformer + PathologyLoss,BraTS2021_00002,30.288826,0.9634270071983337,0.11476221,0.06733298264071541,nan,nan
Uformer + PathologyLoss,BraTS2021_00002,30.317366,0.9606547951698303,0.113695614,0.035944700460829496,nan,nan
Uformer + PathologyLoss,BraTS2021_00002,30.417473,0.9599713087081909,0.11241137,0.006927263730826323,nan,nan
Uformer + PathologyLoss,BraTS2021_00002,30.545155,0.9614396691322327,0.10817722,0.271688531527719,0.0,0.0
Uformer + PathologyLoss,BraTS2021_00002,30.812857,0.9616225361824036,0.10636436,0.04595744680851064,0.0,0.0
Uformer + PathologyLoss,BraTS2021_00002,30.973444,0.968386709690094,0.100114964,0.2543182653436237,0.0,0.0
Uformer + PathologyLoss,BraTS2021_00002,31.248589,0.9686616063117981,0.09801135,0.1436388508891929,0.0,0.0
Uformer + PathologyLoss,BraTS2021_00002,31.25928,0.9721794128417969,0.09536211,0.358683314415437,0.12234042553191489,0.12234042553191489
Uformer + PathologyLoss,BraTS2021_00002,31.012959,0.9729007482528687,0.09483937,0.2742455317902139,0.0,0.0
Uformer + PathologyLoss,BraTS2021_00002,31.113232,0.9729867577552795,0.096285686,0.2916902204635387,0.012594458438287154,0.013262599469496022
Uformer + PathologyLoss,BraTS2021_00002,30.886192,0.9746983647346497,0.09443946,0.6674242424242425,0.27234927234927236,0.2757009345794392
Uformer + PathologyLoss,BraTS2021_00002,30.915297,0.9726052284240723,0.094540805,0.5156576200417536,0.2787682333873582,0.2935606060606061
Uformer + PathologyLoss,BraTS2021_00002,31.204475,0.9739346504211426,0.09328425,0.6483001172332943,0.31808278867102396,0.27411167512690354
Uformer + PathologyLoss,BraTS2021_00002,31.150948,0.9738577008247375,0.09360127,0.71584794306544,0.7091334894613583,0.5935103244837758
Uformer + PathologyLoss,BraTS2021_00002,30.97012,0.9757839441299438,0.09308992,0.6664226898444647,0.5657826313052522,0.44216290212183434
Uformer + PathologyLoss,BraTS2021_00002,31.238176,0.9769498705863953,0.09017579,0.6673643816500959,0.6598890942698706,0.5241561879549967
Uformer + PathologyLoss,BraTS2021_00002,31.250353,0.9791558980941772,0.08783383,0.6631967763599731,0.3510506798516687,0.43171806167400884
Uformer + PathologyLoss,BraTS2021_00002,31.310099,0.9799714684486389,0.08632577,0.7222040013119055,0.32919254658385094,0.48316831683168315
Uformer + PathologyLoss,BraTS2021_00002,31.574093,0.9816123247146606,0.08354728,0.7519011406844106,0.7381934892251261,0.6701298701298701
Uformer + PathologyLoss,BraTS2021_00002,31.587135,0.9816491603851318,0.08188959,0.7771911298838438,0.6063442537701508,0.6328638497652582
Uformer + PathologyLoss,BraTS2021_00002,31.442493,0.9819614887237549,0.08209514,0.7117531188443861,0.5769436997319035,0.604143947655398
Uformer + PathologyLoss,BraTS2021_00002,31.236307,0.9811139106750488,0.08395907,0.7658698749406364,0.7908643081056874,0.7372549019607844
Uformer + PathologyLoss,BraTS2021_00002,31.220104,0.9820939898490906,0.08241479,0.7947411668036154,0.9005658852061439,0.7383773928896992
Uformer + PathologyLoss,BraTS2021_00002,31.29447,0.9823534488677979,0.081539825,0.7490921666954867,0.7121513944223108,0.6778989098116948
Uformer + PathologyLoss,BraTS2021_00002,31.370705,0.9825834631919861,0.082501724,0.7626181558765829,0.8583954405962297,0.7289377289377289
Uformer + PathologyLoss,BraTS2021_00002,31.520851,0.9816714525222778,0.08285334,0.795774647887324,0.9256673511293635,0.7948717948717948
Uformer + PathologyLoss,BraTS2021_00002,31.533009,0.9848065972328186,0.078575164,0.8101311298724627,0.7471091000502765,0.7468123861566485
Uformer + PathologyLoss,BraTS2021_00002,31.624367,0.9830067753791809,0.08190932,0.8420859346309217,0.8773584905660378,0.8451882845188284
Uformer + PathologyLoss,BraTS2021_00002,31.61106,0.9859553575515747,0.07681909,0.8285178236397749,0.3806818181818182,0.5530054644808743
Uformer + PathologyLoss,BraTS2021_00002,31.729906,0.9864110350608826,0.076367155,0.8528687748532475,0.4600416956219597,0.5830188679245283
Uformer + PathologyLoss,BraTS2021_00002,31.954807,0.9867624640464783,0.075407185,0.8448748401242463,0.7518427518427518,0.7260504201680672
Uformer + PathologyLoss,BraTS2021_00002,32.05838,0.9876461029052734,0.07305191,0.8482625482625482,0.8862418106015485,0.7749381698268755
Uformer + PathologyLoss,BraTS2021_00002,32.262436,0.9869216680526733,0.07416654,0.8383816987926287,0.78059377262853,0.7237354085603113
Uformer + PathologyLoss,BraTS2021_00002,32.282513,0.9881787896156311,0.07262265,0.8777067436584863,0.7479406919275123,0.7306034482758621
Uformer + PathologyLoss,BraTS2021_00002,32.497986,0.9879229664802551,0.073215805,0.8940493468795355,0.893719806763285,0.8642220019821606
Uformer + PathologyLoss,BraTS2021_00002,32.620884,0.9894994497299194,0.07005662,0.8907701837703903,0.9270927092709271,0.8944099378881988
Uformer + PathologyLoss,BraTS2021_00002,32.5287,0.9882054328918457,0.07340931,0.9024193548387097,0.8746177370030581,0.8464163822525598
Uformer + PathologyLoss,BraTS2021_00002,32.460335,0.9883383512496948,0.07245833,0.924945251841529,0.8784810126582279,0.8495821727019499
Uformer + PathologyLoss,BraTS2021_00002,32.54885,0.9878000020980835,0.07265386,0.9233576642335767,0.88,0.8557844690966719
Uformer + PathologyLoss,BraTS2021_00002,32.430706,0.9879486560821533,0.07308048,0.9549262066214599,0.8613861386138614,0.8369565217391305
Uformer + PathologyLoss,BraTS2021_00002,32.34737,0.9853312373161316,0.07628165,0.956883982503645,0.8582230623818525,0.8389662027833003
Uformer + PathologyLoss,BraTS2021_00002,32.624,0.9870163798332214,0.07362212,0.9723733779824194,0.7982261640798226,0.780952380952381
Uformer + PathologyLoss,BraTS2021_00002,32.407413,0.9841992855072021,0.07748192,0.9633414796711842,0.8044077134986226,0.8108108108108109
Uformer + PathologyLoss,BraTS2021_00002,32.5456,0.9843192100524902,0.076386936,0.9708235294117648,0.7986798679867987,0.7985865724381626
Uformer + PathologyLoss,BraTS2021_00002,32.06822,0.9798983335494995,0.08267032,0.9641232945932289,0.8285714285714286,0.8229665071770335
Uformer + PathologyLoss,BraTS2021_00002,31.952936,0.9823487997055054,0.08297126,0.9719176250334314,0.6796116504854369,0.6796116504854369
Uformer + PathologyLoss,BraTS2021_00002,32.025764,0.9820238351821899,0.08288948,0.9673554956573824,0.0,0.0
Uformer + PathologyLoss,BraTS2021_00002,31.561852,0.9794551134109497,0.08795049,0.9742922225837943,0.0,0.0
Uformer + PathologyLoss,BraTS2021_00002,31.662235,0.9796978235244751,0.08754296,0.9785688339992735,nan,nan
Uformer + PathologyLoss,BraTS2021_00002,31.242489,0.9791664481163025,0.0919267,0.9746835443037974,nan,nan
Uformer + PathologyLoss,BraTS2021_00002,31.563826,0.9789419174194336,0.09217685,0.9644234890698671,nan,nan
Uformer + PathologyLoss,BraTS2021_00002,31.038506,0.9771456718444824,0.09506925,0.9648780487804878,nan,nan
Uformer + PathologyLoss,BraTS2021_00002,30.849932,0.9744827151298523,0.100146845,0.9633740288568258,nan,nan
Uformer + PathologyLoss,BraTS2021_00002,30.829563,0.9759551882743835,0.100386314,0.9597402597402598,nan,nan
Uformer + PathologyLoss,BraTS2021_00002,30.461735,0.9711626768112183,0.108495295,0.9499105545617174,nan,nan
Uformer + PathologyLoss,BraTS2021_00002,30.319473,0.9728394746780396,0.10920282,0.9297297297297298,nan,nan
Uformer + PathologyLoss,BraTS2021_00002,30.512762,0.9733029007911682,0.10965031,0.9674681753889675,nan,nan
Uformer + PathologyLoss,BraTS2021_00002,30.318678,0.9710155725479126,0.11568248,0.9206349206349206,nan,nan
Uformer + PathologyLoss,BraTS2021_00002,30.447557,0.9715576171875,0.11368763,0.9163636363636364,nan,nan
Uformer + PathologyLoss,BraTS2021_00003,32.174965,0.977293848991394,0.09960018,0.0,0.0,0.0
Uformer + PathologyLoss,BraTS2021_00003,32.235527,0.9779852628707886,0.097734585,0.0,0.0,0.0
Uformer + PathologyLoss,BraTS2021_00003,32.083256,0.9789690971374512,0.097198315,0.7929824561403509,0.8072072072072072,0.8072072072072072
Uformer + PathologyLoss,BraTS2021_00003,32.259243,0.9807211756706238,0.09204267,0.8825622775800712,0.8756345177664975,0.8721227621483376
Uformer + PathologyLoss,BraTS2021_00003,32.266296,0.9813474416732788,0.092515126,0.9324577861163227,0.9354166666666667,0.884090909090909
Uformer + PathologyLoss,BraTS2021_00003,32.413025,0.9819391369819641,0.089594625,0.9447004608294931,0.9462555066079296,0.8891235480464625
Uformer + PathologyLoss,BraTS2021_00003,32.526875,0.9821780323982239,0.08720336,0.9270021261516654,0.9194683346364347,0.8134254689042448
Uformer + PathologyLoss,BraTS2021_00003,32.629982,0.9811702370643616,0.08828114,0.9431309904153354,0.9384083044982698,0.8458715596330275
Uformer + PathologyLoss,BraTS2021_00003,32.957214,0.9821880459785461,0.08575583,0.9622857142857143,0.965389369592089,0.8532188841201717
Uformer + PathologyLoss,BraTS2021_00003,32.9086,0.9824835062026978,0.08333864,0.9186746987951807,0.9627539503386005,0.8693333333333333
Uformer + PathologyLoss,BraTS2021_00003,33.006874,0.9828523397445679,0.08395896,0.9412258606213266,0.9440993788819876,0.8120423108218063
Uformer + PathologyLoss,BraTS2021_00003,33.418022,0.9831496477127075,0.081342444,0.942070963070239,0.9629629629629629,0.8509575353871773
Uformer + PathologyLoss,BraTS2021_00003,33.37664,0.9846749305725098,0.07731457,0.9540636042402827,0.9770554493307839,0.8995391705069125
Uformer + PathologyLoss,BraTS2021_00003,33.49798,0.9844975471496582,0.07936798,0.961764705882353,0.9538188277087034,0.8460207612456747
Uformer + PathologyLoss,BraTS2021_00003,33.363342,0.9835968613624573,0.07851614,0.9843400447427293,0.9681083442551333,0.8905109489051095
Uformer + PathologyLoss,BraTS2021_00003,33.38043,0.9848783612251282,0.07678259,0.9699525566684238,0.9618128409567772,0.8806660499537465
Uformer + PathologyLoss,BraTS2021_00003,33.283524,0.9852651357650757,0.0751503,0.9705733130390665,0.9631774927596194,0.8477206595538312
Uformer + PathologyLoss,BraTS2021_00003,33.342644,0.985136866569519,0.07612081,0.9738322328197603,0.93354061406918,0.7915567282321899
Uformer + PathologyLoss,BraTS2021_00003,33.27043,0.9855777621269226,0.07560732,0.9838281438571084,0.9614173228346456,0.8355140186915888
Uformer + PathologyLoss,BraTS2021_00003,33.277782,0.9844532012939453,0.07652665,0.9651486988847584,0.9284116331096197,0.7810650887573964
Uformer + PathologyLoss,BraTS2021_00003,33.42257,0.9849073886871338,0.076884106,0.9631831694488909,0.9285447063224841,0.7692307692307693
Uformer + PathologyLoss,BraTS2021_00003,33.27729,0.9852745532989502,0.074998215,0.9647793134195274,0.9231894659839064,0.7884151246983105
Uformer + PathologyLoss,BraTS2021_00003,32.755333,0.9848263263702393,0.07882422,0.9608309889634278,0.9188993482983345,0.7661469933184856
Uformer + PathologyLoss,BraTS2021_00003,32.95419,0.9861272573471069,0.07635596,0.9522597071928708,0.9079320113314447,0.7803187803187803
Uformer + PathologyLoss,BraTS2021_00003,32.929756,0.9871124625205994,0.07494876,0.97637466025507,0.9512544802867383,0.8668046928916494
Uformer + PathologyLoss,BraTS2021_00003,33.030197,0.9859151840209961,0.07569787,0.9720807010393315,0.9557894736842105,0.8744123572867697
Uformer + PathologyLoss,BraTS2021_00003,32.99211,0.9869377017021179,0.07545076,0.9730700179533214,0.9660056657223796,0.8854655056932351
Uformer + PathologyLoss,BraTS2021_00003,32.77785,0.9844388961791992,0.078306586,0.9746557573338654,0.9633842872378244,0.8780812791472352
Uformer + PathologyLoss,BraTS2021_00003,32.903587,0.9853726029396057,0.07750431,0.9771653543307086,0.9586479683567062,0.8757319453480806
Uformer + PathologyLoss,BraTS2021_00003,32.843964,0.9864469766616821,0.07782612,0.9749807544264819,0.9239557300963941,0.8103448275862069
Uformer + PathologyLoss,BraTS2021_00003,32.8544,0.985862672328949,0.07786142,0.9721742467856458,0.940022632968691,0.8372686662412253
Uformer + PathologyLoss,BraTS2021_00003,32.535553,0.9863151907920837,0.078504376,0.9792273344981557,0.9760649087221095,0.8951663527934715
Uformer + PathologyLoss,BraTS2021_00003,32.43125,0.9858556389808655,0.07977813,0.9811979065710409,0.9724137931034482,0.8917345750873108
Uformer + PathologyLoss,BraTS2021_00003,32.589264,0.9859064817428589,0.07966935,0.9829578844270324,0.9659245797364834,0.9045401629802096
Uformer + PathologyLoss,BraTS2021_00003,32.381546,0.9848422408103943,0.08188394,0.985285462036492,0.966796875,0.9137614678899083
Uformer + PathologyLoss,BraTS2021_00003,32.191044,0.9853681325912476,0.084191024,0.9809069212410502,0.9583333333333334,0.9140211640211641
Uformer + PathologyLoss,BraTS2021_00003,32.183723,0.9824249148368835,0.08842084,0.9777050521579055,0.9473684210526315,0.9048569527611444
Uformer + PathologyLoss,BraTS2021_00003,31.933641,0.9835705757141113,0.08808821,0.9754768392370572,0.9641734758013828,0.921090387374462
Uformer + PathologyLoss,BraTS2021_00003,31.869934,0.9839379787445068,0.08795076,0.9690501600853789,0.9517990495587237,0.926605504587156
Uformer + PathologyLoss,BraTS2021_00003,31.839476,0.9817226529121399,0.09077887,0.9633251833740831,0.9538002980625931,0.928
Uformer + PathologyLoss,BraTS2021_00003,31.694561,0.9816665649414062,0.09353944,0.9692095588235294,0.9500860585197934,0.9301903898458749
Uformer + PathologyLoss,BraTS2021_00003,31.23623,0.9821005463600159,0.09664052,0.9724556489262371,0.8898043254376931,0.8898043254376931
Uformer + PathologyLoss,BraTS2021_00003,30.89387,0.9813690781593323,0.099677674,0.9772672888250777,0.9183673469387755,0.9183673469387755
Uformer + PathologyLoss,BraTS2021_00003,30.536032,0.9784444570541382,0.10725821,0.966190833959429,0.9039039039039038,0.9039039039039038
Uformer + PathologyLoss,BraTS2021_00003,30.380022,0.9748889803886414,0.11437152,0.9537712895377128,0.9083503054989817,0.9083503054989817
Uformer + PathologyLoss,BraTS2021_00003,30.345032,0.9777013063430786,0.11441474,0.9516175207557973,0.8914956011730205,0.8914956011730205
Uformer + PathologyLoss,BraTS2021_00003,30.503258,0.980495274066925,0.11209007,0.9165596919127086,0.352,0.352
Uformer + PathologyLoss,BraTS2021_00003,30.23373,0.9790163040161133,0.11932304,0.9261790840738209,0.0,0.0
Uformer + PathologyLoss,BraTS2021_00003,30.428886,0.9812902808189392,0.11673157,0.9471120389700766,0.0,0.0
Uformer + PathologyLoss,BraTS2021_00003,30.128048,0.9806793332099915,0.12244905,0.9547527183444405,nan,nan
Uformer + PathologyLoss,BraTS2021_00003,29.939709,0.9815618991851807,0.12695712,0.9550484094052559,nan,nan
Uformer + PathologyLoss,BraTS2021_00003,29.97652,0.9810729026794434,0.1320513,0.9369167599850691,nan,nan
Uformer + PathologyLoss,BraTS2021_00003,30.050228,0.9807791709899902,0.1396683,0.9380315917375456,nan,nan
Uformer + PathologyLoss,BraTS2021_00003,29.946306,0.9797034859657288,0.1491125,0.946113074204947,0.0,0.0
Uformer + PathologyLoss,BraTS2021_00003,29.85668,0.9800385236740112,0.1549336,0.9669902912621359,nan,nan
Uformer + PathologyLoss,BraTS2021_00003,29.851593,0.9774883389472961,0.17191485,0.9584026622296173,nan,nan
Uformer + PathologyLoss,BraTS2021_00003,29.813988,0.9744886159896851,0.19280948,0.9327731092436975,nan,nan
Uformer + PathologyLoss,BraTS2021_00003,30.487242,0.9733569622039795,0.20684688,0.8616600790513834,nan,nan
Uformer + PathologyLoss,BraTS2021_00008,29.029371,0.9641996026039124,0.11913784,0.0,nan,nan
Uformer + PathologyLoss,BraTS2021_00008,29.331524,0.966623067855835,0.1164466,0.6818181818181818,nan,nan
Uformer + PathologyLoss,BraTS2021_00008,29.18315,0.9650382399559021,0.11571297,0.7541899441340782,nan,nan
Uformer + PathologyLoss,BraTS2021_00008,29.587622,0.9678276181221008,0.11192058,0.9047619047619048,nan,nan
Uformer + PathologyLoss,BraTS2021_00008,29.286165,0.9675067067146301,0.11388503,0.7878787878787878,nan,nan
Uformer + PathologyLoss,BraTS2021_00008,28.953594,0.9630615711212158,0.11623947,0.7425569176882661,nan,nan
Uformer + PathologyLoss,BraTS2021_00008,29.215967,0.9638751745223999,0.11208059,0.9306122448979591,nan,nan
Uformer + PathologyLoss,BraTS2021_00008,29.428196,0.9650239944458008,0.11039565,0.9479034307496823,nan,nan
Uformer + PathologyLoss,BraTS2021_00008,29.63371,0.967146098613739,0.1064882,0.9660023446658851,nan,nan
Uformer + PathologyLoss,BraTS2021_00008,29.496716,0.9625962972640991,0.10920515,0.9736540664375716,nan,nan
Uformer + PathologyLoss,BraTS2021_00008,29.85572,0.9639146327972412,0.10726983,0.9548532731376975,nan,nan
Uformer + PathologyLoss,BraTS2021_00008,29.942291,0.9644274115562439,0.106349476,0.9544950055493896,0.0,0.0
Uformer + PathologyLoss,BraTS2021_00008,30.343952,0.969703197479248,0.100418165,0.9712460063897763,0.0,0.0
Uformer + PathologyLoss,BraTS2021_00008,30.053288,0.9687137603759766,0.10194257,0.9579487179487179,0.0,0.0
Uformer + PathologyLoss,BraTS2021_00008,30.399664,0.9701513051986694,0.0998027,0.9598352214212152,0.0,0.0
Uformer + PathologyLoss,BraTS2021_00008,30.01221,0.969497799873352,0.10110072,0.9529780564263323,nan,nan
Uformer + PathologyLoss,BraTS2021_00008,30.420425,0.9717234969139099,0.097987354,0.9585921325051759,nan,nan
Uformer + PathologyLoss,BraTS2021_00008,30.300545,0.9679185152053833,0.10085407,0.9500531349628055,nan,nan
Uformer + PathologyLoss,BraTS2021_00008,30.342062,0.9699106812477112,0.09871877,0.9298813376483279,nan,nan
Uformer + PathologyLoss,BraTS2021_00008,30.538042,0.9709270596504211,0.09553922,0.9428571428571428,nan,nan
Uformer + PathologyLoss,BraTS2021_00008,30.47949,0.9674634337425232,0.09900991,0.920704845814978,nan,nan
Uformer + PathologyLoss,BraTS2021_00008,30.749073,0.9675195813179016,0.09661837,0.9552572706935123,nan,nan
Uformer + PathologyLoss,BraTS2021_00008,30.622042,0.9622054696083069,0.09951646,0.9482352941176471,nan,nan
Uformer + PathologyLoss,BraTS2021_00008,30.402372,0.9616349935531616,0.09994197,0.9429657794676806,nan,nan
Uformer + PathologyLoss,BraTS2021_00008,30.503138,0.9667605757713318,0.098170675,0.9238985313751669,nan,nan
Uformer + PathologyLoss,BraTS2021_00008,30.553598,0.9654389023780823,0.09801515,0.8433734939759037,nan,nan
Uformer + PathologyLoss,BraTS2021_00008,30.988533,0.9695329666137695,0.094391234,0.7570789865871833,nan,nan
Uformer + PathologyLoss,BraTS2021_00008,30.90844,0.9695106148719788,0.09418195,0.7130730050933786,nan,nan
Uformer + PathologyLoss,BraTS2021_00008,30.734253,0.9684366583824158,0.09596273,0.7899686520376176,nan,nan
Uformer + PathologyLoss,BraTS2021_00008,30.966513,0.9743432998657227,0.09116276,0.5892116182572614,nan,nan
Uformer + PathologyLoss,BraTS2021_00008,30.851633,0.9731589555740356,0.092446715,0.71,nan,nan
Uformer + PathologyLoss,BraTS2021_00008,31.040783,0.9742001295089722,0.089940265,0.8840125391849529,nan,nan
Uformer + PathologyLoss,BraTS2021_00009,27.62489,0.9669920206069946,0.12048675,nan,nan,nan
Uformer + PathologyLoss,BraTS2021_00009,27.606255,0.967731773853302,0.12109717,nan,nan,nan
Uformer + PathologyLoss,BraTS2021_00009,27.648579,0.9683594107627869,0.12068182,nan,nan,nan
Uformer + PathologyLoss,BraTS2021_00009,27.66603,0.9683430194854736,0.11977687,nan,nan,nan
Uformer + PathologyLoss,BraTS2021_00009,27.746584,0.9690236449241638,0.120422855,nan,nan,nan
Uformer + PathologyLoss,BraTS2021_00009,27.819471,0.9680936336517334,0.1206685,nan,nan,nan
Uformer + PathologyLoss,BraTS2021_00009,27.805214,0.966884970664978,0.12319935,nan,nan,nan
Uformer + PathologyLoss,BraTS2021_00009,27.62439,0.9674832820892334,0.12145665,nan,nan,nan
Uformer + PathologyLoss,BraTS2021_00009,27.72928,0.9688394069671631,0.12043222,nan,nan,nan
Uformer + PathologyLoss,BraTS2021_00009,27.657282,0.971566379070282,0.116946,nan,nan,nan
Uformer + PathologyLoss,BraTS2021_00009,27.865646,0.9690228700637817,0.11942499,0.0,0.0,0.0
Uformer + PathologyLoss,BraTS2021_00009,27.924198,0.9699701070785522,0.11836563,nan,nan,nan
Uformer + PathologyLoss,BraTS2021_00009,27.54096,0.9710087776184082,0.11722938,nan,nan,nan
Uformer + PathologyLoss,BraTS2021_00009,27.933231,0.9709876179695129,0.11570684,nan,nan,nan
Uformer + PathologyLoss,BraTS2021_00009,27.474882,0.9671517014503479,0.12314767,nan,nan,nan
Uformer + PathologyLoss,BraTS2021_00009,27.799055,0.9693995118141174,0.11748136,nan,nan,nan
Uformer + PathologyLoss,BraTS2021_00009,27.90611,0.9715762138366699,0.11568144,nan,nan,nan
Uformer + PathologyLoss,BraTS2021_00009,27.916603,0.9715322256088257,0.115354046,0.0,nan,nan
Uformer + PathologyLoss,BraTS2021_00009,27.622206,0.9696065187454224,0.11775235,0.0,nan,nan
Uformer + PathologyLoss,BraTS2021_00009,27.686197,0.9697999358177185,0.117131524,nan,nan,nan
Uformer + PathologyLoss,BraTS2021_00009,27.755692,0.9684451818466187,0.11946786,nan,nan,nan
Uformer + PathologyLoss,BraTS2021_00009,27.737791,0.971335232257843,0.11512613,nan,nan,nan
Uformer + PathologyLoss,BraTS2021_00009,27.999174,0.9738407731056213,0.111544825,nan,nan,nan
Uformer + PathologyLoss,BraTS2021_00009,27.923836,0.9727967977523804,0.1141558,nan,nan,nan
Uformer + PathologyLoss,BraTS2021_00009,27.999012,0.9720215797424316,0.11347614,nan,nan,nan
Uformer + PathologyLoss,BraTS2021_00009,28.268543,0.976035475730896,0.108601205,0.0,nan,nan
Uformer + PathologyLoss,BraTS2021_00009,28.482773,0.9773659110069275,0.10631003,0.0,nan,nan
Uformer + PathologyLoss,BraTS2021_00009,28.36486,0.976194441318512,0.10750506,0.0,nan,nan
Uformer + PathologyLoss,BraTS2021_00009,28.266954,0.9768341779708862,0.10565249,0.8056537102473498,nan,nan
Uformer + PathologyLoss,BraTS2021_00009,28.23259,0.9752475619316101,0.10892689,0.8472622478386167,nan,nan
Uformer + PathologyLoss,BraTS2021_00009,28.402147,0.9766537547111511,0.104698285,0.6720867208672087,nan,nan
Uformer + PathologyLoss,BraTS2021_00009,28.23387,0.9738085865974426,0.109311506,0.0,nan,nan
Uformer + PathologyLoss,BraTS2021_00009,28.192175,0.9729704260826111,0.10916532,0.8553054662379421,nan,nan
Uformer + PathologyLoss,BraTS2021_00009,28.380053,0.9743613600730896,0.109764054,0.7090620031796503,nan,nan
Uformer + PathologyLoss,BraTS2021_00009,28.314907,0.9771148562431335,0.10499171,0.875,nan,nan
Uformer + PathologyLoss,BraTS2021_00009,28.08065,0.9755106568336487,0.10755594,0.8888888888888888,nan,nan
Uformer + PathologyLoss,BraTS2021_00009,28.049162,0.9756050705909729,0.10660785,0.9145539906103286,nan,nan
Uformer + PathologyLoss,BraTS2021_00009,27.962378,0.9735354781150818,0.10922261,0.9137323943661971,nan,nan
Uformer + PathologyLoss,BraTS2021_00009,27.87425,0.973300039768219,0.11236073,0.96,0.3333333333333333,0.3333333333333333
Uformer + PathologyLoss,BraTS2021_00009,28.028759,0.9757652282714844,0.10770505,0.9650986342943855,0.7804878048780488,0.7804878048780488
Uformer + PathologyLoss,BraTS2021_00009,27.910755,0.97355717420578,0.11025181,0.9487375669472073,0.8209606986899564,0.8209606986899564
Uformer + PathologyLoss,BraTS2021_00009,27.779125,0.971421480178833,0.1138827,0.9665924276169265,0.9125475285171103,0.8695652173913043
Uformer + PathologyLoss,BraTS2021_00009,27.433805,0.9708482623100281,0.11535684,0.9707865168539326,0.9533333333333334,0.8623188405797102
Uformer + PathologyLoss,BraTS2021_00009,27.271492,0.9695566296577454,0.11657109,0.9726858877086495,0.9009584664536742,0.8115942028985508
Uformer + PathologyLoss,BraTS2021_00009,27.091263,0.9675097465515137,0.12153436,0.9779131759329779,0.8806366047745358,0.7575757575757576
Uformer + PathologyLoss,BraTS2021_00009,27.279835,0.9645324945449829,0.12520328,0.9612277867528272,0.848297213622291,0.7832699619771863
Uformer + PathologyLoss,BraTS2021_00009,27.347912,0.9648894667625427,0.12476393,0.9688524590163935,0.7987987987987988,0.7022900763358778
Uformer + PathologyLoss,BraTS2021_00009,27.237566,0.9664115905761719,0.12283091,0.9413823272090989,0.8819875776397516,0.7938931297709924
Uformer + PathologyLoss,BraTS2021_00009,26.676456,0.9649422764778137,0.12810662,0.9573115349682108,0.9212121212121213,0.7588652482269503
Uformer + PathologyLoss,BraTS2021_00009,27.15967,0.9640955328941345,0.12957957,0.9203354297693921,0.89419795221843,0.8015267175572519
Uformer + PathologyLoss,BraTS2021_00009,26.970243,0.9624571800231934,0.1301312,0.8960573476702509,0.9038461538461539,0.8768472906403941
Uformer + PathologyLoss,BraTS2021_00009,26.658852,0.9633519053459167,0.13413909,0.9623115577889447,0.7792207792207793,0.7792207792207793
Uformer + PathologyLoss,BraTS2021_00009,26.841248,0.9634765386581421,0.13419402,0.9433962264150944,0.1276595744680851,0.1276595744680851
Uformer + PathologyLoss,BraTS2021_00009,26.528614,0.9628426432609558,0.13738295,0.8604206500956023,0.0,0.0
Uformer + PathologyLoss,BraTS2021_00009,26.632776,0.9646762609481812,0.1383831,0.746268656716418,nan,nan
Uformer + PathologyLoss,BraTS2021_00009,26.466654,0.9654821753501892,0.14097248,0.8305084745762712,nan,nan
Uformer + PathologyLoss,BraTS2021_00014,31.152172,0.9808383584022522,0.16554207,0.0,nan,nan
Uformer + PathologyLoss,BraTS2021_00014,30.923765,0.9821361303329468,0.15668464,0.019704433497536946,nan,nan
Uformer + PathologyLoss,BraTS2021_00014,30.812122,0.9820410013198853,0.15449034,0.009009009009009009,nan,nan
Uformer + PathologyLoss,BraTS2021_00014,30.58543,0.9828827381134033,0.14857541,0.0,nan,nan
Uformer + PathologyLoss,BraTS2021_00014,30.615004,0.9832637310028076,0.14511684,0.0,nan,nan
Uformer + PathologyLoss,BraTS2021_00014,30.719093,0.9828181862831116,0.1439957,0.0,nan,nan
Uformer + PathologyLoss,BraTS2021_00014,30.28084,0.9826037883758545,0.14425085,0.008676789587852495,nan,nan
Uformer + PathologyLoss,BraTS2021_00014,30.384567,0.9827470183372498,0.14234778,0.321880650994575,nan,nan
Uformer + PathologyLoss,BraTS2021_00014,30.331419,0.9828625917434692,0.13962388,0.48148148148148145,0.0,0.0
Uformer + PathologyLoss,BraTS2021_00014,29.939175,0.9824469685554504,0.13987572,0.5824800910125142,0.0,0.0
Uformer + PathologyLoss,BraTS2021_00014,29.112858,0.9786451458930969,0.14884895,0.2744599745870394,0.0,0.0
Uformer + PathologyLoss,BraTS2021_00014,28.879044,0.9770739674568176,0.15009259,0.8185451638689049,0.0,0.0
Uformer + PathologyLoss,BraTS2021_00014,28.88237,0.9763441681861877,0.1437062,0.61792863359443,0.4888888888888889,0.4888888888888889
Uformer + PathologyLoss,BraTS2021_00014,28.661661,0.9747064709663391,0.14177564,0.841897233201581,0.8192771084337349,0.8192771084337349
Uformer + PathologyLoss,BraTS2021_00014,28.823982,0.9739237427711487,0.13659582,0.8448074679113186,0.39285714285714285,0.39285714285714285
Uformer + PathologyLoss,BraTS2021_00014,28.384258,0.9730775356292725,0.13424386,0.8700939745715865,0.7252747252747253,0.7252747252747253
Uformer + PathologyLoss,BraTS2021_00014,28.539665,0.9711641073226929,0.13219129,0.8598827916888652,0.19047619047619047,0.19047619047619047
Uformer + PathologyLoss,BraTS2021_00014,28.628416,0.9694941639900208,0.12813538,0.7661245092540662,0.0,0.0
Uformer + PathologyLoss,BraTS2021_00014,28.72983,0.9701991677284241,0.12261089,0.6709829311359623,0.3275862068965517,0.3275862068965517
Uformer + PathologyLoss,BraTS2021_00014,28.753336,0.9716712236404419,0.1173173,0.8006246746486205,0.5434782608695652,0.5434782608695652
Uformer + PathologyLoss,BraTS2021_00014,28.729506,0.9681543707847595,0.11821665,0.6152961472110409,0.5586206896551724,0.5536332179930796
Uformer + PathologyLoss,BraTS2021_00014,28.779871,0.9712570309638977,0.11258593,0.8721872187218722,0.5093632958801498,0.5037593984962406
Uformer + PathologyLoss,BraTS2021_00014,28.999275,0.9691246151924133,0.11330141,0.821203953279425,0.6884057971014492,0.6884057971014492
Uformer + PathologyLoss,BraTS2021_00014,28.856068,0.9668742418289185,0.111742504,0.6186528497409326,0.6743295019157088,0.6743295019157088
Uformer + PathologyLoss,BraTS2021_00014,29.31792,0.9695577025413513,0.10526619,0.5714285714285714,0.6470588235294118,0.6470588235294118
Uformer + PathologyLoss,BraTS2021_00014,29.260347,0.9657142162322998,0.10696813,0.4928856004553216,0.6425339366515838,0.6425339366515838
Uformer + PathologyLoss,BraTS2021_00014,29.4236,0.9685149788856506,0.10324016,0.5613079019073569,0.7630522088353414,0.7630522088353414
Uformer + PathologyLoss,BraTS2021_00014,29.37503,0.9695714116096497,0.10121523,0.5867944621938233,0.5666666666666667,0.5666666666666667
Uformer + PathologyLoss,BraTS2021_00014,29.715199,0.9675962924957275,0.101034194,0.3967861557478368,0.0,0.0
Uformer + PathologyLoss,BraTS2021_00014,29.683174,0.9704613089561462,0.097680494,0.39878048780487807,0.0,0.0
Uformer + PathologyLoss,BraTS2021_00014,29.575825,0.9681490063667297,0.10059068,0.6719524281466799,0.8571428571428571,0.8571428571428571
Uformer + PathologyLoss,BraTS2021_00014,29.359915,0.9695376753807068,0.09981843,0.6226993865030674,0.0,0.0
Uformer + PathologyLoss,BraTS2021_00014,29.39021,0.97173672914505,0.097917125,0.646,0.0,0.0
Uformer + PathologyLoss,BraTS2021_00014,29.62157,0.9742885828018188,0.09604171,0.7271853986551393,nan,nan
Uformer + PathologyLoss,BraTS2021_00014,29.599888,0.9737491607666016,0.09734058,0.8408986703347089,0.0,0.0
Uformer + PathologyLoss,BraTS2021_00014,29.404686,0.9733545780181885,0.09801485,0.6111786148238153,nan,nan
Uformer + PathologyLoss,BraTS2021_00014,29.60408,0.9712251424789429,0.10108007,0.6841721371261853,nan,nan
Uformer + PathologyLoss,BraTS2021_00014,29.546917,0.9742908477783203,0.09657309,0.6998341625207297,nan,nan
Uformer + PathologyLoss,BraTS2021_00014,29.564186,0.9745948314666748,0.09866296,0.796875,nan,nan
Uformer + PathologyLoss,BraTS2021_00014,29.760435,0.9783692359924316,0.09371114,0.7751196172248804,nan,nan
Uformer + PathologyLoss,BraTS2021_00014,29.794659,0.9784294962882996,0.0930279,0.2982456140350877,nan,nan
Uformer + PathologyLoss,BraTS2021_00014,29.839897,0.978298544883728,0.09192473,0.4024024024024024,nan,nan
Uformer + PathologyLoss,BraTS2021_00014,30.08404,0.9783801436424255,0.09241774,0.2396694214876033,nan,nan
Uformer + PathologyLoss,BraTS2021_00018,30.495665,0.9754951596260071,0.09650502,0.5603644646924829,nan,nan
Uformer + PathologyLoss,BraTS2021_00018,30.894455,0.9766404032707214,0.094877474,0.8278965129358831,nan,nan
Uformer + PathologyLoss,BraTS2021_00018,30.907183,0.9783405661582947,0.09068183,0.8784749801429707,0.0,0.0
Uformer + PathologyLoss,BraTS2021_00018,30.690891,0.97861248254776,0.09106405,0.8988895382817066,0.02631578947368421,0.02631578947368421
Uformer + PathologyLoss,BraTS2021_00018,30.813683,0.9785411357879639,0.09147042,0.8763828763828764,0.0,0.0
Uformer + PathologyLoss,BraTS2021_00018,30.750862,0.9819369912147522,0.0859974,0.9420575482853765,0.0,0.0
Uformer + PathologyLoss,BraTS2021_00018,31.253971,0.9845110774040222,0.081549935,0.9140845070422535,0.0,0.0
Uformer + PathologyLoss,BraTS2021_00018,31.602839,0.9849063158035278,0.079206474,0.9408212560386473,0.0,0.0
Uformer + PathologyLoss,BraTS2021_00018,31.594694,0.987040638923645,0.07563614,0.9614740368509213,0.0,0.0
Uformer + PathologyLoss,BraTS2021_00018,31.347029,0.9867676496505737,0.07698426,0.937328202308961,0.0,0.0
Uformer + PathologyLoss,BraTS2021_00018,31.391333,0.9875982999801636,0.07590246,0.9116181484395489,0.0,0.0
Uformer + PathologyLoss,BraTS2021_00018,31.285875,0.9872943162918091,0.07610352,0.9214354995150339,0.0,0.0
Uformer + PathologyLoss,BraTS2021_00018,31.20143,0.9875699281692505,0.075579196,0.9317413831944131,0.162109375,0.17436974789915966
Uformer + PathologyLoss,BraTS2021_00018,31.009403,0.9888285994529724,0.0742632,0.9538977367979883,0.32057105775470474,0.36444444444444446
Uformer + PathologyLoss,BraTS2021_00018,30.86811,0.988097608089447,0.07720592,0.9356170037144036,0.4199772985244041,0.4805194805194805
Uformer + PathologyLoss,BraTS2021_00018,31.056444,0.9881488680839539,0.07690136,0.9276008923139323,0.5035360678925035,0.5407368967306694
Uformer + PathologyLoss,BraTS2021_00018,31.079826,0.9883560538291931,0.07648441,0.937888198757764,0.6777901371894698,0.6480908152734778
Uformer + PathologyLoss,BraTS2021_00018,31.09932,0.9881415367126465,0.077405415,0.9459357277882797,0.7743362831858407,0.6017699115044248
Uformer + PathologyLoss,BraTS2021_00018,31.016844,0.9890260696411133,0.07565614,0.9409312022237665,0.824764468371467,0.5525846702317291
Uformer + PathologyLoss,BraTS2021_00018,31.025038,0.9898095726966858,0.0732121,0.89000976244712,0.7814726840855107,0.4885333333333333
Uformer + PathologyLoss,BraTS2021_00018,31.103085,0.9895302653312683,0.07391374,0.9375941107579053,0.8673248254274019,0.51698670605613
Uformer + PathologyLoss,BraTS2021_00018,31.04303,0.9894500970840454,0.073437825,0.9239113590578025,0.8690579083837511,0.5134751773049645
Uformer + PathologyLoss,BraTS2021_00018,30.833813,0.9884011149406433,0.07613079,0.911819306930693,0.828322440087146,0.546875
Uformer + PathologyLoss,BraTS2021_00018,30.700222,0.988496720790863,0.07547149,0.9258343634116193,0.8047310868109797,0.5125448028673835
Uformer + PathologyLoss,BraTS2021_00018,30.87657,0.9877929091453552,0.07750163,0.9381459200987198,0.8207295373665481,0.5289017341040463
Uformer + PathologyLoss,BraTS2021_00018,30.772049,0.9876313209533691,0.07795176,0.9424531404143374,0.8183984747378455,0.4676524953789279
Uformer + PathologyLoss,BraTS2021_00018,30.73774,0.9871127009391785,0.07750096,0.9555064689176397,0.8653355989804588,0.5008591065292096
Uformer + PathologyLoss,BraTS2021_00018,30.908401,0.9864266514778137,0.07721146,0.9720526823000322,0.9091301532484352,0.5632618747372846
Uformer + PathologyLoss,BraTS2021_00018,31.005806,0.9862053394317627,0.07809869,0.9192124915139172,0.6884905170174072,0.5252252252252252
Uformer + PathologyLoss,BraTS2021_00018,31.3647,0.9851044416427612,0.077896155,0.9465648854961832,0.907258064516129,0.6722830665543387
Uformer + PathologyLoss,BraTS2021_00018,31.111832,0.9859731793403625,0.07553099,0.94745677354373,0.7629853756933939,0.5665158371040724
Uformer + PathologyLoss,BraTS2021_00018,31.192291,0.9839951395988464,0.07804243,0.9796582587469488,0.8949933540097474,0.5669781931464174
Uformer + PathologyLoss,BraTS2021_00018,31.199953,0.9846235513687134,0.07663734,0.9805131536213056,0.9194573972022043,0.5570342205323194
Uformer + PathologyLoss,BraTS2021_00018,31.33048,0.9857457280158997,0.07501419,0.9590449345050572,0.8815585565640912,0.561025641025641
Uformer + PathologyLoss,BraTS2021_00018,31.315369,0.9846213459968567,0.0775559,0.9465034378668455,0.7567703109327983,0.5396641574985525
Uformer + PathologyLoss,BraTS2021_00018,31.076591,0.984203040599823,0.07682008,0.96558537790219,0.8355247981545559,0.575197889182058
Uformer + PathologyLoss,BraTS2021_00018,31.47724,0.9862849116325378,0.07370705,0.9819011902820806,0.8719346049046321,0.6100307062436029
Uformer + PathologyLoss,BraTS2021_00018,31.554472,0.9858933091163635,0.0741685,0.9766052762568442,0.7564005069708492,0.6293913904007917
Uformer + PathologyLoss,BraTS2021_00018,31.276363,0.9854573607444763,0.07530021,0.9654237288135593,0.8731132075471698,0.6915887850467289
Uformer + PathologyLoss,BraTS2021_00018,31.417984,0.9850249290466309,0.07689339,0.9626088441181492,0.9026672905942911,0.6542787286063569
Uformer + PathologyLoss,BraTS2021_00018,31.271626,0.9855744242668152,0.0769273,0.9547756242360748,0.8786631145555824,0.6237623762376238
Uformer + PathologyLoss,BraTS2021_00018,31.079197,0.9830575585365295,0.0808908,0.9546891464699684,0.865686274509804,0.5444126074498568
Uformer + PathologyLoss,BraTS2021_00018,30.665699,0.9832484126091003,0.08209135,0.9616268788682582,0.8892208115509086,0.6166822867853796
Uformer + PathologyLoss,BraTS2021_00018,30.636307,0.9813164472579956,0.08562262,0.948220064724919,0.9095620627105467,0.6780321480759863
Uformer + PathologyLoss,BraTS2021_00018,30.39253,0.9801365733146667,0.08851746,0.9607097591888466,0.8925708177445216,0.6552706552706553
Uformer + PathologyLoss,BraTS2021_00018,30.573471,0.9816020131111145,0.08701562,0.9543301118059504,0.7746254383168633,0.5610526315789474
Uformer + PathologyLoss,BraTS2021_00018,30.57009,0.9806791543960571,0.089875266,0.9471210340775558,0.8077695914266577,0.6042780748663101
Uformer + PathologyLoss,BraTS2021_00018,30.572958,0.9817792177200317,0.0900553,0.9424083769633508,0.6536624203821656,0.4114957544088831
Uformer + PathologyLoss,BraTS2021_00018,30.498571,0.9821587800979614,0.09011309,0.9138184105682533,0.6959737058340181,0.46403110823071936
Uformer + PathologyLoss,BraTS2021_00018,30.227428,0.9811862111091614,0.09382456,0.88268156424581,0.6638217164532954,0.36468646864686466
Uformer + PathologyLoss,BraTS2021_00018,30.282804,0.9803727269172668,0.0977437,0.8808716707021792,0.7493893502686859,0.5389221556886228
Uformer + PathologyLoss,BraTS2021_00018,29.933334,0.9797554016113281,0.101799674,0.8611184037805198,0.47455386649041637,0.373015873015873
Uformer + PathologyLoss,BraTS2021_00018,30.012672,0.9801555871963501,0.102426715,0.8144591923185541,0.27543035993740217,0.3023983315954119
Uformer + PathologyLoss,BraTS2021_00018,29.975279,0.9799033403396606,0.10529653,0.856,0.43676355066771405,0.38095238095238093
Uformer + PathologyLoss,BraTS2021_00018,30.027426,0.978693425655365,0.10848661,0.7919276270006959,0.47658175842235007,0.45670995670995673
Uformer + PathologyLoss,BraTS2021_00018,29.802544,0.9792192578315735,0.11096995,0.781203007518797,0.325,0.37354988399071926
Uformer + PathologyLoss,BraTS2021_00018,30.057976,0.9803545475006104,0.11023471,0.722569879015436,0.2097902097902098,0.22162162162162163
Uformer + PathologyLoss,BraTS2021_00018,30.295973,0.9809704422950745,0.112002805,0.7732142857142857,0.46365914786967416,0.4776902887139108
Uformer + PathologyLoss,BraTS2021_00018,30.04421,0.9821063280105591,0.1117135,0.7980972515856237,0.45517241379310347,0.45517241379310347
Uformer + PathologyLoss,BraTS2021_00018,29.887886,0.981047511100769,0.118571565,0.7822784810126582,0.5698324022346368,0.5698324022346368
Uformer + PathologyLoss,BraTS2021_00018,30.051945,0.9809433817863464,0.12055587,0.744890234670704,0.0,0.0
Uformer + PathologyLoss,BraTS2021_00018,30.056976,0.9816832542419434,0.1216291,0.7803521779425394,nan,nan
Uformer + PathologyLoss,BraTS2021_00018,30.161392,0.9807578921318054,0.12743974,0.7419847328244275,nan,nan
Uformer + PathologyLoss,BraTS2021_00018,30.14652,0.9806193709373474,0.13240843,0.7519181585677749,nan,nan
Uformer + PathologyLoss,BraTS2021_00019,31.954254,0.9794296622276306,0.115620255,0.2734375,nan,nan
Uformer + PathologyLoss,BraTS2021_00019,31.657166,0.9786544442176819,0.117649026,0.3008849557522124,nan,nan
Uformer + PathologyLoss,BraTS2021_00019,31.568634,0.9765133261680603,0.121346585,0.7137014314928425,nan,nan
Uformer + PathologyLoss,BraTS2021_00019,31.466732,0.9771491885185242,0.119385004,0.7003367003367004,nan,nan
Uformer + PathologyLoss,BraTS2021_00019,31.596498,0.9766020774841309,0.11859644,0.8453463960811757,nan,nan
Uformer + PathologyLoss,BraTS2021_00019,31.503136,0.9772707223892212,0.11688506,0.8873677660236465,nan,nan
Uformer + PathologyLoss,BraTS2021_00019,31.21895,0.9762910008430481,0.11751696,0.9122626988199076,nan,nan
Uformer + PathologyLoss,BraTS2021_00019,31.32766,0.9741178750991821,0.119294144,0.9044401544401545,nan,nan
Uformer + PathologyLoss,BraTS2021_00019,30.886438,0.9698028564453125,0.12409568,0.8797023563455973,0.6588235294117647,0.6588235294117647
Uformer + PathologyLoss,BraTS2021_00019,30.999231,0.9707577228546143,0.1175268,0.9138920780711826,0.7978723404255319,0.7978723404255319
Uformer + PathologyLoss,BraTS2021_00019,31.329777,0.9754554033279419,0.11013338,0.9169340463458111,0.8760806916426513,0.8529411764705882
Uformer + PathologyLoss,BraTS2021_00019,31.63308,0.978542149066925,0.10311995,0.9101123595505618,0.8023952095808383,0.7593220338983051
Uformer + PathologyLoss,BraTS2021_00019,31.270714,0.9777204990386963,0.10530967,0.9191542288557214,0.7282913165266106,0.7986798679867987
Uformer + PathologyLoss,BraTS2021_00019,31.517727,0.978787899017334,0.10262658,0.9121361889071938,0.5421052631578948,0.6097560975609756
Uformer + PathologyLoss,BraTS2021_00019,31.538074,0.976325273513794,0.1024304,0.8521262002743484,0.7203513909224012,0.6568144499178982
Uformer + PathologyLoss,BraTS2021_00019,31.38479,0.9761136770248413,0.10271265,0.9187890437289764,0.7034120734908137,0.6292834890965732
Uformer + PathologyLoss,BraTS2021_00019,31.717989,0.9794468283653259,0.09646144,0.9158157476741547,0.7090663058186739,0.717434869739479
Uformer + PathologyLoss,BraTS2021_00019,31.539867,0.9781432747840881,0.097939365,0.9201440372802372,0.7299893276414088,0.6848484848484848
Uformer + PathologyLoss,BraTS2021_00019,31.716726,0.9799184799194336,0.09391283,0.9049594941711124,0.6327044025157232,0.6254019292604501
Uformer + PathologyLoss,BraTS2021_00019,31.654747,0.9810356497764587,0.091664754,0.9079435783221975,0.7197062423500612,0.7326880119136262
Uformer + PathologyLoss,BraTS2021_00019,32.307247,0.9837422370910645,0.08486801,0.913151364764268,0.7927710843373494,0.8140077821011673
Uformer + PathologyLoss,BraTS2021_00019,32.176716,0.9844249486923218,0.08508722,0.925419089976052,0.8492462311557789,0.8223350253807107
Uformer + PathologyLoss,BraTS2021_00019,32.33799,0.9858140349388123,0.08095618,0.927869962749746,0.8644646924829157,0.8701472556894244
Uformer + PathologyLoss,BraTS2021_00019,32.397915,0.987247109413147,0.07952317,0.9451645064805583,0.8551724137931035,0.8600964851826327
Uformer + PathologyLoss,BraTS2021_00019,32.73346,0.9857866764068604,0.07981058,0.9332445480273015,0.8873483535528596,0.8561452513966481
Uformer + PathologyLoss,BraTS2021_00019,32.60777,0.985580325126648,0.079694405,0.9327490308444295,0.9134860050890585,0.8793103448275862
Uformer + PathologyLoss,BraTS2021_00019,32.75216,0.9882974624633789,0.075840145,0.9493775933609958,0.8637532133676092,0.8450491307634165
Uformer + PathologyLoss,BraTS2021_00019,32.75001,0.9878358244895935,0.07474042,0.9327534292405487,0.8413696715583509,0.8331963845521775
Uformer + PathologyLoss,BraTS2021_00019,33.18074,0.9859573841094971,0.075901106,0.9108740536820371,0.8613861386138614,0.8288288288288288
Uformer + PathologyLoss,BraTS2021_00019,33.302784,0.9862996935844421,0.07466225,0.9256900212314225,0.8202866593164277,0.8073170731707318
Uformer + PathologyLoss,BraTS2021_00019,33.266895,0.9888034462928772,0.07187115,0.907205982324949,0.48031496062992124,0.4897119341563786
Uformer + PathologyLoss,BraTS2021_00019,33.452168,0.986526608467102,0.076085456,0.9197530864197531,0.7907949790794979,0.7702127659574468
Uformer + PathologyLoss,BraTS2021_00019,33.161877,0.9874260425567627,0.07555452,0.9452718464022968,0.5885416666666666,0.5929919137466307
Uformer + PathologyLoss,BraTS2021_00019,32.97532,0.9860738515853882,0.07699156,0.9378720238095238,0.3076923076923077,0.32286995515695066
Uformer + PathologyLoss,BraTS2021_00019,33.35003,0.9865136742591858,0.07547786,0.9377181701267683,0.7657142857142857,0.8089171974522293
Uformer + PathologyLoss,BraTS2021_00019,33.306515,0.9877299070358276,0.0730349,0.9221137911986743,0.8621908127208481,0.8581560283687943
Uformer + PathologyLoss,BraTS2021_00019,33.344093,0.9882158637046814,0.07243272,0.8881331662788616,0.7247706422018348,0.7247706422018348
Uformer + PathologyLoss,BraTS2021_00019,33.305794,0.9859270453453064,0.076166816,0.8937339684866251,0.7215189873417721,0.7215189873417721
Uformer + PathologyLoss,BraTS2021_00019,33.140232,0.987206220626831,0.07399724,0.868106440416506,0.5964912280701754,0.5964912280701754
Uformer + PathologyLoss,BraTS2021_00019,33.420128,0.9864388108253479,0.07428107,0.8907185628742516,0.0,0.0
Uformer + PathologyLoss,BraTS2021_00019,33.30327,0.9872081279754639,0.072887026,0.8714613618974751,nan,nan
Uformer + PathologyLoss,BraTS2021_00019,33.37013,0.9862139821052551,0.07407793,0.8591214879303521,nan,nan
Uformer + PathologyLoss,BraTS2021_00019,33.358112,0.9856841564178467,0.07493641,0.8599052132701421,nan,nan
Uformer + PathologyLoss,BraTS2021_00019,33.39908,0.9865413308143616,0.07319736,0.8383473726434015,nan,nan
Uformer + PathologyLoss,BraTS2021_00019,33.01556,0.9870622158050537,0.073657654,0.8661761781666335,nan,nan
Uformer + PathologyLoss,BraTS2021_00019,33.313557,0.9873744249343872,0.07279905,0.8101491208546628,nan,nan
Uformer + PathologyLoss,BraTS2021_00019,33.395016,0.9862058162689209,0.07385439,0.823608316566063,nan,nan
Uformer + PathologyLoss,BraTS2021_00019,33.53628,0.9880874156951904,0.0708557,0.8290019654946494,nan,nan
Uformer + PathologyLoss,BraTS2021_00019,33.82015,0.9862651228904724,0.07328129,0.7674362089914946,nan,nan
Uformer + PathologyLoss,BraTS2021_00019,33.8331,0.9877063035964966,0.070192516,0.7728882144663631,nan,nan
Uformer + PathologyLoss,BraTS2021_00019,33.88507,0.9866297841072083,0.070726454,0.7690281801422175,nan,nan
Uformer + PathologyLoss,BraTS2021_00019,34.06181,0.9875601530075073,0.07025606,0.7960396039603961,nan,nan
Uformer + PathologyLoss,BraTS2021_00019,34.308796,0.9869174361228943,0.06809266,0.8182057353328072,nan,nan
Uformer + PathologyLoss,BraTS2021_00019,34.29586,0.9858933687210083,0.06870101,0.7405632115038946,nan,nan
Uformer + PathologyLoss,BraTS2021_00019,34.490093,0.984548807144165,0.070426516,0.7734873821830344,nan,nan
Uformer + PathologyLoss,BraTS2021_00019,34.46539,0.9845995306968689,0.069741465,0.7966260543580131,nan,nan
Uformer + PathologyLoss,BraTS2021_00019,34.63347,0.9852651953697205,0.069012694,0.7909371781668383,nan,nan
Uformer + PathologyLoss,BraTS2021_00019,34.72714,0.9855059385299683,0.06762112,0.7298028604561267,nan,nan
Uformer + PathologyLoss,BraTS2021_00019,34.97126,0.985834002494812,0.066573665,0.6731418918918919,nan,nan
Uformer + PathologyLoss,BraTS2021_00019,35.012833,0.9843887686729431,0.06776073,0.7064382752510336,nan,nan
Uformer + PathologyLoss,BraTS2021_00019,34.961327,0.9848939776420593,0.068104655,0.6421267893660532,nan,nan
Uformer + PathologyLoss,BraTS2021_00019,34.724747,0.9822441935539246,0.06947989,0.65,nan,nan
Uformer + PathologyLoss,BraTS2021_00019,34.618378,0.9824100732803345,0.07153364,0.5,nan,nan
Uformer + PathologyLoss,BraTS2021_00019,34.56252,0.9805487394332886,0.07251323,0.4206008583690987,nan,nan
Uformer + PathologyLoss,BraTS2021_00019,34.496788,0.9836959838867188,0.073018946,0.39285714285714285,nan,nan
Uformer + PathologyLoss,BraTS2021_00019,34.331085,0.9807222485542297,0.074089766,0.6502242152466368,nan,nan
Uformer + PathologyLoss,BraTS2021_00019,34.53837,0.9819492101669312,0.07273759,0.4573643410852713,nan,nan
Uformer + PathologyLoss,BraTS2021_00022,29.661594,0.9725978970527649,0.12795715,0.0,0.0,0.0
Uformer + PathologyLoss,BraTS2021_00022,29.354258,0.9698464870452881,0.13335957,0.18181818181818182,0.24,0.2608695652173913
Uformer + PathologyLoss,BraTS2021_00022,28.6347,0.9616019129753113,0.14146432,0.4731182795698925,0.6779661016949152,0.631578947368421
Uformer + PathologyLoss,BraTS2021_00022,27.94566,0.9514838457107544,0.14759532,0.0,0.0,0.0
Uformer + PathologyLoss,BraTS2021_00022,28.316563,0.9506401419639587,0.1411831,0.0,0.0,0.0
Uformer + PathologyLoss,BraTS2021_00022,28.545837,0.9508266448974609,0.13434227,0.45132743362831856,0.0,0.0
Uformer + PathologyLoss,BraTS2021_00022,28.553371,0.9504963755607605,0.1321697,0.5738831615120275,0.0,0.0
Uformer + PathologyLoss,BraTS2021_00022,28.993595,0.9544815421104431,0.12420105,0.5457227138643068,0.0,0.0
Uformer + PathologyLoss,BraTS2021_00022,29.07181,0.9543231725692749,0.12411184,0.35944700460829493,0.0,0.0
Uformer + PathologyLoss,BraTS2021_00022,29.154083,0.9564716219902039,0.12050302,0.7631851085832472,0.6512261580381471,0.5261121856866537
Uformer + PathologyLoss,BraTS2021_00022,29.2929,0.9572660326957703,0.11799796,0.8172817281728173,0.8047808764940239,0.6852122986822841
Uformer + PathologyLoss,BraTS2021_00022,29.579136,0.957980215549469,0.11657173,0.834592779177162,0.8351254480286738,0.6991869918699187
Uformer + PathologyLoss,BraTS2021_00022,29.639986,0.9595242142677307,0.11466729,0.868071818891491,0.8583617747440273,0.7486033519553073
Uformer + PathologyLoss,BraTS2021_00022,29.867172,0.9612305760383606,0.1117273,0.8731563421828908,0.8531810766721044,0.7104895104895105
Uformer + PathologyLoss,BraTS2021_00022,29.456251,0.9612975120544434,0.1128075,0.8551236749116607,0.7980997624703088,0.6294706723891274
Uformer + PathologyLoss,BraTS2021_00022,29.577282,0.9623180627822876,0.110364154,0.8609096901779829,0.8017241379310345,0.6151930261519303
Uformer + PathologyLoss,BraTS2021_00022,29.895138,0.9633592367172241,0.10722483,0.8516377649325626,0.7559739319333816,0.6121919584954605
Uformer + PathologyLoss,BraTS2021_00022,29.58166,0.9625990390777588,0.10924881,0.8736717827626919,0.7820254862508383,0.703016241299304
Uformer + PathologyLoss,BraTS2021_00022,29.525652,0.961340069770813,0.110127695,0.9202185792349726,0.9190101237345332,0.8158148505303761
Uformer + PathologyLoss,BraTS2021_00022,29.604801,0.9607518911361694,0.11021147,0.8837696335078534,0.7604103802051901,0.6795131845841785
Uformer + PathologyLoss,BraTS2021_00022,29.486053,0.9606506824493408,0.110104226,0.8855421686746988,0.8002270147559591,0.7154620311070449
Uformer + PathologyLoss,BraTS2021_00022,29.40701,0.9632956385612488,0.107115746,0.8915547024952015,0.8933400100150225,0.7755102040816326
Uformer + PathologyLoss,BraTS2021_00022,29.330154,0.9631298184394836,0.109810084,0.8663813599619591,0.6864988558352403,0.6634146341463415
Uformer + PathologyLoss,BraTS2021_00022,29.491707,0.9642735123634338,0.10807005,0.865518845974872,0.8599033816425121,0.740072202166065
Uformer + PathologyLoss,BraTS2021_00022,29.59118,0.9669456481933594,0.10516781,0.9091699261190787,0.905592841163311,0.7916666666666666
Uformer + PathologyLoss,BraTS2021_00022,29.72778,0.9683557152748108,0.10139349,0.9121160409556314,0.8464037122969837,0.7414721723518851
Uformer + PathologyLoss,BraTS2021_00022,29.64101,0.9688078165054321,0.10237494,0.9057394218684541,0.8239080459770115,0.6879699248120301
Uformer + PathologyLoss,BraTS2021_00022,29.682644,0.967680811882019,0.102494664,0.9318541996830428,0.8271549799017418,0.7643097643097643
Uformer + PathologyLoss,BraTS2021_00022,29.983494,0.970673143863678,0.098832734,0.9151888974556669,0.8336970755128764,0.7384356602186711
Uformer + PathologyLoss,BraTS2021_00022,29.62713,0.9720599055290222,0.098134555,0.9255357791500182,0.8888888888888888,0.7332242225859247
Uformer + PathologyLoss,BraTS2021_00022,29.96249,0.9742940068244934,0.09384491,0.9411357340720221,0.8770685579196218,0.7532656023222061
Uformer + PathologyLoss,BraTS2021_00022,30.22317,0.9763320088386536,0.09140209,0.9391480730223124,0.855151045701007,0.7571523619427811
Uformer + PathologyLoss,BraTS2021_00022,30.18935,0.9772256016731262,0.09035165,0.9249832551908909,0.7925278219395866,0.6823371390194761
Uformer + PathologyLoss,BraTS2021_00022,30.457256,0.9783579111099243,0.08960236,0.9278955954323002,0.44532409698169223,0.5808671713695802
Uformer + PathologyLoss,BraTS2021_00022,30.585651,0.9790852665901184,0.08624555,0.9012143091565474,0.2633567188343227,0.3468917881811205
Uformer + PathologyLoss,BraTS2021_00022,30.51316,0.9767376184463501,0.08920171,0.8636065573770492,0.7178683385579937,0.5846153846153846
Uformer + PathologyLoss,BraTS2021_00022,30.747698,0.9773463010787964,0.0873173,0.8011928429423459,0.28808290155440414,0.34106412005457026
Uformer + PathologyLoss,BraTS2021_00022,30.631687,0.9759392738342285,0.08786814,0.9373031777841397,0.848780487804878,0.779064381658175
Uformer + PathologyLoss,BraTS2021_00022,30.536186,0.9741281867027283,0.08702086,0.9169530355097365,0.8696835658387206,0.7580716497125166
Uformer + PathologyLoss,BraTS2021_00022,30.606413,0.9744704365730286,0.08664889,0.9029293509477312,0.400390625,0.4327798607391537
Uformer + PathologyLoss,BraTS2021_00022,30.706606,0.9698944091796875,0.08772253,0.932925132201503,0.5816876122082585,0.5833711949114039
Uformer + PathologyLoss,BraTS2021_00022,30.915321,0.9644228219985962,0.089535244,0.935029029582527,0.7828843106180665,0.7756078118772419
Uformer + PathologyLoss,BraTS2021_00022,30.804758,0.9632381796836853,0.089919224,0.8691931540342298,0.5828092243186582,0.5776135163674763
Uformer + PathologyLoss,BraTS2021_00022,30.94622,0.9629647135734558,0.08827541,0.9190977443609023,0.8413860419716935,0.8342351205115592
Uformer + PathologyLoss,BraTS2021_00022,31.09378,0.9625762104988098,0.08934032,0.8977556109725686,0.873642081189251,0.8768414849734826
Uformer + PathologyLoss,BraTS2021_00022,30.448978,0.9615212082862854,0.092978165,0.8682678311499272,0.7550761421319797,0.784910655195235
Uformer + PathologyLoss,BraTS2021_00022,30.268723,0.9580280184745789,0.09645815,0.9113222486144101,0.8244147157190636,0.8244147157190636
Uformer + PathologyLoss,BraTS2021_00022,30.196674,0.9633582234382629,0.09583341,0.8985507246376812,0.8059701492537313,0.8059701492537313
Uformer + PathologyLoss,BraTS2021_00022,29.920963,0.9633269309997559,0.097076625,0.8847817538340542,0.8786764705882353,0.8766114180478821
Uformer + PathologyLoss,BraTS2021_00022,29.769932,0.9617894887924194,0.10174584,0.8963106796116505,0.8603465851172273,0.8342022940563086
Uformer + PathologyLoss,BraTS2021_00022,30.01404,0.9653475880622864,0.097257376,0.8596491228070176,0.4688427299703264,0.4688427299703264
Uformer + PathologyLoss,BraTS2021_00022,29.881836,0.9636549353599548,0.09897324,0.9074145217057241,0.5224111282843895,0.5201238390092879
Uformer + PathologyLoss,BraTS2021_00022,29.671076,0.9610637426376343,0.10122415,0.8991425071457738,0.7492957746478873,0.7492957746478873
Uformer + PathologyLoss,BraTS2021_00022,29.414503,0.9615594744682312,0.10457829,0.9388592531801395,0.5171790235081374,0.5171790235081374
Uformer + PathologyLoss,BraTS2021_00022,29.388016,0.9611303210258484,0.10667682,0.9496157130657558,0.8094488188976378,0.8094488188976378
Uformer + PathologyLoss,BraTS2021_00022,28.94799,0.962365984916687,0.1102683,0.9188963210702341,0.7781350482315113,0.7895595432300163
Uformer + PathologyLoss,BraTS2021_00022,29.000603,0.9649706482887268,0.11030819,0.9613259668508287,0.8801652892561983,0.8838174273858921
Uformer + PathologyLoss,BraTS2021_00022,28.72704,0.9594831466674805,0.115701765,0.9519230769230769,0.8816705336426914,0.8816705336426914
Uformer + PathologyLoss,BraTS2021_00022,28.55296,0.9645481109619141,0.11598672,0.9481253210066769,0.8217054263565892,0.8217054263565892
Uformer + PathologyLoss,BraTS2021_00022,28.60873,0.9647635817527771,0.117614985,0.9269406392694064,0.7577639751552795,0.7577639751552795
Uformer + PathologyLoss,BraTS2021_00022,28.73934,0.9668462872505188,0.11857241,0.9397590361445783,0.3076923076923077,0.3076923076923077
Uformer + PathologyLoss,BraTS2021_00022,28.033348,0.965782642364502,0.12416753,0.9285714285714286,nan,nan
Uformer + PathologyLoss,BraTS2021_00022,27.564941,0.9627571105957031,0.13254985,0.9296591733139956,nan,nan
Uformer + PathologyLoss,BraTS2021_00022,27.5171,0.965800404548645,0.1340093,0.9294478527607362,nan,nan
Uformer + PathologyLoss,BraTS2021_00022,27.43771,0.9670971632003784,0.13603513,0.9293257514216084,nan,nan
Uformer + PathologyLoss,BraTS2021_00022,27.320223,0.966610848903656,0.14203516,0.9167397020157756,nan,nan
Uformer + PathologyLoss,BraTS2021_00022,27.292553,0.9658581614494324,0.1494695,0.8111587982832618,nan,nan
Uformer + PathologyLoss,BraTS2021_00022,27.571222,0.9686831831932068,0.14973252,0.7526041666666666,nan,nan
Uformer + PathologyLoss,BraTS2021_00022,27.732374,0.9708176255226135,0.14939864,0.8116883116883117,nan,nan
Uformer + PathologyLoss,BraTS2021_00022,27.61758,0.9728686213493347,0.14979827,0.8770642201834863,nan,nan
Uformer + PathologyLoss,BraTS2021_00022,27.813063,0.9731610417366028,0.15502033,0.84688995215311,nan,nan
Uformer + PathologyLoss,BraTS2021_00022,27.466457,0.973395049571991,0.1600938,0.864,nan,nan
Uformer + PathologyLoss,BraTS2021_00022,27.809532,0.9766358733177185,0.15608108,0.7578947368421053,nan,nan
Uformer + PathologyLoss,BraTS2021_00022,27.560478,0.9750151634216309,0.16703035,0.641860465116279,nan,nan
Uformer + PathologyLoss,BraTS2021_00026,31.001322,0.9739004373550415,0.122738674,0.3954802259887006,0.813953488372093,0.813953488372093
Uformer + PathologyLoss,BraTS2021_00026,30.840782,0.9721431136131287,0.12580757,0.6416382252559727,0.79,0.79
Uformer + PathologyLoss,BraTS2021_00026,30.816448,0.970443606376648,0.12664314,0.6359447004608295,0.7329192546583851,0.7329192546583851
Uformer + PathologyLoss,BraTS2021_00026,30.477201,0.9672991633415222,0.13150707,0.410958904109589,0.5132275132275133,0.5053191489361702
Uformer + PathologyLoss,BraTS2021_00026,30.193596,0.9645081758499146,0.13227043,0.711051930758988,0.8235294117647058,0.8195615514333895
Uformer + PathologyLoss,BraTS2021_00026,29.740639,0.9533635973930359,0.13769914,0.6894031668696712,0.7935103244837758,0.7935103244837758
Uformer + PathologyLoss,BraTS2021_00026,29.802053,0.9499382972717285,0.1319285,0.7280606717226435,0.782051282051282,0.7741935483870968
Uformer + PathologyLoss,BraTS2021_00026,29.73872,0.9507312774658203,0.12710778,0.5900948366701791,0.5856950067476383,0.6138613861386139
Uformer + PathologyLoss,BraTS2021_00026,30.070889,0.9521908164024353,0.12257219,0.74375,0.8487155090390105,0.8351648351648352
Uformer + PathologyLoss,BraTS2021_00026,30.204071,0.9526019096374512,0.12102269,0.7083946980854198,0.7989276139410187,0.7919463087248322
Uformer + PathologyLoss,BraTS2021_00026,30.435856,0.9559588432312012,0.115023725,0.7669902912621359,0.7927927927927928,0.8037542662116041
Uformer + PathologyLoss,BraTS2021_00026,30.450535,0.956134557723999,0.11336498,0.7429305912596401,0.770479704797048,0.7738004569687738
Uformer + PathologyLoss,BraTS2021_00026,30.59433,0.9539718627929688,0.11352554,0.8279569892473119,0.8746139592340951,0.8812260536398467
Uformer + PathologyLoss,BraTS2021_00026,30.911316,0.9612182974815369,0.10831275,0.8690890990542558,0.9288061336254108,0.9050086355785838
Uformer + PathologyLoss,BraTS2021_00026,31.085972,0.961176872253418,0.10920275,0.8711897738446411,0.9151643690349947,0.89505830094392
Uformer + PathologyLoss,BraTS2021_00026,31.23341,0.9690423011779785,0.10156703,0.812984496124031,0.880300590445518,0.8585635359116022
Uformer + PathologyLoss,BraTS2021_00026,31.440521,0.9690454006195068,0.10126359,0.7783203125,0.8343423225096313,0.8185460789925587
Uformer + PathologyLoss,BraTS2021_00026,31.175692,0.969862163066864,0.101091795,0.9191603394372487,0.9265267175572519,0.9087158329035585
Uformer + PathologyLoss,BraTS2021_00026,31.325953,0.9704836010932922,0.100061096,0.9322779243623571,0.9354078264969354,0.9011776753712237
Uformer + PathologyLoss,BraTS2021_00026,31.057446,0.9733157753944397,0.0992297,0.8923076923076924,0.8950770760815515,0.8932461873638344
Uformer + PathologyLoss,BraTS2021_00026,31.06262,0.9712798595428467,0.10281292,0.704841228526809,0.6837920489296636,0.6961178045515395
Uformer + PathologyLoss,BraTS2021_00026,31.196293,0.9731020927429199,0.09963275,0.8326300984528833,0.8962839711591791,0.8648318042813455
Uformer + PathologyLoss,BraTS2021_00026,31.05377,0.9704403877258301,0.10263633,0.8315789473684211,0.9113636363636364,0.871571072319202
Uformer + PathologyLoss,BraTS2021_00026,31.106373,0.970398485660553,0.10307294,0.8300433317284545,0.9139847864248098,0.8642765685019206
Uformer + PathologyLoss,BraTS2021_00026,31.255426,0.9741221070289612,0.09905061,0.739513205592957,0.889763779527559,0.82319255547602
Uformer + PathologyLoss,BraTS2021_00026,31.19326,0.9753063321113586,0.09931202,0.7219193020719739,0.845540246555475,0.8047244094488188
Uformer + PathologyLoss,BraTS2021_00026,31.177898,0.9752064347267151,0.09807215,0.7149075081610446,0.8638073739653875,0.8496302382908792
Uformer + PathologyLoss,BraTS2021_00026,31.43543,0.9752760529518127,0.09797671,0.6308203991130821,0.7816291161178509,0.7988668555240793
Uformer + PathologyLoss,BraTS2021_00026,31.428507,0.9767382740974426,0.09682307,0.6080402010050251,0.7019230769230769,0.7363083164300203
Uformer + PathologyLoss,BraTS2021_00026,31.434055,0.97702956199646,0.09606095,0.5744234800838575,0.6693147964250248,0.6762886597938145
Uformer + PathologyLoss,BraTS2021_00026,31.337173,0.9762518405914307,0.09643129,0.49782923299565845,0.6758938869665513,0.6857142857142857
Uformer + PathologyLoss,BraTS2021_00026,31.329193,0.9743441939353943,0.099848635,0.5712109672505712,0.7867298578199052,0.7825030376670717
Uformer + PathologyLoss,BraTS2021_00026,31.454342,0.9760057330131531,0.09667544,0.5622489959839357,0.8354430379746836,0.8242894056847545
Uformer + PathologyLoss,BraTS2021_00026,31.2611,0.9766070246696472,0.09595818,0.6821608040201005,0.9003215434083601,0.88113413304253
Uformer + PathologyLoss,BraTS2021_00026,31.298023,0.9783166646957397,0.09441362,0.6494782074892572,0.8516542155816436,0.8395604395604396
Uformer + PathologyLoss,BraTS2021_00026,31.21152,0.9771053791046143,0.09597196,0.6983400114481969,0.9070422535211268,0.8850574712643678
Uformer + PathologyLoss,BraTS2021_00026,31.394989,0.9784752130508423,0.095405705,0.6509887760555852,0.8415398388540735,0.8630393996247655
Uformer + PathologyLoss,BraTS2021_00026,31.221615,0.9787434339523315,0.09423607,0.6734042553191489,0.859035004730369,0.8549471661863592
Uformer + PathologyLoss,BraTS2021_00026,31.10403,0.9790964126586914,0.09422921,0.6621900826446281,0.7920792079207921,0.8004052684903749
Uformer + PathologyLoss,BraTS2021_00026,31.368656,0.9793965816497803,0.09283253,0.6312684365781711,0.7443762781186094,0.7492130115424974
Uformer + PathologyLoss,BraTS2021_00026,31.463943,0.9812247157096863,0.09035534,0.6883545497406883,0.8065693430656934,0.8003731343283582
Uformer + PathologyLoss,BraTS2021_00026,31.636877,0.9823129177093506,0.089421,0.7568075117370892,0.8490028490028491,0.8540856031128404
Uformer + PathologyLoss,BraTS2021_00026,31.665909,0.9817032814025879,0.08974221,0.7794117647058824,0.8293153326904532,0.8449304174950298
Uformer + PathologyLoss,BraTS2021_00026,31.887865,0.9831913709640503,0.08745884,0.7806122448979592,0.8266384778012685,0.845225027442371
Uformer + PathologyLoss,BraTS2021_00026,32.13275,0.9843875169754028,0.085064776,0.7469752761704366,0.7697756788665879,0.8024691358024691
Uformer + PathologyLoss,BraTS2021_00026,32.275227,0.9842902421951294,0.084101155,0.7391983342009371,0.7776183644189383,0.794435857805255
Uformer + PathologyLoss,BraTS2021_00026,32.254177,0.9849667549133301,0.08266289,0.7329716696805304,0.7874306839186691,0.7446808510638298
Uformer + PathologyLoss,BraTS2021_00026,32.53013,0.985233724117279,0.08175564,0.6153846153846154,0.6379746835443038,0.6545454545454545
Uformer + PathologyLoss,BraTS2021_00026,32.475655,0.98516845703125,0.08060832,0.6184448462929476,0.8108108108108109,0.6855123674911661
Uformer + PathologyLoss,BraTS2021_00026,32.65778,0.9843547940254211,0.081266485,0.5054945054945055,0.5647058823529412,0.5875
Uformer + PathologyLoss,BraTS2021_00026,32.503166,0.982342541217804,0.08418912,0.2822085889570552,0.8235294117647058,0.8235294117647058
Uformer + PathologyLoss,BraTS2021_00026,32.76154,0.9826282262802124,0.081728876,0.0,0.0,0.0
Uformer + PathologyLoss,BraTS2021_00026,32.579758,0.9818031787872314,0.083062954,0.0,nan,nan
Uformer + PathologyLoss,BraTS2021_00033,33.242077,0.983967125415802,0.1434511,0.5247524752475248,nan,nan
Uformer + PathologyLoss,BraTS2021_00033,32.754856,0.9831334948539734,0.14301182,0.772020725388601,nan,nan
Uformer + PathologyLoss,BraTS2021_00033,32.350895,0.983531653881073,0.1385428,0.8006644518272426,nan,nan
Uformer + PathologyLoss,BraTS2021_00033,32.199547,0.9836375117301941,0.13604516,0.9277238403451996,nan,nan
Uformer + PathologyLoss,BraTS2021_00033,31.950935,0.9830732941627502,0.13585065,0.933953488372093,nan,nan
Uformer + PathologyLoss,BraTS2021_00033,32.01091,0.9846152663230896,0.12920108,0.9037037037037037,nan,nan
Uformer + PathologyLoss,BraTS2021_00033,31.739841,0.9852160811424255,0.1255409,0.8755490483162518,nan,nan
Uformer + PathologyLoss,BraTS2021_00033,31.460266,0.9850113987922668,0.12441717,0.9074708704592186,nan,nan
Uformer + PathologyLoss,BraTS2021_00033,31.26118,0.9833704829216003,0.12916946,0.8876190476190476,nan,nan
Uformer + PathologyLoss,BraTS2021_00033,31.641567,0.9844450950622559,0.12257132,0.8707395498392283,nan,nan
Uformer + PathologyLoss,BraTS2021_00033,31.431704,0.9842180013656616,0.12100204,0.9015421115065243,nan,nan
Uformer + PathologyLoss,BraTS2021_00033,31.19034,0.9827267527580261,0.123585515,0.9137055837563451,nan,nan
Uformer + PathologyLoss,BraTS2021_00033,30.476795,0.9817129969596863,0.12497679,0.9074626865671642,nan,nan
Uformer + PathologyLoss,BraTS2021_00033,30.47016,0.9801617860794067,0.12337967,0.9323017408123792,nan,nan
Uformer + PathologyLoss,BraTS2021_00033,30.690317,0.9798600077629089,0.11991829,0.9391143911439115,nan,nan
Uformer + PathologyLoss,BraTS2021_00033,30.93071,0.9832842946052551,0.11041709,0.923019151333083,nan,nan
Uformer + PathologyLoss,BraTS2021_00033,31.040977,0.9843398332595825,0.10549396,0.9528535980148883,0.0,0.0
Uformer + PathologyLoss,BraTS2021_00033,31.036804,0.9850202202796936,0.1032673,0.9650667424027265,0.0,0.0
Uformer + PathologyLoss,BraTS2021_00033,31.32126,0.9852094650268555,0.101421006,0.9679315873864244,0.0,0.0
Uformer + PathologyLoss,BraTS2021_00033,31.425226,0.9864165186882019,0.09756741,0.9730524252817246,nan,nan
Uformer + PathologyLoss,BraTS2021_00033,30.939302,0.9861825108528137,0.100361526,0.9788930581613509,nan,nan
Uformer + PathologyLoss,BraTS2021_00033,30.694239,0.9848276972770691,0.101594515,0.974558789823516,nan,nan
Uformer + PathologyLoss,BraTS2021_00033,30.363869,0.9818016290664673,0.104966715,0.9773653236758715,nan,nan
Uformer + PathologyLoss,BraTS2021_00033,30.739323,0.9844152331352234,0.09810243,0.9774271312732851,nan,nan
Uformer + PathologyLoss,BraTS2021_00033,30.796333,0.9839098453521729,0.095779724,0.9665030936633241,nan,nan
Uformer + PathologyLoss,BraTS2021_00033,30.968124,0.9843710660934448,0.09201346,0.9644481190574618,nan,nan
Uformer + PathologyLoss,BraTS2021_00033,31.257915,0.9861462116241455,0.08820931,0.9627860696517413,nan,nan
Uformer + PathologyLoss,BraTS2021_00033,31.44867,0.9844852089881897,0.08693429,0.9667838999609223,nan,nan
Uformer + PathologyLoss,BraTS2021_00033,31.265015,0.985633134841919,0.08710121,0.9748762847354396,nan,nan
Uformer + PathologyLoss,BraTS2021_00033,31.548084,0.9873257279396057,0.08280322,0.9752128666035951,nan,nan
Uformer + PathologyLoss,BraTS2021_00033,31.678057,0.9861699342727661,0.08259375,0.9655436447166922,0.0,0.0
Uformer + PathologyLoss,BraTS2021_00033,31.729427,0.9878917336463928,0.080106065,0.9670122525918945,0.0,0.0
Uformer + PathologyLoss,BraTS2021_00033,31.258163,0.9869242310523987,0.08149979,0.9695030120481928,0.0,0.0
Uformer + PathologyLoss,BraTS2021_00033,31.482212,0.987206757068634,0.08317761,0.9595141700404858,0.0,0.0
Uformer + PathologyLoss,BraTS2021_00033,31.746595,0.9871001839637756,0.08028519,0.9665264313151637,0.6358381502890174,0.6358381502890174
Uformer + PathologyLoss,BraTS2021_00033,31.797789,0.9894111156463623,0.07544212,0.9746247319513939,0.8306997742663657,0.8306997742663657
Uformer + PathologyLoss,BraTS2021_00033,32.006332,0.9884639382362366,0.077133924,0.9754472115047352,0.937381404174573,0.937381404174573
Uformer + PathologyLoss,BraTS2021_00033,31.996418,0.9903368353843689,0.07448856,0.9710942876806608,0.8206185567010309,0.8206185567010309
Uformer + PathologyLoss,BraTS2021_00033,32.493366,0.9897528290748596,0.07252008,0.9681159420289855,0.8300220750551877,0.8300220750551877
Uformer + PathologyLoss,BraTS2021_00033,32.150494,0.9896532297134399,0.07390224,0.9788092835519677,0.6808510638297872,0.6808510638297872
Uformer + PathologyLoss,BraTS2021_00033,31.990105,0.9906364679336548,0.0728487,0.9657454906503392,0.08653846153846154,0.08653846153846154
Uformer + PathologyLoss,BraTS2021_00033,31.961214,0.9906823635101318,0.073234834,0.968410496406485,0.19138755980861244,0.19138755980861244
Uformer + PathologyLoss,BraTS2021_00033,31.909863,0.9907653331756592,0.07265215,0.9727718586166074,0.0,0.0
Uformer + PathologyLoss,BraTS2021_00033,32.20978,0.9905955791473389,0.071847014,0.9691006387018816,0.2822085889570552,0.2948717948717949
Uformer + PathologyLoss,BraTS2021_00033,32.034386,0.9907594323158264,0.07313463,0.9566908255258971,0.0,0.0
Uformer + PathologyLoss,BraTS2021_00033,32.01729,0.9896141886711121,0.07386143,0.9649575802286979,0.03418803418803419,0.03418803418803419
Uformer + PathologyLoss,BraTS2021_00033,32.076942,0.989277720451355,0.07430973,0.9779356768885564,0.1,0.1
Uformer + PathologyLoss,BraTS2021_00033,32.14874,0.9898055791854858,0.07501948,0.9722064662507091,0.0,0.0
Uformer + PathologyLoss,BraTS2021_00033,31.927704,0.9898416996002197,0.073857635,0.9757494748902044,0.0,0.0
Uformer + PathologyLoss,BraTS2021_00033,32.14298,0.9899130463600159,0.072294,0.9759718695057629,0.0,0.0
Uformer + PathologyLoss,BraTS2021_00033,32.39486,0.9900071620941162,0.07166121,0.9560417898679282,0.017699115044247787,0.017699115044247787
Uformer + PathologyLoss,BraTS2021_00033,32.26277,0.9907992482185364,0.072048195,0.9181494661921709,0.0,0.0
Uformer + PathologyLoss,BraTS2021_00033,32.361298,0.9896851181983948,0.071839415,0.9103957350830428,0.0,0.0
Uformer + PathologyLoss,BraTS2021_00033,32.31542,0.9881020188331604,0.075472005,0.9089703932832524,0.0,0.0
Uformer + PathologyLoss,BraTS2021_00033,32.463123,0.9870012998580933,0.076623596,0.896132327900754,0.0,0.0
Uformer + PathologyLoss,BraTS2021_00033,32.635586,0.9879518151283264,0.07466582,0.8142559833506764,0.0,0.0
Uformer + PathologyLoss,BraTS2021_00033,32.749424,0.9864891171455383,0.075004384,0.7669712793733682,0.0,0.0
Uformer + PathologyLoss,BraTS2021_00033,32.72949,0.9867179989814758,0.07508751,0.772162386081193,nan,nan
Uformer + PathologyLoss,BraTS2021_00033,32.912704,0.9853106141090393,0.076123156,0.7420417124039517,nan,nan
Uformer + PathologyLoss,BraTS2021_00033,32.92478,0.9851970076560974,0.07715089,0.6854521625163827,nan,nan
Uformer + PathologyLoss,BraTS2021_00033,33.056995,0.9824856519699097,0.079453185,0.7617260787992496,nan,nan
Uformer + PathologyLoss,BraTS2021_00033,33.355667,0.9823557138442993,0.07740149,0.8522875816993464,nan,nan
Uformer + PathologyLoss,BraTS2021_00033,33.1007,0.9801951050758362,0.078764126,0.6436781609195402,nan,nan
Uformer + PathologyLoss,BraTS2021_00033,33.45127,0.9809247851371765,0.075962245,0.4559710494571773,nan,nan
Uformer + PathologyLoss,BraTS2021_00061,31.044735,0.9751810431480408,0.13496651,0.0,0.0,0.0
Uformer + PathologyLoss,BraTS2021_00061,30.996658,0.9746189713478088,0.13433805,0.0,0.0,0.0
Uformer + PathologyLoss,BraTS2021_00061,30.782671,0.9753119945526123,0.12980317,0.0,0.0,0.0
Uformer + PathologyLoss,BraTS2021_00061,31.195454,0.9759138226509094,0.12677373,0.0,0.0,0.0
Uformer + PathologyLoss,BraTS2021_00061,30.86338,0.9770426750183105,0.12357232,0.3247058823529412,0.06722689075630252,0.1
Uformer + PathologyLoss,BraTS2021_00061,31.272402,0.9761800765991211,0.12441942,0.3162393162393162,0.09230769230769231,0.14285714285714285
Uformer + PathologyLoss,BraTS2021_00061,31.184216,0.9772161841392517,0.12179346,0.47307692307692306,0.1111111111111111,0.14814814814814814
Uformer + PathologyLoss,BraTS2021_00061,31.183138,0.9783565402030945,0.11887459,0.48562300319488816,0.4444444444444444,0.5344827586206896
Uformer + PathologyLoss,BraTS2021_00061,31.019505,0.9787729382514954,0.11760703,0.28603859250851305,0.16551724137931034,0.23076923076923078
Uformer + PathologyLoss,BraTS2021_00061,30.780785,0.9783743023872375,0.11862989,0.22073578595317725,0.08979591836734693,0.10426540284360189
Uformer + PathologyLoss,BraTS2021_00061,30.098423,0.972213089466095,0.12896897,0.4649042844120328,0.7058823529411765,0.6759259259259259
Uformer + PathologyLoss,BraTS2021_00061,30.25482,0.9691770672798157,0.12905706,0.3792784458834413,0.5651302605210421,0.5514018691588785
Uformer + PathologyLoss,BraTS2021_00061,30.002174,0.9657003283500671,0.13002023,0.4591194968553459,0.3472803347280335,0.41621621621621624
Uformer + PathologyLoss,BraTS2021_00061,30.143164,0.9651407599449158,0.124865115,0.5767138193688792,0.00851063829787234,0.012618296529968454
Uformer + PathologyLoss,BraTS2021_00061,30.071651,0.967837393283844,0.12075899,0.5443298969072164,0.007619047619047619,0.012048192771084338
Uformer + PathologyLoss,BraTS2021_00061,29.830956,0.9676001667976379,0.11898352,0.6666666666666666,0.02821869488536155,0.04747774480712166
Uformer + PathologyLoss,BraTS2021_00061,30.17881,0.9686920642852783,0.11569949,0.6607617360496014,0.03035413153456998,0.049079754601226995
Uformer + PathologyLoss,BraTS2021_00061,30.400642,0.97074294090271,0.113143034,0.6216696269982238,0.026755852842809364,0.039473684210526314
Uformer + PathologyLoss,BraTS2021_00061,30.508959,0.9724521636962891,0.10760191,0.652542372881356,0.10491803278688525,0.13680781758957655
Uformer + PathologyLoss,BraTS2021_00061,30.376627,0.9733059406280518,0.10825855,0.6694915254237288,0.0,0.0
Uformer + PathologyLoss,BraTS2021_00061,30.530499,0.9750049710273743,0.10562929,0.6203037569944044,0.0,0.0
Uformer + PathologyLoss,BraTS2021_00061,30.587423,0.9738936424255371,0.106793426,0.6771523178807947,0.031496062992125984,0.07207207207207207
Uformer + PathologyLoss,BraTS2021_00061,30.372732,0.9738691449165344,0.106354825,0.7632450331125827,0.23381294964028776,0.4492753623188406
Uformer + PathologyLoss,BraTS2021_00061,30.496082,0.9726098775863647,0.107930824,0.7632058287795993,0.28308823529411764,0.4370860927152318
Uformer + PathologyLoss,BraTS2021_00061,30.326065,0.9748502969741821,0.10581384,0.7542288557213931,0.08333333333333333,0.13389121338912133
Uformer + PathologyLoss,BraTS2021_00061,30.271933,0.9730966091156006,0.10717781,0.6291309669522643,0.2679900744416873,0.375
Uformer + PathologyLoss,BraTS2021_00061,30.64185,0.9711914658546448,0.1074899,0.5495118549511855,0.23948220064724918,0.2846153846153846
Uformer + PathologyLoss,BraTS2021_00061,30.613934,0.9716763496398926,0.10533072,0.5891016200294551,0.6279863481228669,0.6405693950177936
Uformer + PathologyLoss,BraTS2021_00061,30.748386,0.9734829664230347,0.10326669,0.3612167300380228,0.34375,0.34375
Uformer + PathologyLoss,BraTS2021_00061,30.767498,0.972878634929657,0.10469584,0.08591885441527446,0.0,0.0
Uformer + PathologyLoss,BraTS2021_00061,30.932447,0.9709543585777283,0.10554458,0.16748768472906403,0.0,0.0
Uformer + PathologyLoss,BraTS2021_00061,31.155952,0.9748576283454895,0.10146833,0.11428571428571428,0.0,0.0
Uformer + PathologyLoss,BraTS2021_00061,31.184435,0.9765461087226868,0.098367624,0.028037383177570093,nan,nan
Uformer + PathologyLoss,BraTS2021_00061,31.237206,0.9728806018829346,0.100081064,0.23636363636363636,nan,nan
Uformer + PathologyLoss,BraTS2021_00072,32.10819,0.9544577598571777,0.107954614,0.0,nan,nan
Uformer + PathologyLoss,BraTS2021_00072,32.147823,0.9551559090614319,0.10741443,0.0,nan,nan
Uformer + PathologyLoss,BraTS2021_00072,31.572649,0.9525555372238159,0.11083263,0.0,nan,nan
Uformer + PathologyLoss,BraTS2021_00072,31.683722,0.9486108422279358,0.10896304,0.05442176870748299,0.0,0.0
Uformer + PathologyLoss,BraTS2021_00072,32.04538,0.9533467888832092,0.106249906,0.6620689655172414,0.7914438502673797,0.7231638418079096
Uformer + PathologyLoss,BraTS2021_00072,31.902582,0.952992856502533,0.104977794,0.6410835214446953,0.8609271523178808,0.7758007117437722
Uformer + PathologyLoss,BraTS2021_00072,32.02829,0.9557626843452454,0.10289876,0.8041237113402062,0.8646080760095012,0.7839586028460543
Uformer + PathologyLoss,BraTS2021_00072,31.94991,0.9557436108589172,0.105355464,0.8264125255275698,0.8886861313868614,0.7516059957173448
Uformer + PathologyLoss,BraTS2021_00072,32.036674,0.961812436580658,0.0993589,0.8263684520306063,0.8924050632911392,0.7354345749761223
Uformer + PathologyLoss,BraTS2021_00072,32.118893,0.9631007313728333,0.100139834,0.8368241597661958,0.9259506337558372,0.7614917606244579
Uformer + PathologyLoss,BraTS2021_00072,32.260025,0.9699875712394714,0.09501774,0.8567785805354866,0.9367238320520402,0.7947882736156352
Uformer + PathologyLoss,BraTS2021_00072,32.2628,0.9709776639938354,0.09584483,0.8634259259259259,0.9328318108543794,0.731528895391368
Uformer + PathologyLoss,BraTS2021_00072,32.155437,0.9701748490333557,0.09652468,0.8689355539464156,0.9040667361835245,0.7401215805471124
Uformer + PathologyLoss,BraTS2021_00072,31.602863,0.9690741300582886,0.101298794,0.9114977307110439,0.8308014667365112,0.7392996108949417
Uformer + PathologyLoss,BraTS2021_00072,31.801506,0.9722488522529602,0.09694534,0.9289303661162958,0.9523809523809523,0.7390710382513661
Uformer + PathologyLoss,BraTS2021_00072,31.991024,0.9745804667472839,0.09502726,0.933426769446391,0.961982058949167,0.7800269905533064
Uformer + PathologyLoss,BraTS2021_00072,31.827175,0.9735016226768494,0.0966852,0.950033311125916,0.9406467458043389,0.759748427672956
Uformer + PathologyLoss,BraTS2021_00072,32.053436,0.9721810817718506,0.098881386,0.9386281588447654,0.9299674267100977,0.8068459657701712
Uformer + PathologyLoss,BraTS2021_00072,31.979122,0.9733961224555969,0.09713258,0.9556119213696893,0.9190705128205128,0.8157575757575758
Uformer + PathologyLoss,BraTS2021_00072,31.893751,0.9743253588676453,0.095189,0.9629402756508423,0.9435364041604755,0.8031407739764442
Uformer + PathologyLoss,BraTS2021_00072,32.092438,0.9764017462730408,0.092257515,0.9658300574538857,0.9568081991215227,0.8207043756670224
Uformer + PathologyLoss,BraTS2021_00072,32.10154,0.9754297137260437,0.092976995,0.9634073185362927,0.9714081486776269,0.8173913043478261
Uformer + PathologyLoss,BraTS2021_00072,31.959753,0.9742871522903442,0.094602145,0.9667157584683358,0.9687828831988776,0.8081714000996513
Uformer + PathologyLoss,BraTS2021_00072,32.18902,0.9751944541931152,0.09294156,0.9545591333132711,0.9463135289906943,0.7832238504295098
Uformer + PathologyLoss,BraTS2021_00072,31.78213,0.9739816784858704,0.09615926,0.9642228739002933,0.9506694855532065,0.8045867176301958
Uformer + PathologyLoss,BraTS2021_00072,31.89019,0.9743601679801941,0.09523555,0.9721640227476803,0.9800427655024947,0.8066508313539192
Uformer + PathologyLoss,BraTS2021_00072,31.875359,0.9741327166557312,0.09529913,0.9723889555822329,0.9805194805194806,0.8343856240893638
Uformer + PathologyLoss,BraTS2021_00072,32.143566,0.9763212203979492,0.093332745,0.973005398920216,0.9655172413793104,0.8458985301090565
Uformer + PathologyLoss,BraTS2021_00072,32.053844,0.9760267734527588,0.09122619,0.9647630619684082,0.9674074074074074,0.8656575212866604
Uformer + PathologyLoss,BraTS2021_00072,32.256245,0.9768838882446289,0.08919802,0.971709717097171,0.9675425038639877,0.8778550148957299
Uformer + PathologyLoss,BraTS2021_00072,31.98554,0.9762697815895081,0.09249585,0.975925925925926,0.9636075949367089,0.8819206271435571
Uformer + PathologyLoss,BraTS2021_00072,31.963884,0.9764745235443115,0.090005256,0.9521362030195952,0.9650820361800589,0.8682726806765761
Uformer + PathologyLoss,BraTS2021_00072,32.05185,0.9761190414428711,0.09178526,0.9580348004094166,0.9552102376599635,0.8582129481005886
Uformer + PathologyLoss,BraTS2021_00072,32.281597,0.9749152660369873,0.09221403,0.9414776883686906,0.952755905511811,0.8749266001174398
Uformer + PathologyLoss,BraTS2021_00072,32.317097,0.975898802280426,0.090977676,0.9373584905660377,0.9443544030253916,0.8918575063613231
Uformer + PathologyLoss,BraTS2021_00072,32.34302,0.9752166271209717,0.090291396,0.9250732524068648,0.9616306954436451,0.891661195009849
Uformer + PathologyLoss,BraTS2021_00072,32.346985,0.9733763337135315,0.09026029,0.911264367816092,0.9427980702963473,0.8794740686632578
Uformer + PathologyLoss,BraTS2021_00072,32.6543,0.9768276214599609,0.08701949,0.9040156709108716,0.8634505314799673,0.8260135135135135
Uformer + PathologyLoss,BraTS2021_00072,32.781006,0.9767610430717468,0.08720978,0.8469449485783425,0.824654622741764,0.8183760683760684
Uformer + PathologyLoss,BraTS2021_00072,32.815815,0.9757981896400452,0.08932776,0.8710144927536232,0.8680351906158358,0.8680351906158358
Uformer + PathologyLoss,BraTS2021_00072,33.149273,0.9752861857414246,0.08664634,0.8613953488372093,0.8910411622276029,0.8910411622276029
Uformer + PathologyLoss,BraTS2021_00072,33.348915,0.9751570820808411,0.085752845,0.8084507042253521,0.2727272727272727,0.2727272727272727
Uformer + PathologyLoss,BraTS2021_00072,33.459133,0.9735398888587952,0.08502175,0.7858823529411765,nan,nan
Uformer + PathologyLoss,BraTS2021_00095,30.383684,0.9468258619308472,0.17546923,0.0,nan,nan
Uformer + PathologyLoss,BraTS2021_00095,30.363722,0.9446914196014404,0.1747943,nan,nan,nan
Uformer + PathologyLoss,BraTS2021_00095,30.511295,0.9450780749320984,0.17006311,0.0,nan,nan
Uformer + PathologyLoss,BraTS2021_00095,29.93453,0.9333217740058899,0.17623757,0.0,nan,nan
Uformer + PathologyLoss,BraTS2021_00095,30.293901,0.934260904788971,0.16702484,0.0,nan,nan
Uformer + PathologyLoss,BraTS2021_00095,30.745401,0.9271285533905029,0.15881735,0.4444444444444444,nan,nan
Uformer + PathologyLoss,BraTS2021_00095,31.0972,0.9240522384643555,0.15415365,0.0,0.0,0.0
Uformer + PathologyLoss,BraTS2021_00095,31.405947,0.929191529750824,0.14077976,0.28888888888888886,0.041237113402061855,0.041237113402061855
Uformer + PathologyLoss,BraTS2021_00095,31.455921,0.9238982200622559,0.1436746,0.6764705882352942,0.7066666666666667,0.73
Uformer + PathologyLoss,BraTS2021_00095,31.656727,0.9254059195518494,0.13778539,0.6797235023041475,0.7018633540372671,0.6998444790046656
Uformer + PathologyLoss,BraTS2021_00095,31.760563,0.9371431469917297,0.13291994,0.8407460545193687,0.7705442902881536,0.7800650054171181
Uformer + PathologyLoss,BraTS2021_00095,31.851631,0.9436087012290955,0.12817615,0.89988358556461,0.8691019786910198,0.8190314358538657
Uformer + PathologyLoss,BraTS2021_00095,31.829813,0.9496629238128662,0.128485,0.8880439374735952,0.7515070328198259,0.7100591715976331
Uformer + PathologyLoss,BraTS2021_00095,31.721346,0.9554027915000916,0.12334836,0.8930569266205989,0.8845981140547822,0.7904118008604795
Uformer + PathologyLoss,BraTS2021_00095,31.508877,0.9589124321937561,0.121790074,0.9185946872322194,0.9166046165301563,0.7867730900798175
Uformer + PathologyLoss,BraTS2021_00095,31.542297,0.9623342156410217,0.120647416,0.9491525423728814,0.9486833220796759,0.8086720867208672
Uformer + PathologyLoss,BraTS2021_00095,31.70332,0.9676663279533386,0.11623566,0.967481724224855,0.9542198691996263,0.8148971650917176
Uformer + PathologyLoss,BraTS2021_00095,31.542385,0.9692882895469666,0.11489541,0.9615749525616698,0.9706821480406386,0.8782505910165485
Uformer + PathologyLoss,BraTS2021_00095,31.582092,0.9724425077438354,0.11325147,0.9632985953783416,0.9709589041095891,0.7820983125458547
Uformer + PathologyLoss,BraTS2021_00095,31.73013,0.9779043197631836,0.10608429,0.9613069647463457,0.9709833422890919,0.7996127783155856
Uformer + PathologyLoss,BraTS2021_00095,31.565365,0.9749018549919128,0.11037539,0.9568449308279992,0.9874455547015116,0.8747514910536779
Uformer + PathologyLoss,BraTS2021_00095,31.672428,0.9777941703796387,0.10848969,0.9631913663518983,0.979240506329114,0.8555431131019037
Uformer + PathologyLoss,BraTS2021_00095,31.526958,0.9776161909103394,0.10690433,0.9652623798965262,0.9843290891283056,0.872852233676976
Uformer + PathologyLoss,BraTS2021_00095,31.257124,0.9795212149620056,0.10565633,0.9666427546628408,0.980100695276912,0.8672768878718535
Uformer + PathologyLoss,BraTS2021_00095,31.435379,0.9808603525161743,0.10540225,0.9725312934631433,0.980345725787355,0.8193069306930693
Uformer + PathologyLoss,BraTS2021_00095,31.31091,0.9793672561645508,0.10560426,0.9782226905514577,0.9872714649386716,0.8828213879408419
Uformer + PathologyLoss,BraTS2021_00095,31.26747,0.9810580015182495,0.10305606,0.9808027923211169,0.986586493987049,0.8755980861244019
Uformer + PathologyLoss,BraTS2021_00095,31.264118,0.9799569249153137,0.10611415,0.9821583232288238,0.9881061299176578,0.8517200474495848
Uformer + PathologyLoss,BraTS2021_00095,31.052628,0.981391191482544,0.10400852,0.9785291631445477,0.9899589228662711,0.8775
Uformer + PathologyLoss,BraTS2021_00095,31.150064,0.9803169369697571,0.10504067,0.9770192632646164,0.9892865283793025,0.8779874213836478
Uformer + PathologyLoss,BraTS2021_00095,31.129333,0.9822702407836914,0.102870785,0.972630173564753,0.9883321894303363,0.8575096277278562
Uformer + PathologyLoss,BraTS2021_00095,31.161558,0.9808081388473511,0.10331073,0.9694793536804309,0.9909008189262967,0.9099307159353349
Uformer + PathologyLoss,BraTS2021_00095,31.368254,0.9821658730506897,0.099416055,0.9749139203148057,0.988422247446084,0.8851727982162765
Uformer + PathologyLoss,BraTS2021_00095,31.289179,0.9832863211631775,0.09982731,0.975093602474361,0.990057803468208,0.8836662749706228
Uformer + PathologyLoss,BraTS2021_00095,31.511,0.9822932481765747,0.098734714,0.9735432016075016,0.9824067558057706,0.864804469273743
Uformer + PathologyLoss,BraTS2021_00095,31.750334,0.9837521314620972,0.0969423,0.9774039254494474,0.9809867629362214,0.8654060066740823
Uformer + PathologyLoss,BraTS2021_00095,32.15815,0.9860281348228455,0.089427345,0.9660202221117189,0.9878802869156567,0.8936170212765957
Uformer + PathologyLoss,BraTS2021_00095,32.244106,0.9855658411979675,0.090500325,0.9702341137123746,0.9851510496671787,0.885480572597137
Uformer + PathologyLoss,BraTS2021_00095,32.398743,0.9866726398468018,0.086858906,0.9665465774575399,0.9832044788056519,0.8766564729867482
Uformer + PathologyLoss,BraTS2021_00095,32.649494,0.9855492115020752,0.0869397,0.966268446943078,0.9854195323246218,0.8998178506375227
Uformer + PathologyLoss,BraTS2021_00095,32.652275,0.9847583174705505,0.08946127,0.9612459253893517,0.9774956722446624,0.8665480427046264
Uformer + PathologyLoss,BraTS2021_00095,32.777412,0.9850288033485413,0.088154614,0.9591544249372984,0.9762351469668543,0.8690909090909091
Uformer + PathologyLoss,BraTS2021_00095,32.880398,0.9837276935577393,0.08852478,0.9574188707559558,0.970912738214644,0.8595890410958904
Uformer + PathologyLoss,BraTS2021_00095,33.110306,0.9846727252006531,0.085361265,0.9509875640087784,0.964867801521188,0.8464
Uformer + PathologyLoss,BraTS2021_00095,33.1687,0.9819602966308594,0.08808447,0.962478999439985,0.9502407704654896,0.8334589299171062
Uformer + PathologyLoss,BraTS2021_00095,33.193756,0.9818459749221802,0.086726114,0.9592309061776749,0.9166282818977429,0.7855626326963907
Uformer + PathologyLoss,BraTS2021_00095,33.361267,0.9829831719398499,0.08268569,0.9643475250951886,0.845150311968236,0.7458563535911602
Uformer + PathologyLoss,BraTS2021_00095,33.461452,0.9804074168205261,0.08646254,0.9692307692307692,0.8723835246455098,0.7412040656763096
Uformer + PathologyLoss,BraTS2021_00095,33.890896,0.9830343127250671,0.08200354,0.9770783441669517,0.7842720510095643,0.7427937915742794
Uformer + PathologyLoss,BraTS2021_00095,34.117607,0.9825243353843689,0.07886975,0.9666893269884432,0.7461538461538462,0.7099391480730223
Uformer + PathologyLoss,BraTS2021_00095,34.346626,0.9852116703987122,0.076373324,0.9789655172413793,0.5855855855855856,0.5855855855855856
Uformer + PathologyLoss,BraTS2021_00095,34.329838,0.9856600165367126,0.075798884,0.9812853107344632,0.32608695652173914,0.5357142857142857
Uformer + PathologyLoss,BraTS2021_00095,34.30032,0.9863355755805969,0.07578926,0.9769949676491733,0.0,nan
Uformer + PathologyLoss,BraTS2021_00095,34.412888,0.9863832592964172,0.075081155,0.9838224228743416,nan,nan
Uformer + PathologyLoss,BraTS2021_00095,34.098263,0.9839012622833252,0.079107836,0.9822695035460993,nan,nan
Uformer + PathologyLoss,BraTS2021_00095,33.989243,0.984271228313446,0.08120557,0.9738521721227095,nan,nan
Uformer + PathologyLoss,BraTS2021_00095,33.606594,0.9836854338645935,0.082616456,0.9636363636363636,nan,nan
Uformer + PathologyLoss,BraTS2021_00095,33.562172,0.9796135425567627,0.08673908,0.9791059280855199,nan,nan
Uformer + PathologyLoss,BraTS2021_00095,33.648525,0.9799138307571411,0.088237956,0.9848326359832636,nan,nan
Uformer + PathologyLoss,BraTS2021_00095,33.349754,0.9802974462509155,0.08667671,0.9833469833469833,nan,nan
Uformer + PathologyLoss,BraTS2021_00095,33.35057,0.9788164496421814,0.089705676,0.9776013609299689,nan,nan
Uformer + PathologyLoss,BraTS2021_00095,33.3757,0.979105532169342,0.0887687,0.9718029051552264,nan,nan
Uformer + PathologyLoss,BraTS2021_00095,32.748974,0.9745073914527893,0.09515944,0.9831410825199645,nan,nan
Uformer + PathologyLoss,BraTS2021_00095,32.915062,0.9781781435012817,0.092421405,0.9794415464866524,nan,nan
Uformer + PathologyLoss,BraTS2021_00095,32.43798,0.9703503251075745,0.10127246,0.9761444229529336,nan,nan
Uformer + PathologyLoss,BraTS2021_00095,32.329887,0.9696850180625916,0.10361816,0.9826086956521739,nan,nan
Uformer + PathologyLoss,BraTS2021_00095,32.06736,0.9705104231834412,0.10247782,0.9798657718120806,nan,nan
Uformer + PathologyLoss,BraTS2021_00095,31.886957,0.9624332189559937,0.11073232,0.9649960222752586,nan,nan
Uformer + PathologyLoss,BraTS2021_00095,31.691605,0.9554200768470764,0.116036795,0.9592021758839528,nan,nan
Uformer + PathologyLoss,BraTS2021_00095,31.457317,0.9491637349128723,0.12235914,0.902247191011236,nan,nan
Uformer + PathologyLoss,BraTS2021_00095,31.408764,0.9553365707397461,0.12009432,0.9115323854660348,nan,nan
Uformer + PathologyLoss,BraTS2021_00095,31.21862,0.9487571716308594,0.12501529,0.8449328449328449,nan,nan
Uformer + PathologyLoss,BraTS2021_00095,30.872536,0.9493077397346497,0.12838964,0.9068100358422939,nan,nan
Uformer + PathologyLoss,BraTS2021_00095,30.909098,0.9483703970909119,0.13269913,0.8632707774798928,nan,nan
Uformer + PathologyLoss,BraTS2021_00097,30.66573,0.947769820690155,0.11753034,0.0,nan,nan
Uformer + PathologyLoss,BraTS2021_00097,31.31654,0.954984724521637,0.110319905,0.0,nan,nan
Uformer + PathologyLoss,BraTS2021_00097,31.300707,0.9478838443756104,0.11265322,0.21105527638190955,0.0,0.0
Uformer + PathologyLoss,BraTS2021_00097,31.210058,0.9523509740829468,0.10902489,0.8048780487804879,0.4626865671641791,0.4626865671641791
Uformer + PathologyLoss,BraTS2021_00097,31.288263,0.9493079781532288,0.10728035,0.8315789473684211,0.8554913294797688,0.8554913294797688
Uformer + PathologyLoss,BraTS2021_00097,31.242653,0.9494298696517944,0.10728434,0.8654970760233918,0.9230769230769231,0.9230769230769231
Uformer + PathologyLoss,BraTS2021_00097,31.302876,0.9525741338729858,0.105059795,0.8758169934640523,0.9295774647887324,0.9181494661921709
Uformer + PathologyLoss,BraTS2021_00097,31.263996,0.9587302803993225,0.103747346,0.9355555555555556,0.9151515151515152,0.89937106918239
Uformer + PathologyLoss,BraTS2021_00097,30.960632,0.9560093283653259,0.10847148,0.9241803278688525,0.9065420560747663,0.8556430446194225
Uformer + PathologyLoss,BraTS2021_00097,31.061405,0.9593885540962219,0.10460917,0.9096045197740112,0.9288256227758007,0.9049586776859504
Uformer + PathologyLoss,BraTS2021_00097,31.181261,0.9656618237495422,0.1011553,0.9442131557035803,0.9703264094955489,0.9516994633273703
Uformer + PathologyLoss,BraTS2021_00097,31.092915,0.966427206993103,0.10128198,0.9671504965622613,0.9719387755102041,0.9368258859784283
Uformer + PathologyLoss,BraTS2021_00097,31.07166,0.9681054949760437,0.09985644,0.9810771470160117,0.9694117647058823,0.9372262773722628
Uformer + PathologyLoss,BraTS2021_00097,31.476707,0.9690220952033997,0.09918344,0.979677645409951,0.9623893805309734,0.9
Uformer + PathologyLoss,BraTS2021_00097,31.561258,0.973168671131134,0.09194926,0.980106100795756,0.8558246828143022,0.8703703703703703
Uformer + PathologyLoss,BraTS2021_00097,31.71355,0.9731828570365906,0.09317665,0.9834815756035579,0.9354497354497354,0.8936170212765957
Uformer + PathologyLoss,BraTS2021_00097,31.909847,0.9744149446487427,0.09295095,0.9895384615384616,0.8661749209694415,0.8621908127208481
Uformer + PathologyLoss,BraTS2021_00097,31.942318,0.9766513705253601,0.08985509,0.9892857142857143,0.9328214971209213,0.8881239242685026
Uformer + PathologyLoss,BraTS2021_00097,32.03257,0.9758578538894653,0.09254456,0.9780092592592593,0.9574266792809839,0.8909426987060998
Uformer + PathologyLoss,BraTS2021_00097,32.136753,0.9789021611213684,0.08759296,0.9880613985218875,0.8717434869739479,0.8916967509025271
Uformer + PathologyLoss,BraTS2021_00097,32.413486,0.9790105819702148,0.0847043,0.9880884855360181,0.9159248269040554,0.9032258064516129
Uformer + PathologyLoss,BraTS2021_00097,32.24983,0.9774903059005737,0.08682647,0.9802148106274732,0.9056224899598394,0.8914728682170543
Uformer + PathologyLoss,BraTS2021_00097,32.435448,0.9763354659080505,0.08662846,0.9846153846153847,0.9174311926605505,0.8744939271255061
Uformer + PathologyLoss,BraTS2021_00097,32.351288,0.9773280024528503,0.086301774,0.9858196256381169,0.845225027442371,0.8503937007874016
Uformer + PathologyLoss,BraTS2021_00097,32.27913,0.9742056131362915,0.08617395,0.9883040935672515,0.9468196037539103,0.8838951310861424
Uformer + PathologyLoss,BraTS2021_00097,32.31651,0.9750346541404724,0.08625192,0.9893617021276596,0.9597457627118644,0.8821428571428571
Uformer + PathologyLoss,BraTS2021_00097,32.31227,0.9736660122871399,0.087196335,0.9677797305213826,0.983991462113127,0.8946459412780656
Uformer + PathologyLoss,BraTS2021_00097,32.169365,0.9725587964057922,0.0887491,0.9683313032886723,0.9747530186608123,0.8859934853420195
Uformer + PathologyLoss,BraTS2021_00097,32.381615,0.9651732444763184,0.090960905,0.9601081812035159,0.9849012775842044,0.9088098918083463
Uformer + PathologyLoss,BraTS2021_00097,32.227203,0.970558762550354,0.088867016,0.9743589743589743,0.9539551357733176,0.8862433862433863
Uformer + PathologyLoss,BraTS2021_00097,31.950432,0.9646620750427246,0.09391518,0.968895800933126,0.9694656488549618,0.9560585885486018
Uformer + PathologyLoss,BraTS2021_00097,31.924822,0.9594345688819885,0.09856642,0.9730185497470489,0.9661705006765899,0.9567642956764296
Uformer + PathologyLoss,BraTS2021_00097,31.638718,0.9589942693710327,0.10056504,0.9607476635514018,0.9362962962962963,0.9170437405731523
Uformer + PathologyLoss,BraTS2021_00097,31.295843,0.962689995765686,0.10223031,0.933911159263272,0.8916967509025271,0.8702290076335878
Uformer + PathologyLoss,BraTS2021_00097,31.316448,0.9619445204734802,0.102656186,0.9312796208530806,0.7125506072874493,0.759825327510917
Uformer + PathologyLoss,BraTS2021_00097,31.011278,0.9576759338378906,0.10730993,0.9318801089918256,0.8398791540785498,0.8846153846153846
Uformer + PathologyLoss,BraTS2021_00097,31.04493,0.9598541259765625,0.107879296,0.8979020979020979,0.5096525096525096,0.528
Uformer + PathologyLoss,BraTS2021_00097,31.174887,0.9615418910980225,0.107798025,0.8846153846153846,0.3724137931034483,0.36879432624113473
Uformer + PathologyLoss,BraTS2021_00097,30.871904,0.9617671370506287,0.11141021,0.8816326530612245,0.0,0.0
Uformer + PathologyLoss,BraTS2021_00097,30.646194,0.9582628607749939,0.11562397,0.6594202898550725,nan,nan
Uformer + PathologyLoss,BraTS2021_00105,30.5826,0.9887560606002808,0.0849894,0.5360824742268041,nan,nan
Uformer + PathologyLoss,BraTS2021_00105,30.530321,0.9877167344093323,0.08822724,0.0,nan,nan
Uformer + PathologyLoss,BraTS2021_00105,30.452354,0.9884388446807861,0.08656887,0.5503080082135524,nan,nan
Uformer + PathologyLoss,BraTS2021_00105,30.262852,0.9878365993499756,0.086756475,0.7094972067039106,nan,nan
Uformer + PathologyLoss,BraTS2021_00105,30.367256,0.9868702292442322,0.088961944,0.44410876132930516,nan,nan
Uformer + PathologyLoss,BraTS2021_00105,29.153496,0.982933521270752,0.099412285,0.8461538461538461,nan,nan
Uformer + PathologyLoss,BraTS2021_00105,28.288143,0.976132333278656,0.110180534,0.8209408194233687,nan,nan
Uformer + PathologyLoss,BraTS2021_00105,29.143837,0.9785762429237366,0.095596746,0.8454332552693209,0.0,0.0
Uformer + PathologyLoss,BraTS2021_00105,30.032703,0.9801444411277771,0.08635972,0.8138328530259366,0.6549707602339181,0.6549707602339181
Uformer + PathologyLoss,BraTS2021_00105,29.793468,0.9800923466682434,0.086718746,0.8648881239242685,0.49544072948328266,0.4869831546707504
Uformer + PathologyLoss,BraTS2021_00105,29.808098,0.9785038232803345,0.086074375,0.9026169026169026,0.8289855072463768,0.8005952380952381
Uformer + PathologyLoss,BraTS2021_00105,29.984188,0.9773303866386414,0.08354445,0.9106699751861043,0.8571428571428571,0.8280871670702179
Uformer + PathologyLoss,BraTS2021_00105,29.7497,0.9770826697349548,0.08303457,0.8147903598547376,0.7876025524156791,0.7669322709163346
Uformer + PathologyLoss,BraTS2021_00105,30.082674,0.9770110845565796,0.08081756,0.8514986376021798,0.8782222222222222,0.812015503875969
Uformer + PathologyLoss,BraTS2021_00105,29.884989,0.9765123128890991,0.080383144,0.8431241655540721,0.8887070376432079,0.8
Uformer + PathologyLoss,BraTS2021_00105,30.065075,0.975307822227478,0.07982157,0.9176829268292683,0.8567119155354449,0.7874015748031497
Uformer + PathologyLoss,BraTS2021_00105,30.19389,0.9730375409126282,0.08061783,0.8610871440897325,0.8185538881309686,0.8225108225108225
Uformer + PathologyLoss,BraTS2021_00105,29.8347,0.9704004526138306,0.08131371,0.936658749010293,0.7637745408486384,0.7845206684256816
Uformer + PathologyLoss,BraTS2021_00105,29.674208,0.9648655652999878,0.0834969,0.8973913043478261,0.7637292464878672,0.7791239515377446
Uformer + PathologyLoss,BraTS2021_00105,29.746696,0.9640382528305054,0.08054591,0.9231378763866878,0.7710843373493976,0.7702089009990918
Uformer + PathologyLoss,BraTS2021_00105,30.248034,0.9615930914878845,0.07839745,0.8951386098834874,0.8640674394099052,0.8167625308134757
Uformer + PathologyLoss,BraTS2021_00105,30.573849,0.9680272936820984,0.07291415,0.8787456445993032,0.8962855764592378,0.7946428571428571
Uformer + PathologyLoss,BraTS2021_00105,30.350758,0.9654231071472168,0.07405188,0.9319558247239045,0.9184756391702846,0.8189457601222307
Uformer + PathologyLoss,BraTS2021_00105,30.491653,0.9661029577255249,0.07386982,0.9194583036350678,0.8539553752535497,0.7993630573248408
Uformer + PathologyLoss,BraTS2021_00105,30.407408,0.9622796177864075,0.07517692,0.8781965006729475,0.8603006189213086,0.7606652205350687
Uformer + PathologyLoss,BraTS2021_00105,30.386763,0.9625093340873718,0.07343726,0.9029714978775015,0.8974678289746783,0.7383606557377049
Uformer + PathologyLoss,BraTS2021_00105,30.440825,0.9658575654029846,0.07354506,0.9181237857341105,0.8727569331158238,0.7838874680306905
Uformer + PathologyLoss,BraTS2021_00105,30.33012,0.9604824185371399,0.07482174,0.9264140582097748,0.8601626016260162,0.7972972972972973
Uformer + PathologyLoss,BraTS2021_00105,30.41604,0.9597240090370178,0.07643966,0.9071944370152447,0.8782122905027933,0.7964391691394659
Uformer + PathologyLoss,BraTS2021_00105,30.49514,0.9619799256324768,0.07502932,0.9562653562653562,0.9070342877341817,0.7795823665893271
Uformer + PathologyLoss,BraTS2021_00105,30.528843,0.964493989944458,0.07458536,0.9304129591603925,0.9026901361673862,0.7211811470755253
Uformer + PathologyLoss,BraTS2021_00105,30.55761,0.9658138751983643,0.07363967,0.9347426470588235,0.923219814241486,0.7736579966795795
Uformer + PathologyLoss,BraTS2021_00105,30.43034,0.9663594961166382,0.07413453,0.9522516406426793,0.9298245614035088,0.7609873570138471
Uformer + PathologyLoss,BraTS2021_00105,30.320454,0.9669157266616821,0.07457839,0.9631929046563192,0.9420916162489196,0.7666480134303302
Uformer + PathologyLoss,BraTS2021_00105,30.677746,0.9683852791786194,0.073727876,0.9439929716670328,0.9566755083996463,0.768969422423556
Uformer + PathologyLoss,BraTS2021_00105,30.407597,0.966657817363739,0.07517869,0.9429121231558691,0.9541984732824428,0.7883771929824561
Uformer + PathologyLoss,BraTS2021_00105,30.715492,0.9711006879806519,0.07041682,0.952554007672118,0.946556473829201,0.7233616808404202
Uformer + PathologyLoss,BraTS2021_00105,30.639849,0.9702927470207214,0.07096714,0.9699823425544438,0.9636608344549125,0.7399299474605955
Uformer + PathologyLoss,BraTS2021_00105,30.728184,0.9665917754173279,0.073049605,0.9469302809573361,0.9506578947368421,0.7754915409236397
Uformer + PathologyLoss,BraTS2021_00105,30.875908,0.9673108458518982,0.07158809,0.9594566783288743,0.956998556998557,0.7787951807228916
Uformer + PathologyLoss,BraTS2021_00105,30.927948,0.9697086215019226,0.06900341,0.9775730877052463,0.9525648097076669,0.7675438596491229
Uformer + PathologyLoss,BraTS2021_00105,30.90456,0.9664683938026428,0.06894121,0.9699553390174583,0.9566714490674318,0.7484276729559748
Uformer + PathologyLoss,BraTS2021_00105,31.108305,0.9665722250938416,0.069492854,0.9743694060211554,0.9540100953449243,0.7199646643109541
Uformer + PathologyLoss,BraTS2021_00105,31.123446,0.9634084701538086,0.06881622,0.9057696591668523,0.8808030112923463,0.7730458221024259
Uformer + PathologyLoss,BraTS2021_00105,31.305162,0.9620984196662903,0.06751623,0.8964088397790055,0.8751229105211407,0.7902058987200891
Uformer + PathologyLoss,BraTS2021_00105,31.44913,0.9669994711875916,0.06652963,0.9389978213507625,0.8612147947064812,0.7652838427947598
Uformer + PathologyLoss,BraTS2021_00105,31.087267,0.9581982493400574,0.069331996,0.9413082437275986,0.8896276595744681,0.7640704945992041
Uformer + PathologyLoss,BraTS2021_00105,31.301414,0.9583873152732849,0.06791262,0.9512730465320457,0.8929889298892989,0.6831629908552985
Uformer + PathologyLoss,BraTS2021_00105,31.346342,0.9629555940628052,0.06620537,0.9453090262338817,0.8726467331118494,0.6904205607476636
Uformer + PathologyLoss,BraTS2021_00105,31.348047,0.9531311392784119,0.06796022,0.9352798053527981,0.8237232289950577,0.6761290322580645
Uformer + PathologyLoss,BraTS2021_00105,31.172318,0.9556488394737244,0.068639636,0.9456869009584664,0.8618266978922716,0.7292576419213974
Uformer + PathologyLoss,BraTS2021_00105,31.372738,0.953911304473877,0.06870089,0.9461479000257665,0.9094547273636818,0.7714723926380368
Uformer + PathologyLoss,BraTS2021_00105,31.263865,0.9533924460411072,0.07005803,0.951920630882727,0.9075081610446137,0.7960363336085879
Uformer + PathologyLoss,BraTS2021_00105,31.403683,0.9495255947113037,0.06830868,0.9552238805970149,0.9104062326099054,0.7937033968516984
Uformer + PathologyLoss,BraTS2021_00105,31.322937,0.9499030113220215,0.07089094,0.9504692387904067,0.9222357229647631,0.7764326069410815
Uformer + PathologyLoss,BraTS2021_00105,30.93136,0.9566482305526733,0.07032931,0.9141745684415269,0.7854077253218884,0.7006280530355897
Uformer + PathologyLoss,BraTS2021_00105,31.091534,0.9534030556678772,0.070369095,0.923806865754954,0.9159497021839841,0.7806004618937644
Uformer + PathologyLoss,BraTS2021_00105,30.62925,0.9533756971359253,0.07454357,0.9258968316313171,0.8590250329380764,0.7484076433121019
Uformer + PathologyLoss,BraTS2021_00105,30.792233,0.9596909880638123,0.07215485,0.9117336152219874,0.7572559366754618,0.7109375
Uformer + PathologyLoss,BraTS2021_00105,30.9379,0.963448703289032,0.07154056,0.9157570668905681,0.8571428571428571,0.7965284474445516
Uformer + PathologyLoss,BraTS2021_00105,30.616987,0.962486982345581,0.0743846,0.9436201780415431,0.8971774193548387,0.8853267570900123
Uformer + PathologyLoss,BraTS2021_00105,30.46035,0.9614776372909546,0.076519124,0.8932313792126876,0.7636054421768708,0.6413502109704642
Uformer + PathologyLoss,BraTS2021_00105,30.162003,0.9565135836601257,0.07959048,0.9197926197011284,0.6677966101694915,0.5010482180293501
Uformer + PathologyLoss,BraTS2021_00105,30.452469,0.960521399974823,0.08036678,0.864804469273743,0.6253968253968254,0.6995515695067265
Uformer + PathologyLoss,BraTS2021_00105,29.74082,0.9594138860702515,0.08427618,0.8943089430894309,0.5815085158150851,0.46397694524495675
Uformer + PathologyLoss,BraTS2021_00105,29.715706,0.9627036452293396,0.08601715,0.8184961106309421,0.33064516129032256,0.445859872611465
Uformer + PathologyLoss,BraTS2021_00105,29.547085,0.9670271277427673,0.08685123,0.7661785545583373,0.45901639344262296,0.4166666666666667
Uformer + PathologyLoss,BraTS2021_00105,29.352303,0.9682233333587646,0.09058748,0.9018274543136422,0.4369747899159664,0.2564102564102564
Uformer + PathologyLoss,BraTS2021_00105,29.034523,0.9688303470611572,0.09376542,0.8888888888888888,0.3246753246753247,0.016
Uformer + PathologyLoss,BraTS2021_00105,29.154549,0.9729469418525696,0.09293734,0.903558052434457,0.0,nan
Uformer + PathologyLoss,BraTS2021_00105,29.138733,0.974993109703064,0.094767034,0.7654171704957679,0.0,nan
Uformer + PathologyLoss,BraTS2021_00105,28.766403,0.9764975309371948,0.09876677,0.8982963345379453,nan,nan
Uformer + PathologyLoss,BraTS2021_00105,28.314554,0.9759948253631592,0.10593116,0.6494925839188135,0.0,0.0
Uformer + PathologyLoss,BraTS2021_00105,28.359077,0.9779109954833984,0.1093901,0.8451536643026005,0.0,0.0
Uformer + PathologyLoss,BraTS2021_00105,28.526016,0.9810545444488525,0.106322825,0.8030176026823135,0.0,nan
Uformer + PathologyLoss,BraTS2021_00105,28.715097,0.9821150302886963,0.11048598,0.8003992015968064,nan,nan
Uformer + PathologyLoss,BraTS2021_00105,28.21396,0.9822751879692078,0.11596629,0.802937576499388,nan,nan
Uformer + PathologyLoss,BraTS2021_00105,28.227053,0.9824055433273315,0.12156344,0.7574850299401198,0.0,0.0
Uformer + PathologyLoss,BraTS2021_00105,28.05129,0.9823682308197021,0.12893817,0.6910420475319927,nan,nan
Uformer + PathologyLoss,BraTS2021_00105,27.910948,0.9808917045593262,0.14258966,0.3238095238095238,nan,nan
Uformer + PathologyLoss,BraTS2021_00106,28.538168,0.9660196304321289,0.1030091,0.29310344827586204,0.0,0.0
Uformer + PathologyLoss,BraTS2021_00106,28.657887,0.9640029668807983,0.09993678,0.4644808743169399,0.0,0.0
Uformer + PathologyLoss,BraTS2021_00106,28.84615,0.9654021263122559,0.096748866,0.5845648604269293,0.0,0.0
Uformer + PathologyLoss,BraTS2021_00106,28.768764,0.959413468837738,0.09453251,0.6881405563689604,nan,nan
Uformer + PathologyLoss,BraTS2021_00106,29.178648,0.9602474570274353,0.08994789,0.6873065015479877,nan,nan
Uformer + PathologyLoss,BraTS2021_00106,29.048618,0.9494110345840454,0.09047892,0.777120315581854,nan,nan
Uformer + PathologyLoss,BraTS2021_00106,29.55865,0.9513921141624451,0.08573741,0.6881578947368421,nan,nan
Uformer + PathologyLoss,BraTS2021_00106,29.566082,0.9480087161064148,0.081489906,0.6859903381642513,0.0,0.0
Uformer + PathologyLoss,BraTS2021_00106,30.038776,0.9552807211875916,0.07556307,0.6950252343186734,0.0,0.0
Uformer + PathologyLoss,BraTS2021_00106,30.250626,0.9552484154701233,0.07626347,0.8147584632940281,0.0,0.0
Uformer + PathologyLoss,BraTS2021_00106,30.598127,0.9605616927146912,0.07235383,0.8329452852153667,0.02077922077922078,0.025078369905956112
Uformer + PathologyLoss,BraTS2021_00106,31.63712,0.971453845500946,0.06310641,0.8801013941698352,0.0,0.0
Uformer + PathologyLoss,BraTS2021_00106,31.414692,0.9750326871871948,0.062561974,0.8488492639436036,0.19969742813918306,0.23613595706618962
Uformer + PathologyLoss,BraTS2021_00106,31.621918,0.9784867763519287,0.060632274,0.847970479704797,0.13272311212814644,0.15782312925170067
Uformer + PathologyLoss,BraTS2021_00106,31.585962,0.9794134497642517,0.06057628,0.8419220055710307,0.25464684014869887,0.2658536585365854
Uformer + PathologyLoss,BraTS2021_00106,31.294796,0.979402482509613,0.060560465,0.8338202440281836,0.3855776306107432,0.3252212389380531
Uformer + PathologyLoss,BraTS2021_00106,31.419453,0.9819459915161133,0.059510335,0.8552887735236859,0.16125860373647985,0.15643802647412755
Uformer + PathologyLoss,BraTS2021_00106,31.758354,0.9807232022285461,0.060015164,0.8993179603767457,0.24434389140271492,0.21645997745208567
Uformer + PathologyLoss,BraTS2021_00106,31.468178,0.9828193187713623,0.058910035,0.8862802641232576,0.25151311365164764,0.1282952548330404
Uformer + PathologyLoss,BraTS2021_00106,31.909595,0.9820840954780579,0.05796267,0.8917022574740695,0.15977175463623394,0.12369337979094076
Uformer + PathologyLoss,BraTS2021_00106,31.965693,0.9826255440711975,0.057377405,0.916892502258356,0.2604233483001924,0.19783616692426584
Uformer + PathologyLoss,BraTS2021_00106,31.763182,0.9821284413337708,0.057523236,0.9234918381831085,0.30837988826815643,0.22459893048128343
Uformer + PathologyLoss,BraTS2021_00106,31.681482,0.9834510087966919,0.056310654,0.9250901321938844,0.27980402830702233,0.15594541910331383
Uformer + PathologyLoss,BraTS2021_00106,31.927876,0.9824302196502686,0.05624945,0.9211541018481585,0.35358511220580185,0.25016202203499677
Uformer + PathologyLoss,BraTS2021_00106,31.755047,0.982958197593689,0.057695676,0.9303495096806638,0.2924168030551009,0.14873837981407703
Uformer + PathologyLoss,BraTS2021_00106,31.68526,0.9818953275680542,0.056936182,0.950200901010593,0.7791433891992551,0.6129184347006129
Uformer + PathologyLoss,BraTS2021_00106,31.777048,0.9821855425834656,0.05609013,0.940708604483008,0.7421875,0.6339329120077783
Uformer + PathologyLoss,BraTS2021_00106,31.528376,0.9818643927574158,0.05783117,0.9553199094483498,0.8664541268154445,0.7172605275335493
Uformer + PathologyLoss,BraTS2021_00106,31.715109,0.9841761589050293,0.056751378,0.937471158283341,0.8343151693667158,0.6977886977886978
Uformer + PathologyLoss,BraTS2021_00106,31.437418,0.9824146628379822,0.057956524,0.9520459608394888,0.8671237349004244,0.7717584369449378
Uformer + PathologyLoss,BraTS2021_00106,31.531834,0.9830817580223083,0.056671187,0.9498483788196874,0.8702084734364492,0.7915904936014625
Uformer + PathologyLoss,BraTS2021_00106,31.409203,0.9833449721336365,0.057768285,0.9563892145369285,0.8527131782945736,0.7467734757454384
Uformer + PathologyLoss,BraTS2021_00106,31.41959,0.9851561188697815,0.057912763,0.9455000568892934,0.8446132596685083,0.7412172191984167
Uformer + PathologyLoss,BraTS2021_00106,31.422216,0.9846758246421814,0.058231175,0.9578355586788475,0.826393789696542,0.7317322432294328
Uformer + PathologyLoss,BraTS2021_00106,31.494047,0.9834949374198914,0.057476364,0.9685667370396435,0.8529507662210629,0.7598407784166298
Uformer + PathologyLoss,BraTS2021_00106,31.572474,0.9832519292831421,0.057277773,0.9444712699179141,0.8022980736735383,0.7052078356426182
Uformer + PathologyLoss,BraTS2021_00106,31.468708,0.9860482215881348,0.057706755,0.9588688946015425,0.8934731146432194,0.7741622146673143
Uformer + PathologyLoss,BraTS2021_00106,31.162682,0.984031617641449,0.06031066,0.9662325132657984,0.8988074957410562,0.790720154664089
Uformer + PathologyLoss,BraTS2021_00106,31.305735,0.9860368967056274,0.058288287,0.9602211272683572,0.8996125396266291,0.7601905770248809
Uformer + PathologyLoss,BraTS2021_00106,31.584063,0.9835881590843201,0.058193307,0.9506923773780251,0.8364312267657993,0.7710437710437711
Uformer + PathologyLoss,BraTS2021_00106,31.379263,0.9856741428375244,0.057724774,0.9593966059082338,0.8676200953428677,0.7602209944751381
Uformer + PathologyLoss,BraTS2021_00106,31.217712,0.9833029508590698,0.059386652,0.9744053774560496,0.9297820823244553,0.8112706007442849
Uformer + PathologyLoss,BraTS2021_00106,31.180557,0.984303891658783,0.060344514,0.9523557437797776,0.6944567627494457,0.7139903514817367
Uformer + PathologyLoss,BraTS2021_00106,31.382694,0.9856908917427063,0.05900429,0.9506643862649652,0.8101644245142003,0.7645221736414741
Uformer + PathologyLoss,BraTS2021_00106,31.069,0.9832523465156555,0.062229663,0.9679186228482003,0.9349930843706777,0.8121000581733566
Uformer + PathologyLoss,BraTS2021_00106,31.186426,0.9842120409011841,0.061742127,0.9692126293724617,0.953801382320844,0.8459016393442623
Uformer + PathologyLoss,BraTS2021_00106,30.98639,0.9848570823669434,0.06228495,0.9633169723585637,0.9500734214390602,0.8268309377138946
Uformer + PathologyLoss,BraTS2021_00106,31.17498,0.9853382706642151,0.06227061,0.960668380462725,0.9506726457399103,0.8258774948382657
Uformer + PathologyLoss,BraTS2021_00106,31.140991,0.984664261341095,0.063415386,0.95246897280169,0.8887993553585818,0.757754800590842
Uformer + PathologyLoss,BraTS2021_00106,30.999008,0.9828351736068726,0.064903356,0.9446676169495918,0.9517560787340795,0.782608695652174
Uformer + PathologyLoss,BraTS2021_00106,30.539207,0.982802152633667,0.06813552,0.9305034295328071,0.8903061224489796,0.760777683854607
Uformer + PathologyLoss,BraTS2021_00106,30.262346,0.9818580746650696,0.069753125,0.9289459884635554,0.9366554054054054,0.7392638036809815
Uformer + PathologyLoss,BraTS2021_00106,30.583174,0.9827244877815247,0.06997587,0.9309576837416481,0.46174496644295304,0.6397228637413395
Uformer + PathologyLoss,BraTS2021_00106,30.503263,0.9823276400566101,0.07202591,0.9145614533068408,0.3758490566037736,0.5748344370860927
Uformer + PathologyLoss,BraTS2021_00106,30.384848,0.9803842306137085,0.07502158,0.9228455406828094,0.2701342281879195,0.4444444444444444
Uformer + PathologyLoss,BraTS2021_00106,29.526554,0.9786062240600586,0.081605926,0.9213075060532687,0.3009623797025372,0.4754358161648177
Uformer + PathologyLoss,BraTS2021_00106,29.705275,0.9781779646873474,0.08356691,0.9225589225589226,0.2720306513409962,0.45263157894736844
Uformer + PathologyLoss,BraTS2021_00106,29.754314,0.9789746403694153,0.08525061,0.8981786643538595,0.3316582914572864,0.5272727272727272
Uformer + PathologyLoss,BraTS2021_00106,29.42007,0.9801536202430725,0.08893213,0.8969398522687302,0.3263041065482797,0.391304347826087
Uformer + PathologyLoss,BraTS2021_00106,29.196926,0.9793839454650879,0.095694795,0.8667305848513902,0.13314840499306518,0.25196850393700787
Uformer + PathologyLoss,BraTS2021_00106,29.243517,0.9808738231658936,0.097573206,0.8906610703043022,0.13125,0.17699115044247787
Uformer + PathologyLoss,BraTS2021_00106,28.876892,0.9806685447692871,0.104176715,0.8928406466512702,0.0,0.0
Uformer + PathologyLoss,BraTS2021_00106,29.002935,0.9812878370285034,0.107881784,0.8986022871664548,0.0,0.0
Uformer + PathologyLoss,BraTS2021_00106,28.80337,0.9811357259750366,0.11414309,0.8856255295114375,0.0,0.0
Uformer + PathologyLoss,BraTS2021_00106,29.036602,0.9819499850273132,0.119059704,0.867600254614895,0.011494252873563218,0.0
Uformer + PathologyLoss,BraTS2021_00106,29.091608,0.9830367565155029,0.12265347,0.836874324810947,0.0,0.0
Uformer + PathologyLoss,BraTS2021_00106,29.364204,0.9841921925544739,0.1256607,0.8197002141327623,0.0,0.0
Uformer + PathologyLoss,BraTS2021_00106,28.97741,0.9816626310348511,0.14262857,0.8225806451612904,0.0,nan
Uformer + PathologyLoss,BraTS2021_00106,29.857124,0.983446478843689,0.14238794,0.7807377049180327,0.0,nan
Uformer + PathologyLoss,BraTS2021_00106,30.181328,0.9822938442230225,0.15363798,0.7129798903107861,nan,nan
Uformer + PathologyLoss,BraTS2021_00106,30.731922,0.9825016856193542,0.15850873,0.5248868778280543,nan,nan
Uformer + PathologyLoss,BraTS2021_00109,29.690578,0.9760050773620605,0.080915734,0.1725067385444744,nan,nan
Uformer + PathologyLoss,BraTS2021_00109,29.374565,0.9702867269515991,0.08308715,0.31868131868131866,0.0,0.0
Uformer + PathologyLoss,BraTS2021_00109,29.641325,0.9755237102508545,0.078837916,0.24050632911392406,0.0,0.0
Uformer + PathologyLoss,BraTS2021_00109,29.587482,0.9716772437095642,0.08007843,0.4185068349106204,0.0,0.0
Uformer + PathologyLoss,BraTS2021_00109,29.556791,0.9723644256591797,0.078456305,0.3450134770889488,0.0,0.0
Uformer + PathologyLoss,BraTS2021_00109,29.57053,0.9664773941040039,0.07957319,0.4539877300613497,0.0,0.0
Uformer + PathologyLoss,BraTS2021_00109,29.969013,0.969801664352417,0.073525265,0.30338891877353413,0.0,0.0
Uformer + PathologyLoss,BraTS2021_00109,30.305231,0.969312310218811,0.07135847,0.5363449691991786,0.0,0.0
Uformer + PathologyLoss,BraTS2021_00109,30.696413,0.9656528234481812,0.06981788,0.4240986717267552,0.0,0.0
Uformer + PathologyLoss,BraTS2021_00109,30.720282,0.9684897661209106,0.06610203,0.51237721021611,0.018484288354898338,0.0
Uformer + PathologyLoss,BraTS2021_00109,31.113445,0.9671127796173096,0.066309944,0.5311740890688259,0.008759124087591242,0.0
Uformer + PathologyLoss,BraTS2021_00109,31.502935,0.9747099280357361,0.0611805,0.6180257510729614,0.29579375848032563,0.502283105022831
Uformer + PathologyLoss,BraTS2021_00109,31.563261,0.9739366173744202,0.061974738,0.7372732592159157,0.4507361268403171,0.6623376623376623
Uformer + PathologyLoss,BraTS2021_00109,31.488283,0.9708948135375977,0.06263105,0.7556444698485282,0.5088536812674743,0.5766871165644172
Uformer + PathologyLoss,BraTS2021_00109,31.320898,0.9750402569770813,0.060765736,0.7675675675675676,0.38005644402634053,0.5027027027027027
Uformer + PathologyLoss,BraTS2021_00109,31.417048,0.9730969667434692,0.0618571,0.8287596048298573,0.4624676445211389,0.5037037037037037
Uformer + PathologyLoss,BraTS2021_00109,31.228714,0.9743951559066772,0.063012004,0.8505220269926153,0.670028818443804,0.44395604395604393
Uformer + PathologyLoss,BraTS2021_00109,31.197834,0.9769614338874817,0.061039034,0.7979274611398963,0.8362944162436549,0.488245931283906
Uformer + PathologyLoss,BraTS2021_00109,31.192303,0.9740982055664062,0.062314734,0.8488488488488488,0.6423135464231354,0.4449760765550239
Uformer + PathologyLoss,BraTS2021_00109,31.07048,0.9774450659751892,0.06098483,0.7635350318471338,0.7677463818056512,0.5081967213114754
Uformer + PathologyLoss,BraTS2021_00109,31.11395,0.9737423062324524,0.060981132,0.8545797922568461,0.6988847583643123,0.5286506469500925
Uformer + PathologyLoss,BraTS2021_00109,31.13852,0.9775674939155579,0.06004633,0.7317880794701986,0.7842866988283942,0.6216216216216216
Uformer + PathologyLoss,BraTS2021_00109,31.347448,0.9765574336051941,0.059569206,0.8215579710144928,0.7113095238095238,0.6879194630872483
Uformer + PathologyLoss,BraTS2021_00109,31.343554,0.978986918926239,0.059226755,0.7764014276716356,0.6838810641627543,0.7718696397941681
Uformer + PathologyLoss,BraTS2021_00109,31.607649,0.9786144495010376,0.05833803,0.7894736842105263,0.6835043409629045,0.7987519500780031
Uformer + PathologyLoss,BraTS2021_00109,31.664152,0.977302074432373,0.058383606,0.8285897710250375,0.6856702619414484,0.7551342812006319
Uformer + PathologyLoss,BraTS2021_00109,31.61007,0.9790437817573547,0.05757267,0.867598137059215,0.689445709946849,0.765079365079365
Uformer + PathologyLoss,BraTS2021_00109,31.849243,0.9770907759666443,0.055812236,0.8153579008296353,0.7970909090909091,0.8169838945827232
Uformer + PathologyLoss,BraTS2021_00109,31.922094,0.9807366728782654,0.054160964,0.7566539923954373,0.6392294220665499,0.8372827804107424
Uformer + PathologyLoss,BraTS2021_00109,32.09238,0.9792870879173279,0.05382007,0.8141158709190414,0.8441461595824012,0.773224043715847
Uformer + PathologyLoss,BraTS2021_00109,31.933868,0.9756609201431274,0.055697862,0.8541751527494909,0.8349673202614379,0.7152496626180836
Uformer + PathologyLoss,BraTS2021_00109,31.981232,0.976768970489502,0.05502679,0.7977805178791615,0.75,0.7979094076655052
Uformer + PathologyLoss,BraTS2021_00109,31.911224,0.9756667017936707,0.055905342,0.7985151577644876,0.7965665236051502,0.7330016583747927
Uformer + PathologyLoss,BraTS2021_00109,31.666525,0.9753662347793579,0.056513704,0.702882096069869,0.8982338099243061,0.7397660818713451
Uformer + PathologyLoss,BraTS2021_00109,31.887075,0.9750784635543823,0.05684445,0.8806622212002759,0.8399280575539568,0.7936
Uformer + PathologyLoss,BraTS2021_00109,32.04838,0.9774211049079895,0.05554631,0.8334083746060333,0.8429378531073446,0.8110918544194108
Uformer + PathologyLoss,BraTS2021_00109,32.116554,0.9774694442749023,0.056024164,0.736053288925895,0.8,0.7684391080617495
Uformer + PathologyLoss,BraTS2021_00109,31.782093,0.9812058210372925,0.055445302,0.6877044448720415,0.8646616541353384,0.806949806949807
Uformer + PathologyLoss,BraTS2021_00109,31.6608,0.9752920866012573,0.05971543,0.7978695073235685,0.6833578792341679,0.7512953367875648
Uformer + PathologyLoss,BraTS2021_00109,31.622799,0.9799267649650574,0.05782383,0.630426125049781,0.4376130198915009,0.7003367003367004
Uformer + PathologyLoss,BraTS2021_00109,31.793507,0.9801531434059143,0.057432383,0.7177276185645448,0.3412698412698413,0.6905829596412556
Uformer + PathologyLoss,BraTS2021_00109,31.513447,0.9799385666847229,0.05864196,0.6943505552873008,0.3211009174311927,0.6888888888888889
Uformer + PathologyLoss,BraTS2021_00109,31.280579,0.9775229096412659,0.061138358,0.7080103359173127,0.21195652173913043,0.7047619047619048
Uformer + PathologyLoss,BraTS2021_00109,31.225512,0.9789469838142395,0.061787568,0.75177304964539,0.0,0.0
Uformer + PathologyLoss,BraTS2021_00109,31.083567,0.9769818186759949,0.0637023,0.6814076611647462,0.0,nan
Uformer + PathologyLoss,BraTS2021_00109,31.035625,0.9802249670028687,0.063544415,0.6442459274829218,nan,nan
Uformer + PathologyLoss,BraTS2021_00109,31.144222,0.9798368811607361,0.06302681,0.6323880201431222,nan,nan
Uformer + PathologyLoss,BraTS2021_00109,31.122892,0.9799193739891052,0.06562192,0.827007299270073,nan,nan
Uformer + PathologyLoss,BraTS2021_00109,31.13865,0.9811169505119324,0.06372518,0.7856598016781083,0.0,0.0
Uformer + PathologyLoss,BraTS2021_00109,30.771912,0.9788694381713867,0.06745761,0.6850591185954855,nan,nan
Uformer + PathologyLoss,BraTS2021_00109,30.431904,0.9789656400680542,0.070214614,0.8489948574100047,nan,nan
Uformer + PathologyLoss,BraTS2021_00109,29.946484,0.9753868579864502,0.07494594,0.8554095045500506,nan,nan
Uformer + PathologyLoss,BraTS2021_00109,30.0078,0.9780628681182861,0.07515574,0.6938202247191011,nan,nan
Uformer + PathologyLoss,BraTS2021_00109,29.50258,0.9785277843475342,0.07922408,0.8231850117096019,nan,nan
Uformer + PathologyLoss,BraTS2021_00109,29.407232,0.9783653020858765,0.08189821,0.6559356136820925,0.0,nan
Uformer + PathologyLoss,BraTS2021_00109,29.298183,0.9771172404289246,0.08589619,0.8086838534599728,nan,nan
Uformer + PathologyLoss,BraTS2021_00109,28.98342,0.9781071543693542,0.08946893,0.8626817447495961,nan,nan
Uformer + PathologyLoss,BraTS2021_00109,28.959513,0.9815892577171326,0.08783796,0.8339483394833949,nan,nan
Uformer + PathologyLoss,BraTS2021_00109,28.856453,0.9810960292816162,0.09384102,0.690975387420237,nan,nan
Uformer + PathologyLoss,BraTS2021_00109,29.035637,0.9829584956169128,0.09492015,0.7,nan,nan
Uformer + PathologyLoss,BraTS2021_00109,29.046755,0.9845681190490723,0.09540398,0.6439169139465876,nan,nan
Uformer + PathologyLoss,BraTS2021_00109,29.301178,0.9859390258789062,0.095713116,0.4783950617283951,nan,nan
Uformer + PathologyLoss,BraTS2021_00109,29.579086,0.9869264364242554,0.0957506,0.6254295532646048,nan,nan
Uformer + PathologyLoss,BraTS2021_00109,29.53688,0.9872751832008362,0.097625874,0.5638297872340425,nan,nan
Uformer + PathologyLoss,BraTS2021_00109,29.333263,0.9872218370437622,0.10307918,0.5423728813559322,nan,nan
Uformer + PathologyLoss,BraTS2021_00110,29.929724,0.9778417944908142,0.07024266,0.47635135135135137,nan,nan
Uformer + PathologyLoss,BraTS2021_00110,29.984549,0.9784146547317505,0.07038234,0.6879120879120879,nan,nan
Uformer + PathologyLoss,BraTS2021_00110,29.684298,0.9791659712791443,0.07010561,0.6707597851112816,nan,nan
Uformer + PathologyLoss,BraTS2021_00110,30.061178,0.9812947511672974,0.06848836,0.7570370370370371,nan,nan
Uformer + PathologyLoss,BraTS2021_00110,29.973963,0.9822944402694702,0.06747398,0.7411545623836127,nan,nan
Uformer + PathologyLoss,BraTS2021_00110,30.280472,0.9844616651535034,0.06520624,0.7639287765651924,nan,nan
Uformer + PathologyLoss,BraTS2021_00110,30.253183,0.985120415687561,0.06547731,0.7819175360158966,nan,nan
Uformer + PathologyLoss,BraTS2021_00110,30.21109,0.9858862161636353,0.06457534,0.8181049069373942,nan,nan
Uformer + PathologyLoss,BraTS2021_00110,30.540648,0.9863533973693848,0.06271013,0.8581055784350431,0.0,nan
Uformer + PathologyLoss,BraTS2021_00110,30.644121,0.9879730343818665,0.06110188,0.8579291365669075,nan,nan
Uformer + PathologyLoss,BraTS2021_00110,30.68249,0.987930953502655,0.06097546,0.8475859892710634,0.0,nan
Uformer + PathologyLoss,BraTS2021_00110,30.489666,0.9876828193664551,0.060336273,0.8191662154845696,nan,nan
Uformer + PathologyLoss,BraTS2021_00110,30.826986,0.9871882796287537,0.058997713,0.8829164449175093,0.0,nan
Uformer + PathologyLoss,BraTS2021_00110,30.946243,0.9867491722106934,0.05872867,0.9168844746471511,0.0,0.0
Uformer + PathologyLoss,BraTS2021_00110,30.764791,0.9861887097358704,0.05879265,0.8267504488330341,0.0,0.0
Uformer + PathologyLoss,BraTS2021_00110,30.514376,0.9847328066825867,0.06036531,0.855268911237429,0.12,0.13636363636363635
Uformer + PathologyLoss,BraTS2021_00110,30.633219,0.9856572151184082,0.05901356,0.8539511791477038,0.8727272727272727,0.8944099378881988
Uformer + PathologyLoss,BraTS2021_00110,30.652239,0.9848079681396484,0.059998244,0.8718360787464845,0.9180327868852459,0.9218106995884774
Uformer + PathologyLoss,BraTS2021_00110,30.467266,0.9814642071723938,0.06268452,0.8993076162215629,0.9175824175824175,0.9371428571428572
Uformer + PathologyLoss,BraTS2021_00110,30.563297,0.9840174317359924,0.060661014,0.8856879039704525,0.9354838709677419,0.9478672985781991
Uformer + PathologyLoss,BraTS2021_00110,30.191051,0.9843388795852661,0.061053187,0.8400067012899983,0.9696969696969697,0.975
Uformer + PathologyLoss,BraTS2021_00110,30.479221,0.9856365919113159,0.0606617,0.8741989881956155,0.9511278195488722,0.9555125725338491
Uformer + PathologyLoss,BraTS2021_00110,30.161102,0.9856584072113037,0.061112862,0.8898219684245885,0.9172661870503597,0.9276437847866419
Uformer + PathologyLoss,BraTS2021_00110,30.508617,0.9852629899978638,0.06234615,0.9331713244228432,0.9470499243570348,0.9364341085271318
Uformer + PathologyLoss,BraTS2021_00110,30.406464,0.9871545433998108,0.060671363,0.9082077051926298,0.9320113314447592,0.935251798561151
Uformer + PathologyLoss,BraTS2021_00110,30.165312,0.9859787821769714,0.062978305,0.9157841654059505,0.9169859514687101,0.9356110381077529
Uformer + PathologyLoss,BraTS2021_00110,29.723063,0.9851420521736145,0.0652549,0.884640522875817,0.9018264840182648,0.9325443786982248
Uformer + PathologyLoss,BraTS2021_00110,29.961521,0.9861189723014832,0.06527554,0.9246941237291056,0.9018338727076591,0.9265033407572383
Uformer + PathologyLoss,BraTS2021_00110,29.674534,0.9843384027481079,0.068382524,0.9131105398457584,0.8656987295825771,0.929070929070929
Uformer + PathologyLoss,BraTS2021_00110,29.594364,0.9843109250068665,0.06970347,0.909279419388284,0.9431192660550459,0.967680608365019
Uformer + PathologyLoss,BraTS2021_00110,29.42241,0.984298825263977,0.07088475,0.9166368515205725,0.9089376053962901,0.9566787003610109
Uformer + PathologyLoss,BraTS2021_00110,29.381985,0.985237717628479,0.072090626,0.8985559566787004,0.9764192139737992,0.9822695035460993
Uformer + PathologyLoss,BraTS2021_00110,29.047417,0.9857333302497864,0.07266339,0.9024390243902439,0.9343185550082101,0.9459459459459459
Uformer + PathologyLoss,BraTS2021_00110,29.232786,0.9846901297569275,0.07517248,0.9158406219630709,0.964824120603015,0.9634664401019541
Uformer + PathologyLoss,BraTS2021_00110,28.434889,0.9841888546943665,0.08040287,0.8991109393119443,0.9516539440203562,0.959656652360515
Uformer + PathologyLoss,BraTS2021_00110,28.133038,0.9831619262695312,0.0840222,0.8915333593445182,0.9612530915086562,0.9666110183639399
Uformer + PathologyLoss,BraTS2021_00110,28.540321,0.9841665625572205,0.08457919,0.9218193250890798,0.97165991902834,0.971947194719472
Uformer + PathologyLoss,BraTS2021_00110,28.788166,0.9856957793235779,0.08290855,0.8987664823479371,0.9629032258064516,0.9574468085106383
Uformer + PathologyLoss,BraTS2021_00110,28.40555,0.9856287837028503,0.0858856,0.8691928923142797,0.9699367088607594,0.964516129032258
Uformer + PathologyLoss,BraTS2021_00110,28.617645,0.9870660305023193,0.08369122,0.8636568848758465,0.9717425431711146,0.967948717948718
Uformer + PathologyLoss,BraTS2021_00110,28.335897,0.986477792263031,0.08978809,0.8319444444444445,0.9617575264442636,0.9587458745874587
Uformer + PathologyLoss,BraTS2021_00110,28.572521,0.9871237277984619,0.09081925,0.8527397260273972,0.9624687239366139,0.9753191489361702
Uformer + PathologyLoss,BraTS2021_00110,28.22939,0.9869962334632874,0.09451788,0.8585365853658536,0.9623287671232876,0.9763779527559056
Uformer + PathologyLoss,BraTS2021_00110,28.455107,0.9883870482444763,0.0927949,0.8331562167906482,0.960730593607306,0.969416126042632
Uformer + PathologyLoss,BraTS2021_00110,28.631275,0.9884647727012634,0.09690391,0.8584149599287623,0.9229229229229229,0.9397344228804902
Uformer + PathologyLoss,BraTS2021_00110,29.04383,0.9890505075454712,0.09714197,0.8607512953367875,0.948051948051948,0.9592959295929593
Uformer + PathologyLoss,BraTS2021_00110,28.685974,0.988609254360199,0.103413425,0.8397905759162304,0.9451371571072319,0.9541984732824428
Uformer + PathologyLoss,BraTS2021_00110,28.748596,0.9886753559112549,0.10595554,0.8151292937089927,0.9143730886850153,0.9254658385093167
Uformer + PathologyLoss,BraTS2021_00110,28.516552,0.9875076413154602,0.116271615,0.8156638013371538,0.8873563218390804,0.9039812646370023
Uformer + PathologyLoss,BraTS2021_00110,28.731678,0.9884845018386841,0.11417518,0.7774827403080191,0.8731563421828908,0.8888888888888888
Uformer + PathologyLoss,BraTS2021_00110,28.830988,0.9876722693443298,0.12372623,0.7305555555555555,0.524822695035461,0.5481481481481482
Uformer + PathologyLoss,BraTS2021_00110,29.034136,0.9866528511047363,0.13199888,0.6876687668766877,0.0,0.0
Uformer + PathologyLoss,BraTS2021_00110,29.115713,0.9841504693031311,0.15142857,0.7128205128205128,0.0,0.0
Uformer + PathologyLoss,BraTS2021_00110,29.659466,0.9844883680343628,0.15314946,0.718266253869969,nan,nan
Uformer + PathologyLoss,BraTS2021_00110,30.247976,0.9825940728187561,0.16848192,0.6977611940298507,nan,nan
Uformer + PathologyLoss,BraTS2021_00110,29.849869,0.976253867149353,0.20115685,0.8099173553719008,nan,nan
Uformer + PathologyLoss,BraTS2021_00118,31.896587,0.964610755443573,0.08707763,0.38562091503267976,nan,nan
Uformer + PathologyLoss,BraTS2021_00118,32.01989,0.9652851819992065,0.08448294,0.7519818799546999,nan,nan
Uformer + PathologyLoss,BraTS2021_00118,32.057755,0.9639907479286194,0.08374765,0.8100092678405931,nan,nan
Uformer + PathologyLoss,BraTS2021_00118,32.093517,0.965166449546814,0.08304342,0.832087015635622,nan,nan
Uformer + PathologyLoss,BraTS2021_00118,32.129913,0.9657787680625916,0.0825424,0.8517624336069531,0.0,0.0
Uformer + PathologyLoss,BraTS2021_00118,31.922924,0.9670333862304688,0.084076054,0.9199683042789224,0.0,0.0
Uformer + PathologyLoss,BraTS2021_00118,31.989326,0.9698126316070557,0.08184224,0.9413960432997387,0.0,0.0
Uformer + PathologyLoss,BraTS2021_00118,32.08024,0.9738426804542542,0.08261392,0.9743238616912017,0.7413249211356467,0.6309523809523809
Uformer + PathologyLoss,BraTS2021_00118,31.984673,0.9751927256584167,0.08025826,0.9731629392971246,0.5944170771756979,0.472
Uformer + PathologyLoss,BraTS2021_00118,31.955677,0.9792079329490662,0.077961326,0.9662650602409638,0.7159841479524438,0.5564924114671164
Uformer + PathologyLoss,BraTS2021_00118,32.0613,0.9775619506835938,0.07767864,0.9738580867566791,0.6995798319327731,0.6557377049180327
Uformer + PathologyLoss,BraTS2021_00118,32.19216,0.9803933501243591,0.07478017,0.9551351351351351,0.8333333333333334,0.5536159600997507
Uformer + PathologyLoss,BraTS2021_00118,32.046646,0.9795460104942322,0.07725609,0.9804026845637583,0.9164179104477612,0.7242152466367713
Uformer + PathologyLoss,BraTS2021_00118,32.0011,0.9824225902557373,0.07372125,0.9703072553576039,0.9409312022237665,0.7417218543046358
Uformer + PathologyLoss,BraTS2021_00118,31.879576,0.9811835885047913,0.07475199,0.9550533896200646,0.9444444444444444,0.8325991189427313
Uformer + PathologyLoss,BraTS2021_00118,31.971855,0.9829599261283875,0.07441516,0.9595347710201114,0.914435009797518,0.7776484284051223
Uformer + PathologyLoss,BraTS2021_00118,32.13047,0.9822051525115967,0.07278129,0.9547714894624675,0.8925925925925926,0.7361563517915309
Uformer + PathologyLoss,BraTS2021_00118,32.06246,0.9832243323326111,0.0722813,0.9665026938393066,0.9442586399108138,0.8
Uformer + PathologyLoss,BraTS2021_00118,32.004562,0.9821736812591553,0.07191786,0.9595270577535243,0.9453781512605042,0.728
Uformer + PathologyLoss,BraTS2021_00118,31.976906,0.9809582233428955,0.07181214,0.9504643962848297,0.9707196029776675,0.8072519083969466
Uformer + PathologyLoss,BraTS2021_00118,32.38766,0.981314480304718,0.0686958,0.9521089630931459,0.9617803580067731,0.845703125
Uformer + PathologyLoss,BraTS2021_00118,31.968975,0.9802588820457458,0.07048095,0.9299895506792059,0.9535545023696682,0.8418024928092043
Uformer + PathologyLoss,BraTS2021_00118,31.903645,0.980522871017456,0.07210394,0.9609310058187863,0.9652333028362305,0.8422053231939164
Uformer + PathologyLoss,BraTS2021_00118,32.07996,0.9799767732620239,0.07094547,0.9724384599200505,0.9717615419094576,0.8946910356832027
Uformer + PathologyLoss,BraTS2021_00118,31.86119,0.978471577167511,0.07271142,0.9684516396845164,0.9741114523913997,0.8657214345287739
Uformer + PathologyLoss,BraTS2021_00118,31.813263,0.9800460338592529,0.07256563,0.9780666125101544,0.9830220713073005,0.8652138821630347
Uformer + PathologyLoss,BraTS2021_00118,32.087036,0.9798319339752197,0.07062027,0.9873111782477342,0.9781328847771237,0.8844065166795966
Uformer + PathologyLoss,BraTS2021_00118,31.931599,0.9792116284370422,0.07183344,0.9822345045400711,0.95863539445629,0.8557768924302789
Uformer + PathologyLoss,BraTS2021_00118,31.838669,0.9819645881652832,0.07043775,0.9691346335921227,0.9634300126103404,0.8548770816812054
Uformer + PathologyLoss,BraTS2021_00118,31.638779,0.9796150922775269,0.07294624,0.9749665583795146,0.9356579493565795,0.8235294117647058
Uformer + PathologyLoss,BraTS2021_00118,31.21611,0.9803314805030823,0.07352508,0.9662337662337662,0.9162195625257945,0.7931873479318735
Uformer + PathologyLoss,BraTS2021_00118,31.475101,0.98065185546875,0.074381515,0.97165991902834,0.9178586023702493,0.7850609756097561
Uformer + PathologyLoss,BraTS2021_00118,31.40966,0.9791306257247925,0.0763147,0.9755385177071924,0.9237742068397198,0.7803330689928628
Uformer + PathologyLoss,BraTS2021_00118,31.269127,0.9800075888633728,0.07581612,0.9761691453144598,0.9506222400642312,0.8097102584181676
Uformer + PathologyLoss,BraTS2021_00118,31.279026,0.9806021451950073,0.07550563,0.9772442214656871,0.8997849462365591,0.7353433835845896
Uformer + PathologyLoss,BraTS2021_00118,31.111097,0.9814679622650146,0.07560879,0.978655847592168,0.9448160535117057,0.8012422360248447
Uformer + PathologyLoss,BraTS2021_00118,30.827885,0.9810710549354553,0.0786706,0.9807960893854749,0.9568106312292359,0.7848297213622291
Uformer + PathologyLoss,BraTS2021_00118,30.435558,0.9777981638908386,0.082852855,0.9820087336244542,0.9614740368509213,0.8415770609318997
Uformer + PathologyLoss,BraTS2021_00118,30.255508,0.9784955978393555,0.08464057,0.974690172805027,0.9691151919866444,0.8480845442536328
Uformer + PathologyLoss,BraTS2021_00118,29.940222,0.9779977202415466,0.086378686,0.9771640998406798,0.979933110367893,0.8235294117647058
Uformer + PathologyLoss,BraTS2021_00118,29.697334,0.9756653904914856,0.091464534,0.9761991944342732,0.9640468227424749,0.8685782556750299
Uformer + PathologyLoss,BraTS2021_00118,29.421997,0.9765092134475708,0.09485078,0.9690721649484536,0.9637931034482758,0.8898055391868003
Uformer + PathologyLoss,BraTS2021_00118,29.642956,0.9788482189178467,0.090731144,0.9603457996617177,0.9635164835164836,0.8898007033997656
Uformer + PathologyLoss,BraTS2021_00118,30.079597,0.9791529178619385,0.08965481,0.9641434262948207,0.9701230228471002,0.8769751693002258
Uformer + PathologyLoss,BraTS2021_00118,29.628685,0.9775172472000122,0.09461205,0.9633360193392425,0.9632014719411224,0.8858909499718943
Uformer + PathologyLoss,BraTS2021_00118,28.847782,0.9753607511520386,0.10324248,0.9622145888058193,0.9498031496062992,0.8402154398563735
Uformer + PathologyLoss,BraTS2021_00118,29.227097,0.9780303835868835,0.10047398,0.9536505332239541,0.9676092544987146,0.8827014218009479
Uformer + PathologyLoss,BraTS2021_00118,29.415096,0.9794653058052063,0.09985207,0.9503753127606339,0.9722367731796753,0.8916518650088809
Uformer + PathologyLoss,BraTS2021_00118,29.131853,0.9817301630973816,0.10027137,0.94723458359822,0.9419063733784546,0.7801608579088471
Uformer + PathologyLoss,BraTS2021_00118,29.381216,0.9817476868629456,0.10292978,0.9524025385312783,0.9299516908212561,0.7947658402203857
Uformer + PathologyLoss,BraTS2021_00118,29.192793,0.9807862639427185,0.10500911,0.9381062355658198,0.8766404199475065,0.663544106167057
Uformer + PathologyLoss,BraTS2021_00118,28.380453,0.9805107116699219,0.11366968,0.9461235216819974,0.9113233287858117,0.79879427279578
Uformer + PathologyLoss,BraTS2021_00118,29.627407,0.9868687391281128,0.105254345,0.9181226447413497,0.8316086547507056,0.6829268292682927
Uformer + PathologyLoss,BraTS2021_00118,29.379663,0.985832691192627,0.1091521,0.846655231560892,0.6651108518086347,0.5905707196029777
Uformer + PathologyLoss,BraTS2021_00118,29.570066,0.9865846633911133,0.10925778,0.8124199743918054,0.7941507311586051,0.7115384615384616
Uformer + PathologyLoss,BraTS2021_00118,29.61601,0.9870330691337585,0.110068396,0.7915287888815354,0.7426376440460948,0.6473829201101928
Uformer + PathologyLoss,BraTS2021_00118,29.477537,0.9860764741897583,0.114584155,0.7965722801788375,0.6554878048780488,0.5348837209302325
Uformer + PathologyLoss,BraTS2021_00118,29.074697,0.985386073589325,0.123023905,0.6506194690265487,0.029714285714285714,0.051643192488262914
Uformer + PathologyLoss,BraTS2021_00118,29.581276,0.987040102481842,0.116702735,0.6018298881735005,0.0,0.0
Uformer + PathologyLoss,BraTS2021_00118,29.583176,0.9867038726806641,0.12019253,0.5840645840645841,0.0,0.0
Uformer + PathologyLoss,BraTS2021_00118,29.782236,0.9869762659072876,0.12352434,0.48597475455820477,0.0,0.0
Uformer + PathologyLoss,BraTS2021_00118,29.881971,0.9876993894577026,0.12193216,0.4879759519038076,0.0,0.0
Uformer + PathologyLoss,BraTS2021_00118,30.237513,0.9869604706764221,0.12753329,0.20765027322404372,0.0,0.0
Uformer + PathologyLoss,BraTS2021_00118,31.135647,0.9885217547416687,0.12624834,0.2526964560862866,0.0,nan
