method,subject,psnr,ssim,nrmse,dice_wt,dice_tc,dice_et
SwinIR + PathologyLoss,BraTS2021_00000,28.992062,0.9658699035644531,0.13765141,0.0,0.0,0.0
SwinIR + PathologyLoss,BraTS2021_00000,29.16618,0.965772271156311,0.1344641,0.7055214723926381,0.7066246056782335,0.7066246056782335
SwinIR + PathologyLoss,BraTS2021_00000,29.23257,0.9665525555610657,0.12885572,0.860248447204969,0.8929889298892989,0.8929889298892989
SwinIR + PathologyLoss,BraTS2021_00000,29.312325,0.9647946953773499,0.1276213,0.886339937434828,0.9206730769230769,0.921760391198044
SwinIR + PathologyLoss,BraTS2021_00000,28.867464,0.9635897874832153,0.12830845,0.9011373578302713,0.8676616915422886,0.8724696356275303
SwinIR + PathologyLoss,BraTS2021_00000,28.648703,0.9634308218955994,0.1279286,0.9196428571428571,0.8106666666666666,0.8167730173199635
SwinIR + PathologyLoss,BraTS2021_00000,28.622135,0.9627019166946411,0.12408259,0.9469135802469136,0.9568627450980393,0.9248067463106114
SwinIR + PathologyLoss,BraTS2021_00000,28.675732,0.9601925611495972,0.12638292,0.943034404963339,0.9392523364485982,0.8958742632612967
SwinIR + PathologyLoss,BraTS2021_00000,28.474289,0.9624862670898438,0.12139076,0.9525711432850724,0.96,0.912759643916914
SwinIR + PathologyLoss,BraTS2021_00000,28.331764,0.9597092270851135,0.12313431,0.9680800381133873,0.9704314105671352,0.9163679808841099
SwinIR + PathologyLoss,BraTS2021_00000,28.38514,0.9582744240760803,0.12263528,0.9566003616636528,0.9643527204502814,0.9153531815528313
SwinIR + PathologyLoss,BraTS2021_00000,28.454351,0.9605624079704285,0.12049377,0.9795373665480427,0.9740082079343365,0.9182242990654206
SwinIR + PathologyLoss,BraTS2021_00000,28.914278,0.9606051445007324,0.11650617,0.9731601731601731,0.9800443458980045,0.9098360655737705
SwinIR + PathologyLoss,BraTS2021_00000,29.015905,0.9650378823280334,0.11165697,0.9731993299832495,0.9753139887397142,0.9018601667735728
SwinIR + PathologyLoss,BraTS2021_00000,29.188435,0.9691674113273621,0.11011652,0.9634977938227036,0.9746621621621622,0.8995010691375623
SwinIR + PathologyLoss,BraTS2021_00000,29.040459,0.9710728526115417,0.10780868,0.9569851541682528,0.9692058346839546,0.9074664964901085
SwinIR + PathologyLoss,BraTS2021_00000,29.02977,0.9718443751335144,0.10579443,0.9766917293233083,0.9740361919748229,0.9218934911242603
SwinIR + PathologyLoss,BraTS2021_00000,29.127787,0.972352147102356,0.10582223,0.9593257603517772,0.9744597249508841,0.9175320708613317
SwinIR + PathologyLoss,BraTS2021_00000,28.936577,0.9711250066757202,0.11008644,0.9625862695241555,0.969363707776905,0.9189857761286333
SwinIR + PathologyLoss,BraTS2021_00000,28.86686,0.9684551358222961,0.110202074,0.9509488005728607,0.9564876519012152,0.910271546635183
SwinIR + PathologyLoss,BraTS2021_00000,28.816292,0.970155656337738,0.10795081,0.9499294781382228,0.9567288606589917,0.9002985074626866
SwinIR + PathologyLoss,BraTS2021_00000,28.969118,0.9710052609443665,0.10733257,0.9635974304068522,0.9646685192536721,0.9090909090909091
SwinIR + PathologyLoss,BraTS2021_00000,29.115973,0.971721351146698,0.10488207,0.9643112062812277,0.9551641313050441,0.8822055137844611
SwinIR + PathologyLoss,BraTS2021_00000,29.093773,0.9713344573974609,0.10567597,0.9596510359869138,0.9703525641025641,0.9074315514993481
SwinIR + PathologyLoss,BraTS2021_00000,29.288506,0.9724674224853516,0.10281951,0.9679767103347889,0.9819927971188476,0.9163292847503374
SwinIR + PathologyLoss,BraTS2021_00000,29.104921,0.9723148941993713,0.10228085,0.9752124645892352,0.9796731765643683,0.9038208168642952
SwinIR + PathologyLoss,BraTS2021_00000,29.141582,0.9699986577033997,0.10364406,0.9744879626302552,0.9762658227848101,0.8961493582263711
SwinIR + PathologyLoss,BraTS2021_00000,29.141548,0.9696829915046692,0.10293547,0.9667500893814801,0.9799518845228549,0.911070780399274
SwinIR + PathologyLoss,BraTS2021_00000,29.349026,0.970259428024292,0.10174277,0.972875226039783,0.9654611946363267,0.8797619047619047
SwinIR + PathologyLoss,BraTS2021_00000,29.24222,0.9687080979347229,0.10553037,0.9662415603900976,0.9803429527394396,0.8937774984286612
SwinIR + PathologyLoss,BraTS2021_00000,29.287384,0.9702224731445312,0.101811886,0.9715821812596006,0.9759036144578314,0.9152970922882427
SwinIR + PathologyLoss,BraTS2021_00000,29.443016,0.9715272188186646,0.099925905,0.9744797801334903,0.9669642857142857,0.9026548672566371
SwinIR + PathologyLoss,BraTS2021_00000,29.68069,0.9722031950950623,0.10014234,0.9518072289156626,0.9757986447241046,0.9272727272727272
SwinIR + PathologyLoss,BraTS2021_00000,29.545769,0.9710623621940613,0.100945935,0.966828836797877,0.9671551288529561,0.932349323493235
SwinIR + PathologyLoss,BraTS2021_00000,29.169163,0.9739276766777039,0.10023986,0.9584905660377359,0.9486301369863014,0.9106263194933145
SwinIR + PathologyLoss,BraTS2021_00000,29.22268,0.9713408350944519,0.10386189,0.9571944301186178,0.9581993569131833,0.922247882986913
SwinIR + PathologyLoss,BraTS2021_00000,29.772013,0.9738647937774658,0.09846958,0.9387521465369204,0.9377777777777778,0.9023090586145648
SwinIR + PathologyLoss,BraTS2021_00000,30.032883,0.9766217470169067,0.0941826,0.9165545087483177,0.9704565801253358,0.9338929695697796
SwinIR + PathologyLoss,BraTS2021_00000,30.332024,0.9784345030784607,0.091437526,0.9066022544283414,0.9600886917960089,0.9413092550790068
SwinIR + PathologyLoss,BraTS2021_00000,30.404852,0.9810784459114075,0.09013264,0.7946611909650924,0.8180354267310789,0.8180354267310789
SwinIR + PathologyLoss,BraTS2021_00000,30.708084,0.9821892380714417,0.08633877,0.7744807121661721,0.7418397626112759,0.7418397626112759
SwinIR + PathologyLoss,BraTS2021_00000,31.083612,0.9837051630020142,0.08512703,0.48517520215633425,0.0,0.0
SwinIR + PathologyLoss,BraTS2021_00000,31.112999,0.9835159182548523,0.08539119,0.0,0.0,0.0
SwinIR + PathologyLoss,BraTS2021_00002,31.942987,0.9794148802757263,0.1626549,0.0,nan,nan
SwinIR + PathologyLoss,BraTS2021_00002,31.793005,0.9778388142585754,0.16603266,0.0,nan,nan
SwinIR + PathologyLoss,BraTS2021_00002,31.580486,0.9797889590263367,0.15523554,0.0,nan,nan
SwinIR + PathologyLoss,BraTS2021_00002,31.403076,0.9791688919067383,0.15550296,0.0,nan,nan
SwinIR + PathologyLoss,BraTS2021_00002,31.187239,0.9797301292419434,0.15076546,0.31197771587743733,nan,nan
SwinIR + PathologyLoss,BraTS2021_00002,30.96872,0.9786463379859924,0.15088934,0.6834862385321101,nan,nan
SwinIR + PathologyLoss,BraTS2021_00002,30.456331,0.9759550094604492,0.1577335,0.8109243697478992,nan,nan
SwinIR + PathologyLoss,BraTS2021_00002,30.543213,0.9761051535606384,0.15223241,0.8464849354375896,nan,nan
SwinIR + PathologyLoss,BraTS2021_00002,29.945805,0.9741833806037903,0.15342577,0.8592777085927771,nan,nan
SwinIR + PathologyLoss,BraTS2021_00002,30.544182,0.9765344858169556,0.14397798,0.8624192059095106,nan,nan
SwinIR + PathologyLoss,BraTS2021_00002,30.068314,0.9741700887680054,0.14719124,0.9228070175438596,nan,nan
SwinIR + PathologyLoss,BraTS2021_00002,30.270267,0.9747191667556763,0.14215425,0.854045037531276,nan,nan
SwinIR + PathologyLoss,BraTS2021_00002,30.097153,0.9735369086265564,0.13934551,0.9215384615384615,nan,nan
SwinIR + PathologyLoss,BraTS2021_00002,29.774582,0.9707333445549011,0.14150898,0.9351055512118843,nan,nan
SwinIR + PathologyLoss,BraTS2021_00002,30.145939,0.9718509912490845,0.13759775,0.8596352101506741,nan,nan
SwinIR + PathologyLoss,BraTS2021_00002,30.053461,0.9725123047828674,0.1343286,0.7245873153779322,nan,nan
SwinIR + PathologyLoss,BraTS2021_00002,29.815548,0.9694108366966248,0.14033854,0.0,nan,nan
SwinIR + PathologyLoss,BraTS2021_00002,29.865173,0.9698348641395569,0.1403511,0.021052631578947368,nan,nan
SwinIR + PathologyLoss,BraTS2021_00002,29.712418,0.9696401357650757,0.13912758,0.0,nan,nan
SwinIR + PathologyLoss,BraTS2021_00002,29.408361,0.9670000672340393,0.14342223,0.0,nan,nan
SwinIR + PathologyLoss,BraTS2021_00002,29.431255,0.9659050703048706,0.14063919,0.0,nan,nan
SwinIR + PathologyLoss,BraTS2021_00002,29.139444,0.9640829563140869,0.13963492,0.0,nan,nan
SwinIR + PathologyLoss,BraTS2021_00002,29.171803,0.9583230018615723,0.14202112,0.49966055668703324,0.0,0.0
SwinIR + PathologyLoss,BraTS2021_00002,29.316046,0.9616694450378418,0.13110319,0.42424242424242425,0.0,0.0
SwinIR + PathologyLoss,BraTS2021_00002,29.353592,0.9612671732902527,0.12621681,0.3994252873563218,0.0,0.0
SwinIR + PathologyLoss,BraTS2021_00002,29.744417,0.9619531631469727,0.12218542,0.003260869565217391,nan,nan
SwinIR + PathologyLoss,BraTS2021_00002,29.728405,0.9586788415908813,0.121672325,0.02410755679184052,0.0,0.0
SwinIR + PathologyLoss,BraTS2021_00002,29.798319,0.9577479362487793,0.12071687,0.0,nan,nan
SwinIR + PathologyLoss,BraTS2021_00002,29.906757,0.9592521786689758,0.11642752,0.19123505976095617,0.0,0.0
SwinIR + PathologyLoss,BraTS2021_00002,30.206127,0.9600398540496826,0.114059836,0.040998217468805706,0.0,0.0
SwinIR + PathologyLoss,BraTS2021_00002,30.351929,0.9666464328765869,0.10754117,0.22788605697151423,0.0,0.0
SwinIR + PathologyLoss,BraTS2021_00002,30.497631,0.9659496545791626,0.10686224,0.16095076400679117,0.0,0.0
SwinIR + PathologyLoss,BraTS2021_00002,30.35012,0.9685215950012207,0.10588486,0.26022304832713755,0.0,0.0
SwinIR + PathologyLoss,BraTS2021_00002,30.391315,0.9712756276130676,0.10187577,0.24650193509973206,0.0,0.0
SwinIR + PathologyLoss,BraTS2021_00002,30.378288,0.9705338478088379,0.104787365,0.3012928611579539,0.0,0.0
SwinIR + PathologyLoss,BraTS2021_00002,30.202374,0.9724596738815308,0.10217496,0.5941623350659736,0.15336134453781514,0.17380352644836272
SwinIR + PathologyLoss,BraTS2021_00002,30.246796,0.9701308608055115,0.10210436,0.5171910814753073,0.22296730930427494,0.23842364532019705
SwinIR + PathologyLoss,BraTS2021_00002,30.411243,0.9710236191749573,0.10220447,0.6157546602525557,0.29896907216494845,0.270223752151463
SwinIR + PathologyLoss,BraTS2021_00002,30.302883,0.9703811407089233,0.10320124,0.7099703160467958,0.6614710180224063,0.5499383477188656
SwinIR + PathologyLoss,BraTS2021_00002,30.306335,0.9735187292098999,0.10048287,0.6099290780141844,0.539480657127716,0.40600428877769834
SwinIR + PathologyLoss,BraTS2021_00002,30.481255,0.974129855632782,0.09838663,0.639942989488687,0.5501259445843829,0.4369627507163324
SwinIR + PathologyLoss,BraTS2021_00002,30.498814,0.9765396118164062,0.095772035,0.6877574559235459,0.3546187228766274,0.42908438061041293
SwinIR + PathologyLoss,BraTS2021_00002,30.475561,0.9770969152450562,0.09503142,0.7283689098908261,0.354306658521686,0.48526522593320237
SwinIR + PathologyLoss,BraTS2021_00002,30.705116,0.9787280559539795,0.09233813,0.7340391401989093,0.7637017070979335,0.6613616268788682
SwinIR + PathologyLoss,BraTS2021_00002,30.742027,0.9788442850112915,0.090257674,0.7862275449101797,0.6206185567010309,0.6357487922705314
SwinIR + PathologyLoss,BraTS2021_00002,30.617958,0.9791849255561829,0.09027019,0.7075098814229249,0.5842696629213483,0.5993485342019544
SwinIR + PathologyLoss,BraTS2021_00002,30.501883,0.9786009788513184,0.0913669,0.7297297297297297,0.8263525305410122,0.7470355731225297
SwinIR + PathologyLoss,BraTS2021_00002,30.602524,0.9801620841026306,0.088487945,0.7849569251159708,0.9135200974421437,0.726605504587156
SwinIR + PathologyLoss,BraTS2021_00002,30.507298,0.9797461032867432,0.0892747,0.7210042432814711,0.6377118644067796,0.6195069667738478
SwinIR + PathologyLoss,BraTS2021_00002,30.577614,0.980007529258728,0.09038941,0.7398255813953488,0.8609154929577465,0.6744186046511628
SwinIR + PathologyLoss,BraTS2021_00002,30.75724,0.9792373180389404,0.09046706,0.782128871484514,0.9081761006289308,0.7655838454784899
SwinIR + PathologyLoss,BraTS2021_00002,30.766094,0.9826087951660156,0.0858284,0.8154368411649098,0.918569582076691,0.7622504537205081
SwinIR + PathologyLoss,BraTS2021_00002,30.75013,0.9802007079124451,0.090582706,0.8450137236962488,0.8627264061010487,0.8408710217755444
SwinIR + PathologyLoss,BraTS2021_00002,30.715252,0.9834433794021606,0.085164666,0.8536406878887669,0.4083623693379791,0.560427807486631
SwinIR + PathologyLoss,BraTS2021_00002,30.908356,0.9842729568481445,0.08394294,0.8683671569540123,0.521970705725699,0.6518254674977738
SwinIR + PathologyLoss,BraTS2021_00002,31.157167,0.9847626090049744,0.082659885,0.852464980898672,0.8303826384922901,0.7639553429027113
SwinIR + PathologyLoss,BraTS2021_00002,31.1761,0.9854589104652405,0.0808622,0.8525530694205393,0.8899521531100478,0.7964458804523424
SwinIR + PathologyLoss,BraTS2021_00002,31.579168,0.9853537678718567,0.08023638,0.8503092783505155,0.7958904109589041,0.7193308550185874
SwinIR + PathologyLoss,BraTS2021_00002,31.421787,0.9861699938774109,0.0801878,0.8972520908004779,0.8474320241691843,0.8245787908820614
SwinIR + PathologyLoss,BraTS2021_00002,31.537502,0.9856125116348267,0.08177663,0.908460754332314,0.8635235732009926,0.8493975903614458
SwinIR + PathologyLoss,BraTS2021_00002,31.592054,0.98726886510849,0.07886617,0.895986895986896,0.9240506329113924,0.8925619834710744
SwinIR + PathologyLoss,BraTS2021_00002,31.62577,0.986257016658783,0.08145122,0.936610103374293,0.8713272543059777,0.8483466362599772
SwinIR + PathologyLoss,BraTS2021_00002,31.485834,0.9860965609550476,0.08106125,0.9330445057109098,0.8603491271820449,0.8440111420612814
SwinIR + PathologyLoss,BraTS2021_00002,31.623695,0.9856117963790894,0.08081954,0.9320232604772408,0.8841201716738197,0.8603174603174604
SwinIR + PathologyLoss,BraTS2021_00002,31.529575,0.985882580280304,0.08106958,0.9506172839506173,0.867430441898527,0.8458781362007168
SwinIR + PathologyLoss,BraTS2021_00002,31.461151,0.9829120635986328,0.08447558,0.9621509824198552,0.8451242829827916,0.8266129032258065
SwinIR + PathologyLoss,BraTS2021_00002,31.738394,0.9848065972328186,0.08152461,0.9605207895842083,0.776255707762557,0.7598039215686274
SwinIR + PathologyLoss,BraTS2021_00002,31.469229,0.9815536141395569,0.08631965,0.9604244970152553,0.7749287749287749,0.7865853658536586
SwinIR + PathologyLoss,BraTS2021_00002,31.518366,0.9811118841171265,0.08597672,0.9642772651999054,0.7766323024054983,0.7971014492753623
SwinIR + PathologyLoss,BraTS2021_00002,31.16959,0.9766521453857422,0.09168137,0.9605788423153693,0.837696335078534,0.8315789473684211
SwinIR + PathologyLoss,BraTS2021_00002,31.193792,0.9801697731018066,0.09054926,0.9688841201716738,0.6947368421052632,0.6947368421052632
SwinIR + PathologyLoss,BraTS2021_00002,31.228485,0.979538083076477,0.09085806,0.9544769369912571,0.0,0.0
SwinIR + PathologyLoss,BraTS2021_00002,30.777142,0.9768250584602356,0.09626619,0.9719504240052185,nan,nan
SwinIR + PathologyLoss,BraTS2021_00002,30.920431,0.9772515892982483,0.09534797,0.9788629737609329,nan,nan
SwinIR + PathologyLoss,BraTS2021_00002,30.700611,0.9777169227600098,0.097844295,0.972244250594766,nan,nan
SwinIR + PathologyLoss,BraTS2021_00002,30.755255,0.9762728214263916,0.1011697,0.9651912333476579,nan,nan
SwinIR + PathologyLoss,BraTS2021_00002,30.596424,0.9759402275085449,0.10003321,0.9652471855115027,nan,nan
SwinIR + PathologyLoss,BraTS2021_00002,30.10052,0.9715104699134827,0.10917113,0.9545454545454546,nan,nan
SwinIR + PathologyLoss,BraTS2021_00002,30.218496,0.9739280343055725,0.107703015,0.9526938239159002,nan,nan
SwinIR + PathologyLoss,BraTS2021_00002,29.98972,0.9697224497795105,0.114554375,0.9431920649233544,nan,nan
SwinIR + PathologyLoss,BraTS2021_00002,29.810394,0.9713152647018433,0.11579447,0.9217577706323687,nan,nan
SwinIR + PathologyLoss,BraTS2021_00002,30.03991,0.9720682501792908,0.11578507,0.9658119658119658,nan,nan
SwinIR + PathologyLoss,BraTS2021_00002,29.830471,0.9696292877197266,0.12237085,0.9325153374233128,nan,nan
SwinIR + PathologyLoss,BraTS2021_00002,29.814041,0.9690424799919128,0.12228947,0.8112449799196787,nan,nan
SwinIR + PathologyLoss,BraTS2021_00003,31.01316,0.9728875160217285,0.11385454,0.0,0.0,0.0
SwinIR + PathologyLoss,BraTS2021_00003,31.096458,0.9738211631774902,0.111429885,0.017543859649122806,0.01834862385321101,0.01834862385321101
SwinIR + PathologyLoss,BraTS2021_00003,31.008951,0.9751607775688171,0.10999527,0.577962577962578,0.5952890792291221,0.5952890792291221
SwinIR + PathologyLoss,BraTS2021_00003,31.179764,0.9772687554359436,0.10422291,0.855036855036855,0.8503311258278146,0.8495339547270306
SwinIR + PathologyLoss,BraTS2021_00003,31.054754,0.9775159358978271,0.10636283,0.8858695652173914,0.9130434782608695,0.8678815489749431
SwinIR + PathologyLoss,BraTS2021_00003,31.217438,0.9781215786933899,0.102816135,0.9471228615863142,0.9486725663716814,0.8907741251325557
SwinIR + PathologyLoss,BraTS2021_00003,31.437134,0.9788105487823486,0.09885992,0.9082969432314411,0.8890701468189234,0.8172268907563025
SwinIR + PathologyLoss,BraTS2021_00003,31.554764,0.9779213666915894,0.09991462,0.9393548387096774,0.9370629370629371,0.8595825426944972
SwinIR + PathologyLoss,BraTS2021_00003,31.630947,0.9777963161468506,0.099902645,0.9535962877030162,0.9481765834932822,0.8717015468607825
SwinIR + PathologyLoss,BraTS2021_00003,31.777802,0.979001522064209,0.09492629,0.9139406139909411,0.9609065155807366,0.8776065276518585
SwinIR + PathologyLoss,BraTS2021_00003,31.77925,0.9791840314865112,0.09670489,0.9360981802793059,0.946985446985447,0.8334728033472804
SwinIR + PathologyLoss,BraTS2021_00003,32.127728,0.9793389439582825,0.09436959,0.937522835221045,0.9657907783837383,0.8666100254885302
SwinIR + PathologyLoss,BraTS2021_00003,32.218575,0.9814382791519165,0.08834146,0.9529067879181552,0.9855072463768116,0.9195837275307474
SwinIR + PathologyLoss,BraTS2021_00003,32.216812,0.9809268116950989,0.091982156,0.9623257193711064,0.9597495527728086,0.8589065255731922
SwinIR + PathologyLoss,BraTS2021_00003,32.30674,0.9807528257369995,0.08867254,0.9775407074677148,0.9621903520208605,0.8796380090497737
SwinIR + PathologyLoss,BraTS2021_00003,32.211117,0.9817098379135132,0.08784727,0.9668347041655612,0.9662731871838112,0.8880597014925373
SwinIR + PathologyLoss,BraTS2021_00003,32.22256,0.9824917912483215,0.084913954,0.9710071210579858,0.9608247422680413,0.8414985590778098
SwinIR + PathologyLoss,BraTS2021_00003,32.177216,0.9819915890693665,0.08705119,0.97534516765286,0.9459992116673236,0.8250460405156538
SwinIR + PathologyLoss,BraTS2021_00003,32.269135,0.9830803275108337,0.084845476,0.9840502658289029,0.9659540775930324,0.8497607655502393
SwinIR + PathologyLoss,BraTS2021_00003,32.379242,0.9824119210243225,0.08486716,0.9723730814639906,0.9511077158135982,0.8315217391304348
SwinIR + PathologyLoss,BraTS2021_00003,32.291637,0.9820719957351685,0.08757562,0.9669516986364687,0.9435975609756098,0.8083989501312336
SwinIR + PathologyLoss,BraTS2021_00003,32.202,0.9825165867805481,0.084882,0.9665394116326073,0.9319526627218935,0.8046166529266282
SwinIR + PathologyLoss,BraTS2021_00003,31.794033,0.9823492169380188,0.088049024,0.9763603925066905,0.9588213071401587,0.8454619787408013
SwinIR + PathologyLoss,BraTS2021_00003,31.801983,0.9830982089042664,0.08718733,0.9717391304347827,0.9453874538745387,0.8441754916792739
SwinIR + PathologyLoss,BraTS2021_00003,31.911737,0.9847433567047119,0.08426853,0.9781236853176273,0.9600870827285921,0.8858965272856131
SwinIR + PathologyLoss,BraTS2021_00003,32.076736,0.9836449027061462,0.084480576,0.9837837837837838,0.9801084990958409,0.9212034383954155
SwinIR + PathologyLoss,BraTS2021_00003,31.880886,0.9843252897262573,0.08574816,0.9837133550488599,0.9804063860667634,0.9105003523608175
SwinIR + PathologyLoss,BraTS2021_00003,31.788504,0.981881856918335,0.087753735,0.9755506162861184,0.9716337522441651,0.8903924221921515
SwinIR + PathologyLoss,BraTS2021_00003,31.830067,0.9826874732971191,0.08770046,0.9769200159172304,0.969741159314619,0.8915502328675982
SwinIR + PathologyLoss,BraTS2021_00003,31.856739,0.9841614365577698,0.08719396,0.9778898370830101,0.9389090909090909,0.8365261813537676
SwinIR + PathologyLoss,BraTS2021_00003,31.891819,0.9836028218269348,0.086986415,0.9749325106054763,0.941398865784499,0.8441308531109686
SwinIR + PathologyLoss,BraTS2021_00003,31.509783,0.9837399125099182,0.08834508,0.9778296382730455,0.9796582587469488,0.9053030303030303
SwinIR + PathologyLoss,BraTS2021_00003,31.498537,0.9836947321891785,0.088821806,0.9804073714839961,0.9732528041415013,0.8982951205173427
SwinIR + PathologyLoss,BraTS2021_00003,31.611147,0.9835948348045349,0.089165546,0.9811097992916175,0.9653600729261622,0.905972797161443
SwinIR + PathologyLoss,BraTS2021_00003,31.522015,0.9827844500541687,0.09040144,0.9822204662188858,0.9691931540342298,0.9177914110429448
SwinIR + PathologyLoss,BraTS2021_00003,31.391718,0.9836248755455017,0.09230644,0.9804469273743017,0.9630818619582665,0.9197080291970803
SwinIR + PathologyLoss,BraTS2021_00003,31.35066,0.9802932739257812,0.097321264,0.9767731231854002,0.9630911188004614,0.9230769230769231
SwinIR + PathologyLoss,BraTS2021_00003,31.203499,0.9818224906921387,0.0958131,0.9760705289672544,0.967741935483871,0.9282088469905729
SwinIR + PathologyLoss,BraTS2021_00003,31.129105,0.9820816516876221,0.09578137,0.9732848899337465,0.9597818677573279,0.9361046959199384
SwinIR + PathologyLoss,BraTS2021_00003,30.933485,0.9791368246078491,0.100759104,0.9639519359145527,0.954307116104869,0.9303079416531604
SwinIR + PathologyLoss,BraTS2021_00003,30.872318,0.9794243574142456,0.10282693,0.9687068568798896,0.9466437177280551,0.9218181818181819
SwinIR + PathologyLoss,BraTS2021_00003,30.617313,0.980565071105957,0.10377798,0.9692271552736669,0.8870116156282999,0.8870116156282999
SwinIR + PathologyLoss,BraTS2021_00003,30.392872,0.9801561832427979,0.1055961,0.9716209716209716,0.9062901155327343,0.9062901155327343
SwinIR + PathologyLoss,BraTS2021_00003,30.056496,0.9772132635116577,0.1133463,0.9616935483870968,0.8969889064976229,0.8969889064976229
SwinIR + PathologyLoss,BraTS2021_00003,30.150547,0.9751229882240295,0.1174334,0.9509352127947953,0.9075975359342916,0.9075975359342916
SwinIR + PathologyLoss,BraTS2021_00003,30.106342,0.977709174156189,0.11760249,0.9435927104425803,0.8722741433021807,0.8722741433021807
SwinIR + PathologyLoss,BraTS2021_00003,30.07086,0.9795247316360474,0.11781133,0.9112043913464644,0.16071428571428573,0.16071428571428573
SwinIR + PathologyLoss,BraTS2021_00003,30.013573,0.9789832830429077,0.122386135,0.9212246302029584,0.0,0.0
SwinIR + PathologyLoss,BraTS2021_00003,30.219908,0.9811825752258301,0.11957415,0.9393620750087627,0.0,0.0
SwinIR + PathologyLoss,BraTS2021_00003,30.003176,0.9807382225990295,0.12422213,0.9518453427065027,nan,nan
SwinIR + PathologyLoss,BraTS2021_00003,29.93682,0.9819850921630859,0.12699936,0.9528723770209838,nan,nan
SwinIR + PathologyLoss,BraTS2021_00003,30.085018,0.9819273948669434,0.13041207,0.9351230425055929,nan,nan
SwinIR + PathologyLoss,BraTS2021_00003,30.09114,0.9812880754470825,0.13901201,0.9380315917375456,nan,nan
SwinIR + PathologyLoss,BraTS2021_00003,30.146475,0.9809162616729736,0.14571542,0.9476462824461065,0.0,0.0
SwinIR + PathologyLoss,BraTS2021_00003,30.168213,0.9815851449966431,0.14947511,0.9694656488549618,nan,nan
SwinIR + PathologyLoss,BraTS2021_00003,30.313044,0.9798778295516968,0.16302,0.9526372443487621,nan,nan
SwinIR + PathologyLoss,BraTS2021_00003,30.688473,0.9790918231010437,0.17434289,0.9273743016759777,nan,nan
SwinIR + PathologyLoss,BraTS2021_00003,31.64748,0.9792355298995972,0.18098272,0.8575096277278562,nan,nan
SwinIR + PathologyLoss,BraTS2021_00008,28.617908,0.9628095626831055,0.12491737,0.0,nan,nan
SwinIR + PathologyLoss,BraTS2021_00008,28.959732,0.9657102823257446,0.121539205,0.0,nan,nan
SwinIR + PathologyLoss,BraTS2021_00008,28.80683,0.9640296101570129,0.12083645,0.3602941176470588,nan,nan
SwinIR + PathologyLoss,BraTS2021_00008,29.053623,0.9656946659088135,0.11901726,0.8272921108742004,nan,nan
SwinIR + PathologyLoss,BraTS2021_00008,28.867744,0.9666352868080139,0.11950544,0.7683397683397684,nan,nan
SwinIR + PathologyLoss,BraTS2021_00008,28.620329,0.9628916382789612,0.120786086,0.6752767527675276,nan,nan
SwinIR + PathologyLoss,BraTS2021_00008,28.704817,0.9621087312698364,0.11887431,0.9336941813261164,nan,nan
SwinIR + PathologyLoss,BraTS2021_00008,28.969833,0.9638566374778748,0.116377756,0.9479034307496823,nan,nan
SwinIR + PathologyLoss,BraTS2021_00008,28.82896,0.9631378054618835,0.116825886,0.9681978798586572,nan,nan
SwinIR + PathologyLoss,BraTS2021_00008,28.97242,0.9603138566017151,0.11599995,0.9683972911963883,nan,nan
SwinIR + PathologyLoss,BraTS2021_00008,29.10944,0.9602142572402954,0.11689384,0.9598214285714286,nan,nan
SwinIR + PathologyLoss,BraTS2021_00008,29.417555,0.9624843597412109,0.112972334,0.9517396184062851,0.0,0.0
SwinIR + PathologyLoss,BraTS2021_00008,29.568783,0.9661316275596619,0.109792024,0.9693121693121693,0.0,0.0
SwinIR + PathologyLoss,BraTS2021_00008,29.569475,0.9670373797416687,0.107781954,0.9601634320735445,0.0,0.0
SwinIR + PathologyLoss,BraTS2021_00008,29.604992,0.9662473201751709,0.10936434,0.959917780061665,0.0,0.0
SwinIR + PathologyLoss,BraTS2021_00008,29.390022,0.9667484760284424,0.10860847,0.9663865546218487,nan,nan
SwinIR + PathologyLoss,BraTS2021_00008,29.515049,0.9676425457000732,0.108752385,0.9648760330578512,nan,nan
SwinIR + PathologyLoss,BraTS2021_00008,29.555433,0.9641464352607727,0.10988769,0.9556025369978859,nan,nan
SwinIR + PathologyLoss,BraTS2021_00008,29.569569,0.9659411311149597,0.107900746,0.9465968586387434,nan,nan
SwinIR + PathologyLoss,BraTS2021_00008,29.649408,0.9663212895393372,0.10583111,0.9601722282023681,nan,nan
SwinIR + PathologyLoss,BraTS2021_00008,29.46228,0.9612779021263123,0.111311294,0.9340540540540541,nan,nan
SwinIR + PathologyLoss,BraTS2021_00008,29.802654,0.9616476893424988,0.10774092,0.9724972497249725,nan,nan
SwinIR + PathologyLoss,BraTS2021_00008,29.801804,0.956716775894165,0.109372176,0.9229024943310657,nan,nan
SwinIR + PathologyLoss,BraTS2021_00008,29.675018,0.9568676352500916,0.10867148,0.9328358208955224,nan,nan
SwinIR + PathologyLoss,BraTS2021_00008,29.613161,0.9615270495414734,0.10876283,0.9391534391534392,nan,nan
SwinIR + PathologyLoss,BraTS2021_00008,29.79551,0.9607947468757629,0.10695418,0.869684499314129,nan,nan
SwinIR + PathologyLoss,BraTS2021_00008,30.033253,0.9641550779342651,0.10536485,0.7824817518248175,nan,nan
SwinIR + PathologyLoss,BraTS2021_00008,30.030832,0.964739978313446,0.10419527,0.7254901960784313,nan,nan
SwinIR + PathologyLoss,BraTS2021_00008,29.892597,0.9640086889266968,0.1057269,0.7804054054054054,nan,nan
SwinIR + PathologyLoss,BraTS2021_00008,30.013191,0.9698345065116882,0.10173809,0.5836909871244635,nan,nan
SwinIR + PathologyLoss,BraTS2021_00008,30.06342,0.9696902632713318,0.10122837,0.5370370370370371,nan,nan
SwinIR + PathologyLoss,BraTS2021_00008,30.138367,0.9701331257820129,0.099787235,0.6765799256505576,nan,nan
SwinIR + PathologyLoss,BraTS2021_00009,26.548077,0.955589234828949,0.13638921,nan,nan,nan
SwinIR + PathologyLoss,BraTS2021_00009,26.548416,0.9566084146499634,0.136781,nan,nan,nan
SwinIR + PathologyLoss,BraTS2021_00009,26.49581,0.9563787579536438,0.13780984,nan,nan,nan
SwinIR + PathologyLoss,BraTS2021_00009,26.559689,0.956965982913971,0.13604732,nan,nan,nan
SwinIR + PathologyLoss,BraTS2021_00009,26.603546,0.9571762084960938,0.1373602,nan,nan,nan
SwinIR + PathologyLoss,BraTS2021_00009,26.69481,0.9561263918876648,0.13734946,nan,nan,nan
SwinIR + PathologyLoss,BraTS2021_00009,26.706741,0.9546123147010803,0.139808,0.0,0.0,0.0
SwinIR + PathologyLoss,BraTS2021_00009,26.547792,0.9560385346412659,0.1374837,nan,nan,nan
SwinIR + PathologyLoss,BraTS2021_00009,26.5399,0.9567930698394775,0.13810572,nan,nan,nan
SwinIR + PathologyLoss,BraTS2021_00009,26.580551,0.9620075821876526,0.1323799,nan,nan,nan
SwinIR + PathologyLoss,BraTS2021_00009,26.706245,0.9573819041252136,0.13647886,0.0,0.0,0.0
SwinIR + PathologyLoss,BraTS2021_00009,26.763552,0.958585262298584,0.13528761,0.0,0.0,0.0
SwinIR + PathologyLoss,BraTS2021_00009,26.516563,0.9617461562156677,0.13190347,nan,nan,nan
SwinIR + PathologyLoss,BraTS2021_00009,26.847506,0.9607176780700684,0.13111284,nan,nan,nan
SwinIR + PathologyLoss,BraTS2021_00009,26.459202,0.9559440016746521,0.13842358,nan,nan,nan
SwinIR + PathologyLoss,BraTS2021_00009,26.679945,0.9582986235618591,0.13363631,nan,nan,nan
SwinIR + PathologyLoss,BraTS2021_00009,26.725645,0.9607189297676086,0.13252166,nan,nan,nan
SwinIR + PathologyLoss,BraTS2021_00009,26.759806,0.9608702063560486,0.13178705,0.0,nan,nan
SwinIR + PathologyLoss,BraTS2021_00009,26.54816,0.9592791199684143,0.1332514,0.0,nan,nan
SwinIR + PathologyLoss,BraTS2021_00009,26.609575,0.9593387246131897,0.1325882,nan,nan,nan
SwinIR + PathologyLoss,BraTS2021_00009,26.646015,0.9570615887641907,0.13574846,0.0,nan,nan
SwinIR + PathologyLoss,BraTS2021_00009,26.678947,0.9618902206420898,0.13005172,nan,nan,nan
SwinIR + PathologyLoss,BraTS2021_00009,26.868309,0.9648118615150452,0.12705529,nan,nan,nan
SwinIR + PathologyLoss,BraTS2021_00009,26.856922,0.9637371301651001,0.12907545,nan,nan,nan
SwinIR + PathologyLoss,BraTS2021_00009,26.87864,0.9622268676757812,0.1290991,nan,nan,nan
SwinIR + PathologyLoss,BraTS2021_00009,27.067177,0.9669171571731567,0.12471047,0.0,nan,nan
SwinIR + PathologyLoss,BraTS2021_00009,27.261864,0.9682832360267639,0.122354455,0.0,nan,nan
SwinIR + PathologyLoss,BraTS2021_00009,27.211304,0.9666683077812195,0.1227741,0.0,nan,nan
SwinIR + PathologyLoss,BraTS2021_00009,27.151512,0.9679811596870422,0.1201301,0.8125,nan,nan
SwinIR + PathologyLoss,BraTS2021_00009,26.993694,0.9644439816474915,0.1256261,0.8390501319261213,0.0,0.0
SwinIR + PathologyLoss,BraTS2021_00009,27.265877,0.9676375985145569,0.11933093,0.7101827676240209,nan,nan
SwinIR + PathologyLoss,BraTS2021_00009,27.043207,0.9627043604850769,0.12537153,0.006711409395973154,nan,nan
SwinIR + PathologyLoss,BraTS2021_00009,27.052242,0.9621076583862305,0.12447475,0.8698412698412699,nan,nan
SwinIR + PathologyLoss,BraTS2021_00009,27.141378,0.9624001383781433,0.12658839,0.6600660066006601,nan,nan
SwinIR + PathologyLoss,BraTS2021_00009,27.210548,0.9680569767951965,0.119226545,0.8811013767209012,nan,nan
SwinIR + PathologyLoss,BraTS2021_00009,26.980703,0.9659565687179565,0.12207639,0.8886509635974305,nan,nan
SwinIR + PathologyLoss,BraTS2021_00009,27.13112,0.9679276943206787,0.11849257,0.9283720930232559,0.0,0.0
SwinIR + PathologyLoss,BraTS2021_00009,27.019613,0.9647203683853149,0.12174487,0.9089301503094607,nan,nan
SwinIR + PathologyLoss,BraTS2021_00009,26.886147,0.964013934135437,0.12589824,0.9638364779874213,0.4367816091954023,0.4367816091954023
SwinIR + PathologyLoss,BraTS2021_00009,26.966011,0.9670758843421936,0.12172326,0.9720754716981133,0.7135135135135136,0.7135135135135136
SwinIR + PathologyLoss,BraTS2021_00009,26.856691,0.964080810546875,0.12447695,0.956060606060606,0.749003984063745,0.749003984063745
SwinIR + PathologyLoss,BraTS2021_00009,26.808832,0.9621230363845825,0.12734225,0.9604772557792692,0.8450704225352113,0.8102189781021898
SwinIR + PathologyLoss,BraTS2021_00009,26.642082,0.9632954001426697,0.1263658,0.9684684684684685,0.9274447949526814,0.845360824742268
SwinIR + PathologyLoss,BraTS2021_00009,26.477697,0.9620503783226013,0.12772639,0.9576597382602001,0.8926553672316384,0.7781350482315113
SwinIR + PathologyLoss,BraTS2021_00009,26.33129,0.9598318934440613,0.13264713,0.9779467680608365,0.7981438515081206,0.6631299734748011
SwinIR + PathologyLoss,BraTS2021_00009,26.389069,0.9544798135757446,0.13872476,0.96045197740113,0.8919667590027701,0.7730496453900709
SwinIR + PathologyLoss,BraTS2021_00009,26.429008,0.9547088742256165,0.13868651,0.9655172413793104,0.7547974413646056,0.5449871465295629
SwinIR + PathologyLoss,BraTS2021_00009,26.363306,0.9576064348220825,0.1358378,0.9451697127937336,0.9115281501340483,0.7560137457044673
SwinIR + PathologyLoss,BraTS2021_00009,26.026308,0.9581130146980286,0.13806355,0.9574660633484163,0.896551724137931,0.757679180887372
SwinIR + PathologyLoss,BraTS2021_00009,26.3204,0.954928994178772,0.14272502,0.925,0.8866666666666667,0.7985074626865671
SwinIR + PathologyLoss,BraTS2021_00009,26.238022,0.9543131589889526,0.14157692,0.910377358490566,0.9090909090909091,0.8823529411764706
SwinIR + PathologyLoss,BraTS2021_00009,25.955078,0.9558901190757751,0.14546011,0.9566294919454771,0.8275862068965517,0.8275862068965517
SwinIR + PathologyLoss,BraTS2021_00009,26.114618,0.9559074640274048,0.14590313,0.9201183431952663,0.5806451612903226,0.5806451612903226
SwinIR + PathologyLoss,BraTS2021_00009,25.854675,0.9556863307952881,0.14846691,0.768595041322314,0.0,0.0
SwinIR + PathologyLoss,BraTS2021_00009,26.018526,0.9586372971534729,0.14852366,0.56,nan,nan
SwinIR + PathologyLoss,BraTS2021_00009,25.928791,0.9604150652885437,0.14997798,0.6556291390728477,nan,nan
SwinIR + PathologyLoss,BraTS2021_00014,31.787464,0.9833167791366577,0.1538664,0.0,nan,nan
SwinIR + PathologyLoss,BraTS2021_00014,31.460752,0.9841293692588806,0.14729126,0.0,nan,nan
SwinIR + PathologyLoss,BraTS2021_00014,31.309595,0.9839250445365906,0.14589073,0.0,nan,nan
SwinIR + PathologyLoss,BraTS2021_00014,31.099365,0.9847685694694519,0.14003937,0.0,nan,nan
SwinIR + PathologyLoss,BraTS2021_00014,31.107704,0.9850365519523621,0.13711429,0.0,nan,nan
SwinIR + PathologyLoss,BraTS2021_00014,31.409576,0.9853565692901611,0.132992,0.0,nan,nan
SwinIR + PathologyLoss,BraTS2021_00014,30.948277,0.9850406050682068,0.1335816,0.042643923240938165,nan,nan
SwinIR + PathologyLoss,BraTS2021_00014,30.886621,0.984581470489502,0.13435319,0.01284796573875803,nan,nan
SwinIR + PathologyLoss,BraTS2021_00014,30.92087,0.9850727915763855,0.13046294,0.5136897001303781,0.0,0.0
SwinIR + PathologyLoss,BraTS2021_00014,30.334585,0.9840046167373657,0.13365088,0.2326241134751773,0.0,0.0
SwinIR + PathologyLoss,BraTS2021_00014,29.83722,0.982048749923706,0.1369392,0.20607661822985468,0.0,0.0
SwinIR + PathologyLoss,BraTS2021_00014,29.655426,0.9809548854827881,0.13725877,0.8385579937304075,0.47058823529411764,0.47058823529411764
SwinIR + PathologyLoss,BraTS2021_00014,29.2787,0.9787604808807373,0.13729638,0.7484276729559748,0.575,0.575
SwinIR + PathologyLoss,BraTS2021_00014,29.114828,0.9775434732437134,0.13456845,0.8580562659846548,0.7659574468085106,0.7659574468085106
SwinIR + PathologyLoss,BraTS2021_00014,29.020803,0.9758697152137756,0.13353537,0.8336211859527922,0.8192771084337349,0.8192771084337349
SwinIR + PathologyLoss,BraTS2021_00014,28.735622,0.9756698608398438,0.12892175,0.8692774407060121,0.7628865979381443,0.7628865979381443
SwinIR + PathologyLoss,BraTS2021_00014,28.687746,0.9728308916091919,0.12995675,0.8803329864724245,0.38372093023255816,0.38372093023255816
SwinIR + PathologyLoss,BraTS2021_00014,28.717978,0.9709932804107666,0.12682094,0.6473131562693021,0.1092896174863388,0.1092896174863388
SwinIR + PathologyLoss,BraTS2021_00014,28.617355,0.9702870845794678,0.12420892,0.5452196382428941,0.40963855421686746,0.40963855421686746
SwinIR + PathologyLoss,BraTS2021_00014,28.600958,0.9713284969329834,0.11939357,0.7659115426105717,0.5763888888888888,0.5763888888888888
SwinIR + PathologyLoss,BraTS2021_00014,28.812164,0.9697454571723938,0.117097,0.5077208153180975,0.3346613545816733,0.336
SwinIR + PathologyLoss,BraTS2021_00014,28.634434,0.970806360244751,0.11448696,0.8005644402634055,0.6590257879656161,0.6551724137931034
SwinIR + PathologyLoss,BraTS2021_00014,28.790438,0.9686453342437744,0.11605855,0.716037273173124,0.6642335766423357,0.6642335766423357
SwinIR + PathologyLoss,BraTS2021_00014,28.595108,0.9658012390136719,0.11515062,0.650251256281407,0.7410071942446043,0.7463768115942029
SwinIR + PathologyLoss,BraTS2021_00014,28.634335,0.9652331471443176,0.11388545,0.5783783783783784,0.8108108108108109,0.8108108108108109
SwinIR + PathologyLoss,BraTS2021_00014,28.689098,0.9622066020965576,0.114239626,0.4702484113229347,0.6175115207373272,0.6175115207373272
SwinIR + PathologyLoss,BraTS2021_00014,28.793118,0.9646444320678711,0.11101272,0.572972972972973,0.7644787644787645,0.7644787644787645
SwinIR + PathologyLoss,BraTS2021_00014,28.799847,0.9661039710044861,0.10814465,0.5566448801742919,0.7807017543859649,0.7807017543859649
SwinIR + PathologyLoss,BraTS2021_00014,29.095516,0.9634871482849121,0.10850571,0.3592662871600253,0.0,0.0
SwinIR + PathologyLoss,BraTS2021_00014,29.027765,0.9664160013198853,0.10533639,0.2925877763328999,0.0,0.0
SwinIR + PathologyLoss,BraTS2021_00014,28.850515,0.9633387327194214,0.10935111,0.5209713024282561,0.8346456692913385,0.8346456692913385
SwinIR + PathologyLoss,BraTS2021_00014,28.843863,0.9662419557571411,0.10592864,0.40213523131672596,0.0,0.0
SwinIR + PathologyLoss,BraTS2021_00014,28.86222,0.9686485528945923,0.104053825,0.5456498388829216,0.0,0.0
SwinIR + PathologyLoss,BraTS2021_00014,28.945835,0.9704133868217468,0.10381177,0.6858560794044665,nan,nan
SwinIR + PathologyLoss,BraTS2021_00014,28.96475,0.9699943661689758,0.10472511,0.8095909732016925,0.0,0.0
SwinIR + PathologyLoss,BraTS2021_00014,28.757542,0.9696070551872253,0.1055964,0.5311688311688312,nan,nan
SwinIR + PathologyLoss,BraTS2021_00014,28.863705,0.9669636487960815,0.11007386,0.6387832699619772,0.0,0.0
SwinIR + PathologyLoss,BraTS2021_00014,28.921997,0.9707998633384705,0.103777245,0.6401384083044983,nan,nan
SwinIR + PathologyLoss,BraTS2021_00014,28.964388,0.9713655710220337,0.1057168,0.7477386934673367,nan,nan
SwinIR + PathologyLoss,BraTS2021_00014,29.041954,0.9750241637229919,0.10179238,0.747279322853688,nan,nan
SwinIR + PathologyLoss,BraTS2021_00014,29.104292,0.975328266620636,0.10072367,0.3991769547325103,0.0,0.0
SwinIR + PathologyLoss,BraTS2021_00014,29.24535,0.9757129549980164,0.098437294,0.3630769230769231,nan,nan
SwinIR + PathologyLoss,BraTS2021_00014,29.291098,0.9748314023017883,0.10125173,0.1471861471861472,nan,nan
SwinIR + PathologyLoss,BraTS2021_00018,29.636234,0.9716664552688599,0.10654213,0.5778781038374717,nan,nan
SwinIR + PathologyLoss,BraTS2021_00018,29.752863,0.9713238477706909,0.108203866,0.838074398249453,nan,nan
SwinIR + PathologyLoss,BraTS2021_00018,30.10505,0.9750910401344299,0.09945507,0.8862745098039215,0.0,0.0
SwinIR + PathologyLoss,BraTS2021_00018,30.037373,0.9762841463088989,0.09817998,0.9065583284968078,0.05847953216374269,0.05847953216374269
SwinIR + PathologyLoss,BraTS2021_00018,29.98561,0.9751712679862976,0.10062,0.8830188679245283,0.0,0.0
SwinIR + PathologyLoss,BraTS2021_00018,29.938591,0.9792031049728394,0.09442757,0.9496904024767802,0.0,0.0
SwinIR + PathologyLoss,BraTS2021_00018,30.19676,0.9812221527099609,0.09210523,0.9257460097154754,0.0,0.0
SwinIR + PathologyLoss,BraTS2021_00018,30.681171,0.9820461273193359,0.08807326,0.9568323905924382,0.0,0.0
SwinIR + PathologyLoss,BraTS2021_00018,30.512552,0.9840469360351562,0.08567151,0.9737351396184684,0.0,0.0
SwinIR + PathologyLoss,BraTS2021_00018,30.355902,0.984133243560791,0.086289585,0.9458503401360544,0.0,0.0
SwinIR + PathologyLoss,BraTS2021_00018,30.418,0.9851346015930176,0.08490288,0.9176654507556019,0.0,0.0
SwinIR + PathologyLoss,BraTS2021_00018,30.420263,0.9851393103599548,0.08407859,0.9365877004067958,0.012048192771084338,0.012048192771084338
SwinIR + PathologyLoss,BraTS2021_00018,30.423582,0.9856254458427429,0.08265985,0.9441715051362215,0.17635658914728683,0.18958333333333333
SwinIR + PathologyLoss,BraTS2021_00018,30.232811,0.9871183037757874,0.08120881,0.9645742697327533,0.3162003903708523,0.35958395245170877
SwinIR + PathologyLoss,BraTS2021_00018,29.98599,0.9858909249305725,0.085458755,0.9434889434889435,0.39723661485319517,0.45544554455445546
SwinIR + PathologyLoss,BraTS2021_00018,30.134218,0.9858306646347046,0.08551561,0.9360160965794768,0.4356826022671267,0.47956403269754766
SwinIR + PathologyLoss,BraTS2021_00018,30.083494,0.9858404397964478,0.08578068,0.9503765205638154,0.6600835548803646,0.6291079812206573
SwinIR + PathologyLoss,BraTS2021_00018,30.089262,0.9855713844299316,0.086950935,0.9589810825997378,0.7953764448609809,0.6084568918176826
SwinIR + PathologyLoss,BraTS2021_00018,30.02349,0.9866110682487488,0.08482264,0.9501212331139591,0.8502109704641351,0.5551643192488263
SwinIR + PathologyLoss,BraTS2021_00018,30.053486,0.9876653552055359,0.08187672,0.9380651765910254,0.8370656370656371,0.4825362708221386
SwinIR + PathologyLoss,BraTS2021_00018,30.017475,0.9870293140411377,0.083753996,0.9469071296140232,0.8416266734023743,0.48697394789579157
SwinIR + PathologyLoss,BraTS2021_00018,30.21251,0.9875569343566895,0.08080641,0.9325914149443562,0.8729157278053177,0.4844961240310077
SwinIR + PathologyLoss,BraTS2021_00018,29.924534,0.986228883266449,0.0845326,0.9292740046838408,0.8508849557522123,0.5532286212914486
SwinIR + PathologyLoss,BraTS2021_00018,29.973877,0.9868100881576538,0.08205407,0.9306535747161706,0.8325379609544469,0.5375110326566638
SwinIR + PathologyLoss,BraTS2021_00018,30.000517,0.9854713678359985,0.08572618,0.9539657853810264,0.8185576481396417,0.514870794734276
SwinIR + PathologyLoss,BraTS2021_00018,29.881153,0.9853925704956055,0.08637156,0.9523189585028479,0.8097185470291075,0.473416551086454
SwinIR + PathologyLoss,BraTS2021_00018,30.016304,0.9852796196937561,0.08421295,0.9618537200504413,0.8980099502487562,0.47506561679790027
SwinIR + PathologyLoss,BraTS2021_00018,30.172188,0.984256386756897,0.08404123,0.9756488305030439,0.862930452397029,0.5496378355347252
SwinIR + PathologyLoss,BraTS2021_00018,30.152325,0.9836981892585754,0.0861624,0.9171909539194014,0.6590364652648389,0.4914391485423415
SwinIR + PathologyLoss,BraTS2021_00018,30.471012,0.9821940064430237,0.0863377,0.9369973190348525,0.8514757969303424,0.6188579017264276
SwinIR + PathologyLoss,BraTS2021_00018,30.217104,0.9832236170768738,0.08372625,0.9504685408299867,0.7531742001015744,0.5270958777211672
SwinIR + PathologyLoss,BraTS2021_00018,30.304295,0.9810164570808411,0.08644316,0.9821312540610786,0.8539274230592558,0.5324794144556267
SwinIR + PathologyLoss,BraTS2021_00018,30.607805,0.9827734231948853,0.082044184,0.9806724053922364,0.8998918918918919,0.5066798614547254
SwinIR + PathologyLoss,BraTS2021_00018,30.558414,0.9833970069885254,0.08198733,0.9648920388989616,0.8033175355450237,0.4975871313672922
SwinIR + PathologyLoss,BraTS2021_00018,30.453922,0.9818800091743469,0.08564207,0.9502171734046108,0.671306209850107,0.49013747758517634
SwinIR + PathologyLoss,BraTS2021_00018,30.351715,0.981913149356842,0.08350618,0.9698558322411533,0.7822522305280926,0.5429962141698216
SwinIR + PathologyLoss,BraTS2021_00018,30.689274,0.9839625954627991,0.08070629,0.9848755895267524,0.8722247394653375,0.5772870662460567
SwinIR + PathologyLoss,BraTS2021_00018,30.839886,0.9837445616722107,0.080528356,0.9759256184625602,0.6601146601146601,0.562955254942768
SwinIR + PathologyLoss,BraTS2021_00018,30.612762,0.9834488034248352,0.08127862,0.972418432559704,0.8504088504088504,0.649390243902439
SwinIR + PathologyLoss,BraTS2021_00018,30.775234,0.9830817580223083,0.082799256,0.9634812286689419,0.8640659074388175,0.5970453387671931
SwinIR + PathologyLoss,BraTS2021_00018,30.518597,0.9832937121391296,0.08389418,0.9594993916217626,0.7964601769911505,0.538135593220339
SwinIR + PathologyLoss,BraTS2021_00018,30.263287,0.980256199836731,0.08885763,0.9433026222537207,0.8124198101103413,0.484304932735426
SwinIR + PathologyLoss,BraTS2021_00018,30.2486,0.9819872975349426,0.086129576,0.9592487597448618,0.8593311207556804,0.5593719332679097
SwinIR + PathologyLoss,BraTS2021_00018,30.130386,0.979571521282196,0.09075792,0.9471413160733549,0.8898912178296631,0.6221315655277919
SwinIR + PathologyLoss,BraTS2021_00018,29.904377,0.9784371256828308,0.09363462,0.959520784171356,0.8810307017543859,0.5952740070387129
SwinIR + PathologyLoss,BraTS2021_00018,30.004742,0.9796608686447144,0.09290384,0.9548289548289548,0.7192866578599736,0.4672268907563025
SwinIR + PathologyLoss,BraTS2021_00018,30.013977,0.9787749648094177,0.09581773,0.9419607843137255,0.7681660899653979,0.5235661555934128
SwinIR + PathologyLoss,BraTS2021_00018,29.874895,0.9794749021530151,0.097591594,0.9387837293596456,0.6489065606361829,0.34675767918088735
SwinIR + PathologyLoss,BraTS2021_00018,29.8685,0.9799391031265259,0.09689277,0.920839393309786,0.6865177832919769,0.4192900200937709
SwinIR + PathologyLoss,BraTS2021_00018,29.578182,0.9788751602172852,0.10110644,0.8823004904146232,0.5223802001053186,0.2625341841385597
SwinIR + PathologyLoss,BraTS2021_00018,29.572227,0.9777059555053711,0.10607613,0.8850796716562047,0.60207991242474,0.3653355989804588
SwinIR + PathologyLoss,BraTS2021_00018,29.444368,0.9781408309936523,0.107694775,0.8571428571428571,0.17115689381933438,0.18265895953757225
SwinIR + PathologyLoss,BraTS2021_00018,29.418262,0.9780489206314087,0.109681584,0.8215488215488216,0.06338028169014084,0.07766990291262135
SwinIR + PathologyLoss,BraTS2021_00018,29.44855,0.9781074523925781,0.11187949,0.8551258440761204,0.0729064039408867,0.0607661822985469
SwinIR + PathologyLoss,BraTS2021_00018,29.554794,0.9771294593811035,0.11455333,0.8062068965517242,0.3215258855585831,0.2684729064039409
SwinIR + PathologyLoss,BraTS2021_00018,29.389725,0.9780375957489014,0.116371445,0.7856876630637346,0.060133630289532294,0.07222222222222222
SwinIR + PathologyLoss,BraTS2021_00018,29.684011,0.9794061183929443,0.11508441,0.7177554438860971,0.02059202059202059,0.024279210925644917
SwinIR + PathologyLoss,BraTS2021_00018,29.887276,0.979884147644043,0.11739883,0.7681289167412713,0.21676300578034682,0.228310502283105
SwinIR + PathologyLoss,BraTS2021_00018,29.780949,0.9815013408660889,0.115151264,0.7951037786056413,0.2878787878787879,0.2878787878787879
SwinIR + PathologyLoss,BraTS2021_00018,29.526913,0.980019211769104,0.12360305,0.7894406033940917,0.5116279069767442,0.5116279069767442
SwinIR + PathologyLoss,BraTS2021_00018,29.75243,0.9801725149154663,0.12478546,0.7384382107657316,0.0,0.0
SwinIR + PathologyLoss,BraTS2021_00018,29.677414,0.980502188205719,0.12706196,0.7551789077212806,nan,nan
SwinIR + PathologyLoss,BraTS2021_00018,29.88346,0.9799458384513855,0.13158354,0.7296898079763663,0.0,0.0
SwinIR + PathologyLoss,BraTS2021_00018,29.880236,0.9798566102981567,0.13653053,0.7806122448979592,nan,nan
SwinIR + PathologyLoss,BraTS2021_00019,31.62572,0.9794880151748657,0.12007723,0.0,nan,nan
SwinIR + PathologyLoss,BraTS2021_00019,31.215303,0.9780473113059998,0.12378884,0.018140589569160998,nan,nan
SwinIR + PathologyLoss,BraTS2021_00019,31.343039,0.9773176312446594,0.12453959,0.4531645569620253,nan,nan
SwinIR + PathologyLoss,BraTS2021_00019,31.31996,0.9780045747756958,0.12141948,0.6493738819320215,nan,nan
SwinIR + PathologyLoss,BraTS2021_00019,31.072346,0.9757834076881409,0.12597357,0.6494156928213689,nan,nan
SwinIR + PathologyLoss,BraTS2021_00019,31.153694,0.9772070050239563,0.12168334,0.8397645519947678,nan,nan
SwinIR + PathologyLoss,BraTS2021_00019,31.067883,0.9772111773490906,0.11957876,0.9014084507042254,nan,nan
SwinIR + PathologyLoss,BraTS2021_00019,31.078167,0.974841296672821,0.122770414,0.858728557013118,nan,nan
SwinIR + PathologyLoss,BraTS2021_00019,30.85896,0.9722035527229309,0.12448889,0.8881441139505656,0.7070707070707071,0.7070707070707071
SwinIR + PathologyLoss,BraTS2021_00019,30.56002,0.9701126217842102,0.12362246,0.9199695121951219,0.8163265306122449,0.8163265306122449
SwinIR + PathologyLoss,BraTS2021_00019,30.894615,0.9749664664268494,0.11579158,0.9189575151731525,0.8385269121813032,0.815028901734104
SwinIR + PathologyLoss,BraTS2021_00019,31.12511,0.9774879217147827,0.10933043,0.9012760241773002,0.7727272727272727,0.7794117647058824
SwinIR + PathologyLoss,BraTS2021_00019,30.78945,0.9768369197845459,0.11130931,0.935672514619883,0.5816993464052288,0.6984126984126984
SwinIR + PathologyLoss,BraTS2021_00019,30.811691,0.9768115282058716,0.11131707,0.9220246238030095,0.5519287833827893,0.6456140350877193
SwinIR + PathologyLoss,BraTS2021_00019,31.008907,0.975337564945221,0.10886475,0.8256045519203414,0.7605633802816901,0.7023172905525846
SwinIR + PathologyLoss,BraTS2021_00019,30.808527,0.9747517108917236,0.10975821,0.9098858392033033,0.5089605734767025,0.6237623762376238
SwinIR + PathologyLoss,BraTS2021_00019,31.102787,0.9780230522155762,0.10354136,0.9257447754557581,0.31228473019517794,0.544
SwinIR + PathologyLoss,BraTS2021_00019,31.109285,0.9775726795196533,0.10291681,0.9147690305790501,0.6754032258064516,0.6862442040185471
SwinIR + PathologyLoss,BraTS2021_00019,31.2085,0.9790219068527222,0.099571764,0.9129129129129129,0.5934328358208956,0.6204564666103127
SwinIR + PathologyLoss,BraTS2021_00019,31.13803,0.9800370335578918,0.097283274,0.9265212399540758,0.7530006317119393,0.7816843826655765
SwinIR + PathologyLoss,BraTS2021_00019,31.465622,0.9816240072250366,0.09350294,0.92819866834623,0.7175572519083969,0.8015686274509803
SwinIR + PathologyLoss,BraTS2021_00019,31.413374,0.98261958360672,0.09290336,0.9400762036716315,0.8072429906542056,0.7997189037245257
SwinIR + PathologyLoss,BraTS2021_00019,31.55308,0.9840013384819031,0.08861259,0.9327415500170707,0.8258977149075082,0.8284250960307298
SwinIR + PathologyLoss,BraTS2021_00019,31.63488,0.9855536818504333,0.08682514,0.9532212418844681,0.8047337278106509,0.8289384719405003
SwinIR + PathologyLoss,BraTS2021_00019,31.72349,0.9832302331924438,0.089651786,0.9436262061960387,0.8716177317213587,0.8474820143884892
SwinIR + PathologyLoss,BraTS2021_00019,31.739397,0.9834460616111755,0.08807374,0.9442089197897235,0.8920953575909661,0.8656934306569343
SwinIR + PathologyLoss,BraTS2021_00019,31.932852,0.9865910410881042,0.08334213,0.9561859996642605,0.8423676012461059,0.8402725208175624
SwinIR + PathologyLoss,BraTS2021_00019,31.906412,0.985992968082428,0.08236365,0.9416904721895479,0.8106312292358804,0.8342857142857143
SwinIR + PathologyLoss,BraTS2021_00019,32.185616,0.9836479425430298,0.08511466,0.913751298926221,0.8536184210526315,0.8369565217391305
SwinIR + PathologyLoss,BraTS2021_00019,32.071083,0.9831973910331726,0.086037174,0.9124820659971306,0.732421875,0.7686915887850467
SwinIR + PathologyLoss,BraTS2021_00019,32.19809,0.9865034818649292,0.081282094,0.9148135477249402,0.4760076775431862,0.48897795591182364
SwinIR + PathologyLoss,BraTS2021_00019,32.102646,0.9832144379615784,0.0888746,0.9238219407710934,0.7331887201735358,0.7373068432671082
SwinIR + PathologyLoss,BraTS2021_00019,32.071907,0.9849243760108948,0.085656226,0.9471381698869851,0.6024096385542169,0.6424870466321243
SwinIR + PathologyLoss,BraTS2021_00019,32.01927,0.9839803576469421,0.08594992,0.9163498098859315,0.3709677419354839,0.379746835443038
SwinIR + PathologyLoss,BraTS2021_00019,32.236973,0.983806312084198,0.08579707,0.9131335971358583,0.8170731707317073,0.8167202572347267
SwinIR + PathologyLoss,BraTS2021_00019,32.131386,0.9849046468734741,0.08361552,0.8919688627302069,0.8469750889679716,0.8428571428571429
SwinIR + PathologyLoss,BraTS2021_00019,32.201496,0.9856832027435303,0.0826161,0.9123257520176082,0.7090909090909091,0.7090909090909091
SwinIR + PathologyLoss,BraTS2021_00019,32.076332,0.9827463030815125,0.08774834,0.8915032679738563,0.6993865030674846,0.7261146496815286
SwinIR + PathologyLoss,BraTS2021_00019,31.989262,0.9844936728477478,0.08448198,0.8608678731270675,0.5106382978723404,0.5106382978723404
SwinIR + PathologyLoss,BraTS2021_00019,32.264885,0.983679473400116,0.08484772,0.8839946838807671,0.0,0.0
SwinIR + PathologyLoss,BraTS2021_00019,32.251926,0.9848317503929138,0.08226543,0.8544031311154598,nan,nan
SwinIR + PathologyLoss,BraTS2021_00019,32.156082,0.9830836057662964,0.08519047,0.8192473781616286,nan,nan
SwinIR + PathologyLoss,BraTS2021_00019,32.258865,0.983139157295227,0.08504627,0.8049281314168378,nan,nan
SwinIR + PathologyLoss,BraTS2021_00019,32.3632,0.9842125177383423,0.082468696,0.7972626176218991,nan,nan
SwinIR + PathologyLoss,BraTS2021_00019,32.2224,0.9854714274406433,0.08070044,0.8495758328160563,nan,nan
SwinIR + PathologyLoss,BraTS2021_00019,32.207558,0.9848534464836121,0.08268481,0.7949828962371722,nan,nan
SwinIR + PathologyLoss,BraTS2021_00019,32.42807,0.9841305613517761,0.08255124,0.7925769321118158,nan,nan
SwinIR + PathologyLoss,BraTS2021_00019,32.633183,0.9863934516906738,0.078619406,0.7860877472152762,nan,nan
SwinIR + PathologyLoss,BraTS2021_00019,32.36835,0.9825778007507324,0.08661294,0.6633455689564761,nan,nan
SwinIR + PathologyLoss,BraTS2021_00019,32.47383,0.9845984578132629,0.082083195,0.7545478513050355,nan,nan
SwinIR + PathologyLoss,BraTS2021_00019,32.61621,0.9838597774505615,0.08185117,0.7112359550561798,nan,nan
SwinIR + PathologyLoss,BraTS2021_00019,32.76954,0.9849345684051514,0.081526265,0.7452619843924192,nan,nan
SwinIR + PathologyLoss,BraTS2021_00019,32.873646,0.9834914207458496,0.08032628,0.7225691347011597,nan,nan
SwinIR + PathologyLoss,BraTS2021_00019,32.583523,0.9813749194145203,0.083671995,0.6807838179519595,nan,nan
SwinIR + PathologyLoss,BraTS2021_00019,32.91469,0.9805641770362854,0.084431924,0.7209227811598846,nan,nan
SwinIR + PathologyLoss,BraTS2021_00019,32.676926,0.9797922372817993,0.08568688,0.7210929690103299,nan,nan
SwinIR + PathologyLoss,BraTS2021_00019,32.96448,0.9812092185020447,0.083633125,0.6428848390849167,nan,nan
SwinIR + PathologyLoss,BraTS2021_00019,32.838882,0.9807880520820618,0.084041804,0.7202572347266881,nan,nan
SwinIR + PathologyLoss,BraTS2021_00019,33.04437,0.9810144305229187,0.083108805,0.6211180124223602,nan,nan
SwinIR + PathologyLoss,BraTS2021_00019,33.02109,0.979124128818512,0.085224636,0.6155810983397191,nan,nan
SwinIR + PathologyLoss,BraTS2021_00019,33.15259,0.9805145263671875,0.08387135,0.5172413793103449,nan,nan
SwinIR + PathologyLoss,BraTS2021_00019,33.089256,0.978000283241272,0.0838752,0.5090252707581228,nan,nan
SwinIR + PathologyLoss,BraTS2021_00019,32.962307,0.9781679511070251,0.08655935,0.3276699029126214,nan,nan
SwinIR + PathologyLoss,BraTS2021_00019,32.80715,0.9754036664962769,0.08875352,0.0,nan,nan
SwinIR + PathologyLoss,BraTS2021_00019,32.905563,0.9800181984901428,0.08769944,0.018912529550827423,nan,nan
SwinIR + PathologyLoss,BraTS2021_00019,32.87416,0.9772589206695557,0.087620266,0.09061488673139159,nan,nan
SwinIR + PathologyLoss,BraTS2021_00019,33.012825,0.9784026145935059,0.086703405,0.0,nan,nan
SwinIR + PathologyLoss,BraTS2021_00022,29.609453,0.9729520082473755,0.12872757,0.12903225806451613,0.21052631578947367,0.21052631578947367
SwinIR + PathologyLoss,BraTS2021_00022,29.477585,0.9712548851966858,0.13147943,0.6046511627906976,0.7428571428571429,0.6666666666666666
SwinIR + PathologyLoss,BraTS2021_00022,28.789555,0.9639349579811096,0.13896464,0.45901639344262296,0.6774193548387096,0.6333333333333333
SwinIR + PathologyLoss,BraTS2021_00022,28.181238,0.9552972912788391,0.14364605,0.010810810810810811,0.02247191011235955,0.02247191011235955
SwinIR + PathologyLoss,BraTS2021_00022,28.34403,0.9527410268783569,0.14073734,0.0,0.0,0.0
SwinIR + PathologyLoss,BraTS2021_00022,28.448706,0.9519840478897095,0.135853,0.4805194805194805,0.0,0.0
SwinIR + PathologyLoss,BraTS2021_00022,28.30466,0.9492371678352356,0.13600892,0.6305418719211823,0.1694915254237288,0.17123287671232876
SwinIR + PathologyLoss,BraTS2021_00022,28.758064,0.9533311128616333,0.12761503,0.5905848787446505,0.0,0.0
SwinIR + PathologyLoss,BraTS2021_00022,28.811188,0.9531531929969788,0.12789232,0.5725699067909454,0.1024390243902439,0.1206896551724138
SwinIR + PathologyLoss,BraTS2021_00022,28.958008,0.9559420347213745,0.12325419,0.760914760914761,0.6746666666666666,0.5468451242829828
SwinIR + PathologyLoss,BraTS2021_00022,29.009398,0.9559732675552368,0.1219129,0.8192341941228851,0.819704433497537,0.703328509406657
SwinIR + PathologyLoss,BraTS2021_00022,29.367748,0.9570707082748413,0.11944355,0.8806451612903226,0.8905982905982905,0.7944162436548223
SwinIR + PathologyLoss,BraTS2021_00022,29.453701,0.9592005610466003,0.1171531,0.8725038402457758,0.8708609271523179,0.774365821094793
SwinIR + PathologyLoss,BraTS2021_00022,29.45113,0.9586260914802551,0.11720911,0.8906139731827806,0.8788819875776398,0.7612903225806451
SwinIR + PathologyLoss,BraTS2021_00022,29.271109,0.9606837034225464,0.11523785,0.8656924147529576,0.8279569892473119,0.6757865937072504
SwinIR + PathologyLoss,BraTS2021_00022,29.158737,0.9595693349838257,0.11581244,0.8725617685305592,0.8342618384401114,0.6746126340882003
SwinIR + PathologyLoss,BraTS2021_00022,29.505518,0.9606568813323975,0.11214409,0.911070780399274,0.8322237017310253,0.7429854096520763
SwinIR + PathologyLoss,BraTS2021_00022,29.26388,0.9608278870582581,0.113319725,0.8768873403019745,0.8282828282828283,0.7332624867162593
SwinIR + PathologyLoss,BraTS2021_00022,29.254845,0.959715723991394,0.11361533,0.9218151995626025,0.9205633802816902,0.8161693936477382
SwinIR + PathologyLoss,BraTS2021_00022,29.274921,0.9583501219749451,0.11447766,0.8894709271870089,0.8474191718661372,0.7180487804878048
SwinIR + PathologyLoss,BraTS2021_00022,29.092148,0.958141565322876,0.115212396,0.8807247106190237,0.8330578512396695,0.6987060998151571
SwinIR + PathologyLoss,BraTS2021_00022,29.086073,0.9617635607719421,0.11114763,0.8851351351351351,0.8758901322482198,0.7490842490842491
SwinIR + PathologyLoss,BraTS2021_00022,29.175081,0.9630400538444519,0.11178817,0.8625954198473282,0.6834862385321101,0.656188605108055
SwinIR + PathologyLoss,BraTS2021_00022,29.281075,0.963442862033844,0.11072275,0.8619402985074627,0.8599033816425121,0.7320617620345141
SwinIR + PathologyLoss,BraTS2021_00022,29.176561,0.9647075533866882,0.110309705,0.9105902777777778,0.9070598748882931,0.7937608318890814
SwinIR + PathologyLoss,BraTS2021_00022,29.36367,0.96653151512146,0.1057342,0.9181162494696649,0.8970718722271517,0.7992988606485539
SwinIR + PathologyLoss,BraTS2021_00022,29.403404,0.9678535461425781,0.10521409,0.9305555555555556,0.9332227291580257,0.8221276595744681
SwinIR + PathologyLoss,BraTS2021_00022,29.347307,0.9660896062850952,0.10652907,0.9323308270676691,0.9190300041101521,0.8055555555555556
SwinIR + PathologyLoss,BraTS2021_00022,29.782963,0.9703015685081482,0.10114103,0.9290322580645162,0.917940466613033,0.7927215189873418
SwinIR + PathologyLoss,BraTS2021_00022,29.38469,0.971127986907959,0.1009123,0.9389939350695683,0.9167643610785463,0.7966231772831927
SwinIR + PathologyLoss,BraTS2021_00022,29.79528,0.9739016890525818,0.09566901,0.9524133242692047,0.9202087994034303,0.8245496997998666
SwinIR + PathologyLoss,BraTS2021_00022,29.873411,0.9750810265541077,0.09515771,0.9466979550787797,0.8937592867756315,0.7841127482383088
SwinIR + PathologyLoss,BraTS2021_00022,29.93965,0.9764903783798218,0.092986755,0.9278557114228457,0.8235747303543913,0.6955380577427821
SwinIR + PathologyLoss,BraTS2021_00022,29.886618,0.9760980606079102,0.09568667,0.9275456919060052,0.5035561877667141,0.6016150740242261
SwinIR + PathologyLoss,BraTS2021_00022,30.080767,0.9771472811698914,0.091407314,0.9133960428154395,0.5820244328097731,0.5034199726402189
SwinIR + PathologyLoss,BraTS2021_00022,30.186802,0.9755961894989014,0.092617095,0.9332102185287781,0.8781153977466712,0.7718191377497371
SwinIR + PathologyLoss,BraTS2021_00022,30.297058,0.9755959510803223,0.09196707,0.8299935358758889,0.6174273858921162,0.4910769230769231
SwinIR + PathologyLoss,BraTS2021_00022,30.34948,0.9751645922660828,0.09076991,0.9517085569048291,0.9178082191780822,0.8385964912280702
SwinIR + PathologyLoss,BraTS2021_00022,30.258392,0.9732235074043274,0.08984896,0.9431438127090301,0.9301282051282052,0.8269625976161118
SwinIR + PathologyLoss,BraTS2021_00022,30.247839,0.9728742241859436,0.09030082,0.9344125034886966,0.8144699140401146,0.7257240204429302
SwinIR + PathologyLoss,BraTS2021_00022,30.543102,0.9693938493728638,0.08938947,0.9561427403977117,0.8206642066420664,0.7651217596229379
SwinIR + PathologyLoss,BraTS2021_00022,30.630198,0.9631325006484985,0.092523135,0.939511653718091,0.8661997788426097,0.841748304446119
SwinIR + PathologyLoss,BraTS2021_00022,30.589573,0.9626661539077759,0.09217469,0.9218390804597701,0.7792428753721821,0.7698483496877788
SwinIR + PathologyLoss,BraTS2021_00022,30.742603,0.9619552493095398,0.09036925,0.9284425736620565,0.8320436959490214,0.8184818481848185
SwinIR + PathologyLoss,BraTS2021_00022,30.635967,0.9594654440879822,0.094175555,0.893006993006993,0.8382663847780126,0.8454293628808864
SwinIR + PathologyLoss,BraTS2021_00022,30.262394,0.9605708718299866,0.094997056,0.856,0.7038158691701999,0.7401273885350318
SwinIR + PathologyLoss,BraTS2021_00022,30.037508,0.957038938999176,0.099060304,0.9111725227003553,0.8291087489779232,0.8352553542009885
SwinIR + PathologyLoss,BraTS2021_00022,30.031853,0.9628866314888,0.09766927,0.9114804793196754,0.8153310104529616,0.8153310104529616
SwinIR + PathologyLoss,BraTS2021_00022,29.701014,0.9622791409492493,0.09956626,0.8865248226950354,0.8766114180478821,0.8724584103512015
SwinIR + PathologyLoss,BraTS2021_00022,29.528637,0.9613009691238403,0.10461195,0.8970873786407767,0.8072417465388712,0.7705817782656421
SwinIR + PathologyLoss,BraTS2021_00022,29.63652,0.963325560092926,0.101577714,0.8541666666666666,0.5151079136690647,0.5151079136690647
SwinIR + PathologyLoss,BraTS2021_00022,29.60056,0.9627209901809692,0.10223076,0.9141549027088898,0.6312849162011173,0.6248216833095578
SwinIR + PathologyLoss,BraTS2021_00022,29.461788,0.9602637887001038,0.10369275,0.8910809699958898,0.6805970149253732,0.6805970149253732
SwinIR + PathologyLoss,BraTS2021_00022,29.344612,0.9622573852539062,0.105423175,0.9261083743842364,0.49828178694158076,0.5096660808435852
SwinIR + PathologyLoss,BraTS2021_00022,29.241102,0.9610499739646912,0.10849649,0.9380076955964087,0.8695652173913043,0.8674351585014409
SwinIR + PathologyLoss,BraTS2021_00022,28.859833,0.9629610776901245,0.111393176,0.9183074989526603,0.7867298578199052,0.807131280388979
SwinIR + PathologyLoss,BraTS2021_00022,28.827297,0.9645796418190002,0.11253122,0.9528172240036646,0.8941176470588236,0.9011857707509882
SwinIR + PathologyLoss,BraTS2021_00022,28.825306,0.9617993831634521,0.11440018,0.9459327812956648,0.8788598574821853,0.8788598574821853
SwinIR + PathologyLoss,BraTS2021_00022,28.557438,0.9656916260719299,0.115926914,0.9365159979685119,0.7955390334572491,0.7955390334572491
SwinIR + PathologyLoss,BraTS2021_00022,28.707333,0.9664893746376038,0.11628738,0.9206896551724137,0.7682926829268293,0.7682926829268293
SwinIR + PathologyLoss,BraTS2021_00022,28.660593,0.9676151275634766,0.11965229,0.934052757793765,0.5396825396825397,0.5396825396825397
SwinIR + PathologyLoss,BraTS2021_00022,28.22651,0.9682201147079468,0.121436685,0.9247311827956989,nan,nan
SwinIR + PathologyLoss,BraTS2021_00022,28.056087,0.9678992033004761,0.12526274,0.9213973799126638,nan,nan
SwinIR + PathologyLoss,BraTS2021_00022,28.025646,0.9706401824951172,0.1263885,0.9168609168609169,nan,nan
SwinIR + PathologyLoss,BraTS2021_00022,27.799711,0.9707125425338745,0.13048212,0.9252259654889071,nan,nan
SwinIR + PathologyLoss,BraTS2021_00022,27.851479,0.9712808728218079,0.13360816,0.8954954954954955,nan,nan
SwinIR + PathologyLoss,BraTS2021_00022,27.786894,0.9704509973526001,0.14120024,0.7637178051511758,nan,nan
SwinIR + PathologyLoss,BraTS2021_00022,28.045513,0.9727047085762024,0.14177562,0.7277556440903055,nan,nan
SwinIR + PathologyLoss,BraTS2021_00022,28.275597,0.9748744964599609,0.14034131,0.8085808580858086,nan,nan
SwinIR + PathologyLoss,BraTS2021_00022,28.125908,0.9763864278793335,0.14128318,0.8952380952380953,nan,nan
SwinIR + PathologyLoss,BraTS2021_00022,28.46528,0.9774614572525024,0.14380625,0.8516746411483254,nan,nan
SwinIR + PathologyLoss,BraTS2021_00022,28.172497,0.9778555035591125,0.14759529,0.8609625668449198,nan,nan
SwinIR + PathologyLoss,BraTS2021_00022,28.518768,0.9805082082748413,0.1438429,0.7402135231316725,nan,nan
SwinIR + PathologyLoss,BraTS2021_00022,28.361088,0.979537308216095,0.15232281,0.542713567839196,nan,nan
SwinIR + PathologyLoss,BraTS2021_00026,30.588707,0.97257000207901,0.12870994,0.3583815028901734,0.7560975609756098,0.7560975609756098
SwinIR + PathologyLoss,BraTS2021_00026,30.491678,0.9713963270187378,0.13096704,0.5527272727272727,0.7912087912087912,0.7912087912087912
SwinIR + PathologyLoss,BraTS2021_00026,30.471552,0.9696672558784485,0.13177301,0.5938242280285035,0.7055016181229773,0.7055016181229773
SwinIR + PathologyLoss,BraTS2021_00026,29.928827,0.9648427367210388,0.14007732,0.4444444444444444,0.5634517766497462,0.5561224489795918
SwinIR + PathologyLoss,BraTS2021_00026,29.835825,0.9637665152549744,0.13783237,0.679399727148704,0.8222996515679443,0.8181818181818182
SwinIR + PathologyLoss,BraTS2021_00026,29.598772,0.9550708532333374,0.13996664,0.7159904534606205,0.8213256484149856,0.8213256484149856
SwinIR + PathologyLoss,BraTS2021_00026,29.469788,0.9496015906333923,0.13707298,0.7460148777895855,0.8226600985221675,0.815365551425031
SwinIR + PathologyLoss,BraTS2021_00026,29.491568,0.9508410692214966,0.13077652,0.6646706586826348,0.6988847583643123,0.7296248382923674
SwinIR + PathologyLoss,BraTS2021_00026,29.47674,0.9487041234970093,0.13125004,0.7352710133542812,0.8206627680311891,0.8155737704918032
SwinIR + PathologyLoss,BraTS2021_00026,29.541573,0.9485635757446289,0.1306146,0.7127112417340191,0.7975022301516503,0.7954110898661568
SwinIR + PathologyLoss,BraTS2021_00026,29.669235,0.9502630233764648,0.12563723,0.8151595744680851,0.8456167571761055,0.8406504065040651
SwinIR + PathologyLoss,BraTS2021_00026,29.777815,0.9515438675880432,0.12249399,0.7810945273631841,0.8160676532769556,0.7994143484626647
SwinIR + PathologyLoss,BraTS2021_00026,29.928343,0.9492117166519165,0.12257247,0.8557944415312009,0.9145550972304066,0.8966789667896679
SwinIR + PathologyLoss,BraTS2021_00026,30.150867,0.9559656977653503,0.118223004,0.8678304239401496,0.9323059988992846,0.9040139616055847
SwinIR + PathologyLoss,BraTS2021_00026,30.329018,0.9564037919044495,0.11914649,0.8708885616102111,0.9074468085106383,0.888268156424581
SwinIR + PathologyLoss,BraTS2021_00026,30.382744,0.9639456868171692,0.112017564,0.8264621284755513,0.8911311736590547,0.868609125893348
SwinIR + PathologyLoss,BraTS2021_00026,30.574135,0.9637233018875122,0.111885145,0.8047732696897375,0.860064585575888,0.8432250839865622
SwinIR + PathologyLoss,BraTS2021_00026,30.389397,0.965094268321991,0.11067018,0.9123595505617977,0.9244102070293693,0.90625
SwinIR + PathologyLoss,BraTS2021_00026,30.523146,0.9658474922180176,0.109750286,0.9379912663755459,0.9340919867235656,0.9065565307176046
SwinIR + PathologyLoss,BraTS2021_00026,30.144117,0.9684077501296997,0.11023212,0.8869179600886918,0.8876574307304785,0.8860619469026548
SwinIR + PathologyLoss,BraTS2021_00026,30.084925,0.9654630422592163,0.11506214,0.7924345295829291,0.7903587443946188,0.8021911138161899
SwinIR + PathologyLoss,BraTS2021_00026,30.180637,0.9674147367477417,0.11199144,0.8279113625648279,0.8900112233445566,0.8615384615384616
SwinIR + PathologyLoss,BraTS2021_00026,30.184914,0.9655792117118835,0.113434196,0.8157129000969933,0.8913551401869159,0.8787684413085312
SwinIR + PathologyLoss,BraTS2021_00026,30.197573,0.965168297290802,0.114441805,0.8242130750605327,0.9022195560887822,0.8780487804878049
SwinIR + PathologyLoss,BraTS2021_00026,30.402359,0.9698001742362976,0.109272406,0.723649711588883,0.8427501701837985,0.8068350668647846
SwinIR + PathologyLoss,BraTS2021_00026,30.089876,0.9695337414741516,0.11276415,0.7060773480662983,0.7650273224043715,0.7843137254901961
SwinIR + PathologyLoss,BraTS2021_00026,30.208195,0.9702791571617126,0.109655626,0.7128065395095368,0.8508705526116578,0.8396694214876033
SwinIR + PathologyLoss,BraTS2021_00026,30.467476,0.9705853462219238,0.10952682,0.6068809926677947,0.7053406998158379,0.7527749747729566
SwinIR + PathologyLoss,BraTS2021_00026,30.306738,0.9714149236679077,0.110171005,0.6109365179132621,0.7014492753623188,0.7319062181447502
SwinIR + PathologyLoss,BraTS2021_00026,30.490788,0.9726429581642151,0.10708045,0.5664089950808152,0.6395939086294417,0.6434599156118144
SwinIR + PathologyLoss,BraTS2021_00026,30.434961,0.9718917012214661,0.10698641,0.4890829694323144,0.634088200238379,0.6477832512315271
SwinIR + PathologyLoss,BraTS2021_00026,30.396631,0.9696061611175537,0.11116555,0.5571757482732157,0.7395577395577395,0.7540983606557377
SwinIR + PathologyLoss,BraTS2021_00026,30.42981,0.9708243012428284,0.10877842,0.5480378890392422,0.7819148936170213,0.779891304347826
SwinIR + PathologyLoss,BraTS2021_00026,30.299122,0.9719945192337036,0.1071966,0.6670902160101652,0.8908489525909592,0.8709315375982043
SwinIR + PathologyLoss,BraTS2021_00026,30.417997,0.9747533202171326,0.104480654,0.6398514851485149,0.8497297297297297,0.8374164810690423
SwinIR + PathologyLoss,BraTS2021_00026,30.376978,0.9734567403793335,0.10565046,0.6900921658986175,0.9097815764482431,0.8875968992248062
SwinIR + PathologyLoss,BraTS2021_00026,30.420267,0.9742913842201233,0.106735885,0.6389351081530782,0.8623326959847036,0.851063829787234
SwinIR + PathologyLoss,BraTS2021_00026,30.154167,0.9738054275512695,0.106558874,0.6716497597437266,0.8555133079847909,0.8494208494208494
SwinIR + PathologyLoss,BraTS2021_00026,30.307066,0.9759798645973206,0.10328419,0.6805909322465614,0.8135265700483092,0.8142292490118577
SwinIR + PathologyLoss,BraTS2021_00026,30.404692,0.9751959443092346,0.10372857,0.6576663452266153,0.7555110220440882,0.7584789311408017
SwinIR + PathologyLoss,BraTS2021_00026,30.606203,0.977924644947052,0.09973346,0.7033582089552238,0.8198198198198198,0.8121546961325967
SwinIR + PathologyLoss,BraTS2021_00026,30.603882,0.978447675704956,0.10071388,0.7694457382394038,0.8607594936708861,0.8584643848288621
SwinIR + PathologyLoss,BraTS2021_00026,30.752726,0.9781311750411987,0.09969098,0.775811209439528,0.8368121442125237,0.8563049853372434
SwinIR + PathologyLoss,BraTS2021_00026,30.898182,0.9797112941741943,0.09801392,0.7862208713272543,0.8441692466460269,0.8650963597430407
SwinIR + PathologyLoss,BraTS2021_00026,31.129877,0.981110692024231,0.09547581,0.7456556082148499,0.7351874244256348,0.769620253164557
SwinIR + PathologyLoss,BraTS2021_00026,31.348068,0.9811572432518005,0.093574986,0.7347576862949453,0.7856154910096819,0.8083209509658247
SwinIR + PathologyLoss,BraTS2021_00026,31.32252,0.9819080829620361,0.0920224,0.7360192423331329,0.7475915221579962,0.7566371681415929
SwinIR + PathologyLoss,BraTS2021_00026,31.380444,0.981560468673706,0.093325846,0.6193103448275862,0.6530612244897959,0.709480122324159
SwinIR + PathologyLoss,BraTS2021_00026,31.40276,0.9815781712532043,0.09120622,0.5922509225092251,0.7476635514018691,0.6789667896678967
SwinIR + PathologyLoss,BraTS2021_00026,31.521172,0.9803483486175537,0.092627905,0.5181598062953995,0.5380116959064327,0.5590062111801242
SwinIR + PathologyLoss,BraTS2021_00026,31.521809,0.978315532207489,0.094259225,0.29959514170040485,0.8264462809917356,0.8264462809917356
SwinIR + PathologyLoss,BraTS2021_00026,31.624506,0.9778807163238525,0.09315952,0.0,0.0,0.0
SwinIR + PathologyLoss,BraTS2021_00026,31.598799,0.9777770638465881,0.09299405,0.0,nan,nan
SwinIR + PathologyLoss,BraTS2021_00033,32.606514,0.981558620929718,0.15434128,0.4639175257731959,nan,nan
SwinIR + PathologyLoss,BraTS2021_00033,32.39291,0.9818766713142395,0.14909714,0.8,nan,nan
SwinIR + PathologyLoss,BraTS2021_00033,31.960735,0.9823082089424133,0.14490785,0.7615780445969125,nan,nan
SwinIR + PathologyLoss,BraTS2021_00033,32.07623,0.9834620952606201,0.13799043,0.926673751328374,nan,nan
SwinIR + PathologyLoss,BraTS2021_00033,31.869415,0.9830556511878967,0.13713166,0.9376693766937669,nan,nan
SwinIR + PathologyLoss,BraTS2021_00033,31.919281,0.9845825433731079,0.13057128,0.9077551020408163,nan,nan
SwinIR + PathologyLoss,BraTS2021_00033,31.770021,0.9855924248695374,0.12510544,0.8669527896995708,nan,nan
SwinIR + PathologyLoss,BraTS2021_00033,31.460922,0.9853002429008484,0.12440776,0.9092150170648464,nan,nan
SwinIR + PathologyLoss,BraTS2021_00033,31.576689,0.9848822951316833,0.12456168,0.8849557522123894,nan,nan
SwinIR + PathologyLoss,BraTS2021_00033,31.533756,0.9844645261764526,0.12410217,0.8707829408020369,nan,nan
SwinIR + PathologyLoss,BraTS2021_00033,31.537102,0.9850060343742371,0.119542636,0.9060128429655575,nan,nan
SwinIR + PathologyLoss,BraTS2021_00033,31.190414,0.9832731485366821,0.123584494,0.9066813914964108,nan,nan
SwinIR + PathologyLoss,BraTS2021_00033,30.589104,0.9827468395233154,0.123371236,0.9105367793240556,nan,nan
SwinIR + PathologyLoss,BraTS2021_00033,30.458435,0.9808760285377502,0.123546295,0.9346246973365617,nan,nan
SwinIR + PathologyLoss,BraTS2021_00033,30.452993,0.9795904159545898,0.123239994,0.9376989540700318,nan,nan
SwinIR + PathologyLoss,BraTS2021_00033,30.86056,0.9836980700492859,0.11131244,0.9071161048689138,nan,nan
SwinIR + PathologyLoss,BraTS2021_00033,30.837805,0.9842714071273804,0.10799069,0.9218398198777742,nan,nan
SwinIR + PathologyLoss,BraTS2021_00033,30.631248,0.984157145023346,0.10820331,0.9662219699120068,0.0,0.0
SwinIR + PathologyLoss,BraTS2021_00033,30.991705,0.9846290946006775,0.105343014,0.9650573486263003,0.0,0.0
SwinIR + PathologyLoss,BraTS2021_00033,31.017553,0.9855758547782898,0.1022559,0.9736070381231672,nan,nan
SwinIR + PathologyLoss,BraTS2021_00033,30.857368,0.9862761497497559,0.10131272,0.9745148468552723,nan,nan
SwinIR + PathologyLoss,BraTS2021_00033,30.354446,0.9840435981750488,0.10564766,0.9712328767123287,nan,nan
SwinIR + PathologyLoss,BraTS2021_00033,30.055143,0.9811243414878845,0.10876469,0.9722033898305085,nan,nan
SwinIR + PathologyLoss,BraTS2021_00033,30.172474,0.9828479290008545,0.10471819,0.9768052516411379,nan,nan
SwinIR + PathologyLoss,BraTS2021_00033,30.17017,0.9820037484169006,0.10293941,0.9655909382346656,nan,nan
SwinIR + PathologyLoss,BraTS2021_00033,30.24501,0.9821497797966003,0.10000163,0.9595183724309736,nan,nan
SwinIR + PathologyLoss,BraTS2021_00033,30.538206,0.9841699004173279,0.09582964,0.9579597529388324,nan,nan
SwinIR + PathologyLoss,BraTS2021_00033,30.707355,0.982214093208313,0.0946797,0.9654229341668294,nan,nan
SwinIR + PathologyLoss,BraTS2021_00033,30.619127,0.9838855266571045,0.093825,0.9725400457665904,nan,nan
SwinIR + PathologyLoss,BraTS2021_00033,30.803816,0.9854152798652649,0.09021126,0.9686966420034149,nan,nan
SwinIR + PathologyLoss,BraTS2021_00033,30.852621,0.9838495254516602,0.09082784,0.9617528349029406,0.0,0.0
SwinIR + PathologyLoss,BraTS2021_00033,30.921364,0.9858284592628479,0.08791611,0.9667799169497924,0.0,0.0
SwinIR + PathologyLoss,BraTS2021_00033,30.712137,0.9854351282119751,0.08678764,0.9704831735288588,0.0,0.0
SwinIR + PathologyLoss,BraTS2021_00033,30.790318,0.9854321479797363,0.09007437,0.9677897075157349,0.0,0.0
SwinIR + PathologyLoss,BraTS2021_00033,31.049572,0.9852957129478455,0.086993456,0.9748892171344166,0.4810126582278481,0.4810126582278481
SwinIR + PathologyLoss,BraTS2021_00033,31.119347,0.9878498315811157,0.08157104,0.9719260838663824,0.8731182795698925,0.8731182795698925
SwinIR + PathologyLoss,BraTS2021_00033,31.222237,0.986548662185669,0.08442094,0.9788806758183738,0.9177820267686424,0.9177820267686424
SwinIR + PathologyLoss,BraTS2021_00033,31.174528,0.9885141849517822,0.081881166,0.9698950627902976,0.7765726681127982,0.7765726681127982
SwinIR + PathologyLoss,BraTS2021_00033,31.662424,0.9879037141799927,0.07980045,0.9683134582623509,0.811529933481153,0.811529933481153
SwinIR + PathologyLoss,BraTS2021_00033,31.312132,0.9877201914787292,0.08139088,0.9799764428739693,0.6208791208791209,0.6208791208791209
SwinIR + PathologyLoss,BraTS2021_00033,31.16276,0.98878413438797,0.080128886,0.9621675202378985,0.22624434389140272,0.22624434389140272
SwinIR + PathologyLoss,BraTS2021_00033,31.37503,0.9894328117370605,0.078347825,0.9669629381183967,0.20952380952380953,0.20952380952380953
SwinIR + PathologyLoss,BraTS2021_00033,31.146164,0.9890891313552856,0.07932925,0.9703304113283884,0.0,0.0
SwinIR + PathologyLoss,BraTS2021_00033,31.26314,0.9884251952171326,0.08011998,0.9626313070432237,0.3103448275862069,0.33540372670807456
SwinIR + PathologyLoss,BraTS2021_00033,31.365116,0.9893509149551392,0.07899262,0.9622103386809269,0.0,0.0
SwinIR + PathologyLoss,BraTS2021_00033,31.253347,0.9878154397010803,0.08065192,0.9614254224834681,0.22388059701492538,0.22727272727272727
SwinIR + PathologyLoss,BraTS2021_00033,31.319603,0.9874062538146973,0.081079796,0.9741587655698085,0.08333333333333333,0.08391608391608392
SwinIR + PathologyLoss,BraTS2021_00033,31.351685,0.9879969954490662,0.08222932,0.9721959523359183,0.0,0.0
SwinIR + PathologyLoss,BraTS2021_00033,31.225584,0.9881584644317627,0.08007584,0.9764593301435407,0.0,0.0
SwinIR + PathologyLoss,BraTS2021_00033,31.34016,0.9879792332649231,0.07929452,0.9716284492809949,0.0,0.0
SwinIR + PathologyLoss,BraTS2021_00033,31.702637,0.9884326457977295,0.07760598,0.9425911559348332,0.06349206349206349,0.06349206349206349
SwinIR + PathologyLoss,BraTS2021_00033,31.475964,0.9890384078025818,0.07887939,0.9253136825333599,0.0,0.0
SwinIR + PathologyLoss,BraTS2021_00033,31.511204,0.9876468181610107,0.07922595,0.9027805967119952,0.0,0.0
SwinIR + PathologyLoss,BraTS2021_00033,31.636059,0.9864827394485474,0.08161196,0.9083700440528635,0.0,0.0
SwinIR + PathologyLoss,BraTS2021_00033,31.885479,0.9856593012809753,0.08189263,0.8880401050370017,0.0,0.0
SwinIR + PathologyLoss,BraTS2021_00033,31.654846,0.9853710532188416,0.08359086,0.8151436031331593,0.034482758620689655,0.034482758620689655
SwinIR + PathologyLoss,BraTS2021_00033,31.776001,0.9837160706520081,0.083899185,0.8182131769575716,0.0,0.0
SwinIR + PathologyLoss,BraTS2021_00033,31.864971,0.9844045639038086,0.08294565,0.8588672237697307,nan,nan
SwinIR + PathologyLoss,BraTS2021_00033,31.953194,0.9821876287460327,0.08501438,0.783175355450237,nan,nan
SwinIR + PathologyLoss,BraTS2021_00033,31.935665,0.9821292161941528,0.0864563,0.7121418826739427,nan,nan
SwinIR + PathologyLoss,BraTS2021_00033,32.296555,0.9800319075584412,0.08672281,0.7556818181818182,nan,nan
SwinIR + PathologyLoss,BraTS2021_00033,32.300545,0.9788360595703125,0.08739882,0.8944444444444445,nan,nan
SwinIR + PathologyLoss,BraTS2021_00033,32.28146,0.9770914912223816,0.08655467,0.7015558698727016,nan,nan
SwinIR + PathologyLoss,BraTS2021_00033,32.443825,0.9773188829421997,0.085304156,0.5851979345955249,0.0,0.0
SwinIR + PathologyLoss,BraTS2021_00061,30.391449,0.9725937843322754,0.14550914,0.0,0.0,0.0
SwinIR + PathologyLoss,BraTS2021_00061,30.360575,0.9720260500907898,0.14454503,0.0,0.0,0.0
SwinIR + PathologyLoss,BraTS2021_00061,30.314943,0.9735942482948303,0.13698456,0.0,0.0,0.0
SwinIR + PathologyLoss,BraTS2021_00061,30.511915,0.9733580350875854,0.13715328,0.02,0.0,0.0
SwinIR + PathologyLoss,BraTS2021_00061,30.280857,0.9749626517295837,0.13214399,0.3127962085308057,0.0,0.0
SwinIR + PathologyLoss,BraTS2021_00061,30.574894,0.9734623432159424,0.13482285,0.28695652173913044,0.0,0.0
SwinIR + PathologyLoss,BraTS2021_00061,30.538963,0.9747830033302307,0.1311857,0.4760076775431862,0.016666666666666666,0.02666666666666667
SwinIR + PathologyLoss,BraTS2021_00061,30.515865,0.9759283661842346,0.12836677,0.4976228209191759,0.13533834586466165,0.20689655172413793
SwinIR + PathologyLoss,BraTS2021_00061,30.265493,0.9755588173866272,0.12827256,0.31096196868008946,0.058394160583941604,0.08333333333333333
SwinIR + PathologyLoss,BraTS2021_00061,30.18723,0.9762322902679443,0.12701994,0.2801724137931034,0.11290322580645161,0.1308411214953271
SwinIR + PathologyLoss,BraTS2021_00061,29.768795,0.9710091352462769,0.1339574,0.4087038789025544,0.4681933842239186,0.47564469914040114
SwinIR + PathologyLoss,BraTS2021_00061,29.697327,0.9665407538414001,0.13761203,0.3807763401109057,0.4789915966386555,0.508641975308642
SwinIR + PathologyLoss,BraTS2021_00061,29.530432,0.9638846516609192,0.13727708,0.4427966101694915,0.20501138952164008,0.2719033232628399
SwinIR + PathologyLoss,BraTS2021_00061,29.622896,0.9627643823623657,0.13257284,0.6217070600632244,0.02531645569620253,0.037383177570093455
SwinIR + PathologyLoss,BraTS2021_00061,29.448557,0.9648692011833191,0.1297401,0.5837512537612839,0.007619047619047619,0.012048192771084338
SwinIR + PathologyLoss,BraTS2021_00061,29.333284,0.9652522802352905,0.12599997,0.7059874888293118,0.0351493848857645,0.058997050147492625
SwinIR + PathologyLoss,BraTS2021_00061,29.420092,0.9647490382194519,0.12626043,0.6701846965699209,0.013605442176870748,0.024922118380062305
SwinIR + PathologyLoss,BraTS2021_00061,29.446543,0.9655844569206238,0.12627952,0.6374012291483757,0.06873977086743044,0.11356466876971609
SwinIR + PathologyLoss,BraTS2021_00061,29.740332,0.9686889052391052,0.1175578,0.6548223350253807,0.08609271523178808,0.12624584717607973
SwinIR + PathologyLoss,BraTS2021_00061,29.601572,0.969606876373291,0.118362725,0.6661002548853017,0.0108499095840868,0.02553191489361702
SwinIR + PathologyLoss,BraTS2021_00061,29.663927,0.9708385467529297,0.116711296,0.634493670886076,0.003816793893129771,0.008695652173913044
SwinIR + PathologyLoss,BraTS2021_00061,29.812252,0.9704362750053406,0.11676242,0.6923076923076923,0.09885931558935361,0.18333333333333332
SwinIR + PathologyLoss,BraTS2021_00061,29.598347,0.9705172777175903,0.11627238,0.7912621359223301,0.2862129144851658,0.5187713310580204
SwinIR + PathologyLoss,BraTS2021_00061,29.703838,0.9687812924385071,0.11823816,0.7907390917186109,0.29927007299270075,0.47058823529411764
SwinIR + PathologyLoss,BraTS2021_00061,29.482162,0.9708799719810486,0.11661052,0.7785365853658537,0.27139874739039666,0.3986013986013986
SwinIR + PathologyLoss,BraTS2021_00061,29.43332,0.9688049554824829,0.11804172,0.6602870813397129,0.2205128205128205,0.31272727272727274
SwinIR + PathologyLoss,BraTS2021_00061,29.767345,0.9663020372390747,0.11887562,0.5964912280701754,0.31419939577039274,0.36879432624113473
SwinIR + PathologyLoss,BraTS2021_00061,29.662989,0.9662525057792664,0.11751742,0.573134328358209,0.5543071161048689,0.5647058823529412
SwinIR + PathologyLoss,BraTS2021_00061,29.788128,0.9682788252830505,0.115338214,0.4066543438077634,0.26229508196721313,0.26229508196721313
SwinIR + PathologyLoss,BraTS2021_00061,29.669893,0.9664469957351685,0.118798144,0.07211538461538461,0.0,0.0
SwinIR + PathologyLoss,BraTS2021_00061,29.973083,0.965135395526886,0.117870234,0.1641025641025641,0.0,0.0
SwinIR + PathologyLoss,BraTS2021_00061,29.974243,0.9689344763755798,0.11625617,0.13986013986013987,0.0,0.0
SwinIR + PathologyLoss,BraTS2021_00061,30.048553,0.9710870981216431,0.112110496,0.037209302325581395,nan,nan
SwinIR + PathologyLoss,BraTS2021_00061,30.16375,0.9663305282592773,0.11324647,0.2119815668202765,nan,nan
SwinIR + PathologyLoss,BraTS2021_00072,31.25703,0.9484081268310547,0.11906909,0.0,nan,nan
SwinIR + PathologyLoss,BraTS2021_00072,31.243555,0.9477546811103821,0.11919994,0.0,nan,nan
SwinIR + PathologyLoss,BraTS2021_00072,30.74926,0.9453315138816833,0.121853285,0.044444444444444446,nan,nan
SwinIR + PathologyLoss,BraTS2021_00072,30.890022,0.9407472014427185,0.119388945,0.2345679012345679,0.27450980392156865,0.27450980392156865
SwinIR + PathologyLoss,BraTS2021_00072,31.124773,0.9454870820045471,0.118129656,0.7052980132450332,0.8571428571428571,0.7968337730870713
SwinIR + PathologyLoss,BraTS2021_00072,31.016653,0.9446680545806885,0.11625023,0.7039827771797632,0.9015873015873016,0.8231292517006803
SwinIR + PathologyLoss,BraTS2021_00072,31.022253,0.9466654062271118,0.11553457,0.8428927680798005,0.8978675645342312,0.8132678132678133
SwinIR + PathologyLoss,BraTS2021_00072,30.896338,0.946000337600708,0.11894211,0.8491321762349799,0.8789473684210526,0.750256937307297
SwinIR + PathologyLoss,BraTS2021_00072,31.146435,0.9552119374275208,0.11008261,0.8413712957582801,0.9242540168324407,0.7931034482758621
SwinIR + PathologyLoss,BraTS2021_00072,31.23533,0.9566439986228943,0.11086256,0.8474903474903475,0.9337704918032786,0.7872523686477175
SwinIR + PathologyLoss,BraTS2021_00072,31.181252,0.9631211161613464,0.10758295,0.8623853211009175,0.9119818285065304,0.772093023255814
SwinIR + PathologyLoss,BraTS2021_00072,31.024715,0.963327169418335,0.11052812,0.8631984585741811,0.9375,0.7523879500367376
SwinIR + PathologyLoss,BraTS2021_00072,31.195602,0.9652538299560547,0.10780284,0.8651399491094147,0.8958762886597939,0.7424698795180723
SwinIR + PathologyLoss,BraTS2021_00072,30.750189,0.9642565846443176,0.111747555,0.9169485155956407,0.8987775061124694,0.7552870090634441
SwinIR + PathologyLoss,BraTS2021_00072,30.822353,0.9671294689178467,0.10851371,0.9292351679771265,0.9236396890717878,0.7665010645848119
SwinIR + PathologyLoss,BraTS2021_00072,30.84239,0.9684829115867615,0.10846259,0.9400278940027894,0.968098681412165,0.8019125683060109
SwinIR + PathologyLoss,BraTS2021_00072,30.80801,0.9679532647132874,0.10872219,0.9639344262295082,0.9489344591877764,0.7964376590330788
SwinIR + PathologyLoss,BraTS2021_00072,30.93955,0.9666685461997986,0.11241101,0.9509899383317105,0.9533965244865719,0.8239564428312159
SwinIR + PathologyLoss,BraTS2021_00072,30.959568,0.9683135747909546,0.10923015,0.9595704358812381,0.9308573686290004,0.8334357713583282
SwinIR + PathologyLoss,BraTS2021_00072,30.868883,0.9688495397567749,0.10711003,0.9646125686394142,0.9465536306671581,0.8011173184357542
SwinIR + PathologyLoss,BraTS2021_00072,31.17158,0.9719534516334534,0.10257575,0.9681263032469467,0.9694602272727273,0.8344017094017094
SwinIR + PathologyLoss,BraTS2021_00072,31.074697,0.9704338312149048,0.10464475,0.9682209682209683,0.9749559082892416,0.8392398561890088
SwinIR + PathologyLoss,BraTS2021_00072,30.946072,0.9690337777137756,0.10631268,0.9667444574095683,0.9627826086956521,0.8043694141012909
SwinIR + PathologyLoss,BraTS2021_00072,31.131727,0.9695295095443726,0.10497222,0.951212211912601,0.9385275196568977,0.783661119515885
SwinIR + PathologyLoss,BraTS2021_00072,30.849575,0.9688119888305664,0.10705791,0.9646508910312591,0.943502824858757,0.809477756286267
SwinIR + PathologyLoss,BraTS2021_00072,31.018446,0.9695411324501038,0.10528982,0.9712251557401365,0.9760056457304164,0.8105263157894737
SwinIR + PathologyLoss,BraTS2021_00072,31.144058,0.9702913165092468,0.1036702,0.9736999402271369,0.9809694793536804,0.8491674828599413
SwinIR + PathologyLoss,BraTS2021_00072,31.072891,0.9713471531867981,0.10557663,0.9815366289458011,0.9620343839541547,0.8464098906324299
SwinIR + PathologyLoss,BraTS2021_00072,31.079348,0.9711534380912781,0.102057375,0.968609865470852,0.9596216806111313,0.8677298311444653
SwinIR + PathologyLoss,BraTS2021_00072,31.27466,0.9721079468727112,0.09986984,0.9767584097859328,0.9727237802535535,0.8938492063492064
SwinIR + PathologyLoss,BraTS2021_00072,30.99085,0.9713502526283264,0.10371863,0.9776416539050536,0.9658650116369278,0.8940493468795355
SwinIR + PathologyLoss,BraTS2021_00072,31.124537,0.9723905324935913,0.09913689,0.9611712285168682,0.9705760464152507,0.8838153221714865
SwinIR + PathologyLoss,BraTS2021_00072,31.083548,0.9712927937507629,0.10260958,0.9654939106901218,0.9639519359145527,0.8752008569898232
SwinIR + PathologyLoss,BraTS2021_00072,31.21201,0.9693988561630249,0.104298085,0.9556116925297726,0.9600385170919595,0.8935185185185185
SwinIR + PathologyLoss,BraTS2021_00072,31.190338,0.9701433181762695,0.103579275,0.9455092070650132,0.9423076923076923,0.8958990536277602
SwinIR + PathologyLoss,BraTS2021_00072,31.172855,0.968197762966156,0.10331294,0.9243972210870454,0.9307958477508651,0.865992414664981
SwinIR + PathologyLoss,BraTS2021_00072,31.340677,0.9672299027442932,0.101347305,0.9080882352941176,0.9408602150537635,0.8803418803418803
SwinIR + PathologyLoss,BraTS2021_00072,31.206055,0.9685013294219971,0.10280845,0.8872109485606419,0.8344086021505376,0.8062360801781737
SwinIR + PathologyLoss,BraTS2021_00072,31.546978,0.969744086265564,0.10052329,0.8543570993296771,0.8294243070362474,0.8231511254019293
SwinIR + PathologyLoss,BraTS2021_00072,31.614643,0.9688981175422668,0.102575846,0.8583815028901735,0.847457627118644,0.847457627118644
SwinIR + PathologyLoss,BraTS2021_00072,31.910372,0.9677849411964417,0.09992985,0.8302919708029197,0.7974137931034483,0.7974137931034483
SwinIR + PathologyLoss,BraTS2021_00072,31.961063,0.9665873050689697,0.10060997,0.7815468113975577,0.24242424242424243,0.24242424242424243
SwinIR + PathologyLoss,BraTS2021_00072,32.13921,0.9648699760437012,0.09897516,0.7935034802784223,0.0,0.0
SwinIR + PathologyLoss,BraTS2021_00095,29.386238,0.9400157928466797,0.19682182,nan,nan,nan
SwinIR + PathologyLoss,BraTS2021_00095,29.452442,0.939906120300293,0.19412936,nan,nan,nan
SwinIR + PathologyLoss,BraTS2021_00095,29.561272,0.9398143887519836,0.18971922,0.0,nan,nan
SwinIR + PathologyLoss,BraTS2021_00095,29.164589,0.9306988716125488,0.19257304,0.0,nan,nan
SwinIR + PathologyLoss,BraTS2021_00095,29.164934,0.9265396595001221,0.19020826,0.0,nan,nan
SwinIR + PathologyLoss,BraTS2021_00095,29.480469,0.918635368347168,0.18371499,0.0,nan,nan
SwinIR + PathologyLoss,BraTS2021_00095,29.604065,0.9125366806983948,0.18306719,0.0,0.0,0.0
SwinIR + PathologyLoss,BraTS2021_00095,29.90075,0.9176859259605408,0.16741723,0.27218934911242604,0.0,0.0
SwinIR + PathologyLoss,BraTS2021_00095,29.942846,0.9133358001708984,0.17101483,0.6645669291338583,0.6905829596412556,0.7070707070707071
SwinIR + PathologyLoss,BraTS2021_00095,30.160978,0.9134806394577026,0.16367812,0.6621621621621622,0.6756302521008404,0.6756302521008404
SwinIR + PathologyLoss,BraTS2021_00095,30.23518,0.9265967607498169,0.15843798,0.854559155990957,0.7282850779510023,0.7398190045248869
SwinIR + PathologyLoss,BraTS2021_00095,30.348564,0.9321974515914917,0.15239145,0.8787878787878788,0.846930846930847,0.7929824561403509
SwinIR + PathologyLoss,BraTS2021_00095,30.226038,0.9378753304481506,0.15454006,0.8885002186270223,0.801294498381877,0.7174657534246576
SwinIR + PathologyLoss,BraTS2021_00095,30.15498,0.9435746073722839,0.14772424,0.8928336620644313,0.8844086021505376,0.7754077791718946
SwinIR + PathologyLoss,BraTS2021_00095,30.13358,0.9501205086708069,0.14268449,0.91500285225328,0.8980963045912654,0.7505854800936768
SwinIR + PathologyLoss,BraTS2021_00095,30.184822,0.9542919993400574,0.14105603,0.9515023721665788,0.9413369713506139,0.7670614777213762
SwinIR + PathologyLoss,BraTS2021_00095,30.284407,0.9600676894187927,0.13686267,0.969605626726953,0.9444794952681388,0.7817551963048499
SwinIR + PathologyLoss,BraTS2021_00095,30.42799,0.9642528295516968,0.13062383,0.9675572519083969,0.9681193331383445,0.8562691131498471
SwinIR + PathologyLoss,BraTS2021_00095,30.251991,0.9657209515571594,0.13199238,0.9649717514124294,0.9722991689750693,0.7615384615384615
SwinIR + PathologyLoss,BraTS2021_00095,30.391712,0.9720553755760193,0.123757616,0.9659335920655455,0.9594778351917324,0.7477017364657814
SwinIR + PathologyLoss,BraTS2021_00095,30.196354,0.9683020710945129,0.12921795,0.9527950310559006,0.983946141895391,0.8613445378151261
SwinIR + PathologyLoss,BraTS2021_00095,30.407393,0.9722025990486145,0.12549902,0.9632621658011156,0.9728761514841351,0.8219832735961768
SwinIR + PathologyLoss,BraTS2021_00095,30.313732,0.9725670218467712,0.12292965,0.9629491714764475,0.9782608695652174,0.8481166464155528
SwinIR + PathologyLoss,BraTS2021_00095,30.11071,0.9749119281768799,0.12056363,0.964769647696477,0.9682115991264256,0.8127294981640147
SwinIR + PathologyLoss,BraTS2021_00095,30.285444,0.9764787554740906,0.12032246,0.9732283464566929,0.9727793696275072,0.7726675427069645
SwinIR + PathologyLoss,BraTS2021_00095,30.164536,0.9748849272727966,0.12050362,0.9730591988656505,0.9886125958633512,0.8823529411764706
SwinIR + PathologyLoss,BraTS2021_00095,30.264236,0.9775640964508057,0.11567384,0.9678331565924355,0.9856348470806302,0.84472049689441
SwinIR + PathologyLoss,BraTS2021_00095,30.41676,0.9771719574928284,0.11698799,0.9826809837201247,0.9885426214482127,0.849009900990099
SwinIR + PathologyLoss,BraTS2021_00095,30.055454,0.9778391122817993,0.11666152,0.9738661271286461,0.989247311827957,0.8641655886157826
SwinIR + PathologyLoss,BraTS2021_00095,30.15793,0.9768158793449402,0.11775088,0.9758831521739131,0.9878801737937343,0.8503937007874016
SwinIR + PathologyLoss,BraTS2021_00095,30.147255,0.9789725542068481,0.11518505,0.9741192185673735,0.9853008727606798,0.8251001335113485
SwinIR + PathologyLoss,BraTS2021_00095,30.236855,0.9775917530059814,0.11491602,0.9685349065880039,0.9897330595482546,0.8926014319809069
SwinIR + PathologyLoss,BraTS2021_00095,30.334778,0.9787766933441162,0.11197735,0.9713148731553639,0.9901893680127767,0.8858131487889274
SwinIR + PathologyLoss,BraTS2021_00095,30.267412,0.9799084663391113,0.11228911,0.9754741661216482,0.9874360167519777,0.8610086100861009
SwinIR + PathologyLoss,BraTS2021_00095,30.569881,0.9793160557746887,0.11003368,0.9718498659517426,0.9813547321217843,0.8439716312056738
SwinIR + PathologyLoss,BraTS2021_00095,30.742222,0.9807060360908508,0.1088727,0.9768518518518519,0.9799080125877512,0.8297872340425532
SwinIR + PathologyLoss,BraTS2021_00095,30.918999,0.9825441241264343,0.10314016,0.9663405737025369,0.9873291925465838,0.8717948717948718
SwinIR + PathologyLoss,BraTS2021_00095,30.982224,0.9818652272224426,0.10465123,0.9684563758389262,0.982789622399178,0.8698412698412699
SwinIR + PathologyLoss,BraTS2021_00095,31.10374,0.9830572009086609,0.100824125,0.9639423076923077,0.9831505750200589,0.8684759916492694
SwinIR + PathologyLoss,BraTS2021_00095,31.440287,0.9822888374328613,0.099926025,0.9659050966608085,0.9853873724841467,0.8897196261682243
SwinIR + PathologyLoss,BraTS2021_00095,31.310595,0.9807865619659424,0.104404494,0.9603636363636363,0.972926267281106,0.8555858310626703
SwinIR + PathologyLoss,BraTS2021_00095,31.246029,0.9802730083465576,0.10515123,0.9634587554269175,0.9726501100282929,0.8461538461538461
SwinIR + PathologyLoss,BraTS2021_00095,31.407967,0.9788151383399963,0.10487849,0.9627967844456908,0.9697783747481531,0.8466257668711656
SwinIR + PathologyLoss,BraTS2021_00095,31.626425,0.9803336262702942,0.10126393,0.9499451954694922,0.9599417334304443,0.8243021346469622
SwinIR + PathologyLoss,BraTS2021_00095,31.649693,0.9769042134284973,0.104917966,0.9638914873713751,0.9502407704654896,0.821917808219178
SwinIR + PathologyLoss,BraTS2021_00095,31.47749,0.9754392504692078,0.10567279,0.9594213126323218,0.9184707508060801,0.7733142037302726
SwinIR + PathologyLoss,BraTS2021_00095,31.810152,0.9779664874076843,0.09885214,0.9657202216066482,0.845150311968236,0.7291812456263121
SwinIR + PathologyLoss,BraTS2021_00095,31.45483,0.9720935225486755,0.108932935,0.9693650521992128,0.8756544502617801,0.7300079176563737
SwinIR + PathologyLoss,BraTS2021_00095,31.914194,0.9760231375694275,0.10295981,0.9724208375893769,0.7888774459320288,0.7633587786259542
SwinIR + PathologyLoss,BraTS2021_00095,32.05398,0.9746651649475098,0.100021146,0.966044142614601,0.7588785046728972,0.7125506072874493
SwinIR + PathologyLoss,BraTS2021_00095,32.088085,0.9776026606559753,0.099053256,0.9791702530556033,0.507177033492823,0.507177033492823
SwinIR + PathologyLoss,BraTS2021_00095,32.076366,0.9780598878860474,0.09825085,0.9818245985530263,0.11244979919678715,0.509090909090909
SwinIR + PathologyLoss,BraTS2021_00095,31.928312,0.9784477949142456,0.09958824,0.974579305406373,0.0,nan
SwinIR + PathologyLoss,BraTS2021_00095,32.33034,0.980337381362915,0.09542417,0.9836681058757274,nan,nan
SwinIR + PathologyLoss,BraTS2021_00095,31.97709,0.9763500094413757,0.10098995,0.9824975417895772,nan,nan
SwinIR + PathologyLoss,BraTS2021_00095,31.860596,0.9771096110343933,0.10375717,0.9754487311739221,nan,nan
SwinIR + PathologyLoss,BraTS2021_00095,31.834993,0.9776045083999634,0.101308666,0.9728555917480999,nan,nan
SwinIR + PathologyLoss,BraTS2021_00095,31.479641,0.9706679582595825,0.11024058,0.9738625363020329,nan,nan
SwinIR + PathologyLoss,BraTS2021_00095,31.527748,0.9712216258049011,0.11264043,0.985363303711448,nan,nan
SwinIR + PathologyLoss,BraTS2021_00095,31.434181,0.9725576639175415,0.10806397,0.9809679173463839,nan,nan
SwinIR + PathologyLoss,BraTS2021_00095,31.414246,0.9708148837089539,0.11210785,0.9786036036036037,nan,nan
SwinIR + PathologyLoss,BraTS2021_00095,31.433088,0.9710653424263,0.111017264,0.9719626168224299,nan,nan
SwinIR + PathologyLoss,BraTS2021_00095,30.909565,0.9657732844352722,0.11760407,0.9785609397944199,nan,nan
SwinIR + PathologyLoss,BraTS2021_00095,31.13304,0.9707118272781372,0.11346804,0.9818628957885029,nan,nan
SwinIR + PathologyLoss,BraTS2021_00095,30.883228,0.9629513621330261,0.12112366,0.9759692406280038,nan,nan
SwinIR + PathologyLoss,BraTS2021_00095,30.69654,0.9611107707023621,0.12505563,0.9856618872957652,nan,nan
SwinIR + PathologyLoss,BraTS2021_00095,30.658226,0.9640295505523682,0.12052758,0.9748603351955307,nan,nan
SwinIR + PathologyLoss,BraTS2021_00095,30.569916,0.9565057754516602,0.12886244,0.962642548171451,nan,nan
SwinIR + PathologyLoss,BraTS2021_00095,30.341972,0.9477717280387878,0.13554305,0.9422735346358793,nan,nan
SwinIR + PathologyLoss,BraTS2021_00095,30.151585,0.9413033127784729,0.14220771,0.9073446327683616,nan,nan
SwinIR + PathologyLoss,BraTS2021_00095,30.182236,0.9494792819023132,0.1383085,0.8980544747081712,nan,nan
SwinIR + PathologyLoss,BraTS2021_00095,30.1626,0.9435693621635437,0.14117707,0.8477466504263094,nan,nan
SwinIR + PathologyLoss,BraTS2021_00095,29.896261,0.9452801942825317,0.14366259,0.9145907473309609,nan,nan
SwinIR + PathologyLoss,BraTS2021_00095,29.89637,0.9438722133636475,0.1491092,0.8534031413612565,nan,nan
SwinIR + PathologyLoss,BraTS2021_00097,30.028028,0.945488452911377,0.12648383,0.0,nan,nan
SwinIR + PathologyLoss,BraTS2021_00097,30.519869,0.9513627290725708,0.120917,0.0,nan,nan
SwinIR + PathologyLoss,BraTS2021_00097,30.580748,0.9455150961875916,0.12238877,0.12631578947368421,0.0,0.0
SwinIR + PathologyLoss,BraTS2021_00097,30.509605,0.9499855637550354,0.118181184,0.8130081300813008,0.5217391304347826,0.5217391304347826
SwinIR + PathologyLoss,BraTS2021_00097,30.620045,0.946528971195221,0.11585936,0.7779816513761468,0.8957055214723927,0.8957055214723927
SwinIR + PathologyLoss,BraTS2021_00097,30.48928,0.9454925656318665,0.11700514,0.8503703703703703,0.9065420560747663,0.9065420560747663
SwinIR + PathologyLoss,BraTS2021_00097,30.64119,0.9491297006607056,0.113375954,0.8650793650793651,0.9257950530035336,0.9142857142857143
SwinIR + PathologyLoss,BraTS2021_00097,30.60486,0.9557903409004211,0.1119267,0.8912037037037037,0.9090909090909091,0.89937106918239
SwinIR + PathologyLoss,BraTS2021_00097,30.253725,0.9523279666900635,0.11766869,0.9152892561983471,0.9136363636363637,0.8688946015424165
SwinIR + PathologyLoss,BraTS2021_00097,30.440035,0.9564587473869324,0.1123669,0.9106302916274694,0.9209138840070299,0.8952772073921971
SwinIR + PathologyLoss,BraTS2021_00097,30.574303,0.9630969762802124,0.108476736,0.9412751677852349,0.9649122807017544,0.9453262786596119
SwinIR + PathologyLoss,BraTS2021_00097,30.372953,0.963137686252594,0.11003487,0.9615975422427036,0.9694656488549618,0.9353846153846154
SwinIR + PathologyLoss,BraTS2021_00097,30.378536,0.9653198719024658,0.10815139,0.978134110787172,0.9660818713450292,0.9329446064139941
SwinIR + PathologyLoss,BraTS2021_00097,30.680609,0.9657447934150696,0.10870365,0.9710247349823321,0.9576837416481069,0.9061102831594635
SwinIR + PathologyLoss,BraTS2021_00097,30.715107,0.9693648219108582,0.10135747,0.9719251336898396,0.8597491448118586,0.8663594470046083
SwinIR + PathologyLoss,BraTS2021_00097,30.687353,0.9682280421257019,0.10486172,0.978750804893754,0.9326315789473684,0.8857644991212654
SwinIR + PathologyLoss,BraTS2021_00097,31.192276,0.971847653388977,0.10095606,0.9826302729528535,0.8643533123028391,0.8745519713261649
SwinIR + PathologyLoss,BraTS2021_00097,31.16329,0.9736678004264832,0.09828655,0.9789536981358989,0.9206049149338374,0.865874363327674
SwinIR + PathologyLoss,BraTS2021_00097,31.076677,0.9719192385673523,0.10331076,0.9889083479276124,0.9577464788732394,0.8860294117647058
SwinIR + PathologyLoss,BraTS2021_00097,31.35242,0.9761272668838501,0.0958707,0.9851088201603666,0.8838133068520357,0.8961748633879781
SwinIR + PathologyLoss,BraTS2021_00097,31.440248,0.9752323031425476,0.0947474,0.985244040862656,0.9223205506391348,0.9032258064516129
SwinIR + PathologyLoss,BraTS2021_00097,31.283312,0.9733485579490662,0.09704606,0.9789653212052303,0.9155908639523337,0.8910133843212237
SwinIR + PathologyLoss,BraTS2021_00097,31.548557,0.9726775288581848,0.095941186,0.9805491990846682,0.9338677354709419,0.8933601609657947
SwinIR + PathologyLoss,BraTS2021_00097,31.608545,0.9746363759040833,0.09400628,0.9863013698630136,0.8489525909592062,0.8554455445544554
SwinIR + PathologyLoss,BraTS2021_00097,31.498821,0.9710249304771423,0.09427388,0.9859320046893317,0.9503105590062112,0.9009345794392524
SwinIR + PathologyLoss,BraTS2021_00097,31.487968,0.9717195630073547,0.09488462,0.9857651245551602,0.9567966280295047,0.8717047451669596
SwinIR + PathologyLoss,BraTS2021_00097,31.70352,0.971685528755188,0.093526736,0.9884918231374924,0.9829787234042553,0.886986301369863
SwinIR + PathologyLoss,BraTS2021_00097,31.336185,0.9694451689720154,0.09768385,0.986318407960199,0.9747530186608123,0.8903436988543372
SwinIR + PathologyLoss,BraTS2021_00097,31.46388,0.9613006114959717,0.10109775,0.9572881355932203,0.9780853517877739,0.8990825688073395
SwinIR + PathologyLoss,BraTS2021_00097,31.415535,0.9673943519592285,0.09757173,0.967741935483871,0.9528301886792453,0.8897742363877822
SwinIR + PathologyLoss,BraTS2021_00097,31.101988,0.9612653851509094,0.10355188,0.9584313725490196,0.9732484076433121,0.9598930481283422
SwinIR + PathologyLoss,BraTS2021_00097,31.074915,0.9568468332290649,0.1086987,0.96964586846543,0.9622641509433962,0.9541029207232267
SwinIR + PathologyLoss,BraTS2021_00097,30.992432,0.9574189186096191,0.10833314,0.9651928504233303,0.9410029498525073,0.9307228915662651
SwinIR + PathologyLoss,BraTS2021_00097,30.575176,0.9606567025184631,0.11107416,0.933911159263272,0.9058614564831261,0.8780487804878049
SwinIR + PathologyLoss,BraTS2021_00097,30.772457,0.9609280228614807,0.10929107,0.9134615384615384,0.7056451612903226,0.7577092511013216
SwinIR + PathologyLoss,BraTS2021_00097,30.53602,0.9578507542610168,0.113345124,0.9176788124156545,0.7722222222222223,0.848297213622291
SwinIR + PathologyLoss,BraTS2021_00097,30.51468,0.9596275091171265,0.11467018,0.907185628742515,0.5465116279069767,0.562874251497006
SwinIR + PathologyLoss,BraTS2021_00097,30.396584,0.958602786064148,0.11790329,0.8736842105263158,0.35384615384615387,0.352
SwinIR + PathologyLoss,BraTS2021_00097,30.289356,0.9603773951530457,0.11913854,0.8801742919389978,0.0,0.0
SwinIR + PathologyLoss,BraTS2021_00097,30.0378,0.9566795229911804,0.124013126,0.44537815126050423,nan,nan
SwinIR + PathologyLoss,BraTS2021_00105,30.505589,0.9886986017227173,0.0857463,0.014285714285714285,0.0,0.0
SwinIR + PathologyLoss,BraTS2021_00105,30.468578,0.9877549409866333,0.088856645,0.0,nan,nan
SwinIR + PathologyLoss,BraTS2021_00105,30.498865,0.9886413216590881,0.08610655,0.15463917525773196,0.0,0.0
SwinIR + PathologyLoss,BraTS2021_00105,30.303017,0.9881766438484192,0.08635624,0.7444608567208272,0.0,0.0
SwinIR + PathologyLoss,BraTS2021_00105,30.457247,0.9873663783073425,0.088045016,0.47928994082840237,nan,nan
SwinIR + PathologyLoss,BraTS2021_00105,29.991055,0.98618084192276,0.09027385,0.79491833030853,0.0,0.0
SwinIR + PathologyLoss,BraTS2021_00105,29.088753,0.9805813431739807,0.1004788,0.8187403993855606,nan,nan
SwinIR + PathologyLoss,BraTS2021_00105,29.352192,0.9801152944564819,0.09333085,0.7949488875526157,0.0,0.0
SwinIR + PathologyLoss,BraTS2021_00105,29.843187,0.9798632264137268,0.088264704,0.7841105354058722,0.5326633165829145,0.5326633165829145
SwinIR + PathologyLoss,BraTS2021_00105,29.732727,0.9803216457366943,0.08732729,0.8396305625524769,0.44972067039106145,0.44287729196050774
SwinIR + PathologyLoss,BraTS2021_00105,29.714207,0.9785622954368591,0.08700983,0.90150842945874,0.8413173652694611,0.8110599078341014
SwinIR + PathologyLoss,BraTS2021_00105,29.799091,0.9770500063896179,0.08534388,0.9261630388390952,0.8663484486873508,0.8382352941176471
SwinIR + PathologyLoss,BraTS2021_00105,29.844587,0.9781573414802551,0.08213242,0.8695652173913043,0.763986013986014,0.7536231884057971
SwinIR + PathologyLoss,BraTS2021_00105,30.00327,0.9772295951843262,0.08155977,0.9125277983691623,0.8832309043020193,0.8254580520732884
SwinIR + PathologyLoss,BraTS2021_00105,29.746864,0.9763655066490173,0.08167164,0.8464646464646465,0.9071832122679581,0.8206958073148974
SwinIR + PathologyLoss,BraTS2021_00105,29.86119,0.9746836423873901,0.081717394,0.9025641025641026,0.8670172802404207,0.8077260755048288
SwinIR + PathologyLoss,BraTS2021_00105,29.959076,0.9719709157943726,0.08282698,0.8830950378469302,0.8472314876584389,0.8547297297297297
SwinIR + PathologyLoss,BraTS2021_00105,29.954468,0.9720360636711121,0.08020019,0.9299412915851272,0.7523162445954292,0.7694944301628106
SwinIR + PathologyLoss,BraTS2021_00105,29.639826,0.9653433561325073,0.08382806,0.9104859335038363,0.759621451104101,0.7869158878504673
SwinIR + PathologyLoss,BraTS2021_00105,29.628193,0.964438259601593,0.08165235,0.9392871132001567,0.7953216374269005,0.7975243147656941
SwinIR + PathologyLoss,BraTS2021_00105,29.9444,0.959925651550293,0.08118644,0.9112058937572702,0.8921370967741935,0.8301886792452831
SwinIR + PathologyLoss,BraTS2021_00105,30.092297,0.9652332067489624,0.077070735,0.9249908525429931,0.895032802249297,0.802962962962963
SwinIR + PathologyLoss,BraTS2021_00105,30.028004,0.9636495113372803,0.0768553,0.9380150483697599,0.9367088607594937,0.8239700374531835
SwinIR + PathologyLoss,BraTS2021_00105,30.055056,0.9632753133773804,0.077677794,0.9169850642584231,0.9060721062618596,0.7975553857906799
SwinIR + PathologyLoss,BraTS2021_00105,29.952969,0.9595637321472168,0.07921481,0.8888888888888888,0.8695278969957082,0.7712691771269177
SwinIR + PathologyLoss,BraTS2021_00105,29.919521,0.9599069356918335,0.07749586,0.8989298454221165,0.8905050505050505,0.7269255251432208
SwinIR + PathologyLoss,BraTS2021_00105,29.926094,0.9631363749504089,0.078035094,0.9224489795918367,0.8973057399453338,0.7807881773399015
SwinIR + PathologyLoss,BraTS2021_00105,30.048521,0.9593851566314697,0.07728722,0.9471728165649057,0.9206831119544592,0.8378548895899054
SwinIR + PathologyLoss,BraTS2021_00105,30.022486,0.9577013850212097,0.07998277,0.9296651959512069,0.8913274336283186,0.7817663817663818
SwinIR + PathologyLoss,BraTS2021_00105,30.039465,0.9595537781715393,0.07907055,0.9569028487947406,0.9077082613204286,0.7818599311136625
SwinIR + PathologyLoss,BraTS2021_00105,30.094292,0.9622644186019897,0.07841176,0.9234624145785877,0.8856589147286822,0.7076923076923077
SwinIR + PathologyLoss,BraTS2021_00105,30.027735,0.9629583954811096,0.07827183,0.9316200091785223,0.8828562997934494,0.7587695628710199
SwinIR + PathologyLoss,BraTS2021_00105,30.044535,0.964870274066925,0.07750163,0.9551569506726457,0.9232650565576276,0.7615658362989324
SwinIR + PathologyLoss,BraTS2021_00105,29.924547,0.9654890298843384,0.07805637,0.9661687170474517,0.9376246083736827,0.7659103486441616
SwinIR + PathologyLoss,BraTS2021_00105,30.093128,0.9656928777694702,0.07886106,0.94874022589053,0.9570017431725741,0.7658618753509264
SwinIR + PathologyLoss,BraTS2021_00105,29.943075,0.964689314365387,0.07930869,0.9448785638859557,0.9373326191751473,0.7748917748917749
SwinIR + PathologyLoss,BraTS2021_00105,30.13892,0.9684333205223083,0.07524974,0.9578084383123375,0.9456226209896683,0.717037037037037
SwinIR + PathologyLoss,BraTS2021_00105,30.082209,0.9675619006156921,0.0756727,0.968743856890112,0.9597855227882037,0.7441655658300308
SwinIR + PathologyLoss,BraTS2021_00105,30.087603,0.9631568193435669,0.07864063,0.9561818555852705,0.9510413849066811,0.7727476467951592
SwinIR + PathologyLoss,BraTS2021_00105,30.305984,0.9643118977546692,0.07644287,0.9610815239655879,0.9672271302365346,0.7872137404580153
SwinIR + PathologyLoss,BraTS2021_00105,30.406399,0.9676066637039185,0.07327367,0.973521799721282,0.9396411092985318,0.780053428317008
SwinIR + PathologyLoss,BraTS2021_00105,30.44881,0.9647797346115112,0.072655134,0.9716240692292212,0.9552661381653454,0.7512370670265407
SwinIR + PathologyLoss,BraTS2021_00105,30.608612,0.9645307660102844,0.07360797,0.9719740048740861,0.9461538461538461,0.7246119733924612
SwinIR + PathologyLoss,BraTS2021_00105,30.637,0.9611730575561523,0.072780184,0.9127753303964757,0.8943640283338467,0.7745415318230853
SwinIR + PathologyLoss,BraTS2021_00105,30.768728,0.9592432379722595,0.07181744,0.9248322147651007,0.9219237976264835,0.8033057851239669
SwinIR + PathologyLoss,BraTS2021_00105,30.899858,0.9646537899971008,0.070872635,0.9458234405352903,0.8888153540701522,0.7675791733762748
SwinIR + PathologyLoss,BraTS2021_00105,30.746666,0.9574994444847107,0.072104745,0.9575170592119745,0.893590148405431,0.7537354731599336
SwinIR + PathologyLoss,BraTS2021_00105,30.839415,0.9564586281776428,0.07162267,0.9554083885209713,0.8937311431444854,0.7028824833702882
SwinIR + PathologyLoss,BraTS2021_00105,30.778313,0.9597492814064026,0.070679694,0.9460303300624442,0.8536759457530335,0.6789413118527042
SwinIR + PathologyLoss,BraTS2021_00105,30.74231,0.9497737884521484,0.07286881,0.9242782773308093,0.7895335608646189,0.6472411655300682
SwinIR + PathologyLoss,BraTS2021_00105,30.666878,0.9531006813049316,0.07275235,0.9259789875835721,0.812637121544537,0.6893203883495146
SwinIR + PathologyLoss,BraTS2021_00105,31.075336,0.9530937671661377,0.07109392,0.9403098806197613,0.8507670850767085,0.7299058653149891
SwinIR + PathologyLoss,BraTS2021_00105,30.84595,0.9520875811576843,0.07351123,0.9433774008480917,0.8890052356020942,0.7823293172690763
SwinIR + PathologyLoss,BraTS2021_00105,30.928875,0.9474289417266846,0.07214668,0.9512820512820512,0.8711018711018711,0.7447633824670287
SwinIR + PathologyLoss,BraTS2021_00105,30.937218,0.948786735534668,0.07410997,0.9391803706604019,0.8693667997718197,0.7492211838006231
SwinIR + PathologyLoss,BraTS2021_00105,30.671255,0.9567522406578064,0.072467215,0.9065760737685028,0.7631441957313899,0.6900343642611684
SwinIR + PathologyLoss,BraTS2021_00105,30.642517,0.9516734480857849,0.07410247,0.9016129032258065,0.8309352517985612,0.7363834422657952
SwinIR + PathologyLoss,BraTS2021_00105,30.56576,0.9557679891586304,0.07509043,0.9155509783728115,0.8051787916152897,0.715372907153729
SwinIR + PathologyLoss,BraTS2021_00105,30.523912,0.9599567651748657,0.07441859,0.9045252419565786,0.7392144236960722,0.6962509563886764
SwinIR + PathologyLoss,BraTS2021_00105,30.708939,0.9634782075881958,0.07345147,0.9006659267480577,0.8299212598425196,0.7766258246936852
SwinIR + PathologyLoss,BraTS2021_00105,30.436012,0.9621668457984924,0.0759507,0.932785441737599,0.8647619047619047,0.8568047337278106
SwinIR + PathologyLoss,BraTS2021_00105,30.254137,0.9617118239402771,0.07835751,0.9023202520767688,0.7099841521394612,0.6122860020140987
SwinIR + PathologyLoss,BraTS2021_00105,29.948105,0.9571999907493591,0.08157479,0.9150167529698446,0.637987012987013,0.49739854318418314
SwinIR + PathologyLoss,BraTS2021_00105,30.21098,0.9601165652275085,0.08263254,0.848714069591528,0.5825242718446602,0.6793349168646081
SwinIR + PathologyLoss,BraTS2021_00105,29.795113,0.9620447158813477,0.08375102,0.8861256544502618,0.5481651376146789,0.4791666666666667
SwinIR + PathologyLoss,BraTS2021_00105,29.84102,0.9652918577194214,0.084785044,0.8177892918825561,0.35335689045936397,0.46060606060606063
SwinIR + PathologyLoss,BraTS2021_00105,29.65851,0.9690967202186584,0.085744195,0.8088567555354722,0.4262295081967213,0.3333333333333333
SwinIR + PathologyLoss,BraTS2021_00105,29.6052,0.9713385701179504,0.08798798,0.8757238307349666,0.25,0.14634146341463414
SwinIR + PathologyLoss,BraTS2021_00105,29.36071,0.9722883105278015,0.09030951,0.8397017707362535,0.21428571428571427,0.0
SwinIR + PathologyLoss,BraTS2021_00105,29.3688,0.975124180316925,0.09067295,0.8701110574601642,0.0,0.0
SwinIR + PathologyLoss,BraTS2021_00105,29.449924,0.9774596691131592,0.09143186,0.7389162561576355,0.0,nan
SwinIR + PathologyLoss,BraTS2021_00105,29.40765,0.9802326560020447,0.09173787,0.8906168999481596,0.0,0.0
SwinIR + PathologyLoss,BraTS2021_00105,28.975456,0.9801135063171387,0.09816998,0.6975717439293598,0.0,0.0
SwinIR + PathologyLoss,BraTS2021_00105,29.116022,0.9820380210876465,0.1002607,0.8477064220183487,0.0,0.0
SwinIR + PathologyLoss,BraTS2021_00105,29.123686,0.98392254114151,0.09925286,0.7925801011804384,0.0,0.0
SwinIR + PathologyLoss,BraTS2021_00105,29.500992,0.9853927493095398,0.10092816,0.8140900195694716,nan,nan
SwinIR + PathologyLoss,BraTS2021_00105,29.28561,0.986439049243927,0.10250601,0.814993954050786,nan,nan
SwinIR + PathologyLoss,BraTS2021_00105,29.331865,0.9866172075271606,0.10704401,0.6597582037996546,0.0,nan
SwinIR + PathologyLoss,BraTS2021_00105,29.231415,0.9867249131202698,0.112557724,0.6191536748329621,nan,nan
SwinIR + PathologyLoss,BraTS2021_00105,29.367277,0.9864313006401062,0.12057895,0.34285714285714286,nan,nan
SwinIR + PathologyLoss,BraTS2021_00106,28.580296,0.9678744077682495,0.1025107,0.33088235294117646,0.0,0.0
SwinIR + PathologyLoss,BraTS2021_00106,28.9042,0.9677330255508423,0.09714259,0.46475195822454307,0.0,0.0
SwinIR + PathologyLoss,BraTS2021_00106,28.900116,0.9673457741737366,0.09614963,0.64,0.0,0.0
SwinIR + PathologyLoss,BraTS2021_00106,28.900568,0.9627270698547363,0.09310887,0.746031746031746,nan,nan
SwinIR + PathologyLoss,BraTS2021_00106,29.179392,0.961989164352417,0.089940175,0.7038988408851422,0.0,0.0
SwinIR + PathologyLoss,BraTS2021_00106,29.20562,0.9540653824806213,0.08885817,0.7995910020449898,nan,nan
SwinIR + PathologyLoss,BraTS2021_00106,29.601366,0.9542486071586609,0.08531677,0.7448177269478199,nan,nan
SwinIR + PathologyLoss,BraTS2021_00106,29.564745,0.9517140984535217,0.081502445,0.6800422386483632,0.0,0.0
SwinIR + PathologyLoss,BraTS2021_00106,29.88675,0.9569246768951416,0.07689728,0.7135217723453018,0.0,0.0
SwinIR + PathologyLoss,BraTS2021_00106,30.155956,0.9566189050674438,0.07709923,0.8202692003167062,0.0,0.0
SwinIR + PathologyLoss,BraTS2021_00106,30.415602,0.9606996178627014,0.07389036,0.8564621798689697,0.574585635359116,0.4728132387706856
SwinIR + PathologyLoss,BraTS2021_00106,31.066704,0.9690729379653931,0.067389816,0.8896390547909634,0.0,0.0
SwinIR + PathologyLoss,BraTS2021_00106,30.852928,0.9725776314735413,0.06674191,0.8721155919775717,0.29476584022038566,0.33225806451612905
SwinIR + PathologyLoss,BraTS2021_00106,30.874268,0.9753496050834656,0.0660825,0.8610589560645888,0.2100656455142232,0.23177083333333334
SwinIR + PathologyLoss,BraTS2021_00106,30.933899,0.976992130279541,0.06529888,0.8417520310844224,0.579732914375491,0.43386243386243384
SwinIR + PathologyLoss,BraTS2021_00106,30.649097,0.9770634770393372,0.065234035,0.8345747445002598,0.6604651162790698,0.47105004906771347
SwinIR + PathologyLoss,BraTS2021_00106,30.791508,0.9799512028694153,0.06397196,0.8632168754119973,0.3117117117117117,0.2932745314222712
SwinIR + PathologyLoss,BraTS2021_00106,31.018686,0.9779208302497864,0.06534982,0.8997653369091518,0.48725212464589235,0.4606164383561644
SwinIR + PathologyLoss,BraTS2021_00106,30.902416,0.9810157418251038,0.0628749,0.8867483946293053,0.3391959798994975,0.22847682119205298
SwinIR + PathologyLoss,BraTS2021_00106,31.270412,0.9798145294189453,0.062388927,0.8985551330798479,0.3751568381430364,0.3069838833461243
SwinIR + PathologyLoss,BraTS2021_00106,31.241749,0.9800121784210205,0.0623646,0.9214264128135389,0.30287859824780977,0.24924924924924924
SwinIR + PathologyLoss,BraTS2021_00106,31.295176,0.9807473421096802,0.060707673,0.9259731068648266,0.4447837150127226,0.3007518796992481
SwinIR + PathologyLoss,BraTS2021_00106,31.130545,0.9815528392791748,0.059998095,0.9301702184693741,0.4533980582524272,0.2808921036769138
SwinIR + PathologyLoss,BraTS2021_00106,31.326206,0.9801139235496521,0.060283963,0.9308308176926106,0.6026399635867091,0.43626062322946174
SwinIR + PathologyLoss,BraTS2021_00106,31.206663,0.9809347987174988,0.061455753,0.9239543726235742,0.5339449541284403,0.32
SwinIR + PathologyLoss,BraTS2021_00106,31.13519,0.9799070358276367,0.060658533,0.9534405611319385,0.8186831008757703,0.6846770789362601
SwinIR + PathologyLoss,BraTS2021_00106,31.133291,0.9795868992805481,0.060405195,0.9416231608922638,0.8624787775891342,0.7647788342290203
SwinIR + PathologyLoss,BraTS2021_00106,31.084415,0.9803040027618408,0.06086392,0.9554930897165612,0.9454310623183726,0.797776827704147
SwinIR + PathologyLoss,BraTS2021_00106,31.2074,0.9822590351104736,0.060167484,0.9356644954862301,0.882202304737516,0.7879049676025918
SwinIR + PathologyLoss,BraTS2021_00106,31.116293,0.9813167452812195,0.060139343,0.9568764568764568,0.8661037394451147,0.8008350730688936
SwinIR + PathologyLoss,BraTS2021_00106,31.19319,0.982090950012207,0.058924325,0.950456172768218,0.8920583468395462,0.8082855883649185
SwinIR + PathologyLoss,BraTS2021_00106,31.05423,0.9820945858955383,0.06017804,0.9581536309593193,0.8846520495710201,0.7852112676056338
SwinIR + PathologyLoss,BraTS2021_00106,31.170513,0.9843341708183289,0.059597507,0.9444569880334162,0.8472810159557147,0.7551984877126654
SwinIR + PathologyLoss,BraTS2021_00106,31.073166,0.983543872833252,0.06061892,0.9536898025176117,0.8595213319458896,0.7705242334322453
SwinIR + PathologyLoss,BraTS2021_00106,31.102999,0.9820986390113831,0.06012315,0.9674711437565582,0.8629213483146068,0.7709154621112572
SwinIR + PathologyLoss,BraTS2021_00106,31.253817,0.9821287989616394,0.059418123,0.949490101979604,0.8158940397350993,0.7367424242424242
SwinIR + PathologyLoss,BraTS2021_00106,31.113956,0.9847241044044495,0.060112435,0.9573625349487418,0.9155908639523337,0.8097281831187411
SwinIR + PathologyLoss,BraTS2021_00106,30.892618,0.9828804135322571,0.062215306,0.9657550535077289,0.9029451137884873,0.8112488083889419
SwinIR + PathologyLoss,BraTS2021_00106,31.08592,0.985166072845459,0.059782207,0.9603830041891083,0.915266106442577,0.7896950578338591
SwinIR + PathologyLoss,BraTS2021_00106,31.125582,0.9817875623703003,0.06134752,0.9683120818078526,0.8895833333333333,0.818087318087318
SwinIR + PathologyLoss,BraTS2021_00106,31.13697,0.9846698045730591,0.05935767,0.9631763527054108,0.9117334278624601,0.8078765300691857
SwinIR + PathologyLoss,BraTS2021_00106,31.042439,0.9828673005104065,0.060597204,0.972785622593068,0.9378729378729379,0.8201516793066089
SwinIR + PathologyLoss,BraTS2021_00106,30.9165,0.9832605719566345,0.062207196,0.9586045300702942,0.8299733739064283,0.749665327978581
SwinIR + PathologyLoss,BraTS2021_00106,31.142483,0.9847016334533691,0.06065887,0.9604989604989606,0.8746537396121884,0.7702227432590856
SwinIR + PathologyLoss,BraTS2021_00106,31.006573,0.9830358624458313,0.06267853,0.9686402081977878,0.8922670191672174,0.8018433179723502
SwinIR + PathologyLoss,BraTS2021_00106,30.990503,0.9836257696151733,0.063150644,0.9716376944190301,0.9566484517304189,0.8430079155672823
SwinIR + PathologyLoss,BraTS2021_00106,30.771091,0.9841828346252441,0.06384811,0.9611725379274878,0.9518205222508275,0.8409405255878285
SwinIR + PathologyLoss,BraTS2021_00106,31.032183,0.9847909808158875,0.0633028,0.9605229428351705,0.9561664190193165,0.8350444900752909
SwinIR + PathologyLoss,BraTS2021_00106,30.958574,0.9842133522033691,0.064761296,0.9575329935972821,0.8937160589604345,0.7674247982391783
SwinIR + PathologyLoss,BraTS2021_00106,30.78136,0.9821118116378784,0.066550225,0.9422680412371134,0.9481311975591151,0.7893631910426872
SwinIR + PathologyLoss,BraTS2021_00106,30.454845,0.9826666116714478,0.06880052,0.9237839908081195,0.9345118521494576,0.7868312757201646
SwinIR + PathologyLoss,BraTS2021_00106,30.304798,0.9822741746902466,0.069413036,0.9274077935618402,0.9552862515670706,0.753030303030303
SwinIR + PathologyLoss,BraTS2021_00106,30.398829,0.9823015928268433,0.07147687,0.9224399668782777,0.5197666882696047,0.6852057842046718
SwinIR + PathologyLoss,BraTS2021_00106,30.511425,0.9826904535293579,0.071958266,0.9220338983050848,0.48783877692842254,0.6362545018007203
SwinIR + PathologyLoss,BraTS2021_00106,30.247591,0.9801671504974365,0.076216534,0.9228252788104089,0.26101694915254237,0.44648318042813456
SwinIR + PathologyLoss,BraTS2021_00106,29.782413,0.9802963137626648,0.07923711,0.9171402931498653,0.33505154639175255,0.5015576323987538
SwinIR + PathologyLoss,BraTS2021_00106,30.154402,0.9807896018028259,0.07935568,0.9143499919652901,0.29678638941398866,0.4931506849315068
SwinIR + PathologyLoss,BraTS2021_00106,29.888393,0.9801313281059265,0.083944745,0.9021776702385067,0.338,0.5126353790613718
SwinIR + PathologyLoss,BraTS2021_00106,29.636856,0.9815986156463623,0.08674,0.8970792767732962,0.3186221743810549,0.3516949152542373
SwinIR + PathologyLoss,BraTS2021_00106,29.698997,0.9820916056632996,0.090320185,0.8718339363930679,0.19328859060402684,0.3358024691358025
SwinIR + PathologyLoss,BraTS2021_00106,29.772997,0.9835501909255981,0.09180295,0.8889349357646084,0.18512898330804248,0.19020172910662825
SwinIR + PathologyLoss,BraTS2021_00106,29.451015,0.9834446310997009,0.09751344,0.8910125142207054,0.0,0.0
SwinIR + PathologyLoss,BraTS2021_00106,29.816769,0.9848393797874451,0.09823281,0.9027743064233942,0.0,0.0
SwinIR + PathologyLoss,BraTS2021_00106,29.754871,0.9851611852645874,0.10229974,0.886294134000556,0.0,0.0
SwinIR + PathologyLoss,BraTS2021_00106,30.05045,0.9859769344329834,0.10594305,0.8667929292929293,0.0,0.0
SwinIR + PathologyLoss,BraTS2021_00106,30.13727,0.986868143081665,0.10874185,0.8415492957746479,0.06578947368421052,0.02857142857142857
SwinIR + PathologyLoss,BraTS2021_00106,30.071941,0.9867388606071472,0.1158278,0.8,0.0,0.0
SwinIR + PathologyLoss,BraTS2021_00106,30.207245,0.9863163828849792,0.123798296,0.8229548229548229,0.0,nan
SwinIR + PathologyLoss,BraTS2021_00106,30.923,0.9870857000350952,0.12594458,0.7658688865764828,0.0,nan
SwinIR + PathologyLoss,BraTS2021_00106,31.526348,0.986958384513855,0.13159744,0.7513043478260869,nan,nan
SwinIR + PathologyLoss,BraTS2021_00106,31.990023,0.9867448806762695,0.13713495,0.5966386554621849,nan,nan
SwinIR + PathologyLoss,BraTS2021_00109,29.809887,0.9771684408187866,0.07981188,0.25691699604743085,0.0,0.0
SwinIR + PathologyLoss,BraTS2021_00109,29.50401,0.9721688628196716,0.08185813,0.2857142857142857,0.0,0.0
SwinIR + PathologyLoss,BraTS2021_00109,29.746513,0.9765472412109375,0.07788893,0.3053040103492885,0.0,0.0
SwinIR + PathologyLoss,BraTS2021_00109,29.78918,0.973441481590271,0.07824036,0.3884197828709288,0.0,0.0
SwinIR + PathologyLoss,BraTS2021_00109,29.71092,0.9736878871917725,0.077076405,0.4053377814845705,0.0,0.0
SwinIR + PathologyLoss,BraTS2021_00109,29.460594,0.9662463665008545,0.080586724,0.45850451930977815,0.0,0.0
SwinIR + PathologyLoss,BraTS2021_00109,30.011377,0.9707037210464478,0.07316753,0.3303518187239117,0.0,0.0
SwinIR + PathologyLoss,BraTS2021_00109,30.120953,0.9685398936271667,0.07288858,0.5764587525150905,0.0,0.0
SwinIR + PathologyLoss,BraTS2021_00109,30.5262,0.9651741981506348,0.07119957,0.45080687142113485,0.00390625,0.0
SwinIR + PathologyLoss,BraTS2021_00109,30.469162,0.9676136374473572,0.06804102,0.5872689938398358,0.16666666666666666,0.027210884353741496
SwinIR + PathologyLoss,BraTS2021_00109,30.881824,0.9661795496940613,0.06810198,0.5777414075286416,0.1289437585733882,0.2
SwinIR + PathologyLoss,BraTS2021_00109,30.955135,0.971822202205658,0.06516329,0.6795469686875416,0.49038461538461536,0.5655737704918032
SwinIR + PathologyLoss,BraTS2021_00109,31.059477,0.9711918830871582,0.06567557,0.8066935949221004,0.5634920634920635,0.5677083333333334
SwinIR + PathologyLoss,BraTS2021_00109,31.00732,0.9683374762535095,0.0661969,0.8466427189831445,0.7107692307692308,0.5118483412322274
SwinIR + PathologyLoss,BraTS2021_00109,30.971138,0.9734958410263062,0.06326256,0.8132498695878978,0.5862068965517241,0.4880636604774536
SwinIR + PathologyLoss,BraTS2021_00109,30.918648,0.9705730080604553,0.065510295,0.8363636363636363,0.5260545905707196,0.5170731707317073
SwinIR + PathologyLoss,BraTS2021_00109,30.785828,0.9722219705581665,0.06630825,0.8977955911823647,0.7757731958762887,0.46393762183235865
SwinIR + PathologyLoss,BraTS2021_00109,30.743912,0.9749969244003296,0.06431374,0.828926282051282,0.8965122927387078,0.5481927710843374
SwinIR + PathologyLoss,BraTS2021_00109,30.707607,0.9718260765075684,0.06589091,0.9199326761240683,0.8396166134185303,0.6042065009560229
SwinIR + PathologyLoss,BraTS2021_00109,30.6702,0.9758557677268982,0.06386103,0.8050662972491589,0.8446969696969697,0.5115452930728241
SwinIR + PathologyLoss,BraTS2021_00109,30.548277,0.9710505604743958,0.06508474,0.9155089956729674,0.8650345260514752,0.616793893129771
SwinIR + PathologyLoss,BraTS2021_00109,30.59729,0.9752306938171387,0.06390692,0.7849894696534558,0.8194174757281554,0.5990639625585024
SwinIR + PathologyLoss,BraTS2021_00109,30.694199,0.9735534191131592,0.064222075,0.8594931080480214,0.7891891891891892,0.6871165644171779
SwinIR + PathologyLoss,BraTS2021_00109,30.80961,0.9768195748329163,0.0629818,0.8448970931466158,0.7997227997227997,0.7515337423312883
SwinIR + PathologyLoss,BraTS2021_00109,31.006935,0.9760022759437561,0.062515475,0.8510199876365135,0.8235294117647058,0.7793296089385475
SwinIR + PathologyLoss,BraTS2021_00109,31.052637,0.97468101978302,0.06264216,0.8852389976837229,0.8445040214477212,0.75
SwinIR + PathologyLoss,BraTS2021_00109,31.154976,0.9773220419883728,0.06066959,0.9207250491373662,0.8314754098360656,0.7309941520467836
SwinIR + PathologyLoss,BraTS2021_00109,31.211279,0.9742270112037659,0.060065847,0.8436705145764039,0.8428277282086479,0.7888888888888889
SwinIR + PathologyLoss,BraTS2021_00109,31.38756,0.9786221385002136,0.057598762,0.8064137661321862,0.779320987654321,0.8208955223880597
SwinIR + PathologyLoss,BraTS2021_00109,31.485949,0.9766892790794373,0.057711966,0.8375286041189931,0.8755760368663594,0.7348951911220715
SwinIR + PathologyLoss,BraTS2021_00109,31.405764,0.9732377529144287,0.059189383,0.8638613861386139,0.82,0.7366984993178718
SwinIR + PathologyLoss,BraTS2021_00109,31.44102,0.9742588996887207,0.058557823,0.8273440726972325,0.8634868421052632,0.7679465776293823
SwinIR + PathologyLoss,BraTS2021_00109,31.438799,0.973412811756134,0.059030253,0.8167256084876222,0.8305489260143198,0.7418300653594772
SwinIR + PathologyLoss,BraTS2021_00109,31.17876,0.9731228947639465,0.059778076,0.7297837543158278,0.9193934557063048,0.72
SwinIR + PathologyLoss,BraTS2021_00109,31.636515,0.9740818738937378,0.05850812,0.8704902867715079,0.8334801762114538,0.7931034482758621
SwinIR + PathologyLoss,BraTS2021_00109,31.571152,0.9750867486000061,0.0586836,0.8302919708029197,0.8265193370165745,0.8061749571183533
SwinIR + PathologyLoss,BraTS2021_00109,31.58499,0.9748819470405579,0.059559867,0.7366015787287079,0.8105726872246696,0.7891156462585034
SwinIR + PathologyLoss,BraTS2021_00109,31.493818,0.9800059795379639,0.057316355,0.7101765522713748,0.825503355704698,0.7955801104972375
SwinIR + PathologyLoss,BraTS2021_00109,31.55878,0.9750629663467407,0.060420945,0.791741935483871,0.7749667110519307,0.7775175644028103
SwinIR + PathologyLoss,BraTS2021_00109,31.328203,0.9786989688873291,0.05981864,0.6278797344787193,0.5025996533795494,0.7414330218068536
SwinIR + PathologyLoss,BraTS2021_00109,31.28166,0.9778541922569275,0.06091849,0.7287490484648567,0.3412698412698413,0.6816143497757847
SwinIR + PathologyLoss,BraTS2021_00109,31.11539,0.978268563747406,0.061391942,0.7106748466257669,0.46449136276391556,0.717948717948718
SwinIR + PathologyLoss,BraTS2021_00109,30.986185,0.9762725234031677,0.06324606,0.7364174287251211,0.25925925925925924,0.782608695652174
SwinIR + PathologyLoss,BraTS2021_00109,30.92531,0.9777050614356995,0.063960426,0.78,0.019417475728155338,0.125
SwinIR + PathologyLoss,BraTS2021_00109,30.903267,0.9765111207962036,0.065038435,0.6720496894409937,0.0,nan
SwinIR + PathologyLoss,BraTS2021_00109,30.91772,0.9798729419708252,0.06441286,0.6440860215053763,nan,nan
SwinIR + PathologyLoss,BraTS2021_00109,30.973045,0.9793805480003357,0.06428123,0.6429556106975461,nan,nan
SwinIR + PathologyLoss,BraTS2021_00109,30.969063,0.9794188737869263,0.066794455,0.8185157972079353,nan,nan
SwinIR + PathologyLoss,BraTS2021_00109,31.082859,0.9811175465583801,0.064135835,0.7757255936675461,0.0,0.0
SwinIR + PathologyLoss,BraTS2021_00109,30.588192,0.9783551096916199,0.06889962,0.6746143057503506,0.0,0.0
SwinIR + PathologyLoss,BraTS2021_00109,30.49451,0.9795286059379578,0.06971035,0.8219306466729147,nan,nan
SwinIR + PathologyLoss,BraTS2021_00109,30.091793,0.9767447113990784,0.073702574,0.8115794819705434,0.0,nan
SwinIR + PathologyLoss,BraTS2021_00109,29.907578,0.9779371619224548,0.07602795,0.6978557504873294,nan,nan
SwinIR + PathologyLoss,BraTS2021_00109,29.578392,0.9791757464408875,0.0785356,0.7670928293496387,0.0,nan
SwinIR + PathologyLoss,BraTS2021_00109,29.7418,0.9803701043128967,0.0788036,0.6391752577319587,0.0,0.0
SwinIR + PathologyLoss,BraTS2021_00109,29.679142,0.9794958829879761,0.082210265,0.7812080536912752,nan,nan
SwinIR + PathologyLoss,BraTS2021_00109,29.419336,0.9805570244789124,0.085089594,0.8541329011345219,nan,nan
SwinIR + PathologyLoss,BraTS2021_00109,29.269127,0.983016312122345,0.08476206,0.8233151183970856,nan,nan
SwinIR + PathologyLoss,BraTS2021_00109,29.220354,0.9828696250915527,0.08999072,0.6909413854351687,nan,nan
SwinIR + PathologyLoss,BraTS2021_00109,29.496357,0.9848058819770813,0.09001656,0.7344913151364765,nan,nan
SwinIR + PathologyLoss,BraTS2021_00109,29.67471,0.9867851734161377,0.08875008,0.659606656580938,nan,nan
SwinIR + PathologyLoss,BraTS2021_00109,29.900444,0.9878644943237305,0.089332215,0.45020463847203274,nan,nan
SwinIR + PathologyLoss,BraTS2021_00109,30.165855,0.9886578917503357,0.089495875,0.6175438596491228,nan,nan
SwinIR + PathologyLoss,BraTS2021_00109,30.05873,0.988833487033844,0.09193323,0.5405405405405406,nan,nan
SwinIR + PathologyLoss,BraTS2021_00109,30.192139,0.9895960688591003,0.09337425,0.5977011494252874,nan,nan
SwinIR + PathologyLoss,BraTS2021_00110,29.623962,0.9771307110786438,0.07275939,0.43962848297213625,nan,nan
SwinIR + PathologyLoss,BraTS2021_00110,29.599474,0.9773461818695068,0.073572814,0.6289180990899899,nan,nan
SwinIR + PathologyLoss,BraTS2021_00110,29.342598,0.9780699610710144,0.07291849,0.6522388059701493,nan,nan
SwinIR + PathologyLoss,BraTS2021_00110,29.797962,0.9809547662734985,0.070595585,0.7549668874172185,nan,nan
SwinIR + PathologyLoss,BraTS2021_00110,29.618607,0.9814385771751404,0.07029171,0.7391304347826086,nan,nan
SwinIR + PathologyLoss,BraTS2021_00110,29.958042,0.9837742447853088,0.06767223,0.7737056428155905,nan,nan
SwinIR + PathologyLoss,BraTS2021_00110,29.91459,0.9844893217086792,0.06808013,0.7723935389133627,nan,nan
SwinIR + PathologyLoss,BraTS2021_00110,29.834736,0.9851770997047424,0.06743485,0.8156895824546605,nan,nan
SwinIR + PathologyLoss,BraTS2021_00110,30.140713,0.9855630993843079,0.06566508,0.8479467258601554,0.0,nan
SwinIR + PathologyLoss,BraTS2021_00110,30.314302,0.9875229597091675,0.06346663,0.8503239004432321,nan,nan
SwinIR + PathologyLoss,BraTS2021_00110,30.276009,0.987358808517456,0.06389682,0.8134872417982989,0.0,nan
SwinIR + PathologyLoss,BraTS2021_00110,30.036938,0.9867763519287109,0.06356454,0.8060735215769845,0.0,nan
SwinIR + PathologyLoss,BraTS2021_00110,30.431536,0.9863954782485962,0.061745834,0.8697247706422019,0.0,nan
SwinIR + PathologyLoss,BraTS2021_00110,30.601269,0.9861682653427124,0.061108105,0.8931395052282581,0.0,0.0
SwinIR + PathologyLoss,BraTS2021_00110,30.4744,0.9856888055801392,0.06079146,0.7979207277452891,0.0,0.0
SwinIR + PathologyLoss,BraTS2021_00110,30.325924,0.9846115112304688,0.061689343,0.8421959095801937,0.6666666666666666,0.717948717948718
SwinIR + PathologyLoss,BraTS2021_00110,30.478893,0.9855456352233887,0.06007146,0.8336025848142165,0.8901734104046243,0.8994082840236687
SwinIR + PathologyLoss,BraTS2021_00110,30.274885,0.983893632888794,0.062662296,0.8526522593320236,0.936,0.9397590361445783
SwinIR + PathologyLoss,BraTS2021_00110,30.205393,0.980964183807373,0.06460321,0.8941778127458694,0.9155313351498637,0.9348441926345609
SwinIR + PathologyLoss,BraTS2021_00110,30.339882,0.9836126565933228,0.062241547,0.8702594810379242,0.9382151029748284,0.9458823529411765
SwinIR + PathologyLoss,BraTS2021_00110,29.963985,0.9838213324546814,0.06267028,0.8194149370812224,0.9660678642714571,0.9690721649484536
SwinIR + PathologyLoss,BraTS2021_00110,30.108494,0.9844636917114258,0.06330688,0.8553044052136611,0.9473684210526315,0.9555125725338491
SwinIR + PathologyLoss,BraTS2021_00110,29.903944,0.9850294589996338,0.06294925,0.8710950345281158,0.9175627240143369,0.9353049907578558
SwinIR + PathologyLoss,BraTS2021_00110,30.46576,0.9853805899620056,0.06265453,0.9267367695224962,0.9523809523809523,0.9451219512195121
SwinIR + PathologyLoss,BraTS2021_00110,30.061237,0.9861859679222107,0.06313136,0.8929512516469038,0.943758573388203,0.938375350140056
SwinIR + PathologyLoss,BraTS2021_00110,30.080353,0.9858527779579163,0.06359735,0.89915827694339,0.929471032745592,0.9430051813471503
SwinIR + PathologyLoss,BraTS2021_00110,29.71823,0.9853882193565369,0.0652912,0.8593650793650793,0.8676470588235294,0.9050772626931567
SwinIR + PathologyLoss,BraTS2021_00110,29.869995,0.9859815239906311,0.06596699,0.9166381961052272,0.9156883671291356,0.9405286343612335
SwinIR + PathologyLoss,BraTS2021_00110,29.751347,0.9849478006362915,0.06778047,0.8920140632847815,0.8821362799263351,0.9365079365079365
SwinIR + PathologyLoss,BraTS2021_00110,29.605453,0.9846100807189941,0.06961452,0.8936820652173914,0.9243098842386465,0.9661654135338346
SwinIR + PathologyLoss,BraTS2021_00110,29.483702,0.9849410057067871,0.0703863,0.9102860188310534,0.9130801687763713,0.9602888086642599
SwinIR + PathologyLoss,BraTS2021_00110,29.484766,0.9857635498046875,0.071242616,0.8924345643599857,0.9764192139737992,0.9804964539007093
SwinIR + PathologyLoss,BraTS2021_00110,29.19247,0.9864852428436279,0.07145998,0.88909426987061,0.9222133119486768,0.9392173189009159
SwinIR + PathologyLoss,BraTS2021_00110,29.219759,0.9849991202354431,0.0752853,0.9061538461538462,0.9437652811735942,0.9530988274706867
SwinIR + PathologyLoss,BraTS2021_00110,28.888535,0.9860057234764099,0.07631135,0.8915293215791491,0.9568892645815723,0.9615055603079555
SwinIR + PathologyLoss,BraTS2021_00110,28.600254,0.9852080345153809,0.07962203,0.8825801467748166,0.9587458745874587,0.9640768588137009
SwinIR + PathologyLoss,BraTS2021_00110,28.858765,0.9856669306755066,0.081534475,0.9145352464129757,0.9675850891410048,0.9686468646864687
SwinIR + PathologyLoss,BraTS2021_00110,29.09333,0.9869592189788818,0.080046274,0.892879780266216,0.9614147909967846,0.9568052159739201
SwinIR + PathologyLoss,BraTS2021_00110,28.863771,0.9873821139335632,0.08147216,0.8623619371282922,0.9724192277383766,0.9654062751407884
SwinIR + PathologyLoss,BraTS2021_00110,28.903162,0.9881121516227722,0.0809849,0.857270894017477,0.9725920125293657,0.9672262190247801
SwinIR + PathologyLoss,BraTS2021_00110,28.824942,0.9880783557891846,0.084872395,0.8248795042460408,0.9659090909090909,0.9646090534979423
SwinIR + PathologyLoss,BraTS2021_00110,29.177769,0.9889801144599915,0.08470626,0.8467330580519796,0.9641965029142381,0.9804587935429057
SwinIR + PathologyLoss,BraTS2021_00110,28.977354,0.989222526550293,0.086719304,0.8498094027954257,0.9599317988064792,0.9773519163763066
SwinIR + PathologyLoss,BraTS2021_00110,29.09004,0.9901058673858643,0.08625364,0.8209424083769633,0.9627611262488647,0.9695852534562212
SwinIR + PathologyLoss,BraTS2021_00110,29.26699,0.9901758432388306,0.09006489,0.8539392151077014,0.9259624876604146,0.9405840886203424
SwinIR + PathologyLoss,BraTS2021_00110,29.755981,0.9908108115196228,0.08949514,0.8560411311053985,0.9568965517241379,0.963855421686747
SwinIR + PathologyLoss,BraTS2021_00110,29.51071,0.9906648397445679,0.09404595,0.8328141225337488,0.945273631840796,0.9529860228716646
SwinIR + PathologyLoss,BraTS2021_00110,29.814785,0.9911919236183167,0.09371612,0.8048780487804879,0.9113149847094801,0.9192546583850931
SwinIR + PathologyLoss,BraTS2021_00110,29.709919,0.9905685782432556,0.1013457,0.8109382366808109,0.8300970873786407,0.8465346534653465
SwinIR + PathologyLoss,BraTS2021_00110,29.984077,0.9913975596427917,0.09884431,0.7595854922279792,0.8398791540785498,0.8553846153846154
SwinIR + PathologyLoss,BraTS2021_00110,30.203537,0.9910280108451843,0.10564144,0.7181942544459644,0.17543859649122806,0.18518518518518517
SwinIR + PathologyLoss,BraTS2021_00110,30.236507,0.9898737072944641,0.11493482,0.6748251748251748,0.0,0.0
SwinIR + PathologyLoss,BraTS2021_00110,30.9108,0.9894169569015503,0.12315538,0.6914498141263941,0.0,0.0
SwinIR + PathologyLoss,BraTS2021_00110,31.561014,0.9899058938026428,0.12303765,0.7019667170953101,nan,nan
SwinIR + PathologyLoss,BraTS2021_00110,32.000233,0.9881982207298279,0.13770205,0.6750902527075813,nan,nan
SwinIR + PathologyLoss,BraTS2021_00110,31.877787,0.9847055077552795,0.15927178,0.8682634730538922,nan,nan
SwinIR + PathologyLoss,BraTS2021_00118,30.61317,0.9568493366241455,0.10094327,0.3028169014084507,nan,nan
SwinIR + PathologyLoss,BraTS2021_00118,30.688055,0.9577165246009827,0.09848291,0.8108108108108109,nan,nan
SwinIR + PathologyLoss,BraTS2021_00118,30.852411,0.9573726654052734,0.09621433,0.84375,nan,nan
SwinIR + PathologyLoss,BraTS2021_00118,30.821875,0.9578356146812439,0.096136294,0.8296703296703297,nan,nan
SwinIR + PathologyLoss,BraTS2021_00118,30.79552,0.958667516708374,0.096249096,0.8463016330451489,0.0,0.0
SwinIR + PathologyLoss,BraTS2021_00118,30.589075,0.9592693448066711,0.0980313,0.9191522762951334,0.12631578947368421,0.12631578947368421
SwinIR + PathologyLoss,BraTS2021_00118,30.710938,0.9630072712898254,0.09481935,0.9421364985163204,0.0,0.0
SwinIR + PathologyLoss,BraTS2021_00118,30.547674,0.9664338231086731,0.09855566,0.9753593429158111,0.729903536977492,0.6008230452674898
SwinIR + PathologyLoss,BraTS2021_00118,30.763767,0.9699522852897644,0.092370875,0.9657577679137603,0.6391096979332274,0.488
SwinIR + PathologyLoss,BraTS2021_00118,30.736866,0.9746886491775513,0.08970564,0.9624286143672979,0.7210526315789474,0.5342465753424658
SwinIR + PathologyLoss,BraTS2021_00118,30.776064,0.9723725318908691,0.09006651,0.9695916594265855,0.736949846468782,0.6607818411097099
SwinIR + PathologyLoss,BraTS2021_00118,30.86813,0.9754401445388794,0.08709398,0.9465484824066613,0.8089117395029991,0.47843137254901963
SwinIR + PathologyLoss,BraTS2021_00118,30.819796,0.9748571515083313,0.088976495,0.9727709556860651,0.912490650710546,0.6705607476635514
SwinIR + PathologyLoss,BraTS2021_00118,30.866182,0.9786574244499207,0.08401145,0.9639361154044307,0.9419889502762431,0.7115600448933782
SwinIR + PathologyLoss,BraTS2021_00118,30.77011,0.9771495461463928,0.08493683,0.9502708025603152,0.9496688741721855,0.8312849162011173
SwinIR + PathologyLoss,BraTS2021_00118,30.672892,0.9784315824508667,0.08641908,0.9599609375,0.9072978303747534,0.7434052757793765
SwinIR + PathologyLoss,BraTS2021_00118,30.889551,0.9777138233184814,0.083958685,0.9466225791213982,0.88125,0.6974128233970753
SwinIR + PathologyLoss,BraTS2021_00118,30.913351,0.9794562458992004,0.08250524,0.9601500234411627,0.9227348526959422,0.7314524555903866
SwinIR + PathologyLoss,BraTS2021_00118,30.813644,0.9777424335479736,0.08248645,0.9496272871018748,0.9454354669464848,0.6960985626283368
SwinIR + PathologyLoss,BraTS2021_00118,30.954086,0.9770262241363525,0.08078649,0.9442970822281167,0.9667493796526054,0.7669616519174042
SwinIR + PathologyLoss,BraTS2021_00118,31.325165,0.9774405360221863,0.07763456,0.9554922166191625,0.9617803580067731,0.8264794383149449
SwinIR + PathologyLoss,BraTS2021_00118,31.040897,0.9767162203788757,0.0784288,0.9347236704900939,0.9529691211401425,0.8253658536585365
SwinIR + PathologyLoss,BraTS2021_00118,31.022327,0.9773247838020325,0.07980405,0.9608006672226855,0.9619091326296466,0.8231884057971014
SwinIR + PathologyLoss,BraTS2021_00118,31.375828,0.9779871702194214,0.076936275,0.9707357859531772,0.9684684684684685,0.8770053475935828
SwinIR + PathologyLoss,BraTS2021_00118,31.208832,0.9766196012496948,0.07838275,0.9621978929973146,0.9691629955947136,0.8360515021459227
SwinIR + PathologyLoss,BraTS2021_00118,30.907093,0.9770339131355286,0.08054517,0.9744525547445255,0.9790866410584721,0.832639467110741
SwinIR + PathologyLoss,BraTS2021_00118,31.17692,0.9767126441001892,0.078421526,0.9850926672038679,0.9695431472081218,0.8496
SwinIR + PathologyLoss,BraTS2021_00118,31.044252,0.976037859916687,0.07955985,0.9818109924871491,0.9506225848003435,0.8291087489779232
SwinIR + PathologyLoss,BraTS2021_00118,31.167261,0.9799699783325195,0.07609846,0.9750143047873355,0.9599325179249262,0.83454398708636
SwinIR + PathologyLoss,BraTS2021_00118,30.96848,0.9773021340370178,0.078798495,0.9743098159509203,0.9389473684210526,0.7875210792580101
SwinIR + PathologyLoss,BraTS2021_00118,30.89711,0.9796082377433777,0.07627559,0.9707081942899518,0.9206481096800997,0.7725392886683209
SwinIR + PathologyLoss,BraTS2021_00118,31.050709,0.9796005487442017,0.07810605,0.9695290858725761,0.9101401483924155,0.7615324472243941
SwinIR + PathologyLoss,BraTS2021_00118,30.87955,0.977435827255249,0.08111733,0.968583501745361,0.9075700543705563,0.7260616153205662
SwinIR + PathologyLoss,BraTS2021_00118,30.71342,0.9781274199485779,0.080825195,0.9788302834589164,0.9526104417670683,0.7489711934156379
SwinIR + PathologyLoss,BraTS2021_00118,30.75793,0.9789589643478394,0.08017409,0.9751887810140237,0.8935064935064935,0.6731277533039648
SwinIR + PathologyLoss,BraTS2021_00118,30.64657,0.9801284074783325,0.07976249,0.9731746313732457,0.9263516389953171,0.7430441898527005
SwinIR + PathologyLoss,BraTS2021_00118,30.339188,0.9796068668365479,0.08322375,0.9805502015069213,0.9533333333333334,0.7585114806017419
SwinIR + PathologyLoss,BraTS2021_00118,30.239735,0.9775766730308533,0.08474198,0.980405878236529,0.957983193277311,0.814760147601476
SwinIR + PathologyLoss,BraTS2021_00118,30.108253,0.9787257313728333,0.08608773,0.9728973596782654,0.9661795407098122,0.813858695652174
SwinIR + PathologyLoss,BraTS2021_00118,29.87453,0.978506326675415,0.08703446,0.9775419982316534,0.980720871751886,0.8012903225806451
SwinIR + PathologyLoss,BraTS2021_00118,29.85617,0.9774819612503052,0.08980714,0.9755295836376917,0.9672268907563025,0.8469575906576521
SwinIR + PathologyLoss,BraTS2021_00118,29.52166,0.9780208468437195,0.093768656,0.9636029411764706,0.9604863221884499,0.861631419939577
SwinIR + PathologyLoss,BraTS2021_00118,29.699986,0.9799330234527588,0.09013737,0.9561633570625703,0.9580573951434879,0.8737403675163011
SwinIR + PathologyLoss,BraTS2021_00118,29.979374,0.9796496033668518,0.0906953,0.9582260938428034,0.9675987572126055,0.8582949308755761
SwinIR + PathologyLoss,BraTS2021_00118,29.77573,0.9792760610580444,0.093023814,0.9575025176233636,0.9524697110904008,0.8543238537434706
SwinIR + PathologyLoss,BraTS2021_00118,29.244215,0.9785367250442505,0.09863629,0.9561720948934459,0.9365951073389915,0.8039579468150897
SwinIR + PathologyLoss,BraTS2021_00118,29.4488,0.9799864888191223,0.09794188,0.9534358974358974,0.9698209718670077,0.8628158844765343
SwinIR + PathologyLoss,BraTS2021_00118,29.573044,0.980975866317749,0.098052725,0.943801652892562,0.9699842022116903,0.8525798525798526
SwinIR + PathologyLoss,BraTS2021_00118,29.3019,0.9830165505409241,0.09832739,0.9429833789185778,0.9252873563218391,0.7083926031294452
SwinIR + PathologyLoss,BraTS2021_00118,29.427822,0.9825876951217651,0.102378964,0.951907879882592,0.9284848484848485,0.7420749279538905
SwinIR + PathologyLoss,BraTS2021_00118,29.389652,0.9823427796363831,0.102655895,0.9304861426624261,0.8868660598179454,0.617124394184168
SwinIR + PathologyLoss,BraTS2021_00118,28.950651,0.9835129380226135,0.10644734,0.9499344692005243,0.8968858131487889,0.6977124183006536
SwinIR + PathologyLoss,BraTS2021_00118,29.908113,0.9880015850067139,0.10190716,0.9012096774193549,0.8336448598130841,0.6381578947368421
SwinIR + PathologyLoss,BraTS2021_00118,29.772985,0.9874011278152466,0.104319625,0.7863247863247863,0.6587957497048406,0.5284974093264249
SwinIR + PathologyLoss,BraTS2021_00118,29.984358,0.9880944490432739,0.10416883,0.7951204253988113,0.8084632516703786,0.7014563106796117
SwinIR + PathologyLoss,BraTS2021_00118,30.10762,0.9886656999588013,0.10401169,0.7762856207009499,0.7282051282051282,0.5685131195335277
SwinIR + PathologyLoss,BraTS2021_00118,30.168772,0.9883995056152344,0.10581881,0.7825443786982249,0.6283048211508554,0.4634146341463415
SwinIR + PathologyLoss,BraTS2021_00118,29.839327,0.9879487156867981,0.112656966,0.5950900163666121,0.041392285983066796,0.07894736842105263
SwinIR + PathologyLoss,BraTS2021_00118,30.423315,0.9895127415657043,0.10592029,0.5900559762923938,0.003484320557491289,0.006493506493506494
SwinIR + PathologyLoss,BraTS2021_00118,30.343899,0.9890249967575073,0.11011368,0.5798290598290599,0.0,0.0
SwinIR + PathologyLoss,BraTS2021_00118,30.43716,0.9889482259750366,0.11455295,0.4958563535911602,0.0,0.0
SwinIR + PathologyLoss,BraTS2021_00118,30.685156,0.9898771047592163,0.11116269,0.4824561403508772,0.0,0.0
SwinIR + PathologyLoss,BraTS2021_00118,31.021278,0.9892324209213257,0.11652936,0.24695652173913044,0.0,0.0
SwinIR + PathologyLoss,BraTS2021_00118,31.642239,0.9897745847702026,0.11909569,0.2647058823529412,nan,nan
