method,subject,psnr,ssim,nrmse,dice_wt,dice_tc,dice_et
Uformer-lite (L1),BraTS2021_00000,29.354393,0.9641619324684143,0.13649411,0.0,0.0,0.0
Uformer-lite (L1),BraTS2021_00000,29.53023,0.9655184149742126,0.1306737,0.5203252032520326,0.5150214592274678,0.5150214592274678
Uformer-lite (L1),BraTS2021_00000,29.389904,0.9671560525894165,0.1247574,0.8058727569331158,0.7668161434977578,0.7668161434977578
Uformer-lite (L1),BraTS2021_00000,29.682291,0.9683942198753357,0.11918038,0.8482142857142857,0.8204419889502762,0.8166666666666667
Uformer-lite (L1),BraTS2021_00000,29.488668,0.9666123986244202,0.11915236,0.9043624161073825,0.8179916317991632,0.8264110756123536
Uformer-lite (L1),BraTS2021_00000,29.226274,0.9661809206008911,0.11916161,0.9336283185840708,0.8138913624220837,0.8110599078341014
Uformer-lite (L1),BraTS2021_00000,29.224913,0.9634117484092712,0.119308166,0.9225847728726807,0.8342007434944237,0.7759197324414716
Uformer-lite (L1),BraTS2021_00000,29.14803,0.965451180934906,0.11683413,0.918013856812933,0.8725,0.7902149740548554
Uformer-lite (L1),BraTS2021_00000,29.052126,0.9634658098220825,0.11543005,0.9638802889576883,0.950187466523835,0.8976982097186701
Uformer-lite (L1),BraTS2021_00000,29.272802,0.962795615196228,0.11505491,0.9581529581529582,0.952191235059761,0.8801521876981611
Uformer-lite (L1),BraTS2021_00000,28.98283,0.9640015959739685,0.113746434,0.9502556950255695,0.9277528649725959,0.8567725210628645
Uformer-lite (L1),BraTS2021_00000,29.081253,0.9619505405426025,0.11239367,0.9604620168813861,0.9489120151371807,0.8705128205128205
Uformer-lite (L1),BraTS2021_00000,29.748075,0.9647652506828308,0.10877733,0.9637079142982072,0.9604005461993628,0.8691709844559585
Uformer-lite (L1),BraTS2021_00000,29.74524,0.9694874882698059,0.10481051,0.9368376430690971,0.8986742424242424,0.805575935436537
Uformer-lite (L1),BraTS2021_00000,29.89828,0.9744938015937805,0.09797219,0.946843853820598,0.916058394160584,0.7987321711568938
Uformer-lite (L1),BraTS2021_00000,30.079851,0.974946916103363,0.096848816,0.9517932896259159,0.9605972625466611,0.8899143045484509
Uformer-lite (L1),BraTS2021_00000,30.029497,0.9750028252601624,0.09843216,0.9424538545059717,0.9677676084361321,0.9142857142857143
Uformer-lite (L1),BraTS2021_00000,29.91135,0.974621057510376,0.097757034,0.9393083980239944,0.9578574241827491,0.8991389913899139
Uformer-lite (L1),BraTS2021_00000,29.598434,0.9738372564315796,0.09994757,0.9414617249740215,0.9538583929992045,0.887332908975175
Uformer-lite (L1),BraTS2021_00000,29.770163,0.9734857678413391,0.10074057,0.944672131147541,0.9503030303030303,0.8905380333951762
Uformer-lite (L1),BraTS2021_00000,29.680695,0.9756426811218262,0.09899971,0.9511445165698668,0.9523033020790869,0.8804554079696395
Uformer-lite (L1),BraTS2021_00000,29.677547,0.9747008085250854,0.09746079,0.9462665736217725,0.9534313725490197,0.8873239436619719
Uformer-lite (L1),BraTS2021_00000,30.045605,0.9755120277404785,0.0966018,0.9425854174004932,0.9323308270676691,0.8677966101694915
Uformer-lite (L1),BraTS2021_00000,30.15209,0.9748963117599487,0.09658968,0.9535135135135135,0.9433805162364696,0.8467569493941554
Uformer-lite (L1),BraTS2021_00000,29.899872,0.9748066067695618,0.09578655,0.9782376025686764,0.9640347250930137,0.8742774566473989
Uformer-lite (L1),BraTS2021_00000,30.202074,0.974528968334198,0.095341526,0.975436098255607,0.9526578073089701,0.8624376336421953
Uformer-lite (L1),BraTS2021_00000,30.037262,0.9744658470153809,0.09454709,0.976232706633558,0.974817221770918,0.8760655737704918
Uformer-lite (L1),BraTS2021_00000,29.795427,0.9746013879776001,0.09529363,0.980293801504837,0.962993762993763,0.8562048588312541
Uformer-lite (L1),BraTS2021_00000,30.31476,0.9738371968269348,0.09403913,0.9704184704184704,0.9676606467870642,0.8663101604278075
Uformer-lite (L1),BraTS2021_00000,30.03923,0.9730079770088196,0.095045604,0.9680811115283515,0.9648068669527897,0.8556220891550232
Uformer-lite (L1),BraTS2021_00000,30.189781,0.9767019152641296,0.0919344,0.9651935862338679,0.9592476489028213,0.8650176678445229
Uformer-lite (L1),BraTS2021_00000,30.189213,0.9757506251335144,0.09169551,0.9611336032388664,0.9535864978902954,0.866620594333103
Uformer-lite (L1),BraTS2021_00000,30.326822,0.9769852757453918,0.09023449,0.9664258393540162,0.9673011224987799,0.8796234028244788
Uformer-lite (L1),BraTS2021_00000,30.4148,0.9771970510482788,0.08993967,0.9541950113378684,0.9311827956989247,0.8607242339832869
Uformer-lite (L1),BraTS2021_00000,30.22111,0.9763771891593933,0.09188184,0.9570670525808008,0.917605216360403,0.8432267884322678
Uformer-lite (L1),BraTS2021_00000,30.390118,0.9778040051460266,0.08994096,0.9429175475687104,0.8951724137931034,0.818342151675485
Uformer-lite (L1),BraTS2021_00000,30.477922,0.9792612791061401,0.08718696,0.8986202759448111,0.8623853211009175,0.7954070981210856
Uformer-lite (L1),BraTS2021_00000,31.188396,0.982746422290802,0.08182541,0.89280868385346,0.8849557522123894,0.8245192307692307
Uformer-lite (L1),BraTS2021_00000,31.26818,0.9837839007377625,0.07926189,0.9025974025974026,0.6460176991150443,0.6525679758308157
Uformer-lite (L1),BraTS2021_00000,31.569527,0.9852485060691833,0.07642511,0.8198019801980198,0.7668918918918919,0.7668918918918919
Uformer-lite (L1),BraTS2021_00000,32.05403,0.9870588183403015,0.07407861,0.6967340590979783,0.6216216216216216,0.6216216216216216
Uformer-lite (L1),BraTS2021_00000,32.36007,0.9885300397872925,0.070396475,0.6263048016701461,0.0,0.0
Uformer-lite (L1),BraTS2021_00000,32.45038,0.9885727763175964,0.07116893,0.4075829383886256,0.0,0.0
Uformer-lite (L1),BraTS2021_00006,30.766674,0.9762777090072632,0.103048146,0.865979381443299,nan,nan
Uformer-lite (L1),BraTS2021_00006,30.87696,0.9781378507614136,0.10007699,0.7169811320754716,nan,nan
Uformer-lite (L1),BraTS2021_00006,31.076,0.9790077805519104,0.0956584,0.9354838709677419,nan,nan
Uformer-lite (L1),BraTS2021_00006,31.451788,0.9845737218856812,0.08705392,0.9004255319148936,nan,nan
Uformer-lite (L1),BraTS2021_00006,31.830072,0.9843549132347107,0.08459576,0.9398545935228024,0.0,0.0
Uformer-lite (L1),BraTS2021_00006,32.01762,0.9868773818016052,0.07942559,0.9523809523809523,0.5676855895196506,0.5676855895196506
Uformer-lite (L1),BraTS2021_00006,31.864767,0.9878041744232178,0.07832014,0.9677744209466264,0.7919799498746867,0.7253333333333334
Uformer-lite (L1),BraTS2021_00006,31.82713,0.9876717925071716,0.07862509,0.9506564056133997,0.8330206378986866,0.7264150943396226
Uformer-lite (L1),BraTS2021_00006,31.762325,0.987151026725769,0.079401426,0.9435813573180704,0.8942857142857142,0.8137044967880086
Uformer-lite (L1),BraTS2021_00006,32.21468,0.9886344075202942,0.07540026,0.9516250944822373,0.8980582524271845,0.7976653696498055
Uformer-lite (L1),BraTS2021_00006,31.792892,0.988248348236084,0.07677129,0.9603429796355841,0.9310710498409331,0.8372093023255814
Uformer-lite (L1),BraTS2021_00006,31.82637,0.9889330863952637,0.07594145,0.9727731092436975,0.9575871819038643,0.8442776735459663
Uformer-lite (L1),BraTS2021_00006,31.971252,0.9889163970947266,0.0741678,0.9687600644122383,0.9480286738351255,0.83203125
Uformer-lite (L1),BraTS2021_00006,32.19947,0.9892611503601074,0.07309257,0.9714467005076142,0.9693454846727423,0.8686131386861314
Uformer-lite (L1),BraTS2021_00006,32.00457,0.988576352596283,0.075740375,0.974969474969475,0.9565217391304348,0.8058076225045372
Uformer-lite (L1),BraTS2021_00006,32.04777,0.9885610342025757,0.074436486,0.9675480769230769,0.9506172839506173,0.8611111111111112
Uformer-lite (L1),BraTS2021_00006,32.185883,0.9885968565940857,0.0746395,0.9439475253428742,0.975254730713246,0.8801369863013698
Uformer-lite (L1),BraTS2021_00006,31.885738,0.9898004531860352,0.07250844,0.9784976263613516,0.9636493228795439,0.8546409807355516
Uformer-lite (L1),BraTS2021_00006,32.068066,0.9897224307060242,0.07190822,0.9750753218296357,0.925789860396767,0.8844221105527639
Uformer-lite (L1),BraTS2021_00006,31.893957,0.9901434779167175,0.07046391,0.9681392235609103,0.9361403508771929,0.881619937694704
Uformer-lite (L1),BraTS2021_00006,31.682817,0.9893680810928345,0.074359,0.9432151426286324,0.8940158615717375,0.8298887122416534
Uformer-lite (L1),BraTS2021_00006,31.712616,0.9897391200065613,0.072278835,0.9582059123343527,0.9110169491525424,0.8270440251572327
Uformer-lite (L1),BraTS2021_00006,32.244778,0.9902200102806091,0.069385864,0.9772893772893773,0.9735449735449735,0.8532934131736527
Uformer-lite (L1),BraTS2021_00006,31.830727,0.9898661971092224,0.071534544,0.9714975845410628,0.902491103202847,0.7987987987987988
Uformer-lite (L1),BraTS2021_00006,32.101032,0.9902109503746033,0.070355065,0.971953578336557,0.9149392423159399,0.8584070796460177
Uformer-lite (L1),BraTS2021_00006,32.10475,0.9912298321723938,0.06795027,0.9611721611721612,0.9676085458304617,0.8639240506329114
Uformer-lite (L1),BraTS2021_00006,32.497593,0.9911549091339111,0.066780105,0.9475262368815592,0.9304412864622289,0.846875
Uformer-lite (L1),BraTS2021_00006,32.295044,0.9913171529769897,0.06797844,0.9512995205652284,0.9216300940438872,0.8316498316498316
Uformer-lite (L1),BraTS2021_00006,32.422825,0.991655707359314,0.06675742,0.9581536900836927,0.9602494154325799,0.8460111317254174
Uformer-lite (L1),BraTS2021_00006,32.7643,0.9920116066932678,0.06532281,0.953314418364715,0.9338983050847458,0.8892988929889298
Uformer-lite (L1),BraTS2021_00006,32.47339,0.9927443861961365,0.063864544,0.9530271398747391,0.936436884512086,0.8571428571428571
Uformer-lite (L1),BraTS2021_00006,32.62048,0.9929684400558472,0.06331607,0.9473684210526315,0.9315838800374883,0.7755905511811023
Uformer-lite (L1),BraTS2021_00006,33.26668,0.9930148124694824,0.0624184,0.9572550159930212,0.9546351084812623,0.8425047438330171
Uformer-lite (L1),BraTS2021_00006,33.52985,0.9931994676589966,0.060487743,0.9758681577398469,0.9414316702819957,0.875717017208413
Uformer-lite (L1),BraTS2021_00006,33.28373,0.9937798976898193,0.059714865,0.9468215158924206,0.9040097205346294,0.7824175824175824
Uformer-lite (L1),BraTS2021_00006,33.904865,0.9938762784004211,0.05812188,0.9388398486759143,0.930171277997365,0.8337129840546698
Uformer-lite (L1),BraTS2021_00006,33.859795,0.9934120178222656,0.059523918,0.94208,0.9076923076923077,0.8020304568527918
Uformer-lite (L1),BraTS2021_00006,33.727962,0.9931434392929077,0.059865173,0.962671905697446,0.9087719298245615,0.815
Uformer-lite (L1),BraTS2021_00006,33.845833,0.9934816360473633,0.059478823,0.9709281961471103,0.843010752688172,0.7692307692307693
Uformer-lite (L1),BraTS2021_00006,34.20373,0.9934258460998535,0.05766679,0.9737800436999272,0.8455696202531645,0.792332268370607
Uformer-lite (L1),BraTS2021_00006,34.010597,0.9936002492904663,0.058793515,0.9518590998043053,0.7961165048543689,0.7450980392156863
Uformer-lite (L1),BraTS2021_00006,34.452602,0.9935808181762695,0.057036437,0.9673957903425505,0.8166666666666667,0.7813953488372093
Uformer-lite (L1),BraTS2021_00006,34.46888,0.9937962889671326,0.056152314,0.9343735658558971,0.6751592356687898,0.6751592356687898
Uformer-lite (L1),BraTS2021_00006,34.4866,0.9940982460975647,0.055176686,0.974903474903475,0.5057471264367817,0.5057471264367817
Uformer-lite (L1),BraTS2021_00006,34.49353,0.9927563071250916,0.058383524,0.9694501018329938,0.0,0.0
Uformer-lite (L1),BraTS2021_00006,34.300526,0.9935209155082703,0.058096495,0.9687836383207751,0.0,0.0
Uformer-lite (L1),BraTS2021_00006,34.47345,0.9931750893592834,0.058714464,0.9490150637311703,nan,nan
Uformer-lite (L1),BraTS2021_00006,34.727665,0.9931312799453735,0.057827402,0.9658478130617136,0.0,nan
Uformer-lite (L1),BraTS2021_00006,34.435886,0.9925941824913025,0.059330706,0.9749541844838119,nan,nan
Uformer-lite (L1),BraTS2021_00006,34.21015,0.9924700856208801,0.062267207,0.9811810512654121,nan,nan
Uformer-lite (L1),BraTS2021_00006,33.981293,0.9917295575141907,0.06366936,0.9669142471303174,nan,nan
Uformer-lite (L1),BraTS2021_00006,33.733307,0.9915752410888672,0.06683982,0.9506531204644412,nan,nan
Uformer-lite (L1),BraTS2021_00006,33.411785,0.9903889298439026,0.07035802,0.8646209386281588,nan,nan
Uformer-lite (L1),BraTS2021_00006,33.237453,0.9905059337615967,0.071491905,0.9377049180327869,nan,nan
Uformer-lite (L1),BraTS2021_00006,33.031548,0.9900388121604919,0.072562434,0.9464922711058263,nan,nan
Uformer-lite (L1),BraTS2021_00006,32.828735,0.9894067049026489,0.076387845,0.9361147327249022,nan,nan
Uformer-lite (L1),BraTS2021_00006,32.797234,0.9883544445037842,0.07822578,0.9603399433427762,nan,nan
Uformer-lite (L1),BraTS2021_00006,32.881916,0.9890903830528259,0.077306844,0.9755351681957186,nan,nan
Uformer-lite (L1),BraTS2021_00006,32.457462,0.9885934591293335,0.08089288,0.9690721649484536,nan,nan
Uformer-lite (L1),BraTS2021_00006,32.35317,0.9888565540313721,0.08269437,0.948,nan,nan
Uformer-lite (L1),BraTS2021_00006,32.38523,0.9867900013923645,0.08839531,0.955503512880562,nan,nan
Uformer-lite (L1),BraTS2021_00006,32.31997,0.9872422814369202,0.087864086,0.9696969696969697,nan,nan
Uformer-lite (L1),BraTS2021_00006,32.326218,0.986745297908783,0.090488255,0.5620915032679739,nan,nan
Uformer-lite (L1),BraTS2021_00011,31.570595,0.9693609476089478,0.08692588,0.08,nan,nan
Uformer-lite (L1),BraTS2021_00011,31.746967,0.9713863134384155,0.08500192,0.8173076923076923,nan,nan
Uformer-lite (L1),BraTS2021_00011,31.738768,0.9726889133453369,0.08296442,0.8870466321243523,nan,nan
Uformer-lite (L1),BraTS2021_00011,31.777199,0.9715267419815063,0.08355092,0.9141824751580849,nan,nan
Uformer-lite (L1),BraTS2021_00011,31.793518,0.9739439487457275,0.081015505,0.9285165257494236,nan,nan
Uformer-lite (L1),BraTS2021_00011,31.647131,0.972814679145813,0.08211494,0.9078498293515358,nan,nan
Uformer-lite (L1),BraTS2021_00011,31.947191,0.9771459698677063,0.078611225,0.9003783102143758,nan,nan
Uformer-lite (L1),BraTS2021_00011,31.831783,0.974094808101654,0.08102535,0.89125,nan,nan
Uformer-lite (L1),BraTS2021_00011,32.036316,0.9763047695159912,0.07951259,0.9104919976289271,nan,nan
Uformer-lite (L1),BraTS2021_00011,31.786116,0.9784578084945679,0.077378124,0.9589657110736369,nan,nan
Uformer-lite (L1),BraTS2021_00011,31.95942,0.9808302521705627,0.07524186,0.9669467787114846,nan,nan
Uformer-lite (L1),BraTS2021_00011,31.979788,0.9814464449882507,0.07550252,0.9672489082969432,nan,nan
Uformer-lite (L1),BraTS2021_00011,31.84053,0.9824306964874268,0.07549864,0.9686670207116304,nan,nan
Uformer-lite (L1),BraTS2021_00011,31.999615,0.9828708171844482,0.07370889,0.9690937663698271,nan,nan
Uformer-lite (L1),BraTS2021_00011,31.653072,0.9834128618240356,0.074582726,0.9745158002038736,nan,nan
Uformer-lite (L1),BraTS2021_00011,31.964634,0.9842694401741028,0.07197116,0.9642857142857143,0.0,0.0
Uformer-lite (L1),BraTS2021_00011,32.015335,0.9838688969612122,0.073153734,0.9602815485168427,0.0,0.0
Uformer-lite (L1),BraTS2021_00011,32.232574,0.9866586327552795,0.068409875,0.9604406609914873,0.8495575221238938,0.8495575221238938
Uformer-lite (L1),BraTS2021_00011,32.13505,0.9872137308120728,0.067786835,0.9798723613156602,0.6615384615384615,0.6615384615384615
Uformer-lite (L1),BraTS2021_00011,32.177753,0.9871624708175659,0.06788323,0.9811881188118812,0.6583850931677019,0.5974025974025974
Uformer-lite (L1),BraTS2021_00011,32.62405,0.9882134199142456,0.06632992,0.9747149231531979,0.7340425531914894,0.7065217391304348
Uformer-lite (L1),BraTS2021_00011,32.723923,0.9893580079078674,0.063300796,0.9789112309955861,0.9310344827586207,0.8828828828828829
Uformer-lite (L1),BraTS2021_00011,32.5744,0.988704264163971,0.06503523,0.984973339796413,0.8711111111111111,0.8294930875576036
Uformer-lite (L1),BraTS2021_00011,32.68005,0.9893903732299805,0.062417265,0.9791969037252056,0.9125475285171103,0.8755020080321285
Uformer-lite (L1),BraTS2021_00011,32.833958,0.9886486530303955,0.0639688,0.9666348903717826,0.7964071856287425,0.8674698795180723
Uformer-lite (L1),BraTS2021_00011,32.475735,0.9883720874786377,0.06422462,0.9776951672862454,0.7433155080213903,0.9117647058823529
Uformer-lite (L1),BraTS2021_00011,32.622486,0.9878355860710144,0.064775325,0.9807516040329972,0.9245901639344263,0.8592057761732852
Uformer-lite (L1),BraTS2021_00011,32.46506,0.9861986041069031,0.066776454,0.9766590389016019,0.9483870967741935,0.9084745762711864
Uformer-lite (L1),BraTS2021_00011,32.412743,0.9852914810180664,0.066765286,0.9847806624888094,0.8780487804878049,0.9329073482428115
Uformer-lite (L1),BraTS2021_00011,32.170288,0.984149158000946,0.0671816,0.9866310160427807,0.9623188405797102,0.9296636085626911
Uformer-lite (L1),BraTS2021_00011,32.30146,0.983038067817688,0.06717629,0.9887640449438202,0.9182389937106918,0.9182389937106918
Uformer-lite (L1),BraTS2021_00011,32.37101,0.9818128943443298,0.06858901,0.990036231884058,0.9532163742690059,0.9158878504672897
Uformer-lite (L1),BraTS2021_00011,32.23497,0.9790967702865601,0.07028503,0.9898897058823529,0.9541284403669725,0.9470404984423676
Uformer-lite (L1),BraTS2021_00011,32.28032,0.9806616306304932,0.06935074,0.9925093632958801,0.9453376205787781,0.8979591836734694
Uformer-lite (L1),BraTS2021_00011,32.529358,0.9801955819129944,0.069562346,0.989423076923077,0.924187725631769,0.9202898550724637
Uformer-lite (L1),BraTS2021_00011,32.418324,0.9807375073432922,0.0700283,0.9851778656126482,0.8596491228070176,0.8546255506607929
Uformer-lite (L1),BraTS2021_00011,32.5007,0.9797278642654419,0.070492506,0.9861892583120204,0.8770053475935828,0.8524590163934426
Uformer-lite (L1),BraTS2021_00011,32.081196,0.9773977398872375,0.07358719,0.9502212389380531,0.906832298136646,0.906832298136646
Uformer-lite (L1),BraTS2021_00011,31.932528,0.9770786166191101,0.07606845,0.9673202614379085,0.6881720430107527,0.6881720430107527
Uformer-lite (L1),BraTS2021_00011,31.730633,0.9741274118423462,0.07788186,0.9794933655006032,0.0,0.0
Uformer-lite (L1),BraTS2021_00011,31.773855,0.9757552742958069,0.077925734,0.9750312109862672,0.0,0.0
Uformer-lite (L1),BraTS2021_00011,31.20884,0.9750376343727112,0.080603115,0.9794871794871794,nan,nan
Uformer-lite (L1),BraTS2021_00011,31.318459,0.9739617705345154,0.08101658,0.9723684210526315,0.0,0.0
Uformer-lite (L1),BraTS2021_00011,31.156397,0.971761167049408,0.086050205,0.9603891591382905,0.0,0.0
Uformer-lite (L1),BraTS2021_00011,31.001888,0.972710371017456,0.08513912,0.9677871148459384,nan,nan
Uformer-lite (L1),BraTS2021_00011,30.773853,0.9684128761291504,0.09045874,0.9607698001480385,nan,nan
Uformer-lite (L1),BraTS2021_00011,30.8939,0.9718934893608093,0.08870225,0.9476971116315379,nan,nan
Uformer-lite (L1),BraTS2021_00011,30.809193,0.9706465005874634,0.09006744,0.950204081632653,nan,nan
Uformer-lite (L1),BraTS2021_00011,30.63152,0.9692391753196716,0.09310097,0.9632164242942686,0.0,0.0
Uformer-lite (L1),BraTS2021_00011,30.728796,0.9709904193878174,0.0937482,0.9628942486085343,nan,nan
Uformer-lite (L1),BraTS2021_00011,30.524467,0.9722950458526611,0.09650495,0.9653767820773931,nan,nan
Uformer-lite (L1),BraTS2021_00011,30.322342,0.9726833701133728,0.099985,0.9212690951821386,nan,nan
Uformer-lite (L1),BraTS2021_00011,30.32335,0.9725840091705322,0.102750316,0.9623865110246433,nan,nan
Uformer-lite (L1),BraTS2021_00011,30.005886,0.9731143116950989,0.10682185,0.8866995073891626,0.0,0.0
Uformer-lite (L1),BraTS2021_00011,29.987263,0.9749736189842224,0.109045096,0.8337349397590361,nan,nan
Uformer-lite (L1),BraTS2021_00011,30.0443,0.9749168157577515,0.1133839,0.795774647887324,nan,nan
Uformer-lite (L1),BraTS2021_00014,31.396086,0.9825596213340759,0.15839218,0.64,nan,nan
Uformer-lite (L1),BraTS2021_00014,30.952072,0.9823949933052063,0.15589081,0.5368171021377672,nan,nan
Uformer-lite (L1),BraTS2021_00014,30.965765,0.9842479825019836,0.14575222,0.5880503144654088,nan,nan
Uformer-lite (L1),BraTS2021_00014,31.035242,0.9836457967758179,0.14518479,0.04285714285714286,nan,nan
Uformer-lite (L1),BraTS2021_00014,30.972462,0.9843849539756775,0.14044783,0.7391952309985097,nan,nan
Uformer-lite (L1),BraTS2021_00014,30.98088,0.983989417552948,0.13996756,0.546875,nan,nan
Uformer-lite (L1),BraTS2021_00014,30.874401,0.9837690591812134,0.13921125,0.8307322929171669,nan,nan
Uformer-lite (L1),BraTS2021_00014,30.755714,0.9843235611915588,0.13540436,0.8770402611534276,nan,nan
Uformer-lite (L1),BraTS2021_00014,30.36331,0.9838416576385498,0.13617453,0.8616822429906542,0.0,0.0
Uformer-lite (L1),BraTS2021_00014,30.063297,0.9831904768943787,0.13696316,0.6702127659574468,0.0,0.0
Uformer-lite (L1),BraTS2021_00014,28.941978,0.9777668118476868,0.15251763,0.8016701461377871,0.0,0.0
Uformer-lite (L1),BraTS2021_00014,28.819695,0.9783223867416382,0.14583223,0.848318462594372,0.0,0.0
Uformer-lite (L1),BraTS2021_00014,28.91101,0.9758099913597107,0.14499056,0.8704061895551257,0.0,0.0
Uformer-lite (L1),BraTS2021_00014,29.030281,0.9776884913444519,0.13442382,0.8829151732377539,0.0,0.0
Uformer-lite (L1),BraTS2021_00014,28.844412,0.9747423529624939,0.13500652,0.8521165475536009,0.0,0.0
Uformer-lite (L1),BraTS2021_00014,28.564976,0.9734671711921692,0.13458996,0.8914405010438413,0.0,0.0
Uformer-lite (L1),BraTS2021_00014,28.702993,0.9732651114463806,0.12797105,0.9070208728652751,0.0,0.0
Uformer-lite (L1),BraTS2021_00014,28.611988,0.9735015630722046,0.122661,0.9021392808375057,0.0,0.0
Uformer-lite (L1),BraTS2021_00014,28.860224,0.9742850065231323,0.11723352,0.8994565217391305,0.0,0.0
Uformer-lite (L1),BraTS2021_00014,29.228672,0.971718430519104,0.1166406,0.9240174672489083,0.23008849557522124,0.23008849557522124
Uformer-lite (L1),BraTS2021_00014,28.768435,0.9691919088363647,0.115937084,0.9373927958833619,0.05581395348837209,0.056074766355140186
Uformer-lite (L1),BraTS2021_00014,28.939974,0.9718535542488098,0.11072682,0.9278752436647173,0.0,0.0
Uformer-lite (L1),BraTS2021_00014,29.104824,0.9706122875213623,0.10968982,0.9153846153846154,0.0,0.0
Uformer-lite (L1),BraTS2021_00014,29.126528,0.9693078994750977,0.110400125,0.9058192955589587,0.17894736842105263,0.17894736842105263
Uformer-lite (L1),BraTS2021_00014,29.285763,0.9715434312820435,0.10372292,0.9282407407407407,0.0,0.0
Uformer-lite (L1),BraTS2021_00014,29.491432,0.9668630361557007,0.10550632,0.8624316365166176,0.29545454545454547,0.29545454545454547
Uformer-lite (L1),BraTS2021_00014,29.30907,0.9717073440551758,0.10129839,0.8793906051629284,0.23684210526315788,0.23684210526315788
Uformer-lite (L1),BraTS2021_00014,29.388432,0.9675698280334473,0.10293327,0.8863920099875156,0.5586592178770949,0.5586592178770949
Uformer-lite (L1),BraTS2021_00014,29.556162,0.9723621606826782,0.09751073,0.8293561458802341,0.0,0.0
Uformer-lite (L1),BraTS2021_00014,29.613155,0.9717605113983154,0.09830966,0.769518466573165,0.0,0.0
Uformer-lite (L1),BraTS2021_00014,29.51884,0.9721506237983704,0.09806702,0.818342151675485,0.0,0.0
Uformer-lite (L1),BraTS2021_00014,29.602524,0.9709116220474243,0.0984127,0.8526539278131635,0.0,0.0
Uformer-lite (L1),BraTS2021_00014,29.60675,0.9723315834999084,0.09786533,0.8364104765993989,0.0,0.0
Uformer-lite (L1),BraTS2021_00014,29.765978,0.9737548828125,0.09468239,0.8,nan,nan
Uformer-lite (L1),BraTS2021_00014,29.585941,0.9734049439430237,0.09812647,0.9158163265306123,nan,nan
Uformer-lite (L1),BraTS2021_00014,29.681282,0.9746956825256348,0.096262306,0.855716425361957,nan,nan
Uformer-lite (L1),BraTS2021_00014,29.630117,0.9742386937141418,0.09689093,0.8399503722084367,nan,nan
Uformer-lite (L1),BraTS2021_00014,29.887444,0.9746204018592834,0.097051844,0.7564102564102564,nan,nan
Uformer-lite (L1),BraTS2021_00014,29.94891,0.9761781692504883,0.09525902,0.8607350096711799,nan,nan
Uformer-lite (L1),BraTS2021_00014,30.095936,0.9768692255020142,0.09377862,0.8671171171171171,nan,nan
Uformer-lite (L1),BraTS2021_00014,30.033007,0.9804365038871765,0.08973143,0.8052325581395349,nan,nan
Uformer-lite (L1),BraTS2021_00014,30.04689,0.9786993265151978,0.090846546,0.844,nan,nan
Uformer-lite (L1),BraTS2021_00014,30.20257,0.978823184967041,0.09045859,0.7058823529411765,nan,nan
Uformer-lite (L1),BraTS2021_00017,30.817123,0.9715055823326111,0.13525698,0.0,nan,nan
Uformer-lite (L1),BraTS2021_00017,30.857485,0.9708760976791382,0.1354731,0.7686274509803922,nan,nan
Uformer-lite (L1),BraTS2021_00017,31.124943,0.973708987236023,0.12982997,0.9070294784580499,nan,nan
Uformer-lite (L1),BraTS2021_00017,30.96104,0.9749272465705872,0.12699085,0.8782161234991424,nan,nan
Uformer-lite (L1),BraTS2021_00017,30.56529,0.9719094038009644,0.13275775,0.9098966026587888,nan,nan
Uformer-lite (L1),BraTS2021_00017,30.198677,0.9707412123680115,0.13568752,0.9021601016518425,nan,nan
Uformer-lite (L1),BraTS2021_00017,30.072577,0.9721330404281616,0.13276273,0.9301825993555317,nan,nan
Uformer-lite (L1),BraTS2021_00017,29.91035,0.9679617881774902,0.13465013,0.9496544916090819,nan,nan
Uformer-lite (L1),BraTS2021_00017,30.208738,0.9682130217552185,0.13021728,0.9369369369369369,nan,nan
Uformer-lite (L1),BraTS2021_00017,29.917286,0.9655739665031433,0.12838101,0.943067649028801,nan,nan
Uformer-lite (L1),BraTS2021_00017,29.796162,0.9605544209480286,0.12922814,0.9553349875930521,nan,nan
Uformer-lite (L1),BraTS2021_00017,30.16705,0.9657739996910095,0.11863004,0.9596361569073337,nan,nan
Uformer-lite (L1),BraTS2021_00017,30.234997,0.9619587659835815,0.116318464,0.9604897050639956,nan,nan
Uformer-lite (L1),BraTS2021_00017,30.394024,0.9593667984008789,0.11615087,0.9764767381076843,nan,nan
Uformer-lite (L1),BraTS2021_00017,30.638245,0.9637903571128845,0.109984666,0.9824561403508771,nan,nan
Uformer-lite (L1),BraTS2021_00017,30.675545,0.9632354378700256,0.10862727,0.9710512950736414,nan,nan
Uformer-lite (L1),BraTS2021_00017,30.823147,0.9670504927635193,0.10270577,0.9661885245901639,nan,nan
Uformer-lite (L1),BraTS2021_00017,30.948055,0.9692459106445312,0.100858755,0.9805774278215224,nan,nan
Uformer-lite (L1),BraTS2021_00017,31.337921,0.9731178283691406,0.09880801,0.9685534591194969,nan,nan
Uformer-lite (L1),BraTS2021_00017,31.34618,0.9729674458503723,0.09716468,0.9647058823529412,0.0,0.0
Uformer-lite (L1),BraTS2021_00017,31.378742,0.9717477560043335,0.09784784,0.9662797125483693,nan,nan
Uformer-lite (L1),BraTS2021_00017,31.52454,0.9734197854995728,0.0971714,0.9579923622476814,0.0,0.0
Uformer-lite (L1),BraTS2021_00017,31.580578,0.9712272882461548,0.09740076,0.9564738292011019,0.0,0.0
Uformer-lite (L1),BraTS2021_00017,31.557714,0.9712502360343933,0.09731682,0.9579646017699115,0.0,0.0
Uformer-lite (L1),BraTS2021_00017,31.530828,0.9727086424827576,0.097318426,0.9626274065685164,0.0,0.0
Uformer-lite (L1),BraTS2021_00017,31.424995,0.9737116098403931,0.093814604,0.9370391378332388,0.0,0.0
Uformer-lite (L1),BraTS2021_00017,31.427551,0.9748716354370117,0.09391671,0.9409722222222222,0.0,0.0
Uformer-lite (L1),BraTS2021_00017,31.534508,0.9764435291290283,0.09305906,0.9682352941176471,0.0,0.0
Uformer-lite (L1),BraTS2021_00017,31.527102,0.9742249846458435,0.09362995,0.9544895448954489,nan,nan
Uformer-lite (L1),BraTS2021_00017,31.42894,0.9774054884910583,0.09190652,0.9567251461988304,nan,nan
Uformer-lite (L1),BraTS2021_00017,31.395254,0.9771402478218079,0.09313337,0.9429223744292238,nan,nan
Uformer-lite (L1),BraTS2021_00017,31.765652,0.9786614179611206,0.09042413,0.9335604770017035,nan,nan
Uformer-lite (L1),BraTS2021_00017,31.615992,0.9796780943870544,0.09017252,0.8949232585596222,nan,nan
Uformer-lite (L1),BraTS2021_00017,31.437454,0.9788428544998169,0.09110776,0.8864734299516909,nan,nan
Uformer-lite (L1),BraTS2021_00017,31.505844,0.9798120260238647,0.09094709,0.9082125603864735,nan,nan
Uformer-lite (L1),BraTS2021_00017,31.558619,0.9803098440170288,0.08898281,0.8765432098765432,nan,nan
Uformer-lite (L1),BraTS2021_00017,31.328152,0.9815543293952942,0.08791425,0.8747346072186837,nan,nan
Uformer-lite (L1),BraTS2021_00017,31.545742,0.9828333854675293,0.08649001,0.8895144264602393,nan,nan
Uformer-lite (L1),BraTS2021_00017,31.670046,0.982471764087677,0.08729277,0.9360313315926893,nan,nan
Uformer-lite (L1),BraTS2021_00017,31.83009,0.984739363193512,0.0834517,0.9301143583227446,nan,nan
Uformer-lite (L1),BraTS2021_00017,31.902225,0.9847803711891174,0.08254437,0.9061345158906134,nan,nan
Uformer-lite (L1),BraTS2021_00017,32.006195,0.9856777787208557,0.082398884,0.9079965606190885,nan,nan
Uformer-lite (L1),BraTS2021_00017,32.103497,0.9860661029815674,0.08134668,0.9254545454545454,nan,nan
Uformer-lite (L1),BraTS2021_00017,32.317783,0.9873783588409424,0.07845478,0.8946395563770795,nan,nan
Uformer-lite (L1),BraTS2021_00017,32.51519,0.9881331920623779,0.07646606,0.8795518207282913,nan,nan
Uformer-lite (L1),BraTS2021_00017,32.652668,0.9890280961990356,0.07496995,0.9410729991204925,nan,nan
Uformer-lite (L1),BraTS2021_00017,32.739,0.9894803166389465,0.07368702,0.9396325459317585,nan,nan
Uformer-lite (L1),BraTS2021_00017,32.68161,0.989260733127594,0.07457012,0.9505271695052717,nan,nan
Uformer-lite (L1),BraTS2021_00017,32.644783,0.989413857460022,0.07361471,0.940991345397325,nan,nan
Uformer-lite (L1),BraTS2021_00017,32.943127,0.9882791638374329,0.07426466,0.9559164733178654,nan,nan
Uformer-lite (L1),BraTS2021_00017,32.8443,0.9878448247909546,0.07444679,0.965034965034965,nan,nan
Uformer-lite (L1),BraTS2021_00017,32.644653,0.9871925115585327,0.07633601,0.9700787401574803,nan,nan
Uformer-lite (L1),BraTS2021_00017,32.63649,0.9866429567337036,0.07681433,0.9130752373995618,nan,nan
Uformer-lite (L1),BraTS2021_00017,32.513435,0.9855007529258728,0.078054,0.9512578616352201,nan,nan
Uformer-lite (L1),BraTS2021_00017,32.4961,0.9837850332260132,0.07936283,0.9378531073446328,nan,nan
Uformer-lite (L1),BraTS2021_00017,32.495544,0.9803944826126099,0.08168461,0.9037735849056604,nan,nan
Uformer-lite (L1),BraTS2021_00017,32.378887,0.980879545211792,0.08131977,0.8736217133163698,nan,nan
Uformer-lite (L1),BraTS2021_00017,32.466854,0.9782810807228088,0.080350175,0.8198103266596417,nan,nan
Uformer-lite (L1),BraTS2021_00017,32.40194,0.9767548441886902,0.08251595,0.8747099767981439,nan,nan
Uformer-lite (L1),BraTS2021_00017,32.539833,0.9701269268989563,0.08384187,0.72782874617737,nan,nan
Uformer-lite (L1),BraTS2021_00017,32.308506,0.9674257636070251,0.08670742,0.8641975308641975,nan,nan
Uformer-lite (L1),BraTS2021_00017,32.516438,0.964215874671936,0.08632575,0.7483443708609272,nan,nan
Uformer-lite (L1),BraTS2021_00017,32.237076,0.9639064073562622,0.091778755,0.7549407114624506,nan,nan
Uformer-lite (L1),BraTS2021_00017,31.939205,0.9674919843673706,0.089044504,0.5942028985507246,nan,nan
Uformer-lite (L1),BraTS2021_00017,32.016052,0.9671354293823242,0.0903119,0.4956896551724138,nan,nan
Uformer-lite (L1),BraTS2021_00018,31.38343,0.9784463047981262,0.09147601,0.4051948051948052,nan,nan
Uformer-lite (L1),BraTS2021_00018,30.857851,0.9780181646347046,0.090730876,0.8483516483516483,nan,nan
Uformer-lite (L1),BraTS2021_00018,31.282711,0.9799978137016296,0.08659457,0.8777863182167563,nan,nan
Uformer-lite (L1),BraTS2021_00018,31.23386,0.9808774590492249,0.0867469,0.8193085453359426,0.0,0.0
Uformer-lite (L1),BraTS2021_00018,31.235931,0.9814198017120361,0.08503668,0.8760975609756098,0.0,0.0
Uformer-lite (L1),BraTS2021_00018,31.22098,0.9828701615333557,0.08336376,0.9310344827586207,0.0,0.0
Uformer-lite (L1),BraTS2021_00018,31.80038,0.9862395524978638,0.07673308,0.9256025148445687,0.0,0.0
Uformer-lite (L1),BraTS2021_00018,32.08158,0.9864530563354492,0.07629952,0.9402895054282268,0.0,0.0
Uformer-lite (L1),BraTS2021_00018,32.023922,0.9887017607688904,0.07157046,0.9495123350545037,0.0,0.0
Uformer-lite (L1),BraTS2021_00018,31.799908,0.9876507520675659,0.0738858,0.9199110122358176,0.0,0.0
Uformer-lite (L1),BraTS2021_00018,31.67445,0.9882173538208008,0.07426483,0.9331612903225807,0.0,0.0
Uformer-lite (L1),BraTS2021_00018,31.803482,0.9887099862098694,0.073280066,0.9104294478527607,0.0,0.0
Uformer-lite (L1),BraTS2021_00018,31.57663,0.9891936182975769,0.07288425,0.9289121053826936,0.07566462167689161,0.08167770419426049
Uformer-lite (L1),BraTS2021_00018,31.31796,0.9890101552009583,0.07383133,0.9440337909186906,0.1990257480862909,0.2247191011235955
Uformer-lite (L1),BraTS2021_00018,31.222805,0.988803505897522,0.07485853,0.9545454545454546,0.3448275862068966,0.3873190902825637
Uformer-lite (L1),BraTS2021_00018,31.071177,0.9893870949745178,0.07462662,0.9293214862681745,0.16943331425300515,0.17550753110674525
Uformer-lite (L1),BraTS2021_00018,30.89554,0.9887733459472656,0.07585155,0.9418604651162791,0.15287958115183245,0.1853932584269663
Uformer-lite (L1),BraTS2021_00018,30.97641,0.9887868762016296,0.07579368,0.9255912324552971,0.22304147465437787,0.2859087814840027
Uformer-lite (L1),BraTS2021_00018,31.34155,0.9891048073768616,0.07407728,0.9244044269367848,0.3046471600688468,0.3124128312412831
Uformer-lite (L1),BraTS2021_00018,31.188135,0.989579439163208,0.07261653,0.9375796178343949,0.42406015037593986,0.33273273273273274
Uformer-lite (L1),BraTS2021_00018,31.065437,0.9889407753944397,0.07527978,0.9425971298564928,0.37617791179796456,0.2565905096660808
Uformer-lite (L1),BraTS2021_00018,30.907848,0.9887922406196594,0.075656414,0.9380773178241533,0.15780730897009967,0.18742724097788127
Uformer-lite (L1),BraTS2021_00018,30.903923,0.9879556894302368,0.076866664,0.9313107209817624,0.13029315960912052,0.13095921883974726
Uformer-lite (L1),BraTS2021_00018,30.878761,0.9882640838623047,0.07708467,0.9334904866139081,0.044850498338870434,0.052132701421800945
Uformer-lite (L1),BraTS2021_00018,30.599535,0.9872023463249207,0.07966655,0.9325523012552301,0.10922041946972695,0.05
Uformer-lite (L1),BraTS2021_00018,30.327805,0.986516535282135,0.08112694,0.939715137462736,0.013759611493322542,0.02068126520681265
Uformer-lite (L1),BraTS2021_00018,30.760424,0.986233651638031,0.08003829,0.9448456992777413,0.09616101379053299,0.08807134894091416
Uformer-lite (L1),BraTS2021_00018,30.735216,0.9857115149497986,0.07960682,0.8614178838617741,0.04518893650175302,0.06803519061583578
Uformer-lite (L1),BraTS2021_00018,30.678331,0.9857649803161621,0.07959213,0.9439391433768811,0.05124223602484472,0.06351108448172559
Uformer-lite (L1),BraTS2021_00018,30.983131,0.9858904480934143,0.0777435,0.9064872325741891,0.05640612409347301,0.08760951188986232
Uformer-lite (L1),BraTS2021_00018,30.905706,0.9855015873908997,0.078482635,0.9275461380724539,0.08888888888888889,0.11920529801324503
Uformer-lite (L1),BraTS2021_00018,31.031351,0.9842622876167297,0.07848353,0.9256397046196119,0.13658536585365855,0.18889524899828278
Uformer-lite (L1),BraTS2021_00018,31.292728,0.9847802519798279,0.078426994,0.9128169503299757,0.05143953934740883,0.06688102893890675
Uformer-lite (L1),BraTS2021_00018,31.158276,0.9849809408187866,0.07704138,0.9219152222412905,0.06473988439306358,0.1007591442374051
Uformer-lite (L1),BraTS2021_00018,31.082348,0.984501838684082,0.0787667,0.9501672240802675,0.058985450255603616,0.09384615384615384
Uformer-lite (L1),BraTS2021_00018,30.908726,0.9846603274345398,0.07736637,0.963831544178365,0.15152629643251195,0.11095305832147938
Uformer-lite (L1),BraTS2021_00018,31.255013,0.9841147065162659,0.077247575,0.9764531533014984,0.24350302598789605,0.15331010452961671
Uformer-lite (L1),BraTS2021_00018,31.322159,0.9850399494171143,0.07685474,0.973404255319149,0.13743356112376615,0.14500683994528044
Uformer-lite (L1),BraTS2021_00018,31.137028,0.9848159551620483,0.077818096,0.943193626602009,0.061663286004056794,0.09427121102248005
Uformer-lite (L1),BraTS2021_00018,31.330898,0.9858656525611877,0.0764999,0.9557887493548942,0.15372487189594009,0.20119126406353408
Uformer-lite (L1),BraTS2021_00018,30.83545,0.9852928519248962,0.07822337,0.9481455440323431,0.1421116017663589,0.10006949270326616
Uformer-lite (L1),BraTS2021_00018,30.937586,0.983910858631134,0.08077602,0.9518773135906927,0.1553784860557769,0.13308457711442787
Uformer-lite (L1),BraTS2021_00018,30.936821,0.9827468991279602,0.08323308,0.9620119591980303,0.23781212841854935,0.2043343653250774
Uformer-lite (L1),BraTS2021_00018,30.721798,0.9814289808273315,0.08588314,0.9333822719765095,0.2838392124692371,0.23337856173677068
Uformer-lite (L1),BraTS2021_00018,30.509323,0.981287956237793,0.08813931,0.9367229541658935,0.21657167908811925,0.12203389830508475
Uformer-lite (L1),BraTS2021_00018,30.86803,0.9820770025253296,0.08697136,0.964922153442131,0.23840445269016697,0.0911032028469751
Uformer-lite (L1),BraTS2021_00018,30.638464,0.9831628799438477,0.08668889,0.9451026856240127,0.05237315875613748,0.003142183817753339
Uformer-lite (L1),BraTS2021_00018,30.504593,0.9838618636131287,0.08783568,0.9283080704629251,0.0,0.0
Uformer-lite (L1),BraTS2021_00018,30.577179,0.9829899668693542,0.08883405,0.9282157676348548,0.051756007393715345,0.06947890818858561
Uformer-lite (L1),BraTS2021_00018,30.43901,0.982937216758728,0.09169993,0.8972332015810277,0.06788866259334692,0.028925619834710745
Uformer-lite (L1),BraTS2021_00018,29.920864,0.9810336232185364,0.09801785,0.8896848137535817,0.03117692907248636,0.0021810250817884407
Uformer-lite (L1),BraTS2021_00018,30.182629,0.980262041091919,0.10065723,0.8684824902723736,0.03418803418803419,0.05044136191677175
Uformer-lite (L1),BraTS2021_00018,30.075262,0.9811525344848633,0.1011686,0.8496662216288384,0.038766519823788544,0.0
Uformer-lite (L1),BraTS2021_00018,30.408972,0.9810642004013062,0.10262309,0.8688029020556227,0.0,0.0
Uformer-lite (L1),BraTS2021_00018,29.90424,0.9802684187889099,0.10561209,0.844400396432111,0.012944983818770227,0.017316017316017316
Uformer-lite (L1),BraTS2021_00018,30.019276,0.9805527329444885,0.10742979,0.8388928317955997,0.0,0.0
Uformer-lite (L1),BraTS2021_00018,30.266933,0.982900857925415,0.10370776,0.7903726708074534,0.0,0.0
Uformer-lite (L1),BraTS2021_00018,30.35247,0.9837964773178101,0.10383091,0.7818499127399651,0.0448,0.04745762711864407
Uformer-lite (L1),BraTS2021_00018,30.163597,0.9823240637779236,0.1111501,0.8135593220338984,0.2692307692307692,0.2692307692307692
Uformer-lite (L1),BraTS2021_00018,29.797218,0.9820890426635742,0.11493898,0.8259620907524411,0.36942675159235666,0.36942675159235666
Uformer-lite (L1),BraTS2021_00018,30.158493,0.9827845096588135,0.116016805,0.7750716332378224,0.0,0.0
Uformer-lite (L1),BraTS2021_00018,30.303267,0.9822193384170532,0.12006373,0.8183391003460208,nan,nan
Uformer-lite (L1),BraTS2021_00018,30.182028,0.9824054837226868,0.12341878,0.8503937007874016,nan,nan
Uformer-lite (L1),BraTS2021_00018,30.16101,0.9822717308998108,0.12772176,0.909853249475891,nan,nan
Uformer-lite (L1),BraTS2021_00021,30.867987,0.9655361175537109,0.15485406,0.0,nan,nan
Uformer-lite (L1),BraTS2021_00021,30.756271,0.9644971489906311,0.1538232,0.0,nan,nan
Uformer-lite (L1),BraTS2021_00021,30.784515,0.9629585146903992,0.1523698,0.0,nan,nan
Uformer-lite (L1),BraTS2021_00021,30.844383,0.9635669589042664,0.14975831,0.0,nan,nan
Uformer-lite (L1),BraTS2021_00021,30.976665,0.9660375714302063,0.14242576,0.0,nan,nan
Uformer-lite (L1),BraTS2021_00021,31.37471,0.9674389362335205,0.13936323,0.0,nan,nan
Uformer-lite (L1),BraTS2021_00021,30.866802,0.9613327383995056,0.1472166,0.0,nan,nan
Uformer-lite (L1),BraTS2021_00021,30.60524,0.9581537246704102,0.14639242,0.0,nan,nan
Uformer-lite (L1),BraTS2021_00021,30.482084,0.9479517936706543,0.15256183,0.0,nan,nan
Uformer-lite (L1),BraTS2021_00021,30.415928,0.9466578960418701,0.14452355,0.0,nan,nan
Uformer-lite (L1),BraTS2021_00021,30.180227,0.9465122222900391,0.13886283,0.05832793259883344,nan,nan
Uformer-lite (L1),BraTS2021_00021,30.31451,0.9448570609092712,0.13579488,0.18263473053892215,nan,nan
Uformer-lite (L1),BraTS2021_00021,30.546457,0.9402432441711426,0.13463935,0.0,nan,nan
Uformer-lite (L1),BraTS2021_00021,30.729733,0.9427328109741211,0.1276759,0.08175559380378658,nan,nan
Uformer-lite (L1),BraTS2021_00021,31.215057,0.9451383948326111,0.12359096,0.0,nan,nan
Uformer-lite (L1),BraTS2021_00021,30.97188,0.9371897578239441,0.1261037,0.0009237875288683603,nan,nan
Uformer-lite (L1),BraTS2021_00021,30.990757,0.9382240176200867,0.12074611,0.07119437939110071,nan,nan
Uformer-lite (L1),BraTS2021_00021,31.197691,0.9417006969451904,0.11913726,0.011855905152758778,nan,nan
Uformer-lite (L1),BraTS2021_00021,31.378862,0.9395829439163208,0.11666196,0.0,nan,nan
Uformer-lite (L1),BraTS2021_00021,31.850384,0.9477100968360901,0.11150265,0.0,nan,nan
Uformer-lite (L1),BraTS2021_00021,31.562809,0.9400388598442078,0.11322283,0.0,nan,nan
Uformer-lite (L1),BraTS2021_00021,32.061367,0.9437766671180725,0.10909227,0.0,nan,nan
Uformer-lite (L1),BraTS2021_00021,31.875849,0.9472721219062805,0.10834292,0.0,nan,nan
Uformer-lite (L1),BraTS2021_00021,31.79555,0.9474682807922363,0.11004732,0.0,nan,nan
Uformer-lite (L1),BraTS2021_00021,31.6798,0.9466901421546936,0.11326589,0.0,nan,nan
Uformer-lite (L1),BraTS2021_00021,31.770552,0.9473074674606323,0.1099555,0.0,nan,nan
Uformer-lite (L1),BraTS2021_00021,31.904535,0.9514176249504089,0.10671406,0.0,0.0,0.0
Uformer-lite (L1),BraTS2021_00021,31.767235,0.9508050680160522,0.10902188,0.0,0.0,0.0
Uformer-lite (L1),BraTS2021_00021,31.692242,0.951373279094696,0.10890087,0.09304310712761417,0.0,0.0
Uformer-lite (L1),BraTS2021_00021,31.753942,0.9553565382957458,0.10748899,0.14872003250711094,0.0,0.0
Uformer-lite (L1),BraTS2021_00021,31.81849,0.9566296935081482,0.106060185,0.1643252447850149,0.0,0.0
Uformer-lite (L1),BraTS2021_00021,31.781467,0.953480064868927,0.106431134,0.2223821518531846,0.0,0.0
Uformer-lite (L1),BraTS2021_00021,31.979906,0.9574580192565918,0.1051585,0.2552563629656953,0.0,0.0
Uformer-lite (L1),BraTS2021_00021,32.07669,0.9568175077438354,0.102531195,0.26367571822117275,0.0,0.0
Uformer-lite (L1),BraTS2021_00021,31.86887,0.9607304930686951,0.10296726,0.2579113924050633,0.0,0.0
Uformer-lite (L1),BraTS2021_00021,31.822124,0.9579819440841675,0.10550821,0.21704781704781706,0.0,0.0
Uformer-lite (L1),BraTS2021_00021,31.776522,0.9563938975334167,0.106619135,0.20136054421768707,0.0,0.0
Uformer-lite (L1),BraTS2021_00021,31.735645,0.9580992460250854,0.10690749,0.22131519274376418,0.0,0.0
Uformer-lite (L1),BraTS2021_00021,31.745743,0.9593256115913391,0.10644725,0.24803767660910517,0.0,0.0
Uformer-lite (L1),BraTS2021_00021,31.657679,0.9604373574256897,0.10583136,0.21618798955613577,0.0,0.0
Uformer-lite (L1),BraTS2021_00021,31.937145,0.9650335311889648,0.10440284,0.20515411824153612,0.0,0.0
Uformer-lite (L1),BraTS2021_00021,31.750011,0.9658620953559875,0.10306002,0.21585160202360876,0.0,0.0
Uformer-lite (L1),BraTS2021_00021,32.18564,0.9700719118118286,0.09857501,0.19185282522996058,0.0,0.0
Uformer-lite (L1),BraTS2021_00021,32.232304,0.9704869389533997,0.097769365,0.13984962406015036,0.0,0.0
Uformer-lite (L1),BraTS2021_00021,32.545094,0.9713587760925293,0.09571846,0.08642911296436695,0.0,0.0
Uformer-lite (L1),BraTS2021_00021,33.027985,0.9739999175071716,0.09108657,0.0,0.0,0.0
Uformer-lite (L1),BraTS2021_00021,32.997707,0.9758588671684265,0.09101587,0.0,nan,nan
Uformer-lite (L1),BraTS2021_00021,33.25372,0.9766812324523926,0.08757594,0.0,nan,nan
Uformer-lite (L1),BraTS2021_00021,33.239037,0.9785035252571106,0.08773205,0.0,nan,nan
Uformer-lite (L1),BraTS2021_00021,33.634373,0.9794914722442627,0.083432,0.0,nan,nan
Uformer-lite (L1),BraTS2021_00021,33.462494,0.9792470335960388,0.08548408,0.0,nan,nan
Uformer-lite (L1),BraTS2021_00021,33.72475,0.9765406250953674,0.08444172,0.0,nan,nan
Uformer-lite (L1),BraTS2021_00021,33.986248,0.9783530831336975,0.080656394,0.0,nan,nan
Uformer-lite (L1),BraTS2021_00021,34.20069,0.9778085350990295,0.079988666,0.0,nan,nan
Uformer-lite (L1),BraTS2021_00021,34.141315,0.9767459034919739,0.078254,0.0,nan,nan
Uformer-lite (L1),BraTS2021_00021,34.201252,0.9711443185806274,0.082458034,0.25820568927789933,nan,nan
Uformer-lite (L1),BraTS2021_00021,34.045555,0.9682804346084595,0.08246176,0.0,nan,nan
Uformer-lite (L1),BraTS2021_00021,34.213303,0.9671247601509094,0.08017987,0.0,nan,nan
Uformer-lite (L1),BraTS2021_00021,34.21258,0.9563155770301819,0.08407987,0.0,nan,nan
Uformer-lite (L1),BraTS2021_00021,34.182037,0.9511651396751404,0.084398836,0.0,nan,nan
Uformer-lite (L1),BraTS2021_00021,34.08108,0.9513800144195557,0.08438417,0.0,nan,nan
Uformer-lite (L1),BraTS2021_00053,31.648422,0.9556199908256531,0.15737508,0.0,0.0,0.0
Uformer-lite (L1),BraTS2021_00053,31.501938,0.9507910013198853,0.1652255,0.0,0.0,0.0
Uformer-lite (L1),BraTS2021_00053,31.365015,0.9558659195899963,0.16004185,0.0,0.0,0.0
Uformer-lite (L1),BraTS2021_00053,31.23278,0.9580568671226501,0.15767024,0.0,0.0,0.0
Uformer-lite (L1),BraTS2021_00053,31.450407,0.9575395584106445,0.15509006,0.0,0.0,0.0
Uformer-lite (L1),BraTS2021_00053,31.583536,0.9579368233680725,0.15367128,0.0,0.0,0.0
Uformer-lite (L1),BraTS2021_00053,31.618357,0.9588264226913452,0.15414289,0.08050847457627118,0.0,0.0
Uformer-lite (L1),BraTS2021_00053,31.366745,0.9630032181739807,0.14786339,0.36967509025270756,0.0,0.0
Uformer-lite (L1),BraTS2021_00053,31.433884,0.9611161351203918,0.15232588,0.2874768661320173,0.0,0.0
Uformer-lite (L1),BraTS2021_00053,31.089684,0.9645184874534607,0.14911571,0.6881143878462913,0.0,0.0
Uformer-lite (L1),BraTS2021_00053,31.542894,0.966918408870697,0.1428383,0.6519567027477102,0.0,0.0
Uformer-lite (L1),BraTS2021_00053,31.67842,0.9686815142631531,0.13555977,0.6769811320754717,0.0018331805682859762,0.002347417840375587
Uformer-lite (L1),BraTS2021_00053,31.848612,0.96639084815979,0.1361914,0.43774781919111816,0.0,0.0
Uformer-lite (L1),BraTS2021_00053,31.286535,0.9686245322227478,0.14109968,0.6580058460539137,0.0,0.0
Uformer-lite (L1),BraTS2021_00053,31.349676,0.9649586081504822,0.14370668,0.5619354838709677,0.0016366612111292963,0.0021321961620469083
Uformer-lite (L1),BraTS2021_00053,31.166039,0.9686198830604553,0.14110433,0.7502107333520652,0.011023622047244094,0.014675052410901468
Uformer-lite (L1),BraTS2021_00053,31.604445,0.9684642553329468,0.13708587,0.6137667304015296,0.0,0.0
Uformer-lite (L1),BraTS2021_00053,31.291592,0.97340989112854,0.13608754,0.8427575522850503,0.0140625,0.019148936170212766
Uformer-lite (L1),BraTS2021_00053,31.766232,0.9723039269447327,0.13348678,0.8507882882882883,0.18531717747683535,0.2333637192342753
Uformer-lite (L1),BraTS2021_00053,31.834337,0.975508451461792,0.12764731,0.8327868852459016,0.011014948859166011,0.014598540145985401
Uformer-lite (L1),BraTS2021_00053,32.00371,0.9781309962272644,0.12376826,0.8549060542797495,0.03125,0.040774719673802244
Uformer-lite (L1),BraTS2021_00053,31.956635,0.979388952255249,0.123430006,0.8933912204534491,0.0,0.0
Uformer-lite (L1),BraTS2021_00053,31.93529,0.9807115197181702,0.119250245,0.9010206503679089,0.018083182640144666,0.025477707006369428
Uformer-lite (L1),BraTS2021_00053,32.144737,0.978215217590332,0.124513045,0.7922077922077922,0.0,0.0
Uformer-lite (L1),BraTS2021_00053,31.952099,0.9800560474395752,0.12127619,0.8051166290443943,0.009060022650056626,0.013651877133105802
Uformer-lite (L1),BraTS2021_00053,32.3882,0.9814453721046448,0.11704164,0.8933916647478701,0.0,0.0
Uformer-lite (L1),BraTS2021_00053,32.244797,0.9795392751693726,0.12081905,0.847957457094513,0.0,0.0
Uformer-lite (L1),BraTS2021_00053,31.602211,0.982360303401947,0.12236414,0.8995383600791382,0.0,0.0
Uformer-lite (L1),BraTS2021_00053,32.12576,0.9826756715774536,0.11879219,0.9134078212290503,0.0,0.0
Uformer-lite (L1),BraTS2021_00053,32.258453,0.9824639558792114,0.11881502,0.9369206420981234,0.0,0.0
Uformer-lite (L1),BraTS2021_00053,31.972998,0.9813534617424011,0.123513296,0.9452054794520548,0.019099590723055934,0.03218390804597701
Uformer-lite (L1),BraTS2021_00053,32.053078,0.983803927898407,0.11559095,0.9392042914617792,0.0,0.0
Uformer-lite (L1),BraTS2021_00053,32.020763,0.9832112193107605,0.11768796,0.9407791038054493,0.0,0.0
Uformer-lite (L1),BraTS2021_00053,31.842482,0.9805014133453369,0.12572044,0.9455468389478542,0.0,0.0
Uformer-lite (L1),BraTS2021_00053,32.311016,0.9816053509712219,0.11845155,0.9589171218237948,0.04081632653061224,0.059907834101382486
Uformer-lite (L1),BraTS2021_00053,31.629229,0.9833536148071289,0.12011771,0.9626615605552896,0.0,0.0
Uformer-lite (L1),BraTS2021_00053,31.67589,0.9809087514877319,0.12690677,0.9688481043226274,0.04340567612687813,0.06205250596658711
Uformer-lite (L1),BraTS2021_00053,31.812168,0.980720579624176,0.12333307,0.9710659898477157,0.017605633802816902,0.023809523809523808
Uformer-lite (L1),BraTS2021_00053,31.347221,0.9800772070884705,0.1282635,0.9740089262273562,0.0,0.0
Uformer-lite (L1),BraTS2021_00053,31.487368,0.9791066646575928,0.12792718,0.9724919093851133,0.0,0.0
Uformer-lite (L1),BraTS2021_00053,30.99411,0.9787331819534302,0.13446973,0.9741288278775079,0.075046904315197,0.09302325581395349
Uformer-lite (L1),BraTS2021_00053,30.956432,0.9797987341880798,0.12980585,0.9726633689143452,0.01609657947686117,0.02
Uformer-lite (L1),BraTS2021_00053,31.043081,0.9769198894500732,0.13544096,0.9641539272535582,0.04536082474226804,0.05459057071960298
Uformer-lite (L1),BraTS2021_00053,30.232868,0.9781237840652466,0.13914607,0.96579887697805,0.0,0.0
Uformer-lite (L1),BraTS2021_00053,30.7156,0.9763784408569336,0.13800742,0.9730964467005077,0.0,0.0
Uformer-lite (L1),BraTS2021_00053,30.643372,0.9761617183685303,0.13889156,0.9793840671926699,0.0,0.0
Uformer-lite (L1),BraTS2021_00053,30.2766,0.9762325286865234,0.14413406,0.9796022437531872,0.0,0.0
Uformer-lite (L1),BraTS2021_00053,30.147251,0.9752654433250427,0.14470772,0.9692387904066736,0.0,0.0
Uformer-lite (L1),BraTS2021_00053,30.198862,0.9751837253570557,0.14517714,0.9748931623931624,0.017045454545454544,0.02
Uformer-lite (L1),BraTS2021_00053,30.259727,0.9767119884490967,0.14197129,0.9736484650910079,0.0,0.0
Uformer-lite (L1),BraTS2021_00053,29.952732,0.9749307632446289,0.14840819,0.9649698960043788,0.0,0.0
Uformer-lite (L1),BraTS2021_00053,30.15627,0.9720351696014404,0.15139547,0.9664739884393063,0.6647058823529411,0.6647058823529411
Uformer-lite (L1),BraTS2021_00053,29.833538,0.9737492203712463,0.15129076,0.9577707555300201,0.0,0.0
Uformer-lite (L1),BraTS2021_00053,29.745724,0.9701247215270996,0.15992776,0.9653718759409816,0.27488151658767773,0.27488151658767773
Uformer-lite (L1),BraTS2021_00053,29.868977,0.9724023342132568,0.15238361,0.9626865671641791,0.05228758169934641,0.05228758169934641
Uformer-lite (L1),BraTS2021_00053,29.675552,0.9712117910385132,0.15900373,0.9626016260162602,0.0,0.0
Uformer-lite (L1),BraTS2021_00053,29.81639,0.9698158502578735,0.15951818,0.9735413839891451,0.0,0.0
Uformer-lite (L1),BraTS2021_00053,29.500965,0.971535325050354,0.15906824,0.9538052509139249,0.0,0.0
Uformer-lite (L1),BraTS2021_00053,29.746515,0.9697312116622925,0.15888268,0.9700427960057061,nan,nan
Uformer-lite (L1),BraTS2021_00053,29.56732,0.9695462584495544,0.16331288,0.9590192644483363,nan,nan
Uformer-lite (L1),BraTS2021_00053,29.208057,0.9699078798294067,0.16457047,0.9686486486486486,nan,nan
Uformer-lite (L1),BraTS2021_00053,29.388237,0.9703288674354553,0.16305622,0.9648997134670487,nan,nan
Uformer-lite (L1),BraTS2021_00053,29.074883,0.9691553115844727,0.16909327,0.9551601423487545,nan,nan
Uformer-lite (L1),BraTS2021_00053,29.141754,0.9669118523597717,0.17210428,0.9510385756676558,nan,nan
Uformer-lite (L1),BraTS2021_00053,29.1502,0.9674447774887085,0.17157647,0.9635093167701864,nan,nan
Uformer-lite (L1),BraTS2021_00053,28.77887,0.963371992111206,0.1819272,0.9578512396694215,nan,nan
Uformer-lite (L1),BraTS2021_00053,28.666574,0.9622412323951721,0.18795784,0.9348857266062958,nan,nan
Uformer-lite (L1),BraTS2021_00053,28.823433,0.9595272541046143,0.19734435,0.9282828282828283,nan,nan
Uformer-lite (L1),BraTS2021_00053,29.051247,0.9635893106460571,0.19344205,0.9504837791690381,nan,nan
Uformer-lite (L1),BraTS2021_00053,29.173862,0.9584354758262634,0.21057579,0.9222298692360633,nan,nan
Uformer-lite (L1),BraTS2021_00053,29.531155,0.9616963863372803,0.20680498,0.9169381107491856,nan,nan
Uformer-lite (L1),BraTS2021_00053,29.563766,0.9634820222854614,0.20813747,0.918918918918919,nan,nan
Uformer-lite (L1),BraTS2021_00053,29.941574,0.9586600661277771,0.22680672,0.8926014319809069,nan,nan
Uformer-lite (L1),BraTS2021_00053,29.961224,0.9560825824737549,0.23904182,0.9052969502407705,nan,nan
Uformer-lite (L1),BraTS2021_00053,30.23512,0.9574345350265503,0.24195516,0.8934426229508197,nan,nan
Uformer-lite (L1),BraTS2021_00053,30.304699,0.9541845321655273,0.25822693,0.9156010230179028,nan,nan
Uformer-lite (L1),BraTS2021_00053,30.823372,0.9550638198852539,0.26371023,0.8484848484848485,nan,nan
Uformer-lite (L1),BraTS2021_00059,30.37822,0.9791325926780701,0.11547387,0.09691629955947137,nan,nan
Uformer-lite (L1),BraTS2021_00059,30.251448,0.9773890376091003,0.11566956,0.1503267973856209,nan,nan
Uformer-lite (L1),BraTS2021_00059,30.519943,0.978656530380249,0.11124238,0.4898989898989899,nan,nan
Uformer-lite (L1),BraTS2021_00059,30.793722,0.9802577495574951,0.10586303,0.8208232445520581,nan,nan
Uformer-lite (L1),BraTS2021_00059,30.640203,0.9792858362197876,0.10772932,0.872651356993737,nan,nan
Uformer-lite (L1),BraTS2021_00059,30.85991,0.9794061183929443,0.10600644,0.9519553072625698,nan,nan
Uformer-lite (L1),BraTS2021_00059,30.66738,0.9797791242599487,0.10557898,0.9318394024276377,nan,nan
Uformer-lite (L1),BraTS2021_00059,30.637033,0.9788137674331665,0.1073535,0.9326334208223972,0.0,0.0
Uformer-lite (L1),BraTS2021_00059,30.333721,0.9787914156913757,0.10748385,0.9240506329113924,0.7457627118644068,0.7457627118644068
Uformer-lite (L1),BraTS2021_00059,30.424221,0.9797182083129883,0.10514596,0.9392265193370166,0.8898305084745762,0.8898305084745762
Uformer-lite (L1),BraTS2021_00059,30.181763,0.9776867628097534,0.10833691,0.9170243204577968,0.8430232558139535,0.8430232558139535
Uformer-lite (L1),BraTS2021_00059,30.306322,0.9792828559875488,0.10729318,0.9026192075218268,0.8244274809160306,0.8214285714285714
Uformer-lite (L1),BraTS2021_00059,30.125221,0.9772666096687317,0.1123426,0.9271339347675226,0.908695652173913,0.8864142538975501
Uformer-lite (L1),BraTS2021_00059,29.85712,0.9764688014984131,0.114105456,0.9088507265521797,0.9702602230483272,0.907563025210084
Uformer-lite (L1),BraTS2021_00059,29.235247,0.97419273853302,0.1179933,0.9584487534626038,0.9621621621621622,0.8678414096916299
Uformer-lite (L1),BraTS2021_00059,29.143303,0.9705646634101868,0.11882215,0.8982604111755403,0.9366666666666666,0.8463157894736842
Uformer-lite (L1),BraTS2021_00059,29.004183,0.9654198884963989,0.11982297,0.9163199260286639,0.895364238410596,0.8012048192771084
Uformer-lite (L1),BraTS2021_00059,29.323807,0.9671176671981812,0.11059648,0.948502994011976,0.8996350364963503,0.8529121421520237
Uformer-lite (L1),BraTS2021_00059,29.407722,0.9673016667366028,0.10797234,0.941981981981982,0.9261744966442953,0.8842777334397446
Uformer-lite (L1),BraTS2021_00059,29.039614,0.9651851058006287,0.10861467,0.9298649983536385,0.9369931378665003,0.904603068712475
Uformer-lite (L1),BraTS2021_00059,29.26735,0.9637585282325745,0.10728679,0.9433261071539176,0.9419718309859155,0.9053145998778253
Uformer-lite (L1),BraTS2021_00059,28.893137,0.9638175368309021,0.10777756,0.938195991091314,0.9680082559339526,0.9368847712796757
Uformer-lite (L1),BraTS2021_00059,29.187796,0.9644006490707397,0.10394266,0.959919334509705,0.9768339768339769,0.9224343675417661
Uformer-lite (L1),BraTS2021_00059,29.697056,0.9666568040847778,0.09844941,0.9585342333654774,0.9687645687645687,0.902557856272838
Uformer-lite (L1),BraTS2021_00059,29.513126,0.9653815627098083,0.09741951,0.9634259259259259,0.9666374012291484,0.9075321494182487
Uformer-lite (L1),BraTS2021_00059,29.601742,0.9625932574272156,0.09757413,0.9598715890850722,0.9689005694261936,0.9048239895697523
Uformer-lite (L1),BraTS2021_00059,29.910866,0.9663611650466919,0.09509625,0.9628801431127012,0.9703480876665235,0.897742363877822
Uformer-lite (L1),BraTS2021_00059,29.541723,0.9664554595947266,0.095457114,0.9458234405352903,0.9457167090754877,0.8932291666666666
Uformer-lite (L1),BraTS2021_00059,30.078537,0.9644156098365784,0.094005376,0.9450452438755241,0.9513560051657339,0.886058981233244
Uformer-lite (L1),BraTS2021_00059,30.228012,0.9664853811264038,0.0915398,0.956464954288202,0.9516887558785806,0.9106002554278416
Uformer-lite (L1),BraTS2021_00059,30.302967,0.9672676920890808,0.09024337,0.9481646273637375,0.968103448275862,0.9259259259259259
Uformer-lite (L1),BraTS2021_00059,30.091282,0.9685408473014832,0.0887202,0.9595548897924245,0.9447585906916051,0.8993548387096775
Uformer-lite (L1),BraTS2021_00059,30.415956,0.9710243344306946,0.08688003,0.9580080185693184,0.9511754068716094,0.8935870331219169
Uformer-lite (L1),BraTS2021_00059,30.331268,0.9662381410598755,0.088355735,0.9491746307558645,0.9420631182289213,0.8930635838150289
Uformer-lite (L1),BraTS2021_00059,30.280365,0.9672660231590271,0.08811581,0.9415913599294689,0.9464459591041869,0.9013678905687545
Uformer-lite (L1),BraTS2021_00059,30.56135,0.9667213559150696,0.08756384,0.9457844655897323,0.9578466226510919,0.8997005988023952
Uformer-lite (L1),BraTS2021_00059,30.558176,0.9677936434745789,0.08715967,0.9250936329588015,0.9572649572649573,0.9052631578947369
Uformer-lite (L1),BraTS2021_00059,30.584866,0.968700110912323,0.08579172,0.9398307023564402,0.9516129032258065,0.9034317637669593
Uformer-lite (L1),BraTS2021_00059,30.367432,0.9720441102981567,0.08562049,0.9445073612684032,0.9535452322738386,0.9020537124802528
Uformer-lite (L1),BraTS2021_00059,30.332405,0.9695022106170654,0.086492755,0.9351808360732738,0.9311740890688259,0.8843881856540085
Uformer-lite (L1),BraTS2021_00059,30.265171,0.9688490629196167,0.08697439,0.9416489487361209,0.931899641577061,0.8957154405820533
Uformer-lite (L1),BraTS2021_00059,30.31991,0.9707650542259216,0.085235655,0.9163564159841152,0.9274900398406375,0.9123711340206185
Uformer-lite (L1),BraTS2021_00059,30.565157,0.973098635673523,0.085047424,0.9139004149377593,0.9291338582677166,0.91324200913242
Uformer-lite (L1),BraTS2021_00059,30.482557,0.9720259308815002,0.085544705,0.8968937614199948,0.8898128898128899,0.8898128898128899
Uformer-lite (L1),BraTS2021_00059,30.771503,0.9707573056221008,0.08443504,0.8402738163148887,0.882494004796163,0.8819277108433735
Uformer-lite (L1),BraTS2021_00059,30.50179,0.9730533957481384,0.08356292,0.8577343981070689,0.8716417910447761,0.8716417910447761
Uformer-lite (L1),BraTS2021_00059,30.73721,0.973102867603302,0.08248163,0.8506184586108468,0.8576512455516014,0.8576512455516014
Uformer-lite (L1),BraTS2021_00059,30.856216,0.9756261110305786,0.08182697,0.839425587467363,0.8972746331236897,0.8972746331236897
Uformer-lite (L1),BraTS2021_00059,31.187119,0.9780869483947754,0.07799964,0.853371387798787,0.8712871287128713,0.8712871287128713
Uformer-lite (L1),BraTS2021_00059,31.712688,0.9786738753318787,0.07652905,0.8612915552158961,0.8753462603878116,0.8753462603878116
Uformer-lite (L1),BraTS2021_00059,31.603682,0.9798226356506348,0.07445829,0.886438809261301,0.6787003610108303,0.6787003610108303
Uformer-lite (L1),BraTS2021_00059,31.757729,0.9802553653717041,0.07337852,0.9252568189868934,0.8359375,0.8359375
Uformer-lite (L1),BraTS2021_00059,31.754467,0.980914831161499,0.07275903,0.9325435998683778,0.336283185840708,0.336283185840708
Uformer-lite (L1),BraTS2021_00059,31.805115,0.9816648960113525,0.07269268,0.9526794108429959,0.17777777777777778,0.17777777777777778
Uformer-lite (L1),BraTS2021_00059,31.838764,0.9815831780433655,0.07171682,0.9379682349415642,0.0,0.0
Uformer-lite (L1),BraTS2021_00059,31.885502,0.9779611825942993,0.072084,0.9476710753306498,nan,nan
Uformer-lite (L1),BraTS2021_00059,32.00895,0.9785979986190796,0.07184907,0.9553398058252427,nan,nan
Uformer-lite (L1),BraTS2021_00059,31.748907,0.9793500900268555,0.07291443,0.9560148383677796,nan,nan
Uformer-lite (L1),BraTS2021_00059,32.037315,0.976131796836853,0.07240796,0.9522764673614921,nan,nan
Uformer-lite (L1),BraTS2021_00059,31.796116,0.9725701212882996,0.07637693,0.9542410714285714,nan,nan
Uformer-lite (L1),BraTS2021_00059,31.54583,0.9767575860023499,0.07452254,0.9562699102229945,nan,nan
Uformer-lite (L1),BraTS2021_00059,31.616323,0.9750050902366638,0.07609227,0.9509338398227287,nan,nan
Uformer-lite (L1),BraTS2021_00059,31.87841,0.9714952111244202,0.077262454,0.9098774333093006,nan,nan
Uformer-lite (L1),BraTS2021_00059,31.172485,0.9713011384010315,0.08051024,0.9028974158183242,nan,nan
Uformer-lite (L1),BraTS2021_00059,30.89713,0.9701202511787415,0.0819097,0.8943758573388203,nan,nan
Uformer-lite (L1),BraTS2021_00059,30.796078,0.9686150550842285,0.08386991,0.9301416707376648,nan,nan
Uformer-lite (L1),BraTS2021_00059,30.683918,0.9680733680725098,0.085031465,0.8854054054054054,nan,nan
Uformer-lite (L1),BraTS2021_00059,30.684135,0.968837320804596,0.084964275,0.9147196261682243,nan,nan
Uformer-lite (L1),BraTS2021_00059,30.60799,0.9668706059455872,0.08632603,0.83984375,nan,nan
Uformer-lite (L1),BraTS2021_00059,30.583086,0.9607778787612915,0.09032358,0.7851420247632921,nan,nan
Uformer-lite (L1),BraTS2021_00059,30.432919,0.960626482963562,0.09162478,0.8265039232781168,nan,nan
Uformer-lite (L1),BraTS2021_00059,30.188274,0.9649978876113892,0.09226632,0.886240520043337,nan,nan
Uformer-lite (L1),BraTS2021_00059,30.11734,0.966718316078186,0.093573436,0.8853868194842407,nan,nan
Uformer-lite (L1),BraTS2021_00059,29.93845,0.9645792841911316,0.097971536,0.8610567514677103,nan,nan
Uformer-lite (L1),BraTS2021_00059,29.766378,0.9647113680839539,0.09763469,0.8537313432835821,nan,nan
Uformer-lite (L1),BraTS2021_00061,31.391788,0.9758660197257996,0.13194352,0.0,0.0,0.0
Uformer-lite (L1),BraTS2021_00061,31.266191,0.975676417350769,0.12913036,0.03669724770642202,0.0,0.0
Uformer-lite (L1),BraTS2021_00061,31.153217,0.9743089079856873,0.13061945,0.0,0.0,0.0
Uformer-lite (L1),BraTS2021_00061,31.317732,0.9767385125160217,0.12320413,0.1320754716981132,0.0,0.0
Uformer-lite (L1),BraTS2021_00061,31.378834,0.9774768352508545,0.12069407,0.5082644628099173,0.017241379310344827,0.025974025974025976
Uformer-lite (L1),BraTS2021_00061,31.390059,0.9782606959342957,0.11839422,0.5355191256830601,0.0,0.0
Uformer-lite (L1),BraTS2021_00061,31.218609,0.9780360460281372,0.11884287,0.6967741935483871,0.0,0.0
Uformer-lite (L1),BraTS2021_00061,31.341862,0.9784184098243713,0.116448596,0.5233644859813084,0.0625,0.0975609756097561
Uformer-lite (L1),BraTS2021_00061,31.288855,0.9784031510353088,0.11674982,0.5808270676691729,0.0,0.0
Uformer-lite (L1),BraTS2021_00061,31.224838,0.9774597883224487,0.11872503,0.3217665615141956,0.00851063829787234,0.009950248756218905
Uformer-lite (L1),BraTS2021_00061,30.03461,0.9690132141113281,0.13370325,0.4280373831775701,0.0,0.0
Uformer-lite (L1),BraTS2021_00061,30.014145,0.9681147933006287,0.13118297,0.3956043956043956,0.08042895442359249,0.09933774834437085
Uformer-lite (L1),BraTS2021_00061,30.13741,0.9650179743766785,0.12883073,0.5030549898167006,0.0,0.0
Uformer-lite (L1),BraTS2021_00061,30.16673,0.9679322242736816,0.12077454,0.5170068027210885,0.0,0.0
Uformer-lite (L1),BraTS2021_00061,29.987122,0.9688721895217896,0.118722,0.542827657378741,0.0,0.0
Uformer-lite (L1),BraTS2021_00061,30.125263,0.9658233523368835,0.11894607,0.64037558685446,0.0,0.0
Uformer-lite (L1),BraTS2021_00061,30.404806,0.9710624814033508,0.11180675,0.6794759825327511,0.0,0.0
Uformer-lite (L1),BraTS2021_00061,30.389763,0.9712468385696411,0.111391336,0.6620689655172414,0.0,0.0
Uformer-lite (L1),BraTS2021_00061,30.25938,0.9716496467590332,0.11001506,0.6536833192209992,0.0,0.0
Uformer-lite (L1),BraTS2021_00061,30.606554,0.9742749333381653,0.106349565,0.680672268907563,0.025134649910233394,0.0502092050209205
Uformer-lite (L1),BraTS2021_00061,30.66211,0.9753458499908447,0.10421425,0.6247011952191235,0.0,0.0
Uformer-lite (L1),BraTS2021_00061,30.807098,0.9768810272216797,0.10126713,0.6798679867986799,0.015873015873015872,0.03669724770642202
Uformer-lite (L1),BraTS2021_00061,30.744112,0.9734349250793457,0.1060695,0.6929133858267716,0.0,0.0
Uformer-lite (L1),BraTS2021_00061,30.601522,0.9767591953277588,0.10219033,0.7122507122507122,0.0,0.0
Uformer-lite (L1),BraTS2021_00061,30.59056,0.9736247062683105,0.10529069,0.6903765690376569,0.0,0.0
Uformer-lite (L1),BraTS2021_00061,30.670746,0.9738448858261108,0.10303297,0.6121437422552665,0.0,0.0
Uformer-lite (L1),BraTS2021_00061,30.925953,0.9743548631668091,0.10082057,0.673469387755102,0.05776173285198556,0.05263157894736842
Uformer-lite (L1),BraTS2021_00061,31.20979,0.9728202819824219,0.100678414,0.7558441558441559,0.13930348258706468,0.1164021164021164
Uformer-lite (L1),BraTS2021_00061,30.938118,0.9719069004058838,0.10140249,0.6859756097560976,0.0,0.0
Uformer-lite (L1),BraTS2021_00061,31.125727,0.9696468114852905,0.104291104,0.04866180048661801,0.0,0.0
Uformer-lite (L1),BraTS2021_00061,31.17975,0.9728745222091675,0.10013035,0.5658914728682171,0.0,0.0
Uformer-lite (L1),BraTS2021_00061,31.650589,0.9737666249275208,0.09798839,0.504297994269341,nan,nan
Uformer-lite (L1),BraTS2021_00061,31.65115,0.9754823446273804,0.09605204,0.6705539358600583,nan,nan
Uformer-lite (L1),BraTS2021_00061,31.733906,0.9731285572052002,0.09641734,0.5190839694656488,nan,nan
Uformer-lite (L1),BraTS2021_00062,28.911167,0.9728022813796997,0.11690658,0.5077138849929874,nan,nan
Uformer-lite (L1),BraTS2021_00062,29.099781,0.970909595489502,0.11729162,0.7402597402597403,nan,nan
Uformer-lite (L1),BraTS2021_00062,28.863651,0.9729284048080444,0.11302272,0.8441988950276244,nan,nan
Uformer-lite (L1),BraTS2021_00062,29.314081,0.9746453166007996,0.10860221,0.8513302034428795,nan,nan
Uformer-lite (L1),BraTS2021_00062,29.912735,0.9754732847213745,0.10342514,0.8841506751954513,nan,nan
Uformer-lite (L1),BraTS2021_00062,29.92175,0.9768034219741821,0.101817936,0.9171122994652406,nan,nan
Uformer-lite (L1),BraTS2021_00062,29.802994,0.9784975647926331,0.09821578,0.925,nan,nan
Uformer-lite (L1),BraTS2021_00062,29.838585,0.9791958928108215,0.09640426,0.9009952854897852,nan,nan
Uformer-lite (L1),BraTS2021_00062,30.377588,0.9807923436164856,0.09270169,0.8862709560489352,nan,nan
Uformer-lite (L1),BraTS2021_00062,30.382425,0.9812065958976746,0.092007495,0.9132856006364359,0.0,nan
Uformer-lite (L1),BraTS2021_00062,30.51315,0.9838422536849976,0.08757934,0.9111684482123111,0.0,nan
Uformer-lite (L1),BraTS2021_00062,30.190811,0.9832829236984253,0.08925088,0.936745886654479,0.0,nan
Uformer-lite (L1),BraTS2021_00062,30.140442,0.9829554557800293,0.089444764,0.9528301886792453,0.0,nan
Uformer-lite (L1),BraTS2021_00062,30.551868,0.9840286374092102,0.08675131,0.9609292502639916,0.0,nan
Uformer-lite (L1),BraTS2021_00062,30.399706,0.9842979907989502,0.08581341,0.9602213766862677,0.0,nan
Uformer-lite (L1),BraTS2021_00062,30.348465,0.9838685393333435,0.08726259,0.9583333333333334,0.0,nan
Uformer-lite (L1),BraTS2021_00062,30.045338,0.9831310510635376,0.08830277,0.9605129935875801,0.056179775280898875,0.0
Uformer-lite (L1),BraTS2021_00062,30.281126,0.9849114418029785,0.08623397,0.9487099782405968,0.0,0.0
Uformer-lite (L1),BraTS2021_00062,30.032701,0.9839699864387512,0.08733831,0.967761934283943,0.16176470588235295,0.1111111111111111
Uformer-lite (L1),BraTS2021_00062,30.241728,0.9837168455123901,0.08846052,0.9646341463414634,0.04878048780487805,0.0
Uformer-lite (L1),BraTS2021_00062,30.076817,0.9841470122337341,0.08752813,0.9663865546218487,0.2014388489208633,0.6896551724137931
Uformer-lite (L1),BraTS2021_00062,30.190216,0.9854802489280701,0.08571595,0.97,0.18604651162790697,0.0
Uformer-lite (L1),BraTS2021_00062,30.229324,0.9857046008110046,0.08569236,0.9737695254936635,0.0,0.0
Uformer-lite (L1),BraTS2021_00062,30.245823,0.9852963089942932,0.08497149,0.9674582233948988,0.21428571428571427,0.0
Uformer-lite (L1),BraTS2021_00062,30.894932,0.9876238107681274,0.07964187,0.9729093050647821,0.0,0.0
Uformer-lite (L1),BraTS2021_00062,30.23,0.9872474670410156,0.08088597,0.9655172413793104,0.1935483870967742,0.0
Uformer-lite (L1),BraTS2021_00062,30.64542,0.9880293011665344,0.078955606,0.9704419081065262,0.0,0.0
Uformer-lite (L1),BraTS2021_00062,30.588636,0.9890274405479431,0.07702616,0.9695014662756598,0.0,0.0
Uformer-lite (L1),BraTS2021_00062,30.984493,0.9892562627792358,0.075728506,0.9675480769230769,0.17647058823529413,0.0
Uformer-lite (L1),BraTS2021_00062,31.172125,0.9894437789916992,0.0754856,0.9613814756671899,0.0,nan
Uformer-lite (L1),BraTS2021_00062,31.674997,0.9904937148094177,0.07087303,0.9673033344124312,0.0,nan
Uformer-lite (L1),BraTS2021_00062,31.978872,0.9911163449287415,0.070402354,0.9817953546767106,nan,nan
Uformer-lite (L1),BraTS2021_00062,31.271584,0.9904724359512329,0.07365666,0.9551529551529552,nan,nan
Uformer-lite (L1),BraTS2021_00062,32.10156,0.9911537766456604,0.06951814,0.9727626459143969,0.0,nan
Uformer-lite (L1),BraTS2021_00062,31.97712,0.9911074638366699,0.06861329,0.9726315789473684,0.0,nan
Uformer-lite (L1),BraTS2021_00062,31.872492,0.9909283518791199,0.07082704,0.9723058398555088,nan,nan
Uformer-lite (L1),BraTS2021_00062,31.466627,0.9900838732719421,0.07213196,0.9681914571342017,0.0,nan
Uformer-lite (L1),BraTS2021_00062,31.534748,0.9891844987869263,0.07423714,0.9607843137254902,nan,nan
Uformer-lite (L1),BraTS2021_00062,31.54366,0.9894697666168213,0.07346141,0.9095667345158476,0.0,nan
Uformer-lite (L1),BraTS2021_00062,31.749163,0.9886249899864197,0.07381686,0.9477308294209703,nan,nan
Uformer-lite (L1),BraTS2021_00062,31.856327,0.9879298806190491,0.074294396,0.9248840803709428,nan,nan
Uformer-lite (L1),BraTS2021_00062,31.88383,0.9874191880226135,0.07380673,0.9139818579918674,nan,nan
Uformer-lite (L1),BraTS2021_00062,31.991089,0.9874974489212036,0.07463996,0.9335080248935473,nan,nan
Uformer-lite (L1),BraTS2021_00062,31.796095,0.9869799017906189,0.07440925,0.9426041325024598,nan,nan
Uformer-lite (L1),BraTS2021_00062,31.828056,0.986889660358429,0.076450765,0.938635584504628,nan,nan
Uformer-lite (L1),BraTS2021_00062,31.57215,0.9873836040496826,0.07498595,0.9411362080766599,nan,nan
Uformer-lite (L1),BraTS2021_00062,31.453905,0.9877322316169739,0.07680364,0.9332443257676902,nan,nan
Uformer-lite (L1),BraTS2021_00062,31.280195,0.9867113828659058,0.07835021,0.9210612512283001,nan,nan
Uformer-lite (L1),BraTS2021_00062,31.449574,0.9859951138496399,0.08001501,0.9511533242876526,0.0,nan
Uformer-lite (L1),BraTS2021_00062,31.754055,0.9875159859657288,0.07681708,0.9622445445098718,nan,nan
Uformer-lite (L1),BraTS2021_00062,31.351906,0.9875401854515076,0.0783383,0.9288389513108615,nan,nan
Uformer-lite (L1),BraTS2021_00062,31.4086,0.9866641163825989,0.07982882,0.928219563687544,nan,nan
Uformer-lite (L1),BraTS2021_00062,31.380766,0.985923171043396,0.08194401,0.9352465047829286,nan,nan
Uformer-lite (L1),BraTS2021_00062,31.20576,0.9854245781898499,0.08573981,0.9074355083459787,nan,nan
Uformer-lite (L1),BraTS2021_00062,30.969534,0.985218346118927,0.08686645,0.9405940594059405,nan,nan
Uformer-lite (L1),BraTS2021_00062,30.826775,0.9853790998458862,0.08790837,0.8817635270541082,nan,nan
Uformer-lite (L1),BraTS2021_00062,30.725233,0.9839959740638733,0.09209038,0.9007633587786259,nan,nan
Uformer-lite (L1),BraTS2021_00062,30.587143,0.9852909445762634,0.09251234,0.9416517055655296,nan,nan
Uformer-lite (L1),BraTS2021_00062,30.510372,0.9833152294158936,0.09667173,0.9212066636650158,nan,nan
Uformer-lite (L1),BraTS2021_00062,30.427582,0.9833321571350098,0.09862343,0.9417293233082706,nan,nan
Uformer-lite (L1),BraTS2021_00062,30.551394,0.9843153953552246,0.09828953,0.8602620087336245,nan,nan
Uformer-lite (L1),BraTS2021_00062,30.368828,0.9833366274833679,0.101307265,0.8709090909090909,nan,nan
Uformer-lite (L1),BraTS2021_00062,30.254772,0.9839051961898804,0.10379197,0.8778661675245671,nan,nan
Uformer-lite (L1),BraTS2021_00062,30.075064,0.9836551547050476,0.10675749,0.8809980806142035,0.0,0.0
Uformer-lite (L1),BraTS2021_00062,30.103333,0.9825764894485474,0.110264786,0.8747474747474747,nan,nan
Uformer-lite (L1),BraTS2021_00062,29.946901,0.9832496047019958,0.1132117,0.8866995073891626,0.0,0.0
Uformer-lite (L1),BraTS2021_00062,29.928543,0.9836781620979309,0.114549585,0.8704038577456299,nan,nan
Uformer-lite (L1),BraTS2021_00062,30.13129,0.9829604029655457,0.11901209,0.8884268884268884,nan,nan
Uformer-lite (L1),BraTS2021_00062,30.000856,0.9840808510780334,0.11880674,0.893491124260355,nan,nan
Uformer-lite (L1),BraTS2021_00062,30.26064,0.9838277101516724,0.12273573,0.9198664440734557,0.0,0.0
Uformer-lite (L1),BraTS2021_00062,30.243818,0.9843308329582214,0.12436128,0.8690036900369004,0.0,0.0
Uformer-lite (L1),BraTS2021_00062,30.562237,0.9852112531661987,0.124952815,0.7992164544564153,0.0,0.0
Uformer-lite (L1),BraTS2021_00062,30.746548,0.9851454496383667,0.1290558,0.8020565552699229,nan,nan
Uformer-lite (L1),BraTS2021_00062,30.878262,0.9837721586227417,0.13674423,0.6301369863013698,0.0,0.0
Uformer-lite (L1),BraTS2021_00066,30.393265,0.9693053960800171,0.10100593,0.8644688644688645,nan,nan
Uformer-lite (L1),BraTS2021_00066,30.380157,0.9701515436172485,0.101665445,0.8888888888888888,nan,nan
Uformer-lite (L1),BraTS2021_00066,30.456066,0.9713957905769348,0.10005732,0.9257142857142857,nan,nan
Uformer-lite (L1),BraTS2021_00066,30.603445,0.9718502759933472,0.09937802,0.959866220735786,nan,nan
Uformer-lite (L1),BraTS2021_00066,30.596869,0.9736352562904358,0.097719535,0.9619181946403385,nan,nan
Uformer-lite (L1),BraTS2021_00066,30.599045,0.9727436304092407,0.099775076,0.9676646706586827,nan,nan
Uformer-lite (L1),BraTS2021_00066,30.417889,0.9777487516403198,0.09434649,0.9454887218045113,nan,nan
Uformer-lite (L1),BraTS2021_00066,30.835197,0.9796227812767029,0.09078407,0.9770992366412213,nan,nan
Uformer-lite (L1),BraTS2021_00066,30.821676,0.9791597127914429,0.0909827,0.9805749805749806,nan,nan
Uformer-lite (L1),BraTS2021_00066,30.647678,0.979792058467865,0.09221081,0.9658536585365853,0.0,0.0
Uformer-lite (L1),BraTS2021_00066,30.552513,0.9798243045806885,0.09168427,0.9545745361484325,0.567741935483871,0.567741935483871
Uformer-lite (L1),BraTS2021_00066,30.537418,0.9773992896080017,0.094465844,0.9682539682539683,0.6666666666666666,0.6612903225806451
Uformer-lite (L1),BraTS2021_00066,30.378471,0.9783970713615417,0.09437528,0.9519397799652577,0.8586666666666667,0.7687074829931972
Uformer-lite (L1),BraTS2021_00066,30.426586,0.9791828393936157,0.09285371,0.9600463231036479,0.445141065830721,0.46473029045643155
Uformer-lite (L1),BraTS2021_00066,30.122856,0.9780073761940002,0.095382,0.9734912577552172,0.2621951219512195,0.35684647302904565
Uformer-lite (L1),BraTS2021_00066,30.171003,0.9795494675636292,0.093246974,0.9606892837910609,0.10526315789473684,0.1339712918660287
Uformer-lite (L1),BraTS2021_00066,30.19451,0.9811488389968872,0.09188071,0.9511335012594458,0.8051001821493625,0.6064981949458483
Uformer-lite (L1),BraTS2021_00066,30.622238,0.9817078113555908,0.08940459,0.9571084337349398,0.628,0.5333333333333333
Uformer-lite (L1),BraTS2021_00066,30.815235,0.9837676882743835,0.08625932,0.9512195121951219,0.5379876796714579,0.3709090909090909
Uformer-lite (L1),BraTS2021_00066,30.954035,0.9845446944236755,0.08518715,0.9706994328922496,0.4645161290322581,0.2462686567164179
Uformer-lite (L1),BraTS2021_00066,30.920158,0.9846568703651428,0.08526365,0.9680150517403575,0.15,0.023809523809523808
Uformer-lite (L1),BraTS2021_00066,30.953224,0.9840115308761597,0.08596756,0.9583333333333334,0.19759036144578312,0.007905138339920948
Uformer-lite (L1),BraTS2021_00066,30.885897,0.9835367202758789,0.0854394,0.9545241443975622,0.3648068669527897,0.17482517482517482
Uformer-lite (L1),BraTS2021_00066,31.128094,0.9836478233337402,0.08376188,0.9585635359116023,0.3212669683257919,0.24372759856630824
Uformer-lite (L1),BraTS2021_00066,31.260605,0.9825176000595093,0.083577394,0.9598130841121495,0.5831702544031311,0.34285714285714286
Uformer-lite (L1),BraTS2021_00066,31.25589,0.9827449321746826,0.08217983,0.9696686887540831,0.0,0.0
Uformer-lite (L1),BraTS2021_00066,31.531504,0.9799705743789673,0.08456431,0.9723247232472325,0.463302752293578,0.259927797833935
Uformer-lite (L1),BraTS2021_00066,31.250574,0.9805420637130737,0.08486418,0.9234737747205503,0.12352941176470589,0.15267175572519084
Uformer-lite (L1),BraTS2021_00066,31.13391,0.977897047996521,0.08583889,0.957427536231884,0.0,0.0
Uformer-lite (L1),BraTS2021_00066,31.22442,0.9763824343681335,0.08651883,0.9449838187702265,0.23728813559322035,0.25089605734767023
Uformer-lite (L1),BraTS2021_00066,31.283073,0.9782925248146057,0.08612433,0.8959927960378208,0.4028268551236749,0.40569395017793597
Uformer-lite (L1),BraTS2021_00066,31.060236,0.9774391651153564,0.08829939,0.8766868310842252,0.49361702127659574,0.49361702127659574
Uformer-lite (L1),BraTS2021_00066,31.12682,0.9778631925582886,0.088215604,0.8708885616102111,0.33587786259541985,0.33587786259541985
Uformer-lite (L1),BraTS2021_00066,30.952263,0.9734216928482056,0.09110387,0.907563025210084,0.0,0.0
Uformer-lite (L1),BraTS2021_00066,30.916153,0.9766973853111267,0.09033508,0.8873321657910099,nan,nan
Uformer-lite (L1),BraTS2021_00066,30.591848,0.9733110666275024,0.09495713,0.936761640027797,nan,nan
Uformer-lite (L1),BraTS2021_00066,30.572071,0.972042441368103,0.0985879,0.9264,nan,nan
Uformer-lite (L1),BraTS2021_00066,30.21959,0.9712172746658325,0.100774944,0.932573599240266,nan,nan
Uformer-lite (L1),BraTS2021_00066,29.964125,0.9703933596611023,0.10255098,0.9330499468650372,nan,nan
Uformer-lite (L1),BraTS2021_00066,29.777815,0.969317615032196,0.10608158,0.8904267589388697,nan,nan
Uformer-lite (L1),BraTS2021_00066,29.651451,0.9683530926704407,0.10919332,0.9232954545454546,nan,nan
Uformer-lite (L1),BraTS2021_00066,29.708174,0.9667445421218872,0.111503005,0.9295774647887324,nan,nan
Uformer-lite (L1),BraTS2021_00066,29.23932,0.9665523767471313,0.1144338,0.9044585987261147,nan,nan
Uformer-lite (L1),BraTS2021_00066,29.571526,0.9656168818473816,0.11687118,0.9128205128205128,nan,nan
Uformer-lite (L1),BraTS2021_00066,29.611088,0.9692845940589905,0.11321856,0.8884892086330936,nan,nan
Uformer-lite (L1),BraTS2021_00066,29.46877,0.9653263688087463,0.11809797,0.9006085192697769,nan,nan
Uformer-lite (L1),BraTS2021_00066,29.651392,0.9676631093025208,0.118383884,0.9094922737306843,nan,nan
Uformer-lite (L1),BraTS2021_00066,29.389141,0.9682208299636841,0.117770806,0.9265822784810127,nan,nan
Uformer-lite (L1),BraTS2021_00066,29.333153,0.9667661190032959,0.122452214,0.8933717579250721,nan,nan
Uformer-lite (L1),BraTS2021_00071,31.47454,0.980400562286377,0.108462825,nan,nan,nan
Uformer-lite (L1),BraTS2021_00071,31.5876,0.980154812335968,0.10735249,nan,nan,nan
Uformer-lite (L1),BraTS2021_00071,31.511946,0.9811405539512634,0.10678352,nan,nan,nan
Uformer-lite (L1),BraTS2021_00071,31.305788,0.9795200824737549,0.11171051,nan,nan,nan
Uformer-lite (L1),BraTS2021_00071,31.077702,0.9796411395072937,0.110480145,nan,nan,nan
Uformer-lite (L1),BraTS2021_00071,30.832413,0.977832555770874,0.1139095,0.0,nan,nan
Uformer-lite (L1),BraTS2021_00071,30.597696,0.9758395552635193,0.11541016,0.0,nan,nan
Uformer-lite (L1),BraTS2021_00071,30.89363,0.9728175401687622,0.11778766,0.0,nan,nan
Uformer-lite (L1),BraTS2021_00071,30.728476,0.9738590121269226,0.113177024,0.0,nan,nan
Uformer-lite (L1),BraTS2021_00071,30.812933,0.9750806093215942,0.109322526,0.7091136079900124,nan,nan
Uformer-lite (L1),BraTS2021_00071,30.891647,0.9722511172294617,0.10892397,0.8471698113207548,0.0,0.0
Uformer-lite (L1),BraTS2021_00071,30.905388,0.9733368158340454,0.106413245,0.8225175918686474,0.0,0.0
Uformer-lite (L1),BraTS2021_00071,30.649786,0.9720025658607483,0.10733974,0.9494310998735778,0.6138613861386139,0.6138613861386139
Uformer-lite (L1),BraTS2021_00071,30.76897,0.9728600978851318,0.10587562,0.9491315136476427,0.8791208791208791,0.8653295128939829
Uformer-lite (L1),BraTS2021_00071,30.925747,0.9724400043487549,0.10599045,0.8872775214238628,0.7859778597785978,0.7797270955165692
Uformer-lite (L1),BraTS2021_00071,30.859798,0.9732916951179504,0.1036793,0.875089221984297,0.7950089126559715,0.7689075630252101
Uformer-lite (L1),BraTS2021_00071,31.228703,0.9750913977622986,0.099206924,0.8928838951310861,0.840625,0.7652859960552268
Uformer-lite (L1),BraTS2021_00071,31.210596,0.97652268409729,0.096927986,0.8885564697083022,0.8194444444444444,0.8009049773755657
Uformer-lite (L1),BraTS2021_00071,31.356712,0.9765406250953674,0.096785545,0.8727544910179641,0.7451669595782073,0.6932668329177057
Uformer-lite (L1),BraTS2021_00071,31.620958,0.9768747687339783,0.09599774,0.8482003129890454,0.8844984802431611,0.75
Uformer-lite (L1),BraTS2021_00071,31.967075,0.9778882265090942,0.09446103,0.8566523605150215,0.9293563579277865,0.8232323232323232
Uformer-lite (L1),BraTS2021_00071,31.860859,0.9808336496353149,0.09120971,0.9129332206255283,0.9642301710730948,0.8977556109725686
Uformer-lite (L1),BraTS2021_00071,31.876278,0.9789707660675049,0.094815366,0.8844404003639672,0.825,0.8187134502923976
Uformer-lite (L1),BraTS2021_00071,31.832687,0.9787746667861938,0.092423104,0.9283819628647215,0.9363636363636364,0.8471177944862155
Uformer-lite (L1),BraTS2021_00071,31.922333,0.9786150455474854,0.09266216,0.9194139194139194,0.9216589861751152,0.8226221079691517
Uformer-lite (L1),BraTS2021_00071,31.831505,0.9784867167472839,0.093369156,0.8971428571428571,0.7421602787456446,0.7115902964959568
Uformer-lite (L1),BraTS2021_00071,31.568695,0.9784510135650635,0.09409131,0.8999028182701652,0.7892976588628763,0.7341040462427746
Uformer-lite (L1),BraTS2021_00071,31.694565,0.9768847227096558,0.09411198,0.8862745098039215,0.9189985272459499,0.8521303258145363
Uformer-lite (L1),BraTS2021_00071,31.715996,0.9782257080078125,0.09254367,0.8823529411764706,0.7916666666666666,0.8088642659279779
Uformer-lite (L1),BraTS2021_00071,31.646927,0.9789485335350037,0.09249165,0.8944723618090452,0.6027944111776448,0.5919003115264797
Uformer-lite (L1),BraTS2021_00071,31.622755,0.976578414440155,0.09364126,0.9369918699186992,0.9503759398496241,0.9203187250996016
Uformer-lite (L1),BraTS2021_00071,31.921715,0.9786301851272583,0.09215568,0.9662921348314607,0.9285714285714286,0.8952380952380953
Uformer-lite (L1),BraTS2021_00071,31.747324,0.9791297316551208,0.090980306,0.9607250755287009,0.9243421052631579,0.9013539651837524
Uformer-lite (L1),BraTS2021_00071,31.7701,0.9780564904212952,0.09479925,0.9473684210526315,0.8947368421052632,0.8509719222462203
Uformer-lite (L1),BraTS2021_00071,31.491932,0.9780219197273254,0.09474218,0.9373134328358209,0.8414634146341463,0.7881773399014779
Uformer-lite (L1),BraTS2021_00071,31.588017,0.9780963063240051,0.09478518,0.9286376274328082,0.9267326732673268,0.8722891566265061
Uformer-lite (L1),BraTS2021_00071,31.671343,0.9793893098831177,0.09271129,0.9378427787934186,0.7154046997389034,0.6518987341772152
Uformer-lite (L1),BraTS2021_00071,31.662785,0.9804439544677734,0.09217895,0.9045495093666369,0.6358024691358025,0.5519713261648745
Uformer-lite (L1),BraTS2021_00071,31.774302,0.9821431636810303,0.08962838,0.9606147934678194,0.22966507177033493,0.24615384615384617
Uformer-lite (L1),BraTS2021_00071,32.13463,0.9831773638725281,0.08702957,0.9637826961770624,0.5157894736842106,0.5297297297297298
Uformer-lite (L1),BraTS2021_00071,32.423126,0.9841189384460449,0.084550045,0.9591002044989775,0.0,0.0
Uformer-lite (L1),BraTS2021_00071,32.811806,0.9859503507614136,0.0807672,0.9583778014941302,0.0,0.0
Uformer-lite (L1),BraTS2021_00071,32.64809,0.9866393208503723,0.079922765,0.928,0.0,0.0
Uformer-lite (L1),BraTS2021_00071,33.01158,0.9865624904632568,0.07877442,0.9161747343565525,0.0,0.0
Uformer-lite (L1),BraTS2021_00071,33.035248,0.9871767163276672,0.07871519,0.8628005657708628,0.0,0.0
Uformer-lite (L1),BraTS2021_00071,33.2215,0.9878358244895935,0.076797254,0.8982558139534884,nan,nan
Uformer-lite (L1),BraTS2021_00071,33.54334,0.9874414801597595,0.07577003,0.9019607843137255,nan,nan
Uformer-lite (L1),BraTS2021_00071,33.721107,0.9883342385292053,0.07348993,0.9062003179650239,nan,nan
Uformer-lite (L1),BraTS2021_00071,33.518402,0.9878748059272766,0.07538864,0.9158576051779935,nan,nan
Uformer-lite (L1),BraTS2021_00071,33.47423,0.9877399206161499,0.07514767,0.9146757679180887,nan,nan
Uformer-lite (L1),BraTS2021_00071,33.295868,0.9880334138870239,0.07438191,0.9387755102040817,nan,nan
Uformer-lite (L1),BraTS2021_00071,33.19436,0.986457109451294,0.07677358,0.896414342629482,nan,nan
Uformer-lite (L1),BraTS2021_00071,33.40456,0.986790657043457,0.07581846,0.9116465863453815,nan,nan
Uformer-lite (L1),BraTS2021_00071,33.321198,0.9863889813423157,0.07537506,0.8724279835390947,nan,nan
Uformer-lite (L1),BraTS2021_00071,33.207165,0.9852265119552612,0.07732915,0.8888888888888888,nan,nan
Uformer-lite (L1),BraTS2021_00071,33.254257,0.9849214553833008,0.0782099,0.8577878103837472,nan,nan
Uformer-lite (L1),BraTS2021_00071,33.444794,0.9856529235839844,0.07418237,0.7613941018766756,nan,nan
Uformer-lite (L1),BraTS2021_00071,33.16258,0.9849860668182373,0.07540964,0.7425149700598802,nan,nan
Uformer-lite (L1),BraTS2021_00071,33.283375,0.9843340516090393,0.076653,0.5276595744680851,nan,nan
Uformer-lite (L1),BraTS2021_00071,33.105446,0.9828241467475891,0.077874914,0.0,nan,nan
Uformer-lite (L1),BraTS2021_00071,32.845642,0.9804000854492188,0.08041916,0.0,nan,nan
Uformer-lite (L1),BraTS2021_00071,32.85643,0.9832382798194885,0.078218415,0.0,nan,nan
Uformer-lite (L1),BraTS2021_00071,32.860733,0.9831486344337463,0.078447856,0.0,nan,nan
Uformer-lite (L1),BraTS2021_00078,31.683777,0.9689293503761292,0.099353544,0.8484848484848485,nan,nan
Uformer-lite (L1),BraTS2021_00078,31.437714,0.9715139269828796,0.09851257,0.92,nan,nan
Uformer-lite (L1),BraTS2021_00078,31.614388,0.9742364883422852,0.09558051,0.8714285714285714,nan,nan
Uformer-lite (L1),BraTS2021_00078,31.804062,0.9756152033805847,0.09207432,0.8237347294938918,nan,nan
Uformer-lite (L1),BraTS2021_00078,31.931664,0.9768446087837219,0.08976413,0.8418549346016647,nan,nan
Uformer-lite (L1),BraTS2021_00078,32.0512,0.9763036966323853,0.09087811,0.911297852474323,nan,nan
Uformer-lite (L1),BraTS2021_00078,32.000904,0.9805420637130737,0.08599687,0.9497716894977168,nan,nan
Uformer-lite (L1),BraTS2021_00078,32.293808,0.9822747707366943,0.0843347,0.9525083612040134,nan,nan
Uformer-lite (L1),BraTS2021_00078,32.497707,0.9844605326652527,0.0797966,0.969442780107849,nan,nan
Uformer-lite (L1),BraTS2021_00078,32.78569,0.9858638048171997,0.076249,0.9690837549184935,nan,nan
Uformer-lite (L1),BraTS2021_00078,33.157703,0.9863622784614563,0.07518129,0.9695652173913043,nan,nan
Uformer-lite (L1),BraTS2021_00078,33.232483,0.9859453439712524,0.07532875,0.9721649484536082,0.0,0.0
Uformer-lite (L1),BraTS2021_00078,33.306442,0.985004186630249,0.07610974,0.9713438735177866,0.5833333333333334,0.5833333333333334
Uformer-lite (L1),BraTS2021_00078,33.415733,0.984805166721344,0.07491735,0.9728419010669254,0.648936170212766,0.648936170212766
Uformer-lite (L1),BraTS2021_00078,33.424503,0.9846177697181702,0.074621014,0.9528846153846153,0.6666666666666666,0.6666666666666666
Uformer-lite (L1),BraTS2021_00078,33.188686,0.9829702973365784,0.07584638,0.9313490158425348,0.7473309608540926,0.7473309608540926
Uformer-lite (L1),BraTS2021_00078,33.391388,0.9825218915939331,0.07519604,0.9443938012762079,0.8549422336328626,0.7777777777777778
Uformer-lite (L1),BraTS2021_00078,33.164127,0.9808656573295593,0.078130834,0.9592997811816193,0.9037656903765691,0.8246575342465754
Uformer-lite (L1),BraTS2021_00078,32.979446,0.9796333909034729,0.0792776,0.9693406131877362,0.9638128861429832,0.8768211920529801
Uformer-lite (L1),BraTS2021_00078,32.645607,0.9787400960922241,0.0807559,0.9561688311688312,0.9608482871125612,0.8525547445255475
Uformer-lite (L1),BraTS2021_00078,32.44588,0.9787279367446899,0.08051638,0.9358310083698684,0.8556876061120543,0.7679465776293823
Uformer-lite (L1),BraTS2021_00078,32.66798,0.9774755239486694,0.08110688,0.9303772851030727,0.924924924924925,0.7953020134228188
Uformer-lite (L1),BraTS2021_00078,32.611343,0.9773200154304504,0.08226821,0.9407294832826748,0.8760932944606414,0.7789799072642968
Uformer-lite (L1),BraTS2021_00078,32.44595,0.977520763874054,0.08297135,0.9418386491557224,0.8733920108327691,0.75
Uformer-lite (L1),BraTS2021_00078,32.055737,0.9768660068511963,0.08506449,0.9393826701375976,0.8934210526315789,0.7833333333333333
Uformer-lite (L1),BraTS2021_00078,32.137615,0.9762143492698669,0.084526554,0.9463414634146341,0.8145604395604396,0.7360912981455064
Uformer-lite (L1),BraTS2021_00078,31.701504,0.9733970165252686,0.088903256,0.9760765550239234,0.7529741077676697,0.8173690932311622
Uformer-lite (L1),BraTS2021_00078,31.52969,0.9728325605392456,0.08894801,0.9612756264236902,0.8218623481781376,0.8048452220726783
Uformer-lite (L1),BraTS2021_00078,31.90847,0.9725090861320496,0.091291815,0.9630781189273222,0.6495327102803738,0.8263795423956931
Uformer-lite (L1),BraTS2021_00078,31.587069,0.9707504510879517,0.09303726,0.9552358113509193,0.8573333333333333,0.8353741496598639
Uformer-lite (L1),BraTS2021_00078,31.240957,0.9726804494857788,0.09467333,0.9765033851055357,0.7202426080363912,0.8337874659400545
Uformer-lite (L1),BraTS2021_00078,31.35087,0.968045711517334,0.09692375,0.9648905410987195,0.6502866502866503,0.7988505747126436
Uformer-lite (L1),BraTS2021_00078,31.287575,0.9713684320449829,0.09505836,0.9808811305070657,0.8513708513708513,0.8859416445623343
Uformer-lite (L1),BraTS2021_00078,30.92178,0.9703581929206848,0.09945562,0.9815126050420168,0.5470085470085471,0.6635220125786163
Uformer-lite (L1),BraTS2021_00078,30.883541,0.9636086821556091,0.10501418,0.9818339100346021,0.8775665399239544,0.8503144654088051
Uformer-lite (L1),BraTS2021_00078,30.702984,0.967013955116272,0.10275747,0.9811816192560175,0.8113998323554066,0.7288629737609329
Uformer-lite (L1),BraTS2021_00078,30.649244,0.9675799012184143,0.10557174,0.9709432275368798,0.8154121863799283,0.7277936962750716
Uformer-lite (L1),BraTS2021_00078,30.956306,0.9686205983161926,0.103286766,0.9390070921985816,0.8432327166504382,0.7831325301204819
Uformer-lite (L1),BraTS2021_00078,30.996826,0.9701195359230042,0.102712885,0.9622551361681796,0.7566964285714286,0.7032590051457976
Uformer-lite (L1),BraTS2021_00078,30.62255,0.9699315428733826,0.105172515,0.9629990262901655,0.7058823529411765,0.7974068071312804
Uformer-lite (L1),BraTS2021_00078,30.695162,0.9714260697364807,0.10631034,0.9724409448818898,0.9038674033149171,0.8518518518518519
Uformer-lite (L1),BraTS2021_00078,30.837576,0.9711388349533081,0.10846637,0.9638308711156394,0.8792270531400966,0.8356643356643356
Uformer-lite (L1),BraTS2021_00078,30.414658,0.9700349569320679,0.111858934,0.9594320486815415,0.8785046728971962,0.8203497615262321
Uformer-lite (L1),BraTS2021_00078,30.375507,0.9693626761436462,0.11337761,0.9560085836909872,0.9090909090909091,0.8945783132530121
Uformer-lite (L1),BraTS2021_00078,29.778383,0.9681405425071716,0.121751495,0.9658213891951488,0.9159802306425041,0.8959731543624161
Uformer-lite (L1),BraTS2021_00078,29.670387,0.9708166718482971,0.12043983,0.9655575014594279,0.9068100358422939,0.8969258589511754
Uformer-lite (L1),BraTS2021_00078,29.47615,0.9682959318161011,0.12984963,0.9779630732578916,0.9048543689320389,0.87374749498998
Uformer-lite (L1),BraTS2021_00078,29.421242,0.9693511724472046,0.13107873,0.9671717171717171,0.8358862144420132,0.8358862144420132
Uformer-lite (L1),BraTS2021_00078,29.23307,0.9711188673973083,0.13383673,0.9760956175298805,0.8724489795918368,0.8724489795918368
Uformer-lite (L1),BraTS2021_00078,28.865814,0.9712682366371155,0.13805066,0.9536707056307911,0.803088803088803,0.803088803088803
Uformer-lite (L1),BraTS2021_00078,29.272007,0.9725933074951172,0.14053532,0.9331016507384883,0.8088235294117647,0.8088235294117647
Uformer-lite (L1),BraTS2021_00078,29.377768,0.9713267683982849,0.14855288,0.8289290681502086,0.0,0.0
Uformer-lite (L1),BraTS2021_00078,28.980232,0.9719617962837219,0.15276761,0.8477508650519031,nan,nan
Uformer-lite (L1),BraTS2021_00078,29.139252,0.9728348851203918,0.1578805,0.8043478260869565,nan,nan
Uformer-lite (L1),BraTS2021_00081,30.554895,0.9761983752250671,0.15346444,0.0,nan,nan
Uformer-lite (L1),BraTS2021_00081,30.588762,0.9757276773452759,0.15307969,0.0,nan,nan
Uformer-lite (L1),BraTS2021_00081,30.698317,0.9784134030342102,0.14200833,0.0,nan,nan
Uformer-lite (L1),BraTS2021_00081,30.395548,0.9777981042861938,0.1421161,0.0,nan,nan
Uformer-lite (L1),BraTS2021_00081,30.694965,0.9778181314468384,0.13947558,0.2591549295774648,nan,nan
Uformer-lite (L1),BraTS2021_00081,30.895138,0.9807482957839966,0.12841853,0.8246753246753247,nan,nan
Uformer-lite (L1),BraTS2021_00081,30.927456,0.980388343334198,0.12812616,0.7441176470588236,0.6956521739130435,0.6956521739130435
Uformer-lite (L1),BraTS2021_00081,30.9861,0.9817231893539429,0.122655146,0.8120481927710843,0.5714285714285714,0.5714285714285714
Uformer-lite (L1),BraTS2021_00081,31.012058,0.9815645217895508,0.122607395,0.8571428571428571,0.6597938144329897,0.6597938144329897
Uformer-lite (L1),BraTS2021_00081,31.35834,0.9826960563659668,0.11749174,0.8755020080321285,0.7761194029850746,0.7761194029850746
Uformer-lite (L1),BraTS2021_00081,31.191643,0.9830037951469421,0.11598602,0.9488291413703382,0.7217391304347827,0.7217391304347827
Uformer-lite (L1),BraTS2021_00081,31.258377,0.9819238185882568,0.119118825,0.9397590361445783,0.8571428571428571,0.8571428571428571
Uformer-lite (L1),BraTS2021_00081,31.191721,0.9818897843360901,0.119337514,0.8935064935064935,0.9318181818181818,0.9318181818181818
Uformer-lite (L1),BraTS2021_00081,31.066624,0.9830626249313354,0.116151676,0.9459459459459459,0.9319727891156463,0.9319727891156463
Uformer-lite (L1),BraTS2021_00081,31.025705,0.9821255803108215,0.11929874,0.9680772086117297,0.8993288590604027,0.8993288590604027
Uformer-lite (L1),BraTS2021_00081,30.796225,0.9814813733100891,0.121980906,0.9741077676696991,0.936046511627907,0.936046511627907
Uformer-lite (L1),BraTS2021_00081,30.720465,0.9831135869026184,0.11783777,0.9785016286644951,0.9047619047619048,0.9047619047619048
Uformer-lite (L1),BraTS2021_00081,30.742748,0.9837535619735718,0.11466158,0.9776674937965261,0.9343065693430657,0.9411764705882353
Uformer-lite (L1),BraTS2021_00081,30.462797,0.9824365973472595,0.11934788,0.9659781287970839,0.9639065817409767,0.9700854700854701
Uformer-lite (L1),BraTS2021_00081,30.365166,0.9816687703132629,0.12130404,0.9682063587282543,0.9618320610687023,0.9618320610687023
Uformer-lite (L1),BraTS2021_00081,30.816174,0.983382523059845,0.11746657,0.9671011793916822,0.966131907308378,0.966131907308378
Uformer-lite (L1),BraTS2021_00081,30.5793,0.9820576906204224,0.11943579,0.965194109772423,0.9757785467128027,0.9757785467128027
Uformer-lite (L1),BraTS2021_00081,30.144289,0.980834424495697,0.1220426,0.9707927677329624,0.9661016949152542,0.9661016949152542
Uformer-lite (L1),BraTS2021_00081,30.103252,0.9812922477722168,0.12099099,0.9720028715003589,0.9761092150170648,0.9761092150170648
Uformer-lite (L1),BraTS2021_00081,30.072443,0.9807599782943726,0.121462636,0.9591364687740941,0.9685314685314685,0.9685314685314685
Uformer-lite (L1),BraTS2021_00081,29.934904,0.9794242978096008,0.12385582,0.9371011850501367,0.9682242990654205,0.9682242990654205
Uformer-lite (L1),BraTS2021_00081,30.141562,0.978828489780426,0.12423761,0.9444985394352483,0.9406952965235174,0.9406952965235174
Uformer-lite (L1),BraTS2021_00081,30.496262,0.9794769883155823,0.12045114,0.9227642276422764,0.9554140127388535,0.9554140127388535
Uformer-lite (L1),BraTS2021_00081,30.700914,0.9800437688827515,0.11689356,0.9230769230769231,0.9532293986636972,0.9532293986636972
Uformer-lite (L1),BraTS2021_00081,31.124926,0.9809433221817017,0.11278346,0.9451575262543758,0.9617224880382775,0.9617224880382775
Uformer-lite (L1),BraTS2021_00081,30.87083,0.9796421527862549,0.11572124,0.8781664656212304,0.9486552567237164,0.9486552567237164
Uformer-lite (L1),BraTS2021_00081,30.905054,0.9797567129135132,0.11457687,0.9202733485193622,0.9202127659574468,0.9202127659574468
Uformer-lite (L1),BraTS2021_00081,31.00211,0.9808644652366638,0.11062893,0.9414270500532481,0.9358288770053476,0.915068493150685
Uformer-lite (L1),BraTS2021_00081,31.28046,0.9825376868247986,0.10555196,0.9602446483180428,0.9554896142433235,0.9393939393939394
Uformer-lite (L1),BraTS2021_00081,31.220985,0.9813199043273926,0.10882402,0.941747572815534,0.9260450160771704,0.9260450160771704
Uformer-lite (L1),BraTS2021_00081,31.26977,0.9820534586906433,0.106600985,0.9317343173431735,0.9545454545454546,0.9545454545454546
Uformer-lite (L1),BraTS2021_00081,30.736246,0.9819889664649963,0.10643926,0.9819121447028424,0.9424460431654677,0.9424460431654677
Uformer-lite (L1),BraTS2021_00081,31.081558,0.9822472333908081,0.105438575,0.971027216856892,0.9552238805970149,0.9552238805970149
Uformer-lite (L1),BraTS2021_00081,31.106825,0.9822742938995361,0.10354165,0.9454209065679926,0.8918918918918919,0.8918918918918919
Uformer-lite (L1),BraTS2021_00081,30.931177,0.9836283326148987,0.1019299,0.9641214351425943,0.45161290322580644,0.45161290322580644
Uformer-lite (L1),BraTS2021_00081,30.65784,0.9813045859336853,0.105127454,0.9670542635658915,0.0,0.0
Uformer-lite (L1),BraTS2021_00081,30.97013,0.9813245534896851,0.103903614,0.9811320754716981,0.0,0.0
Uformer-lite (L1),BraTS2021_00081,31.11576,0.981594443321228,0.101417884,0.982706002034588,nan,nan
Uformer-lite (L1),BraTS2021_00081,31.029385,0.9803168177604675,0.102540314,0.9824945295404814,nan,nan
Uformer-lite (L1),BraTS2021_00081,31.299343,0.9805666208267212,0.10050049,0.9621749408983451,nan,nan
Uformer-lite (L1),BraTS2021_00081,31.05064,0.9787893295288086,0.102085695,0.946236559139785,nan,nan
Uformer-lite (L1),BraTS2021_00081,31.094028,0.9781707525253296,0.10073216,0.8333333333333334,nan,nan
Uformer-lite (L1),BraTS2021_00081,30.867817,0.9769091010093689,0.10298459,0.8703170028818443,nan,nan
Uformer-lite (L1),BraTS2021_00081,31.02251,0.9767183661460876,0.104026675,0.0,nan,nan
Uformer-lite (L1),BraTS2021_00081,30.989216,0.9752241373062134,0.102483496,0.0,nan,nan
Uformer-lite (L1),BraTS2021_00096,30.760393,0.9643557071685791,0.143851,0.0,nan,nan
Uformer-lite (L1),BraTS2021_00096,30.941526,0.9636555314064026,0.14133441,0.0,nan,nan
Uformer-lite (L1),BraTS2021_00096,30.787079,0.9634988307952881,0.14116313,0.0,nan,nan
Uformer-lite (L1),BraTS2021_00096,30.993975,0.9645730257034302,0.13586858,0.5620253164556962,nan,nan
Uformer-lite (L1),BraTS2021_00096,30.858093,0.9672988057136536,0.13319105,0.677115987460815,nan,nan
Uformer-lite (L1),BraTS2021_00096,30.954918,0.9694688320159912,0.12752427,0.934010152284264,nan,nan
Uformer-lite (L1),BraTS2021_00096,31.120718,0.9713408946990967,0.12515342,0.9414802065404475,nan,nan
Uformer-lite (L1),BraTS2021_00096,31.088486,0.970789909362793,0.12475008,0.9233105542900532,0.0,0.0
Uformer-lite (L1),BraTS2021_00096,30.77386,0.9712545871734619,0.12627983,0.9350819672131148,0.26666666666666666,0.26666666666666666
Uformer-lite (L1),BraTS2021_00096,30.03622,0.9648804664611816,0.1339397,0.9171461449942463,0.7633587786259542,0.7633587786259542
Uformer-lite (L1),BraTS2021_00096,30.042011,0.9677677154541016,0.12946571,0.9152376286134248,0.854320987654321,0.8486352357320099
Uformer-lite (L1),BraTS2021_00096,29.876675,0.9671112895011902,0.13014427,0.9473684210526315,0.8406909788867563,0.8245243128964059
Uformer-lite (L1),BraTS2021_00096,29.94253,0.96758633852005,0.12705493,0.9859268194611982,0.832258064516129,0.8798521256931608
Uformer-lite (L1),BraTS2021_00096,30.006945,0.9683944582939148,0.12185409,0.9852369852369852,0.8618331053351573,0.8814159292035398
Uformer-lite (L1),BraTS2021_00096,30.287706,0.966590166091919,0.11952292,0.9830769230769231,0.83,0.9042904290429042
Uformer-lite (L1),BraTS2021_00096,30.44178,0.967353880405426,0.115640074,0.974512743628186,0.7560975609756098,0.9125
Uformer-lite (L1),BraTS2021_00096,30.821117,0.9738224744796753,0.105918996,0.9762419006479481,0.7151095732410612,0.8775834658187599
Uformer-lite (L1),BraTS2021_00096,30.747063,0.970253586769104,0.1088948,0.9729916897506925,0.7741273100616016,0.9121212121212121
Uformer-lite (L1),BraTS2021_00096,30.997076,0.9729757905006409,0.10671776,0.9838817998656817,0.7052845528455285,0.9020771513353115
Uformer-lite (L1),BraTS2021_00096,31.135227,0.9735543727874756,0.10437591,0.9856396866840731,0.7459867799811143,0.8803418803418803
Uformer-lite (L1),BraTS2021_00096,30.965994,0.974944531917572,0.10356046,0.980084884100555,0.704331450094162,0.8903924221921515
Uformer-lite (L1),BraTS2021_00096,31.085773,0.9746813178062439,0.10262875,0.9806076276664512,0.7178571428571429,0.8842105263157894
Uformer-lite (L1),BraTS2021_00096,31.44181,0.9781102538108826,0.097924605,0.979565772669221,0.6268939393939394,0.8061068702290076
Uformer-lite (L1),BraTS2021_00096,31.43511,0.9777058362960815,0.0962009,0.9858178380081941,0.6391752577319587,0.8302469135802469
Uformer-lite (L1),BraTS2021_00096,31.570673,0.9806515574455261,0.09442976,0.9767729947352122,0.668488160291439,0.8508634222919937
Uformer-lite (L1),BraTS2021_00096,31.955336,0.9807560443878174,0.09193714,0.9761029411764706,0.7056705670567057,0.8778877887788779
Uformer-lite (L1),BraTS2021_00096,31.976868,0.980117678642273,0.092384465,0.9732225300092336,0.5871743486973948,0.8536155202821869
Uformer-lite (L1),BraTS2021_00096,31.86097,0.9822894334793091,0.08828901,0.9842805320435308,0.6798866855524079,0.8653198653198653
Uformer-lite (L1),BraTS2021_00096,32.202347,0.9825197458267212,0.08764038,0.9800362976406534,0.6895893027698186,0.8783783783783784
Uformer-lite (L1),BraTS2021_00096,32.43961,0.982422411441803,0.087106794,0.9833987322668276,0.7061068702290076,0.8666666666666667
Uformer-lite (L1),BraTS2021_00096,32.52614,0.9849354028701782,0.08362184,0.9744958481613286,0.5482796892341842,0.7724665391969407
Uformer-lite (L1),BraTS2021_00096,32.485607,0.9838317036628723,0.084964074,0.9752164825320991,0.4823529411764706,0.6926070038910506
Uformer-lite (L1),BraTS2021_00096,32.62088,0.9828386902809143,0.085837856,0.9590062111801242,0.5180722891566265,0.7390476190476191
Uformer-lite (L1),BraTS2021_00096,32.287792,0.9823204278945923,0.086205035,0.9676812048948855,0.6161137440758294,0.6794055201698513
Uformer-lite (L1),BraTS2021_00096,32.169117,0.9823004007339478,0.08751452,0.9760918074593561,0.8397104446742503,0.8030018761726079
Uformer-lite (L1),BraTS2021_00096,32.35372,0.9807755351066589,0.088290125,0.9673375123721544,0.8543478260869565,0.7317880794701986
Uformer-lite (L1),BraTS2021_00096,32.34146,0.9816116094589233,0.088045485,0.9784268171257883,0.935659760087241,0.8447368421052631
Uformer-lite (L1),BraTS2021_00096,32.5005,0.9797106385231018,0.088642925,0.9753086419753086,0.8869346733668342,0.8377659574468085
Uformer-lite (L1),BraTS2021_00096,32.310623,0.9779416918754578,0.09070076,0.983814215341309,0.7212020033388982,0.7054794520547946
Uformer-lite (L1),BraTS2021_00096,32.321648,0.9797998070716858,0.08915741,0.9804205946337926,0.5867346938775511,0.5867346938775511
Uformer-lite (L1),BraTS2021_00096,32.5632,0.9781386256217957,0.088129856,0.9793775778027747,0.4046242774566474,0.4046242774566474
Uformer-lite (L1),BraTS2021_00096,32.598175,0.9811695218086243,0.08463825,0.983371126228269,0.0,0.0
Uformer-lite (L1),BraTS2021_00096,33.063576,0.9816058278083801,0.083215825,0.9685384309040223,nan,nan
Uformer-lite (L1),BraTS2021_00096,33.244537,0.9832823276519775,0.08010925,0.9479212253829322,nan,nan
Uformer-lite (L1),BraTS2021_00096,33.50507,0.9831544756889343,0.07817746,0.9647721935180836,nan,nan
Uformer-lite (L1),BraTS2021_00096,33.632874,0.9842010736465454,0.076914765,0.9709216362740266,nan,nan
Uformer-lite (L1),BraTS2021_00096,33.872814,0.9847910404205322,0.07636232,0.9623983739837398,nan,nan
Uformer-lite (L1),BraTS2021_00096,34.123325,0.985826313495636,0.07203091,0.958223162347964,nan,nan
Uformer-lite (L1),BraTS2021_00096,34.676155,0.9857933521270752,0.070206605,0.955456570155902,nan,nan
Uformer-lite (L1),BraTS2021_00096,34.750816,0.9869130849838257,0.06956786,0.9594356261022927,nan,nan
Uformer-lite (L1),BraTS2021_00096,35.05839,0.9845864176750183,0.06959843,0.9414790996784566,nan,nan
Uformer-lite (L1),BraTS2021_00096,35.16043,0.9853705763816833,0.06827869,0.9644533869885983,nan,nan
Uformer-lite (L1),BraTS2021_00096,35.09171,0.9868752956390381,0.0676641,0.9853044086773968,nan,nan
Uformer-lite (L1),BraTS2021_00096,35.17745,0.9829217195510864,0.06950098,0.9716840536512668,nan,nan
Uformer-lite (L1),BraTS2021_00096,35.282677,0.9848763942718506,0.06908506,0.9739542225730071,nan,nan
Uformer-lite (L1),BraTS2021_00096,35.14449,0.9861451983451843,0.06820582,0.9629005059021922,nan,nan
Uformer-lite (L1),BraTS2021_00096,35.30658,0.9827708005905151,0.070310235,0.9449112978524743,nan,nan
Uformer-lite (L1),BraTS2021_00096,34.878372,0.9825795292854309,0.07281444,0.9494324045407637,nan,nan
Uformer-lite (L1),BraTS2021_00096,34.69732,0.9827975630760193,0.07346685,0.9553990610328639,nan,nan
Uformer-lite (L1),BraTS2021_00096,34.57121,0.978820264339447,0.07651205,0.9419889502762431,nan,nan
Uformer-lite (L1),BraTS2021_00096,34.255123,0.9802020192146301,0.077764474,0.9597423510466989,nan,nan
Uformer-lite (L1),BraTS2021_00096,34.126163,0.9751511216163635,0.080255024,0.9711934156378601,nan,nan
Uformer-lite (L1),BraTS2021_00096,34.22874,0.9747347235679626,0.08094587,0.9256198347107438,nan,nan
Uformer-lite (L1),BraTS2021_00098,30.118317,0.9744053483009338,0.1550066,0.0,0.0,0.0
Uformer-lite (L1),BraTS2021_00098,30.16514,0.9750584363937378,0.14884354,0.3339517625231911,0.2655367231638418,0.2655367231638418
Uformer-lite (L1),BraTS2021_00098,30.390526,0.9743635654449463,0.14295597,0.30346820809248554,0.03821656050955414,0.03821656050955414
Uformer-lite (L1),BraTS2021_00098,30.17497,0.9738699197769165,0.14051542,0.47619047619047616,0.1375796178343949,0.15384615384615385
Uformer-lite (L1),BraTS2021_00098,30.268799,0.9747331738471985,0.13519475,0.4830119375573921,0.10576923076923077,0.12698412698412698
Uformer-lite (L1),BraTS2021_00098,30.128134,0.9750449061393738,0.13209113,0.43694779116465865,0.0,0.0
Uformer-lite (L1),BraTS2021_00098,29.997635,0.9742698669433594,0.13258074,0.3307745987438939,0.0,0.0
Uformer-lite (L1),BraTS2021_00098,30.088213,0.9736223816871643,0.13164178,0.3042071197411003,0.008424599831508003,0.011049723756906077
Uformer-lite (L1),BraTS2021_00098,30.229504,0.9743563532829285,0.1296732,0.29121813031161475,0.0,0.0
Uformer-lite (L1),BraTS2021_00098,29.983494,0.9726257920265198,0.1305834,0.4213679480778832,0.023842917251051893,0.029310344827586206
Uformer-lite (L1),BraTS2021_00098,30.145912,0.974882185459137,0.12548453,0.5125482625482626,0.029133284777858703,0.037914691943127965
Uformer-lite (L1),BraTS2021_00098,29.83606,0.9747893810272217,0.124945186,0.521978021978022,0.0,0.0
Uformer-lite (L1),BraTS2021_00098,30.176716,0.9743937849998474,0.12484398,0.5422014780241151,0.0,0.0
Uformer-lite (L1),BraTS2021_00098,30.104649,0.9776594638824463,0.11942693,0.5881174899866488,0.0,0.0
Uformer-lite (L1),BraTS2021_00098,30.028963,0.9777852296829224,0.11809591,0.5858024691358025,0.0,0.0
Uformer-lite (L1),BraTS2021_00098,29.77232,0.9762306213378906,0.11971975,0.6170574243968739,0.0,0.0
Uformer-lite (L1),BraTS2021_00098,29.612635,0.9740447402000427,0.123055376,0.5963659961064244,0.00883489784649365,0.011704462326261888
Uformer-lite (L1),BraTS2021_00098,29.767723,0.9786118268966675,0.115893275,0.6208808130582075,0.0,0.0
Uformer-lite (L1),BraTS2021_00098,29.59919,0.9788607358932495,0.11713199,0.6374162096282754,0.059745347698334964,0.0778061224489796
Uformer-lite (L1),BraTS2021_00098,29.409246,0.9794036149978638,0.1160834,0.6618973561430793,0.0701051577366049,0.09201623815967523
Uformer-lite (L1),BraTS2021_00098,29.199001,0.9780785441398621,0.12084826,0.6304705495228694,0.05642633228840126,0.0489853044086774
Uformer-lite (L1),BraTS2021_00098,28.820824,0.9753563404083252,0.12739125,0.5542168674698795,0.1148577449947313,0.1296928327645051
Uformer-lite (L1),BraTS2021_00098,28.826595,0.9765089750289917,0.1256949,0.48412083656080557,0.13484302624806999,0.14719173660426083
Uformer-lite (L1),BraTS2021_00098,28.845549,0.9735960364341736,0.12920593,0.4928027095681626,0.12787436904094224,0.16
Uformer-lite (L1),BraTS2021_00098,28.75769,0.9743484258651733,0.12941644,0.5081318681318682,0.15331010452961671,0.18403041825095057
Uformer-lite (L1),BraTS2021_00098,28.838783,0.973595380783081,0.1287467,0.5965475712565235,0.29842931937172773,0.3552176917760885
Uformer-lite (L1),BraTS2021_00098,28.898556,0.9733696579933167,0.12649117,0.5921649484536082,0.24057649667405764,0.2792511700468019
Uformer-lite (L1),BraTS2021_00098,28.819199,0.9738317131996155,0.1255135,0.5817882159044088,0.2552026286966046,0.281992337164751
Uformer-lite (L1),BraTS2021_00098,28.933172,0.9740419387817383,0.12542483,0.4896421845574388,0.07922077922077922,0.09195402298850575
Uformer-lite (L1),BraTS2021_00098,29.15847,0.9725048542022705,0.1243567,0.46434494195688225,0.038834951456310676,0.05486284289276808
Uformer-lite (L1),BraTS2021_00098,29.194109,0.9721697568893433,0.12207625,0.42099322799097066,0.0016051364365971107,0.0024875621890547263
Uformer-lite (L1),BraTS2021_00098,29.15057,0.9726855158805847,0.121355034,0.44216290212183434,0.05029013539651837,0.08150470219435736
Uformer-lite (L1),BraTS2021_00098,29.247314,0.9689440727233887,0.12311457,0.3012379642365887,0.0292772186642269,0.04103967168262654
Uformer-lite (L1),BraTS2021_00098,29.07922,0.9709385633468628,0.119188696,0.40027510316368636,0.08074534161490683,0.11190817790530846
Uformer-lite (L1),BraTS2021_00098,29.615665,0.9727329015731812,0.11573756,0.34846029173419774,0.042352941176470586,0.056782334384858045
Uformer-lite (L1),BraTS2021_00098,29.835203,0.9719634652137756,0.11255823,0.3098330241187384,0.0,0.0
Uformer-lite (L1),BraTS2021_00098,29.90166,0.974288284778595,0.1084527,0.22827225130890053,0.0,0.0
Uformer-lite (L1),BraTS2021_00098,30.321953,0.9732763171195984,0.1088834,0.2878787878787879,0.0,0.0
Uformer-lite (L1),BraTS2021_00098,30.108202,0.9750484824180603,0.10428549,0.41458333333333336,0.0920353982300885,0.11353711790393013
Uformer-lite (L1),BraTS2021_00098,30.33518,0.9747720956802368,0.10383764,0.49226804123711343,0.0,0.0
Uformer-lite (L1),BraTS2021_00098,30.380018,0.9721402525901794,0.106646135,0.6649214659685864,0.0,0.0
Uformer-lite (L1),BraTS2021_00110,30.4379,0.9813842177391052,0.0658692,0.4897959183673469,nan,nan
Uformer-lite (L1),BraTS2021_00110,30.288603,0.9830507636070251,0.066102624,0.5757009345794393,nan,nan
Uformer-lite (L1),BraTS2021_00110,30.646576,0.9835699796676636,0.06504373,0.7515257192676548,nan,nan
Uformer-lite (L1),BraTS2021_00110,30.389305,0.9836225509643555,0.065373674,0.6797642436149313,nan,nan
Uformer-lite (L1),BraTS2021_00110,30.700512,0.983440101146698,0.064539105,0.792323509252913,nan,nan
Uformer-lite (L1),BraTS2021_00110,30.837336,0.9851220846176147,0.06288292,0.7485380116959064,nan,nan
Uformer-lite (L1),BraTS2021_00110,30.710709,0.9861600995063782,0.062254637,0.8134715025906736,nan,nan
Uformer-lite (L1),BraTS2021_00110,30.768385,0.9872756004333496,0.061158553,0.7866720845184885,nan,nan
Uformer-lite (L1),BraTS2021_00110,31.228436,0.9881033301353455,0.05909836,0.8756715272448197,nan,nan
Uformer-lite (L1),BraTS2021_00110,31.352097,0.9894264936447144,0.057178665,0.8480108806528391,nan,nan
Uformer-lite (L1),BraTS2021_00110,31.1441,0.9893624782562256,0.057797592,0.8363522798251093,nan,nan
Uformer-lite (L1),BraTS2021_00110,31.289436,0.9887508749961853,0.056914493,0.8780200353565115,nan,nan
Uformer-lite (L1),BraTS2021_00110,31.296024,0.9885807037353516,0.05684564,0.8894907908992417,0.0,nan
Uformer-lite (L1),BraTS2021_00110,31.292397,0.9881888628005981,0.056387406,0.8706640237859267,nan,nan
Uformer-lite (L1),BraTS2021_00110,31.256931,0.9870544075965881,0.05761231,0.8976800976800977,0.0,0.0
Uformer-lite (L1),BraTS2021_00110,31.039772,0.9870193600654602,0.057495277,0.8870748299319728,0.0,0.0
Uformer-lite (L1),BraTS2021_00110,30.701977,0.9858492016792297,0.05865302,0.8935064935064935,0.8589743589743589,0.868421052631579
Uformer-lite (L1),BraTS2021_00110,30.720442,0.9867068529129028,0.058674388,0.8837304011402973,0.8303571428571429,0.8340807174887892
Uformer-lite (L1),BraTS2021_00110,30.855022,0.9870144724845886,0.057768974,0.8977093206951027,0.8484848484848485,0.8860759493670886
Uformer-lite (L1),BraTS2021_00110,30.572124,0.9845623970031738,0.059843197,0.9138719512195121,0.920863309352518,0.9432098765432099
Uformer-lite (L1),BraTS2021_00110,30.578382,0.9867702126502991,0.059464935,0.9042380522993688,0.9411764705882353,0.9501084598698482
Uformer-lite (L1),BraTS2021_00110,30.40461,0.98501056432724,0.062206764,0.9214361891219339,0.9264413518886679,0.9508196721311475
Uformer-lite (L1),BraTS2021_00110,30.186703,0.9852733016014099,0.061886825,0.9324181626187962,0.9147005444646098,0.9250936329588015
Uformer-lite (L1),BraTS2021_00110,30.474335,0.9868628978729248,0.059904974,0.9411764705882353,0.9032258064516129,0.9154228855721394
Uformer-lite (L1),BraTS2021_00110,30.550432,0.9880955219268799,0.060002256,0.9338387319090282,0.8822652757078987,0.8936170212765957
Uformer-lite (L1),BraTS2021_00110,30.349749,0.9865561723709106,0.06252302,0.9455050329746616,0.8804204993429697,0.9066305818673883
Uformer-lite (L1),BraTS2021_00110,29.983484,0.985723078250885,0.06535956,0.9422206752523494,0.8463414634146341,0.871536523929471
Uformer-lite (L1),BraTS2021_00110,29.56332,0.9864174723625183,0.06591663,0.9324066029539531,0.8558558558558559,0.8755868544600939
Uformer-lite (L1),BraTS2021_00110,29.746523,0.98499995470047,0.06868953,0.9385238682402678,0.8902564102564102,0.9242262540021344
Uformer-lite (L1),BraTS2021_00110,29.30312,0.9851632714271545,0.069137424,0.921864050455501,0.93488824101069,0.9486166007905138
Uformer-lite (L1),BraTS2021_00110,29.469015,0.9859428405761719,0.068970084,0.9341841385597083,0.9439252336448598,0.9571020019065777
Uformer-lite (L1),BraTS2021_00110,29.463226,0.9864860773086548,0.0698796,0.9177728613569321,0.9524663677130045,0.9635701275045537
Uformer-lite (L1),BraTS2021_00110,29.085796,0.986285388469696,0.073404275,0.9174841315637623,0.9102333931777379,0.9243391066545124
Uformer-lite (L1),BraTS2021_00110,29.293097,0.9867970943450928,0.072452284,0.9130013563262933,0.9363557105492589,0.9452296819787986
Uformer-lite (L1),BraTS2021_00110,28.878204,0.984963595867157,0.07796749,0.9265086636128261,0.9439171699741156,0.9537117903930131
Uformer-lite (L1),BraTS2021_00110,28.922035,0.9855172038078308,0.07884979,0.9237921972912877,0.9425878320479862,0.9548611111111112
Uformer-lite (L1),BraTS2021_00110,28.798697,0.9856812357902527,0.080748245,0.9225603357817419,0.9519071310116086,0.9637130801687763
Uformer-lite (L1),BraTS2021_00110,29.0576,0.9866294860839844,0.08036449,0.9180256577516851,0.9523026315789473,0.9576763485477179
Uformer-lite (L1),BraTS2021_00110,28.911589,0.987145185470581,0.082075365,0.8994240141781126,0.9463414634146341,0.9553719008264463
Uformer-lite (L1),BraTS2021_00110,29.01491,0.987618088722229,0.08256663,0.8984962406015038,0.9520714865962632,0.9628406275805119
Uformer-lite (L1),BraTS2021_00110,28.63307,0.9871991872787476,0.08853936,0.8858762632487059,0.940084388185654,0.951240376390077
Uformer-lite (L1),BraTS2021_00110,28.667011,0.987983763217926,0.08835589,0.8911042944785276,0.9331046312178388,0.9517966695880806
Uformer-lite (L1),BraTS2021_00110,28.575321,0.9885552525520325,0.09019629,0.8606029373872713,0.9345132743362832,0.9519492293744334
Uformer-lite (L1),BraTS2021_00110,28.915178,0.988402247428894,0.093276605,0.8873797396717601,0.9238095238095239,0.9342359767891683
Uformer-lite (L1),BraTS2021_00110,28.65648,0.9892882108688354,0.094144724,0.8885458474837913,0.9042769857433809,0.920997920997921
Uformer-lite (L1),BraTS2021_00110,28.775251,0.9891606569290161,0.09765788,0.8775578664877558,0.8598351001177856,0.8739495798319328
Uformer-lite (L1),BraTS2021_00110,28.536236,0.9890803694725037,0.1030316,0.8302277432712215,0.8446866485013624,0.8543417366946778
Uformer-lite (L1),BraTS2021_00110,28.826092,0.989372730255127,0.1039093,0.8316123907863384,0.8034188034188035,0.8132635253054101
Uformer-lite (L1),BraTS2021_00110,28.353779,0.98797607421875,0.11468128,0.8116486613433537,0.7817258883248731,0.7979274611398963
Uformer-lite (L1),BraTS2021_00110,28.968815,0.9886691570281982,0.114345394,0.8107489994282447,0.6595744680851063,0.6690909090909091
Uformer-lite (L1),BraTS2021_00110,29.105984,0.9879393577575684,0.12341524,0.6675843083275981,0.01904761904761905,0.020202020202020204
Uformer-lite (L1),BraTS2021_00110,29.22828,0.9869512319564819,0.13119647,0.6819012797074955,0.0,0.0
Uformer-lite (L1),BraTS2021_00110,28.940449,0.9845666885375977,0.15024759,0.685,0.0,0.0
Uformer-lite (L1),BraTS2021_00110,29.834803,0.9850158095359802,0.15195587,0.5925925925925926,nan,nan
Uformer-lite (L1),BraTS2021_00110,30.364836,0.9834409952163696,0.16504931,0.6212624584717608,nan,nan
Uformer-lite (L1),BraTS2021_00110,29.938078,0.9767119288444519,0.20034498,0.6548672566371682,nan,nan
Uformer-lite (L1),BraTS2021_00112,31.129768,0.988516092300415,0.08903348,0.0,nan,nan
Uformer-lite (L1),BraTS2021_00112,31.68465,0.9904318451881409,0.08090486,0.0,nan,nan
Uformer-lite (L1),BraTS2021_00112,32.107174,0.9914068579673767,0.07696421,0.0,nan,nan
Uformer-lite (L1),BraTS2021_00112,31.76594,0.9900373816490173,0.081505895,0.0,nan,nan
Uformer-lite (L1),BraTS2021_00112,31.782635,0.9910485148429871,0.07850178,0.0,nan,nan
Uformer-lite (L1),BraTS2021_00112,31.531055,0.9900610446929932,0.0810068,0.0,nan,nan
Uformer-lite (L1),BraTS2021_00112,30.964191,0.9885985255241394,0.08685418,0.0,nan,nan
Uformer-lite (L1),BraTS2021_00112,31.379375,0.9898755550384521,0.08250175,0.0,nan,nan
Uformer-lite (L1),BraTS2021_00112,31.429886,0.9897262454032898,0.082129836,0.0,nan,nan
Uformer-lite (L1),BraTS2021_00112,31.601894,0.9905802607536316,0.07936029,0.0,nan,nan
Uformer-lite (L1),BraTS2021_00112,31.502064,0.9912540316581726,0.07762832,0.0,nan,nan
Uformer-lite (L1),BraTS2021_00112,31.296474,0.9893168210983276,0.081954345,0.0,nan,nan
Uformer-lite (L1),BraTS2021_00112,30.486885,0.9879698753356934,0.08727683,0.0,nan,nan
Uformer-lite (L1),BraTS2021_00112,30.679348,0.9895710945129395,0.082178496,0.0,nan,nan
Uformer-lite (L1),BraTS2021_00112,30.25198,0.9867591857910156,0.0890464,0.0,nan,nan
Uformer-lite (L1),BraTS2021_00112,29.574188,0.9838422536849976,0.09468054,0.0,nan,nan
Uformer-lite (L1),BraTS2021_00112,29.57308,0.983968198299408,0.09238281,0.0,nan,nan
Uformer-lite (L1),BraTS2021_00112,29.585688,0.9800679683685303,0.08975167,0.0,nan,nan
Uformer-lite (L1),BraTS2021_00112,30.125118,0.9822633862495422,0.08144147,0.0,0.0,nan
Uformer-lite (L1),BraTS2021_00112,30.78679,0.9853262901306152,0.0733984,0.0,0.0,nan
Uformer-lite (L1),BraTS2021_00112,30.601284,0.9855924844741821,0.073505096,0.0,0.0,nan
Uformer-lite (L1),BraTS2021_00112,30.970608,0.986701250076294,0.07148788,0.0,0.0,nan
Uformer-lite (L1),BraTS2021_00112,31.117443,0.9865500330924988,0.07156589,0.19635343618513323,0.0,nan
Uformer-lite (L1),BraTS2021_00112,31.513271,0.9885901808738708,0.06597813,0.02373887240356083,0.0,nan
Uformer-lite (L1),BraTS2021_00112,31.839046,0.9875060319900513,0.065850206,0.0,0.0,nan
Uformer-lite (L1),BraTS2021_00112,32.1585,0.9882240891456604,0.062798694,0.1942257217847769,0.0,nan
Uformer-lite (L1),BraTS2021_00112,32.425037,0.9893490672111511,0.061507862,0.3526570048309179,nan,nan
Uformer-lite (L1),BraTS2021_00112,31.99696,0.988758385181427,0.06352551,0.17344173441734417,nan,nan
Uformer-lite (L1),BraTS2021_00112,31.890934,0.9887345433235168,0.063340984,0.35495716034271724,nan,nan
Uformer-lite (L1),BraTS2021_00112,31.9488,0.9906842708587646,0.061257914,0.39709443099273606,nan,nan
Uformer-lite (L1),BraTS2021_00112,32.16041,0.9911960959434509,0.05889604,0.39457459926017263,nan,nan
Uformer-lite (L1),BraTS2021_00112,32.58365,0.9897016286849976,0.059806533,0.4362745098039216,nan,nan
Uformer-lite (L1),BraTS2021_00112,32.361652,0.9911292791366577,0.05843284,0.29850746268656714,nan,nan
Uformer-lite (L1),BraTS2021_00112,32.803234,0.9909250140190125,0.058261417,0.3953488372093023,nan,nan
Uformer-lite (L1),BraTS2021_00112,32.461098,0.9903178811073303,0.060130525,0.4595635430038511,nan,nan
Uformer-lite (L1),BraTS2021_00112,32.136086,0.9902957677841187,0.06104625,0.35123367198838895,nan,nan
Uformer-lite (L1),BraTS2021_00112,31.942255,0.9899855852127075,0.06345975,0.40540540540540543,nan,nan
Uformer-lite (L1),BraTS2021_00112,32.187252,0.9898144602775574,0.0631278,0.32666666666666666,nan,nan
Uformer-lite (L1),BraTS2021_00112,32.31207,0.9918107390403748,0.059022844,0.0,nan,nan
Uformer-lite (L1),BraTS2021_00112,32.798206,0.9915663003921509,0.05714438,0.22269807280513917,nan,nan
Uformer-lite (L1),BraTS2021_00112,32.926273,0.9924668073654175,0.056906313,0.0,nan,nan
Uformer-lite (L1),BraTS2021_00112,33.082954,0.9927293658256531,0.05512664,0.0,nan,nan
Uformer-lite (L1),BraTS2021_00112,33.046436,0.9922135472297668,0.055266798,0.0,nan,nan
Uformer-lite (L1),BraTS2021_00112,32.74315,0.9921582937240601,0.057342958,0.0,nan,nan
Uformer-lite (L1),BraTS2021_00112,33.068157,0.9929826855659485,0.05563232,0.0,nan,nan
Uformer-lite (L1),BraTS2021_00112,33.16792,0.9932302236557007,0.05511376,0.0,nan,nan
Uformer-lite (L1),BraTS2021_00112,33.10642,0.9938833117485046,0.05361191,0.0,nan,nan
Uformer-lite (L1),BraTS2021_00112,32.992428,0.9933310747146606,0.05467575,0.0,nan,nan
Uformer-lite (L1),BraTS2021_00112,33.25842,0.9936950206756592,0.05316357,0.0,nan,nan
Uformer-lite (L1),BraTS2021_00112,33.64159,0.9935200214385986,0.05256477,0.0,nan,nan
Uformer-lite (L1),BraTS2021_00112,33.532593,0.9928210377693176,0.053748254,0.0,nan,nan
Uformer-lite (L1),BraTS2021_00112,33.347782,0.9939057230949402,0.052582115,0.0,nan,nan
Uformer-lite (L1),BraTS2021_00112,33.70792,0.9935783743858337,0.05251199,0.0,nan,nan
Uformer-lite (L1),BraTS2021_00112,33.870045,0.9931461215019226,0.051617056,0.0,nan,nan
Uformer-lite (L1),BraTS2021_00112,34.00098,0.9934502243995667,0.05106728,0.0,nan,nan
Uformer-lite (L1),BraTS2021_00112,33.820454,0.9933759570121765,0.051677015,0.0,nan,nan
Uformer-lite (L1),BraTS2021_00112,33.833443,0.9932082891464233,0.05192404,0.0,nan,nan
Uformer-lite (L1),BraTS2021_00116,31.059256,0.9869439601898193,0.10577509,0.0,0.0,0.0
Uformer-lite (L1),BraTS2021_00116,30.46974,0.9847199320793152,0.11184912,0.0,0.0,0.0
Uformer-lite (L1),BraTS2021_00116,30.572048,0.9860823750495911,0.10130247,0.0,0.0,0.0
Uformer-lite (L1),BraTS2021_00116,31.180565,0.9865590333938599,0.09727255,0.0,0.0,0.0
Uformer-lite (L1),BraTS2021_00116,31.796648,0.987930417060852,0.09053696,0.0,0.0,0.0
Uformer-lite (L1),BraTS2021_00116,31.903467,0.9890289306640625,0.08570201,0.0,0.0,0.0
Uformer-lite (L1),BraTS2021_00116,32.036583,0.988332986831665,0.08573874,0.0,0.0,0.0
Uformer-lite (L1),BraTS2021_00116,31.642248,0.9884287714958191,0.086107515,0.0,0.0,0.0
Uformer-lite (L1),BraTS2021_00116,31.719988,0.9890061616897583,0.0842669,0.0,0.0,0.0
Uformer-lite (L1),BraTS2021_00116,31.578457,0.9880620241165161,0.086397275,0.0,0.0,0.0
Uformer-lite (L1),BraTS2021_00116,31.674414,0.9881687164306641,0.08658993,0.0,0.0,0.0
Uformer-lite (L1),BraTS2021_00116,31.601534,0.9893798828125,0.08358539,0.14831460674157304,0.0,0.0
Uformer-lite (L1),BraTS2021_00116,31.943192,0.9899058938026428,0.08092633,0.0935672514619883,0.0,0.0
Uformer-lite (L1),BraTS2021_00116,31.677654,0.9887687563896179,0.08435372,0.17252931323283083,0.0,0.0
Uformer-lite (L1),BraTS2021_00116,31.586632,0.9887367486953735,0.0849335,0.10722610722610723,0.0,0.0
Uformer-lite (L1),BraTS2021_00116,31.235317,0.9890698194503784,0.084814765,0.48711716091395235,0.0,0.0
Uformer-lite (L1),BraTS2021_00116,31.307793,0.9893661737442017,0.08423552,0.5111821086261981,0.0,0.0
Uformer-lite (L1),BraTS2021_00116,31.187246,0.9883036017417908,0.08633973,0.5639709028669234,0.0,0.0
Uformer-lite (L1),BraTS2021_00116,30.662146,0.9861982464790344,0.09090971,0.5456379223398891,0.0,0.0
Uformer-lite (L1),BraTS2021_00116,29.877441,0.983928918838501,0.09486394,0.574468085106383,0.0,0.0
Uformer-lite (L1),BraTS2021_00116,30.215637,0.9830599427223206,0.090389326,0.5886287625418061,0.0,0.0
Uformer-lite (L1),BraTS2021_00116,30.19058,0.9798610806465149,0.09313614,0.4764044943820225,0.0,0.0
Uformer-lite (L1),BraTS2021_00116,30.201061,0.9822513461112976,0.08605455,0.5245901639344263,0.0,0.0
Uformer-lite (L1),BraTS2021_00116,30.488016,0.979236364364624,0.08632358,0.5986394557823129,0.0,0.0
Uformer-lite (L1),BraTS2021_00116,30.605541,0.982117772102356,0.080624394,0.66723044397463,0.0,0.0
Uformer-lite (L1),BraTS2021_00116,30.57977,0.9826295375823975,0.08073494,0.6455584872471416,0.0,0.0
Uformer-lite (L1),BraTS2021_00116,30.660639,0.9830666184425354,0.07742434,0.6731418918918919,0.0,0.0
Uformer-lite (L1),BraTS2021_00116,30.647331,0.9779290556907654,0.08133759,0.5758354755784062,0.0,0.0
Uformer-lite (L1),BraTS2021_00116,30.869684,0.9792783856391907,0.07678733,0.6557077625570776,0.0,0.0
Uformer-lite (L1),BraTS2021_00116,31.043852,0.9821840524673462,0.073192,0.7178757705073494,0.0,0.0
Uformer-lite (L1),BraTS2021_00116,31.422539,0.9800916910171509,0.071498126,0.714078374455733,0.0,0.0
Uformer-lite (L1),BraTS2021_00116,31.332836,0.9819680452346802,0.07238083,0.7437619961612284,0.0,0.0
Uformer-lite (L1),BraTS2021_00116,31.239124,0.9809911251068115,0.07300669,0.7391498881431767,0.0,0.0
Uformer-lite (L1),BraTS2021_00116,31.227057,0.9826968908309937,0.06972489,0.7698907956318253,0.20074349442379183,0.13852813852813853
Uformer-lite (L1),BraTS2021_00116,31.419773,0.9835233092308044,0.06851611,0.7026423520655005,0.0,0.0
Uformer-lite (L1),BraTS2021_00116,31.866173,0.9827472567558289,0.0677323,0.7231352718078382,0.0,0.0
Uformer-lite (L1),BraTS2021_00116,31.64219,0.9847946166992188,0.06613204,0.6859872611464968,0.051181102362204724,0.0049504950495049506
Uformer-lite (L1),BraTS2021_00116,31.582882,0.9847432971000671,0.06736541,0.5870797128825085,0.0,0.0
Uformer-lite (L1),BraTS2021_00116,31.627583,0.9819204211235046,0.069512695,0.6237915090374107,0.0,0.0
Uformer-lite (L1),BraTS2021_00116,31.364922,0.9848121404647827,0.068644114,0.6457142857142857,0.03139717425431711,0.014423076923076924
Uformer-lite (L1),BraTS2021_00116,31.632607,0.9850309491157532,0.06837905,0.6980968858131488,0.029850746268656716,0.0
Uformer-lite (L1),BraTS2021_00116,31.589058,0.986792802810669,0.06615112,0.6772606886114264,0.024844720496894408,0.009501187648456057
Uformer-lite (L1),BraTS2021_00116,31.79877,0.9881298542022705,0.06440252,0.68301329394387,0.0642570281124498,0.07126948775055679
Uformer-lite (L1),BraTS2021_00116,31.600258,0.987367570400238,0.06620405,0.8049185776005318,0.2866043613707165,0.2924901185770751
Uformer-lite (L1),BraTS2021_00116,31.560667,0.9866957068443298,0.06789583,0.7149449769258076,0.15126050420168066,0.16296296296296298
Uformer-lite (L1),BraTS2021_00116,31.628143,0.9874668717384338,0.06714124,0.6564273789649415,0.029411764705882353,0.034934497816593885
Uformer-lite (L1),BraTS2021_00116,31.47886,0.9889178276062012,0.06679284,0.6004922067268252,0.05087440381558029,0.0
Uformer-lite (L1),BraTS2021_00116,31.59667,0.9896117448806763,0.065275505,0.6052980132450331,0.03819444444444445,0.0
Uformer-lite (L1),BraTS2021_00116,31.525583,0.9895235896110535,0.065357134,0.6495901639344263,0.08266360505166476,0.1303370786516854
Uformer-lite (L1),BraTS2021_00116,31.419922,0.9896644353866577,0.066214405,0.7024077046548957,0.09057971014492754,0.06412825651302605
Uformer-lite (L1),BraTS2021_00116,31.505146,0.9893310070037842,0.06640451,0.605118237771299,0.03330068560235064,0.0
Uformer-lite (L1),BraTS2021_00116,31.573828,0.9898942112922668,0.065893486,0.5723749585955614,0.011811023622047244,0.010638297872340425
Uformer-lite (L1),BraTS2021_00116,31.832075,0.98923259973526,0.06551597,0.5407648977171657,0.0,0.0
Uformer-lite (L1),BraTS2021_00116,32.134438,0.9906017780303955,0.06263008,0.5694937117059014,0.0,0.0
Uformer-lite (L1),BraTS2021_00116,32.420734,0.9902085065841675,0.0622907,0.6989374262101535,0.0,0.0
Uformer-lite (L1),BraTS2021_00116,32.44603,0.9909971952438354,0.05999434,0.7207001522070016,0.0,0.0
Uformer-lite (L1),BraTS2021_00116,32.605537,0.9891746044158936,0.062058687,0.7333635129017655,0.0,0.0
Uformer-lite (L1),BraTS2021_00116,32.40121,0.9903262853622437,0.06053935,0.6084598698481561,0.0,0.0
Uformer-lite (L1),BraTS2021_00116,32.850834,0.9896011352539062,0.059887882,0.6897470039946738,0.0,0.0
Uformer-lite (L1),BraTS2021_00116,32.871777,0.9882662296295166,0.0605088,0.7899159663865546,0.0,0.0
Uformer-lite (L1),BraTS2021_00116,32.944515,0.9877168536186218,0.059327208,0.6595802671027527,0.0,0.0
Uformer-lite (L1),BraTS2021_00116,32.707466,0.9884053468704224,0.059566494,0.7281665702718334,0.0,0.0
Uformer-lite (L1),BraTS2021_00116,32.889305,0.9871423840522766,0.059442237,0.8274074074074074,0.0,0.0
Uformer-lite (L1),BraTS2021_00116,32.849876,0.9843129515647888,0.060484763,0.8465443186255369,0.0,0.0
Uformer-lite (L1),BraTS2021_00116,33.15165,0.9845064282417297,0.059135955,0.6668496158068057,0.0,0.0
Uformer-lite (L1),BraTS2021_00116,32.894707,0.9853549003601074,0.05865657,0.833998403830806,0.0,0.0
Uformer-lite (L1),BraTS2021_00116,33.27511,0.9838586449623108,0.056682788,0.6681870011402509,0.0,0.0
Uformer-lite (L1),BraTS2021_00116,32.95052,0.9838841557502747,0.059300873,0.6074234624762936,0.0,0.0
Uformer-lite (L1),BraTS2021_00116,32.650734,0.9835832715034485,0.0610199,0.5428854734754586,0.0,0.0
Uformer-lite (L1),BraTS2021_00116,32.67882,0.9841906428337097,0.06054535,0.4354317998385795,0.0,0.0
Uformer-lite (L1),BraTS2021_00116,32.76105,0.983146607875824,0.05988752,0.5476320087098531,0.0,nan
Uformer-lite (L1),BraTS2021_00116,33.143078,0.9820770025253296,0.058687426,0.5424528301886793,0.0,nan
Uformer-lite (L1),BraTS2021_00116,33.07562,0.983269214630127,0.05958043,0.4069820854386771,nan,nan
Uformer-lite (L1),BraTS2021_00116,32.799942,0.9825057983398438,0.060626965,0.7245857590685177,nan,nan
Uformer-lite (L1),BraTS2021_00116,32.796738,0.9819564819335938,0.062496245,0.5962205939066718,nan,nan
Uformer-lite (L1),BraTS2021_00116,32.463272,0.9828279614448547,0.06271036,0.4523308270676692,0.0,nan
Uformer-lite (L1),BraTS2021_00116,32.184,0.9825162887573242,0.0645257,0.4611130314552368,0.0,nan
Uformer-lite (L1),BraTS2021_00116,32.157608,0.9826982617378235,0.06601995,0.5388127853881278,0.0,nan
Uformer-lite (L1),BraTS2021_00116,32.104313,0.9831377267837524,0.06600613,0.44358974358974357,0.0,nan
Uformer-lite (L1),BraTS2021_00116,32.04366,0.9823361039161682,0.068190694,0.24087591240875914,nan,nan
Uformer-lite (L1),BraTS2021_00116,31.953733,0.9818795919418335,0.06996659,0.3708086785009862,nan,nan
Uformer-lite (L1),BraTS2021_00116,31.51913,0.9852709770202637,0.07204206,0.15659254619480112,0.0,nan
Uformer-lite (L1),BraTS2021_00116,31.4449,0.9836168885231018,0.07447048,0.0,nan,nan
Uformer-lite (L1),BraTS2021_00116,31.231327,0.9826627969741821,0.07735748,0.0,nan,nan
Uformer-lite (L1),BraTS2021_00116,31.549376,0.9838995337486267,0.077913105,0.0,nan,nan
Uformer-lite (L1),BraTS2021_00116,31.063902,0.9859422445297241,0.08025188,0.0,nan,nan
Uformer-lite (L1),BraTS2021_00116,31.356085,0.9855990409851074,0.08097431,0.0,nan,nan
Uformer-lite (L1),BraTS2021_00116,31.484053,0.9873505234718323,0.080998845,0.0,nan,nan
Uformer-lite (L1),BraTS2021_00116,31.517517,0.9885463714599609,0.0816949,0.0,nan,nan
