method,subject,psnr,ssim,nrmse,dice_wt,dice_tc,dice_et
Uformer-lite (L1),BraTS2021_00006,30.737652,0.976595938205719,0.10298038,0.8323699421965318,nan,nan
Uformer-lite (L1),BraTS2021_00006,30.838358,0.9796361327171326,0.09662459,0.7923930269413629,nan,nan
Uformer-lite (L1),BraTS2021_00006,31.010445,0.9795493483543396,0.09589481,0.8803329864724245,nan,nan
Uformer-lite (L1),BraTS2021_00006,31.349442,0.9826779365539551,0.090325154,0.8802973977695168,nan,nan
Uformer-lite (L1),BraTS2021_00006,31.536995,0.9856295585632324,0.08380592,0.934984520123839,0.0,0.0
Uformer-lite (L1),BraTS2021_00006,31.942596,0.9850867986679077,0.08256638,0.9236363636363636,0.7380952380952381,0.7432950191570882
Uformer-lite (L1),BraTS2021_00006,31.961897,0.9864473342895508,0.08055706,0.9553831231813773,0.8961038961038961,0.8857808857808858
Uformer-lite (L1),BraTS2021_00006,31.808718,0.9877020120620728,0.07859134,0.932937181663837,0.907563025210084,0.8631578947368421
Uformer-lite (L1),BraTS2021_00006,31.752357,0.9866324067115784,0.07995306,0.9330783938814532,0.9583892617449664,0.9090909090909091
Uformer-lite (L1),BraTS2021_00006,31.887522,0.9862604141235352,0.08043315,0.9685124864277959,0.9361207897793263,0.8659420289855072
Uformer-lite (L1),BraTS2021_00006,31.80252,0.9867003560066223,0.07941673,0.9573901464713716,0.950852557673019,0.8892508143322475
Uformer-lite (L1),BraTS2021_00006,31.944963,0.9876962304115295,0.07733649,0.9701879455605963,0.9657089898053753,0.8888888888888888
Uformer-lite (L1),BraTS2021_00006,32.014767,0.9885321259498596,0.074627645,0.945619335347432,0.9770212765957447,0.928082191780822
Uformer-lite (L1),BraTS2021_00006,32.01876,0.9897019863128662,0.07257747,0.9466863033873343,0.9805510534846029,0.9186440677966101
Uformer-lite (L1),BraTS2021_00006,32.00685,0.9874925017356873,0.0763778,0.9529343404997095,0.9664634146341463,0.8775834658187599
Uformer-lite (L1),BraTS2021_00006,31.913397,0.9893921613693237,0.073144235,0.953514739229025,0.9610580455547392,0.8733766233766234
Uformer-lite (L1),BraTS2021_00006,31.966671,0.9885351657867432,0.074499756,0.966824644549763,0.9784172661870504,0.9111842105263158
Uformer-lite (L1),BraTS2021_00006,32.11615,0.9899651408195496,0.07033481,0.9465128474043,0.9846796657381616,0.9391575663026521
Uformer-lite (L1),BraTS2021_00006,32.189503,0.989884614944458,0.07064086,0.9639054790963386,0.9820689655172414,0.9230769230769231
Uformer-lite (L1),BraTS2021_00006,32.020058,0.9896867871284485,0.071195796,0.9525936957061305,0.9689358889623265,0.9029411764705882
Uformer-lite (L1),BraTS2021_00006,31.884138,0.9898689389228821,0.071244545,0.983358547655068,0.974155069582505,0.8974739970282318
Uformer-lite (L1),BraTS2021_00006,32.105385,0.9894473552703857,0.071485355,0.9777997039960533,0.980983606557377,0.8940493468795355
Uformer-lite (L1),BraTS2021_00006,32.095844,0.9910064935684204,0.067426175,0.9746265117382025,0.9756418696510862,0.8604651162790697
Uformer-lite (L1),BraTS2021_00006,31.966583,0.9903311729431152,0.068885885,0.9811941701927598,0.9698162729658792,0.8665749656121046
Uformer-lite (L1),BraTS2021_00006,32.20596,0.9909517765045166,0.06816672,0.9732670925005914,0.9835850295469468,0.9118046132971506
Uformer-lite (L1),BraTS2021_00006,32.129818,0.9903096556663513,0.069364116,0.9665667512105142,0.9725016767270288,0.8994252873563219
Uformer-lite (L1),BraTS2021_00006,32.571033,0.9911087155342102,0.066744834,0.9730994152046784,0.9667128987517337,0.8830409356725146
Uformer-lite (L1),BraTS2021_00006,32.416744,0.9915028214454651,0.065660916,0.9820475497331392,0.9762611275964391,0.8775834658187599
Uformer-lite (L1),BraTS2021_00006,32.488857,0.9917683005332947,0.06605236,0.9817117776152158,0.9655700076511095,0.8998302207130731
Uformer-lite (L1),BraTS2021_00006,32.55835,0.9920707941055298,0.06514731,0.9670822942643391,0.9808917197452229,0.9264214046822743
Uformer-lite (L1),BraTS2021_00006,33.102592,0.992668092250824,0.061935693,0.9586990191017036,0.9723661485319517,0.9182608695652174
Uformer-lite (L1),BraTS2021_00006,33.018356,0.9930061101913452,0.062012378,0.9689572830989652,0.9480401093892434,0.8677248677248677
Uformer-lite (L1),BraTS2021_00006,33.116405,0.9925506711006165,0.063403495,0.9690376569037656,0.9641125121241513,0.8975265017667845
Uformer-lite (L1),BraTS2021_00006,33.513416,0.9930616021156311,0.061406646,0.973661852166525,0.9527896995708155,0.8841698841698842
Uformer-lite (L1),BraTS2021_00006,33.69657,0.9934711456298828,0.05938787,0.9633689068358812,0.9477351916376306,0.87279843444227
Uformer-lite (L1),BraTS2021_00006,33.880363,0.9937810897827148,0.057774134,0.965836711059641,0.9384010484927916,0.8615384615384616
Uformer-lite (L1),BraTS2021_00006,34.010937,0.9940451383590698,0.057139993,0.9544468546637744,0.9665211062590975,0.926829268292683
Uformer-lite (L1),BraTS2021_00006,33.73392,0.9938259124755859,0.057709012,0.9359211337030191,0.9113924050632911,0.8697674418604651
Uformer-lite (L1),BraTS2021_00006,34.283936,0.9935838580131531,0.05742781,0.9789259007477906,0.8907216494845361,0.8306878306878307
Uformer-lite (L1),BraTS2021_00006,34.18508,0.9930971264839172,0.05761981,0.9736934408979305,0.8985507246376812,0.8502994011976048
Uformer-lite (L1),BraTS2021_00006,34.20364,0.9933971166610718,0.057257403,0.9739389426656738,0.84593837535014,0.852112676056338
Uformer-lite (L1),BraTS2021_00006,34.32935,0.9927449822425842,0.058861326,0.9806607574536664,0.84,0.7906976744186046
Uformer-lite (L1),BraTS2021_00006,34.444126,0.9934508204460144,0.056778572,0.9725321888412017,0.8613861386138614,0.7764705882352941
Uformer-lite (L1),BraTS2021_00006,34.315598,0.9937319755554199,0.057069942,0.9598893499308437,0.5263157894736842,0.631578947368421
Uformer-lite (L1),BraTS2021_00006,34.140007,0.9921537041664124,0.06175304,0.9746898263027295,0.425531914893617,0.0
Uformer-lite (L1),BraTS2021_00006,34.051437,0.9925503134727478,0.060563695,0.9502982107355865,0.19298245614035087,0.0
Uformer-lite (L1),BraTS2021_00006,34.308,0.992518424987793,0.059517834,0.8540180694246314,0.0,nan
Uformer-lite (L1),BraTS2021_00006,34.155,0.9919775724411011,0.06149026,0.96035734226689,0.0,nan
Uformer-lite (L1),BraTS2021_00006,34.10943,0.9929944276809692,0.059337255,0.8614741244119185,0.0,nan
Uformer-lite (L1),BraTS2021_00006,33.950493,0.991659939289093,0.063919,0.9792843691148776,0.0,nan
Uformer-lite (L1),BraTS2021_00006,33.730312,0.9907931685447693,0.067016326,0.9174757281553398,0.0,nan
Uformer-lite (L1),BraTS2021_00006,33.321754,0.9913448691368103,0.06681381,0.9649595687331537,nan,nan
Uformer-lite (L1),BraTS2021_00006,33.22007,0.9898744225502014,0.07095352,0.8851499634235552,0.0,nan
Uformer-lite (L1),BraTS2021_00006,33.06272,0.9902892112731934,0.07186461,0.9454545454545454,0.0,nan
Uformer-lite (L1),BraTS2021_00006,33.021324,0.9903423190116882,0.07171594,0.8909657320872274,nan,nan
Uformer-lite (L1),BraTS2021_00006,32.675304,0.9897015690803528,0.074421704,0.9443786982248521,nan,nan
Uformer-lite (L1),BraTS2021_00006,32.566216,0.9877381324768066,0.079567604,0.97054698457223,nan,nan
Uformer-lite (L1),BraTS2021_00006,32.26884,0.9880029559135437,0.0808994,0.9799072642967542,nan,nan
Uformer-lite (L1),BraTS2021_00006,32.03447,0.986312210559845,0.0864074,0.9726027397260274,nan,nan
Uformer-lite (L1),BraTS2021_00006,32.270172,0.9871839284896851,0.08558414,0.8203497615262321,nan,nan
Uformer-lite (L1),BraTS2021_00006,31.954033,0.9867141246795654,0.08900102,0.9471264367816092,nan,nan
Uformer-lite (L1),BraTS2021_00006,32.053947,0.9865604639053345,0.08918126,0.7328918322295805,nan,nan
Uformer-lite (L1),BraTS2021_00006,31.83429,0.9854906797409058,0.094815314,0.0,nan,nan
Uformer-lite (L1),BraTS2021_00014,30.754824,0.9796892404556274,0.16774747,0.024096385542168676,nan,nan
Uformer-lite (L1),BraTS2021_00014,30.394419,0.9797325730323792,0.16384313,0.10232558139534884,nan,nan
Uformer-lite (L1),BraTS2021_00014,30.379452,0.979356586933136,0.1629421,0.0,nan,nan
Uformer-lite (L1),BraTS2021_00014,30.595882,0.980899453163147,0.15441835,0.0,nan,nan
Uformer-lite (L1),BraTS2021_00014,30.342949,0.9821782112121582,0.14749514,0.0,nan,nan
Uformer-lite (L1),BraTS2021_00014,30.428667,0.9825835824012756,0.1442328,0.0,nan,nan
Uformer-lite (L1),BraTS2021_00014,30.355284,0.9824202656745911,0.14396396,0.3020257826887661,nan,nan
Uformer-lite (L1),BraTS2021_00014,30.102612,0.9809880256652832,0.14727202,0.0,nan,nan
Uformer-lite (L1),BraTS2021_00014,30.222864,0.9821673631668091,0.1416274,0.6404624277456648,0.0,0.0
Uformer-lite (L1),BraTS2021_00014,29.611872,0.9806435704231262,0.14522389,0.7101303911735206,0.48148148148148145,0.48148148148148145
Uformer-lite (L1),BraTS2021_00014,28.709057,0.9758328199386597,0.15792264,0.6959847036328872,0.0,0.0
Uformer-lite (L1),BraTS2021_00014,28.701538,0.9755609035491943,0.15364462,0.8255902513328256,0.0,0.0
Uformer-lite (L1),BraTS2021_00014,28.613874,0.9755423665046692,0.14738265,0.8936742934051144,0.0,0.0
Uformer-lite (L1),BraTS2021_00014,28.364319,0.9729251265525818,0.14682232,0.9039952295766249,0.6206896551724138,0.6206896551724138
Uformer-lite (L1),BraTS2021_00014,28.381872,0.9722514748573303,0.1422534,0.8764519535374868,0.0,0.0
Uformer-lite (L1),BraTS2021_00014,28.328428,0.9717164039611816,0.13735989,0.8771248178727538,0.0,0.0
Uformer-lite (L1),BraTS2021_00014,28.23208,0.9722110629081726,0.13159446,0.9087523277467412,0.23225806451612904,0.23225806451612904
Uformer-lite (L1),BraTS2021_00014,28.446627,0.9699757099151611,0.12675291,0.8894373149062191,0.41702127659574467,0.41702127659574467
Uformer-lite (L1),BraTS2021_00014,28.566763,0.9705123901367188,0.123503976,0.9179580674567,0.6824925816023739,0.6824925816023739
Uformer-lite (L1),BraTS2021_00014,28.764551,0.9694936871528625,0.11901376,0.9118181818181819,0.826530612244898,0.826530612244898
Uformer-lite (L1),BraTS2021_00014,28.605814,0.9706699252128601,0.118292786,0.9352941176470588,0.54421768707483,0.5392491467576792
Uformer-lite (L1),BraTS2021_00014,28.760536,0.9670937061309814,0.118661866,0.9346567411083541,0.4426877470355731,0.4365079365079365
Uformer-lite (L1),BraTS2021_00014,28.683186,0.968696117401123,0.11411612,0.9156918112141993,0.6591760299625468,0.6591760299625468
Uformer-lite (L1),BraTS2021_00014,28.862904,0.9700290560722351,0.1084431,0.9122269068608663,0.5409836065573771,0.5409836065573771
Uformer-lite (L1),BraTS2021_00014,29.239397,0.967876136302948,0.10799023,0.8057683641279856,0.5688888888888889,0.5688888888888889
Uformer-lite (L1),BraTS2021_00014,29.107811,0.9672411680221558,0.10572697,0.8406809253601047,0.7394957983193278,0.7394957983193278
Uformer-lite (L1),BraTS2021_00014,29.342897,0.9689834117889404,0.10255853,0.888981288981289,0.8110236220472441,0.8110236220472441
Uformer-lite (L1),BraTS2021_00014,29.497139,0.9694355726242065,0.10266484,0.879317697228145,0.7403846153846154,0.7403846153846154
Uformer-lite (L1),BraTS2021_00014,29.621902,0.9684179425239563,0.10131317,0.6652998462327012,0.0,0.0
Uformer-lite (L1),BraTS2021_00014,29.477127,0.9708336591720581,0.099326625,0.8020027309968139,0.3609022556390977,0.3609022556390977
Uformer-lite (L1),BraTS2021_00014,29.4868,0.9713823795318604,0.09973555,0.8772367873491469,0.6473429951690821,0.6736842105263158
Uformer-lite (L1),BraTS2021_00014,29.45562,0.9735178351402283,0.098889664,0.7992879394748553,0.0,0.0
Uformer-lite (L1),BraTS2021_00014,29.361303,0.9712159633636475,0.100492135,0.708909004287756,0.0,0.0
Uformer-lite (L1),BraTS2021_00014,29.727411,0.9746701717376709,0.09460701,0.7092682926829268,nan,nan
Uformer-lite (L1),BraTS2021_00014,29.52735,0.9714012742042542,0.100203685,0.8932633420822397,0.0,0.0
Uformer-lite (L1),BraTS2021_00014,29.451408,0.9753217697143555,0.09692591,0.8476953907815631,nan,nan
Uformer-lite (L1),BraTS2021_00014,29.515276,0.9720532298088074,0.09842545,0.8828828828828829,0.0,0.0
Uformer-lite (L1),BraTS2021_00014,29.779482,0.973961591720581,0.09639748,0.7529597474348856,nan,nan
Uformer-lite (L1),BraTS2021_00014,29.713057,0.976268470287323,0.09641657,0.8698060941828255,nan,nan
Uformer-lite (L1),BraTS2021_00014,29.833345,0.9770373702049255,0.0954268,0.8350877192982457,nan,nan
Uformer-lite (L1),BraTS2021_00014,30.05068,0.9781924486160278,0.09323405,0.20276497695852536,nan,nan
Uformer-lite (L1),BraTS2021_00014,30.186802,0.9777845740318298,0.0927123,0.4742857142857143,nan,nan
Uformer-lite (L1),BraTS2021_00014,30.099628,0.9799527525901794,0.09056202,0.0639269406392694,nan,nan
Uformer-lite (L1),BraTS2021_00016,29.558287,0.9840233325958252,0.107127465,0.0,nan,nan
Uformer-lite (L1),BraTS2021_00016,28.787958,0.9841855764389038,0.110114165,0.0,nan,nan
Uformer-lite (L1),BraTS2021_00016,28.357508,0.980025053024292,0.11803455,0.0,nan,nan
Uformer-lite (L1),BraTS2021_00016,28.51969,0.9801115989685059,0.113508254,0.0,nan,nan
Uformer-lite (L1),BraTS2021_00016,28.459026,0.9810003042221069,0.1104809,0.0,nan,nan
Uformer-lite (L1),BraTS2021_00016,28.576073,0.9800999164581299,0.110235795,0.0,nan,nan
Uformer-lite (L1),BraTS2021_00016,28.642391,0.9796783924102783,0.1074162,0.0,nan,nan
Uformer-lite (L1),BraTS2021_00016,28.533688,0.9797428250312805,0.10577261,0.0,nan,nan
Uformer-lite (L1),BraTS2021_00016,28.552841,0.9807934165000916,0.10405147,0.0,nan,nan
Uformer-lite (L1),BraTS2021_00016,28.694532,0.9818522334098816,0.09835588,0.48258706467661694,nan,nan
Uformer-lite (L1),BraTS2021_00016,29.338524,0.9828208684921265,0.09428575,0.0,nan,nan
Uformer-lite (L1),BraTS2021_00016,29.22287,0.9826013445854187,0.093481734,0.8032786885245902,nan,nan
Uformer-lite (L1),BraTS2021_00016,29.347065,0.9852786660194397,0.08944062,0.9219600725952813,0.0,0.0
Uformer-lite (L1),BraTS2021_00016,29.660599,0.9856722354888916,0.08782711,0.7659574468085106,0.0,0.0
Uformer-lite (L1),BraTS2021_00016,29.446756,0.985324501991272,0.08858343,0.8908941755537325,0.6323529411764706,0.6
Uformer-lite (L1),BraTS2021_00016,29.093822,0.9851264357566833,0.09078579,0.780295566502463,0.6836734693877551,0.627906976744186
Uformer-lite (L1),BraTS2021_00016,29.152405,0.9857670068740845,0.08776005,0.9162393162393162,0.7898550724637681,0.7381974248927039
Uformer-lite (L1),BraTS2021_00016,29.457634,0.9859225153923035,0.086583585,0.9074074074074074,0.41947565543071164,0.2903225806451613
Uformer-lite (L1),BraTS2021_00016,29.22205,0.9860820174217224,0.08652537,0.9231987331749802,0.8314087759815243,0.7686832740213523
Uformer-lite (L1),BraTS2021_00016,29.603062,0.9858269095420837,0.08447411,0.838126540673788,0.7427293064876958,0.5555555555555556
Uformer-lite (L1),BraTS2021_00016,29.081392,0.9866011142730713,0.08493554,0.8249027237354085,0.9,0.7465753424657534
Uformer-lite (L1),BraTS2021_00016,29.444832,0.9865192770957947,0.08360571,0.8097165991902834,0.9506726457399103,0.8046647230320699
Uformer-lite (L1),BraTS2021_00016,29.542393,0.9866358637809753,0.08368452,0.8287560581583199,0.843558282208589,0.7142857142857143
Uformer-lite (L1),BraTS2021_00016,29.292519,0.98625648021698,0.08285941,0.928679817905918,0.9216216216216216,0.7235494880546075
Uformer-lite (L1),BraTS2021_00016,28.831135,0.9863162040710449,0.085393965,0.8876923076923077,0.9110225763612217,0.7964071856287425
Uformer-lite (L1),BraTS2021_00016,29.337847,0.985901951789856,0.08412871,0.9138305575669804,0.9481481481481482,0.7713498622589532
Uformer-lite (L1),BraTS2021_00016,29.401615,0.985851526260376,0.08399363,0.8723247232472324,0.9032258064516129,0.7679558011049724
Uformer-lite (L1),BraTS2021_00016,29.213524,0.9861964583396912,0.08401247,0.8950036205648081,0.8894409937888199,0.7582697201017812
Uformer-lite (L1),BraTS2021_00016,28.816225,0.9862194061279297,0.08572596,0.9355067328136074,0.9548088064889919,0.8426395939086294
Uformer-lite (L1),BraTS2021_00016,28.851196,0.9862846732139587,0.08559914,0.9226145755071374,0.9097472924187726,0.6819484240687679
Uformer-lite (L1),BraTS2021_00016,28.921745,0.9855200052261353,0.08611515,0.9118311981914092,0.9595505617977528,0.8232323232323232
Uformer-lite (L1),BraTS2021_00016,28.669394,0.9856283068656921,0.08622123,0.9243697478991597,0.9514348785871964,0.8133971291866029
Uformer-lite (L1),BraTS2021_00016,29.264467,0.9857262969017029,0.08438567,0.8987138263665595,0.9565217391304348,0.8238095238095238
Uformer-lite (L1),BraTS2021_00016,28.834436,0.986822247505188,0.084569834,0.873215785054576,0.9421686746987952,0.7905882352941176
Uformer-lite (L1),BraTS2021_00016,29.194841,0.9875231981277466,0.081501156,0.8946015424164524,0.9420654911838791,0.7877358490566038
Uformer-lite (L1),BraTS2021_00016,29.657833,0.9880614876747131,0.07973215,0.9146238377007607,0.9236739974126779,0.7909090909090909
Uformer-lite (L1),BraTS2021_00016,30.065216,0.9886384010314941,0.076870956,0.8654750705550329,0.9067055393586005,0.7906976744186046
Uformer-lite (L1),BraTS2021_00016,30.295261,0.9892622232437134,0.07511122,0.8970163618864293,0.9174603174603174,0.8416075650118203
Uformer-lite (L1),BraTS2021_00016,30.098475,0.9907457828521729,0.072579406,0.911219512195122,0.899641577060932,0.8029925187032418
Uformer-lite (L1),BraTS2021_00016,30.682926,0.9912582039833069,0.06908161,0.9577464788732394,0.9032258064516129,0.8355795148247979
Uformer-lite (L1),BraTS2021_00016,30.887161,0.9911656379699707,0.06984153,0.9010526315789473,0.7880434782608695,0.6782006920415224
Uformer-lite (L1),BraTS2021_00016,30.73088,0.9921159744262695,0.066597365,0.8464818763326226,0.5777777777777777,0.5544554455445545
Uformer-lite (L1),BraTS2021_00016,30.964424,0.9923357963562012,0.06607611,0.5375375375375375,0.44755244755244755,0.44755244755244755
Uformer-lite (L1),BraTS2021_00016,31.076021,0.9919950366020203,0.066541724,0.3823008849557522,0.0,0.0
Uformer-lite (L1),BraTS2021_00016,31.41546,0.9915953874588013,0.06685771,0.18442622950819673,0.0,0.0
Uformer-lite (L1),BraTS2021_00016,30.979155,0.9917595982551575,0.065750435,0.9309941520467836,nan,nan
Uformer-lite (L1),BraTS2021_00016,31.065372,0.9916860461235046,0.06639305,0.6733668341708543,nan,nan
Uformer-lite (L1),BraTS2021_00016,31.215237,0.9913843274116516,0.06653597,0.022535211267605635,nan,nan
Uformer-lite (L1),BraTS2021_00016,30.894855,0.9911564588546753,0.06766847,0.5485436893203883,nan,nan
Uformer-lite (L1),BraTS2021_00016,31.041386,0.9904681444168091,0.06860195,0.37722419928825623,nan,nan
Uformer-lite (L1),BraTS2021_00016,31.00682,0.9901391267776489,0.07113613,0.0,nan,nan
Uformer-lite (L1),BraTS2021_00016,30.404776,0.9884129762649536,0.07455359,0.0,nan,nan
Uformer-lite (L1),BraTS2021_00016,30.30165,0.987686038017273,0.077621914,0.0,nan,nan
Uformer-lite (L1),BraTS2021_00022,29.869425,0.9737393260002136,0.12392776,0.0,0.0,0.0
Uformer-lite (L1),BraTS2021_00022,29.39758,0.9716088175773621,0.12774992,0.0,0.0,0.0
Uformer-lite (L1),BraTS2021_00022,28.49025,0.9595295786857605,0.14340465,0.0,0.0,0.0
Uformer-lite (L1),BraTS2021_00022,28.113781,0.9514845013618469,0.14620964,0.0,0.0,0.0
Uformer-lite (L1),BraTS2021_00022,28.618492,0.9530026316642761,0.13544552,0.1569767441860465,0.0,0.0
Uformer-lite (L1),BraTS2021_00022,28.786037,0.952420711517334,0.13092119,0.3682983682983683,0.0,0.0
Uformer-lite (L1),BraTS2021_00022,29.202991,0.9535577297210693,0.12416793,0.8275862068965517,0.7054409005628518,0.6971428571428572
Uformer-lite (L1),BraTS2021_00022,29.461014,0.9546080231666565,0.1230719,0.27017543859649124,0.0,0.0
Uformer-lite (L1),BraTS2021_00022,29.285383,0.9573380351066589,0.12032129,0.6899879372738239,0.29515418502202645,0.34183673469387754
Uformer-lite (L1),BraTS2021_00022,29.691782,0.9594303965568542,0.11453398,0.7859181731684111,0.7373380447585395,0.625
Uformer-lite (L1),BraTS2021_00022,29.600628,0.9603170156478882,0.11350679,0.8131868131868132,0.7954779033915724,0.6479750778816199
Uformer-lite (L1),BraTS2021_00022,29.997688,0.9598773121833801,0.11106088,0.8455008488964346,0.8411712511091393,0.7218453188602443
Uformer-lite (L1),BraTS2021_00022,30.13419,0.9623332023620605,0.10891584,0.8624420401854714,0.8698517298187809,0.7629139072847683
Uformer-lite (L1),BraTS2021_00022,30.437717,0.9644845724105835,0.1056872,0.8644793152639088,0.8676923076923077,0.7317708333333334
Uformer-lite (L1),BraTS2021_00022,30.13221,0.9655676484107971,0.10318567,0.8565400843881856,0.8647450110864745,0.7073791348600509
Uformer-lite (L1),BraTS2021_00022,30.311174,0.9659892916679382,0.102953166,0.8930817610062893,0.8729427254772877,0.7461706783369803
Uformer-lite (L1),BraTS2021_00022,30.362007,0.9647102355957031,0.10379092,0.9006060606060606,0.8380327868852459,0.7360350492880613
Uformer-lite (L1),BraTS2021_00022,30.046562,0.9662595391273499,0.101585865,0.9218662169758292,0.8939759036144578,0.8273809523809523
Uformer-lite (L1),BraTS2021_00022,30.011723,0.9626586437225342,0.10461433,0.8978675645342312,0.8350833848054354,0.7842323651452282
Uformer-lite (L1),BraTS2021_00022,29.978138,0.964709460735321,0.1023179,0.9044914816726898,0.9117021276595745,0.7896150402864817
Uformer-lite (L1),BraTS2021_00022,30.00806,0.9657101035118103,0.10230236,0.8770864946889226,0.8548300053966541,0.7509363295880149
Uformer-lite (L1),BraTS2021_00022,29.8587,0.9668545722961426,0.10214202,0.8822103732428502,0.873598369011213,0.7388888888888889
Uformer-lite (L1),BraTS2021_00022,29.954884,0.9663178324699402,0.10209784,0.8818011257035647,0.8877057115198451,0.7584973166368515
Uformer-lite (L1),BraTS2021_00022,30.016405,0.9687349200248718,0.09867095,0.9084412684234033,0.9220956719817768,0.8192567567567568
Uformer-lite (L1),BraTS2021_00022,29.95822,0.970432460308075,0.096739896,0.9330508474576271,0.9385813148788927,0.8288726682887266
Uformer-lite (L1),BraTS2021_00022,30.061665,0.9711666703224182,0.09659806,0.9403046521202141,0.9416243654822335,0.8531353135313532
Uformer-lite (L1),BraTS2021_00022,30.205486,0.9727291464805603,0.09546026,0.9251644736842105,0.9042735042735043,0.8044406490179334
Uformer-lite (L1),BraTS2021_00022,30.335842,0.9715878367424011,0.0965502,0.9196963643627647,0.8868243243243243,0.7825342465753424
Uformer-lite (L1),BraTS2021_00022,30.478106,0.9744828939437866,0.09020791,0.9477584290477955,0.9619771863117871,0.8775654635527247
Uformer-lite (L1),BraTS2021_00022,30.51894,0.9756631255149841,0.08909962,0.9777777777777777,0.9779065555957986,0.9095709570957096
Uformer-lite (L1),BraTS2021_00022,30.69752,0.9780568480491638,0.087446295,0.9370872436565867,0.8790007806401249,0.7793493635077794
Uformer-lite (L1),BraTS2021_00022,30.798569,0.9797109365463257,0.08457009,0.9436762225969646,0.8376470588235294,0.7620941020543406
Uformer-lite (L1),BraTS2021_00022,31.187607,0.9804973602294922,0.082986236,0.9808115759672853,0.954177897574124,0.8913738019169329
Uformer-lite (L1),BraTS2021_00022,31.058422,0.980619490146637,0.08253967,0.9745183343691733,0.9540078843626807,0.8814085965820818
Uformer-lite (L1),BraTS2021_00022,31.308138,0.9804603457450867,0.08301436,0.9782284521324187,0.9605553802461344,0.8940269749518305
Uformer-lite (L1),BraTS2021_00022,31.183937,0.9818838834762573,0.07999734,0.966131907308378,0.9528630180322682,0.8863743517208864
Uformer-lite (L1),BraTS2021_00022,31.1952,0.9812085032463074,0.08027901,0.9703703703703703,0.9638480392156863,0.8328716528162512
Uformer-lite (L1),BraTS2021_00022,31.469852,0.9805111289024353,0.0802661,0.9811218985976268,0.9467384799521245,0.8204488778054863
Uformer-lite (L1),BraTS2021_00022,31.198376,0.976141095161438,0.083017915,0.984599044078598,0.957619477006312,0.8883116883116883
Uformer-lite (L1),BraTS2021_00022,31.436077,0.9768853783607483,0.08062123,0.9608482871125612,0.8814363143631436,0.8179650238473768
Uformer-lite (L1),BraTS2021_00022,31.28202,0.9738649725914001,0.0816327,0.9655172413793104,0.9417753738466433,0.864677307425399
Uformer-lite (L1),BraTS2021_00022,31.446629,0.9716712236404419,0.0813391,0.9694369973190349,0.8819241982507289,0.8155038759689922
Uformer-lite (L1),BraTS2021_00022,31.417488,0.9677103161811829,0.083340384,0.9653259361997226,0.9270290394638868,0.9228418640183346
Uformer-lite (L1),BraTS2021_00022,31.566566,0.9668525457382202,0.08361738,0.9484419263456091,0.8504424778761062,0.8623188405797102
Uformer-lite (L1),BraTS2021_00022,31.147362,0.9652180075645447,0.08687046,0.9570889117748026,0.8824615384615384,0.8762376237623762
Uformer-lite (L1),BraTS2021_00022,30.944212,0.969192624092102,0.087569885,0.9290540540540541,0.9062901155327343,0.9251968503937008
Uformer-lite (L1),BraTS2021_00022,30.677969,0.9655553102493286,0.090866216,0.9372262773722628,0.9340329835082459,0.9316303531179564
Uformer-lite (L1),BraTS2021_00022,30.753153,0.9638665318489075,0.092208505,0.8931698774080561,0.9145038167938931,0.9120122417750574
Uformer-lite (L1),BraTS2021_00022,30.380894,0.965518593788147,0.09335165,0.9027297193387159,0.917319408181027,0.917319408181027
Uformer-lite (L1),BraTS2021_00022,30.277822,0.9646356105804443,0.09520582,0.9135254988913526,0.9376744186046512,0.9376744186046512
Uformer-lite (L1),BraTS2021_00022,30.308956,0.9637849926948547,0.09571328,0.9237891737891738,0.9319470699432892,0.9295238095238095
Uformer-lite (L1),BraTS2021_00022,30.302807,0.9675467610359192,0.095979005,0.9410949410949411,0.9055793991416309,0.8754134509371555
Uformer-lite (L1),BraTS2021_00022,30.14783,0.9643825888633728,0.09765927,0.9390602055800293,0.926984126984127,0.9229098805646037
Uformer-lite (L1),BraTS2021_00022,29.737719,0.9667285084724426,0.09979822,0.9512101421436804,0.8995327102803738,0.8793309438470729
Uformer-lite (L1),BraTS2021_00022,29.349186,0.9659616351127625,0.10351176,0.9406610911987257,0.8274111675126904,0.8487282463186078
Uformer-lite (L1),BraTS2021_00022,29.536077,0.9649065732955933,0.10507999,0.9601371624517788,0.9043760129659644,0.899505766062603
Uformer-lite (L1),BraTS2021_00022,29.246067,0.9636654257774353,0.10887102,0.9546882009869897,0.8835489833641405,0.8835489833641405
Uformer-lite (L1),BraTS2021_00022,28.992205,0.9624817371368408,0.1137031,0.917960088691796,0.8240963855421687,0.8402948402948403
Uformer-lite (L1),BraTS2021_00022,28.80888,0.9682375192642212,0.109773606,0.9365384615384615,0.8169934640522876,0.8169934640522876
Uformer-lite (L1),BraTS2021_00022,28.991472,0.9681960344314575,0.11457451,0.8956476140534871,0.6994535519125683,0.7150837988826816
Uformer-lite (L1),BraTS2021_00022,29.024025,0.9701852202415466,0.11385356,0.934040047114252,0.41379310344827586,0.41379310344827586
Uformer-lite (L1),BraTS2021_00022,28.706348,0.9694603085517883,0.119103156,0.9336734693877551,nan,nan
Uformer-lite (L1),BraTS2021_00022,28.025778,0.9674588441848755,0.12639059,0.9130982367758187,nan,nan
Uformer-lite (L1),BraTS2021_00022,27.911308,0.9679949879646301,0.12936193,0.912043301759134,nan,nan
Uformer-lite (L1),BraTS2021_00022,27.779148,0.9689995646476746,0.13300416,0.9117221418234442,0.0,0.0
Uformer-lite (L1),BraTS2021_00022,27.561357,0.9693635702133179,0.13733658,0.9196141479099679,nan,nan
Uformer-lite (L1),BraTS2021_00022,27.448576,0.9699265360832214,0.14100449,0.8955495004541326,nan,nan
Uformer-lite (L1),BraTS2021_00022,27.93913,0.9721046090126038,0.14117387,0.8336314847942755,nan,nan
Uformer-lite (L1),BraTS2021_00022,27.777458,0.9742684364318848,0.14161333,0.8378698224852071,nan,nan
Uformer-lite (L1),BraTS2021_00022,27.841852,0.9735198616981506,0.1488908,0.808199121522694,0.0,0.0
Uformer-lite (L1),BraTS2021_00022,27.667782,0.9737029075622559,0.15369257,0.9141630901287554,nan,nan
Uformer-lite (L1),BraTS2021_00022,27.705679,0.9748298525810242,0.15552235,0.8535031847133758,nan,nan
Uformer-lite (L1),BraTS2021_00022,28.153801,0.9773380756378174,0.15329945,0.8719512195121951,nan,nan
Uformer-lite (L1),BraTS2021_00022,27.894539,0.9769189357757568,0.1601255,0.8249027237354085,nan,nan
Uformer-lite (L1),BraTS2021_00028,29.364422,0.9683600664138794,0.15475807,0.0,0.0,0.0
Uformer-lite (L1),BraTS2021_00028,29.330492,0.9665883183479309,0.15510838,0.3305785123966942,0.04854368932038835,0.04854368932038835
Uformer-lite (L1),BraTS2021_00028,29.045986,0.9660196304321289,0.15245152,0.0,0.0,0.0
Uformer-lite (L1),BraTS2021_00028,29.457052,0.9675190448760986,0.14467913,0.5964912280701754,0.5524193548387096,0.5817409766454352
Uformer-lite (L1),BraTS2021_00028,29.511082,0.965451717376709,0.14355367,0.7335423197492164,0.5780141843971631,0.6174242424242424
Uformer-lite (L1),BraTS2021_00028,29.496344,0.9632676839828491,0.14291516,0.5797101449275363,0.4198019801980198,0.45689655172413796
Uformer-lite (L1),BraTS2021_00028,29.623785,0.9685912728309631,0.13248523,0.3250883392226148,0.0,0.0
Uformer-lite (L1),BraTS2021_00028,29.689665,0.9642010927200317,0.13550335,0.4850894632206759,0.046875,0.05217391304347826
Uformer-lite (L1),BraTS2021_00028,29.949814,0.9641209840774536,0.13000907,0.6035714285714285,0.12315270935960591,0.13020833333333334
Uformer-lite (L1),BraTS2021_00028,29.906075,0.9623056054115295,0.12799686,0.14657210401891252,0.0,0.0
Uformer-lite (L1),BraTS2021_00028,29.568195,0.9559506773948669,0.13274464,0.7526377491207503,0.5384615384615384,0.5384615384615384
Uformer-lite (L1),BraTS2021_00028,29.77591,0.9564610123634338,0.12960303,0.6330049261083743,0.3132530120481928,0.3132530120481928
Uformer-lite (L1),BraTS2021_00028,29.84927,0.9624215960502625,0.121601306,0.6836935166994106,0.0,0.0
Uformer-lite (L1),BraTS2021_00028,30.168015,0.963982343673706,0.11815945,0.0,0.0,0.0
Uformer-lite (L1),BraTS2021_00028,29.91641,0.9636948704719543,0.11659463,0.007434944237918215,0.0,0.0
Uformer-lite (L1),BraTS2021_00028,29.838009,0.9641128182411194,0.11645332,0.0,0.0,0.0
Uformer-lite (L1),BraTS2021_00028,30.269821,0.9665080308914185,0.11284834,0.0,0.0,0.0
Uformer-lite (L1),BraTS2021_00028,30.240204,0.9665082693099976,0.11295271,0.2154696132596685,0.0,0.0
Uformer-lite (L1),BraTS2021_00028,30.632792,0.9648745059967041,0.11237443,0.005263157894736842,0.0,0.0
Uformer-lite (L1),BraTS2021_00028,30.769497,0.9678205251693726,0.107183605,0.38870431893687707,nan,nan
Uformer-lite (L1),BraTS2021_00028,31.028479,0.9721019864082336,0.101381235,0.6171875,nan,nan
Uformer-lite (L1),BraTS2021_00028,30.90636,0.9717550873756409,0.10094008,0.7737556561085973,nan,nan
Uformer-lite (L1),BraTS2021_00028,30.81033,0.9718143939971924,0.102316424,0.823271130625686,nan,nan
Uformer-lite (L1),BraTS2021_00028,30.759491,0.9712566137313843,0.10490283,0.7279503105590062,0.0,0.0
Uformer-lite (L1),BraTS2021_00028,30.780077,0.9722927808761597,0.101908945,0.5625920471281296,0.0,0.0
Uformer-lite (L1),BraTS2021_00028,30.92136,0.9755397439002991,0.09892658,0.6430517711171662,0.0,0.0
Uformer-lite (L1),BraTS2021_00028,30.981335,0.9744201898574829,0.09975926,0.7408536585365854,0.0,0.0
Uformer-lite (L1),BraTS2021_00028,31.047665,0.9735550880432129,0.09949866,0.6583463338533542,0.0,0.0
Uformer-lite (L1),BraTS2021_00028,31.098902,0.9733763337135315,0.0986582,0.8451688009313155,0.0,0.0
Uformer-lite (L1),BraTS2021_00028,31.18596,0.9729344844818115,0.098979875,0.8826291079812206,0.042735042735042736,0.042735042735042736
Uformer-lite (L1),BraTS2021_00028,31.125278,0.9757127165794373,0.09585425,0.8675577156743621,0.0,0.0
Uformer-lite (L1),BraTS2021_00028,31.252262,0.973652184009552,0.09732993,0.8526187576126675,0.0,0.0
Uformer-lite (L1),BraTS2021_00028,31.212473,0.9739789962768555,0.096513234,0.7417218543046358,0.0,0.0
Uformer-lite (L1),BraTS2021_00028,31.129333,0.9762922525405884,0.09584036,0.7945945945945946,0.0,0.0
Uformer-lite (L1),BraTS2021_00028,31.229603,0.9727647304534912,0.09829445,0.48375451263537905,0.0,0.0
Uformer-lite (L1),BraTS2021_00028,31.043978,0.9722188115119934,0.10026118,0.26229508196721313,0.0,0.0
Uformer-lite (L1),BraTS2021_00028,30.884346,0.975397527217865,0.09715102,0.5448275862068965,0.0,0.0
Uformer-lite (L1),BraTS2021_00028,31.046513,0.9732694625854492,0.09750972,0.8,0.0,0.0
Uformer-lite (L1),BraTS2021_00028,31.280375,0.9737763404846191,0.09704127,0.7970802919708029,0.0,0.0
Uformer-lite (L1),BraTS2021_00028,30.929707,0.9728513956069946,0.098054215,0.8384279475982532,0.0,0.0
Uformer-lite (L1),BraTS2021_00028,31.092337,0.9762621521949768,0.09385441,0.8620199146514936,0.0,0.0
Uformer-lite (L1),BraTS2021_00028,31.232254,0.977501392364502,0.09198917,0.8567375886524823,0.0,0.0
Uformer-lite (L1),BraTS2021_00028,31.50499,0.9791484475135803,0.09066484,0.6273830155979203,0.0,0.0
Uformer-lite (L1),BraTS2021_00028,31.883606,0.9817503094673157,0.08711887,0.44672131147540983,0.0,0.0
Uformer-lite (L1),BraTS2021_00028,32.105797,0.9816566109657288,0.08673779,0.5915492957746479,0.0,0.0
Uformer-lite (L1),BraTS2021_00028,32.180836,0.9809451103210449,0.08662451,0.6098081023454158,0.0,0.0
Uformer-lite (L1),BraTS2021_00028,32.284164,0.9833740592002869,0.0842682,0.47191011235955055,0.0,0.0
Uformer-lite (L1),BraTS2021_00028,31.857187,0.9800564646720886,0.08799086,0.49411764705882355,0.0,0.0
Uformer-lite (L1),BraTS2021_00028,32.35087,0.9822278022766113,0.082774244,0.0,0.0,0.0
Uformer-lite (L1),BraTS2021_00028,32.4098,0.9772463440895081,0.08879582,0.0,0.0,0.0
Uformer-lite (L1),BraTS2021_00051,31.795923,0.9882311224937439,0.09582725,0.8181818181818182,nan,nan
Uformer-lite (L1),BraTS2021_00051,31.837826,0.9873084425926208,0.09822677,0.8641304347826086,nan,nan
Uformer-lite (L1),BraTS2021_00051,31.496613,0.9874370694160461,0.09849014,0.7084870848708487,nan,nan
Uformer-lite (L1),BraTS2021_00051,31.248863,0.9871136546134949,0.09653349,0.8205128205128205,nan,nan
Uformer-lite (L1),BraTS2021_00051,30.403921,0.9832154512405396,0.10582569,0.5121359223300971,nan,nan
Uformer-lite (L1),BraTS2021_00051,30.443602,0.9815194606781006,0.10314965,0.6708074534161491,nan,nan
Uformer-lite (L1),BraTS2021_00051,30.877398,0.9825019836425781,0.09490531,0.7478632478632479,nan,nan
Uformer-lite (L1),BraTS2021_00051,31.485205,0.9842410087585449,0.08847234,0.7935135135135135,0.0,0.0
Uformer-lite (L1),BraTS2021_00051,31.515965,0.9829773902893066,0.08634239,0.8031037827352085,0.0,0.0
Uformer-lite (L1),BraTS2021_00051,31.60063,0.9841349720954895,0.08335507,0.7975352112676056,nan,nan
Uformer-lite (L1),BraTS2021_00051,31.317005,0.9797404408454895,0.08779024,0.8464052287581699,0.0,0.0
Uformer-lite (L1),BraTS2021_00051,31.029055,0.9814752340316772,0.085620284,0.7454308093994778,0.0,0.0
Uformer-lite (L1),BraTS2021_00051,31.15051,0.9822779893875122,0.081616454,0.7032115171650055,0.0,0.0
Uformer-lite (L1),BraTS2021_00051,31.283655,0.9823640584945679,0.080074415,0.8001812415043045,0.11904761904761904,0.12244897959183673
Uformer-lite (L1),BraTS2021_00051,31.474297,0.9831069111824036,0.077457644,0.855188141391106,0.009324009324009324,0.009685230024213076
Uformer-lite (L1),BraTS2021_00051,31.698706,0.9850115180015564,0.07487017,0.8755020080321285,0.29283489096573206,0.29523809523809524
Uformer-lite (L1),BraTS2021_00051,31.54734,0.9833587408065796,0.07658194,0.9221288515406163,0.8212648945921174,0.7136929460580913
Uformer-lite (L1),BraTS2021_00051,31.362333,0.9850598573684692,0.07491708,0.9151116951379763,0.5491803278688525,0.5547128927410617
Uformer-lite (L1),BraTS2021_00051,31.427135,0.9847550392150879,0.07546924,0.8921370967741935,0.9417613636363636,0.6789168278529981
Uformer-lite (L1),BraTS2021_00051,31.475147,0.9856777191162109,0.073788814,0.9217391304347826,0.6868356500408831,0.5781409601634321
Uformer-lite (L1),BraTS2021_00051,31.785803,0.9867438673973083,0.07024299,0.9071230807953687,0.9730069052102951,0.7672253258845437
Uformer-lite (L1),BraTS2021_00051,32.148735,0.9878401160240173,0.068591155,0.9307078763708874,0.6656,0.525934861278649
Uformer-lite (L1),BraTS2021_00051,32.14032,0.988918662071228,0.06550364,0.9240566037735849,0.8866242038216561,0.7369519832985386
Uformer-lite (L1),BraTS2021_00051,32.456516,0.9891088008880615,0.064611055,0.9107379584622183,0.937769562538509,0.7522522522522522
Uformer-lite (L1),BraTS2021_00051,32.349506,0.9893526434898376,0.0641428,0.9289016068677086,0.968583283935981,0.8110403397027601
Uformer-lite (L1),BraTS2021_00051,32.209793,0.9884517788887024,0.06483493,0.9318528195079469,0.9555170421721548,0.8523364485981308
Uformer-lite (L1),BraTS2021_00051,32.237595,0.9886409640312195,0.064615704,0.926829268292683,0.9765580331618068,0.9161727349703641
Uformer-lite (L1),BraTS2021_00051,32.484173,0.9895102381706238,0.06369911,0.9348164627363738,0.9601873536299765,0.8191881918819188
Uformer-lite (L1),BraTS2021_00051,32.097134,0.9894869327545166,0.064259805,0.931757359500446,0.9732620320855615,0.8265895953757225
Uformer-lite (L1),BraTS2021_00051,32.390762,0.9893518090248108,0.063523374,0.9384790011350738,0.9800844900422451,0.8683729433272395
Uformer-lite (L1),BraTS2021_00051,32.138477,0.9893157482147217,0.06369007,0.9354618015963512,0.9748928352725046,0.8494138863841298
Uformer-lite (L1),BraTS2021_00051,32.290653,0.9903688430786133,0.061151687,0.8960898682220783,0.9655172413793104,0.8138297872340425
Uformer-lite (L1),BraTS2021_00051,32.336727,0.9899182915687561,0.061216418,0.9090132422041862,0.9535175879396985,0.8377682403433476
Uformer-lite (L1),BraTS2021_00051,32.162613,0.9899803400039673,0.06202884,0.927901023890785,0.957078795643818,0.8487394957983193
Uformer-lite (L1),BraTS2021_00051,32.49535,0.990195095539093,0.060388297,0.9286317567567568,0.9375,0.8273615635179153
Uformer-lite (L1),BraTS2021_00051,32.4931,0.9895734190940857,0.06128759,0.921014037293107,0.9187935034802784,0.8265746333045729
Uformer-lite (L1),BraTS2021_00051,32.60303,0.9901906847953796,0.060283232,0.9198562063861282,0.9226759339704604,0.8898999090081893
Uformer-lite (L1),BraTS2021_00051,32.73956,0.991377055644989,0.057856034,0.9194054846137744,0.9198396793587175,0.8898043254376931
Uformer-lite (L1),BraTS2021_00051,32.76268,0.9920494556427002,0.055786718,0.9359670067288908,0.9134396355353075,0.8945538818076477
Uformer-lite (L1),BraTS2021_00051,32.51944,0.990837812423706,0.059143607,0.9263738595374497,0.9473684210526315,0.9375830013280213
Uformer-lite (L1),BraTS2021_00051,32.681458,0.9918342232704163,0.056756914,0.9476091476091476,0.9323308270676691,0.9323308270676691
Uformer-lite (L1),BraTS2021_00051,33.115738,0.9928581714630127,0.053697202,0.9507408890668803,0.9047619047619048,0.9047619047619048
Uformer-lite (L1),BraTS2021_00051,33.62869,0.9934508204460144,0.051254533,0.9547920433996383,0.8529411764705882,0.8529411764705882
Uformer-lite (L1),BraTS2021_00051,32.979282,0.9936954379081726,0.053320426,0.9485691414848909,0.6448979591836734,0.6419753086419753
Uformer-lite (L1),BraTS2021_00051,33.247105,0.9940590262413025,0.05119222,0.9542324827865533,0.0,0.0
Uformer-lite (L1),BraTS2021_00051,33.03281,0.9936884045600891,0.052971013,0.970954356846473,0.0,0.0
Uformer-lite (L1),BraTS2021_00051,33.430923,0.9938439130783081,0.050941892,0.9682274247491639,nan,nan
Uformer-lite (L1),BraTS2021_00051,33.53637,0.9940646290779114,0.049993645,0.9565035549979088,nan,nan
Uformer-lite (L1),BraTS2021_00051,33.402294,0.9943432211875916,0.05019995,0.9323931978432186,nan,nan
Uformer-lite (L1),BraTS2021_00051,33.693306,0.9940586090087891,0.049902696,0.9615301021517062,nan,nan
Uformer-lite (L1),BraTS2021_00051,33.81898,0.9937534332275391,0.0507989,0.9784921892687344,nan,nan
Uformer-lite (L1),BraTS2021_00051,33.511604,0.9940636157989502,0.050412912,0.9793621013133208,nan,nan
Uformer-lite (L1),BraTS2021_00051,33.308544,0.9939036965370178,0.050823495,0.9767327945138379,nan,nan
Uformer-lite (L1),BraTS2021_00051,33.416733,0.9932743906974792,0.05249128,0.9744125326370757,nan,nan
Uformer-lite (L1),BraTS2021_00051,33.34496,0.9927952885627747,0.053941462,0.9354399346227186,nan,nan
Uformer-lite (L1),BraTS2021_00051,33.344223,0.9917696118354797,0.054846384,0.9238578680203046,nan,nan
Uformer-lite (L1),BraTS2021_00051,33.014942,0.991902768611908,0.055788,0.9269269269269269,nan,nan
Uformer-lite (L1),BraTS2021_00051,33.049015,0.9913569092750549,0.05710482,0.8423373759647188,nan,nan
Uformer-lite (L1),BraTS2021_00051,32.86399,0.9908398389816284,0.05961803,0.8934772407320507,nan,nan
Uformer-lite (L1),BraTS2021_00051,32.7797,0.9913228154182434,0.05943814,0.8720271800679502,nan,nan
Uformer-lite (L1),BraTS2021_00051,32.581696,0.989690899848938,0.06468033,0.803347280334728,nan,nan
Uformer-lite (L1),BraTS2021_00051,32.455383,0.9896849989891052,0.06497863,0.7150979153506001,nan,nan
Uformer-lite (L1),BraTS2021_00051,32.597633,0.9898449182510376,0.06529433,0.8049713193116634,nan,nan
Uformer-lite (L1),BraTS2021_00051,32.067482,0.987781822681427,0.06941502,0.7066848567530696,nan,nan
Uformer-lite (L1),BraTS2021_00051,32.029575,0.9887852072715759,0.06915487,0.5892547660311959,nan,nan
Uformer-lite (L1),BraTS2021_00054,30.422417,0.9556030631065369,0.12644596,0.0,0.0,0.0
Uformer-lite (L1),BraTS2021_00054,30.60333,0.9535521864891052,0.12547548,0.2920353982300885,0.32038834951456313,0.32038834951456313
Uformer-lite (L1),BraTS2021_00054,30.224148,0.94866544008255,0.12828395,0.4090267983074753,0.6418338108882522,0.686084142394822
Uformer-lite (L1),BraTS2021_00054,30.355473,0.9490898847579956,0.1254855,0.6990291262135923,0.7628865979381443,0.6489675516224189
Uformer-lite (L1),BraTS2021_00054,30.023716,0.9459232687950134,0.12458997,0.8067940552016986,0.7047308319738989,0.5680473372781065
Uformer-lite (L1),BraTS2021_00054,30.297245,0.9414581060409546,0.12598105,0.8117738187451587,0.8046511627906977,0.7272727272727273
Uformer-lite (L1),BraTS2021_00054,30.244028,0.9466176629066467,0.118004866,0.8442280945757997,0.8051235132662397,0.7721661054994389
Uformer-lite (L1),BraTS2021_00054,30.51652,0.9446138739585876,0.117475346,0.8818061088977424,0.8103309120258273,0.8347659980897804
Uformer-lite (L1),BraTS2021_00054,30.522102,0.9437799453735352,0.11577739,0.8727895037079293,0.8073115003808073,0.8022598870056498
Uformer-lite (L1),BraTS2021_00054,30.41851,0.9354500770568848,0.1172825,0.8941289701636189,0.8794063079777366,0.8242710795902285
Uformer-lite (L1),BraTS2021_00054,30.218275,0.9343278408050537,0.11782736,0.8844483058210252,0.8735135135135135,0.814555633310007
Uformer-lite (L1),BraTS2021_00054,30.329714,0.9253056645393372,0.11855467,0.9043611323641928,0.8789748457522544,0.7761385503527902
Uformer-lite (L1),BraTS2021_00054,30.82962,0.9369103312492371,0.10976759,0.9403636363636364,0.8719512195121951,0.7832512315270936
Uformer-lite (L1),BraTS2021_00054,30.591106,0.9401803016662598,0.10913777,0.9305364511691885,0.8316666666666667,0.7749846719803801
Uformer-lite (L1),BraTS2021_00054,30.89081,0.9456443786621094,0.10605881,0.9169859514687101,0.8378689152932158,0.7334083239595051
Uformer-lite (L1),BraTS2021_00054,30.937632,0.9508812427520752,0.10267788,0.9221631759924976,0.802438149874507,0.677384780278671
Uformer-lite (L1),BraTS2021_00054,30.747353,0.9576078057289124,0.10084204,0.8267601519135261,0.7436065573770492,0.6314199395770392
Uformer-lite (L1),BraTS2021_00054,30.938272,0.9627750515937805,0.09899843,0.8743935309973045,0.715679895901106,0.6886051080550099
Uformer-lite (L1),BraTS2021_00054,31.092405,0.963529646396637,0.09760044,0.8300970873786407,0.7849462365591398,0.6963448922211809
Uformer-lite (L1),BraTS2021_00054,31.074545,0.9651626944541931,0.096179806,0.8785825951016154,0.7835484839387571,0.720972097209721
Uformer-lite (L1),BraTS2021_00054,31.076643,0.963679313659668,0.097696155,0.8948580199539524,0.7948492829967808,0.7402164862614488
Uformer-lite (L1),BraTS2021_00054,31.239403,0.9640401601791382,0.09677266,0.9260234618146995,0.8779854620976116,0.7802281368821293
Uformer-lite (L1),BraTS2021_00054,31.103209,0.9644380807876587,0.0954917,0.9264318236280853,0.7864482088308803,0.7686335403726708
Uformer-lite (L1),BraTS2021_00054,31.081036,0.9610070586204529,0.097516365,0.9261061946902654,0.8408923755822506,0.7254425546685179
Uformer-lite (L1),BraTS2021_00054,31.223133,0.9530637264251709,0.099993326,0.9023215067893123,0.8020552972840714,0.7177504393673111
Uformer-lite (L1),BraTS2021_00054,31.145735,0.9474755525588989,0.09938975,0.918955732122588,0.8125482129082027,0.7212032281731474
Uformer-lite (L1),BraTS2021_00054,31.326431,0.9444735646247864,0.09809022,0.9339853300733496,0.8555420219244824,0.6905797101449276
Uformer-lite (L1),BraTS2021_00054,31.518366,0.9488690495491028,0.09579632,0.9531116794543905,0.7811944091486658,0.6656465187452181
Uformer-lite (L1),BraTS2021_00054,31.028835,0.946121096611023,0.09948331,0.9234737747205503,0.8109965635738832,0.6759530791788856
Uformer-lite (L1),BraTS2021_00054,31.292936,0.9536527395248413,0.096761726,0.9349366544986043,0.7183098591549296,0.6492631578947369
Uformer-lite (L1),BraTS2021_00054,31.287422,0.9503734111785889,0.09778339,0.9284324324324325,0.735480464625132,0.6426373626373626
Uformer-lite (L1),BraTS2021_00054,31.06785,0.9481484889984131,0.10075351,0.9204001739886908,0.7041551246537396,0.6398520573277855
Uformer-lite (L1),BraTS2021_00054,30.96054,0.9490522742271423,0.10170429,0.8774521117009001,0.6825127334465195,0.6309355900329102
Uformer-lite (L1),BraTS2021_00054,31.018026,0.9523138403892517,0.10085212,0.8922374429223744,0.7790184367696702,0.6263924592973437
Uformer-lite (L1),BraTS2021_00054,30.776508,0.9507283568382263,0.10250824,0.8564523924601256,0.8033298647242456,0.6925910765452312
Uformer-lite (L1),BraTS2021_00054,31.044273,0.9597732424736023,0.09911364,0.9280709948622139,0.8068089705485004,0.6970091027308193
Uformer-lite (L1),BraTS2021_00054,30.922768,0.9579466581344604,0.09881093,0.9568029568029568,0.8806713873590348,0.7352816603134266
Uformer-lite (L1),BraTS2021_00054,30.872953,0.9571632146835327,0.10179634,0.9331111640085694,0.8941596531497067,0.7574434299325129
Uformer-lite (L1),BraTS2021_00054,30.88125,0.9540463089942932,0.10526333,0.9178814382896016,0.843604491920022,0.7365269461077845
Uformer-lite (L1),BraTS2021_00054,30.626057,0.9530177712440491,0.108626105,0.9465796470872613,0.7921250723798494,0.7367953839325344
Uformer-lite (L1),BraTS2021_00054,30.24441,0.9542127251625061,0.110552475,0.907905035220454,0.806773510734805,0.6590257879656161
Uformer-lite (L1),BraTS2021_00054,30.21722,0.9528790712356567,0.114092186,0.9079151577858251,0.7323658454269322,0.6287519747235387
Uformer-lite (L1),BraTS2021_00054,30.183407,0.9604744911193848,0.11312853,0.8810936290946608,0.6337448559670782,0.6438911407064273
Uformer-lite (L1),BraTS2021_00054,29.718344,0.9549077153205872,0.12130283,0.7706586826347306,0.6262626262626263,0.6139380530973452
Uformer-lite (L1),BraTS2021_00054,30.167168,0.9631315469741821,0.11663538,0.8296115019883756,0.47318611987381703,0.5554799183117767
Uformer-lite (L1),BraTS2021_00054,30.425838,0.9625185132026672,0.11925292,0.7619733525387108,0.4653361344537815,0.5398981324278438
Uformer-lite (L1),BraTS2021_00054,30.004467,0.9595223665237427,0.12451676,0.735317149569303,0.545557441992077,0.5934065934065934
Uformer-lite (L1),BraTS2021_00054,29.89498,0.960860013961792,0.12538199,0.7082294264339152,0.5903814262023217,0.5523809523809524
Uformer-lite (L1),BraTS2021_00054,29.771729,0.9585797190666199,0.13395798,0.7402409638554217,0.6554004408523145,0.5393474088291746
Uformer-lite (L1),BraTS2021_00054,29.52279,0.9578478336334229,0.13815996,0.6629773104593248,0.6509186351706037,0.5337552742616034
Uformer-lite (L1),BraTS2021_00054,29.383867,0.9619999527931213,0.13768423,0.5614266842800528,0.6274065685164213,0.6105527638190955
Uformer-lite (L1),BraTS2021_00054,29.620466,0.9662877321243286,0.13637885,0.722875816993464,0.7863695937090432,0.7815468113975577
Uformer-lite (L1),BraTS2021_00054,29.404652,0.9641304612159729,0.14641786,0.18222222222222223,0.26128266033254155,0.26506024096385544
Uformer-lite (L1),BraTS2021_00054,29.28813,0.9656535983085632,0.14920056,0.2773722627737226,0.12578616352201258,0.12578616352201258
Uformer-lite (L1),BraTS2021_00054,29.488014,0.9686902165412903,0.1526814,0.37518463810930575,0.0,0.0
Uformer-lite (L1),BraTS2021_00054,30.009726,0.9733902812004089,0.15119353,0.44244604316546765,nan,nan
Uformer-lite (L1),BraTS2021_00054,29.992767,0.974027693271637,0.15813693,0.0,nan,nan
Uformer-lite (L1),BraTS2021_00054,30.507076,0.9779074192047119,0.15275595,0.0,nan,nan
Uformer-lite (L1),BraTS2021_00056,30.940187,0.9777370691299438,0.15459663,0.0,0.0,0.0
Uformer-lite (L1),BraTS2021_00056,30.076046,0.9750823974609375,0.15971482,0.40148698884758366,0.0,0.0
Uformer-lite (L1),BraTS2021_00056,30.324589,0.9747243523597717,0.15675522,0.296875,0.0,0.0
Uformer-lite (L1),BraTS2021_00056,30.443209,0.9759781956672668,0.15017277,0.05825242718446602,0.0,0.0
Uformer-lite (L1),BraTS2021_00056,30.4543,0.9751050472259521,0.14694801,0.6666666666666666,0.40217391304347827,0.39344262295081966
Uformer-lite (L1),BraTS2021_00056,29.996986,0.972745954990387,0.14847371,0.35958395245170877,0.0,0.0
Uformer-lite (L1),BraTS2021_00056,29.611244,0.9688931703567505,0.15253186,0.8581497797356828,0.32460732984293195,0.3248175182481752
Uformer-lite (L1),BraTS2021_00056,29.821665,0.9701419472694397,0.1436235,0.8429237947122862,0.37971391417425226,0.3656821378340366
Uformer-lite (L1),BraTS2021_00056,30.121712,0.9737647771835327,0.13082393,0.8764478764478765,0.7096188747731398,0.6153846153846154
Uformer-lite (L1),BraTS2021_00056,29.968966,0.9719798564910889,0.1315731,0.9001203369434416,0.5250236071765817,0.4782608695652174
Uformer-lite (L1),BraTS2021_00056,30.225857,0.9734129309654236,0.12601902,0.8352,0.5720720720720721,0.5064724919093851
Uformer-lite (L1),BraTS2021_00056,29.936655,0.970767617225647,0.12897214,0.9036964980544747,0.7630769230769231,0.7097195042400521
Uformer-lite (L1),BraTS2021_00056,29.920454,0.9701724052429199,0.12851046,0.9353319057815845,0.8102678571428571,0.7943760984182777
Uformer-lite (L1),BraTS2021_00056,30.095573,0.9721245765686035,0.123037286,0.9208163265306123,0.8375979112271541,0.8002263723825693
Uformer-lite (L1),BraTS2021_00056,30.337564,0.9717185497283936,0.121825606,0.8976377952755905,0.8521997034107761,0.8453389830508474
Uformer-lite (L1),BraTS2021_00056,30.36306,0.9729807376861572,0.11741062,0.9022103148024112,0.8591426071741033,0.803453529710513
Uformer-lite (L1),BraTS2021_00056,30.268553,0.9747603535652161,0.11503675,0.9396449704142011,0.8777732956837434,0.7919655667144907
Uformer-lite (L1),BraTS2021_00056,30.012436,0.9744747281074524,0.11520657,0.9668016194331984,0.9001148105625718,0.8016917293233082
Uformer-lite (L1),BraTS2021_00056,29.722883,0.9732898473739624,0.11875058,0.964184488533883,0.8941779567923838,0.8467465753424658
Uformer-lite (L1),BraTS2021_00056,29.623962,0.9752584099769592,0.11452323,0.970617042115573,0.9095287237702099,0.8538493207081104
Uformer-lite (L1),BraTS2021_00056,29.55746,0.9739704728126526,0.11623858,0.9800890138205669,0.9153794492948287,0.8628735161686452
Uformer-lite (L1),BraTS2021_00056,29.50569,0.9692878127098083,0.120236285,0.975314392175128,0.9332895169240881,0.8724553385957624
Uformer-lite (L1),BraTS2021_00056,29.21734,0.9649060368537903,0.121179834,0.9700160219729915,0.9238776837996097,0.8866141732283465
Uformer-lite (L1),BraTS2021_00056,28.86475,0.9638604521751404,0.1179766,0.9743246260325965,0.9007974481658693,0.8341346153846154
Uformer-lite (L1),BraTS2021_00056,29.347,0.9630553722381592,0.116775885,0.9837505489679402,0.907395498392283,0.8677290836653386
Uformer-lite (L1),BraTS2021_00056,29.296896,0.9634771347045898,0.11541932,0.9773222852158744,0.9379267535692116,0.8568075117370892
Uformer-lite (L1),BraTS2021_00056,29.45625,0.9654788374900818,0.11026313,0.977904178516736,0.9348494161032576,0.8529297632906481
Uformer-lite (L1),BraTS2021_00056,29.639864,0.9679452180862427,0.10658172,0.9741228070175438,0.8966887417218543,0.8737711364530083
Uformer-lite (L1),BraTS2021_00056,29.903622,0.9691507816314697,0.10348882,0.9756859246040598,0.9224137931034483,0.8742835307604127
Uformer-lite (L1),BraTS2021_00056,30.026815,0.9690266847610474,0.1043775,0.9535531816070599,0.9242169080498485,0.8589292692457992
Uformer-lite (L1),BraTS2021_00056,30.259403,0.971095860004425,0.098595574,0.956868260665729,0.9360544217687075,0.8714107365792759
Uformer-lite (L1),BraTS2021_00056,30.343578,0.9722211360931396,0.09737773,0.9669779093600547,0.9384563073784427,0.8887008040626323
Uformer-lite (L1),BraTS2021_00056,30.354977,0.970786452293396,0.09756313,0.9696691176470589,0.9371841155234657,0.892527287993283
Uformer-lite (L1),BraTS2021_00056,30.477306,0.972003161907196,0.09552263,0.9807516040329972,0.936519790888723,0.8961094484822574
Uformer-lite (L1),BraTS2021_00056,30.955711,0.9735719561576843,0.09150064,0.9739459971577451,0.9194763982546609,0.8480074142724745
Uformer-lite (L1),BraTS2021_00056,30.751345,0.9743640422821045,0.09220437,0.9613899613899614,0.8901914810472841,0.8293153326904532
Uformer-lite (L1),BraTS2021_00056,30.942726,0.9766793251037598,0.08879658,0.9567319313512207,0.9108391608391608,0.7923946557040082
Uformer-lite (L1),BraTS2021_00056,31.074768,0.9780498743057251,0.08636501,0.9567709577262957,0.9110690633869442,0.7929708951125755
Uformer-lite (L1),BraTS2021_00056,31.2171,0.9772028923034668,0.08596043,0.9603629417383,0.8603248259860788,0.843213296398892
Uformer-lite (L1),BraTS2021_00056,31.431862,0.9798280596733093,0.08413738,0.9809007309596793,0.8848101265822785,0.825136612021858
Uformer-lite (L1),BraTS2021_00056,31.290884,0.9809542894363403,0.083201766,0.9719314938154139,0.9278642149929278,0.9053254437869822
Uformer-lite (L1),BraTS2021_00056,31.415848,0.9814512133598328,0.08369013,0.9638669538167025,0.803030303030303,0.830119375573921
Uformer-lite (L1),BraTS2021_00056,31.395075,0.9828904867172241,0.08046838,0.9681684622918707,0.830622009569378,0.8574712643678161
Uformer-lite (L1),BraTS2021_00056,31.297777,0.9808353781700134,0.08444272,0.9621702339472374,0.5463709677419355,0.8336079077429983
Uformer-lite (L1),BraTS2021_00056,31.306572,0.9818769097328186,0.082549594,0.9621650026274303,0.703862660944206,0.8207792207792208
Uformer-lite (L1),BraTS2021_00056,31.659992,0.9829378724098206,0.08193212,0.9524906420961704,0.09855072463768116,0.425
Uformer-lite (L1),BraTS2021_00056,31.489649,0.9827336668968201,0.0824842,0.9576059850374065,0.0,nan
Uformer-lite (L1),BraTS2021_00056,31.343693,0.9830571413040161,0.08331109,0.9657770800627944,0.0,nan
Uformer-lite (L1),BraTS2021_00056,31.44197,0.9835628271102905,0.08229534,0.9637656620386048,0.0,nan
Uformer-lite (L1),BraTS2021_00056,31.961899,0.9823050498962402,0.08160622,0.9367663763725862,0.0,nan
Uformer-lite (L1),BraTS2021_00056,32.051884,0.983627438545227,0.07926121,0.88750598372427,nan,nan
Uformer-lite (L1),BraTS2021_00056,32.06724,0.9817400574684143,0.08298429,0.8710237131289763,nan,nan
Uformer-lite (L1),BraTS2021_00056,32.031216,0.9821940064430237,0.08131179,0.8546255506607929,nan,nan
Uformer-lite (L1),BraTS2021_00056,32.285362,0.9840599298477173,0.078608446,0.8482676224611708,nan,nan
Uformer-lite (L1),BraTS2021_00056,32.353043,0.9838467836380005,0.07840767,0.648936170212766,nan,nan
Uformer-lite (L1),BraTS2021_00056,32.28332,0.9826176762580872,0.08033931,0.0,nan,nan
Uformer-lite (L1),BraTS2021_00058,30.585743,0.973182201385498,0.12877554,0.0,nan,nan
Uformer-lite (L1),BraTS2021_00058,30.2914,0.971686601638794,0.13105015,0.0,0.0,0.0
Uformer-lite (L1),BraTS2021_00058,30.229664,0.9727046489715576,0.12889877,0.5449591280653951,0.6589595375722543,0.6589595375722543
Uformer-lite (L1),BraTS2021_00058,29.824007,0.9704123735427856,0.13309553,0.9388335704125178,0.8854961832061069,0.8366533864541833
Uformer-lite (L1),BraTS2021_00058,29.743546,0.9709460735321045,0.13317843,0.8621089223638471,0.8791946308724832,0.7596153846153846
Uformer-lite (L1),BraTS2021_00058,29.187376,0.9682140946388245,0.1387448,0.8768718801996672,0.9132653061224489,0.8356164383561644
Uformer-lite (L1),BraTS2021_00058,29.147766,0.9698752760887146,0.13623948,0.9010494752623688,0.880184331797235,0.8109756097560976
Uformer-lite (L1),BraTS2021_00058,28.792131,0.9676916003227234,0.14011599,0.9341408024224073,0.9355608591885441,0.8610169491525423
Uformer-lite (L1),BraTS2021_00058,29.03381,0.969137966632843,0.1338004,0.9246987951807228,0.8898128898128899,0.782608695652174
Uformer-lite (L1),BraTS2021_00058,29.02826,0.9655656218528748,0.13562827,0.9526970954356846,0.937365010799136,0.8698412698412699
Uformer-lite (L1),BraTS2021_00058,28.918324,0.9641207456588745,0.13583066,0.965143299767622,0.9161793372319688,0.8390804597701149
Uformer-lite (L1),BraTS2021_00058,28.925688,0.9603895545005798,0.13905773,0.9593246354566385,0.8904593639575972,0.8195121951219512
Uformer-lite (L1),BraTS2021_00058,28.66664,0.9569649696350098,0.14093234,0.9500384319754035,0.9146757679180887,0.8374164810690423
Uformer-lite (L1),BraTS2021_00058,29.251179,0.9598960280418396,0.1319579,0.9388379204892966,0.9283667621776505,0.8804347826086957
Uformer-lite (L1),BraTS2021_00058,29.430424,0.9607020020484924,0.1262905,0.9457364341085271,0.9365079365079365,0.8618968386023295
Uformer-lite (L1),BraTS2021_00058,29.433424,0.9598587155342102,0.12607032,0.95,0.844207723035952,0.7681660899653979
Uformer-lite (L1),BraTS2021_00058,29.586567,0.9612325429916382,0.12030583,0.8914549653579676,0.9508571428571428,0.9118881118881119
Uformer-lite (L1),BraTS2021_00058,29.801537,0.9587902426719666,0.12033629,0.8980582524271845,0.9334945586457074,0.866965620328849
Uformer-lite (L1),BraTS2021_00058,29.842747,0.9627015590667725,0.11609529,0.8950366151342555,0.9381818181818182,0.8593272171253823
Uformer-lite (L1),BraTS2021_00058,29.847641,0.9591627717018127,0.118142106,0.8680926916221033,0.9695431472081218,0.9225473321858864
Uformer-lite (L1),BraTS2021_00058,29.802143,0.9592908620834351,0.11791762,0.8477292965271594,0.9425587467362925,0.8571428571428571
Uformer-lite (L1),BraTS2021_00058,29.601215,0.9535251259803772,0.11879493,0.8541448058761805,0.9329608938547486,0.8559670781893004
Uformer-lite (L1),BraTS2021_00058,29.81127,0.951400876045227,0.117517546,0.869364161849711,0.9481946624803768,0.8589743589743589
Uformer-lite (L1),BraTS2021_00058,30.122215,0.9518488645553589,0.11437531,0.928125,0.9453860640301318,0.8847926267281107
Uformer-lite (L1),BraTS2021_00058,30.011623,0.9514087438583374,0.1132495,0.864,0.918552036199095,0.8906666666666667
Uformer-lite (L1),BraTS2021_00058,30.341175,0.9501773715019226,0.11086183,0.8755020080321285,0.9209809264305178,0.8929663608562691
Uformer-lite (L1),BraTS2021_00058,30.503582,0.9437612891197205,0.11103682,0.8875739644970414,0.9163636363636364,0.8921933085501859
Uformer-lite (L1),BraTS2021_00058,30.413368,0.9449366927146912,0.10938268,0.8391608391608392,0.8829787234042553,0.8829787234042553
Uformer-lite (L1),BraTS2021_00058,30.534422,0.9389181733131409,0.10963812,0.8737864077669902,0.8571428571428571,0.8571428571428571
Uformer-lite (L1),BraTS2021_00058,30.687008,0.9424356818199158,0.1081802,0.0,0.0,0.0
Uformer-lite (L1),BraTS2021_00058,30.64049,0.9440212845802307,0.10669715,0.0,nan,nan
Uformer-lite (L1),BraTS2021_00058,30.593225,0.9456261396408081,0.10573276,0.0,nan,nan
Uformer-lite (L1),BraTS2021_00064,30.961493,0.9690983295440674,0.12363063,0.7955555555555556,nan,nan
Uformer-lite (L1),BraTS2021_00064,30.674479,0.9680961966514587,0.12396431,0.9022556390977443,nan,nan
Uformer-lite (L1),BraTS2021_00064,31.28773,0.9727056622505188,0.113848336,0.9265905383360522,nan,nan
Uformer-lite (L1),BraTS2021_00064,30.81255,0.9673523902893066,0.12016023,0.8855172413793103,0.0,0.0
Uformer-lite (L1),BraTS2021_00064,31.049725,0.9705660939216614,0.11421428,0.897489539748954,0.0,0.0
Uformer-lite (L1),BraTS2021_00064,31.020065,0.9692644476890564,0.11405146,0.8447387785136129,0.0,0.0
Uformer-lite (L1),BraTS2021_00064,31.174793,0.9693599939346313,0.11162304,0.8753026634382567,0.0,0.0
Uformer-lite (L1),BraTS2021_00064,31.1322,0.9727837443351746,0.1079608,0.8838526912181303,0.5441176470588235,0.5738636363636364
Uformer-lite (L1),BraTS2021_00064,31.421032,0.9740572571754456,0.10453128,0.898236092265943,0.3617021276595745,0.2986666666666667
Uformer-lite (L1),BraTS2021_00064,31.598888,0.9751117825508118,0.10333128,0.9022494887525563,0.0670391061452514,0.08673469387755102
Uformer-lite (L1),BraTS2021_00064,31.668896,0.9733033180236816,0.105395615,0.8883774453394706,0.2706185567010309,0.2350674373795761
Uformer-lite (L1),BraTS2021_00064,31.649874,0.9763571619987488,0.10176541,0.9101872421453506,0.24737945492662475,0.3269230769230769
Uformer-lite (L1),BraTS2021_00064,31.842133,0.9765685200691223,0.0995959,0.9293981481481481,0.25969341749323716,0.31098430813124106
Uformer-lite (L1),BraTS2021_00064,31.596106,0.9786224365234375,0.09876467,0.9400647948164147,0.18600682593856654,0.16539050535987748
Uformer-lite (L1),BraTS2021_00064,31.532803,0.9768559336662292,0.09921998,0.9475292919001528,0.7074756229685807,0.48878923766816146
Uformer-lite (L1),BraTS2021_00064,31.461819,0.980070173740387,0.09617781,0.9462829736211031,0.7868544600938967,0.5625
Uformer-lite (L1),BraTS2021_00064,31.501709,0.979892373085022,0.0958185,0.9536332179930795,0.6644643699858424,0.4984423676012461
Uformer-lite (L1),BraTS2021_00064,31.564026,0.9781273007392883,0.0983992,0.9706422018348624,0.721496953872933,0.6341045415595544
Uformer-lite (L1),BraTS2021_00064,31.483088,0.9790802597999573,0.09825291,0.9692307692307692,0.7708978328173375,0.6190075693860387
Uformer-lite (L1),BraTS2021_00064,31.427559,0.9797251224517822,0.097067565,0.9685979655019903,0.8369829683698297,0.6868537666174298
Uformer-lite (L1),BraTS2021_00064,31.36528,0.9771240949630737,0.10012077,0.9663526244952894,0.8513223731236598,0.6415686274509804
Uformer-lite (L1),BraTS2021_00064,31.580147,0.9792279601097107,0.09682003,0.9558287795992714,0.7113486842105263,0.5772495755517827
Uformer-lite (L1),BraTS2021_00064,31.501442,0.9803534150123596,0.09513085,0.9606156631960163,0.7702756691969637,0.5511945392491467
Uformer-lite (L1),BraTS2021_00064,31.222992,0.9810516238212585,0.096296,0.9511728099569172,0.7172292854011398,0.43469591226321036
Uformer-lite (L1),BraTS2021_00064,31.448938,0.9794905781745911,0.09728666,0.9475269897062516,0.799667497921862,0.6103781882145998
Uformer-lite (L1),BraTS2021_00064,31.074692,0.9786418676376343,0.099443294,0.9388702605107041,0.7190008920606601,0.49733570159857904
Uformer-lite (L1),BraTS2021_00064,31.429483,0.9800729751586914,0.09532478,0.9152288072018004,0.7178861788617886,0.5858041329739443
Uformer-lite (L1),BraTS2021_00064,31.251923,0.9796774387359619,0.097456954,0.9342140026420079,0.8340147179067866,0.671451355661882
Uformer-lite (L1),BraTS2021_00064,31.419693,0.9808061122894287,0.09575297,0.9209070796460177,0.37708830548926014,0.37245392822502427
Uformer-lite (L1),BraTS2021_00064,31.325779,0.9798651337623596,0.09648105,0.9225988700564972,0.698076923076923,0.687960687960688
Uformer-lite (L1),BraTS2021_00064,31.30801,0.9827296137809753,0.09228325,0.925195787199568,0.6144329896907217,0.5527272727272727
Uformer-lite (L1),BraTS2021_00064,31.446249,0.981226921081543,0.09435204,0.9174825174825175,0.5792880258899676,0.5492700729927007
Uformer-lite (L1),BraTS2021_00064,31.633652,0.9831806421279907,0.09261831,0.8432794199665365,0.3771872974724563,0.3504171632896305
Uformer-lite (L1),BraTS2021_00064,31.612585,0.9842770099639893,0.090852074,0.8340675477239354,0.05057096247960848,0.1085814360770578
Uformer-lite (L1),BraTS2021_00064,31.920126,0.9845185279846191,0.089016564,0.7782974742750234,0.0784313725490196,0.1601423487544484
Uformer-lite (L1),BraTS2021_00064,32.1814,0.9847106337547302,0.087047435,0.8212765957446808,0.14781834372217276,0.28415300546448086
Uformer-lite (L1),BraTS2021_00064,32.352478,0.9865406155586243,0.083271064,0.8527086383601757,0.0,0.0
Uformer-lite (L1),BraTS2021_00064,32.580845,0.987108588218689,0.081795655,0.8485390578413834,0.0,0.0
Uformer-lite (L1),BraTS2021_00064,32.643173,0.9862567186355591,0.08198566,0.8766876687668766,0.1235356762513312,0.19956616052060738
Uformer-lite (L1),BraTS2021_00064,32.881977,0.9876431822776794,0.079636596,0.9206815511163338,0.4859981933152665,0.4046692607003891
Uformer-lite (L1),BraTS2021_00064,32.925304,0.9866188168525696,0.07942971,0.9036943479633722,0.32083333333333336,0.3298097251585624
Uformer-lite (L1),BraTS2021_00064,33.082214,0.9870505928993225,0.07869616,0.9429296131896006,0.7061812023708721,0.5181674565560821
Uformer-lite (L1),BraTS2021_00064,33.283382,0.9880720973014832,0.07560046,0.9327266818329542,0.6198267564966313,0.5152
Uformer-lite (L1),BraTS2021_00064,33.180374,0.9866869449615479,0.07856976,0.9177939646201873,0.5173572228443449,0.5817610062893082
Uformer-lite (L1),BraTS2021_00064,33.15337,0.9868810772895813,0.076873794,0.9035647279549719,0.40782122905027934,0.5265225933202358
Uformer-lite (L1),BraTS2021_00064,33.264774,0.9846844673156738,0.07975205,0.9172521467603435,0.7469879518072289,0.6726618705035972
Uformer-lite (L1),BraTS2021_00064,33.575386,0.9829424619674683,0.07929872,0.878682842287695,0.6871401151631478,0.6989247311827957
Uformer-lite (L1),BraTS2021_00064,33.47753,0.9839192032814026,0.07729607,0.7858439201451906,0.66,0.6176470588235294
Uformer-lite (L1),BraTS2021_00064,34.07437,0.9844062924385071,0.074266724,0.7553562531141006,0.8041237113402062,0.75
Uformer-lite (L1),BraTS2021_00064,34.045456,0.9820597767829895,0.07632503,0.7906675307841866,0.7792207792207793,0.7792207792207793
Uformer-lite (L1),BraTS2021_00064,33.688255,0.981728196144104,0.079339154,0.7728459530026109,0.6185567010309279,0.6185567010309279
Uformer-lite (L1),BraTS2021_00064,34.16967,0.980645477771759,0.075824425,0.6656934306569343,0.0,0.0
Uformer-lite (L1),BraTS2021_00064,33.865875,0.9787006378173828,0.07997102,0.8053691275167785,nan,nan
Uformer-lite (L1),BraTS2021_00074,31.204882,0.9656881093978882,0.11149623,0.0,nan,nan
Uformer-lite (L1),BraTS2021_00074,31.649628,0.9660664200782776,0.10993785,0.0,nan,nan
Uformer-lite (L1),BraTS2021_00074,31.619987,0.9691290855407715,0.10657555,0.46464646464646464,nan,nan
Uformer-lite (L1),BraTS2021_00074,31.789566,0.9690108895301819,0.104243726,0.8913649025069638,nan,nan
Uformer-lite (L1),BraTS2021_00074,32.040573,0.9714155793190002,0.10127042,0.851528384279476,nan,nan
Uformer-lite (L1),BraTS2021_00074,31.994017,0.9721797108650208,0.10120065,0.8674698795180723,nan,nan
Uformer-lite (L1),BraTS2021_00074,31.93116,0.9708898663520813,0.10156662,0.9174311926605505,nan,nan
Uformer-lite (L1),BraTS2021_00074,32.17926,0.9743626117706299,0.09742274,0.8937034529451591,nan,nan
Uformer-lite (L1),BraTS2021_00074,32.12697,0.9748739004135132,0.09608555,0.8797210923881464,0.0,0.0
Uformer-lite (L1),BraTS2021_00074,32.211357,0.9730773568153381,0.09737148,0.9105914718019257,0.693069306930693,0.7486631016042781
Uformer-lite (L1),BraTS2021_00074,32.167248,0.9730547070503235,0.09743569,0.9518072289156626,0.6872852233676976,0.7071428571428572
Uformer-lite (L1),BraTS2021_00074,32.074688,0.9756675362586975,0.095484994,0.9576115001842979,0.3194444444444444,0.3771043771043771
Uformer-lite (L1),BraTS2021_00074,32.14821,0.9741269946098328,0.095898986,0.9607973421926911,0.5330812854442344,0.453125
Uformer-lite (L1),BraTS2021_00074,31.999071,0.9749416708946228,0.095650665,0.9362934362934363,0.5549872122762148,0.5176470588235295
Uformer-lite (L1),BraTS2021_00074,31.85214,0.975904107093811,0.0951307,0.9563150074294205,0.6528066528066528,0.6477611940298508
Uformer-lite (L1),BraTS2021_00074,32.04299,0.9755847454071045,0.09314646,0.9475534720187518,0.7470489038785835,0.673469387755102
Uformer-lite (L1),BraTS2021_00074,32.01042,0.975730836391449,0.093509816,0.9575070821529745,0.7682539682539683,0.6328800988875154
Uformer-lite (L1),BraTS2021_00074,31.977436,0.9767043590545654,0.09286162,0.9642759749113717,0.8137044967880086,0.6957446808510638
Uformer-lite (L1),BraTS2021_00074,31.855555,0.9738213419914246,0.094248764,0.9764477694652258,0.8591851322373124,0.7084520417853751
Uformer-lite (L1),BraTS2021_00074,31.832521,0.9731928706169128,0.09566778,0.9802579626217426,0.8977342314758114,0.7115789473684211
Uformer-lite (L1),BraTS2021_00074,31.809881,0.974599301815033,0.095808856,0.9763282482903735,0.8487928843710292,0.7237903225806451
Uformer-lite (L1),BraTS2021_00074,31.872787,0.9764207005500793,0.091862775,0.9683511995916284,0.8657060518731988,0.7106690777576854
Uformer-lite (L1),BraTS2021_00074,31.93425,0.9775742292404175,0.09066935,0.9683843664426188,0.8650875386199794,0.6919431279620853
Uformer-lite (L1),BraTS2021_00074,32.15042,0.9769360423088074,0.089289114,0.9709502708025604,0.898379970544919,0.7454387489139879
Uformer-lite (L1),BraTS2021_00074,32.07321,0.9789230227470398,0.08728897,0.9724273756770064,0.824847250509165,0.676678445229682
Uformer-lite (L1),BraTS2021_00074,31.85963,0.9782232642173767,0.0896897,0.9770459081836327,0.9019033674963397,0.6927465362673186
Uformer-lite (L1),BraTS2021_00074,32.078938,0.9799615740776062,0.087248586,0.968421052631579,0.8208871420550252,0.7031746031746032
Uformer-lite (L1),BraTS2021_00074,32.212864,0.9804559946060181,0.086928226,0.9673694779116466,0.9581442259203228,0.7557959814528593
Uformer-lite (L1),BraTS2021_00074,32.343258,0.9810540080070496,0.08528584,0.9753744605229754,0.9306329113924051,0.7563318777292577
Uformer-lite (L1),BraTS2021_00074,32.661377,0.9828932285308838,0.08275523,0.9790523690773068,0.9314227226202662,0.7635270541082164
Uformer-lite (L1),BraTS2021_00074,32.4526,0.984097421169281,0.08061249,0.9742063492063492,0.9229144667370645,0.7601713062098501
Uformer-lite (L1),BraTS2021_00074,32.71601,0.98313969373703,0.081614316,0.9556227937468482,0.8537647790914747,0.7672514619883041
Uformer-lite (L1),BraTS2021_00074,32.85009,0.9830319881439209,0.08040936,0.957307885484681,0.7881297446514838,0.7663551401869159
Uformer-lite (L1),BraTS2021_00074,32.84537,0.9825119376182556,0.08146672,0.9661058278468666,0.8263845675171126,0.8126463700234192
Uformer-lite (L1),BraTS2021_00074,32.779675,0.9832424521446228,0.08024994,0.9665480427046264,0.578125,0.6041958041958042
Uformer-lite (L1),BraTS2021_00074,33.117725,0.9852669835090637,0.07577974,0.9765871229176046,0.6450704225352113,0.65283540802213
Uformer-lite (L1),BraTS2021_00074,33.072495,0.9856194853782654,0.07563934,0.9750889679715302,0.34655172413793106,0.5028142589118199
Uformer-lite (L1),BraTS2021_00074,33.269775,0.9844691157341003,0.077007644,0.975235590620206,0.3532710280373832,0.5627376425855514
Uformer-lite (L1),BraTS2021_00074,33.164516,0.9860078692436218,0.07409117,0.9730200174064404,0.3853061224489796,0.6
Uformer-lite (L1),BraTS2021_00074,33.607513,0.9844058752059937,0.074488156,0.979582875960483,0.6106995884773663,0.8348348348348348
Uformer-lite (L1),BraTS2021_00074,33.66076,0.9852414727210999,0.072179504,0.9722036913497888,0.4559505409582689,0.7024029574861368
Uformer-lite (L1),BraTS2021_00074,33.51792,0.9861335754394531,0.072145246,0.9800761137228565,0.41524736415247365,0.6681034482758621
Uformer-lite (L1),BraTS2021_00074,33.850468,0.985882043838501,0.07200855,0.9816832830976119,0.288153681963714,0.4365781710914454
Uformer-lite (L1),BraTS2021_00074,33.915764,0.9859904050827026,0.07095558,0.9770918736435977,0.43580683156654887,0.3524590163934426
Uformer-lite (L1),BraTS2021_00074,34.149773,0.9862721562385559,0.07106407,0.9846913580246913,0.19373219373219372,0.0
Uformer-lite (L1),BraTS2021_00074,33.90843,0.985615611076355,0.07174961,0.9869543401906673,0.23923444976076555,0.0
Uformer-lite (L1),BraTS2021_00074,33.809666,0.9864284992218018,0.07222328,0.9834815756035579,0.0916030534351145,0.0
Uformer-lite (L1),BraTS2021_00074,33.627132,0.986212432384491,0.07322059,0.9823031546550397,0.0,nan
Uformer-lite (L1),BraTS2021_00074,33.449474,0.9849899411201477,0.07407275,0.9928741092636579,0.0,nan
Uformer-lite (L1),BraTS2021_00074,33.467834,0.9845072031021118,0.075739354,0.9918270498286317,0.0,nan
Uformer-lite (L1),BraTS2021_00074,33.3239,0.9840219020843506,0.07652776,0.9889458074952817,0.0,nan
Uformer-lite (L1),BraTS2021_00074,33.072,0.9837534427642822,0.07898827,0.9890530925013684,0.0,nan
Uformer-lite (L1),BraTS2021_00074,32.89378,0.9825770854949951,0.08008558,0.9843837144450641,0.0,nan
Uformer-lite (L1),BraTS2021_00074,32.920845,0.9836241006851196,0.07879505,0.9819347319347319,0.0,nan
Uformer-lite (L1),BraTS2021_00074,32.80121,0.9812355637550354,0.083298005,0.9802491643877241,0.0,nan
Uformer-lite (L1),BraTS2021_00074,32.715157,0.9789056777954102,0.08402307,0.9766414141414141,0.0,nan
Uformer-lite (L1),BraTS2021_00074,32.498,0.9794971942901611,0.08509526,0.9737876802096985,0.0,nan
Uformer-lite (L1),BraTS2021_00074,32.764816,0.9789798855781555,0.085878015,0.9736842105263158,0.0,nan
Uformer-lite (L1),BraTS2021_00074,32.678436,0.9795444011688232,0.08366575,0.9801462904911181,0.0,nan
Uformer-lite (L1),BraTS2021_00074,32.46373,0.9771319627761841,0.089367725,0.9749719835636907,0.0,nan
Uformer-lite (L1),BraTS2021_00074,32.137676,0.9732829332351685,0.09388668,0.9696727853152434,0.0,nan
Uformer-lite (L1),BraTS2021_00074,32.048634,0.9741693735122681,0.09411733,0.949741662752466,nan,nan
Uformer-lite (L1),BraTS2021_00074,31.919727,0.9764867424964905,0.09344059,0.9445341949380721,nan,nan
Uformer-lite (L1),BraTS2021_00074,32.11337,0.9734243750572205,0.097587496,0.93625,nan,nan
Uformer-lite (L1),BraTS2021_00074,31.832394,0.972495436668396,0.099234514,0.8963317384370016,nan,nan
Uformer-lite (L1),BraTS2021_00074,31.525087,0.9653418064117432,0.10772788,0.7065727699530516,nan,nan
Uformer-lite (L1),BraTS2021_00077,29.550694,0.9731442332267761,0.13058232,0.9271523178807947,nan,nan
Uformer-lite (L1),BraTS2021_00077,29.67969,0.9750131964683533,0.121898584,0.8571428571428571,nan,nan
Uformer-lite (L1),BraTS2021_00077,29.893711,0.9747287034988403,0.12035354,0.9344262295081968,nan,nan
Uformer-lite (L1),BraTS2021_00077,30.033825,0.9746852517127991,0.11934939,0.7950310559006211,nan,nan
Uformer-lite (L1),BraTS2021_00077,30.158306,0.9718630909919739,0.11884861,0.8191780821917808,nan,nan
Uformer-lite (L1),BraTS2021_00077,30.545319,0.9771907925605774,0.110148236,0.7615740740740741,nan,nan
Uformer-lite (L1),BraTS2021_00077,30.704998,0.9750818610191345,0.10975511,0.7762863534675615,nan,nan
Uformer-lite (L1),BraTS2021_00077,30.715855,0.9750341176986694,0.10813323,0.6773618538324421,0.0,0.0
Uformer-lite (L1),BraTS2021_00077,30.829145,0.975907564163208,0.10639464,0.7474589523064894,0.8951048951048951,0.8951048951048951
Uformer-lite (L1),BraTS2021_00077,30.576479,0.9718329906463623,0.10814637,0.6829268292682927,0.933852140077821,0.933852140077821
Uformer-lite (L1),BraTS2021_00077,30.758753,0.9740297794342041,0.10233274,0.6444534741974807,0.8710462287104623,0.8669950738916257
Uformer-lite (L1),BraTS2021_00077,31.117592,0.9758813977241516,0.09947302,0.6939597315436241,0.7752442996742671,0.7752442996742671
Uformer-lite (L1),BraTS2021_00077,31.146067,0.9765146374702454,0.098098285,0.8628808864265928,0.9023383768913342,0.9008264462809917
Uformer-lite (L1),BraTS2021_00077,31.354824,0.9783545732498169,0.09582378,0.8535564853556485,0.9423963133640553,0.9240196078431373
Uformer-lite (L1),BraTS2021_00077,31.189241,0.9811654090881348,0.092630014,0.8837209302325582,0.8973063973063973,0.8598306679209784
Uformer-lite (L1),BraTS2021_00077,31.125956,0.9818577766418457,0.09020086,0.9240077444336883,0.952076677316294,0.9016236867239733
Uformer-lite (L1),BraTS2021_00077,31.265772,0.9807316660881042,0.09241565,0.9189310577139007,0.927694406548431,0.8643592142188962
Uformer-lite (L1),BraTS2021_00077,31.317406,0.9823128581047058,0.08903713,0.9423713844115699,0.9655172413793104,0.9381761978361669
Uformer-lite (L1),BraTS2021_00077,31.25334,0.9830693006515503,0.088660575,0.9427161553314739,0.9430730478589421,0.9056603773584906
Uformer-lite (L1),BraTS2021_00077,31.175896,0.9829462170600891,0.088881,0.9547325102880658,0.9680851063829787,0.940959409594096
Uformer-lite (L1),BraTS2021_00077,31.197226,0.9845181703567505,0.08653031,0.9573111840834461,0.9549624687239366,0.9177489177489178
Uformer-lite (L1),BraTS2021_00077,31.090452,0.9847445487976074,0.086181805,0.9620586025544703,0.9852941176470589,0.9546568627450981
Uformer-lite (L1),BraTS2021_00077,30.9948,0.9837961196899414,0.08772443,0.9726898615787505,0.9808259587020649,0.946078431372549
Uformer-lite (L1),BraTS2021_00077,31.060707,0.9855436682701111,0.08447721,0.9702188733405095,0.9801739130434782,0.9495192307692307
Uformer-lite (L1),BraTS2021_00077,30.902626,0.9855830669403076,0.08436671,0.9715827338129497,0.9851851851851852,0.9615846338535414
Uformer-lite (L1),BraTS2021_00077,30.908545,0.9856269359588623,0.083745725,0.9740283001970267,0.9831849653808111,0.944891640866873
Uformer-lite (L1),BraTS2021_00077,30.86681,0.9862340092658997,0.08376391,0.9708092990735885,0.9841372612495953,0.9472312703583062
Uformer-lite (L1),BraTS2021_00077,30.77709,0.9872106313705444,0.08339564,0.9549699799866578,0.9644318539502675,0.8978494623655914
Uformer-lite (L1),BraTS2021_00077,30.895002,0.9868398308753967,0.08303639,0.9703208097443815,0.9804045512010113,0.9413388543823327
Uformer-lite (L1),BraTS2021_00077,30.835752,0.986964225769043,0.082461976,0.9674465920651069,0.972972972972973,0.9431578947368421
Uformer-lite (L1),BraTS2021_00077,31.197844,0.9869275093078613,0.08135158,0.9430867639822864,0.9611921763427507,0.9232934553131598
Uformer-lite (L1),BraTS2021_00077,31.066027,0.9881708025932312,0.07900574,0.9447993447993448,0.9592986850344396,0.9273504273504274
Uformer-lite (L1),BraTS2021_00077,31.331314,0.988054096698761,0.07877544,0.9686924493554327,0.9638324873096447,0.9313653136531366
Uformer-lite (L1),BraTS2021_00077,31.57381,0.9887990355491638,0.07511702,0.9678815110667333,0.9608974358974359,0.9343173431734317
Uformer-lite (L1),BraTS2021_00077,31.910248,0.9888941645622253,0.074278444,0.9508512688724703,0.9612698412698413,0.9177679882525698
Uformer-lite (L1),BraTS2021_00077,31.916805,0.9902788400650024,0.07258252,0.9549748110831234,0.9698931693104564,0.926040061633282
Uformer-lite (L1),BraTS2021_00077,32.067493,0.9908578991889954,0.069581494,0.9319039710101162,0.9760051880674449,0.873900293255132
Uformer-lite (L1),BraTS2021_00077,31.793383,0.9909855127334595,0.07034152,0.9401350337584397,0.9873837981407703,0.9196710942441493
Uformer-lite (L1),BraTS2021_00077,31.758629,0.9901614189147949,0.07172879,0.924514311137476,0.9655633567368773,0.9198879551820728
Uformer-lite (L1),BraTS2021_00077,31.74657,0.9902787208557129,0.07190642,0.9086376301510486,0.9749826268241835,0.931323283082077
Uformer-lite (L1),BraTS2021_00077,31.701382,0.9902456998825073,0.07224163,0.9066706108563822,0.9893733968486625,0.9539170506912442
Uformer-lite (L1),BraTS2021_00077,31.92139,0.99068284034729,0.070458956,0.8900724959313507,0.9813664596273292,0.9508196721311475
Uformer-lite (L1),BraTS2021_00077,31.691027,0.9902238249778748,0.07141697,0.8887565152643336,0.9722337339411521,0.9510337323177367
Uformer-lite (L1),BraTS2021_00077,31.939339,0.9907678365707397,0.070469625,0.889819105994917,0.976159514521023,0.9473106476399561
Uformer-lite (L1),BraTS2021_00077,31.807995,0.9893220067024231,0.07230101,0.8837351235886481,0.9615384615384616,0.9194837123540258
Uformer-lite (L1),BraTS2021_00077,31.733517,0.9889455437660217,0.07439781,0.8836273599504797,0.9113043478260869,0.8822269807280514
Uformer-lite (L1),BraTS2021_00077,31.896969,0.9886590838432312,0.07426619,0.8781645569620253,0.9450402144772118,0.9290515309932785
Uformer-lite (L1),BraTS2021_00077,31.75341,0.9877779483795166,0.075977534,0.8791350653542036,0.8848484848484849,0.873015873015873
Uformer-lite (L1),BraTS2021_00077,31.623564,0.9876718521118164,0.07651821,0.866721446179129,0.8935395814376706,0.8931506849315068
Uformer-lite (L1),BraTS2021_00077,31.703983,0.9877090454101562,0.07558103,0.8423737459615711,0.9588719153936546,0.9588719153936546
Uformer-lite (L1),BraTS2021_00077,31.752052,0.9858018755912781,0.07775992,0.8311641359363702,0.9470499243570348,0.9470499243570348
Uformer-lite (L1),BraTS2021_00077,31.727894,0.984902024269104,0.07878975,0.819075895342364,0.9352818371607515,0.9352818371607515
Uformer-lite (L1),BraTS2021_00077,31.331987,0.983476459980011,0.081942305,0.8017833921605053,0.8503401360544217,0.8458781362007168
Uformer-lite (L1),BraTS2021_00077,31.712858,0.9851425290107727,0.078994215,0.781121187139324,nan,nan
Uformer-lite (L1),BraTS2021_00077,31.7772,0.9832754731178284,0.08065072,0.799645390070922,nan,nan
Uformer-lite (L1),BraTS2021_00077,31.854553,0.9819256663322449,0.08365247,0.8329309512312892,nan,nan
Uformer-lite (L1),BraTS2021_00077,31.615828,0.9817551970481873,0.084185764,0.8217845854607343,nan,nan
Uformer-lite (L1),BraTS2021_00077,31.361944,0.9822512269020081,0.08351261,0.8377358490566038,nan,nan
Uformer-lite (L1),BraTS2021_00077,31.316635,0.9823064804077148,0.08587636,0.8455958549222798,nan,nan
Uformer-lite (L1),BraTS2021_00077,31.212063,0.9790798425674438,0.08953929,0.8666300768386389,nan,nan
Uformer-lite (L1),BraTS2021_00077,31.2743,0.9805535078048706,0.09004738,0.8962920046349943,nan,nan
Uformer-lite (L1),BraTS2021_00077,31.276848,0.9805831909179688,0.08993351,0.9627760252365931,nan,nan
Uformer-lite (L1),BraTS2021_00077,30.89124,0.9796479940414429,0.092844665,0.966025641025641,nan,nan
Uformer-lite (L1),BraTS2021_00077,30.924156,0.9784306287765503,0.09437169,0.966022651565623,nan,nan
Uformer-lite (L1),BraTS2021_00077,30.80683,0.9766095876693726,0.09833961,0.9682651622002821,nan,nan
Uformer-lite (L1),BraTS2021_00077,30.788,0.9784436821937561,0.09679175,0.947816003092385,0.0,0.0
Uformer-lite (L1),BraTS2021_00077,30.608414,0.97385573387146,0.102786034,0.9511754068716094,nan,nan
Uformer-lite (L1),BraTS2021_00077,30.265913,0.9758919477462769,0.10384239,0.9506361323155216,nan,nan
Uformer-lite (L1),BraTS2021_00077,30.335468,0.9733949899673462,0.10864131,0.8723404255319149,0.0,0.0
Uformer-lite (L1),BraTS2021_00077,30.174904,0.973555862903595,0.11010436,0.9093369418132612,0.0,0.0
Uformer-lite (L1),BraTS2021_00077,30.142483,0.9733684062957764,0.11390304,0.8989441930618401,0.0,0.0
Uformer-lite (L1),BraTS2021_00077,29.819878,0.9734225869178772,0.11978731,0.780952380952381,0.0,0.0
Uformer-lite (L1),BraTS2021_00077,29.829264,0.9711337685585022,0.12633088,0.8450106157112527,0.0,0.0
Uformer-lite (L1),BraTS2021_00077,29.614428,0.9729810357093811,0.12893137,0.7816377171215881,0.0,0.0
Uformer-lite (L1),BraTS2021_00077,29.916248,0.9749951958656311,0.12827158,0.7399702823179792,0.0,0.0
Uformer-lite (L1),BraTS2021_00077,29.963875,0.9771928787231445,0.12721537,0.4920863309352518,0.0,0.0
Uformer-lite (L1),BraTS2021_00081,30.761206,0.9755895137786865,0.15435082,0.0,nan,nan
Uformer-lite (L1),BraTS2021_00081,30.407692,0.974614679813385,0.15506658,0.0,nan,nan
Uformer-lite (L1),BraTS2021_00081,30.184086,0.9747036695480347,0.15340994,0.0,nan,nan
Uformer-lite (L1),BraTS2021_00081,30.466433,0.9756807088851929,0.14760344,0.0,nan,nan
Uformer-lite (L1),BraTS2021_00081,30.900879,0.9788967370986938,0.13586695,0.6092436974789915,nan,nan
Uformer-lite (L1),BraTS2021_00081,31.084255,0.9803041219711304,0.12878484,0.696588868940754,nan,nan
Uformer-lite (L1),BraTS2021_00081,30.783844,0.9794870018959045,0.13088255,0.7253731343283583,0.0,0.0
Uformer-lite (L1),BraTS2021_00081,30.993206,0.9799264669418335,0.1276103,0.8388625592417062,0.05,0.05
Uformer-lite (L1),BraTS2021_00081,30.956896,0.9809067249298096,0.124365084,0.9523809523809523,0.3308270676691729,0.3793103448275862
Uformer-lite (L1),BraTS2021_00081,31.05939,0.981672465801239,0.120674394,0.8930390492359932,0.4020356234096692,0.4619883040935672
Uformer-lite (L1),BraTS2021_00081,31.212944,0.9824461340904236,0.11793015,0.9057239057239057,0.6006006006006006,0.6369426751592356
Uformer-lite (L1),BraTS2021_00081,31.176538,0.9830322861671448,0.1160009,0.9309815950920245,0.59375,0.6422535211267606
Uformer-lite (L1),BraTS2021_00081,30.82217,0.9820849895477295,0.11960938,0.9525368248772504,0.933852140077821,0.933852140077821
Uformer-lite (L1),BraTS2021_00081,31.094446,0.9817555546760559,0.120112896,0.9274447949526814,0.7409326424870466,0.7467362924281984
Uformer-lite (L1),BraTS2021_00081,30.870441,0.9815584421157837,0.12027698,0.96362286562732,0.9221183800623053,0.9221183800623053
Uformer-lite (L1),BraTS2021_00081,30.951607,0.9827753901481628,0.11698161,0.9570637119113573,0.7897196261682243,0.7952941176470588
Uformer-lite (L1),BraTS2021_00081,31.103676,0.9831467270851135,0.11559632,0.9644932214331827,0.7752577319587629,0.7800829875518672
Uformer-lite (L1),BraTS2021_00081,30.804142,0.9828343391418457,0.11747845,0.9808286951144094,0.8898488120950324,0.8826086956521739
Uformer-lite (L1),BraTS2021_00081,30.540443,0.9835851192474365,0.11527742,0.9743589743589743,0.8856088560885609,0.8794063079777366
Uformer-lite (L1),BraTS2021_00081,30.267448,0.982634961605072,0.118861526,0.9626604434072346,0.9628252788104089,0.9628252788104089
Uformer-lite (L1),BraTS2021_00081,30.867445,0.9827616214752197,0.11760138,0.96125,0.8850393700787401,0.8850393700787401
Uformer-lite (L1),BraTS2021_00081,30.159767,0.982215940952301,0.119954646,0.9702072538860104,0.9105180533751962,0.9133858267716536
Uformer-lite (L1),BraTS2021_00081,29.748991,0.9790754914283752,0.12738259,0.9578231292517007,0.9548387096774194,0.9548387096774194
Uformer-lite (L1),BraTS2021_00081,29.866047,0.9799357652664185,0.12444026,0.9612856099342586,0.9818181818181818,0.9818181818181818
Uformer-lite (L1),BraTS2021_00081,30.350359,0.9805741906166077,0.1202696,0.9626687847498014,0.9506578947368421,0.9506578947368421
Uformer-lite (L1),BraTS2021_00081,29.82279,0.9774991869926453,0.12876128,0.9156193895870736,0.9447415329768271,0.9447415329768271
Uformer-lite (L1),BraTS2021_00081,29.822742,0.9776068925857544,0.1262177,0.9393034825870646,0.952561669829222,0.952561669829222
Uformer-lite (L1),BraTS2021_00081,30.264782,0.9788513779640198,0.1220934,0.9566115702479339,0.9461077844311377,0.9461077844311377
Uformer-lite (L1),BraTS2021_00081,30.518425,0.9793984293937683,0.11936793,0.9190871369294605,0.8376383763837638,0.8376383763837638
Uformer-lite (L1),BraTS2021_00081,30.941504,0.9808982014656067,0.11413167,0.9581920903954803,0.8617234468937875,0.8617234468937875
Uformer-lite (L1),BraTS2021_00081,30.894985,0.9807931780815125,0.11359316,0.9195652173913044,0.789980732177264,0.793036750483559
Uformer-lite (L1),BraTS2021_00081,30.884014,0.9809286594390869,0.11155087,0.9523809523809523,0.7991718426501035,0.7991718426501035
Uformer-lite (L1),BraTS2021_00081,30.897482,0.9800796508789062,0.11281602,0.945031712473573,0.9203084832904884,0.90625
Uformer-lite (L1),BraTS2021_00081,31.109535,0.9815222024917603,0.10939413,0.9457523029682702,0.9230769230769231,0.9050279329608939
Uformer-lite (L1),BraTS2021_00081,30.910458,0.9817208051681519,0.10757433,0.9511278195488722,0.7737226277372263,0.7737226277372263
Uformer-lite (L1),BraTS2021_00081,30.949514,0.9811124205589294,0.10860322,0.9426751592356688,0.9030303030303031,0.9030303030303031
Uformer-lite (L1),BraTS2021_00081,31.029894,0.982056736946106,0.1061518,0.976068376068376,0.7928994082840237,0.7928994082840237
Uformer-lite (L1),BraTS2021_00081,30.910557,0.9817527532577515,0.10693038,0.9672855879752431,0.869198312236287,0.869198312236287
Uformer-lite (L1),BraTS2021_00081,30.983809,0.9832102060317993,0.10390531,0.9476534296028881,0.6443514644351465,0.6443514644351465
Uformer-lite (L1),BraTS2021_00081,30.74668,0.9813058376312256,0.10732586,0.9609665427509294,0.7073170731707317,0.7073170731707317
Uformer-lite (L1),BraTS2021_00081,30.912086,0.9822142124176025,0.102552116,0.971042471042471,0.0,0.0
Uformer-lite (L1),BraTS2021_00081,31.097046,0.9820685982704163,0.10188133,0.9822485207100592,0.0,0.0
Uformer-lite (L1),BraTS2021_00081,31.000235,0.9811347723007202,0.101035684,0.9707724425887265,nan,nan
Uformer-lite (L1),BraTS2021_00081,31.221558,0.9823184013366699,0.099997275,0.971677559912854,nan,nan
Uformer-lite (L1),BraTS2021_00081,31.098558,0.9805704951286316,0.10040147,0.9523809523809523,nan,nan
Uformer-lite (L1),BraTS2021_00081,31.042168,0.9790072441101074,0.101333305,0.9518716577540107,nan,nan
Uformer-lite (L1),BraTS2021_00081,31.041832,0.9763954281806946,0.1047763,0.852994555353902,nan,nan
Uformer-lite (L1),BraTS2021_00081,31.100796,0.9767017960548401,0.10264057,0.7868852459016393,nan,nan
Uformer-lite (L1),BraTS2021_00081,31.047462,0.9777483344078064,0.10194221,0.7707317073170732,nan,nan
Uformer-lite (L1),BraTS2021_00081,31.042566,0.975892186164856,0.102374665,0.7083333333333334,nan,nan
Uformer-lite (L1),BraTS2021_00099,29.614075,0.9634427428245544,0.124589,0.7368421052631579,nan,nan
Uformer-lite (L1),BraTS2021_00099,29.746025,0.9623067378997803,0.12161534,0.8311688311688312,nan,nan
Uformer-lite (L1),BraTS2021_00099,29.729942,0.9624727964401245,0.120217904,0.7752808988764045,nan,nan
Uformer-lite (L1),BraTS2021_00099,29.903364,0.9639390110969543,0.11838439,0.0,nan,nan
Uformer-lite (L1),BraTS2021_00099,30.08775,0.9619981646537781,0.11593431,0.6491228070175439,nan,nan
Uformer-lite (L1),BraTS2021_00099,29.945288,0.9647294282913208,0.114000276,0.11838006230529595,nan,nan
Uformer-lite (L1),BraTS2021_00099,30.170212,0.9673311710357666,0.11049019,0.0,nan,nan
Uformer-lite (L1),BraTS2021_00099,30.505775,0.9663421511650085,0.10858969,0.329938900203666,nan,nan
Uformer-lite (L1),BraTS2021_00099,30.447548,0.9657500982284546,0.107553296,0.3169811320754717,0.0,0.0
Uformer-lite (L1),BraTS2021_00099,30.524712,0.9680506587028503,0.105801605,0.4482758620689655,0.0,0.0
Uformer-lite (L1),BraTS2021_00099,30.61865,0.9671902060508728,0.10586405,0.022304832713754646,0.0,0.0
Uformer-lite (L1),BraTS2021_00099,30.679401,0.9657358527183533,0.1057529,0.5910931174089069,0.4057971014492754,0.4057971014492754
Uformer-lite (L1),BraTS2021_00099,30.575855,0.9679688811302185,0.10332672,0.8837209302325582,0.8636363636363636,0.8636363636363636
Uformer-lite (L1),BraTS2021_00099,30.656012,0.966955304145813,0.10510128,0.8811188811188811,0.8840579710144928,0.8840579710144928
Uformer-lite (L1),BraTS2021_00099,30.51802,0.9669246077537537,0.1034939,0.874113475177305,0.7051282051282052,0.7051282051282052
Uformer-lite (L1),BraTS2021_00099,30.133564,0.9684748649597168,0.1030982,0.9139307897071872,0.6814814814814815,0.6814814814814815
Uformer-lite (L1),BraTS2021_00099,30.434372,0.9684422016143799,0.10327396,0.9392643284858854,0.23809523809523808,0.23809523809523808
Uformer-lite (L1),BraTS2021_00099,30.239807,0.9705203771591187,0.10156307,0.8829268292682927,0.0,0.0
Uformer-lite (L1),BraTS2021_00099,30.405804,0.9713298082351685,0.10280646,0.878714859437751,nan,nan
Uformer-lite (L1),BraTS2021_00099,30.223213,0.9733841419219971,0.10171977,0.8692365835222978,nan,nan
Uformer-lite (L1),BraTS2021_00099,30.45457,0.9747216105461121,0.098112635,0.730817610062893,nan,nan
Uformer-lite (L1),BraTS2021_00099,30.667835,0.9769739508628845,0.09571692,0.7863137508069722,0.0,0.0
Uformer-lite (L1),BraTS2021_00099,30.49828,0.9754387140274048,0.09842571,0.7902439024390244,0.0,0.0
Uformer-lite (L1),BraTS2021_00099,30.54258,0.9784653782844543,0.09519627,0.8250825082508251,0.0,0.0
Uformer-lite (L1),BraTS2021_00099,30.574379,0.9785947799682617,0.09480739,0.7503844182470528,0.0,0.0
Uformer-lite (L1),BraTS2021_00099,31.121456,0.980414092540741,0.09048717,0.7206185567010309,0.0,0.0
Uformer-lite (L1),BraTS2021_00099,30.928795,0.9814174175262451,0.08982494,0.743417656169334,0.125,0.125
Uformer-lite (L1),BraTS2021_00099,31.213581,0.9823931455612183,0.08746109,0.6608695652173913,0.4343891402714932,0.42452830188679247
Uformer-lite (L1),BraTS2021_00099,31.439829,0.9829184412956238,0.08604548,0.6653445711452652,0.5610561056105611,0.6785714285714286
Uformer-lite (L1),BraTS2021_00099,31.521788,0.9836359620094299,0.086037695,0.7142168674698796,0.9282511210762332,0.7782101167315175
Uformer-lite (L1),BraTS2021_00099,31.316336,0.984302282333374,0.08390978,0.7993182786536004,0.8922495274102079,0.6923076923076923
Uformer-lite (L1),BraTS2021_00099,31.465284,0.9836052656173706,0.084602766,0.8821548821548821,0.9144634525660964,0.6816720257234726
Uformer-lite (L1),BraTS2021_00099,31.561855,0.9825417995452881,0.08512839,0.8550387596899225,0.9158345221112696,0.7017543859649122
Uformer-lite (L1),BraTS2021_00099,31.311028,0.9827698469161987,0.08598927,0.8530841121495327,0.9411764705882353,0.7950310559006211
Uformer-lite (L1),BraTS2021_00099,31.394997,0.9803279042243958,0.08898512,0.797084771768316,0.9083769633507853,0.6842105263157895
Uformer-lite (L1),BraTS2021_00099,30.939638,0.9789696931838989,0.09171586,0.8143895905089935,0.928654970760234,0.7717391304347826
Uformer-lite (L1),BraTS2021_00099,31.093924,0.9757435917854309,0.093484566,0.8316981132075472,0.9484029484029484,0.8157894736842105
Uformer-lite (L1),BraTS2021_00099,30.732576,0.9750695824623108,0.09322366,0.852975047984645,0.9334889148191365,0.7976539589442815
Uformer-lite (L1),BraTS2021_00099,30.913834,0.974069356918335,0.09408094,0.9138211382113821,0.9234629861982434,0.7101449275362319
Uformer-lite (L1),BraTS2021_00099,30.829948,0.9755075573921204,0.09336263,0.9341208541572013,0.9651741293532339,0.8618421052631579
Uformer-lite (L1),BraTS2021_00099,30.269756,0.97395920753479,0.09772821,0.9490060501296457,0.9554455445544554,0.821656050955414
Uformer-lite (L1),BraTS2021_00099,30.351543,0.9750267863273621,0.09729536,0.9432162982228002,0.9226736566186108,0.676056338028169
Uformer-lite (L1),BraTS2021_00099,30.182556,0.9748749732971191,0.09890255,0.9493729679516953,0.9160739687055477,0.7307692307692307
Uformer-lite (L1),BraTS2021_00099,30.181017,0.9726694226264954,0.10242519,0.94818401937046,0.946236559139785,0.8269794721407625
Uformer-lite (L1),BraTS2021_00099,29.988533,0.9729710817337036,0.10263596,0.9153730595893841,0.9357541899441341,0.8152492668621701
Uformer-lite (L1),BraTS2021_00099,29.825975,0.9728865027427673,0.10440519,0.9473684210526315,0.9512555391432792,0.8375
Uformer-lite (L1),BraTS2021_00099,29.650843,0.9737683534622192,0.10795176,0.9607438016528925,0.91875,0.782608695652174
Uformer-lite (L1),BraTS2021_00099,29.407694,0.9735063910484314,0.109180436,0.8981693363844394,0.7166666666666667,0.5727699530516432
Uformer-lite (L1),BraTS2021_00099,29.187935,0.9729044437408447,0.11132284,0.9343629343629344,0.8809073724007561,0.758893280632411
Uformer-lite (L1),BraTS2021_00099,28.960392,0.9723114967346191,0.11652448,0.9279749478079332,0.9190207156308852,0.8333333333333334
Uformer-lite (L1),BraTS2021_00099,29.256916,0.9738300442695618,0.11440683,0.9286880783886772,0.9102296450939458,0.7933884297520661
Uformer-lite (L1),BraTS2021_00099,29.270092,0.9744628667831421,0.1147516,0.9195804195804196,0.9411764705882353,0.8654545454545455
Uformer-lite (L1),BraTS2021_00099,29.544409,0.9762362837791443,0.1128193,0.8833010960670535,0.5597269624573379,0.4444444444444444
Uformer-lite (L1),BraTS2021_00099,29.172329,0.9737011194229126,0.121070705,0.941656942823804,0.9066666666666666,0.8311688311688312
Uformer-lite (L1),BraTS2021_00099,28.96631,0.9755692481994629,0.121485405,0.9470553242117787,0.7630522088353414,0.6628571428571428
Uformer-lite (L1),BraTS2021_00099,29.064741,0.9768199920654297,0.12074841,0.9422275163787969,0.717948717948718,0.625
Uformer-lite (L1),BraTS2021_00099,29.272871,0.9794677495956421,0.11694916,0.9435531788472965,0.945054945054945,0.945054945054945
Uformer-lite (L1),BraTS2021_00099,29.225212,0.9780815839767456,0.12188759,0.9437125748502994,0.912,0.9344262295081968
Uformer-lite (L1),BraTS2021_00099,29.229591,0.9793840646743774,0.12101693,0.9633375474083439,0.0,0.0
Uformer-lite (L1),BraTS2021_00099,28.808882,0.9788068532943726,0.12730856,0.9675281643472499,nan,nan
Uformer-lite (L1),BraTS2021_00099,28.890484,0.9799261093139648,0.1262701,0.9721656483367278,nan,nan
Uformer-lite (L1),BraTS2021_00099,28.790642,0.9787696599960327,0.13200815,0.9665955934612651,nan,nan
Uformer-lite (L1),BraTS2021_00099,28.890059,0.9788633584976196,0.13688847,0.9728915662650602,nan,nan
Uformer-lite (L1),BraTS2021_00099,28.860968,0.9800532460212708,0.13790953,0.9572925060435133,nan,nan
Uformer-lite (L1),BraTS2021_00099,29.040245,0.9800637364387512,0.14095196,0.9573542210617929,0.0,0.0
Uformer-lite (L1),BraTS2021_00099,28.815117,0.9791905283927917,0.14817168,0.937888198757764,nan,nan
Uformer-lite (L1),BraTS2021_00099,29.223059,0.9811400175094604,0.14544967,0.8593548387096774,nan,nan
Uformer-lite (L1),BraTS2021_00099,29.604864,0.9813506007194519,0.14790706,0.9117221418234442,nan,nan
Uformer-lite (L1),BraTS2021_00099,29.398903,0.9803009033203125,0.15652855,0.9365351629502573,nan,nan
Uformer-lite (L1),BraTS2021_00099,29.838373,0.9807590842247009,0.15870674,0.863961813842482,nan,nan
Uformer-lite (L1),BraTS2021_00099,30.355064,0.9810776114463806,0.16154663,0.8498402555910544,nan,nan
Uformer-lite (L1),BraTS2021_00100,29.412907,0.9624201655387878,0.09905461,0.7264150943396226,0.7768595041322314,0.7768595041322314
Uformer-lite (L1),BraTS2021_00100,29.984625,0.964668333530426,0.09251388,0.7248764415156508,0.8,0.8
Uformer-lite (L1),BraTS2021_00100,29.913214,0.9618191123008728,0.09288121,0.8314285714285714,0.900990099009901,0.900990099009901
Uformer-lite (L1),BraTS2021_00100,30.094194,0.9631385803222656,0.0905225,0.8305882352941176,0.8303571428571429,0.8378378378378378
Uformer-lite (L1),BraTS2021_00100,30.086393,0.9573928713798523,0.08756785,0.9092741935483871,0.9186602870813397,0.9186602870813397
Uformer-lite (L1),BraTS2021_00100,30.38649,0.9533005952835083,0.08884184,0.8946910356832027,0.8327645051194539,0.8287671232876712
Uformer-lite (L1),BraTS2021_00100,30.728783,0.9525460600852966,0.082727164,0.8901273885350318,0.8471177944862155,0.8413098236775819
Uformer-lite (L1),BraTS2021_00100,31.186985,0.9513210654258728,0.079210654,0.8970814132104454,0.8440748440748441,0.8220338983050848
Uformer-lite (L1),BraTS2021_00100,31.399622,0.9563509821891785,0.075416885,0.8976377952755905,0.8110403397027601,0.7869565217391304
Uformer-lite (L1),BraTS2021_00100,31.60692,0.9593209028244019,0.073637225,0.8910761154855643,0.8525252525252526,0.7948164146868251
Uformer-lite (L1),BraTS2021_00100,31.669136,0.9587670564651489,0.07478021,0.9115646258503401,0.8339350180505415,0.8105065666041276
Uformer-lite (L1),BraTS2021_00100,31.57412,0.9612312316894531,0.07187856,0.9165227403569373,0.7852112676056338,0.7454545454545455
Uformer-lite (L1),BraTS2021_00100,31.89124,0.9652225971221924,0.070552394,0.9272637308263236,0.8763693270735524,0.8576
Uformer-lite (L1),BraTS2021_00100,31.534824,0.9647423624992371,0.07167677,0.9367429340511441,0.8504901960784313,0.7979002624671916
Uformer-lite (L1),BraTS2021_00100,31.70927,0.9642054438591003,0.07227098,0.8951448388412893,0.9065743944636678,0.783180026281209
Uformer-lite (L1),BraTS2021_00100,31.684956,0.9692524075508118,0.06953829,0.9514834205933682,0.8928950159066809,0.7783132530120482
Uformer-lite (L1),BraTS2021_00100,31.629879,0.9712952375411987,0.069784,0.954590652966523,0.919431279620853,0.8428720083246618
Uformer-lite (L1),BraTS2021_00100,31.789165,0.9741212725639343,0.06903147,0.9488740109555691,0.9206349206349206,0.865616311399444
Uformer-lite (L1),BraTS2021_00100,31.602566,0.9757623076438904,0.070029974,0.9690949227373068,0.9156086631814787,0.8627450980392157
Uformer-lite (L1),BraTS2021_00100,31.532848,0.9761512279510498,0.06974518,0.9709500130855797,0.9422283356258597,0.8958944281524927
Uformer-lite (L1),BraTS2021_00100,31.454012,0.9766003489494324,0.069908895,0.9721880383952745,0.9145248057381948,0.8844155844155844
Uformer-lite (L1),BraTS2021_00100,31.60613,0.9779841899871826,0.0677276,0.9672531769305963,0.9369797859690844,0.9157088122605364
Uformer-lite (L1),BraTS2021_00100,31.757414,0.981873631477356,0.06598251,0.9776223776223776,0.9452380952380952,0.9148936170212766
Uformer-lite (L1),BraTS2021_00100,31.744364,0.9827783703804016,0.06513004,0.9765715611227094,0.9651293588301463,0.9335054874112331
Uformer-lite (L1),BraTS2021_00100,31.953012,0.9837396144866943,0.063472316,0.9745237548772091,0.9653631284916201,0.9360877985797289
Uformer-lite (L1),BraTS2021_00100,31.6973,0.9852724671363831,0.06317931,0.9699281867145422,0.9469737546866631,0.926224426534408
Uformer-lite (L1),BraTS2021_00100,31.987455,0.9857292771339417,0.061889824,0.9775804661487236,0.9570680628272251,0.9303721488595438
Uformer-lite (L1),BraTS2021_00100,32.157303,0.98447185754776,0.061054982,0.9730912273025596,0.9453085800301053,0.9217289719626168
Uformer-lite (L1),BraTS2021_00100,32.30068,0.9838879108428955,0.060506005,0.9777389786119598,0.957436154231347,0.9283634245777519
Uformer-lite (L1),BraTS2021_00100,32.431305,0.9826459884643555,0.06162956,0.9776413853572994,0.9624505928853755,0.9323131253678635
Uformer-lite (L1),BraTS2021_00100,32.393192,0.9812605977058411,0.061824303,0.9748633879781421,0.9473684210526315,0.9085614443797321
Uformer-lite (L1),BraTS2021_00100,32.282906,0.9820526242256165,0.06075798,0.9778637438211907,0.9381995133819951,0.8961038961038961
Uformer-lite (L1),BraTS2021_00100,32.32814,0.981091320514679,0.059841603,0.9787141615986099,0.9542801556420234,0.9126760563380282
Uformer-lite (L1),BraTS2021_00100,32.560192,0.979259729385376,0.06064748,0.981363736022802,0.9588353413654619,0.9227298364354202
Uformer-lite (L1),BraTS2021_00100,32.46603,0.9798630475997925,0.061036225,0.9833988641328091,0.906679298910469,0.8682328907048008
Uformer-lite (L1),BraTS2021_00100,32.435944,0.9791378974914551,0.062156815,0.9788465820529949,0.9408602150537635,0.9071555292726198
Uformer-lite (L1),BraTS2021_00100,32.06125,0.9784497618675232,0.06427476,0.9800995024875622,0.928246013667426,0.8915816326530612
Uformer-lite (L1),BraTS2021_00100,31.973488,0.978156566619873,0.066156715,0.979837775202781,0.9296296296296296,0.8993576017130621
Uformer-lite (L1),BraTS2021_00100,31.975002,0.977146565914154,0.06672123,0.9790143834001415,0.9293583927414129,0.9043097151205259
Uformer-lite (L1),BraTS2021_00100,31.771603,0.9786285758018494,0.06674311,0.973100519112789,0.92790863668808,0.9026819923371647
Uformer-lite (L1),BraTS2021_00100,31.946648,0.9776496887207031,0.066486135,0.9781871061560834,0.93111279333838,0.9058084772370487
Uformer-lite (L1),BraTS2021_00100,31.694233,0.9788240194320679,0.06894308,0.9697565773297271,0.9174603174603174,0.8996763754045307
Uformer-lite (L1),BraTS2021_00100,31.717728,0.9779071807861328,0.068635955,0.9734193548387097,0.8691588785046729,0.8649155722326454
Uformer-lite (L1),BraTS2021_00100,31.66463,0.979984700679779,0.0691834,0.9705263157894737,0.8308351177730193,0.8232758620689655
Uformer-lite (L1),BraTS2021_00100,31.5395,0.9788970947265625,0.0717293,0.9743589743589743,0.9095182138660399,0.8991696322657177
Uformer-lite (L1),BraTS2021_00100,31.499401,0.979323148727417,0.07229319,0.9689341189073379,0.8681983071342201,0.8620268620268621
Uformer-lite (L1),BraTS2021_00100,31.571823,0.9806519150733948,0.07215998,0.9739413680781759,0.8345864661654135,0.8257575757575758
Uformer-lite (L1),BraTS2021_00100,31.045574,0.9788783192634583,0.077259265,0.9590027700831025,0.7562776957163959,0.7687687687687688
Uformer-lite (L1),BraTS2021_00100,30.945177,0.9785079956054688,0.079087086,0.9599521817095039,0.7120181405895691,0.7139588100686499
Uformer-lite (L1),BraTS2021_00100,30.604582,0.9782754778862,0.08258419,0.9571884984025559,0.6187050359712231,0.6209386281588448
Uformer-lite (L1),BraTS2021_00100,30.585217,0.980219841003418,0.082151756,0.9562822719449225,0.0,0.0
Uformer-lite (L1),BraTS2021_00100,30.357864,0.9788442850112915,0.087360784,0.9553010712966383,0.0,0.0
Uformer-lite (L1),BraTS2021_00100,30.11054,0.9796137809753418,0.0889149,0.9670846394984326,0.0,0.0
Uformer-lite (L1),BraTS2021_00100,30.340763,0.9811559915542603,0.08736047,0.9689336691855583,0.0,0.0
Uformer-lite (L1),BraTS2021_00100,30.033209,0.9800935983657837,0.09298142,0.953427065026362,0.0,0.0
Uformer-lite (L1),BraTS2021_00100,30.010193,0.9798581004142761,0.0973755,0.9534568459105287,0.0,0.0
Uformer-lite (L1),BraTS2021_00100,29.835176,0.9808345437049866,0.09816375,0.9356343283582089,0.0,0.0
Uformer-lite (L1),BraTS2021_00100,29.890568,0.9813516736030579,0.100724176,0.9351669941060904,0.0,0.0
Uformer-lite (L1),BraTS2021_00100,30.04369,0.9814887642860413,0.104121484,0.923982869379015,0.0,0.0
Uformer-lite (L1),BraTS2021_00100,29.449036,0.9795714616775513,0.114612766,0.8954854669140383,0.0,0.0
Uformer-lite (L1),BraTS2021_00100,29.396059,0.9810893535614014,0.115756646,0.8882309400444115,0.0,0.0
Uformer-lite (L1),BraTS2021_00100,30.053284,0.9824528694152832,0.11713837,0.8231349538977368,nan,nan
Uformer-lite (L1),BraTS2021_00100,29.995274,0.9833192825317383,0.11857079,0.7908309455587392,0.0,0.0
Uformer-lite (L1),BraTS2021_00100,30.029743,0.9842386841773987,0.12123161,0.7630979498861048,nan,nan
Uformer-lite (L1),BraTS2021_00100,29.400993,0.9820852279663086,0.13466093,0.738898756660746,nan,nan
Uformer-lite (L1),BraTS2021_00115,31.097569,0.9771842956542969,0.09764832,0.18085106382978725,nan,nan
Uformer-lite (L1),BraTS2021_00115,31.036205,0.9784895777702332,0.09347497,0.7990970654627539,nan,nan
Uformer-lite (L1),BraTS2021_00115,30.828182,0.974700927734375,0.09661306,0.7085427135678392,0.0,0.0
Uformer-lite (L1),BraTS2021_00115,30.372164,0.9709386825561523,0.10151022,0.7355072463768116,0.37623762376237624,0.37623762376237624
Uformer-lite (L1),BraTS2021_00115,30.716515,0.9693567156791687,0.09795873,0.919226393629124,0.8506787330316742,0.8506787330316742
Uformer-lite (L1),BraTS2021_00115,30.736988,0.9712418913841248,0.09518625,0.8696655132641292,0.5258620689655172,0.33170731707317075
Uformer-lite (L1),BraTS2021_00115,30.714989,0.9729005694389343,0.09346294,0.9254302103250478,0.7848837209302325,0.6590038314176245
Uformer-lite (L1),BraTS2021_00115,30.891676,0.9724127054214478,0.089936756,0.9383802816901409,0.7153284671532847,0.6199261992619927
Uformer-lite (L1),BraTS2021_00115,31.006472,0.9706144332885742,0.08836202,0.9217687074829932,0.8445297504798465,0.7132867132867133
Uformer-lite (L1),BraTS2021_00115,31.649553,0.9756941795349121,0.082019925,0.9168609168609169,0.6326129666011788,0.5652173913043478
Uformer-lite (L1),BraTS2021_00115,31.582237,0.971304714679718,0.08335923,0.839546191247974,0.6607773851590106,0.5134099616858238
Uformer-lite (L1),BraTS2021_00115,31.735752,0.9738100171089172,0.07953525,0.9616963064295485,0.9458762886597938,0.8432432432432433
Uformer-lite (L1),BraTS2021_00115,31.919212,0.9749460816383362,0.07598365,0.9201365187713311,0.6265822784810127,0.7058823529411765
Uformer-lite (L1),BraTS2021_00115,31.867981,0.976033627986908,0.07627448,0.9074433656957929,0.7319727891156462,0.7074468085106383
Uformer-lite (L1),BraTS2021_00115,31.887789,0.9764690399169922,0.07497948,0.9307875894988067,0.7807881773399015,0.7586206896551724
Uformer-lite (L1),BraTS2021_00115,31.89871,0.9744907021522522,0.07633826,0.95096921322691,0.5945205479452055,0.6790697674418604
Uformer-lite (L1),BraTS2021_00115,32.14381,0.9722490310668945,0.07527622,0.9642660802638813,0.9545454545454546,0.8665377176015474
Uformer-lite (L1),BraTS2021_00115,32.004066,0.9747083187103271,0.0741422,0.9581993569131833,0.9457364341085271,0.8838095238095238
Uformer-lite (L1),BraTS2021_00115,32.013756,0.9748280048370361,0.07391533,0.9622739018087856,0.9393090569561158,0.8646748681898067
Uformer-lite (L1),BraTS2021_00115,32.238167,0.9767541289329529,0.07302459,0.9486404833836858,0.9114631873252563,0.8670309653916212
Uformer-lite (L1),BraTS2021_00115,32.032013,0.9774872064590454,0.07274516,0.9388971684053651,0.8044806517311609,0.807920792079208
Uformer-lite (L1),BraTS2021_00115,31.924385,0.9723865985870361,0.07477397,0.9466929911154985,0.7300215982721382,0.8333333333333334
Uformer-lite (L1),BraTS2021_00115,32.240845,0.9769207835197449,0.072160386,0.9521016617790812,0.7886178861788617,0.8232848232848233
Uformer-lite (L1),BraTS2021_00115,32.097614,0.9785205125808716,0.07292093,0.9594659036719122,0.7684319833852544,0.8640595903165735
Uformer-lite (L1),BraTS2021_00115,31.899576,0.9780913591384888,0.07258378,0.929438202247191,0.878645343367827,0.850909090909091
Uformer-lite (L1),BraTS2021_00115,32.023262,0.9757325053215027,0.07358207,0.9626900046061723,0.8765315739868049,0.8727272727272727
Uformer-lite (L1),BraTS2021_00115,32.087322,0.9754390120506287,0.07327604,0.964824120603015,0.9234972677595629,0.8885448916408669
Uformer-lite (L1),BraTS2021_00115,32.08731,0.9751188158988953,0.07273232,0.9673321234119783,0.9204025617566332,0.8837876614060258
Uformer-lite (L1),BraTS2021_00115,32.193405,0.9811868667602539,0.06863765,0.9738891433806688,0.8571428571428571,0.8340807174887892
Uformer-lite (L1),BraTS2021_00115,32.500732,0.9798259735107422,0.06923227,0.9727699530516432,0.8957915831663327,0.8502024291497976
Uformer-lite (L1),BraTS2021_00115,32.45746,0.9812739491462708,0.06799067,0.9647172547124214,0.8469827586206896,0.8387096774193549
Uformer-lite (L1),BraTS2021_00115,32.896393,0.9841761589050293,0.06443716,0.9672371638141809,0.9057815845824411,0.8700980392156863
Uformer-lite (L1),BraTS2021_00115,32.879635,0.9838277697563171,0.062615804,0.958,0.9518828451882845,0.9218203033838973
Uformer-lite (L1),BraTS2021_00115,33.11499,0.9844486713409424,0.06244773,0.9511930585683297,0.8271446862996159,0.7920792079207921
Uformer-lite (L1),BraTS2021_00115,33.12381,0.9806848764419556,0.062560536,0.9464668094218416,0.909541511771995,0.8620199146514936
Uformer-lite (L1),BraTS2021_00115,33.197166,0.9829283952713013,0.06199135,0.9442658092175777,0.9333333333333333,0.8840336134453781
Uformer-lite (L1),BraTS2021_00115,33.411247,0.9806885123252869,0.06238838,0.9558823529411765,0.9575289575289575,0.9194139194139194
Uformer-lite (L1),BraTS2021_00115,33.623627,0.9830130338668823,0.060760267,0.940628637951106,0.8911465892597968,0.8114035087719298
Uformer-lite (L1),BraTS2021_00115,33.72641,0.985771119594574,0.057584908,0.9173111243307555,0.8967642526964561,0.8208616780045351
Uformer-lite (L1),BraTS2021_00115,33.58154,0.9845923185348511,0.06036377,0.9361963190184049,0.8719723183391004,0.8056206088992974
Uformer-lite (L1),BraTS2021_00115,33.42808,0.9823822975158691,0.060696818,0.919454770755886,0.905511811023622,0.8647342995169082
Uformer-lite (L1),BraTS2021_00115,33.67745,0.9831259250640869,0.059454944,0.9063482086737901,0.933920704845815,0.9095607235142119
Uformer-lite (L1),BraTS2021_00115,33.7174,0.9836385250091553,0.059399806,0.961038961038961,0.8793103448275862,0.8553054662379421
Uformer-lite (L1),BraTS2021_00115,33.465126,0.9789223670959473,0.061025534,0.8852459016393442,0.7338709677419355,0.7235772357723578
Uformer-lite (L1),BraTS2021_00115,33.9317,0.9855761528015137,0.058262497,0.9072315558802045,0.7853403141361257,0.7789473684210526
Uformer-lite (L1),BraTS2021_00115,33.810013,0.9851175546646118,0.05916187,0.9288506645817045,0.6906474820143885,0.6906474820143885
Uformer-lite (L1),BraTS2021_00115,33.76106,0.9804581999778748,0.06265542,0.9347471451876019,0.0,0.0
Uformer-lite (L1),BraTS2021_00115,33.746857,0.9804832339286804,0.061258778,0.9228187919463087,0.0,0.0
Uformer-lite (L1),BraTS2021_00115,33.473633,0.9836406707763672,0.062192876,0.9455587392550143,0.0,0.0
Uformer-lite (L1),BraTS2021_00115,33.40415,0.979834794998169,0.06352381,0.9590643274853801,0.0,0.0
Uformer-lite (L1),BraTS2021_00115,33.22807,0.9829253554344177,0.06366961,0.9394572025052192,nan,nan
Uformer-lite (L1),BraTS2021_00115,33.060074,0.9830666780471802,0.0649327,0.9385342789598109,nan,nan
Uformer-lite (L1),BraTS2021_00115,33.27621,0.9807004332542419,0.064011365,0.9003115264797508,nan,nan
Uformer-lite (L1),BraTS2021_00115,33.175556,0.9820152521133423,0.06544446,0.9074733096085409,nan,nan
Uformer-lite (L1),BraTS2021_00115,32.847588,0.9803808927536011,0.067894876,0.7870619946091644,nan,nan
Uformer-lite (L1),BraTS2021_00115,32.901196,0.9824845790863037,0.06708966,0.5411764705882353,nan,nan
Uformer-lite (L1),BraTS2021_00115,33.01226,0.9851985573768616,0.06598838,0.8561151079136691,nan,nan
Uformer-lite (L1),BraTS2021_00115,32.58024,0.9839386940002441,0.06948226,0.0,nan,nan
Uformer-lite (L1),BraTS2021_00115,32.523735,0.9806881546974182,0.07232022,0.9021739130434783,nan,nan
Uformer-lite (L1),BraTS2021_00115,32.001072,0.9835867285728455,0.07373794,0.0,nan,nan
Uformer-lite (L1),BraTS2021_00116,30.539684,0.9870562553405762,0.106057905,0.0,0.0,0.0
Uformer-lite (L1),BraTS2021_00116,29.857578,0.9837056994438171,0.114866786,0.0,0.0,0.0
Uformer-lite (L1),BraTS2021_00116,30.485466,0.9855467081069946,0.10340756,0.0,0.0,0.0
Uformer-lite (L1),BraTS2021_00116,30.697344,0.9853988289833069,0.10182947,0.10182516810758886,0.1440677966101695,0.15384615384615385
Uformer-lite (L1),BraTS2021_00116,31.12809,0.9857377409934998,0.09720273,0.0,0.0,0.0
Uformer-lite (L1),BraTS2021_00116,31.552532,0.9875630140304565,0.08991155,0.0,0.0,0.0
Uformer-lite (L1),BraTS2021_00116,31.525558,0.9877704381942749,0.08826523,0.010471204188481676,0.0,0.0
Uformer-lite (L1),BraTS2021_00116,31.227234,0.9877548217773438,0.09010038,0.0,0.0,0.0
Uformer-lite (L1),BraTS2021_00116,31.288528,0.9878164529800415,0.08760299,0.0,0.0,0.0
Uformer-lite (L1),BraTS2021_00116,31.351345,0.9874342083930969,0.089039765,0.2121931908155186,0.0,0.0
Uformer-lite (L1),BraTS2021_00116,31.194952,0.9869134426116943,0.09076483,0.05605095541401274,0.0087527352297593,0.010554089709762533
Uformer-lite (L1),BraTS2021_00116,31.534473,0.9876514673233032,0.087952495,0.19262295081967212,0.0,0.0
Uformer-lite (L1),BraTS2021_00116,31.575003,0.9884536266326904,0.08524246,0.5381870092790864,0.10671256454388985,0.11889596602972399
Uformer-lite (L1),BraTS2021_00116,31.33932,0.9877014756202698,0.08843191,0.4352112676056338,0.08517887563884156,0.1079913606911447
Uformer-lite (L1),BraTS2021_00116,31.32346,0.987941324710846,0.08807762,0.40077632217370207,0.08788282290279627,0.10996563573883161
Uformer-lite (L1),BraTS2021_00116,31.079205,0.9880955815315247,0.087709814,0.5728871242200794,0.14606741573033707,0.15136876006441224
Uformer-lite (L1),BraTS2021_00116,30.842058,0.9877353310585022,0.08900207,0.657930411206507,0.12804097311139565,0.14903129657228018
Uformer-lite (L1),BraTS2021_00116,30.913517,0.9872371554374695,0.08996504,0.6729559748427673,0.23271889400921658,0.23978201634877383
Uformer-lite (L1),BraTS2021_00116,30.242184,0.9862748980522156,0.09224,0.6609216935181716,0.2803347280334728,0.358600583090379
Uformer-lite (L1),BraTS2021_00116,29.675682,0.9826196432113647,0.097816095,0.6615969581749049,0.30062630480167013,0.3381014304291287
Uformer-lite (L1),BraTS2021_00116,29.930431,0.9802330136299133,0.09431893,0.7436115843270868,0.2782037239868565,0.29963459196102316
Uformer-lite (L1),BraTS2021_00116,29.825775,0.9782021045684814,0.09548468,0.6288566243194192,0.2957600827300931,0.305
Uformer-lite (L1),BraTS2021_00116,30.08139,0.97975093126297,0.09074036,0.6754966887417219,0.128,0.1497326203208556
Uformer-lite (L1),BraTS2021_00116,30.234936,0.9789819717407227,0.088152766,0.7580442958629335,0.136310223266745,0.17185185185185184
Uformer-lite (L1),BraTS2021_00116,30.42685,0.9823143482208252,0.0820284,0.8078703703703703,0.20654911838790932,0.2238372093023256
Uformer-lite (L1),BraTS2021_00116,30.54631,0.9809564352035522,0.08241607,0.7934826883910387,0.04225352112676056,0.049099836333878884
Uformer-lite (L1),BraTS2021_00116,30.502718,0.9792439341545105,0.08229204,0.5834990059642147,0.03308270676691729,0.03531300160513644
Uformer-lite (L1),BraTS2021_00116,30.275404,0.976486325263977,0.08338928,0.597165991902834,0.0,0.0
Uformer-lite (L1),BraTS2021_00116,30.7505,0.9783293008804321,0.07846506,0.689051094890511,0.030303030303030304,0.03231597845601436
Uformer-lite (L1),BraTS2021_00116,30.868603,0.9808384776115417,0.07463238,0.5340845070422535,0.0,0.0
Uformer-lite (L1),BraTS2021_00116,31.159563,0.9806321263313293,0.07323224,0.6517205422314911,0.0,0.0
Uformer-lite (L1),BraTS2021_00116,30.899126,0.9824895262718201,0.07373276,0.6768916155419223,0.044444444444444446,0.04466501240694789
Uformer-lite (L1),BraTS2021_00116,30.968294,0.9818052649497986,0.07150205,0.7521600727603456,0.0,0.0
Uformer-lite (L1),BraTS2021_00116,30.972948,0.9812154769897461,0.07261215,0.7527075812274369,0.017857142857142856,0.018475750577367205
Uformer-lite (L1),BraTS2021_00116,31.137123,0.9832828640937805,0.07008815,0.7388300322432059,0.07032967032967033,0.05755395683453238
Uformer-lite (L1),BraTS2021_00116,31.322224,0.9837424159049988,0.068874836,0.8249282492824929,0.0,0.0
Uformer-lite (L1),BraTS2021_00116,31.420164,0.9845749735832214,0.067467265,0.8109656301145662,0.003838771593090211,0.0049504950495049506
Uformer-lite (L1),BraTS2021_00116,31.15328,0.9831597805023193,0.070170894,0.8282591725214676,0.10661764705882353,0.12293144208037825
Uformer-lite (L1),BraTS2021_00116,31.318274,0.982089102268219,0.06994887,0.8711340206185567,0.43478260869565216,0.4921875
Uformer-lite (L1),BraTS2021_00116,31.105013,0.983588457107544,0.07023035,0.7537437603993344,0.11638591117917305,0.1476510067114094
Uformer-lite (L1),BraTS2021_00116,31.18097,0.9860992431640625,0.06913471,0.84375,0.22013651877133106,0.33530571992110453
Uformer-lite (L1),BraTS2021_00116,31.362823,0.9851948022842407,0.06843322,0.7914012738853503,0.22653721682847897,0.27459016393442626
Uformer-lite (L1),BraTS2021_00116,31.297285,0.9854527711868286,0.067868926,0.7930075486690504,0.0,0.0
Uformer-lite (L1),BraTS2021_00116,31.440746,0.9867959022521973,0.067956485,0.8119970738844184,0.022857142857142857,0.02745995423340961
Uformer-lite (L1),BraTS2021_00116,31.414003,0.9854498505592346,0.070001304,0.824773413897281,0.059233449477351915,0.039525691699604744
Uformer-lite (L1),BraTS2021_00116,31.257183,0.9863489270210266,0.06985371,0.7223113964686998,0.03942652329749104,0.047619047619047616
Uformer-lite (L1),BraTS2021_00116,31.275434,0.9869085550308228,0.0697155,0.6790870982766651,0.0,0.0
Uformer-lite (L1),BraTS2021_00116,31.39494,0.9885345697402954,0.06814142,0.7805421463052358,0.17690749493585414,0.21730382293762576
Uformer-lite (L1),BraTS2021_00116,31.28583,0.9871338605880737,0.06971711,0.6504854368932039,0.0,0.0
Uformer-lite (L1),BraTS2021_00116,31.4806,0.9868066906929016,0.06951631,0.6919022520364159,0.003929273084479371,0.004132231404958678
Uformer-lite (L1),BraTS2021_00116,31.571161,0.987972617149353,0.06824734,0.7453703703703703,0.008771929824561403,0.011904761904761904
Uformer-lite (L1),BraTS2021_00116,31.275414,0.989242434501648,0.06824865,0.7214318494722349,0.05228758169934641,0.0
Uformer-lite (L1),BraTS2021_00116,31.798286,0.988402247428894,0.06714893,0.7920529801324503,0.0,0.0
Uformer-lite (L1),BraTS2021_00116,31.910812,0.9891296625137329,0.064793035,0.7650468123049488,0.0,0.0
Uformer-lite (L1),BraTS2021_00116,32.15728,0.9885892868041992,0.06444033,0.7943686006825939,0.008771929824561403,0.0
Uformer-lite (L1),BraTS2021_00116,32.06799,0.9907010197639465,0.062184986,0.7665124106015987,0.05056179775280899,0.05714285714285714
Uformer-lite (L1),BraTS2021_00116,32.316998,0.9891321659088135,0.06352905,0.6937441643323996,0.0,0.0
Uformer-lite (L1),BraTS2021_00116,32.22122,0.9879329204559326,0.06402612,0.7588051716451182,0.043478260869565216,0.04697986577181208
Uformer-lite (L1),BraTS2021_00116,32.077778,0.9888207316398621,0.06438578,0.7363717605004468,0.0,0.0
Uformer-lite (L1),BraTS2021_00116,32.595978,0.9880079030990601,0.060858194,0.8420628525382756,0.0,0.0
Uformer-lite (L1),BraTS2021_00116,32.539898,0.9877930283546448,0.06052705,0.8725300271212708,0.0,0.0
Uformer-lite (L1),BraTS2021_00116,32.733288,0.9872016906738281,0.060463265,0.8516898608349901,0.0,0.0
Uformer-lite (L1),BraTS2021_00116,32.582832,0.984258770942688,0.06188796,0.8770841411399767,0.0,0.0
Uformer-lite (L1),BraTS2021_00116,32.739044,0.9845226407051086,0.060536444,0.8727562824092541,0.0,0.0
Uformer-lite (L1),BraTS2021_00116,32.807365,0.9844931960105896,0.05948442,0.8548504741064916,0.0,0.0
Uformer-lite (L1),BraTS2021_00116,32.52977,0.9845021963119507,0.061024327,0.8084127505750903,0.0,0.0
Uformer-lite (L1),BraTS2021_00116,32.97206,0.9830530285835266,0.059046317,0.9014900662251656,0.0,0.0
Uformer-lite (L1),BraTS2021_00116,32.85234,0.9814829230308533,0.060340744,0.8859504132231405,0.0,0.0
Uformer-lite (L1),BraTS2021_00116,32.551964,0.9840924739837646,0.06106965,0.9184873949579831,0.0,0.0
Uformer-lite (L1),BraTS2021_00116,32.473072,0.9820739030838013,0.06316835,0.8384458077709611,0.0,0.0
Uformer-lite (L1),BraTS2021_00116,32.31354,0.981947124004364,0.06274599,0.8645028335909325,nan,nan
Uformer-lite (L1),BraTS2021_00116,32.84455,0.9815149903297424,0.060414087,0.9172168613509396,nan,nan
Uformer-lite (L1),BraTS2021_00116,32.967598,0.980394184589386,0.06054562,0.934589800443459,nan,nan
Uformer-lite (L1),BraTS2021_00116,32.649796,0.9823785424232483,0.061425593,0.9550496205487449,0.0,nan
Uformer-lite (L1),BraTS2021_00116,32.414192,0.981614351272583,0.06306176,0.8403122782114976,nan,nan
Uformer-lite (L1),BraTS2021_00116,32.038235,0.9817546606063843,0.06607142,0.7854315122723674,nan,nan
Uformer-lite (L1),BraTS2021_00116,31.944971,0.9803102016448975,0.06665321,0.8416735028712059,nan,nan
Uformer-lite (L1),BraTS2021_00116,31.88062,0.977626383304596,0.07080752,0.847457627118644,nan,nan
Uformer-lite (L1),BraTS2021_00116,31.893951,0.9841688275337219,0.068235174,0.8627450980392157,nan,nan
Uformer-lite (L1),BraTS2021_00116,31.482477,0.9833870530128479,0.072441086,0.6978021978021978,nan,nan
Uformer-lite (L1),BraTS2021_00116,31.614838,0.9820809364318848,0.07173736,0.5125,nan,nan
Uformer-lite (L1),BraTS2021_00116,31.533728,0.981979250907898,0.07402815,0.0,nan,nan
Uformer-lite (L1),BraTS2021_00116,31.339443,0.9814361929893494,0.07615411,0.0,nan,nan
Uformer-lite (L1),BraTS2021_00116,30.868961,0.9796473979949951,0.08166989,0.0,nan,nan
Uformer-lite (L1),BraTS2021_00116,30.796387,0.9826069474220276,0.08214885,0.0,nan,nan
Uformer-lite (L1),BraTS2021_00116,30.717594,0.9825869798660278,0.08460194,0.0,nan,nan
Uformer-lite (L1),BraTS2021_00116,30.759344,0.9844904541969299,0.085686125,0.0,nan,nan
Uformer-lite (L1),BraTS2021_00116,31.0625,0.9874668717384338,0.0828106,0.0,nan,nan
Uformer-lite (L1),BraTS2021_00116,30.857536,0.9875673651695251,0.08580684,0.0,nan,nan
Uformer-lite (L1),BraTS2021_00120,30.019417,0.9560994505882263,0.10254777,0.0,0.0,nan
Uformer-lite (L1),BraTS2021_00120,30.287483,0.9516689777374268,0.10202731,0.3979591836734694,0.0,0.0
Uformer-lite (L1),BraTS2021_00120,30.964392,0.9581801295280457,0.09124242,0.35251798561151076,0.0,0.0
Uformer-lite (L1),BraTS2021_00120,31.140898,0.9621536135673523,0.08763955,0.3739495798319328,0.0,0.0
Uformer-lite (L1),BraTS2021_00120,31.41877,0.9603291153907776,0.0851905,0.8672680412371134,0.761996161228407,0.8940852819807428
Uformer-lite (L1),BraTS2021_00120,31.517765,0.9630929827690125,0.085483015,0.8111888111888111,0.7605893186003683,0.7379679144385026
Uformer-lite (L1),BraTS2021_00120,31.152027,0.9615058302879333,0.086580165,0.8300094966761633,0.7568027210884354,0.7762039660056658
Uformer-lite (L1),BraTS2021_00120,31.39924,0.9634535908699036,0.08311343,0.848851269649335,0.9157088122605364,0.7768595041322314
Uformer-lite (L1),BraTS2021_00120,31.170628,0.9674562811851501,0.08427859,0.8601147776183644,0.8719182200841852,0.653876898481215
Uformer-lite (L1),BraTS2021_00120,31.365946,0.9673119187355042,0.08302365,0.8334981866139136,0.7400257400257401,0.6388888888888888
Uformer-lite (L1),BraTS2021_00120,31.021084,0.9678856134414673,0.08420505,0.8478520286396182,0.7240566037735849,0.6229802513464991
Uformer-lite (L1),BraTS2021_00120,31.245125,0.9704475998878479,0.08201657,0.8333333333333334,0.6931690929451287,0.63
Uformer-lite (L1),BraTS2021_00120,31.32036,0.9716479182243347,0.08037331,0.8275485105220005,0.6032097399003874,0.614050303555941
Uformer-lite (L1),BraTS2021_00120,31.039087,0.971937358379364,0.08147892,0.8653353814644137,0.6094377510040161,0.6985815602836879
Uformer-lite (L1),BraTS2021_00120,30.998442,0.9739811420440674,0.08277267,0.8429709586224621,0.6963866729235101,0.6172839506172839
Uformer-lite (L1),BraTS2021_00120,31.19811,0.9758579730987549,0.08122274,0.856073833873784,0.7413494809688581,0.6807692307692308
Uformer-lite (L1),BraTS2021_00120,31.388624,0.9727004766464233,0.082176454,0.8511904761904762,0.7899159663865546,0.6779374471682164
Uformer-lite (L1),BraTS2021_00120,31.35437,0.9736040830612183,0.08229783,0.8517224163754369,0.802130898021309,0.6828872668288727
Uformer-lite (L1),BraTS2021_00120,31.185057,0.9759085774421692,0.081080824,0.8573562359970127,0.7630227439471754,0.6926406926406926
Uformer-lite (L1),BraTS2021_00120,31.17962,0.9769686460494995,0.07967006,0.9312977099236641,0.9148797920727745,0.7720797720797721
Uformer-lite (L1),BraTS2021_00120,31.439201,0.9760710597038269,0.07932245,0.9263702658198071,0.9003236245954692,0.7475728155339806
Uformer-lite (L1),BraTS2021_00120,31.020649,0.9774482846260071,0.08054458,0.9525979945305378,0.9352651048088779,0.7368421052631579
Uformer-lite (L1),BraTS2021_00120,31.146257,0.9771206974983215,0.07920984,0.9410415232851571,0.8460270359380152,0.6492753623188405
Uformer-lite (L1),BraTS2021_00120,31.092318,0.9779413938522339,0.07849387,0.9612472160356348,0.9370152032268073,0.7021985343104596
Uformer-lite (L1),BraTS2021_00120,31.212696,0.9773509502410889,0.07716119,0.9251581933231507,0.8553268765133172,0.6905460951262478
Uformer-lite (L1),BraTS2021_00120,31.196215,0.9765190482139587,0.0790935,0.9555108428347865,0.9164842039411949,0.7001102535832414
Uformer-lite (L1),BraTS2021_00120,31.192457,0.9766917824745178,0.07953148,0.980701754385965,0.9743119266055046,0.766597510373444
Uformer-lite (L1),BraTS2021_00120,31.32055,0.9744625687599182,0.08025271,0.9736550808058446,0.9753510140405616,0.7486311597809856
Uformer-lite (L1),BraTS2021_00120,31.280039,0.9749839305877686,0.07843605,0.9833813427875028,0.9669082886857864,0.8344733242134063
Uformer-lite (L1),BraTS2021_00120,31.046867,0.9733539819717407,0.08022113,0.9781875421632561,0.9650529015710163,0.8885272579332791
Uformer-lite (L1),BraTS2021_00120,31.35424,0.9721763730049133,0.07949557,0.9796564195298373,0.9680923285811269,0.8816029143897997
Uformer-lite (L1),BraTS2021_00120,31.352884,0.9724884629249573,0.078606844,0.9767120129121513,0.9624526352049604,0.8947811447811448
Uformer-lite (L1),BraTS2021_00120,31.564144,0.9699738025665283,0.079859644,0.9741319039850851,0.9446043165467626,0.8916299559471366
Uformer-lite (L1),BraTS2021_00120,31.537245,0.971147358417511,0.07987576,0.960348162475822,0.9079391891891891,0.848743987172635
Uformer-lite (L1),BraTS2021_00120,31.710217,0.9726816415786743,0.07758572,0.9683852140077821,0.9278803869832893,0.8509389671361502
Uformer-lite (L1),BraTS2021_00120,31.736462,0.9690393805503845,0.081390955,0.9583333333333334,0.9130859375,0.8625075711689885
Uformer-lite (L1),BraTS2021_00120,31.564291,0.9716527462005615,0.081192106,0.9573560767590619,0.9641956631366616,0.7958921694480102
Uformer-lite (L1),BraTS2021_00120,31.55945,0.9711213111877441,0.08143542,0.9506346967559943,0.92173017507724,0.8857808857808858
Uformer-lite (L1),BraTS2021_00120,31.600294,0.9719852209091187,0.082483225,0.8904369854338189,0.8661887694145759,0.8500925354719309
Uformer-lite (L1),BraTS2021_00120,31.442017,0.97079998254776,0.08340612,0.907951171230617,0.9303721488595438,0.9118915588416513
Uformer-lite (L1),BraTS2021_00120,31.1614,0.9717246890068054,0.08649254,0.9002808988764045,0.900555898702903,0.8424657534246576
Uformer-lite (L1),BraTS2021_00120,31.166155,0.9693320393562317,0.08952484,0.9054310672236991,0.9407114624505929,0.8585786073223259
Uformer-lite (L1),BraTS2021_00120,30.745377,0.9676710367202759,0.094406925,0.9246231155778895,0.8838235294117647,0.8573631457208943
Uformer-lite (L1),BraTS2021_00120,30.751575,0.9685564041137695,0.094862215,0.826625386996904,0.7119301648884578,0.6858846918489065
Uformer-lite (L1),BraTS2021_00120,30.572088,0.9701509475708008,0.0959484,0.8732240437158469,0.7755102040816326,0.7229946524064171
Uformer-lite (L1),BraTS2021_00120,30.598186,0.9696633815765381,0.100162335,0.8134642356241234,0.7603911980440098,0.72544080604534
Uformer-lite (L1),BraTS2021_00120,30.709835,0.9708269238471985,0.09993467,0.8544453186467349,0.5709459459459459,0.5150976909413855
Uformer-lite (L1),BraTS2021_00120,30.72063,0.9719553589820862,0.10197902,0.8548241659152389,0.3299492385786802,0.3333333333333333
Uformer-lite (L1),BraTS2021_00120,30.474691,0.9697961211204529,0.10879001,0.8200455580865603,0.0,0.0
Uformer-lite (L1),BraTS2021_00120,30.414667,0.9727386236190796,0.108251154,0.7733333333333333,0.0,0.0
Uformer-lite (L1),BraTS2021_00120,30.33088,0.9706259965896606,0.11546527,0.3269230769230769,0.0,0.0
Uformer-lite (L1),BraTS2021_00120,30.17514,0.9719096422195435,0.117157474,0.24475524475524477,0.0,0.0
Uformer-lite (L1),BraTS2021_00120,30.17617,0.9731820821762085,0.11739137,0.41841004184100417,0.0,0.0
Uformer-lite (L1),BraTS2021_00120,29.936462,0.9736997485160828,0.12134407,0.11764705882352941,0.0,0.0
Uformer-lite (L1),BraTS2021_00127,29.400364,0.981194794178009,0.14246248,0.8404907975460123,nan,nan
Uformer-lite (L1),BraTS2021_00127,29.643917,0.9817982912063599,0.13769501,0.8909090909090909,nan,nan
Uformer-lite (L1),BraTS2021_00127,29.39315,0.9810335040092468,0.1381719,0.9227941176470589,nan,nan
Uformer-lite (L1),BraTS2021_00127,29.522163,0.9807215929031372,0.13645875,0.8076923076923077,nan,nan
Uformer-lite (L1),BraTS2021_00127,29.167042,0.9811568260192871,0.13143891,0.9040404040404041,0.6666666666666666,0.6666666666666666
Uformer-lite (L1),BraTS2021_00127,28.917881,0.9786331057548523,0.13407443,0.794841735052755,0.0,0.0
Uformer-lite (L1),BraTS2021_00127,29.057922,0.978424072265625,0.13082908,0.848585690515807,0.5630252100840336,0.5726495726495726
Uformer-lite (L1),BraTS2021_00127,29.125408,0.9795219302177429,0.12329224,0.8781725888324873,0.8187633262260128,0.8043478260869565
Uformer-lite (L1),BraTS2021_00127,29.500095,0.9802269339561462,0.117929205,0.889132821075741,0.9220055710306406,0.8779761904761905
Uformer-lite (L1),BraTS2021_00127,29.562408,0.9803757667541504,0.11433162,0.9165876777251185,0.9257861635220126,0.8473053892215568
Uformer-lite (L1),BraTS2021_00127,30.130445,0.9817809462547302,0.107415825,0.944954128440367,0.9279811097992916,0.8044871794871795
Uformer-lite (L1),BraTS2021_00127,30.131523,0.9823945164680481,0.10494094,0.9364844903988183,0.896,0.7471264367816092
Uformer-lite (L1),BraTS2021_00127,30.155066,0.9820218086242676,0.10405335,0.9406548431105047,0.9274725274725275,0.7905138339920948
Uformer-lite (L1),BraTS2021_00127,30.122564,0.9810742139816284,0.107210316,0.9445719908166612,0.9365962180200222,0.7847533632286996
Uformer-lite (L1),BraTS2021_00127,30.037922,0.9824971556663513,0.10307091,0.9415442325726789,0.9185022026431718,0.7320261437908496
Uformer-lite (L1),BraTS2021_00127,29.849527,0.9827353358268738,0.102294974,0.9624470018170805,0.9061135371179039,0.7333333333333333
Uformer-lite (L1),BraTS2021_00127,29.87074,0.9818106889724731,0.10385663,0.9608416130917592,0.910913140311804,0.7610993657505285
Uformer-lite (L1),BraTS2021_00127,29.869022,0.9830856323242188,0.10123356,0.9714937286202965,0.9070034443168772,0.7777777777777778
Uformer-lite (L1),BraTS2021_00127,29.769838,0.9832983016967773,0.10024237,0.9737213902232269,0.8928150765606596,0.7792706333973128
Uformer-lite (L1),BraTS2021_00127,29.372187,0.9802452325820923,0.1089987,0.9814763616256567,0.8721071863580999,0.775438596491228
Uformer-lite (L1),BraTS2021_00127,29.065166,0.9760522246360779,0.107323,0.9655963302752294,0.8871181938911022,0.8152173913043478
Uformer-lite (L1),BraTS2021_00127,28.61528,0.9746779203414917,0.11088247,0.9810126582278481,0.8753623188405797,0.7915869980879541
Uformer-lite (L1),BraTS2021_00127,28.580986,0.9728242754936218,0.1101234,0.9721652505127454,0.9139966273187183,0.8632478632478633
Uformer-lite (L1),BraTS2021_00127,28.303886,0.9701866507530212,0.11151702,0.9791115033833481,0.818348623853211,0.7663157894736842
Uformer-lite (L1),BraTS2021_00127,28.803154,0.9711598753929138,0.10622435,0.9709158415841584,0.8085106382978723,0.7902439024390244
Uformer-lite (L1),BraTS2021_00127,28.97754,0.9707964062690735,0.10252413,0.9669000636537237,0.7074829931972789,0.7098976109215017
Uformer-lite (L1),BraTS2021_00127,28.623959,0.9686093330383301,0.10376668,0.952912019826518,0.591715976331361,0.6060606060606061
Uformer-lite (L1),BraTS2021_00127,29.013693,0.9655464887619019,0.10398886,0.9460815047021943,0.037383177570093455,0.0425531914893617
Uformer-lite (L1),BraTS2021_00127,28.83567,0.9675726294517517,0.10199495,0.9438629876308278,0.0,0.0
Uformer-lite (L1),BraTS2021_00127,29.03939,0.9673263430595398,0.098671764,0.9583843329253366,0.0,0.0
Uformer-lite (L1),BraTS2021_00127,28.962452,0.9650283455848694,0.09655251,0.969313508383423,0.0,0.0
Uformer-lite (L1),BraTS2021_00127,29.21761,0.9629164338111877,0.0962071,0.9575871819038643,0.0,0.0
Uformer-lite (L1),BraTS2021_00127,29.632336,0.962692379951477,0.09365405,0.96,0.0,0.0
Uformer-lite (L1),BraTS2021_00127,29.459183,0.9668036699295044,0.091476016,0.9748387096774194,0.0,0.0
Uformer-lite (L1),BraTS2021_00127,29.631767,0.963874876499176,0.09167677,0.9549370444002651,0.0,0.0
Uformer-lite (L1),BraTS2021_00127,29.727276,0.9678496718406677,0.08916743,0.9538061158100195,0.02666666666666667,0.03333333333333333
Uformer-lite (L1),BraTS2021_00127,29.791147,0.9680871367454529,0.08659765,0.9659546061415221,0.0,0.0
Uformer-lite (L1),BraTS2021_00127,30.17577,0.9679552912712097,0.08591452,0.9672701949860725,0.03278688524590164,0.034482758620689655
Uformer-lite (L1),BraTS2021_00127,30.344927,0.9677460789680481,0.08420986,0.9541759053954176,0.0,0.0
Uformer-lite (L1),BraTS2021_00127,30.503376,0.9686753153800964,0.082165524,0.966704077815189,0.0,0.0
Uformer-lite (L1),BraTS2021_00127,30.676048,0.9697014689445496,0.08045643,0.9524913093858632,0.0,0.0
Uformer-lite (L1),BraTS2021_00127,30.410744,0.9699102640151978,0.08302244,0.9369158878504673,0.0,0.0
Uformer-lite (L1),BraTS2021_00127,30.453089,0.9700393676757812,0.08167866,0.9528108329913828,0.0,0.0
Uformer-lite (L1),BraTS2021_00127,30.354855,0.9710345268249512,0.08299138,0.9295287505404237,0.0,0.0
Uformer-lite (L1),BraTS2021_00127,30.406906,0.9721784591674805,0.08295964,0.9683944374209861,0.0,0.0
Uformer-lite (L1),BraTS2021_00127,30.31417,0.9713784456253052,0.08229264,0.9561018437225637,nan,nan
Uformer-lite (L1),BraTS2021_00127,30.372322,0.9702827334403992,0.08320898,0.9032558139534884,0.0,0.0
Uformer-lite (L1),BraTS2021_00127,30.04176,0.9710637331008911,0.084980175,0.9223057644110275,0.0,0.0
Uformer-lite (L1),BraTS2021_00127,30.031181,0.9716714024543762,0.08579668,0.8983324367939752,0.0,0.0
Uformer-lite (L1),BraTS2021_00127,30.26242,0.9721328616142273,0.0863568,0.9471341124095715,0.0,0.0
Uformer-lite (L1),BraTS2021_00127,30.095118,0.9731406569480896,0.085508354,0.8929032258064517,0.0,0.0
Uformer-lite (L1),BraTS2021_00127,30.036737,0.9742475748062134,0.0846688,0.8516886930983847,0.0,0.0
Uformer-lite (L1),BraTS2021_00127,30.41255,0.9748893976211548,0.084262505,0.8726981585268214,0.0,0.0
Uformer-lite (L1),BraTS2021_00127,30.663074,0.9754577875137329,0.082599364,0.771996215704825,0.0,0.0
Uformer-lite (L1),BraTS2021_00127,30.69951,0.9769418835639954,0.08190436,0.7726737338044759,0.0,0.0
Uformer-lite (L1),BraTS2021_00127,30.64233,0.9754235148429871,0.082672656,0.6398929049531459,0.0,0.0
Uformer-lite (L1),BraTS2021_00127,30.763597,0.9771506786346436,0.07952603,0.2433234421364985,nan,nan
Uformer-lite (L1),BraTS2021_00127,30.721336,0.97499018907547,0.08089205,0.0,nan,nan
Uformer-lite (L1),BraTS2021_00134,30.803295,0.9846447706222534,0.089557886,0.41975308641975306,0.0,nan
Uformer-lite (L1),BraTS2021_00134,30.870512,0.9851551055908203,0.08838815,0.40825688073394495,0.0,0.0
Uformer-lite (L1),BraTS2021_00134,31.101715,0.9851762056350708,0.088690385,0.3542039355992844,0.0,0.0
Uformer-lite (L1),BraTS2021_00134,31.124678,0.9861011505126953,0.08762094,0.7959183673469388,0.029940119760479042,0.032432432432432434
Uformer-lite (L1),BraTS2021_00134,30.663063,0.9853296279907227,0.09139081,0.846095526914329,0.0,0.0
Uformer-lite (L1),BraTS2021_00134,31.096996,0.9867312908172607,0.08725945,0.8872180451127819,0.0,0.0
Uformer-lite (L1),BraTS2021_00134,30.555138,0.985837459564209,0.08986356,0.8576874205844981,0.0,0.0
Uformer-lite (L1),BraTS2021_00134,30.192871,0.9845016598701477,0.09298773,0.8285994123408423,0.02697495183044316,0.0
Uformer-lite (L1),BraTS2021_00134,29.618265,0.9806811809539795,0.10081341,0.8297161936560935,0.005479452054794521,0.0
Uformer-lite (L1),BraTS2021_00134,29.05106,0.9796604514122009,0.098592654,0.8823159219634991,0.063006300630063,0.0
Uformer-lite (L1),BraTS2021_00134,29.043343,0.979121208190918,0.09621936,0.8841131664853101,0.10655147588192944,0.0
Uformer-lite (L1),BraTS2021_00134,30.044165,0.9804959893226624,0.0866358,0.9145279020485049,0.28216216216216217,0.13768115942028986
Uformer-lite (L1),BraTS2021_00134,30.367155,0.9848929643630981,0.07843631,0.9381926683716965,0.33625365039632876,0.0757238307349666
Uformer-lite (L1),BraTS2021_00134,30.380613,0.9846830368041992,0.07692174,0.950091668364229,0.39920634920634923,0.06493506493506493
Uformer-lite (L1),BraTS2021_00134,30.29533,0.9853671789169312,0.07614744,0.9549164399533618,0.6850989522700814,0.03818615751789976
Uformer-lite (L1),BraTS2021_00134,30.99646,0.984991729259491,0.070643544,0.9384186046511628,0.7972095261005533,0.013710368466152529
Uformer-lite (L1),BraTS2021_00134,31.349203,0.98838210105896,0.06470572,0.9495131626397404,0.7825059101654847,0.09871668311944719
Uformer-lite (L1),BraTS2021_00134,31.718206,0.9881003499031067,0.0636175,0.9515130674002751,0.7732739420935412,0.1284246575342466
Uformer-lite (L1),BraTS2021_00134,32.281776,0.9897516369819641,0.06064995,0.962466960352423,0.8130549556035517,0.15530903328050713
Uformer-lite (L1),BraTS2021_00134,32.051823,0.990544855594635,0.059446614,0.9564915929970532,0.8356194208578271,0.17432273262661954
Uformer-lite (L1),BraTS2021_00134,32.429115,0.9909078478813171,0.058629826,0.9577319587628866,0.8352575488454707,0.17851239669421487
Uformer-lite (L1),BraTS2021_00134,32.31792,0.9909881353378296,0.05876674,0.9722176010647147,0.8351979345955249,0.125
Uformer-lite (L1),BraTS2021_00134,32.315647,0.9907341003417969,0.058550343,0.9633136094674556,0.8573825503355704,0.11724137931034483
Uformer-lite (L1),BraTS2021_00134,32.030636,0.9907266497612,0.060303446,0.956205585853578,0.8776338681616084,0.11025358324145534
Uformer-lite (L1),BraTS2021_00134,31.835857,0.9907755255699158,0.06096746,0.9572373729223818,0.8767833981841764,0.10319917440660474
Uformer-lite (L1),BraTS2021_00134,32.00775,0.9899930953979492,0.06085305,0.9664228723404256,0.8651014723438122,0.0056179775280898875
Uformer-lite (L1),BraTS2021_00134,32.0971,0.9904209971427917,0.061622944,0.9633042619713674,0.8872465415956036,0.007989347536617843
Uformer-lite (L1),BraTS2021_00134,31.498049,0.990997314453125,0.061889853,0.957091385522437,0.8969787952711579,0.010624169986719787
Uformer-lite (L1),BraTS2021_00134,31.802048,0.9902187585830688,0.062034104,0.9621275879481569,0.8811940298507462,0.04
Uformer-lite (L1),BraTS2021_00134,31.629314,0.9914641976356506,0.061504714,0.9624034911043975,0.8874407582938388,0.06282722513089005
Uformer-lite (L1),BraTS2021_00134,31.312695,0.9911235570907593,0.063145705,0.96985669576676,0.892586430024034,0.08360128617363344
Uformer-lite (L1),BraTS2021_00134,31.503918,0.9902260303497314,0.06428609,0.9580372250423012,0.9052753176742395,0.0945945945945946
Uformer-lite (L1),BraTS2021_00134,31.407087,0.9920969009399414,0.061195012,0.9439780709268459,0.8466035073573877,0.1671388101983003
Uformer-lite (L1),BraTS2021_00134,31.438,0.9917668104171753,0.06172037,0.9531540673093184,0.8713249331806033,0.1780466724286949
Uformer-lite (L1),BraTS2021_00134,31.788261,0.9918438196182251,0.060646564,0.96,0.8571428571428571,0.316622691292876
Uformer-lite (L1),BraTS2021_00134,31.499374,0.9928297400474548,0.060215086,0.9657278588394977,0.8933910306845004,0.24669603524229075
Uformer-lite (L1),BraTS2021_00134,31.663454,0.9926871061325073,0.060180042,0.9725583773649225,0.8880353370462839,0.24803767660910517
Uformer-lite (L1),BraTS2021_00134,31.719597,0.9919952750205994,0.061367687,0.9778610354223434,0.8770917484131564,0.24396442185514614
Uformer-lite (L1),BraTS2021_00134,31.821022,0.9928690791130066,0.059666045,0.9654688869412795,0.8761603792218052,0.3193916349809886
Uformer-lite (L1),BraTS2021_00134,32.114323,0.9927427768707275,0.059309863,0.9692197566213314,0.8977955911823647,0.36253776435045315
Uformer-lite (L1),BraTS2021_00134,31.805582,0.9925321340560913,0.05996503,0.9521267129382452,0.8624401913875598,0.2987979393245564
Uformer-lite (L1),BraTS2021_00134,31.776562,0.992679238319397,0.060334854,0.9526847421584264,0.8302568218298555,0.3231197771587744
Uformer-lite (L1),BraTS2021_00134,31.762299,0.9934247136116028,0.05884332,0.9606389047347405,0.8828748890860693,0.4439428141459744
Uformer-lite (L1),BraTS2021_00134,32.027218,0.9936190247535706,0.057150222,0.9614785992217899,0.8704873646209387,0.41596638655462187
Uformer-lite (L1),BraTS2021_00134,32.09413,0.9936187863349915,0.05761813,0.9591919191919192,0.8839221341023792,0.5019011406844106
Uformer-lite (L1),BraTS2021_00134,31.87773,0.9931249022483826,0.05944305,0.9491735537190082,0.8222595346605901,0.455470737913486
Uformer-lite (L1),BraTS2021_00134,32.31796,0.9935833811759949,0.05668815,0.9514901022405917,0.898949070331447,0.6550522648083623
Uformer-lite (L1),BraTS2021_00134,32.25476,0.9940946698188782,0.056442525,0.9329379562043796,0.9111354909489852,0.6684397163120568
Uformer-lite (L1),BraTS2021_00134,31.838215,0.9934860467910767,0.0585306,0.9507366482504604,0.9074529074529074,0.56524506683641
Uformer-lite (L1),BraTS2021_00134,32.3185,0.9938192367553711,0.056952536,0.9268897149938042,0.8902582159624414,0.6781954887218045
Uformer-lite (L1),BraTS2021_00134,32.350716,0.9936037063598633,0.057008505,0.9161629434954008,0.8818849449204407,0.6522619851451722
Uformer-lite (L1),BraTS2021_00134,32.313343,0.9933953285217285,0.05789697,0.9339519650655022,0.871571072319202,0.613607188703466
Uformer-lite (L1),BraTS2021_00134,32.22605,0.9930980205535889,0.058054067,0.9196726280691119,0.6748001682793437,0.7142857142857143
Uformer-lite (L1),BraTS2021_00134,32.077343,0.9927642941474915,0.05941992,0.9145077720207254,0.6948079358379063,0.6889880952380952
Uformer-lite (L1),BraTS2021_00134,32.331573,0.9928562045097351,0.058124673,0.9198080877313228,0.6007482629609834,0.7797979797979798
Uformer-lite (L1),BraTS2021_00134,32.411,0.9919547438621521,0.05943526,0.9184861717612809,0.7490942028985508,0.582441113490364
Uformer-lite (L1),BraTS2021_00134,32.224796,0.9925179481506348,0.058036905,0.8751476959432848,0.6631908237747653,0.5684547638110489
Uformer-lite (L1),BraTS2021_00134,32.325768,0.9919936060905457,0.058064837,0.9045751633986928,0.705045278137128,0.6856540084388185
Uformer-lite (L1),BraTS2021_00134,32.540066,0.9916378259658813,0.057450727,0.8949152542372881,0.5861136158701533,0.7815126050420168
Uformer-lite (L1),BraTS2021_00134,32.586853,0.9895948171615601,0.058948733,0.9033998920669185,0.673407482305359,0.6364812419146184
Uformer-lite (L1),BraTS2021_00134,32.57173,0.988709032535553,0.05880279,0.8694610778443114,0.6578947368421053,0.631911532385466
Uformer-lite (L1),BraTS2021_00134,32.97726,0.987600564956665,0.05833055,0.7483394833948339,0.6265486725663717,0.5996275605214153
Uformer-lite (L1),BraTS2021_00134,32.728863,0.9853267073631287,0.060063332,0.7282051282051282,0.5857988165680473,0.5857988165680473
Uformer-lite (L1),BraTS2021_00134,32.80141,0.9836360216140747,0.06015485,0.5495750708215298,0.3431952662721893,0.3431952662721893
Uformer-lite (L1),BraTS2021_00134,32.863056,0.981680691242218,0.06075107,0.4688026981450253,0.34285714285714286,0.34285714285714286
Uformer-lite (L1),BraTS2021_00134,32.90794,0.9802753329277039,0.060188044,0.0,0.0,0.0
