method,subject,psnr,ssim,nrmse,dice_wt,dice_tc,dice_et
SwinIR-lite (L1),BraTS2021_00000,29.858858,0.9680203199386597,0.12879254,0.0,0.0,0.0
SwinIR-lite (L1),BraTS2021_00000,29.993492,0.9687896966934204,0.1238868,0.48333333333333334,0.5021645021645021,0.5021645021645021
SwinIR-lite (L1),BraTS2021_00000,30.004616,0.9711959362030029,0.116233334,0.7473684210526316,0.7636363636363637,0.7636363636363637
SwinIR-lite (L1),BraTS2021_00000,30.079844,0.9711260199546814,0.11384844,0.8498331479421579,0.8403819918144612,0.8340192043895748
SwinIR-lite (L1),BraTS2021_00000,29.774199,0.9686232209205627,0.11529918,0.9104602510460251,0.816580310880829,0.8248945147679325
SwinIR-lite (L1),BraTS2021_00000,29.353584,0.9669954180717468,0.11742779,0.9217002237136466,0.7129094412331407,0.7111553784860558
SwinIR-lite (L1),BraTS2021_00000,29.322529,0.9642183184623718,0.11797486,0.9241645244215938,0.8998589562764457,0.8380952380952381
SwinIR-lite (L1),BraTS2021_00000,29.312479,0.9666220545768738,0.11464293,0.9119533527696793,0.822527832351015,0.7517188693659282
SwinIR-lite (L1),BraTS2021_00000,29.200308,0.9646145701408386,0.113477506,0.9524804177545692,0.9388858842617631,0.8815958815958816
SwinIR-lite (L1),BraTS2021_00000,29.233913,0.9622536897659302,0.115571186,0.9571497351949928,0.9547488811536549,0.8858218318695107
SwinIR-lite (L1),BraTS2021_00000,29.030853,0.9642439484596252,0.113119274,0.948405253283302,0.9,0.8466019417475729
SwinIR-lite (L1),BraTS2021_00000,29.022438,0.9615314602851868,0.11315734,0.9587583148558758,0.9338410280818658,0.8543938422065427
SwinIR-lite (L1),BraTS2021_00000,29.602627,0.9633426070213318,0.11061418,0.9618253620008775,0.9382257315373896,0.8399738732854344
SwinIR-lite (L1),BraTS2021_00000,29.61139,0.9684982895851135,0.10643817,0.9305263157894736,0.874095513748191,0.7595505617977528
SwinIR-lite (L1),BraTS2021_00000,29.714577,0.973220944404602,0.10006634,0.9511993382961125,0.8605654048873982,0.75
SwinIR-lite (L1),BraTS2021_00000,29.832659,0.973527729511261,0.099644646,0.9434105582985188,0.9609657947686117,0.8891656288916563
SwinIR-lite (L1),BraTS2021_00000,29.852474,0.9737780690193176,0.10045884,0.935647143890094,0.9600626468285043,0.9070048309178744
SwinIR-lite (L1),BraTS2021_00000,29.705313,0.9733944535255432,0.10010366,0.9480427046263346,0.9523058730784391,0.9010321797207043
SwinIR-lite (L1),BraTS2021_00000,29.520788,0.9731888175010681,0.100845054,0.947113722779122,0.9503771337832473,0.8915360501567398
SwinIR-lite (L1),BraTS2021_00000,29.728365,0.9730892181396484,0.10122651,0.9437819420783645,0.9546730846369835,0.8980582524271845
SwinIR-lite (L1),BraTS2021_00000,29.691364,0.9751359224319458,0.0988782,0.949419002050581,0.9593561368209256,0.8893034825870647
SwinIR-lite (L1),BraTS2021_00000,29.587896,0.9737558364868164,0.09847195,0.9513816019587268,0.9536961819658814,0.8884664131812421
SwinIR-lite (L1),BraTS2021_00000,29.870369,0.9742463827133179,0.098570496,0.9445817154959407,0.9233347297863427,0.8600543478260869
SwinIR-lite (L1),BraTS2021_00000,29.963028,0.9735704660415649,0.09871516,0.9500538986704995,0.951048951048951,0.8553459119496856
SwinIR-lite (L1),BraTS2021_00000,29.711111,0.9734918475151062,0.09789095,0.9785867237687366,0.9478079331941545,0.8563092633114515
SwinIR-lite (L1),BraTS2021_00000,30.033682,0.9732438921928406,0.09720793,0.9737029140014215,0.9467996674979219,0.8394004282655246
SwinIR-lite (L1),BraTS2021_00000,29.777584,0.9727712869644165,0.09741639,0.9790110281038776,0.9707792207792207,0.866796621182586
SwinIR-lite (L1),BraTS2021_00000,29.634953,0.9733689427375793,0.09707057,0.9778413152251608,0.9638854296388543,0.8595912986156888
SwinIR-lite (L1),BraTS2021_00000,30.030338,0.971889853477478,0.09716945,0.9723320158102767,0.9703796412181894,0.8629508196721312
SwinIR-lite (L1),BraTS2021_00000,29.842705,0.971718966960907,0.09722058,0.9674279296143766,0.9518486672398968,0.8530372305682561
SwinIR-lite (L1),BraTS2021_00000,29.880718,0.9749900698661804,0.095264524,0.965598123534011,0.9525959367945824,0.8624113475177305
SwinIR-lite (L1),BraTS2021_00000,29.928255,0.9742144346237183,0.09449223,0.9569069673781716,0.95947834187238,0.8708791208791209
SwinIR-lite (L1),BraTS2021_00000,30.088675,0.9752126932144165,0.092742726,0.9637526652452025,0.9583537481626654,0.8662162162162163
SwinIR-lite (L1),BraTS2021_00000,30.039452,0.9750596880912781,0.093911506,0.9512972234865726,0.8796400449943758,0.8156748911465893
SwinIR-lite (L1),BraTS2021_00000,29.98491,0.9749099612236023,0.09441474,0.9520581113801453,0.8834655277608298,0.7990543735224587
SwinIR-lite (L1),BraTS2021_00000,30.017124,0.9759103059768677,0.09388738,0.9445910290237467,0.8538681948424068,0.7817351598173516
SwinIR-lite (L1),BraTS2021_00000,30.122755,0.9774866700172424,0.09082595,0.8955944477972239,0.8162911611785095,0.742671009771987
SwinIR-lite (L1),BraTS2021_00000,30.75821,0.9809144139289856,0.08598002,0.8879781420765027,0.8223140495867769,0.7493670886075949
SwinIR-lite (L1),BraTS2021_00000,30.817602,0.9820138812065125,0.083482124,0.8921810699588477,0.2646502835538752,0.2729044834307992
SwinIR-lite (L1),BraTS2021_00000,31.154413,0.9838680624961853,0.08016627,0.8104838709677419,0.6846846846846847,0.6846846846846847
SwinIR-lite (L1),BraTS2021_00000,31.495142,0.9853768348693848,0.07900187,0.6947040498442367,0.46616541353383456,0.46616541353383456
SwinIR-lite (L1),BraTS2021_00000,31.830032,0.9870622158050537,0.074826024,0.6506024096385542,0.0,0.0
SwinIR-lite (L1),BraTS2021_00000,31.965912,0.9872503280639648,0.075251296,0.5573770491803278,0.0,0.0
SwinIR-lite (L1),BraTS2021_00006,30.647604,0.9748852849006653,0.1044705,0.8858131487889274,nan,nan
SwinIR-lite (L1),BraTS2021_00006,30.900614,0.9776828289031982,0.099804826,0.7096774193548387,nan,nan
SwinIR-lite (L1),BraTS2021_00006,31.066408,0.9785076975822449,0.09576409,0.9327146171693735,nan,nan
SwinIR-lite (L1),BraTS2021_00006,31.366154,0.9836915731430054,0.08791645,0.9030612244897959,nan,nan
SwinIR-lite (L1),BraTS2021_00006,31.513618,0.9827276468276978,0.08773467,0.9449236894492369,0.0,0.0
SwinIR-lite (L1),BraTS2021_00006,31.715,0.985522449016571,0.082241595,0.9499718943226532,0.5225225225225225,0.5225225225225225
SwinIR-lite (L1),BraTS2021_00006,31.584703,0.9865381121635437,0.08088661,0.9667003027245207,0.8098765432098766,0.7421052631578947
SwinIR-lite (L1),BraTS2021_00006,31.486807,0.9862410426139832,0.08176685,0.9515178975985501,0.8395522388059702,0.7294117647058823
SwinIR-lite (L1),BraTS2021_00006,31.526463,0.9860424995422363,0.08158708,0.9449653485527925,0.902127659574468,0.8220338983050848
SwinIR-lite (L1),BraTS2021_00006,31.756752,0.9869227409362793,0.079482086,0.9501510574018127,0.9060240963855422,0.816793893129771
SwinIR-lite (L1),BraTS2021_00006,31.445988,0.9868661165237427,0.079899505,0.9618538324420678,0.9412997903563941,0.8581436077057794
SwinIR-lite (L1),BraTS2021_00006,31.532469,0.9877187013626099,0.07855501,0.9716981132075472,0.9527410207939508,0.832391713747646
SwinIR-lite (L1),BraTS2021_00006,31.503572,0.987332820892334,0.07827073,0.9707489553198329,0.9424460431654677,0.8102766798418972
SwinIR-lite (L1),BraTS2021_00006,31.723099,0.9876992702484131,0.07721326,0.9694656488549618,0.9643744821872411,0.8571428571428571
SwinIR-lite (L1),BraTS2021_00006,31.567368,0.9869307279586792,0.07965035,0.9737644905430141,0.9597474348855565,0.8165467625899281
SwinIR-lite (L1),BraTS2021_00006,31.602856,0.986936628818512,0.07834865,0.9682634730538923,0.971342383107089,0.8813559322033898
SwinIR-lite (L1),BraTS2021_00006,31.643322,0.9866852164268494,0.079450525,0.9436325678496869,0.9738372093023255,0.8717948717948718
SwinIR-lite (L1),BraTS2021_00006,31.50461,0.9883864521980286,0.07576087,0.9782608695652174,0.9639065817409767,0.8430335097001763
SwinIR-lite (L1),BraTS2021_00006,31.550331,0.9880751371383667,0.07632473,0.9765155652648826,0.9492494639027877,0.881578947368421
SwinIR-lite (L1),BraTS2021_00006,31.36629,0.9884849190711975,0.07487729,0.9725260069351828,0.9424809424809425,0.8699690402476781
SwinIR-lite (L1),BraTS2021_00006,31.292671,0.9879659414291382,0.07777515,0.9429333333333333,0.9200561009817672,0.8270440251572327
SwinIR-lite (L1),BraTS2021_00006,31.353891,0.9884464144706726,0.07532644,0.9595316874522779,0.9217877094972067,0.8361934477379095
SwinIR-lite (L1),BraTS2021_00006,31.656479,0.9884843826293945,0.07424819,0.9772782799902272,0.9715796430931923,0.8220858895705522
SwinIR-lite (L1),BraTS2021_00006,31.399979,0.9884812831878662,0.075171486,0.9732980514794323,0.9060070671378092,0.7854984894259819
SwinIR-lite (L1),BraTS2021_00006,31.59981,0.9886684417724609,0.07453435,0.9737159392331806,0.9199149539333806,0.8604992657856094
SwinIR-lite (L1),BraTS2021_00006,31.688023,0.9900282621383667,0.07128984,0.9626556016597511,0.967519004837595,0.8585055643879174
SwinIR-lite (L1),BraTS2021_00006,31.869936,0.9894643425941467,0.071784355,0.9517172722747635,0.9488304093567251,0.8650306748466258
SwinIR-lite (L1),BraTS2021_00006,31.82882,0.9899948239326477,0.071726955,0.9549911993965301,0.9455938697318008,0.8257191201353637
SwinIR-lite (L1),BraTS2021_00006,32.01036,0.9904870390892029,0.07000399,0.96,0.9650892164468581,0.8550458715596331
SwinIR-lite (L1),BraTS2021_00006,32.110176,0.9904029369354248,0.07043217,0.9581729535540159,0.9303904923599321,0.8715083798882681
SwinIR-lite (L1),BraTS2021_00006,32.091167,0.9917297959327698,0.06673767,0.9563182527301092,0.9431616341030196,0.8413284132841329
SwinIR-lite (L1),BraTS2021_00006,32.33228,0.9921795129776001,0.06545215,0.948318293683347,0.9328358208955224,0.7584830339321357
SwinIR-lite (L1),BraTS2021_00006,32.507267,0.9913142323493958,0.06812136,0.9615050651230101,0.9569471624266145,0.8462998102466793
SwinIR-lite (L1),BraTS2021_00006,32.783722,0.991743266582489,0.06591342,0.9780380673499268,0.9415584415584416,0.8735632183908046
SwinIR-lite (L1),BraTS2021_00006,32.71213,0.9925665855407715,0.063776754,0.9471432936144211,0.914560770156438,0.7886710239651417
SwinIR-lite (L1),BraTS2021_00006,33.138268,0.9924852252006531,0.063484766,0.9378352792679079,0.93717277486911,0.8337129840546698
SwinIR-lite (L1),BraTS2021_00006,33.087925,0.9917760491371155,0.06505564,0.942381562099872,0.916030534351145,0.8020304568527918
SwinIR-lite (L1),BraTS2021_00006,32.97034,0.991561233997345,0.06532137,0.9616770389780543,0.9106830122591943,0.8208955223880597
SwinIR-lite (L1),BraTS2021_00006,33.220287,0.9920551180839539,0.06392043,0.9705676243868255,0.8601694915254238,0.7774647887323943
SwinIR-lite (L1),BraTS2021_00006,33.305847,0.9916055798530579,0.06394697,0.972992700729927,0.8571428571428571,0.7845659163987139
SwinIR-lite (L1),BraTS2021_00006,33.221115,0.9919522404670715,0.064387776,0.9497645211930926,0.8076923076923077,0.75
SwinIR-lite (L1),BraTS2021_00006,33.588478,0.9918155074119568,0.06300263,0.967795210569777,0.823045267489712,0.7889908256880734
SwinIR-lite (L1),BraTS2021_00006,33.65724,0.9922599196434021,0.061652347,0.9343735658558971,0.6580645161290323,0.6493506493506493
SwinIR-lite (L1),BraTS2021_00006,33.70652,0.9926156401634216,0.06036141,0.975397973950796,0.43373493975903615,0.43373493975903615
SwinIR-lite (L1),BraTS2021_00006,33.593555,0.9908462762832642,0.06475735,0.9684959349593496,0.32558139534883723,0.0
SwinIR-lite (L1),BraTS2021_00006,33.44409,0.9916611313819885,0.064116776,0.966183574879227,0.631578947368421,0.0
SwinIR-lite (L1),BraTS2021_00006,33.656116,0.9913288950920105,0.064507715,0.9484057971014492,nan,nan
SwinIR-lite (L1),BraTS2021_00006,33.76048,0.9910352826118469,0.06463878,0.965311004784689,0.0,nan
SwinIR-lite (L1),BraTS2021_00006,33.49641,0.9904553294181824,0.06610789,0.9725106902871106,0.0,nan
SwinIR-lite (L1),BraTS2021_00006,33.524315,0.990659236907959,0.067383125,0.9818652849740933,nan,nan
SwinIR-lite (L1),BraTS2021_00006,33.253143,0.9898988604545593,0.06923697,0.9669588671611599,nan,nan
SwinIR-lite (L1),BraTS2021_00006,33.239082,0.990039587020874,0.07075328,0.9558291093410572,nan,nan
SwinIR-lite (L1),BraTS2021_00006,32.926983,0.9886201620101929,0.07439671,0.8628158844765343,nan,nan
SwinIR-lite (L1),BraTS2021_00006,32.82288,0.9889875054359436,0.07498691,0.940152339499456,nan,nan
SwinIR-lite (L1),BraTS2021_00006,32.6153,0.9885314106941223,0.07612446,0.9452380952380952,nan,nan
SwinIR-lite (L1),BraTS2021_00006,32.540993,0.988095223903656,0.07896076,0.9402597402597402,nan,nan
SwinIR-lite (L1),BraTS2021_00006,32.43261,0.9868417978286743,0.08157953,0.9545454545454546,nan,nan
SwinIR-lite (L1),BraTS2021_00006,32.40786,0.9872381091117859,0.08164332,0.9695121951219512,nan,nan
SwinIR-lite (L1),BraTS2021_00006,32.07932,0.9870427846908569,0.08449235,0.9662162162162162,nan,nan
SwinIR-lite (L1),BraTS2021_00006,32.215775,0.9880208969116211,0.08401284,0.9544554455445544,nan,nan
SwinIR-lite (L1),BraTS2021_00006,32.489758,0.986565351486206,0.08733791,0.9561200923787528,nan,nan
SwinIR-lite (L1),BraTS2021_00006,32.05154,0.9859411716461182,0.09062183,0.9640718562874252,nan,nan
SwinIR-lite (L1),BraTS2021_00006,32.0655,0.9855108261108398,0.09324558,0.6172839506172839,nan,nan
SwinIR-lite (L1),BraTS2021_00011,31.488407,0.9691047072410583,0.0877523,0.12987012987012986,nan,nan
SwinIR-lite (L1),BraTS2021_00011,31.567259,0.9704974293708801,0.0867789,0.7237076648841355,nan,nan
SwinIR-lite (L1),BraTS2021_00011,31.529987,0.9715244174003601,0.08498276,0.8844114528101803,nan,nan
SwinIR-lite (L1),BraTS2021_00011,31.641598,0.9706491231918335,0.08486553,0.9142335766423357,nan,nan
SwinIR-lite (L1),BraTS2021_00011,31.516796,0.9723176956176758,0.08363814,0.9304143862392494,nan,nan
SwinIR-lite (L1),BraTS2021_00011,31.487488,0.9719277620315552,0.083638124,0.8982118294360385,nan,nan
SwinIR-lite (L1),BraTS2021_00011,31.701351,0.9757276177406311,0.08086799,0.8982188295165394,nan,nan
SwinIR-lite (L1),BraTS2021_00011,31.66903,0.9732409715652466,0.082557894,0.8845425867507887,nan,nan
SwinIR-lite (L1),BraTS2021_00011,31.743336,0.9748327136039734,0.08224035,0.909952606635071,nan,nan
SwinIR-lite (L1),BraTS2021_00011,31.701256,0.978058934211731,0.07813779,0.9554427523970671,nan,nan
SwinIR-lite (L1),BraTS2021_00011,31.77964,0.9799687266349792,0.076815434,0.9653631284916201,nan,nan
SwinIR-lite (L1),BraTS2021_00011,31.845705,0.9807243943214417,0.0766771,0.9632473944048272,nan,nan
SwinIR-lite (L1),BraTS2021_00011,31.68647,0.981797456741333,0.07684969,0.9680851063829787,nan,nan
SwinIR-lite (L1),BraTS2021_00011,31.798182,0.982008695602417,0.07543823,0.9706806282722513,nan,nan
SwinIR-lite (L1),BraTS2021_00011,31.537136,0.9829609394073486,0.0755849,0.9740193581253184,nan,nan
SwinIR-lite (L1),BraTS2021_00011,31.770252,0.983566403388977,0.07359996,0.9695431472081218,0.0,0.0
SwinIR-lite (L1),BraTS2021_00011,31.843903,0.9833072423934937,0.07461189,0.9628514056224899,0.0,0.0
SwinIR-lite (L1),BraTS2021_00011,32.006096,0.9858583211898804,0.070217066,0.9645885286783042,0.75,0.6868686868686869
SwinIR-lite (L1),BraTS2021_00011,31.87429,0.9864709973335266,0.06985276,0.9743589743589743,0.37383177570093457,0.37383177570093457
SwinIR-lite (L1),BraTS2021_00011,32.0855,0.9868196845054626,0.068608075,0.9811881188118812,0.5,0.43478260869565216
SwinIR-lite (L1),BraTS2021_00011,32.399673,0.9876234531402588,0.06806568,0.9746394828443561,0.6994535519125683,0.6162790697674418
SwinIR-lite (L1),BraTS2021_00011,32.619408,0.9890511631965637,0.06406709,0.9788905252822778,0.9067796610169492,0.8869565217391304
SwinIR-lite (L1),BraTS2021_00011,32.429657,0.9883549213409424,0.0661281,0.9815354713313897,0.8454545454545455,0.7788461538461539
SwinIR-lite (L1),BraTS2021_00011,32.50036,0.9889279007911682,0.063722,0.9796905222437138,0.924812030075188,0.9272030651340997
SwinIR-lite (L1),BraTS2021_00011,32.664604,0.9882396459579468,0.06522827,0.9641662685140946,0.8023952095808383,0.9153846153846154
SwinIR-lite (L1),BraTS2021_00011,32.259552,0.9878467321395874,0.06584314,0.9757914338919925,0.7624309392265194,0.924187725631769
SwinIR-lite (L1),BraTS2021_00011,32.497795,0.9873776435852051,0.065711886,0.977491961414791,0.9230769230769231,0.8811188811188811
SwinIR-lite (L1),BraTS2021_00011,32.382004,0.9858747720718384,0.06741805,0.9780621572212066,0.9449838187702265,0.9060402684563759
SwinIR-lite (L1),BraTS2021_00011,32.33135,0.9847666621208191,0.06739385,0.9838420107719928,0.905982905982906,0.9423076923076923
SwinIR-lite (L1),BraTS2021_00011,32.03502,0.9834040403366089,0.068236016,0.9870824053452116,0.9655172413793104,0.9429429429429429
SwinIR-lite (L1),BraTS2021_00011,32.121117,0.9820557832717896,0.06858568,0.9878542510121457,0.8974358974358975,0.8974358974358975
SwinIR-lite (L1),BraTS2021_00011,32.229267,0.9810054898262024,0.069717474,0.9900542495479204,0.9318181818181818,0.9130434782608695
SwinIR-lite (L1),BraTS2021_00011,32.114212,0.9782179594039917,0.07126902,0.9894252873563218,0.948948948948949,0.9418960244648318
SwinIR-lite (L1),BraTS2021_00011,32.079613,0.9795405864715576,0.07097189,0.9868049010367578,0.9483870967741935,0.92
SwinIR-lite (L1),BraTS2021_00011,32.289585,0.9788870811462402,0.07150936,0.9889263360616274,0.9347826086956522,0.9309090909090909
SwinIR-lite (L1),BraTS2021_00011,32.15457,0.9794716835021973,0.07218736,0.9815828770532603,0.8,0.8
SwinIR-lite (L1),BraTS2021_00011,32.028606,0.9773796200752258,0.074429974,0.9825102880658436,0.8842105263157894,0.8842105263157894
SwinIR-lite (L1),BraTS2021_00011,31.867985,0.9761761426925659,0.07541585,0.9542699724517907,0.8648648648648649,0.8648648648648649
SwinIR-lite (L1),BraTS2021_00011,31.944456,0.9767696857452393,0.07596407,0.9678571428571429,0.3055555555555556,0.3055555555555556
SwinIR-lite (L1),BraTS2021_00011,31.67648,0.9735466837882996,0.07836896,0.9801084990958409,0.0,0.0
SwinIR-lite (L1),BraTS2021_00011,31.6836,0.975101888179779,0.07873969,0.9788293897882939,0.0,0.0
SwinIR-lite (L1),BraTS2021_00011,31.39072,0.9758440256118774,0.078932874,0.9729032258064516,nan,nan
SwinIR-lite (L1),BraTS2021_00011,31.286678,0.9734712243080139,0.08131356,0.9730440499671269,0.0,0.0
SwinIR-lite (L1),BraTS2021_00011,31.245892,0.9720361828804016,0.08516812,0.9597780859916782,nan,nan
SwinIR-lite (L1),BraTS2021_00011,31.052776,0.9728664755821228,0.08464177,0.9640591966173362,nan,nan
SwinIR-lite (L1),BraTS2021_00011,31.041727,0.9701589941978455,0.08771157,0.9546468401486989,nan,nan
SwinIR-lite (L1),BraTS2021_00011,31.082323,0.9729670882225037,0.08679875,0.937251787132645,nan,nan
SwinIR-lite (L1),BraTS2021_00011,30.880314,0.9709349870681763,0.08933297,0.9505766062602965,nan,nan
SwinIR-lite (L1),BraTS2021_00011,30.714355,0.9698546528816223,0.09221731,0.9646856158484065,nan,nan
SwinIR-lite (L1),BraTS2021_00011,30.853998,0.9718831181526184,0.09240654,0.9597000937207123,nan,nan
SwinIR-lite (L1),BraTS2021_00011,30.769493,0.9736307263374329,0.09382063,0.9618949536560247,nan,nan
SwinIR-lite (L1),BraTS2021_00011,30.488436,0.9737230539321899,0.09809124,0.9210836277974087,nan,nan
SwinIR-lite (L1),BraTS2021_00011,30.740871,0.9750567674636841,0.097928055,0.9528795811518325,nan,nan
SwinIR-lite (L1),BraTS2021_00011,30.346367,0.9749312996864319,0.1027155,0.8795986622073578,nan,nan
SwinIR-lite (L1),BraTS2021_00011,30.58627,0.9779649972915649,0.101778455,0.9004524886877828,nan,nan
SwinIR-lite (L1),BraTS2021_00011,30.499153,0.9772064685821533,0.10759911,0.8125,nan,nan
SwinIR-lite (L1),BraTS2021_00014,32.327522,0.9856595993041992,0.14228596,0.03592814371257485,nan,nan
SwinIR-lite (L1),BraTS2021_00014,31.88568,0.9854835271835327,0.14000393,0.5494505494505495,nan,nan
SwinIR-lite (L1),BraTS2021_00014,31.733074,0.9865541458129883,0.13342881,0.5618320610687023,nan,nan
SwinIR-lite (L1),BraTS2021_00014,31.851871,0.9862295985221863,0.13215683,0.2315112540192926,nan,nan
SwinIR-lite (L1),BraTS2021_00014,31.609907,0.9862815141677856,0.13050969,0.7422096317280453,nan,nan
SwinIR-lite (L1),BraTS2021_00014,31.835693,0.9866302013397217,0.12684892,0.5345911949685535,nan,nan
SwinIR-lite (L1),BraTS2021_00014,31.712477,0.9864252805709839,0.12640683,0.8097560975609757,nan,nan
SwinIR-lite (L1),BraTS2021_00014,31.60219,0.9868814945220947,0.12283124,0.871244635193133,nan,nan
SwinIR-lite (L1),BraTS2021_00014,31.291874,0.9867660999298096,0.122367956,0.860093896713615,0.0,0.0
SwinIR-lite (L1),BraTS2021_00014,31.042282,0.9863516092300415,0.12236425,0.6688697951090549,0.0,0.0
SwinIR-lite (L1),BraTS2021_00014,30.12484,0.9828163385391235,0.13309966,0.8121041520056298,0.0,0.0
SwinIR-lite (L1),BraTS2021_00014,30.033243,0.9834377765655518,0.1268166,0.849862258953168,0.0,0.0
SwinIR-lite (L1),BraTS2021_00014,30.038391,0.9812310934066772,0.12734175,0.8795336787564767,0.0,0.0
SwinIR-lite (L1),BraTS2021_00014,29.717442,0.9806926846504211,0.12419906,0.8805704099821747,0.0,0.0
SwinIR-lite (L1),BraTS2021_00014,29.627647,0.9787838459014893,0.12336526,0.840958605664488,0.0,0.0
SwinIR-lite (L1),BraTS2021_00014,29.583733,0.9787620306015015,0.119694635,0.8900468994267848,0.0,0.0
SwinIR-lite (L1),BraTS2021_00014,29.37186,0.9769452214241028,0.11848637,0.9097888675623801,0.0,0.0
SwinIR-lite (L1),BraTS2021_00014,29.064713,0.9758542776107788,0.11643144,0.9030776297657327,0.0,0.0
SwinIR-lite (L1),BraTS2021_00014,29.225899,0.9760204553604126,0.112400465,0.8994661921708185,0.0,0.0
SwinIR-lite (L1),BraTS2021_00014,29.476585,0.9731065034866333,0.11335852,0.9271929824561403,0.19004524886877827,0.19004524886877827
SwinIR-lite (L1),BraTS2021_00014,29.18708,0.9721110463142395,0.11048161,0.9402597402597402,0.0,0.0
SwinIR-lite (L1),BraTS2021_00014,29.278122,0.9738536477088928,0.10649902,0.9373275522270398,0.0,0.0
SwinIR-lite (L1),BraTS2021_00014,29.324482,0.9720480442047119,0.10695065,0.9147227533460803,0.0,0.0
SwinIR-lite (L1),BraTS2021_00014,29.38945,0.970993161201477,0.107108355,0.8990129081245254,0.27860696517412936,0.27860696517412936
SwinIR-lite (L1),BraTS2021_00014,29.270823,0.9711006879806519,0.10390147,0.9328703703703703,0.0,0.0
SwinIR-lite (L1),BraTS2021_00014,29.379517,0.9659900069236755,0.10687454,0.8453695836873407,0.1927710843373494,0.1927710843373494
SwinIR-lite (L1),BraTS2021_00014,29.072742,0.9699069857597351,0.10409238,0.884438881935753,0.21333333333333335,0.21333333333333335
SwinIR-lite (L1),BraTS2021_00014,29.190887,0.9659834504127502,0.105301104,0.8859172586711241,0.574585635359116,0.574585635359116
SwinIR-lite (L1),BraTS2021_00014,29.223272,0.9699474573135376,0.101320386,0.831390134529148,0.0,0.0
SwinIR-lite (L1),BraTS2021_00014,29.328005,0.9697808027267456,0.10159066,0.7699486700886607,0.0,0.0
SwinIR-lite (L1),BraTS2021_00014,29.197786,0.9698944687843323,0.101759665,0.7944219523166891,0.0,0.0
SwinIR-lite (L1),BraTS2021_00014,29.386217,0.9694338440895081,0.10089424,0.880066170388751,0.0,0.0
SwinIR-lite (L1),BraTS2021_00014,29.352577,0.9705953001976013,0.10077145,0.8469387755102041,0.0,0.0
SwinIR-lite (L1),BraTS2021_00014,29.47198,0.9718337655067444,0.09794204,0.8759493670886076,nan,nan
SwinIR-lite (L1),BraTS2021_00014,29.380535,0.9720660448074341,0.100474656,0.9069473684210526,nan,nan
SwinIR-lite (L1),BraTS2021_00014,29.448824,0.9731650352478027,0.09887333,0.8775313404050145,nan,nan
SwinIR-lite (L1),BraTS2021_00014,29.398403,0.9727938175201416,0.09951047,0.8708708708708709,nan,nan
SwinIR-lite (L1),BraTS2021_00014,29.727161,0.9735265970230103,0.098859385,0.800606520090978,nan,nan
SwinIR-lite (L1),BraTS2021_00014,29.73391,0.9748548269271851,0.09764636,0.869406392694064,nan,nan
SwinIR-lite (L1),BraTS2021_00014,29.905188,0.9757359027862549,0.09586081,0.9030239833159541,nan,nan
SwinIR-lite (L1),BraTS2021_00014,29.876408,0.9795759320259094,0.09136386,0.8090787716955942,nan,nan
SwinIR-lite (L1),BraTS2021_00014,29.813301,0.9775523543357849,0.09332281,0.8787878787878788,nan,nan
SwinIR-lite (L1),BraTS2021_00014,29.831871,0.976996898651123,0.09440276,0.7823691460055097,nan,nan
SwinIR-lite (L1),BraTS2021_00017,31.2415,0.9741995930671692,0.12880737,0.0,nan,nan
SwinIR-lite (L1),BraTS2021_00017,31.272205,0.9733853936195374,0.12915672,0.75,nan,nan
SwinIR-lite (L1),BraTS2021_00017,31.606627,0.976219892501831,0.12282612,0.9045454545454545,nan,nan
SwinIR-lite (L1),BraTS2021_00017,31.220179,0.9762261509895325,0.12325811,0.8816029143897997,nan,nan
SwinIR-lite (L1),BraTS2021_00017,31.068468,0.9749958515167236,0.12528554,0.8994082840236687,nan,nan
SwinIR-lite (L1),BraTS2021_00017,30.803478,0.9745446443557739,0.126561,0.8782383419689119,nan,nan
SwinIR-lite (L1),BraTS2021_00017,30.477032,0.9744278788566589,0.1267224,0.925531914893617,nan,nan
SwinIR-lite (L1),BraTS2021_00017,30.314598,0.9710050225257874,0.12852699,0.9537856440511308,nan,nan
SwinIR-lite (L1),BraTS2021_00017,30.536947,0.9706884622573853,0.12538862,0.9330254041570438,nan,nan
SwinIR-lite (L1),BraTS2021_00017,30.24637,0.9682940244674683,0.123608,0.9409368635437881,nan,nan
SwinIR-lite (L1),BraTS2021_00017,30.24495,0.9648738503456116,0.122720666,0.9348513598987982,nan,nan
SwinIR-lite (L1),BraTS2021_00017,30.225363,0.9666361808776855,0.1178363,0.960233918128655,nan,nan
SwinIR-lite (L1),BraTS2021_00017,30.209906,0.9623469114303589,0.11665497,0.947664603263928,nan,nan
SwinIR-lite (L1),BraTS2021_00017,30.448225,0.9604361057281494,0.115428336,0.9778012684989429,nan,nan
SwinIR-lite (L1),BraTS2021_00017,30.396103,0.9623270034790039,0.11309391,0.9772727272727273,nan,nan
SwinIR-lite (L1),BraTS2021_00017,30.490377,0.9623101949691772,0.110967875,0.9714867617107943,nan,nan
SwinIR-lite (L1),BraTS2021_00017,30.596447,0.9657267928123474,0.10542164,0.970317297850563,nan,nan
SwinIR-lite (L1),BraTS2021_00017,30.67361,0.9671794772148132,0.1040964,0.9789473684210527,nan,nan
SwinIR-lite (L1),BraTS2021_00017,31.15368,0.9720802903175354,0.10092625,0.9700787401574803,nan,nan
SwinIR-lite (L1),BraTS2021_00017,31.185122,0.9719547033309937,0.09898316,0.9663281667557456,nan,nan
SwinIR-lite (L1),BraTS2021_00017,31.116476,0.9702359437942505,0.10084735,0.9673852957435047,nan,nan
SwinIR-lite (L1),BraTS2021_00017,31.304539,0.9721574783325195,0.09966406,0.9580838323353293,0.0,0.0
SwinIR-lite (L1),BraTS2021_00017,31.380491,0.9699702858924866,0.09967051,0.9542195256480971,0.0,0.0
SwinIR-lite (L1),BraTS2021_00017,31.355074,0.9699386358261108,0.09961392,0.9593767390094602,0.0,0.0
SwinIR-lite (L1),BraTS2021_00017,31.31401,0.9710925817489624,0.09977827,0.9587337478801583,0.0,0.0
SwinIR-lite (L1),BraTS2021_00017,31.151695,0.9722293615341187,0.09681338,0.9387296233839235,0.0,0.0
SwinIR-lite (L1),BraTS2021_00017,31.067055,0.9731284379959106,0.09789662,0.9367088607594937,0.0,0.0
SwinIR-lite (L1),BraTS2021_00017,31.253778,0.9749732613563538,0.09611588,0.9690962099125364,nan,nan
SwinIR-lite (L1),BraTS2021_00017,31.041176,0.9715489745140076,0.099017315,0.9539594843462247,nan,nan
SwinIR-lite (L1),BraTS2021_00017,31.085493,0.9755619168281555,0.09561338,0.958792803250145,nan,nan
SwinIR-lite (L1),BraTS2021_00017,31.009727,0.9752256870269775,0.09736024,0.942987457240593,nan,nan
SwinIR-lite (L1),BraTS2021_00017,31.36568,0.9766960144042969,0.09468535,0.935831913685406,nan,nan
SwinIR-lite (L1),BraTS2021_00017,31.203922,0.977871835231781,0.094553486,0.8838323353293414,nan,nan
SwinIR-lite (L1),BraTS2021_00017,31.107807,0.977443516254425,0.09463194,0.8962605548854041,nan,nan
SwinIR-lite (L1),BraTS2021_00017,31.119896,0.9781339764595032,0.09507937,0.9045592705167174,nan,nan
SwinIR-lite (L1),BraTS2021_00017,31.224327,0.9788695573806763,0.09247422,0.8648648648648649,nan,nan
SwinIR-lite (L1),BraTS2021_00017,31.032623,0.9802723526954651,0.0909569,0.8660968660968661,nan,nan
SwinIR-lite (L1),BraTS2021_00017,31.168564,0.9813629984855652,0.09032852,0.8675733715103794,nan,nan
SwinIR-lite (L1),BraTS2021_00017,31.26157,0.9808303713798523,0.091495976,0.9258043335521996,nan,nan
SwinIR-lite (L1),BraTS2021_00017,31.425888,0.9834027290344238,0.08742692,0.9320388349514563,nan,nan
SwinIR-lite (L1),BraTS2021_00017,31.48376,0.9835155606269836,0.08661851,0.9013452914798207,nan,nan
SwinIR-lite (L1),BraTS2021_00017,31.637754,0.984538197517395,0.08596929,0.9013840830449827,nan,nan
SwinIR-lite (L1),BraTS2021_00017,31.741724,0.9849638938903809,0.0848064,0.930783242258652,nan,nan
SwinIR-lite (L1),BraTS2021_00017,31.913029,0.986293375492096,0.08219726,0.8973172987974098,nan,nan
SwinIR-lite (L1),BraTS2021_00017,32.030136,0.986834704875946,0.08085772,0.8741721854304636,nan,nan
SwinIR-lite (L1),BraTS2021_00017,32.066105,0.987531840801239,0.08020758,0.9234972677595629,nan,nan
SwinIR-lite (L1),BraTS2021_00017,32.217133,0.9882862567901611,0.07824998,0.9417989417989417,nan,nan
SwinIR-lite (L1),BraTS2021_00017,32.17547,0.9879932999610901,0.079044536,0.9563066776586975,nan,nan
SwinIR-lite (L1),BraTS2021_00017,32.02658,0.9879425764083862,0.07904506,0.9256965944272446,nan,nan
SwinIR-lite (L1),BraTS2021_00017,32.2852,0.9865230321884155,0.080108516,0.9552238805970149,nan,nan
SwinIR-lite (L1),BraTS2021_00017,32.26705,0.9862894415855408,0.07956249,0.9683885890516577,nan,nan
SwinIR-lite (L1),BraTS2021_00017,32.04755,0.9855793714523315,0.08176824,0.9716535433070866,nan,nan
SwinIR-lite (L1),BraTS2021_00017,32.21791,0.985478401184082,0.080606714,0.9286775631500743,nan,nan
SwinIR-lite (L1),BraTS2021_00017,32.026955,0.9838836789131165,0.082550384,0.9587301587301588,nan,nan
SwinIR-lite (L1),BraTS2021_00017,31.955435,0.9818344116210938,0.0844599,0.9416531604538088,nan,nan
SwinIR-lite (L1),BraTS2021_00017,31.957285,0.9781039357185364,0.08690667,0.9226519337016574,nan,nan
SwinIR-lite (L1),BraTS2021_00017,31.944208,0.979195237159729,0.08549292,0.8762711864406779,nan,nan
SwinIR-lite (L1),BraTS2021_00017,31.908342,0.9759161472320557,0.0856865,0.8360836083608361,nan,nan
SwinIR-lite (L1),BraTS2021_00017,31.984894,0.9746894240379333,0.08657455,0.880093131548312,nan,nan
SwinIR-lite (L1),BraTS2021_00017,31.982882,0.9669293761253357,0.08939405,0.7314112291350531,nan,nan
SwinIR-lite (L1),BraTS2021_00017,31.825642,0.9644380211830139,0.091664135,0.8158730158730159,nan,nan
SwinIR-lite (L1),BraTS2021_00017,32.13036,0.9623883962631226,0.090249375,0.7854545454545454,nan,nan
SwinIR-lite (L1),BraTS2021_00017,31.973555,0.962605357170105,0.09460588,0.7601626016260162,nan,nan
SwinIR-lite (L1),BraTS2021_00017,31.685488,0.966281533241272,0.09168389,0.5774647887323944,nan,nan
SwinIR-lite (L1),BraTS2021_00017,31.712963,0.9656921625137329,0.09351891,0.45875251509054327,nan,nan
SwinIR-lite (L1),BraTS2021_00018,31.174713,0.9774487614631653,0.09370076,0.39790575916230364,nan,nan
SwinIR-lite (L1),BraTS2021_00018,30.672436,0.9772266745567322,0.09268851,0.8463251670378619,nan,nan
SwinIR-lite (L1),BraTS2021_00018,30.963245,0.9786006808280945,0.08983883,0.8749028749028749,nan,nan
SwinIR-lite (L1),BraTS2021_00018,31.070713,0.9801356196403503,0.08839166,0.8092409240924092,0.0,0.0
SwinIR-lite (L1),BraTS2021_00018,31.002773,0.9804723858833313,0.08735025,0.8740884783665532,0.0,0.0
SwinIR-lite (L1),BraTS2021_00018,31.023064,0.9821620583534241,0.08528509,0.9222629222629223,0.0,0.0
SwinIR-lite (L1),BraTS2021_00018,31.285898,0.9844030737876892,0.081415415,0.9247988807275271,0.0,0.0
SwinIR-lite (L1),BraTS2021_00018,31.73618,0.9853476881980896,0.07939479,0.9366626065773447,0.0,0.0
SwinIR-lite (L1),BraTS2021_00018,31.597101,0.9875082969665527,0.075175226,0.9489092996555684,0.0,0.0
SwinIR-lite (L1),BraTS2021_00018,31.422138,0.9866244792938232,0.077170156,0.9134909596662031,0.0,0.0
SwinIR-lite (L1),BraTS2021_00018,31.392044,0.9873650074005127,0.07671907,0.9332989956219419,0.0,0.0
SwinIR-lite (L1),BraTS2021_00018,31.409233,0.9876486659049988,0.07668285,0.9139494974258396,0.0,0.0
SwinIR-lite (L1),BraTS2021_00018,31.467552,0.9887704849243164,0.07380529,0.9316123188405797,0.04771784232365145,0.0515695067264574
SwinIR-lite (L1),BraTS2021_00018,31.193584,0.9885848760604858,0.074896134,0.937048064653339,0.14213926776740848,0.16472545757071547
SwinIR-lite (L1),BraTS2021_00018,31.079689,0.9882685542106628,0.07610219,0.9295364789025151,0.10340136054421768,0.12199036918138041
SwinIR-lite (L1),BraTS2021_00018,31.05274,0.9892006516456604,0.074785195,0.9242331911436116,0.09814482345900659,0.1111864406779661
SwinIR-lite (L1),BraTS2021_00018,30.76188,0.9883450269699097,0.0770278,0.9289080911233307,0.14900314795383002,0.1853932584269663
SwinIR-lite (L1),BraTS2021_00018,30.689726,0.9879645109176636,0.07833706,0.9285714285714286,0.233623453962437,0.26822558459422285
SwinIR-lite (L1),BraTS2021_00018,31.03854,0.988301694393158,0.076707095,0.9193366000753863,0.2774617067833698,0.3059649122807018
SwinIR-lite (L1),BraTS2021_00018,30.71953,0.9884161353111267,0.07664179,0.9363487142075506,0.4726875455207575,0.366412213740458
SwinIR-lite (L1),BraTS2021_00018,30.76689,0.988103449344635,0.07791224,0.940536747938958,0.4253921926304268,0.2917863296955773
SwinIR-lite (L1),BraTS2021_00018,30.709352,0.988193690776825,0.07740526,0.9352789699570816,0.19381107491856678,0.19466975666280417
SwinIR-lite (L1),BraTS2021_00018,30.641113,0.9872000813484192,0.079228,0.9213560488728274,0.16099319183019623,0.11819235225955968
SwinIR-lite (L1),BraTS2021_00018,30.737507,0.9878303408622742,0.0783485,0.9207971384772611,0.0505175983436853,0.037014925373134326
SwinIR-lite (L1),BraTS2021_00018,30.590267,0.9870860576629639,0.079751596,0.9170914033299354,0.1608310888803386,0.08521626856036152
SwinIR-lite (L1),BraTS2021_00018,30.252834,0.9862344861030579,0.0818302,0.935285310264515,0.054696789536266346,0.02068126520681265
SwinIR-lite (L1),BraTS2021_00018,30.638954,0.9858283400535583,0.08116548,0.9264214046822743,0.13030746705710103,0.07519640852974187
SwinIR-lite (L1),BraTS2021_00018,30.66518,0.9853742718696594,0.08025131,0.8694267515923567,0.1692812842028457,0.11232091690544413
SwinIR-lite (L1),BraTS2021_00018,30.58565,0.9853123426437378,0.08044596,0.9401396740937812,0.13867259918427882,0.1032258064516129
SwinIR-lite (L1),BraTS2021_00018,30.74165,0.9847902655601501,0.07993524,0.9216887980932925,0.21926910299003322,0.10539367637941724
SwinIR-lite (L1),BraTS2021_00018,30.687153,0.9845718145370483,0.08048246,0.9380291229258382,0.14722536806342015,0.1315002988643156
SwinIR-lite (L1),BraTS2021_00018,30.723728,0.982984185218811,0.08131294,0.9172437673130194,0.17426470588235293,0.16589327146171692
SwinIR-lite (L1),BraTS2021_00018,31.043808,0.9837830662727356,0.08070708,0.9165801315334026,0.08525084873632592,0.0792332268370607
SwinIR-lite (L1),BraTS2021_00018,30.960207,0.9840947389602661,0.07881839,0.9406608226567768,0.12886405959031658,0.18552631578947368
SwinIR-lite (L1),BraTS2021_00018,30.978607,0.9839697480201721,0.07971309,0.9532866199532867,0.06276971361318164,0.0995405819295559
SwinIR-lite (L1),BraTS2021_00018,30.824936,0.9843352437019348,0.07811632,0.963489178919544,0.270474879559532,0.07530774800868936
SwinIR-lite (L1),BraTS2021_00018,31.102623,0.9833885431289673,0.07861478,0.973927392739274,0.3462566844919786,0.10849393290506781
SwinIR-lite (L1),BraTS2021_00018,31.197374,0.9845025539398193,0.07796685,0.9587472638491329,0.15771686068343974,0.0862190812720848
SwinIR-lite (L1),BraTS2021_00018,30.97246,0.9839510321617126,0.079306535,0.9369337979094077,0.18257892734880182,0.10252707581227437
SwinIR-lite (L1),BraTS2021_00018,31.219246,0.9853824377059937,0.07748963,0.9573883161512028,0.2434259954921112,0.21653543307086615
SwinIR-lite (L1),BraTS2021_00018,30.942272,0.985472559928894,0.077267215,0.9455314648334214,0.148,0.07339449541284404
SwinIR-lite (L1),BraTS2021_00018,31.00373,0.9839197993278503,0.080163226,0.9490806223479491,0.1826734613876911,0.10606060606060606
SwinIR-lite (L1),BraTS2021_00018,31.019043,0.9828751087188721,0.08244889,0.9556265530706425,0.17562576938859253,0.0870712401055409
SwinIR-lite (L1),BraTS2021_00018,30.524342,0.9805456399917603,0.08785788,0.9267662792842649,0.33054559936280364,0.23217922606924643
SwinIR-lite (L1),BraTS2021_00018,30.509483,0.9811250567436218,0.08813769,0.9383219114650861,0.24273948851322064,0.15086782376502003
SwinIR-lite (L1),BraTS2021_00018,30.869984,0.981901228427887,0.08695177,0.9566370005680742,0.3220413550373955,0.08974358974358974
SwinIR-lite (L1),BraTS2021_00018,30.561752,0.9826723337173462,0.08745789,0.9435755295980994,0.19251870324189527,0.027928626842513578
SwinIR-lite (L1),BraTS2021_00018,30.475943,0.9834021925926208,0.08812587,0.9277379733879222,0.01625072547881602,0.0016849199663016006
SwinIR-lite (L1),BraTS2021_00018,30.573885,0.9827756285667419,0.08886773,0.9278008298755187,0.14942528735632185,0.09313725490196079
SwinIR-lite (L1),BraTS2021_00018,30.627687,0.9833083152770996,0.08972946,0.896141124586549,0.0443213296398892,0.008350730688935281
SwinIR-lite (L1),BraTS2021_00018,30.176046,0.9816713333129883,0.09518007,0.8901098901098901,0.03413498836307215,0.017241379310344827
SwinIR-lite (L1),BraTS2021_00018,30.25644,0.9803352355957031,0.09980549,0.8622848200312989,0.0,0.0
SwinIR-lite (L1),BraTS2021_00018,30.394993,0.9821671843528748,0.09751226,0.847493969445189,0.023318385650224215,0.0
SwinIR-lite (L1),BraTS2021_00018,30.630587,0.981666088104248,0.10003786,0.8657982429566798,0.0,0.0
SwinIR-lite (L1),BraTS2021_00018,30.278952,0.9815806746482849,0.10115282,0.8543435662965382,0.00866738894907909,0.011577424023154847
SwinIR-lite (L1),BraTS2021_00018,30.42491,0.982019305229187,0.10252812,0.8368945868945868,0.0,0.0
SwinIR-lite (L1),BraTS2021_00018,30.381561,0.9831219911575317,0.102348104,0.7848297213622291,0.0,0.0
SwinIR-lite (L1),BraTS2021_00018,30.772722,0.9850914478302002,0.09892682,0.7826847398338435,0.0,0.0
SwinIR-lite (L1),BraTS2021_00018,30.770348,0.9844182729721069,0.10365074,0.8269913749365804,0.27692307692307694,0.27692307692307694
SwinIR-lite (L1),BraTS2021_00018,30.401094,0.9842332601547241,0.10721945,0.8200115008625647,0.32679738562091504,0.32679738562091504
SwinIR-lite (L1),BraTS2021_00018,30.81099,0.9849037528038025,0.10762076,0.7726618705035971,0.0,0.0
SwinIR-lite (L1),BraTS2021_00018,30.939953,0.9843418598175049,0.11157772,0.8122270742358079,nan,nan
SwinIR-lite (L1),BraTS2021_00018,30.733316,0.9841790795326233,0.11582887,0.8709256844850065,nan,nan
SwinIR-lite (L1),BraTS2021_00018,30.963812,0.9849978685379028,0.11644609,0.9002123142250531,nan,nan
SwinIR-lite (L1),BraTS2021_00021,31.414576,0.969570517539978,0.1454096,0.0,nan,nan
SwinIR-lite (L1),BraTS2021_00021,31.410751,0.9694094061851501,0.14265856,0.0,nan,nan
SwinIR-lite (L1),BraTS2021_00021,31.37378,0.9676184058189392,0.14237563,0.0,nan,nan
SwinIR-lite (L1),BraTS2021_00021,31.16083,0.9660684466362,0.14440046,0.0,nan,nan
SwinIR-lite (L1),BraTS2021_00021,31.31704,0.9686317443847656,0.13695247,0.0,nan,nan
SwinIR-lite (L1),BraTS2021_00021,31.577093,0.9690759778022766,0.13615353,0.0,nan,nan
SwinIR-lite (L1),BraTS2021_00021,31.29258,0.9650474786758423,0.14017415,0.0,nan,nan
SwinIR-lite (L1),BraTS2021_00021,30.747032,0.9600285291671753,0.14402205,0.0,nan,nan
SwinIR-lite (L1),BraTS2021_00021,30.773087,0.9520419836044312,0.14753523,0.0,nan,nan
SwinIR-lite (L1),BraTS2021_00021,30.906017,0.9530918598175049,0.1365948,0.0,nan,nan
SwinIR-lite (L1),BraTS2021_00021,30.51347,0.951519787311554,0.1336361,0.026350461133069828,nan,nan
SwinIR-lite (L1),BraTS2021_00021,30.590048,0.9492171406745911,0.13155477,0.14088820826952528,nan,nan
SwinIR-lite (L1),BraTS2021_00021,31.002167,0.9475202560424805,0.12775758,0.0,nan,nan
SwinIR-lite (L1),BraTS2021_00021,30.899181,0.9467195272445679,0.12520929,0.07346585998271392,nan,nan
SwinIR-lite (L1),BraTS2021_00021,31.08543,0.9450445175170898,0.12544926,0.0,nan,nan
SwinIR-lite (L1),BraTS2021_00021,30.900589,0.9390403628349304,0.12714301,0.0,nan,nan
SwinIR-lite (L1),BraTS2021_00021,30.753819,0.9377188086509705,0.12408527,0.0917516218721038,nan,nan
SwinIR-lite (L1),BraTS2021_00021,31.112585,0.9426511526107788,0.12031034,0.0,nan,nan
SwinIR-lite (L1),BraTS2021_00021,31.090555,0.9376715421676636,0.120599285,0.0,nan,nan
SwinIR-lite (L1),BraTS2021_00021,31.606138,0.9458510279655457,0.11468256,0.0,nan,nan
SwinIR-lite (L1),BraTS2021_00021,31.301348,0.9386543035507202,0.116682895,0.0,nan,nan
SwinIR-lite (L1),BraTS2021_00021,31.778698,0.9421582818031311,0.11270092,0.0,nan,nan
SwinIR-lite (L1),BraTS2021_00021,31.542643,0.9452488422393799,0.1125799,0.0,nan,nan
SwinIR-lite (L1),BraTS2021_00021,31.411057,0.9447495937347412,0.115028135,0.0,nan,nan
SwinIR-lite (L1),BraTS2021_00021,31.42581,0.945214569568634,0.116626866,0.0,nan,nan
SwinIR-lite (L1),BraTS2021_00021,31.590368,0.9471001029014587,0.11226026,0.0,nan,nan
SwinIR-lite (L1),BraTS2021_00021,31.690218,0.9511679410934448,0.10937991,0.0,0.0,0.0
SwinIR-lite (L1),BraTS2021_00021,31.58192,0.9501736760139465,0.11137284,0.002826189354686764,0.0,0.0
SwinIR-lite (L1),BraTS2021_00021,31.411777,0.9500280618667603,0.11247464,0.0774526678141136,0.0,0.0
SwinIR-lite (L1),BraTS2021_00021,31.262514,0.9515831470489502,0.11374581,0.07194244604316546,0.0,0.0
SwinIR-lite (L1),BraTS2021_00021,31.421669,0.9538758397102356,0.11101801,0.1429801894918174,0.0,0.0
SwinIR-lite (L1),BraTS2021_00021,31.314758,0.9500260353088379,0.11230631,0.18582445831803157,0.0,0.0
SwinIR-lite (L1),BraTS2021_00021,31.548536,0.9537920355796814,0.11051288,0.22647169103862017,0.0,0.0
SwinIR-lite (L1),BraTS2021_00021,31.622803,0.9528810977935791,0.10803147,0.278579789309403,0.0,0.0
SwinIR-lite (L1),BraTS2021_00021,31.58882,0.9585244655609131,0.10634121,0.29037267080745344,0.0,0.0
SwinIR-lite (L1),BraTS2021_00021,31.411392,0.9546892642974854,0.11061723,0.25050999592003265,0.0,0.0
SwinIR-lite (L1),BraTS2021_00021,31.706926,0.9562905430793762,0.107476845,0.20542986425339366,0.0,0.0
SwinIR-lite (L1),BraTS2021_00021,31.521692,0.9573245048522949,0.10957355,0.24519015659955257,0.0,0.0
SwinIR-lite (L1),BraTS2021_00021,31.595934,0.958351731300354,0.10829913,0.2848360655737705,0.0,0.0
SwinIR-lite (L1),BraTS2021_00021,31.361238,0.9584380388259888,0.10950564,0.22083333333333333,0.02575107296137339,0.03007518796992481
SwinIR-lite (L1),BraTS2021_00021,31.691193,0.9631462693214417,0.1074014,0.228428927680798,0.0,0.0
SwinIR-lite (L1),BraTS2021_00021,31.558352,0.9644777178764343,0.105359375,0.24834437086092714,0.0,0.0
SwinIR-lite (L1),BraTS2021_00021,31.856037,0.9678972363471985,0.10238749,0.19304005252790546,0.0,0.0
SwinIR-lite (L1),BraTS2021_00021,31.841877,0.9679720401763916,0.10226432,0.1384499623777276,0.0,0.0
SwinIR-lite (L1),BraTS2021_00021,32.166798,0.9686754941940308,0.099979416,0.09939759036144578,0.06896551724137931,0.05737704918032787
SwinIR-lite (L1),BraTS2021_00021,32.553215,0.9714064002037048,0.09620393,0.03314917127071823,0.0,0.0
SwinIR-lite (L1),BraTS2021_00021,32.438618,0.9725567102432251,0.09706696,0.0,nan,nan
SwinIR-lite (L1),BraTS2021_00021,32.76167,0.9741157293319702,0.09268029,0.0,nan,nan
SwinIR-lite (L1),BraTS2021_00021,32.457397,0.9746973514556885,0.09599312,0.0,nan,nan
SwinIR-lite (L1),BraTS2021_00021,32.84745,0.9755237698554993,0.09134374,0.0,nan,nan
SwinIR-lite (L1),BraTS2021_00021,32.93448,0.9764575958251953,0.09084186,0.0,nan,nan
SwinIR-lite (L1),BraTS2021_00021,32.85177,0.971731424331665,0.09336975,0.0,nan,nan
SwinIR-lite (L1),BraTS2021_00021,33.283604,0.9750253558158875,0.08745225,0.0,nan,nan
SwinIR-lite (L1),BraTS2021_00021,33.46552,0.9740340709686279,0.08705364,0.0,nan,nan
SwinIR-lite (L1),BraTS2021_00021,33.323475,0.9725185632705688,0.08598024,0.0,nan,nan
SwinIR-lite (L1),BraTS2021_00021,33.29185,0.9654468894004822,0.09155941,0.3135593220338983,nan,nan
SwinIR-lite (L1),BraTS2021_00021,33.10736,0.9620722532272339,0.09186759,0.0,nan,nan
SwinIR-lite (L1),BraTS2021_00021,33.428703,0.9619980454444885,0.087759756,0.0,nan,nan
SwinIR-lite (L1),BraTS2021_00021,33.129875,0.9472459554672241,0.095241755,0.0,nan,nan
SwinIR-lite (L1),BraTS2021_00021,33.13747,0.9422785043716431,0.0951842,0.0,nan,nan
SwinIR-lite (L1),BraTS2021_00021,33.273964,0.9440301060676575,0.09260126,0.0,nan,nan
SwinIR-lite (L1),BraTS2021_00053,32.22468,0.9528658986091614,0.14727297,0.0,0.0,0.0
SwinIR-lite (L1),BraTS2021_00053,32.03088,0.9470239281654358,0.15546402,0.0,0.0,0.0
SwinIR-lite (L1),BraTS2021_00053,31.910828,0.9534030556678772,0.15029445,0.0,0.0,0.0
SwinIR-lite (L1),BraTS2021_00053,31.82476,0.9567896723747253,0.14728236,0.0,0.0,0.0
SwinIR-lite (L1),BraTS2021_00053,31.934017,0.9556376934051514,0.14669101,0.0,0.0,0.0
SwinIR-lite (L1),BraTS2021_00053,31.990288,0.9552692770957947,0.14664093,0.0,0.0,0.0
SwinIR-lite (L1),BraTS2021_00053,31.892334,0.9539753794670105,0.14935666,0.06616862326574173,0.0,0.0
SwinIR-lite (L1),BraTS2021_00053,31.818598,0.9612549543380737,0.14036794,0.3080390683696469,0.0,0.0
SwinIR-lite (L1),BraTS2021_00053,32.01548,0.9599040746688843,0.14246027,0.19753086419753085,0.0,0.0
SwinIR-lite (L1),BraTS2021_00053,31.720997,0.9645475745201111,0.13866211,0.5929502655721873,0.0,0.0
SwinIR-lite (L1),BraTS2021_00053,32.04673,0.9655227661132812,0.13478853,0.6025974025974026,0.0,0.0
SwinIR-lite (L1),BraTS2021_00053,32.01201,0.9668260216712952,0.13045217,0.5857026807473599,0.0,0.0
SwinIR-lite (L1),BraTS2021_00053,32.133522,0.9644654393196106,0.13179657,0.355202674467196,0.0,0.0
SwinIR-lite (L1),BraTS2021_00053,31.838654,0.968174397945404,0.13240977,0.5864558267445857,0.0,0.0
SwinIR-lite (L1),BraTS2021_00053,31.870808,0.9642665982246399,0.13533817,0.4966078697421981,0.006530612244897959,0.008501594048884165
SwinIR-lite (L1),BraTS2021_00053,31.771269,0.9688907861709595,0.13160692,0.6431881371640408,0.0031620553359683794,0.004214963119072708
SwinIR-lite (L1),BraTS2021_00053,32.053814,0.9679034948348999,0.13017398,0.5065292096219931,0.0,0.0
SwinIR-lite (L1),BraTS2021_00053,32.07586,0.9742987155914307,0.12433835,0.8150923200428151,0.0,0.0
SwinIR-lite (L1),BraTS2021_00053,32.291523,0.9714234471321106,0.12565325,0.7655068078668684,0.05648854961832061,0.07370517928286853
SwinIR-lite (L1),BraTS2021_00053,32.20023,0.973903477191925,0.122381836,0.7587822014051522,0.0,0.0
SwinIR-lite (L1),BraTS2021_00053,32.68048,0.9781270623207092,0.1144909,0.7888490201490478,0.004750593824228029,0.006224066390041493
SwinIR-lite (L1),BraTS2021_00053,32.675438,0.9794422388076782,0.11362673,0.8419182948490231,0.0,0.0
SwinIR-lite (L1),BraTS2021_00053,32.568443,0.980641782283783,0.11086682,0.8646374659737689,0.016289592760180997,0.02295918367346939
SwinIR-lite (L1),BraTS2021_00053,32.819878,0.9779578447341919,0.115201436,0.7398969351776512,0.0,0.0
SwinIR-lite (L1),BraTS2021_00053,32.707798,0.9805667400360107,0.11117078,0.7728446050593701,0.0,0.0
SwinIR-lite (L1),BraTS2021_00053,33.082535,0.9814090132713318,0.10804978,0.8789959744257637,0.0,0.0
SwinIR-lite (L1),BraTS2021_00053,32.957047,0.9797667860984802,0.11130712,0.8130325814536341,0.0,0.0
SwinIR-lite (L1),BraTS2021_00053,32.69609,0.9839308261871338,0.10788476,0.8992562542258282,0.0,0.0
SwinIR-lite (L1),BraTS2021_00053,33.05422,0.9833968877792358,0.106749274,0.8972228815570852,0.0,0.0
SwinIR-lite (L1),BraTS2021_00053,33.30997,0.9834524393081665,0.1052678,0.9350114416475973,0.0,0.0
SwinIR-lite (L1),BraTS2021_00053,33.07201,0.9825290441513062,0.10883363,0.9431530494821634,0.0,0.0
SwinIR-lite (L1),BraTS2021_00053,32.990776,0.9847063422203064,0.10376214,0.9452240832956089,0.0,0.0
SwinIR-lite (L1),BraTS2021_00053,32.82939,0.9834895133972168,0.10722611,0.9464570517202097,0.0,0.0
SwinIR-lite (L1),BraTS2021_00053,32.969193,0.981930673122406,0.11042575,0.9464618249534451,0.0,0.0
SwinIR-lite (L1),BraTS2021_00053,33.135487,0.9818958044052124,0.10772516,0.9572115384615385,0.01904761904761905,0.02810304449648712
SwinIR-lite (L1),BraTS2021_00053,32.864906,0.9853306412696838,0.10418931,0.9634087626384208,0.0,0.0
SwinIR-lite (L1),BraTS2021_00053,32.761703,0.9820548295974731,0.111993834,0.9690168333739937,0.0,0.0
SwinIR-lite (L1),BraTS2021_00053,32.778114,0.9819360971450806,0.110352494,0.9679569341194566,0.0,0.0
SwinIR-lite (L1),BraTS2021_00053,32.497055,0.9822190999984741,0.11235994,0.9693578470556888,0.0,0.0
SwinIR-lite (L1),BraTS2021_00053,32.389,0.9802875518798828,0.115313776,0.966530612244898,0.0,0.0
SwinIR-lite (L1),BraTS2021_00053,32.160652,0.9809251427650452,0.11757023,0.9732905982905983,0.06415094339622641,0.07962529274004684
SwinIR-lite (L1),BraTS2021_00053,32.164665,0.9825908541679382,0.11294909,0.9752891692954785,0.020080321285140562,0.02493765586034913
SwinIR-lite (L1),BraTS2021_00053,32.018898,0.9787071943283081,0.12104845,0.9553595295375568,0.012578616352201259,0.015189873417721518
SwinIR-lite (L1),BraTS2021_00053,31.60452,0.9817908406257629,0.11881968,0.9497788186312777,0.0,0.0
SwinIR-lite (L1),BraTS2021_00053,31.810295,0.9788849353790283,0.121665515,0.9654112221368178,0.0,0.0
SwinIR-lite (L1),BraTS2021_00053,31.810122,0.9791605472564697,0.12143346,0.9743721168631471,0.02336448598130841,0.02857142857142857
SwinIR-lite (L1),BraTS2021_00053,31.613762,0.9798437356948853,0.12356868,0.9740559979450295,0.0,0.0
SwinIR-lite (L1),BraTS2021_00053,31.464672,0.9793378114700317,0.12434282,0.9681830134104654,0.0,0.0
SwinIR-lite (L1),BraTS2021_00053,31.368235,0.9783840775489807,0.12689066,0.9698438341410878,0.0,0.0
SwinIR-lite (L1),BraTS2021_00053,31.419872,0.979763925075531,0.12422051,0.9764383561643836,0.0,0.0
SwinIR-lite (L1),BraTS2021_00053,31.233814,0.9788207411766052,0.12805715,0.9705555555555555,0.0,0.0
SwinIR-lite (L1),BraTS2021_00053,31.277672,0.9754689931869507,0.13305856,0.9608416130917592,0.3669064748201439,0.3669064748201439
SwinIR-lite (L1),BraTS2021_00053,31.10114,0.9778139591217041,0.1307472,0.968230836490819,0.0,0.0
SwinIR-lite (L1),BraTS2021_00053,31.096113,0.975032389163971,0.13690032,0.9621720561317877,0.021739130434782608,0.021739130434782608
SwinIR-lite (L1),BraTS2021_00053,31.042854,0.976455569267273,0.13312031,0.9681488489435509,0.0,0.0
SwinIR-lite (L1),BraTS2021_00053,30.96493,0.9758766889572144,0.13706875,0.96044825313118,0.0,0.0
SwinIR-lite (L1),BraTS2021_00053,31.029034,0.9743720293045044,0.13873242,0.9676975945017182,0.0,0.0
SwinIR-lite (L1),BraTS2021_00053,30.736511,0.9761683344841003,0.13797687,0.9632873021219266,0.0,0.0
SwinIR-lite (L1),BraTS2021_00053,30.889502,0.97441565990448,0.13929234,0.9683908045977011,nan,nan
SwinIR-lite (L1),BraTS2021_00053,30.824976,0.9749132990837097,0.14129855,0.9641970932293513,nan,nan
SwinIR-lite (L1),BraTS2021_00053,30.536522,0.9759736657142639,0.14123052,0.9595667870036101,nan,nan
SwinIR-lite (L1),BraTS2021_00053,30.554258,0.9756143093109131,0.14257264,0.9670886075949368,nan,nan
SwinIR-lite (L1),BraTS2021_00053,30.210972,0.9745991826057434,0.14836174,0.9612068965517241,nan,nan
SwinIR-lite (L1),BraTS2021_00053,30.27853,0.9728179574012756,0.15099168,0.950954698614751,nan,nan
SwinIR-lite (L1),BraTS2021_00053,30.074535,0.9720656275749207,0.15425564,0.9630793401413983,nan,nan
SwinIR-lite (L1),BraTS2021_00053,29.780691,0.9693967700004578,0.16210878,0.95503746877602,nan,nan
SwinIR-lite (L1),BraTS2021_00053,29.618523,0.9684503674507141,0.16844687,0.9352580927384077,nan,nan
SwinIR-lite (L1),BraTS2021_00053,29.792133,0.9663608074188232,0.17651828,0.9253731343283582,nan,nan
SwinIR-lite (L1),BraTS2021_00053,30.017298,0.9699968099594116,0.17308055,0.9522714203565268,nan,nan
SwinIR-lite (L1),BraTS2021_00053,30.221216,0.9664247632026672,0.18665552,0.8876080691642652,nan,nan
SwinIR-lite (L1),BraTS2021_00053,30.413242,0.9680145382881165,0.18683425,0.9152263374485596,nan,nan
SwinIR-lite (L1),BraTS2021_00053,30.490105,0.9700390100479126,0.18708254,0.9190172884440401,nan,nan
SwinIR-lite (L1),BraTS2021_00053,30.77742,0.9655581712722778,0.20599821,0.8771498771498771,nan,nan
SwinIR-lite (L1),BraTS2021_00053,30.95709,0.9647847414016724,0.21314767,0.9008403361344538,nan,nan
SwinIR-lite (L1),BraTS2021_00053,31.186337,0.96565842628479,0.21685733,0.8836206896551724,nan,nan
SwinIR-lite (L1),BraTS2021_00053,31.428219,0.9644896388053894,0.22689538,0.8913043478260869,nan,nan
SwinIR-lite (L1),BraTS2021_00053,31.674335,0.9626452922821045,0.23909955,0.833922261484099,nan,nan
SwinIR-lite (L1),BraTS2021_00059,30.662601,0.980315089225769,0.11175441,0.15139442231075698,nan,nan
SwinIR-lite (L1),BraTS2021_00059,30.621984,0.9791437983512878,0.110838935,0.26666666666666666,nan,nan
SwinIR-lite (L1),BraTS2021_00059,30.867336,0.9802170395851135,0.10688105,0.529126213592233,nan,nan
SwinIR-lite (L1),BraTS2021_00059,30.81544,0.9802573919296265,0.10559866,0.8209500609013398,nan,nan
SwinIR-lite (L1),BraTS2021_00059,30.928175,0.9804975390434265,0.104216225,0.8690095846645367,nan,nan
SwinIR-lite (L1),BraTS2021_00059,31.023436,0.9802033305168152,0.10402937,0.9512195121951219,nan,nan
SwinIR-lite (L1),BraTS2021_00059,30.827076,0.9804816246032715,0.10365557,0.9318394024276377,nan,nan
SwinIR-lite (L1),BraTS2021_00059,30.767756,0.979363739490509,0.10574992,0.9342806394316163,0.49122807017543857,0.49122807017543857
SwinIR-lite (L1),BraTS2021_00059,30.45104,0.9793233275413513,0.106041834,0.9214908802537668,0.7666666666666667,0.7666666666666667
SwinIR-lite (L1),BraTS2021_00059,30.402353,0.9796302318572998,0.10541101,0.9391304347826087,0.9218106995884774,0.9218106995884774
SwinIR-lite (L1),BraTS2021_00059,30.1886,0.9777113199234009,0.10825167,0.9258720930232558,0.8620689655172413,0.8620689655172413
SwinIR-lite (L1),BraTS2021_00059,30.44444,0.9798710346221924,0.10560054,0.9114266396213658,0.8092783505154639,0.8062015503875969
SwinIR-lite (L1),BraTS2021_00059,30.274992,0.9779264330863953,0.110422105,0.9156293222683264,0.9012875536480687,0.8791208791208791
SwinIR-lite (L1),BraTS2021_00059,30.105518,0.9777513146400452,0.11088849,0.9125575279421433,0.9739776951672863,0.9121338912133892
SwinIR-lite (L1),BraTS2021_00059,29.715242,0.9769260287284851,0.1116497,0.9563776918829376,0.9694793536804309,0.8602150537634409
SwinIR-lite (L1),BraTS2021_00059,29.449509,0.9725316762924194,0.114706255,0.9086161879895561,0.9454545454545454,0.8571428571428571
SwinIR-lite (L1),BraTS2021_00059,29.472998,0.9689337015151978,0.11352707,0.9160516605166051,0.8712328767123287,0.7711598746081505
SwinIR-lite (L1),BraTS2021_00059,29.498535,0.9685686230659485,0.10839393,0.954563413670486,0.9049360146252285,0.8571428571428571
SwinIR-lite (L1),BraTS2021_00059,29.485796,0.9678768515586853,0.10700619,0.9398198198198198,0.9238805970149254,0.8777777777777778
SwinIR-lite (L1),BraTS2021_00059,29.175293,0.9662136435508728,0.10693123,0.9286418941137784,0.9365671641791045,0.9065420560747663
SwinIR-lite (L1),BraTS2021_00059,29.380857,0.9647188186645508,0.105893865,0.9421231816774992,0.9403153153153153,0.9079754601226994
SwinIR-lite (L1),BraTS2021_00059,29.022274,0.9646793007850647,0.10618701,0.941825199889716,0.9675425038639877,0.938328530259366
SwinIR-lite (L1),BraTS2021_00059,29.207615,0.9647688269615173,0.10370575,0.9607052896725441,0.9735957753240518,0.9208037825059102
SwinIR-lite (L1),BraTS2021_00059,29.611233,0.9661436676979065,0.09942699,0.9588051072030835,0.9649368863955119,0.8993288590604027
SwinIR-lite (L1),BraTS2021_00059,29.496176,0.9653685688972473,0.0976098,0.9630484988452656,0.9591304347826087,0.8920863309352518
SwinIR-lite (L1),BraTS2021_00059,29.470001,0.9615151882171631,0.09906534,0.9607167470709855,0.9662132514260641,0.8984375
SwinIR-lite (L1),BraTS2021_00059,29.721325,0.9647365212440491,0.0971942,0.9654249386571492,0.9696191698759092,0.8937007874015748
SwinIR-lite (L1),BraTS2021_00059,29.472734,0.9660219550132751,0.096218325,0.9474136080704014,0.9520633597332222,0.8886043533930857
SwinIR-lite (L1),BraTS2021_00059,29.938396,0.9633540511131287,0.09553439,0.9454787234042553,0.9542148053059478,0.87740225314778
SwinIR-lite (L1),BraTS2021_00059,30.040102,0.9649268984794617,0.09354174,0.95690030474532,0.9538590604026845,0.9073958980733374
SwinIR-lite (L1),BraTS2021_00059,30.120077,0.965857207775116,0.09216371,0.9455270150575731,0.9779661016949153,0.9243379571248423
SwinIR-lite (L1),BraTS2021_00059,30.033543,0.968116283416748,0.08931192,0.9574513577079324,0.9373368146214099,0.8887459807073955
SwinIR-lite (L1),BraTS2021_00059,30.201475,0.9697105288505554,0.08905208,0.9564297800338409,0.9495495495495495,0.8879668049792531
SwinIR-lite (L1),BraTS2021_00059,30.105497,0.9647313952445984,0.090682454,0.9467922049485439,0.9324515824279641,0.8895265423242468
SwinIR-lite (L1),BraTS2021_00059,30.004309,0.9653025269508362,0.090961315,0.9425795053003534,0.9476716274603937,0.89171974522293
SwinIR-lite (L1),BraTS2021_00059,30.427141,0.9657356142997742,0.088927306,0.9458324121158523,0.957135653050933,0.900593471810089
SwinIR-lite (L1),BraTS2021_00059,30.381868,0.9664328098297119,0.088946946,0.928187134502924,0.9586864406779662,0.9011976047904192
SwinIR-lite (L1),BraTS2021_00059,30.350048,0.9669744372367859,0.088142686,0.9445454545454546,0.9585730724971231,0.9125596184419714
SwinIR-lite (L1),BraTS2021_00059,30.192661,0.9709699153900146,0.087360725,0.9422946367956552,0.9548780487804878,0.8982785602503912
SwinIR-lite (L1),BraTS2021_00059,30.096882,0.9678175449371338,0.088870145,0.9437209302325581,0.9328859060402684,0.8870292887029289
SwinIR-lite (L1),BraTS2021_00059,30.146286,0.9678986668586731,0.088173024,0.9393724935126209,0.9294964028776979,0.8914100486223663
SwinIR-lite (L1),BraTS2021_00059,30.078287,0.9689831137657166,0.08764002,0.9174311926605505,0.9197431781701445,0.9042277825711821
SwinIR-lite (L1),BraTS2021_00059,30.220352,0.9711027145385742,0.0884915,0.9254801536491677,0.9293809938971229,0.9140271493212669
SwinIR-lite (L1),BraTS2021_00059,30.225979,0.9703351855278015,0.08810936,0.8950391644908616,0.886576482830385,0.886576482830385
SwinIR-lite (L1),BraTS2021_00059,30.533392,0.9694089889526367,0.08678172,0.8377530652979754,0.875,0.8743961352657005
SwinIR-lite (L1),BraTS2021_00059,30.289059,0.9716312289237976,0.08563476,0.8589970501474926,0.8766716196136701,0.8766716196136701
SwinIR-lite (L1),BraTS2021_00059,30.487185,0.9715297222137451,0.08489039,0.8521351179094965,0.8697183098591549,0.8697183098591549
SwinIR-lite (L1),BraTS2021_00059,30.664856,0.974626362323761,0.083649695,0.8412129116400391,0.9064449064449065,0.9064449064449065
SwinIR-lite (L1),BraTS2021_00059,30.85889,0.9763779044151306,0.08100354,0.8525526597643699,0.8684863523573201,0.8684863523573201
SwinIR-lite (L1),BraTS2021_00059,31.413738,0.9772745966911316,0.079208866,0.8600917431192661,0.8954423592493298,0.8954423592493298
SwinIR-lite (L1),BraTS2021_00059,31.341908,0.978579044342041,0.07673648,0.8874123292727943,0.6593406593406593,0.6593406593406593
SwinIR-lite (L1),BraTS2021_00059,31.516499,0.9791048765182495,0.075445,0.9181850660950339,0.8300395256916996,0.8300395256916996
SwinIR-lite (L1),BraTS2021_00059,31.417944,0.9794524312019348,0.075633295,0.9261344816164293,0.25925925925925924,0.25925925925925924
SwinIR-lite (L1),BraTS2021_00059,31.4355,0.9799283146858215,0.07585277,0.9457755359394704,0.0,0.0
SwinIR-lite (L1),BraTS2021_00059,31.420488,0.9796642661094666,0.07525493,0.9311594202898551,0.0,0.0
SwinIR-lite (L1),BraTS2021_00059,31.64841,0.9766682386398315,0.07407871,0.9304245283018868,nan,nan
SwinIR-lite (L1),BraTS2021_00059,31.674253,0.9769113063812256,0.07467168,0.9492570787776843,nan,nan
SwinIR-lite (L1),BraTS2021_00059,31.307247,0.976997435092926,0.07671786,0.9522029372496662,nan,nan
SwinIR-lite (L1),BraTS2021_00059,31.61273,0.9738335013389587,0.076035336,0.9469591780061094,nan,nan
SwinIR-lite (L1),BraTS2021_00059,31.608948,0.9711805582046509,0.0780406,0.9496200394033212,nan,nan
SwinIR-lite (L1),BraTS2021_00059,31.174067,0.9748531579971313,0.0777814,0.9584795321637427,nan,nan
SwinIR-lite (L1),BraTS2021_00059,31.194546,0.972419798374176,0.07987841,0.9369720597790773,nan,nan
SwinIR-lite (L1),BraTS2021_00059,31.461323,0.9689000248908997,0.08106302,0.8890527091780317,nan,nan
SwinIR-lite (L1),BraTS2021_00059,30.757763,0.9687470197677612,0.08444758,0.8784,nan,nan
SwinIR-lite (L1),BraTS2021_00059,30.514324,0.9673660397529602,0.08560036,0.8827838827838828,nan,nan
SwinIR-lite (L1),BraTS2021_00059,30.413147,0.9658731818199158,0.08765016,0.9188376753507014,nan,nan
SwinIR-lite (L1),BraTS2021_00059,30.320942,0.9655689001083374,0.08866014,0.8796498905908097,nan,nan
SwinIR-lite (L1),BraTS2021_00059,30.462395,0.9672212600708008,0.08716126,0.8821385176184691,nan,nan
SwinIR-lite (L1),BraTS2021_00059,30.347559,0.9651488661766052,0.08895358,0.7991886409736308,nan,nan
SwinIR-lite (L1),BraTS2021_00059,30.388803,0.959364652633667,0.092366666,0.759493670886076,nan,nan
SwinIR-lite (L1),BraTS2021_00059,30.272858,0.9594681262969971,0.09332887,0.8238387379491674,nan,nan
SwinIR-lite (L1),BraTS2021_00059,30.073036,0.9640477299690247,0.09349861,0.8833151581243184,nan,nan
SwinIR-lite (L1),BraTS2021_00059,29.981024,0.9659841656684875,0.095053546,0.8850072780203785,nan,nan
SwinIR-lite (L1),BraTS2021_00059,29.881119,0.9641623497009277,0.09862034,0.8843813387423936,nan,nan
SwinIR-lite (L1),BraTS2021_00059,29.658775,0.9638711810112,0.09885173,0.8837209302325582,nan,nan
SwinIR-lite (L1),BraTS2021_00061,31.706114,0.9771473407745361,0.12725408,0.0,0.0,0.0
SwinIR-lite (L1),BraTS2021_00061,31.347767,0.9758150577545166,0.12792331,0.25203252032520324,0.0,0.0
SwinIR-lite (L1),BraTS2021_00061,31.452728,0.9755266904830933,0.12619215,0.0,0.0,0.0
SwinIR-lite (L1),BraTS2021_00061,31.531706,0.9774851202964783,0.12020615,0.11428571428571428,0.0,0.0
SwinIR-lite (L1),BraTS2021_00061,31.548458,0.9779878854751587,0.118359946,0.51440329218107,0.0,0.0
SwinIR-lite (L1),BraTS2021_00061,31.522446,0.9785866141319275,0.1166034,0.499054820415879,0.0,0.0
SwinIR-lite (L1),BraTS2021_00061,31.29116,0.9780648946762085,0.11785434,0.7318611987381703,0.0,0.0
SwinIR-lite (L1),BraTS2021_00061,31.384548,0.9783118367195129,0.11587773,0.5141065830721003,0.0,0.0
SwinIR-lite (L1),BraTS2021_00061,31.31651,0.978306233882904,0.11637872,0.5784037558685446,0.0,0.0
SwinIR-lite (L1),BraTS2021_00061,31.30596,0.9775684475898743,0.11762135,0.3730886850152905,0.0,0.0
SwinIR-lite (L1),BraTS2021_00061,30.307882,0.970841646194458,0.12956227,0.4982142857142857,0.08360128617363344,0.09737827715355805
SwinIR-lite (L1),BraTS2021_00061,30.371,0.970588743686676,0.12590258,0.5520661157024793,0.4201312910284464,0.48186528497409326
SwinIR-lite (L1),BraTS2021_00061,30.437218,0.9673120379447937,0.1244598,0.5616438356164384,0.09200968523002422,0.11147540983606558
SwinIR-lite (L1),BraTS2021_00061,30.254652,0.9684551954269409,0.119558185,0.5689277899343544,0.0,0.0
SwinIR-lite (L1),BraTS2021_00061,30.131287,0.9695757627487183,0.11676774,0.590818363273453,0.0,0.0
SwinIR-lite (L1),BraTS2021_00061,30.298693,0.9666231870651245,0.116594665,0.6313799621928167,0.0,0.0
SwinIR-lite (L1),BraTS2021_00061,30.243242,0.9695070385932922,0.11390591,0.6909090909090909,0.0,0.0
SwinIR-lite (L1),BraTS2021_00061,30.323994,0.9700007438659668,0.11223798,0.6643717728055077,0.0,0.0
SwinIR-lite (L1),BraTS2021_00061,30.128296,0.9702893495559692,0.11168795,0.6616161616161617,0.0,0.0
SwinIR-lite (L1),BraTS2021_00061,30.50422,0.9732598662376404,0.10760994,0.6817800167926112,0.0,0.0
SwinIR-lite (L1),BraTS2021_00061,30.49643,0.9739359617233276,0.10622117,0.6323296354992076,0.0,0.0
SwinIR-lite (L1),BraTS2021_00061,30.710924,0.9757956862449646,0.10239463,0.6895986895986896,0.0,0.0
SwinIR-lite (L1),BraTS2021_00061,30.647705,0.9726565480232239,0.10725335,0.7219846022241232,0.0,0.0
SwinIR-lite (L1),BraTS2021_00061,30.455553,0.9756284952163696,0.10392217,0.7374301675977654,0.0,0.0
SwinIR-lite (L1),BraTS2021_00061,30.525043,0.972775399684906,0.1060879,0.7119341563786008,0.0,0.0
SwinIR-lite (L1),BraTS2021_00061,30.496574,0.9725062251091003,0.105119884,0.7022016222479722,0.005747126436781609,0.008583690987124463
SwinIR-lite (L1),BraTS2021_00061,30.735056,0.9729489088058472,0.10306092,0.6934673366834171,0.1384083044982699,0.14166666666666666
SwinIR-lite (L1),BraTS2021_00061,30.97874,0.9711671471595764,0.10339241,0.726790450928382,0.2818181818181818,0.2692307692307692
SwinIR-lite (L1),BraTS2021_00061,30.729597,0.970445454120636,0.10386632,0.6907993966817496,0.21487603305785125,0.21487603305785125
SwinIR-lite (L1),BraTS2021_00061,30.922127,0.967860758304596,0.10676461,0.1689497716894977,0.0,0.0
SwinIR-lite (L1),BraTS2021_00061,30.822771,0.9704155325889587,0.104331315,0.5962264150943396,0.0,0.0
SwinIR-lite (L1),BraTS2021_00061,31.294744,0.9715076684951782,0.10208616,0.3517915309446254,nan,nan
SwinIR-lite (L1),BraTS2021_00061,31.21004,0.972554087638855,0.10105602,0.7075208913649025,nan,nan
SwinIR-lite (L1),BraTS2021_00061,31.280373,0.9700047373771667,0.10158555,0.47244094488188976,nan,nan
SwinIR-lite (L1),BraTS2021_00062,29.177477,0.9742639660835266,0.11337655,0.523121387283237,nan,nan
SwinIR-lite (L1),BraTS2021_00062,29.452991,0.9731786847114563,0.112617664,0.7579787234042553,nan,nan
SwinIR-lite (L1),BraTS2021_00062,29.12151,0.9744413495063782,0.10971672,0.8382838283828383,nan,nan
SwinIR-lite (L1),BraTS2021_00062,29.554369,0.9758172631263733,0.10563898,0.8630573248407644,nan,nan
SwinIR-lite (L1),BraTS2021_00062,29.863407,0.975030243396759,0.104014166,0.8898426323319027,nan,nan
SwinIR-lite (L1),BraTS2021_00062,30.011486,0.9771189093589783,0.100771405,0.9238031018206339,nan,nan
SwinIR-lite (L1),BraTS2021_00062,29.761272,0.9779930114746094,0.0986887,0.9197860962566845,nan,nan
SwinIR-lite (L1),BraTS2021_00062,29.937584,0.9795012474060059,0.09531173,0.8964435146443515,nan,nan
SwinIR-lite (L1),BraTS2021_00062,30.296356,0.9802645444869995,0.09357269,0.8809416025350838,nan,nan
SwinIR-lite (L1),BraTS2021_00062,30.309113,0.9807012677192688,0.09278739,0.9216552832462837,0.0,nan
SwinIR-lite (L1),BraTS2021_00062,30.41292,0.9832077026367188,0.0885958,0.9094922737306843,0.0,nan
SwinIR-lite (L1),BraTS2021_00062,30.214966,0.9830751419067383,0.08900302,0.9360613810741688,0.0,nan
SwinIR-lite (L1),BraTS2021_00062,30.177992,0.9828539490699768,0.08905895,0.9514492753623188,0.0,nan
SwinIR-lite (L1),BraTS2021_00062,30.408024,0.9834136962890625,0.08819991,0.9613220815752461,0.0,nan
SwinIR-lite (L1),BraTS2021_00062,30.23608,0.9834416508674622,0.08744531,0.9582614694722318,0.0,nan
SwinIR-lite (L1),BraTS2021_00062,30.199492,0.9831488132476807,0.08877218,0.9528013582342955,0.0,nan
SwinIR-lite (L1),BraTS2021_00062,29.985043,0.9826471209526062,0.08891789,0.9609164420485176,0.05952380952380952,0.0
SwinIR-lite (L1),BraTS2021_00062,30.167805,0.9842433333396912,0.08736642,0.9411039161270429,0.0,0.0
SwinIR-lite (L1),BraTS2021_00062,29.959051,0.9834566712379456,0.088082045,0.9648365206662554,0.17518248175182483,0.64
SwinIR-lite (L1),BraTS2021_00062,30.124052,0.9831262230873108,0.08966715,0.9643618641486446,0.21052631578947367,0.3333333333333333
SwinIR-lite (L1),BraTS2021_00062,29.989868,0.9835597276687622,0.08840873,0.9643819215803652,0.23880597014925373,0.7058823529411765
SwinIR-lite (L1),BraTS2021_00062,30.058031,0.9847691059112549,0.08703039,0.9663250366032211,0.10256410256410256,0.0
SwinIR-lite (L1),BraTS2021_00062,30.151207,0.9852622747421265,0.08646652,0.9709592255793488,0.0,0.0
SwinIR-lite (L1),BraTS2021_00062,30.101507,0.9846137762069702,0.08639509,0.9731800766283525,0.08450704225352113,0.0
SwinIR-lite (L1),BraTS2021_00062,30.794086,0.987139880657196,0.08057194,0.9715292045788083,0.0,0.0
SwinIR-lite (L1),BraTS2021_00062,30.251238,0.9871258735656738,0.08068843,0.9660724554341575,0.19767441860465115,0.36363636363636365
SwinIR-lite (L1),BraTS2021_00062,30.588705,0.9877496361732483,0.07947284,0.9697146185206756,0.0,0.0
SwinIR-lite (L1),BraTS2021_00062,30.41582,0.9885067343711853,0.078574054,0.9666861484511982,0.0,0.0
SwinIR-lite (L1),BraTS2021_00062,30.804058,0.988705039024353,0.07731807,0.963963963963964,0.1875,0.0
SwinIR-lite (L1),BraTS2021_00062,30.844643,0.9886245727539062,0.07838595,0.9550738297203896,0.0,nan
SwinIR-lite (L1),BraTS2021_00062,31.364742,0.9897738099098206,0.073450334,0.9660743134087237,0.0,nan
SwinIR-lite (L1),BraTS2021_00062,31.80423,0.9906343817710876,0.071832225,0.9784037558685446,nan,nan
SwinIR-lite (L1),BraTS2021_00062,31.267385,0.9903305768966675,0.07369226,0.9540468425733768,nan,nan
SwinIR-lite (L1),BraTS2021_00062,31.644562,0.9900883436203003,0.073273696,0.9695522388059702,0.0,nan
SwinIR-lite (L1),BraTS2021_00062,31.614311,0.9902769327163696,0.07153997,0.9703504043126685,0.0,nan
SwinIR-lite (L1),BraTS2021_00062,31.587992,0.9901472926139832,0.07318533,0.9682634730538923,nan,nan
SwinIR-lite (L1),BraTS2021_00062,31.341074,0.9896258115768433,0.07318219,0.9636745722005404,0.0,nan
SwinIR-lite (L1),BraTS2021_00062,31.472036,0.9888538122177124,0.074775055,0.9567600487210719,nan,nan
SwinIR-lite (L1),BraTS2021_00062,31.425714,0.9889442920684814,0.074465744,0.9028901734104047,0.0,nan
SwinIR-lite (L1),BraTS2021_00062,31.465248,0.987741231918335,0.07626955,0.9405572755417957,nan,nan
SwinIR-lite (L1),BraTS2021_00062,31.575748,0.9869879484176636,0.07673349,0.9237918215613383,nan,nan
SwinIR-lite (L1),BraTS2021_00062,31.631363,0.9864595532417297,0.0759835,0.901712111604312,nan,nan
SwinIR-lite (L1),BraTS2021_00062,31.69136,0.986384391784668,0.07726056,0.9278283485045513,nan,nan
SwinIR-lite (L1),BraTS2021_00062,31.528685,0.9858921766281128,0.076735705,0.9363369245837414,nan,nan
SwinIR-lite (L1),BraTS2021_00062,31.613125,0.9859104752540588,0.07836612,0.9409769335142469,nan,nan
SwinIR-lite (L1),BraTS2021_00062,31.282543,0.9862328171730042,0.07752827,0.9389830508474576,nan,nan
SwinIR-lite (L1),BraTS2021_00062,31.13934,0.9863670468330383,0.079636104,0.9337770382695507,nan,nan
SwinIR-lite (L1),BraTS2021_00062,31.187233,0.9861782193183899,0.079193264,0.908327953518399,nan,nan
SwinIR-lite (L1),BraTS2021_00062,31.290604,0.9852012395858765,0.08149294,0.9476528199932456,nan,nan
SwinIR-lite (L1),BraTS2021_00062,31.423662,0.9862847924232483,0.07979533,0.9513031550068587,nan,nan
SwinIR-lite (L1),BraTS2021_00062,30.938763,0.9859825372695923,0.08215448,0.9139604954804151,nan,nan
SwinIR-lite (L1),BraTS2021_00062,31.24605,0.9858487248420715,0.08133683,0.9228621291448517,nan,nan
SwinIR-lite (L1),BraTS2021_00062,31.133127,0.9848217368125916,0.08431391,0.925589836660617,nan,nan
SwinIR-lite (L1),BraTS2021_00062,31.020086,0.984480082988739,0.08759234,0.8968342644320298,nan,nan
SwinIR-lite (L1),BraTS2021_00062,30.87206,0.9844670295715332,0.08784675,0.931272875152501,nan,nan
SwinIR-lite (L1),BraTS2021_00062,30.50494,0.983950674533844,0.09122669,0.8779904306220095,nan,nan
SwinIR-lite (L1),BraTS2021_00062,30.719872,0.9836186170578003,0.09214725,0.88722430295464,nan,nan
SwinIR-lite (L1),BraTS2021_00062,30.59515,0.984990119934082,0.09242713,0.92071835304424,nan,nan
SwinIR-lite (L1),BraTS2021_00062,30.623325,0.9834232926368713,0.095422715,0.931345980126468,nan,nan
SwinIR-lite (L1),BraTS2021_00062,30.636084,0.9837799072265625,0.096284196,0.9372384937238494,nan,nan
SwinIR-lite (L1),BraTS2021_00062,30.593235,0.9841080904006958,0.097817175,0.8494208494208494,nan,nan
SwinIR-lite (L1),BraTS2021_00062,30.4405,0.9833401441574097,0.10047476,0.8666967916854948,nan,nan
SwinIR-lite (L1),BraTS2021_00062,30.267902,0.9836398363113403,0.10363521,0.860666971219735,nan,nan
SwinIR-lite (L1),BraTS2021_00062,30.28521,0.9841418266296387,0.10420561,0.8760724499523356,nan,nan
SwinIR-lite (L1),BraTS2021_00062,30.26767,0.9829734563827515,0.10819821,0.877139979859013,nan,nan
SwinIR-lite (L1),BraTS2021_00062,30.453176,0.9848159551620483,0.10680157,0.8730583824317086,nan,nan
SwinIR-lite (L1),BraTS2021_00062,30.387321,0.9850092530250549,0.10865625,0.8679471788715486,nan,nan
SwinIR-lite (L1),BraTS2021_00062,30.526073,0.9842126369476318,0.11372396,0.8806584362139918,nan,nan
SwinIR-lite (L1),BraTS2021_00062,30.299406,0.9849103093147278,0.11479253,0.8806404657933042,nan,nan
SwinIR-lite (L1),BraTS2021_00062,30.717403,0.9852496981620789,0.116448216,0.9104477611940298,0.0,0.0
SwinIR-lite (L1),BraTS2021_00062,30.536163,0.985144853591919,0.120245256,0.8571428571428571,nan,nan
SwinIR-lite (L1),BraTS2021_00062,31.095182,0.9867510199546814,0.117516465,0.7945472249269717,0.0,0.0
SwinIR-lite (L1),BraTS2021_00062,31.198315,0.9864296317100525,0.12251499,0.7849056603773585,nan,nan
SwinIR-lite (L1),BraTS2021_00062,31.353004,0.9852272868156433,0.12947083,0.6411149825783972,0.0,0.0
SwinIR-lite (L1),BraTS2021_00066,30.334797,0.9688311815261841,0.10168812,0.8676470588235294,nan,nan
SwinIR-lite (L1),BraTS2021_00066,30.317314,0.969946026802063,0.102403685,0.8807339449541285,nan,nan
SwinIR-lite (L1),BraTS2021_00066,30.293486,0.9706904888153076,0.101947814,0.9292543021032504,nan,nan
SwinIR-lite (L1),BraTS2021_00066,30.370092,0.9707733392715454,0.102084056,0.9565217391304348,nan,nan
SwinIR-lite (L1),BraTS2021_00066,30.434208,0.9727383255958557,0.09956679,0.9635854341736695,nan,nan
SwinIR-lite (L1),BraTS2021_00066,30.41875,0.9714347720146179,0.101867765,0.9606674612634089,nan,nan
SwinIR-lite (L1),BraTS2021_00066,30.207422,0.9766730666160583,0.096660495,0.9477611940298507,nan,nan
SwinIR-lite (L1),BraTS2021_00066,30.563374,0.9782464504241943,0.09367008,0.9737065309584394,nan,nan
SwinIR-lite (L1),BraTS2021_00066,30.650253,0.9782740473747253,0.09279615,0.9760247486465584,nan,nan
SwinIR-lite (L1),BraTS2021_00066,30.459187,0.9789064526557922,0.09423372,0.9650837988826816,0.0,0.0
SwinIR-lite (L1),BraTS2021_00066,30.332335,0.9788258075714111,0.09403809,0.9521378430121251,0.3795620437956204,0.3795620437956204
SwinIR-lite (L1),BraTS2021_00066,30.386019,0.976699948310852,0.09612689,0.9682539682539683,0.5217391304347826,0.5381165919282511
SwinIR-lite (L1),BraTS2021_00066,30.222103,0.977533757686615,0.096089646,0.9529889727219966,0.48226950354609927,0.4789915966386555
SwinIR-lite (L1),BraTS2021_00066,30.235851,0.9785143733024597,0.09491525,0.9595375722543352,0.13533834586466165,0.15
SwinIR-lite (L1),BraTS2021_00066,30.117903,0.9781491756439209,0.09543643,0.9723320158102767,0.13725490196078433,0.1917808219178082
SwinIR-lite (L1),BraTS2021_00066,30.00641,0.9788184762001038,0.09503081,0.9601722282023681,0.04472843450479233,0.06965174129353234
SwinIR-lite (L1),BraTS2021_00066,29.97057,0.980307936668396,0.094280355,0.945619335347432,0.22343324250681199,0.14563106796116504
SwinIR-lite (L1),BraTS2021_00066,30.459198,0.9810230731964111,0.09109863,0.9565217391304348,0.21818181818181817,0.3319838056680162
SwinIR-lite (L1),BraTS2021_00066,30.522327,0.9826712012290955,0.08921777,0.9499509322865555,0.21772151898734177,0.09565217391304348
SwinIR-lite (L1),BraTS2021_00066,30.657999,0.9833382964134216,0.08814056,0.971131093232371,0.10106382978723404,0.025210084033613446
SwinIR-lite (L1),BraTS2021_00066,30.66662,0.9838002324104309,0.08778913,0.9702127659574468,0.0,0.0
SwinIR-lite (L1),BraTS2021_00066,30.764582,0.9833988547325134,0.087855056,0.9586305278174037,0.09669211195928754,0.0
SwinIR-lite (L1),BraTS2021_00066,30.724277,0.9829246997833252,0.08704405,0.9570552147239264,0.04113110539845758,0.022727272727272728
SwinIR-lite (L1),BraTS2021_00066,30.712168,0.98204505443573,0.087870404,0.9643353404353867,0.026595744680851064,0.040160642570281124
SwinIR-lite (L1),BraTS2021_00066,30.799187,0.9806131720542908,0.08813731,0.9611968209443665,0.06951871657754011,0.0
SwinIR-lite (L1),BraTS2021_00066,30.900724,0.9811973571777344,0.08560981,0.966837926202709,0.0,0.0
SwinIR-lite (L1),BraTS2021_00066,31.1422,0.9782503843307495,0.0884407,0.9700046146746655,0.08022922636103152,0.0
SwinIR-lite (L1),BraTS2021_00066,30.916931,0.9787664413452148,0.08818739,0.9248704663212435,0.08408408408408409,0.109375
SwinIR-lite (L1),BraTS2021_00066,30.858477,0.976557731628418,0.0886045,0.9611339734796525,0.0,0.0
SwinIR-lite (L1),BraTS2021_00066,30.894873,0.974790096282959,0.089864485,0.9504672897196261,0.015267175572519083,0.016260162601626018
SwinIR-lite (L1),BraTS2021_00066,30.821848,0.9759835600852966,0.09082118,0.8846495119787046,0.15510204081632653,0.15637860082304528
SwinIR-lite (L1),BraTS2021_00066,30.646072,0.9751662611961365,0.092611715,0.9101449275362319,0.3062200956937799,0.3062200956937799
SwinIR-lite (L1),BraTS2021_00066,30.75553,0.9757828116416931,0.092068255,0.8854427213606804,0.0,0.0
SwinIR-lite (L1),BraTS2021_00066,30.666182,0.9717791080474854,0.09415445,0.9219373219373219,0.0,0.0
SwinIR-lite (L1),BraTS2021_00066,30.700922,0.9751250147819519,0.092601486,0.8962264150943396,nan,nan
SwinIR-lite (L1),BraTS2021_00066,30.349257,0.9717175960540771,0.09764662,0.9372384937238494,nan,nan
SwinIR-lite (L1),BraTS2021_00066,30.289082,0.9700848460197449,0.101852834,0.9224555735056543,nan,nan
SwinIR-lite (L1),BraTS2021_00066,29.985907,0.9695253968238831,0.10352293,0.932573599240266,nan,nan
SwinIR-lite (L1),BraTS2021_00066,29.68135,0.968381404876709,0.105944514,0.9319148936170213,nan,nan
SwinIR-lite (L1),BraTS2021_00066,29.760237,0.9692108035087585,0.1062965,0.892485549132948,nan,nan
SwinIR-lite (L1),BraTS2021_00066,29.59613,0.9677878618240356,0.109891,0.9134751773049645,nan,nan
SwinIR-lite (L1),BraTS2021_00066,29.652243,0.9664475321769714,0.1122233,0.9295774647887324,nan,nan
SwinIR-lite (L1),BraTS2021_00066,29.339315,0.9674112200737,0.11312396,0.909967845659164,nan,nan
SwinIR-lite (L1),BraTS2021_00066,29.818127,0.9676603674888611,0.11359974,0.919104991394148,nan,nan
SwinIR-lite (L1),BraTS2021_00066,29.61012,0.9691840410232544,0.11323115,0.8805704099821747,nan,nan
SwinIR-lite (L1),BraTS2021_00066,29.597996,0.9664231538772583,0.11635395,0.896969696969697,nan,nan
SwinIR-lite (L1),BraTS2021_00066,29.735596,0.9681927561759949,0.11724178,0.8976034858387799,nan,nan
SwinIR-lite (L1),BraTS2021_00066,29.505028,0.9687178730964661,0.116209954,0.912718204488778,nan,nan
SwinIR-lite (L1),BraTS2021_00066,29.376719,0.9668373465538025,0.12183958,0.8707865168539326,nan,nan
SwinIR-lite (L1),BraTS2021_00071,31.516617,0.9800191521644592,0.10793868,nan,nan,nan
SwinIR-lite (L1),BraTS2021_00071,31.538284,0.9795114398002625,0.10796375,nan,nan,nan
SwinIR-lite (L1),BraTS2021_00071,31.36159,0.9799221754074097,0.10864806,nan,nan,nan
SwinIR-lite (L1),BraTS2021_00071,31.092243,0.9777464270591736,0.11449095,nan,nan,nan
SwinIR-lite (L1),BraTS2021_00071,31.007242,0.9788800477981567,0.111379996,nan,nan,nan
SwinIR-lite (L1),BraTS2021_00071,30.863161,0.9774719476699829,0.11350696,0.0,nan,nan
SwinIR-lite (L1),BraTS2021_00071,30.543102,0.9748833179473877,0.11613784,0.0,nan,nan
SwinIR-lite (L1),BraTS2021_00071,30.844883,0.9718537926673889,0.118450515,0.0,nan,nan
SwinIR-lite (L1),BraTS2021_00071,30.880594,0.9742293357849121,0.11121218,0.0,nan,nan
SwinIR-lite (L1),BraTS2021_00071,30.793287,0.9741939306259155,0.10957007,0.7011349306431274,nan,nan
SwinIR-lite (L1),BraTS2021_00071,30.992916,0.9723623991012573,0.107661396,0.8487712665406427,0.0,0.0
SwinIR-lite (L1),BraTS2021_00071,30.686302,0.9715483784675598,0.10913146,0.8425076452599388,0.0,0.0
SwinIR-lite (L1),BraTS2021_00071,30.690592,0.9720044136047363,0.10683664,0.9530956848030019,0.43575418994413406,0.43575418994413406
SwinIR-lite (L1),BraTS2021_00071,30.779297,0.9724035263061523,0.10574981,0.9427860696517413,0.8208092485549133,0.8048048048048048
SwinIR-lite (L1),BraTS2021_00071,30.805864,0.971055269241333,0.10746347,0.88433575677462,0.7869481765834933,0.7732793522267206
SwinIR-lite (L1),BraTS2021_00071,30.824081,0.9726059436798096,0.10410649,0.8731182795698925,0.7536231884057971,0.7225806451612903
SwinIR-lite (L1),BraTS2021_00071,30.931564,0.9729673862457275,0.10265943,0.889055472263868,0.8307210031347962,0.7475149105367793
SwinIR-lite (L1),BraTS2021_00071,30.927197,0.9746478796005249,0.10014266,0.8844146159582401,0.8132635253054101,0.7798165137614679
SwinIR-lite (L1),BraTS2021_00071,31.107924,0.9747763276100159,0.09959781,0.8704819277108434,0.7412844036697248,0.6900269541778976
SwinIR-lite (L1),BraTS2021_00071,31.316607,0.9748615622520447,0.0994211,0.8553459119496856,0.804635761589404,0.7116883116883117
SwinIR-lite (L1),BraTS2021_00071,31.54684,0.9753457307815552,0.09914352,0.8637532133676092,0.7829181494661922,0.7257617728531855
SwinIR-lite (L1),BraTS2021_00071,31.370508,0.9780594706535339,0.09650696,0.9064377682403434,0.9419152276295133,0.8622448979591837
SwinIR-lite (L1),BraTS2021_00071,31.423904,0.9760729670524597,0.099884346,0.8698060941828255,0.6693548387096774,0.6775244299674267
SwinIR-lite (L1),BraTS2021_00071,31.361809,0.9759503602981567,0.09757185,0.9299474605954466,0.8557377049180328,0.8116710875331565
SwinIR-lite (L1),BraTS2021_00071,31.34118,0.9752726554870605,0.099074095,0.910268270120259,0.7282608695652174,0.6976744186046512
SwinIR-lite (L1),BraTS2021_00071,31.310873,0.9751692414283752,0.099136814,0.8954372623574145,0.6023166023166023,0.641399416909621
SwinIR-lite (L1),BraTS2021_00071,31.055534,0.9751647710800171,0.09981769,0.9032882011605415,0.5803921568627451,0.5581395348837209
SwinIR-lite (L1),BraTS2021_00071,31.223146,0.9738355875015259,0.09936095,0.892128279883382,0.8522012578616353,0.825065274151436
SwinIR-lite (L1),BraTS2021_00071,31.28494,0.9756236672401428,0.097252205,0.8769074262461851,0.7039106145251397,0.7551622418879056
SwinIR-lite (L1),BraTS2021_00071,31.210796,0.9761881232261658,0.09725433,0.892,0.5603271983640081,0.546031746031746
SwinIR-lite (L1),BraTS2021_00071,31.158493,0.9736517667770386,0.09878259,0.9421319796954315,0.928679817905918,0.8983739837398373
SwinIR-lite (L1),BraTS2021_00071,31.52686,0.9761500954627991,0.09644174,0.9633401221995926,0.9167974882260597,0.8769230769230769
SwinIR-lite (L1),BraTS2021_00071,31.19688,0.9759515523910522,0.09693255,0.9583756345177665,0.9063545150501672,0.8862745098039215
SwinIR-lite (L1),BraTS2021_00071,31.356922,0.9754856824874878,0.09941772,0.945417095777549,0.8592057761732852,0.802660753880266
SwinIR-lite (L1),BraTS2021_00071,31.053999,0.975528359413147,0.09964149,0.9374379344587885,0.8414634146341463,0.7813267813267813
SwinIR-lite (L1),BraTS2021_00071,31.154652,0.9755257964134216,0.09963425,0.9225023342670402,0.8870636550308009,0.8258706467661692
SwinIR-lite (L1),BraTS2021_00071,31.273508,0.9772726893424988,0.09705644,0.957983193277311,0.6371191135734072,0.6078431372549019
SwinIR-lite (L1),BraTS2021_00071,31.256168,0.9782136678695679,0.09659677,0.9201101928374655,0.45614035087719296,0.41106719367588934
SwinIR-lite (L1),BraTS2021_00071,31.307228,0.9798772931098938,0.09457997,0.9604628736740598,0.09278350515463918,0.1
SwinIR-lite (L1),BraTS2021_00071,31.82327,0.9817603230476379,0.090205856,0.9665653495440729,0.5583756345177665,0.5729166666666666
SwinIR-lite (L1),BraTS2021_00071,32.000614,0.9824061393737793,0.08876456,0.9525731584258325,0.14,0.14285714285714285
SwinIR-lite (L1),BraTS2021_00071,32.338566,0.9841353297233582,0.08528977,0.9520833333333333,0.0,0.0
SwinIR-lite (L1),BraTS2021_00071,32.258133,0.9851986765861511,0.083592735,0.9309173272933182,0.0,0.0
SwinIR-lite (L1),BraTS2021_00071,32.484383,0.9846888780593872,0.08370377,0.9261430246189918,0.0,0.0
SwinIR-lite (L1),BraTS2021_00071,32.55009,0.9853819012641907,0.08323697,0.8864265927977839,0.0,0.0
SwinIR-lite (L1),BraTS2021_00071,32.67417,0.9859471321105957,0.081792265,0.8982558139534884,nan,nan
SwinIR-lite (L1),BraTS2021_00071,32.999844,0.9855862855911255,0.080662616,0.9129129129129129,nan,nan
SwinIR-lite (L1),BraTS2021_00071,33.114655,0.9863637685775757,0.07880439,0.8961038961038961,nan,nan
SwinIR-lite (L1),BraTS2021_00071,32.924965,0.9858385324478149,0.08071938,0.9233226837060703,nan,nan
SwinIR-lite (L1),BraTS2021_00071,32.830738,0.9854680299758911,0.08092638,0.9195804195804196,nan,nan
SwinIR-lite (L1),BraTS2021_00071,32.8258,0.9863365292549133,0.07851829,0.936247723132969,nan,nan
SwinIR-lite (L1),BraTS2021_00071,32.597168,0.9842003583908081,0.082237795,0.9137254901960784,nan,nan
SwinIR-lite (L1),BraTS2021_00071,32.76937,0.9843173027038574,0.08157073,0.9206349206349206,nan,nan
SwinIR-lite (L1),BraTS2021_00071,32.65503,0.9837223291397095,0.081383444,0.9083665338645418,nan,nan
SwinIR-lite (L1),BraTS2021_00071,32.659885,0.9828007817268372,0.08235825,0.8959660297239915,nan,nan
SwinIR-lite (L1),BraTS2021_00071,32.590824,0.9818440675735474,0.08441764,0.8565022421524664,nan,nan
SwinIR-lite (L1),BraTS2021_00071,32.72788,0.9826836585998535,0.080565035,0.7712765957446809,nan,nan
SwinIR-lite (L1),BraTS2021_00071,32.335945,0.9813215732574463,0.08293893,0.7683284457478006,nan,nan
SwinIR-lite (L1),BraTS2021_00071,32.47017,0.9805399179458618,0.08417623,0.6992481203007519,nan,nan
SwinIR-lite (L1),BraTS2021_00071,32.209877,0.9783617854118347,0.08633283,0.0,nan,nan
SwinIR-lite (L1),BraTS2021_00071,32.24853,0.9771310687065125,0.08614202,0.0,nan,nan
SwinIR-lite (L1),BraTS2021_00071,32.053078,0.9791402220726013,0.0857979,0.0,nan,nan
SwinIR-lite (L1),BraTS2021_00071,31.98992,0.9788896441459656,0.08672046,0.0,nan,nan
SwinIR-lite (L1),BraTS2021_00078,31.266996,0.9662811756134033,0.10423707,0.8528301886792453,nan,nan
SwinIR-lite (L1),BraTS2021_00078,31.129906,0.9699919819831848,0.10206622,0.9101449275362319,nan,nan
SwinIR-lite (L1),BraTS2021_00078,31.218355,0.9720773696899414,0.10003936,0.8431372549019608,nan,nan
SwinIR-lite (L1),BraTS2021_00078,31.401474,0.9737366437911987,0.09644235,0.7857142857142857,nan,nan
SwinIR-lite (L1),BraTS2021_00078,31.537758,0.9749864339828491,0.09392864,0.8293269230769231,nan,nan
SwinIR-lite (L1),BraTS2021_00078,31.585796,0.9740660786628723,0.09588033,0.898961284230406,nan,nan
SwinIR-lite (L1),BraTS2021_00078,31.657106,0.9792545437812805,0.08946897,0.937888198757764,nan,nan
SwinIR-lite (L1),BraTS2021_00078,31.822912,0.9805194139480591,0.08903303,0.9459459459459459,nan,nan
SwinIR-lite (L1),BraTS2021_00078,31.973446,0.9827037453651428,0.08476127,0.966142684401451,nan,nan
SwinIR-lite (L1),BraTS2021_00078,32.293285,0.9842991232872009,0.080696456,0.9650112866817155,nan,nan
SwinIR-lite (L1),BraTS2021_00078,32.504803,0.9844338297843933,0.08105032,0.9694323144104804,nan,nan
SwinIR-lite (L1),BraTS2021_00078,32.47702,0.9834728240966797,0.082173906,0.9679089026915114,0.0,0.0
SwinIR-lite (L1),BraTS2021_00078,32.642906,0.9828321933746338,0.08215176,0.968222442899702,0.34146341463414637,0.34146341463414637
SwinIR-lite (L1),BraTS2021_00078,32.689407,0.9822431206703186,0.08145146,0.9727891156462585,0.7106598984771574,0.7106598984771574
SwinIR-lite (L1),BraTS2021_00078,32.52874,0.9814788699150085,0.08272738,0.9503614457831325,0.6666666666666666,0.6666666666666666
SwinIR-lite (L1),BraTS2021_00078,32.584843,0.9806057214736938,0.08130682,0.9328214971209213,0.7583774250440917,0.7583774250440917
SwinIR-lite (L1),BraTS2021_00078,32.64683,0.9795804023742676,0.08192621,0.9375,0.7886178861788617,0.7559943582510579
SwinIR-lite (L1),BraTS2021_00078,32.5848,0.9782199859619141,0.08351967,0.9520879120879121,0.8596300326441785,0.7898448519040903
SwinIR-lite (L1),BraTS2021_00078,32.31121,0.9766907095909119,0.08561743,0.966301600673968,0.9637488947833776,0.875
SwinIR-lite (L1),BraTS2021_00078,32.095695,0.9760867357254028,0.08603394,0.9532710280373832,0.9408866995073891,0.8372093023255814
SwinIR-lite (L1),BraTS2021_00078,32.088238,0.9767723679542542,0.083900854,0.9378486055776892,0.865546218487395,0.7583892617449665
SwinIR-lite (L1),BraTS2021_00078,32.05961,0.9742699861526489,0.08699138,0.9257232212666145,0.9010654490106544,0.7827529021558872
SwinIR-lite (L1),BraTS2021_00078,32.07355,0.9746865630149841,0.08752287,0.9271114539143849,0.8804034582132565,0.7566718995290423
SwinIR-lite (L1),BraTS2021_00078,31.908682,0.9746689200401306,0.0882656,0.9421921921921922,0.8497913769123783,0.7248520710059172
SwinIR-lite (L1),BraTS2021_00078,31.701937,0.9749380946159363,0.08860092,0.9225512528473804,0.7492581602373887,0.6045016077170418
SwinIR-lite (L1),BraTS2021_00078,31.597729,0.9735230803489685,0.08994718,0.9383276579644344,0.7263389581804842,0.6626686656671664
SwinIR-lite (L1),BraTS2021_00078,31.487305,0.9722921848297119,0.091122895,0.9740932642487047,0.7589599437807449,0.7994722955145118
SwinIR-lite (L1),BraTS2021_00078,31.188204,0.9710633158683777,0.09251462,0.958079268292683,0.7460545193687231,0.7074235807860262
SwinIR-lite (L1),BraTS2021_00078,31.461546,0.9700802564620972,0.09611209,0.9722650231124808,0.6868840030326004,0.8011049723756906
SwinIR-lite (L1),BraTS2021_00078,31.234455,0.9685403108596802,0.09689192,0.9563476171405687,0.8321964529331515,0.8128491620111732
SwinIR-lite (L1),BraTS2021_00078,31.054247,0.9718835353851318,0.09673043,0.9785031847133758,0.7671033478893741,0.8411214953271028
SwinIR-lite (L1),BraTS2021_00078,31.218742,0.9674322605133057,0.098409414,0.9674763277068753,0.7149532710280374,0.8017118402282454
SwinIR-lite (L1),BraTS2021_00078,30.945915,0.9692453742027283,0.09887197,0.9809760132340778,0.8156920799407846,0.8292011019283747
SwinIR-lite (L1),BraTS2021_00078,30.691692,0.9690398573875427,0.10212536,0.9827368421052631,0.6631578947368421,0.6739811912225705
SwinIR-lite (L1),BraTS2021_00078,30.644775,0.9621437788009644,0.10794096,0.9791485664639444,0.8233413269384492,0.8119325551232166
SwinIR-lite (L1),BraTS2021_00078,30.603958,0.9664797782897949,0.103935726,0.9762114537444934,0.8033898305084746,0.7187039764359352
SwinIR-lite (L1),BraTS2021_00078,30.563154,0.9669179916381836,0.10662332,0.9718875502008032,0.8391608391608392,0.7372881355932204
SwinIR-lite (L1),BraTS2021_00078,30.703484,0.9673905968666077,0.106337346,0.9467289719626168,0.8989805375347544,0.8011695906432749
SwinIR-lite (L1),BraTS2021_00078,30.947453,0.9700179100036621,0.10329842,0.9647283126787417,0.80343716433942,0.7217537942664418
SwinIR-lite (L1),BraTS2021_00078,30.52153,0.9694334268569946,0.10640281,0.9600778967867576,0.7440758293838863,0.7766990291262136
SwinIR-lite (L1),BraTS2021_00078,30.723583,0.9717906713485718,0.105963044,0.9714003944773175,0.8305882352941176,0.8159722222222222
SwinIR-lite (L1),BraTS2021_00078,30.763987,0.9707911014556885,0.10938924,0.965412004069176,0.8514851485148515,0.8085867620751341
SwinIR-lite (L1),BraTS2021_00078,30.426043,0.9702759385108948,0.11171243,0.963265306122449,0.8422496570644719,0.7867768595041322
SwinIR-lite (L1),BraTS2021_00078,30.48423,0.9703121185302734,0.11196728,0.9539614561027837,0.8895522388059701,0.878419452887538
SwinIR-lite (L1),BraTS2021_00078,30.043629,0.9700270295143127,0.11808973,0.9658213891951488,0.9210526315789473,0.9066666666666666
SwinIR-lite (L1),BraTS2021_00078,30.113033,0.9736248850822449,0.114455774,0.9610238510762071,0.91651865008881,0.9068100358422939
SwinIR-lite (L1),BraTS2021_00078,30.061722,0.9722616076469421,0.121384196,0.9718731298623579,0.9198473282442748,0.9094412331406551
SwinIR-lite (L1),BraTS2021_00078,30.028284,0.9732921719551086,0.12223066,0.9624920534011443,0.8421052631578947,0.8421052631578947
SwinIR-lite (L1),BraTS2021_00078,29.974863,0.9755153656005859,0.12288125,0.976063829787234,0.8775510204081632,0.8775510204081632
SwinIR-lite (L1),BraTS2021_00078,29.831806,0.9768956899642944,0.12352045,0.9564596716630978,0.8136882129277566,0.8136882129277566
SwinIR-lite (L1),BraTS2021_00078,29.873,0.9759987592697144,0.1311402,0.9410760034158838,0.8270676691729323,0.8270676691729323
SwinIR-lite (L1),BraTS2021_00078,30.432932,0.9773414731025696,0.13155971,0.8677685950413223,0.0,0.0
SwinIR-lite (L1),BraTS2021_00078,29.78041,0.9764832854270935,0.13932285,0.8473413379073756,nan,nan
SwinIR-lite (L1),BraTS2021_00078,30.205746,0.9785595536231995,0.13963804,0.7894736842105263,nan,nan
SwinIR-lite (L1),BraTS2021_00081,31.278103,0.9796164035797119,0.14120412,0.0,nan,nan
SwinIR-lite (L1),BraTS2021_00081,31.179945,0.9785619974136353,0.14300737,0.0,nan,nan
SwinIR-lite (L1),BraTS2021_00081,31.091335,0.9800739884376526,0.13572596,0.0,nan,nan
SwinIR-lite (L1),BraTS2021_00081,30.889627,0.9800454378128052,0.13425772,0.0,nan,nan
SwinIR-lite (L1),BraTS2021_00081,31.136473,0.9797841906547546,0.13256319,0.5695364238410596,nan,nan
SwinIR-lite (L1),BraTS2021_00081,31.29101,0.9822832345962524,0.122697026,0.8169934640522876,nan,nan
SwinIR-lite (L1),BraTS2021_00081,31.329115,0.981970489025116,0.12233619,0.7422680412371134,0.16666666666666666,0.16666666666666666
SwinIR-lite (L1),BraTS2021_00081,31.439093,0.9833679795265198,0.1164223,0.8038277511961722,0.4406779661016949,0.4406779661016949
SwinIR-lite (L1),BraTS2021_00081,31.243896,0.9823667407035828,0.11937815,0.8769074262461851,0.5,0.5
SwinIR-lite (L1),BraTS2021_00081,31.44371,0.9829525351524353,0.11634259,0.8833499501495513,0.851063829787234,0.851063829787234
SwinIR-lite (L1),BraTS2021_00081,31.23106,0.983064591884613,0.11546085,0.9466316710411199,0.7166666666666667,0.7257383966244726
SwinIR-lite (L1),BraTS2021_00081,31.343061,0.9821901917457581,0.11796311,0.928695652173913,0.8761061946902655,0.8761061946902655
SwinIR-lite (L1),BraTS2021_00081,31.446472,0.9827982783317566,0.115888275,0.8844133099824869,0.9438202247191011,0.9438202247191011
SwinIR-lite (L1),BraTS2021_00081,31.314867,0.9839274883270264,0.11287904,0.9473684210526315,0.9419795221843004,0.9419795221843004
SwinIR-lite (L1),BraTS2021_00081,31.296871,0.9830870628356934,0.11563189,0.9696071163825055,0.9174917491749175,0.9174917491749175
SwinIR-lite (L1),BraTS2021_00081,31.371794,0.9836902022361755,0.11415984,0.979108635097493,0.9364161849710982,0.9364161849710982
SwinIR-lite (L1),BraTS2021_00081,31.314144,0.9851238131523132,0.11005267,0.9804432855280313,0.9133858267716536,0.9133858267716536
SwinIR-lite (L1),BraTS2021_00081,31.155432,0.9851652979850769,0.10934119,0.9813895781637717,0.9423076923076923,0.9491525423728814
SwinIR-lite (L1),BraTS2021_00081,31.008991,0.9844250082969666,0.11207401,0.9672330097087378,0.9661016949152542,0.9680170575692963
SwinIR-lite (L1),BraTS2021_00081,30.829304,0.9834197163581848,0.11499223,0.9693325315694528,0.9580152671755725,0.9580152671755725
SwinIR-lite (L1),BraTS2021_00081,31.0404,0.9840566515922546,0.11447297,0.9671419714817111,0.9736379613356766,0.9736379613356766
SwinIR-lite (L1),BraTS2021_00081,30.87878,0.9831423759460449,0.11538793,0.9671361502347418,0.9794520547945206,0.9794520547945206
SwinIR-lite (L1),BraTS2021_00081,30.879951,0.9837908148765564,0.11213167,0.9692307692307692,0.9747048903878583,0.9747048903878583
SwinIR-lite (L1),BraTS2021_00081,30.640038,0.9834112524986267,0.11374017,0.9726224783861671,0.9761092150170648,0.9761092150170648
SwinIR-lite (L1),BraTS2021_00081,30.454742,0.9823232889175415,0.11623254,0.9537037037037037,0.9702276707530648,0.9702276707530648
SwinIR-lite (L1),BraTS2021_00081,30.440578,0.9816350340843201,0.11685109,0.9351598173515981,0.9662921348314607,0.9662921348314607
SwinIR-lite (L1),BraTS2021_00081,30.494347,0.98039311170578,0.11929267,0.938894277400582,0.9556451612903226,0.9556451612903226
SwinIR-lite (L1),BraTS2021_00081,30.687141,0.9802494645118713,0.11783298,0.9424083769633508,0.9473684210526315,0.9473684210526315
SwinIR-lite (L1),BraTS2021_00081,30.99207,0.9812148809432983,0.11304018,0.9211428571428572,0.9530201342281879,0.9530201342281879
SwinIR-lite (L1),BraTS2021_00081,31.063698,0.9806333184242249,0.113581285,0.9355216881594373,0.954653937947494,0.954653937947494
SwinIR-lite (L1),BraTS2021_00081,31.009722,0.9802672266960144,0.11388554,0.8781664656212304,0.9491525423728814,0.9491525423728814
SwinIR-lite (L1),BraTS2021_00081,30.990622,0.9800790548324585,0.11345367,0.9300225733634312,0.9399477806788512,0.9399477806788512
SwinIR-lite (L1),BraTS2021_00081,31.251612,0.9819082617759705,0.10749632,0.9425531914893617,0.9287598944591029,0.9144385026737968
SwinIR-lite (L1),BraTS2021_00081,31.389488,0.9829140305519104,0.10423529,0.9549180327868853,0.9457831325301205,0.9263803680981595
SwinIR-lite (L1),BraTS2021_00081,31.332533,0.9818090796470642,0.107435375,0.9386562804284323,0.9144736842105263,0.9144736842105263
SwinIR-lite (L1),BraTS2021_00081,31.27568,0.9819931387901306,0.10652849,0.9266480965645311,0.9411764705882353,0.9411764705882353
SwinIR-lite (L1),BraTS2021_00081,31.000425,0.9829614162445068,0.10325066,0.9810671256454389,0.9454545454545454,0.9454545454545454
SwinIR-lite (L1),BraTS2021_00081,30.998657,0.9819639325141907,0.106449716,0.9736379613356766,0.9052631578947369,0.9052631578947369
SwinIR-lite (L1),BraTS2021_00081,31.180435,0.982609212398529,0.10266788,0.9444444444444444,0.8843537414965986,0.8843537414965986
SwinIR-lite (L1),BraTS2021_00081,31.044542,0.984161913394928,0.10060819,0.960514233241506,0.45161290322580644,0.45161290322580644
SwinIR-lite (L1),BraTS2021_00081,30.978905,0.9827325344085693,0.10131248,0.9670542635658915,0.0,0.0
SwinIR-lite (L1),BraTS2021_00081,31.140526,0.9820480346679688,0.101885155,0.9770687936191426,0.0,0.0
SwinIR-lite (L1),BraTS2021_00081,31.289413,0.982369065284729,0.09941043,0.9848024316109423,nan,nan
SwinIR-lite (L1),BraTS2021_00081,31.096199,0.9807173013687134,0.101754576,0.9803063457330415,nan,nan
SwinIR-lite (L1),BraTS2021_00081,31.380074,0.9810826778411865,0.09957071,0.9587750294464076,nan,nan
SwinIR-lite (L1),BraTS2021_00081,31.385338,0.9805772304534912,0.09822679,0.9428950863213812,nan,nan
SwinIR-lite (L1),BraTS2021_00081,31.188549,0.9788696765899658,0.09964192,0.8297520661157025,nan,nan
SwinIR-lite (L1),BraTS2021_00081,30.88896,0.977386474609375,0.102734216,0.8531073446327684,nan,nan
SwinIR-lite (L1),BraTS2021_00081,31.093931,0.9772703647613525,0.1031748,0.0,nan,nan
SwinIR-lite (L1),BraTS2021_00081,31.091988,0.9760328531265259,0.101278044,0.0,nan,nan
SwinIR-lite (L1),BraTS2021_00096,31.218378,0.9681238532066345,0.13646257,0.0,nan,nan
SwinIR-lite (L1),BraTS2021_00096,31.162321,0.965944766998291,0.13778695,0.0,nan,nan
SwinIR-lite (L1),BraTS2021_00096,31.224955,0.9672597050666809,0.13422321,0.2885572139303483,nan,nan
SwinIR-lite (L1),BraTS2021_00096,31.469463,0.9683821201324463,0.12863068,0.5510204081632653,nan,nan
SwinIR-lite (L1),BraTS2021_00096,31.562536,0.9720160961151123,0.122815415,0.6462035541195477,nan,nan
SwinIR-lite (L1),BraTS2021_00096,31.435207,0.9727123975753784,0.12066419,0.9346938775510204,nan,nan
SwinIR-lite (L1),BraTS2021_00096,31.609156,0.9741259217262268,0.11830984,0.9314830875975716,nan,nan
SwinIR-lite (L1),BraTS2021_00096,31.462917,0.9730455279350281,0.11948662,0.9127105666156202,0.0,0.0
SwinIR-lite (L1),BraTS2021_00096,31.221287,0.9739255905151367,0.11993963,0.9291859695565851,0.10416666666666667,0.10416666666666667
SwinIR-lite (L1),BraTS2021_00096,30.665245,0.9699062705039978,0.12458281,0.9152737752161383,0.7865168539325843,0.7865168539325843
SwinIR-lite (L1),BraTS2021_00096,30.374928,0.9706056714057922,0.1245974,0.911504424778761,0.8571428571428571,0.8571428571428571
SwinIR-lite (L1),BraTS2021_00096,30.150364,0.9695690870285034,0.12610741,0.946917808219178,0.8538899430740038,0.8464730290456431
SwinIR-lite (L1),BraTS2021_00096,30.326008,0.9708275198936462,0.12156749,0.9842551473556722,0.8507936507936508,0.8880733944954129
SwinIR-lite (L1),BraTS2021_00096,30.53488,0.9721676111221313,0.1146683,0.9840404826780849,0.8539944903581267,0.8732394366197183
SwinIR-lite (L1),BraTS2021_00096,30.556942,0.9687525033950806,0.115874924,0.9830899308224442,0.8329177057356608,0.9099836333878887
SwinIR-lite (L1),BraTS2021_00096,30.555367,0.9683206081390381,0.11413769,0.9756280464941882,0.75,0.9059561128526645
SwinIR-lite (L1),BraTS2021_00096,30.864344,0.9741026163101196,0.10539318,0.9766271125494427,0.6878680800942285,0.851063829787234
SwinIR-lite (L1),BraTS2021_00096,30.723333,0.970185399055481,0.10919271,0.9709744298548721,0.7530864197530864,0.8932330827067669
SwinIR-lite (L1),BraTS2021_00096,30.870682,0.9721755385398865,0.108282045,0.9845430107526881,0.6694473409801877,0.8839285714285714
SwinIR-lite (L1),BraTS2021_00096,30.944088,0.972426176071167,0.106698245,0.9872922776148583,0.7518796992481203,0.8970380818053597
SwinIR-lite (L1),BraTS2021_00096,30.830935,0.974047839641571,0.10518332,0.9804814573845153,0.715219421101774,0.8909825033647375
SwinIR-lite (L1),BraTS2021_00096,31.099888,0.9747397899627686,0.10246212,0.9782960803368966,0.7132616487455197,0.8761651131824234
SwinIR-lite (L1),BraTS2021_00096,31.401615,0.9777470231056213,0.098378815,0.979565772669221,0.574,0.7692307692307693
SwinIR-lite (L1),BraTS2021_00096,31.31896,0.9771720170974731,0.09749597,0.9851500789889416,0.6019230769230769,0.7922705314009661
SwinIR-lite (L1),BraTS2021_00096,31.498735,0.9800493121147156,0.09521509,0.9767008387698043,0.6336448598130842,0.8189233278955954
SwinIR-lite (L1),BraTS2021_00096,31.647797,0.9791658520698547,0.09525066,0.9776142287641828,0.6125603864734299,0.7956600361663653
SwinIR-lite (L1),BraTS2021_00096,31.659103,0.9785842299461365,0.095826834,0.9713581767785648,0.5322245322245323,0.8445229681978799
SwinIR-lite (L1),BraTS2021_00096,31.605152,0.9810035228729248,0.09092796,0.9830405814657783,0.661582459485224,0.8413793103448276
SwinIR-lite (L1),BraTS2021_00096,31.880281,0.9809914231300354,0.090951025,0.9790718835304822,0.6482758620689655,0.8333333333333334
SwinIR-lite (L1),BraTS2021_00096,32.115772,0.98069167137146,0.090415694,0.9821806100875868,0.5674814027630181,0.8128342245989305
SwinIR-lite (L1),BraTS2021_00096,32.07496,0.9829322695732117,0.08808027,0.9744047619047619,0.5237020316027088,0.7236580516898609
SwinIR-lite (L1),BraTS2021_00096,32.13645,0.982327938079834,0.088449016,0.970131421744325,0.44632086851628466,0.6396761133603239
SwinIR-lite (L1),BraTS2021_00096,32.275585,0.981417715549469,0.08931897,0.9596273291925466,0.5467455621301776,0.7645951035781544
SwinIR-lite (L1),BraTS2021_00096,31.889778,0.9804202914237976,0.09024711,0.9647577092511013,0.6177514792899408,0.6823027718550106
SwinIR-lite (L1),BraTS2021_00096,31.945353,0.9809130430221558,0.08979835,0.974896727041627,0.8143459915611815,0.7709923664122137
SwinIR-lite (L1),BraTS2021_00096,31.972563,0.9786922931671143,0.09225077,0.9700953006901084,0.8223463687150838,0.7048903878583473
SwinIR-lite (L1),BraTS2021_00096,32.04373,0.9799317717552185,0.09111574,0.9784981806152828,0.9494079655543596,0.8626943005181347
SwinIR-lite (L1),BraTS2021_00096,32.207035,0.9781205654144287,0.091689,0.97221269296741,0.9021065675340768,0.8469656992084432
SwinIR-lite (L1),BraTS2021_00096,32.138294,0.9768261909484863,0.092518225,0.9802538787023978,0.714765100671141,0.7054794520547946
SwinIR-lite (L1),BraTS2021_00096,32.02172,0.9780895113945007,0.09228981,0.9807762060210373,0.5773195876288659,0.5773195876288659
SwinIR-lite (L1),BraTS2021_00096,32.29486,0.9767085909843445,0.09089502,0.9790104947526237,0.0,0.0
SwinIR-lite (L1),BraTS2021_00096,32.39204,0.9801391363143921,0.08667096,0.9829738933030647,0.0,0.0
SwinIR-lite (L1),BraTS2021_00096,32.79466,0.9801907539367676,0.08583249,0.9689984101748808,nan,nan
SwinIR-lite (L1),BraTS2021_00096,32.793526,0.9814141392707825,0.08437878,0.9463971880492091,nan,nan
SwinIR-lite (L1),BraTS2021_00096,33.012817,0.9811428189277649,0.08273593,0.9642857142857143,nan,nan
SwinIR-lite (L1),BraTS2021_00096,33.23304,0.98245769739151,0.080538094,0.9734251968503937,nan,nan
SwinIR-lite (L1),BraTS2021_00096,33.32994,0.9825505614280701,0.08128729,0.9665653495440729,nan,nan
SwinIR-lite (L1),BraTS2021_00096,33.44995,0.9834367036819458,0.07783729,0.9641350210970464,nan,nan
SwinIR-lite (L1),BraTS2021_00096,33.846886,0.982712984085083,0.07723989,0.9571508069003896,nan,nan
SwinIR-lite (L1),BraTS2021_00096,34.093006,0.9844954609870911,0.075041085,0.9688051795173631,nan,nan
SwinIR-lite (L1),BraTS2021_00096,34.025513,0.9806163907051086,0.07838687,0.9435897435897436,nan,nan
SwinIR-lite (L1),BraTS2021_00096,34.09932,0.9813568592071533,0.07715084,0.9617706237424547,nan,nan
SwinIR-lite (L1),BraTS2021_00096,34.235455,0.9836975932121277,0.074674256,0.9834710743801653,nan,nan
SwinIR-lite (L1),BraTS2021_00096,34.13152,0.978335976600647,0.07839481,0.9763313609467456,nan,nan
SwinIR-lite (L1),BraTS2021_00096,34.24691,0.980397641658783,0.077834584,0.9748031496062992,nan,nan
SwinIR-lite (L1),BraTS2021_00096,34.276413,0.9825260043144226,0.075374655,0.9663865546218487,nan,nan
SwinIR-lite (L1),BraTS2021_00096,34.291683,0.9780729413032532,0.07902478,0.947075208913649,nan,nan
SwinIR-lite (L1),BraTS2021_00096,34.01794,0.9779766201972961,0.08039684,0.9580348004094166,nan,nan
SwinIR-lite (L1),BraTS2021_00096,33.87001,0.979038655757904,0.08080847,0.9627906976744186,nan,nan
SwinIR-lite (L1),BraTS2021_00096,33.67886,0.9735615253448486,0.08479053,0.9506849315068493,nan,nan
SwinIR-lite (L1),BraTS2021_00096,33.53005,0.9758400321006775,0.084534675,0.9651898734177216,nan,nan
SwinIR-lite (L1),BraTS2021_00096,33.484783,0.9707692265510559,0.08640548,0.9818913480885312,nan,nan
SwinIR-lite (L1),BraTS2021_00096,33.401726,0.9689149260520935,0.089031845,0.9402173913043478,nan,nan
SwinIR-lite (L1),BraTS2021_00098,30.840437,0.9783065915107727,0.14264093,0.0,0.0,0.0
SwinIR-lite (L1),BraTS2021_00098,30.94167,0.9792055487632751,0.13611421,0.1111111111111111,0.03205128205128205,0.03205128205128205
SwinIR-lite (L1),BraTS2021_00098,30.819027,0.9768660068511963,0.13607463,0.196513470681458,0.0,0.0
SwinIR-lite (L1),BraTS2021_00098,30.776398,0.9773044586181641,0.13111505,0.44798500468603564,0.1278772378516624,0.1430615164520744
SwinIR-lite (L1),BraTS2021_00098,30.624115,0.9767678380012512,0.12977588,0.418018018018018,0.007585335018963337,0.009202453987730062
SwinIR-lite (L1),BraTS2021_00098,30.41117,0.9767439961433411,0.12785621,0.41423948220064727,0.0244173140954495,0.029411764705882353
SwinIR-lite (L1),BraTS2021_00098,30.36097,0.976374626159668,0.12714924,0.30474840538625086,0.0,0.0
SwinIR-lite (L1),BraTS2021_00098,30.354767,0.9752414226531982,0.12766327,0.3087855297157623,0.008424599831508003,0.011049723756906077
SwinIR-lite (L1),BraTS2021_00098,30.450727,0.9756648540496826,0.1264122,0.29537767756482525,0.0,0.0
SwinIR-lite (L1),BraTS2021_00098,30.394432,0.9752414226531982,0.12454923,0.3936927772126144,0.023842917251051893,0.029310344827586206
SwinIR-lite (L1),BraTS2021_00098,30.407352,0.9765059947967529,0.121763796,0.5206496519721577,0.0,0.0
SwinIR-lite (L1),BraTS2021_00098,30.329193,0.9776535034179688,0.11804913,0.4975767366720517,0.0,0.0
SwinIR-lite (L1),BraTS2021_00098,30.4564,0.9761234521865845,0.12088806,0.5342146189735615,0.009864364981504316,0.014558689717925387
SwinIR-lite (L1),BraTS2021_00098,30.310661,0.9788929224014282,0.11662769,0.5820391627278866,0.0,0.0
SwinIR-lite (L1),BraTS2021_00098,30.320488,0.9792897701263428,0.11419806,0.5857009054011864,0.0,0.0
SwinIR-lite (L1),BraTS2021_00098,30.03067,0.9777040481567383,0.1162113,0.6208547008547008,0.0,0.0
SwinIR-lite (L1),BraTS2021_00098,29.99237,0.9763363003730774,0.11779143,0.6098569157392687,0.00883489784649365,0.011704462326261888
SwinIR-lite (L1),BraTS2021_00098,30.006426,0.9798917174339294,0.11275172,0.6149550108594477,0.0,0.0
SwinIR-lite (L1),BraTS2021_00098,29.926327,0.9805020093917847,0.1128025,0.62816553428042,0.0010090817356205853,0.0
SwinIR-lite (L1),BraTS2021_00098,29.620314,0.9804988503456116,0.11329658,0.6511627906976745,0.058438287153652395,0.0791268758526603
SwinIR-lite (L1),BraTS2021_00098,29.381168,0.9791183471679688,0.11834015,0.6226352472618653,0.06047966631908238,0.05446927374301676
SwinIR-lite (L1),BraTS2021_00098,29.039616,0.9767443537712097,0.12422243,0.55306647080426,0.08150134048257372,0.09636871508379888
SwinIR-lite (L1),BraTS2021_00098,29.022259,0.9776224493980408,0.122895055,0.481467030823254,0.11157455683003129,0.1219672131147541
SwinIR-lite (L1),BraTS2021_00098,29.031897,0.9748867750167847,0.12646347,0.5054667788057191,0.13727678571428573,0.1664167916041979
SwinIR-lite (L1),BraTS2021_00098,28.866966,0.9752061367034912,0.12779847,0.5237059591126577,0.17031070195627157,0.2
SwinIR-lite (L1),BraTS2021_00098,29.13073,0.9753433465957642,0.12449123,0.5926524020993137,0.2592394215318693,0.32180663373323926
SwinIR-lite (L1),BraTS2021_00098,29.245893,0.9755979776382446,0.121532746,0.5863787375415282,0.22483221476510068,0.26403162055335966
SwinIR-lite (L1),BraTS2021_00098,29.116756,0.975702166557312,0.12128653,0.5873146622734761,0.27410617551462624,0.30559757942511345
SwinIR-lite (L1),BraTS2021_00098,29.306007,0.9763023257255554,0.120154984,0.4761450381679389,0.055226824457593686,0.06389776357827476
SwinIR-lite (L1),BraTS2021_00098,29.429808,0.9745485186576843,0.12053199,0.45139283683911313,0.0,0.0
SwinIR-lite (L1),BraTS2021_00098,29.541092,0.974516749382019,0.11729569,0.4226503210741389,0.0,0.0
SwinIR-lite (L1),BraTS2021_00098,29.360846,0.9742211103439331,0.11845242,0.41788958770090845,0.07449856733524356,0.11674347158218126
SwinIR-lite (L1),BraTS2021_00098,29.71939,0.9723743796348572,0.11660192,0.27910339840925524,0.009541984732824428,0.01455604075691412
SwinIR-lite (L1),BraTS2021_00098,29.65261,0.9746724963188171,0.11157466,0.3854014598540146,0.034482758620689655,0.048558421851289835
SwinIR-lite (L1),BraTS2021_00098,29.820038,0.9739939570426941,0.11304615,0.23309608540925267,0.0,0.0
SwinIR-lite (L1),BraTS2021_00098,29.96429,0.973069965839386,0.11089778,0.28544061302681994,0.0,0.0
SwinIR-lite (L1),BraTS2021_00098,29.85195,0.9741519093513489,0.109075196,0.25925925925925924,0.0,0.0
SwinIR-lite (L1),BraTS2021_00098,30.34116,0.9738098382949829,0.10864289,0.2642777155655095,0.0,0.0
SwinIR-lite (L1),BraTS2021_00098,29.994648,0.9747405052185059,0.10565784,0.2698961937716263,0.0,0.0
SwinIR-lite (L1),BraTS2021_00098,30.146145,0.9741390347480774,0.10612228,0.5379310344827586,0.0,0.0
SwinIR-lite (L1),BraTS2021_00098,30.294601,0.9718379378318787,0.107700035,0.6526315789473685,0.0,0.0
SwinIR-lite (L1),BraTS2021_00110,30.036886,0.9794633984565735,0.06898159,0.4376899696048632,nan,nan
SwinIR-lite (L1),BraTS2021_00110,29.901316,0.9813642501831055,0.06911669,0.5519650655021834,nan,nan
SwinIR-lite (L1),BraTS2021_00110,30.276709,0.9819111227989197,0.06787328,0.7361229718189581,nan,nan
SwinIR-lite (L1),BraTS2021_00110,30.074759,0.9821308255195618,0.067784466,0.6811308349769888,nan,nan
SwinIR-lite (L1),BraTS2021_00110,30.412971,0.9821085333824158,0.06671137,0.7975206611570248,nan,nan
SwinIR-lite (L1),BraTS2021_00110,30.530663,0.9838036298751831,0.065142795,0.7738814993954051,nan,nan
SwinIR-lite (L1),BraTS2021_00110,30.493343,0.9852968454360962,0.06383224,0.8189060010621348,nan,nan
SwinIR-lite (L1),BraTS2021_00110,30.552492,0.9866291880607605,0.06269773,0.7996695580338703,nan,nan
SwinIR-lite (L1),BraTS2021_00110,30.855133,0.9870274066925049,0.06169364,0.889582520483808,nan,nan
SwinIR-lite (L1),BraTS2021_00110,31.003662,0.9884210824966431,0.05951901,0.8602966540186271,nan,nan
SwinIR-lite (L1),BraTS2021_00110,30.927052,0.9886966943740845,0.05926007,0.8342679127725857,nan,nan
SwinIR-lite (L1),BraTS2021_00110,31.211298,0.988426685333252,0.057428807,0.8819177271382066,nan,nan
SwinIR-lite (L1),BraTS2021_00110,31.087532,0.9878537654876709,0.05822663,0.8925259138025096,nan,nan
SwinIR-lite (L1),BraTS2021_00110,31.114214,0.9874898195266724,0.05755608,0.8750622200099551,nan,nan
SwinIR-lite (L1),BraTS2021_00110,31.27738,0.9869179129600525,0.057476833,0.8966357874207703,0.0,0.0
SwinIR-lite (L1),BraTS2021_00110,31.04376,0.9866845607757568,0.057468884,0.8852681602172437,0.0,0.0
SwinIR-lite (L1),BraTS2021_00110,30.896013,0.9859129786491394,0.05735729,0.8975864318330071,0.8366013071895425,0.8456375838926175
SwinIR-lite (L1),BraTS2021_00110,30.67923,0.9859851598739624,0.058953445,0.8772993733575905,0.7699530516431925,0.7735849056603774
SwinIR-lite (L1),BraTS2021_00110,30.716879,0.9861710667610168,0.058695097,0.8968238311304004,0.81875,0.8562091503267973
SwinIR-lite (L1),BraTS2021_00110,30.756084,0.984450101852417,0.058589086,0.915092539591681,0.8916256157635468,0.9187817258883249
SwinIR-lite (L1),BraTS2021_00110,30.297493,0.9853529334068298,0.061419375,0.9039120245177573,0.9204301075268817,0.9466666666666667
SwinIR-lite (L1),BraTS2021_00110,30.635607,0.9850381016731262,0.060574222,0.9211087420042644,0.9090909090909091,0.9375
SwinIR-lite (L1),BraTS2021_00110,30.363228,0.9852544665336609,0.060641784,0.9357117626280467,0.8884758364312267,0.9097888675623801
SwinIR-lite (L1),BraTS2021_00110,30.475685,0.9864391684532166,0.059895646,0.9426617569700158,0.8737541528239202,0.89419795221843
SwinIR-lite (L1),BraTS2021_00110,30.423023,0.987305760383606,0.060888875,0.9293552812071331,0.8492307692307692,0.8620689655172413
SwinIR-lite (L1),BraTS2021_00110,30.484524,0.9864614009857178,0.06156036,0.9466550825369244,0.8738379814077025,0.9001367989056087
SwinIR-lite (L1),BraTS2021_00110,30.176476,0.9856552481651306,0.063923374,0.9433699250740547,0.810062893081761,0.8374512353706112
SwinIR-lite (L1),BraTS2021_00110,29.62929,0.9859758615493774,0.065417886,0.9283737024221453,0.8250289687137891,0.8481927710843373
SwinIR-lite (L1),BraTS2021_00110,30.010405,0.9852340221405029,0.066634074,0.9373680506685432,0.8799171842650103,0.912621359223301
SwinIR-lite (L1),BraTS2021_00110,29.49439,0.9852288961410522,0.06763159,0.9251054852320675,0.9220138203356367,0.9357429718875502
SwinIR-lite (L1),BraTS2021_00110,29.874353,0.9868022203445435,0.065825455,0.9323144104803494,0.9289099526066351,0.941972920696325
SwinIR-lite (L1),BraTS2021_00110,29.665665,0.9867570996284485,0.06826978,0.9167587476979742,0.9361313868613139,0.9490268767377201
SwinIR-lite (L1),BraTS2021_00110,29.64884,0.9875303506851196,0.068796925,0.9169854628921194,0.8971792538671519,0.911275415896488
SwinIR-lite (L1),BraTS2021_00110,29.519608,0.986991286277771,0.07058728,0.9108834332109028,0.9287598944591029,0.9393939393939394
SwinIR-lite (L1),BraTS2021_00110,29.349537,0.9861438274383545,0.07384941,0.9250347981706104,0.9392361111111112,0.9507908611599297
SwinIR-lite (L1),BraTS2021_00110,29.187994,0.9859312772750854,0.07647206,0.9234188724994948,0.9269565217391305,0.9392070484581497
SwinIR-lite (L1),BraTS2021_00110,29.39002,0.9871567487716675,0.075433955,0.9173967459324155,0.9411764705882353,0.9580838323353293
SwinIR-lite (L1),BraTS2021_00110,29.616213,0.9878852367401123,0.07535871,0.9198606271777003,0.9393183707398172,0.9446308724832215
SwinIR-lite (L1),BraTS2021_00110,29.432833,0.9882855415344238,0.07729485,0.8988266548594199,0.9288079470198676,0.9387069689336692
SwinIR-lite (L1),BraTS2021_00110,29.741983,0.9892380237579346,0.07593652,0.8944535455183712,0.9408866995073891,0.9515859766277128
SwinIR-lite (L1),BraTS2021_00110,29.533072,0.989274263381958,0.0798245,0.8856579595860029,0.9246575342465754,0.9366869037294016
SwinIR-lite (L1),BraTS2021_00110,29.555561,0.9899842143058777,0.0797642,0.8911042944785276,0.9154315605928509,0.9330954504906334
SwinIR-lite (L1),BraTS2021_00110,29.438904,0.9904071688652039,0.081660025,0.8607464607464608,0.9162916291629163,0.9354243542435424
SwinIR-lite (L1),BraTS2021_00110,29.99657,0.9907810091972351,0.082357496,0.889645390070922,0.903976721629486,0.9182266009852217
SwinIR-lite (L1),BraTS2021_00110,29.802158,0.9915913343429565,0.082511045,0.8893669330055316,0.8863636363636364,0.9029535864978903
SwinIR-lite (L1),BraTS2021_00110,30.344673,0.992289125919342,0.08151473,0.8816408876933423,0.8351383874849578,0.8504901960784313
SwinIR-lite (L1),BraTS2021_00110,30.165676,0.9923262000083923,0.08540797,0.8300586004825922,0.8167832167832167,0.8321377331420373
SwinIR-lite (L1),BraTS2021_00110,30.632717,0.9928287863731384,0.084396236,0.8364654138344663,0.7632508833922261,0.7769784172661871
SwinIR-lite (L1),BraTS2021_00110,30.30876,0.9921776056289673,0.09156796,0.8102955195424214,0.7027027027027027,0.7182320441988951
SwinIR-lite (L1),BraTS2021_00110,30.779867,0.9923961162567139,0.09282526,0.8011331444759207,0.5692883895131086,0.5823754789272031
SwinIR-lite (L1),BraTS2021_00110,31.230621,0.9924724102020264,0.09663551,0.6873315363881402,0.0,0.0
SwinIR-lite (L1),BraTS2021_00110,31.196045,0.9915805459022522,0.1046005,0.6971109040074557,0.0,0.0
SwinIR-lite (L1),BraTS2021_00110,31.538414,0.991365373134613,0.111406185,0.704225352112676,0.0,0.0
SwinIR-lite (L1),BraTS2021_00110,32.47838,0.9917399287223816,0.112082735,0.5933503836317136,nan,nan
SwinIR-lite (L1),BraTS2021_00110,32.93247,0.9906911849975586,0.12280956,0.6141215106732348,nan,nan
SwinIR-lite (L1),BraTS2021_00110,32.98413,0.9882973432540894,0.14108336,0.6505494505494506,nan,nan
SwinIR-lite (L1),BraTS2021_00112,31.910307,0.9903495907783508,0.081381634,0.0,nan,nan
SwinIR-lite (L1),BraTS2021_00112,32.22409,0.9915083646774292,0.07603308,0.0,nan,nan
SwinIR-lite (L1),BraTS2021_00112,32.43565,0.9919977784156799,0.07410799,0.0,nan,nan
SwinIR-lite (L1),BraTS2021_00112,32.48603,0.9915059208869934,0.07502131,0.0,nan,nan
SwinIR-lite (L1),BraTS2021_00112,32.297165,0.9920145869255066,0.0739866,0.0,nan,nan
SwinIR-lite (L1),BraTS2021_00112,31.918447,0.9908738732337952,0.07747326,0.0,nan,nan
SwinIR-lite (L1),BraTS2021_00112,31.803673,0.9905495047569275,0.07885272,0.0,nan,nan
SwinIR-lite (L1),BraTS2021_00112,31.91369,0.9910144805908203,0.07757958,0.0,nan,nan
SwinIR-lite (L1),BraTS2021_00112,31.96872,0.9909246563911438,0.07718969,0.0,nan,nan
SwinIR-lite (L1),BraTS2021_00112,32.300987,0.9919769763946533,0.07322319,0.0,nan,nan
SwinIR-lite (L1),BraTS2021_00112,31.984703,0.9921704530715942,0.07343249,0.0,nan,nan
SwinIR-lite (L1),BraTS2021_00112,31.569967,0.9899206757545471,0.079414055,0.0,nan,nan
SwinIR-lite (L1),BraTS2021_00112,31.168438,0.989677906036377,0.0806903,0.0,nan,nan
SwinIR-lite (L1),BraTS2021_00112,30.941164,0.9901538491249084,0.07973838,0.0,nan,nan
SwinIR-lite (L1),BraTS2021_00112,30.801907,0.9882898926734924,0.08358341,0.0,nan,nan
SwinIR-lite (L1),BraTS2021_00112,30.350733,0.986485481262207,0.08658319,0.0,nan,nan
SwinIR-lite (L1),BraTS2021_00112,30.39132,0.9867628216743469,0.0840774,0.0,nan,nan
SwinIR-lite (L1),BraTS2021_00112,30.13364,0.9824111461639404,0.08426455,0.0,nan,nan
SwinIR-lite (L1),BraTS2021_00112,30.604,0.9842705726623535,0.07707285,0.0,0.0,nan
SwinIR-lite (L1),BraTS2021_00112,30.9247,0.9859383702278137,0.07224224,0.0,0.0,nan
SwinIR-lite (L1),BraTS2021_00112,30.37945,0.9850261807441711,0.07540656,0.0,0.0,nan
SwinIR-lite (L1),BraTS2021_00112,30.791458,0.9862604141235352,0.07297764,0.0,0.0,nan
SwinIR-lite (L1),BraTS2021_00112,30.998678,0.9863675236701965,0.07255117,0.1416184971098266,0.0,nan
SwinIR-lite (L1),BraTS2021_00112,31.191185,0.9878466129302979,0.06847065,0.07792207792207792,0.0,nan
SwinIR-lite (L1),BraTS2021_00112,31.663933,0.9870975017547607,0.06719126,0.0,0.0,nan
SwinIR-lite (L1),BraTS2021_00112,31.903372,0.9875969290733337,0.06467062,0.27784730913642053,0.0,nan
SwinIR-lite (L1),BraTS2021_00112,31.93938,0.9882041215896606,0.06504493,0.40654205607476634,nan,nan
SwinIR-lite (L1),BraTS2021_00112,31.620907,0.9878944754600525,0.06633625,0.2915082382762991,0.0,0.0
SwinIR-lite (L1),BraTS2021_00112,31.489483,0.9877965450286865,0.06633724,0.34686346863468637,nan,nan
SwinIR-lite (L1),BraTS2021_00112,31.422712,0.989657461643219,0.06508283,0.41247002398081534,nan,nan
SwinIR-lite (L1),BraTS2021_00112,31.766455,0.9904673099517822,0.06162883,0.3985239852398524,nan,nan
SwinIR-lite (L1),BraTS2021_00112,31.986303,0.9882069230079651,0.064064264,0.44390243902439025,nan,nan
SwinIR-lite (L1),BraTS2021_00112,31.843449,0.9901318550109863,0.062025074,0.3412698412698413,nan,nan
SwinIR-lite (L1),BraTS2021_00112,32.241844,0.9897846579551697,0.06215135,0.3911917098445596,nan,nan
SwinIR-lite (L1),BraTS2021_00112,31.959404,0.9893094301223755,0.06370592,0.4829329962073325,nan,nan
SwinIR-lite (L1),BraTS2021_00112,31.50714,0.9889439940452576,0.06563059,0.4,nan,nan
SwinIR-lite (L1),BraTS2021_00112,31.350786,0.9886896014213562,0.06793159,0.43131462333825704,nan,nan
SwinIR-lite (L1),BraTS2021_00112,31.595087,0.9884519577026367,0.06758166,0.391025641025641,nan,nan
SwinIR-lite (L1),BraTS2021_00112,31.839273,0.9909829497337341,0.062324665,0.23015873015873015,nan,nan
SwinIR-lite (L1),BraTS2021_00112,32.246284,0.9905002117156982,0.060893316,0.34331337325349304,nan,nan
SwinIR-lite (L1),BraTS2021_00112,32.375263,0.9915822744369507,0.06063328,0.0,nan,nan
SwinIR-lite (L1),BraTS2021_00112,32.574184,0.9919540286064148,0.058452092,0.0,nan,nan
SwinIR-lite (L1),BraTS2021_00112,32.355732,0.9910410046577454,0.059841104,0.018575851393188854,nan,nan
SwinIR-lite (L1),BraTS2021_00112,32.306686,0.9914609789848328,0.060298055,0.0,nan,nan
SwinIR-lite (L1),BraTS2021_00112,32.307964,0.9917450547218323,0.06072072,0.0,nan,nan
SwinIR-lite (L1),BraTS2021_00112,32.39852,0.9920411705970764,0.060218524,0.0,nan,nan
SwinIR-lite (L1),BraTS2021_00112,32.40955,0.9929013252258301,0.058090463,0.0,nan,nan
SwinIR-lite (L1),BraTS2021_00112,32.540096,0.9926802515983582,0.05759853,0.0,nan,nan
SwinIR-lite (L1),BraTS2021_00112,32.796066,0.9930627346038818,0.05607016,0.0,nan,nan
SwinIR-lite (L1),BraTS2021_00112,33.16126,0.9928490519523621,0.055553474,0.0,nan,nan
SwinIR-lite (L1),BraTS2021_00112,32.875378,0.9917096495628357,0.05797292,0.0,nan,nan
SwinIR-lite (L1),BraTS2021_00112,32.554375,0.9927788972854614,0.057611402,0.0,nan,nan
SwinIR-lite (L1),BraTS2021_00112,32.88713,0.9923223257064819,0.057716247,0.0,nan,nan
SwinIR-lite (L1),BraTS2021_00112,32.979855,0.9917604327201843,0.057187714,0.0,nan,nan
SwinIR-lite (L1),BraTS2021_00112,33.30234,0.9924358129501343,0.05534454,0.0,nan,nan
SwinIR-lite (L1),BraTS2021_00112,33.268658,0.9926177263259888,0.05506647,0.0,nan,nan
SwinIR-lite (L1),BraTS2021_00112,33.224834,0.992321252822876,0.055692803,0.0,nan,nan
SwinIR-lite (L1),BraTS2021_00116,31.92659,0.9892213940620422,0.0957231,0.0,0.0,0.0
SwinIR-lite (L1),BraTS2021_00116,31.63145,0.9881980419158936,0.097846895,0.0,0.0,0.0
SwinIR-lite (L1),BraTS2021_00116,31.343681,0.9882253408432007,0.09269117,0.0,0.0,0.0
SwinIR-lite (L1),BraTS2021_00116,31.919838,0.9886007905006409,0.08933605,0.0,0.0,0.0
SwinIR-lite (L1),BraTS2021_00116,32.279324,0.9891501069068909,0.08564306,0.0,0.0,0.0
SwinIR-lite (L1),BraTS2021_00116,32.26578,0.9898044466972351,0.08220067,0.0,0.0,0.0
SwinIR-lite (L1),BraTS2021_00116,32.449276,0.989269495010376,0.08176029,0.0,0.0,0.0
SwinIR-lite (L1),BraTS2021_00116,32.13699,0.9895758628845215,0.08133996,0.0,0.0,0.0
SwinIR-lite (L1),BraTS2021_00116,32.121998,0.9898780584335327,0.08045563,0.0,0.0,0.0
SwinIR-lite (L1),BraTS2021_00116,32.06151,0.9892587065696716,0.08172361,0.0,0.0,0.0
SwinIR-lite (L1),BraTS2021_00116,32.091187,0.9892107248306274,0.082533196,0.0,0.0,0.0
SwinIR-lite (L1),BraTS2021_00116,32.060555,0.990424394607544,0.079282865,0.2534611288604899,0.0,0.0
SwinIR-lite (L1),BraTS2021_00116,32.435104,0.9908668398857117,0.07647057,0.1062992125984252,0.0,0.0
SwinIR-lite (L1),BraTS2021_00116,32.036674,0.989582896232605,0.080938146,0.23240589198036007,0.0,0.0
SwinIR-lite (L1),BraTS2021_00116,31.94044,0.9895734190940857,0.08154337,0.402555910543131,0.0,0.0
SwinIR-lite (L1),BraTS2021_00116,31.574804,0.9897972941398621,0.08156372,0.6240409207161125,0.0,0.0
SwinIR-lite (L1),BraTS2021_00116,31.70683,0.9902034997940063,0.080453224,0.5971698113207548,0.0,0.0
SwinIR-lite (L1),BraTS2021_00116,31.563648,0.9892302751541138,0.082678095,0.6714490674318508,0.0,0.0
SwinIR-lite (L1),BraTS2021_00116,30.992306,0.9871448278427124,0.08751899,0.5624678663239074,0.0,0.0
SwinIR-lite (L1),BraTS2021_00116,30.508097,0.9860484004020691,0.088220276,0.6310885218127912,0.0,0.0
SwinIR-lite (L1),BraTS2021_00116,30.421783,0.9838826060295105,0.08826933,0.6090335114133074,0.0,0.0
SwinIR-lite (L1),BraTS2021_00116,30.602037,0.9814947247505188,0.08882707,0.5549295774647888,0.0,0.0
SwinIR-lite (L1),BraTS2021_00116,30.60305,0.9837542176246643,0.08216263,0.5832656376929326,0.0,0.0
SwinIR-lite (L1),BraTS2021_00116,30.75866,0.9806520342826843,0.08367531,0.6770293609671848,0.0,0.0
SwinIR-lite (L1),BraTS2021_00116,30.743301,0.982784628868103,0.07935576,0.7568228105906314,0.0,0.0
SwinIR-lite (L1),BraTS2021_00116,30.83433,0.983519971370697,0.07840316,0.6853637160385626,0.0,0.0
SwinIR-lite (L1),BraTS2021_00116,30.634693,0.9830004572868347,0.077655956,0.7670549084858569,0.0,0.0
SwinIR-lite (L1),BraTS2021_00116,30.699425,0.9779148697853088,0.08085122,0.5848670756646217,0.0,0.0
SwinIR-lite (L1),BraTS2021_00116,30.880772,0.9790958762168884,0.07668938,0.6889908256880733,0.0,0.0
SwinIR-lite (L1),BraTS2021_00116,30.938358,0.9817570447921753,0.07408637,0.7187206020696143,0.0,0.0
SwinIR-lite (L1),BraTS2021_00116,31.233015,0.9793301820755005,0.07307535,0.7230693556320709,0.0,0.0
SwinIR-lite (L1),BraTS2021_00116,31.172054,0.9812490940093994,0.073733136,0.7094861660079052,0.0,0.0
SwinIR-lite (L1),BraTS2021_00116,31.002228,0.9797664284706116,0.07502523,0.7823371989295272,0.0,0.0
SwinIR-lite (L1),BraTS2021_00116,31.023335,0.9818390011787415,0.07137957,0.8135867367569753,0.13278008298755187,0.09333333333333334
SwinIR-lite (L1),BraTS2021_00116,31.176285,0.9824244379997253,0.07046396,0.7519201228878648,0.0,0.0
SwinIR-lite (L1),BraTS2021_00116,31.601286,0.9812885522842407,0.0698297,0.8175122749590835,0.0,0.0
SwinIR-lite (L1),BraTS2021_00116,31.345116,0.9835178852081299,0.068433024,0.7962591850367402,0.0175054704595186,0.0
SwinIR-lite (L1),BraTS2021_00116,31.242298,0.9834332466125488,0.07005934,0.7164179104477612,0.0,0.0
SwinIR-lite (L1),BraTS2021_00116,31.220154,0.980417788028717,0.07285101,0.7016622922134733,0.0,0.0
SwinIR-lite (L1),BraTS2021_00116,30.966541,0.9834133982658386,0.07186581,0.7173343317109697,0.043557168784029036,0.0
SwinIR-lite (L1),BraTS2021_00116,31.325228,0.98382967710495,0.07084219,0.6794300979519146,0.0,0.0
SwinIR-lite (L1),BraTS2021_00116,31.179504,0.9856293201446533,0.06934496,0.7042036251446201,0.0,0.0
SwinIR-lite (L1),BraTS2021_00116,31.35125,0.9870187640190125,0.06780769,0.8126702997275205,0.060240963855421686,0.06696428571428571
SwinIR-lite (L1),BraTS2021_00116,31.26735,0.9861668348312378,0.06879074,0.8762997490139836,0.20618556701030927,0.23673469387755103
SwinIR-lite (L1),BraTS2021_00116,31.226778,0.9856106042861938,0.07055659,0.7886148007590132,0.018018018018018018,0.01996007984031936
SwinIR-lite (L1),BraTS2021_00116,31.32448,0.9864035248756409,0.06953008,0.7778208607987592,0.003816793893129771,0.0
SwinIR-lite (L1),BraTS2021_00116,31.208282,0.9879277348518372,0.068906285,0.7014276846679082,0.04878048780487805,0.0
SwinIR-lite (L1),BraTS2021_00116,31.165646,0.9886106252670288,0.06859644,0.6942496493688639,0.022684310018903593,0.0
SwinIR-lite (L1),BraTS2021_00116,31.284634,0.9888753890991211,0.06719554,0.6558732345849122,0.00784313725490196,0.014319809069212411
SwinIR-lite (L1),BraTS2021_00116,31.145716,0.988898754119873,0.06833809,0.7530163236337828,0.015355086372360844,0.0
SwinIR-lite (L1),BraTS2021_00116,31.222849,0.9885299205780029,0.06859814,0.6627545736969278,0.0,0.0
SwinIR-lite (L1),BraTS2021_00116,31.317184,0.989163875579834,0.0678695,0.6850708318198329,0.0,0.0
SwinIR-lite (L1),BraTS2021_00116,31.37336,0.9880112409591675,0.069068976,0.6494638069705094,0.0,0.0
SwinIR-lite (L1),BraTS2021_00116,31.868774,0.9898160696029663,0.06457526,0.6533864541832669,0.0,0.0
SwinIR-lite (L1),BraTS2021_00116,32.110653,0.9894329905509949,0.06455461,0.7629911280101395,0.0,0.0
SwinIR-lite (L1),BraTS2021_00116,32.07726,0.9901080131530762,0.0625963,0.7670250896057348,0.0,0.0
SwinIR-lite (L1),BraTS2021_00116,32.28231,0.9883036017417908,0.064411566,0.7483236477425123,0.0,0.0
SwinIR-lite (L1),BraTS2021_00116,32.11161,0.9896050691604614,0.06259184,0.7162290414425815,0.0,0.0
SwinIR-lite (L1),BraTS2021_00116,32.439896,0.9885504841804504,0.062789336,0.8282041293338528,0.0,0.0
SwinIR-lite (L1),BraTS2021_00116,32.477383,0.9870319962501526,0.06331964,0.8324543610547668,0.0,0.0
SwinIR-lite (L1),BraTS2021_00116,32.59995,0.9865249991416931,0.061728023,0.8688805203697364,0.0,0.0
SwinIR-lite (L1),BraTS2021_00116,32.437546,0.9874207973480225,0.061446644,0.888128634964078,0.0,0.0
SwinIR-lite (L1),BraTS2021_00116,32.45057,0.9857060313224792,0.06252188,0.8492941625333842,0.0,0.0
SwinIR-lite (L1),BraTS2021_00116,32.464336,0.9826192855834961,0.063229986,0.8364677023712184,0.0,0.0
SwinIR-lite (L1),BraTS2021_00116,32.755543,0.9830297231674194,0.06189519,0.8801444043321299,0.0,0.0
SwinIR-lite (L1),BraTS2021_00116,32.503906,0.9841496348381042,0.061355945,0.8620689655172413,0.0,0.0
SwinIR-lite (L1),BraTS2021_00116,32.703957,0.9819562435150146,0.06053531,0.8689194207203862,0.0,0.0
SwinIR-lite (L1),BraTS2021_00116,32.628952,0.9823071360588074,0.06153746,0.7075949367088608,0.0,0.0
SwinIR-lite (L1),BraTS2021_00116,32.536747,0.9829404950141907,0.06182594,0.6895048271566491,0.0,0.0
SwinIR-lite (L1),BraTS2021_00116,32.457863,0.9826170206069946,0.062105317,0.5794640488193155,0.0,0.0
SwinIR-lite (L1),BraTS2021_00116,32.53386,0.9821180701255798,0.061474647,0.7431693989071039,nan,nan
SwinIR-lite (L1),BraTS2021_00116,32.754562,0.9801074862480164,0.0613721,0.8660886319845857,nan,nan
SwinIR-lite (L1),BraTS2021_00116,32.59509,0.9812440276145935,0.062969476,0.6778754298815437,nan,nan
SwinIR-lite (L1),BraTS2021_00116,32.498966,0.9804795980453491,0.06276458,0.9140219272937103,nan,nan
SwinIR-lite (L1),BraTS2021_00116,32.387848,0.9797213673591614,0.06550859,0.8646288209606987,nan,nan
SwinIR-lite (L1),BraTS2021_00116,32.33099,0.9817442893981934,0.06367272,0.612876935615322,0.0,nan
SwinIR-lite (L1),BraTS2021_00116,32.10634,0.9818325042724609,0.06510519,0.6099679926840421,0.0,nan
SwinIR-lite (L1),BraTS2021_00116,31.974411,0.9818493723869324,0.067427196,0.7001795332136446,0.0,nan
SwinIR-lite (L1),BraTS2021_00116,32.00553,0.9828038215637207,0.06676107,0.5501340482573727,0.0,nan
SwinIR-lite (L1),BraTS2021_00116,31.821472,0.9815278649330139,0.069957525,0.24953445065176907,nan,nan
SwinIR-lite (L1),BraTS2021_00116,31.799892,0.9811235666275024,0.07121684,0.1934065934065934,nan,nan
SwinIR-lite (L1),BraTS2021_00116,31.479227,0.9848838448524475,0.072373785,0.24121146565711196,0.0,nan
SwinIR-lite (L1),BraTS2021_00116,31.452766,0.9833163022994995,0.074403085,0.0,nan,nan
SwinIR-lite (L1),BraTS2021_00116,31.677305,0.9841430187225342,0.07348579,0.0,nan,nan
SwinIR-lite (L1),BraTS2021_00116,31.793833,0.9844592213630676,0.07575086,0.0,nan,nan
SwinIR-lite (L1),BraTS2021_00116,31.223019,0.9863154888153076,0.07879514,0.0,nan,nan
SwinIR-lite (L1),BraTS2021_00116,31.739073,0.9865639209747314,0.07748147,0.0,nan,nan
SwinIR-lite (L1),BraTS2021_00116,31.734116,0.9879477024078369,0.07870017,0.0,nan,nan
SwinIR-lite (L1),BraTS2021_00116,32.001663,0.9896058440208435,0.07726588,0.0,nan,nan
