method,subject,psnr,ssim,nrmse,dice_wt,dice_tc,dice_et
Uformer-lite (L1),BraTS2021_00003,32.719345,0.9790220856666565,0.09033614,0.0,0.0,0.0
Uformer-lite (L1),BraTS2021_00003,32.822014,0.9810193777084351,0.08932335,0.0,0.0,0.0
Uformer-lite (L1),BraTS2021_00003,32.80359,0.9809374213218689,0.08979708,0.8446601941747572,0.8620102214650767,0.8620102214650767
Uformer-lite (L1),BraTS2021_00003,32.96972,0.9821539521217346,0.087005794,0.8557919621749409,0.8380462724935732,0.8320413436692506
Uformer-lite (L1),BraTS2021_00003,32.92673,0.9827301502227783,0.085051715,0.9298561151079137,0.9257375381485249,0.8719646799116998
Uformer-lite (L1),BraTS2021_00003,32.92134,0.9828008413314819,0.08466544,0.9384965831435079,0.9080168776371308,0.8490945674044266
Uformer-lite (L1),BraTS2021_00003,32.990807,0.9830247759819031,0.08399133,0.9387755102040817,0.9492583918813428,0.8770491803278688
Uformer-lite (L1),BraTS2021_00003,33.39438,0.9836151599884033,0.080972366,0.9315237507711289,0.907563025210084,0.838475499092559
Uformer-lite (L1),BraTS2021_00003,33.7764,0.9841740131378174,0.07797096,0.9572933998890738,0.9439309919901417,0.8708815672306323
Uformer-lite (L1),BraTS2021_00003,33.715607,0.9843166470527649,0.077969335,0.9538754160722777,0.956858407079646,0.8890860692102928
Uformer-lite (L1),BraTS2021_00003,33.631718,0.9848833680152893,0.07734303,0.9576442113755547,0.9529229177444387,0.8559393428812131
Uformer-lite (L1),BraTS2021_00003,33.83711,0.985470712184906,0.074186124,0.9664666431344864,0.9408369408369408,0.8327922077922078
Uformer-lite (L1),BraTS2021_00003,33.78568,0.985267698764801,0.07432806,0.9633375474083439,0.9447004608294931,0.8392089423903697
Uformer-lite (L1),BraTS2021_00003,33.829132,0.9867672324180603,0.07248101,0.9685681024447031,0.9555555555555556,0.8403074295473953
Uformer-lite (L1),BraTS2021_00003,34.120132,0.9865497946739197,0.07252413,0.9735391400220507,0.9441840647635279,0.8360515021459227
Uformer-lite (L1),BraTS2021_00003,33.749496,0.9860098361968994,0.07248825,0.9801359121798223,0.9393442622950819,0.8119148936170213
Uformer-lite (L1),BraTS2021_00003,33.574543,0.9870173335075378,0.07333147,0.9729594391587381,0.9490835030549898,0.7989031078610603
Uformer-lite (L1),BraTS2021_00003,33.523495,0.9843251705169678,0.07671987,0.9748148148148148,0.9500199920031988,0.8170844939647168
Uformer-lite (L1),BraTS2021_00003,33.63469,0.987947404384613,0.07051376,0.9792610250297974,0.9377625047728141,0.7807394668959587
Uformer-lite (L1),BraTS2021_00003,33.525826,0.9851025938987732,0.075121544,0.9730742214937954,0.9410430839002267,0.8027681660899654
Uformer-lite (L1),BraTS2021_00003,33.595573,0.98505038022995,0.07445488,0.9655172413793104,0.9294205052005944,0.7696038803556993
Uformer-lite (L1),BraTS2021_00003,33.151524,0.9857087731361389,0.07544147,0.9666073018699911,0.9393258426966292,0.8025579536370904
Uformer-lite (L1),BraTS2021_00003,33.164288,0.9848029613494873,0.07808477,0.9698569856985698,0.9367369589345172,0.7996894409937888
Uformer-lite (L1),BraTS2021_00003,32.9475,0.9870225191116333,0.07528834,0.9754010695187165,0.9374771480804388,0.8149748020158387
Uformer-lite (L1),BraTS2021_00003,33.00081,0.9842501878738403,0.07760633,0.9708090075062552,0.9353478566408995,0.8316831683168316
Uformer-lite (L1),BraTS2021_00003,33.13237,0.9852623343467712,0.07675913,0.9818631492168178,0.9540512101017187,0.8504854368932039
Uformer-lite (L1),BraTS2021_00003,33.04853,0.9872622489929199,0.074958555,0.9762975071516142,0.9745824255628177,0.889198606271777
Uformer-lite (L1),BraTS2021_00003,33.03598,0.9864218235015869,0.075886,0.9765033851055357,0.9493805309734513,0.8356687898089172
Uformer-lite (L1),BraTS2021_00003,32.99676,0.9862093329429626,0.07809544,0.9779874213836478,0.9489267209474463,0.8643490115882754
Uformer-lite (L1),BraTS2021_00003,33.171837,0.9872705340385437,0.07500749,0.983921568627451,0.9623210248681235,0.8714776632302406
Uformer-lite (L1),BraTS2021_00003,32.811916,0.9862086176872253,0.07841735,0.9799382716049383,0.9517560787340795,0.8448164842240824
Uformer-lite (L1),BraTS2021_00003,32.580753,0.9866945147514343,0.07882025,0.9722116482679863,0.9564870259481038,0.8663366336633663
Uformer-lite (L1),BraTS2021_00003,32.53084,0.9846449494361877,0.08242263,0.981256038647343,0.9705002137665669,0.8954518606024808
Uformer-lite (L1),BraTS2021_00003,32.541462,0.9857268333435059,0.08051942,0.9817682807292688,0.9593128390596745,0.8872352604464797
Uformer-lite (L1),BraTS2021_00003,32.260284,0.9852023720741272,0.082706794,0.9804453049370765,0.9723593287265548,0.9279899812147777
Uformer-lite (L1),BraTS2021_00003,32.36753,0.9856287837028503,0.082106404,0.9766982622432859,0.9431403234220136,0.8834827144686299
Uformer-lite (L1),BraTS2021_00003,32.077354,0.983803927898407,0.08576309,0.9711751662971175,0.9566223250433776,0.911340206185567
Uformer-lite (L1),BraTS2021_00003,32.098362,0.9856796264648438,0.08474261,0.9696969696969697,0.9454770755885997,0.9067431850789096
Uformer-lite (L1),BraTS2021_00003,31.949726,0.9821462035179138,0.0892919,0.962106615285806,0.9477211796246648,0.9100371747211896
Uformer-lite (L1),BraTS2021_00003,31.804192,0.9839485287666321,0.08981074,0.9664429530201343,0.9603658536585366,0.9274653626731867
Uformer-lite (L1),BraTS2021_00003,31.650227,0.980995774269104,0.094408065,0.9664399092970521,0.9567430025445293,0.9312839059674503
Uformer-lite (L1),BraTS2021_00003,31.46764,0.9835991263389587,0.09318984,0.9645324735145094,0.8600612870275791,0.8600612870275791
Uformer-lite (L1),BraTS2021_00003,31.132023,0.9813336730003357,0.09937413,0.9711973339681028,0.9070063694267516,0.9070063694267516
Uformer-lite (L1),BraTS2021_00003,30.836294,0.9811487793922424,0.10155678,0.9638085984940491,0.8820058997050148,0.8820058997050148
Uformer-lite (L1),BraTS2021_00003,30.56659,0.9802823662757874,0.10579312,0.9684265010351967,0.8933823529411765,0.8933823529411765
Uformer-lite (L1),BraTS2021_00003,30.75227,0.9808880090713501,0.1085541,0.9558905639307649,0.8777777777777778,0.8777777777777778
Uformer-lite (L1),BraTS2021_00003,30.614277,0.9806700348854065,0.10977824,0.9193138500635324,0.0,0.0
Uformer-lite (L1),BraTS2021_00003,30.524597,0.9781262278556824,0.119112745,0.9148569458807307,0.0,0.0
Uformer-lite (L1),BraTS2021_00003,30.781431,0.9809293150901794,0.11624593,0.9497206703910615,nan,nan
Uformer-lite (L1),BraTS2021_00003,30.600397,0.9826516509056091,0.117770225,0.967457627118644,nan,nan
Uformer-lite (L1),BraTS2021_00003,30.180151,0.9811238050460815,0.1265342,0.945391304347826,nan,nan
Uformer-lite (L1),BraTS2021_00003,30.404877,0.981624186038971,0.13010778,0.9178491411501121,nan,nan
Uformer-lite (L1),BraTS2021_00003,30.056765,0.9810788631439209,0.13883613,0.9353701527614571,nan,nan
Uformer-lite (L1),BraTS2021_00003,30.08158,0.9819884896278381,0.14108834,0.9571068124474348,nan,nan
Uformer-lite (L1),BraTS2021_00003,30.186844,0.9813835620880127,0.14973581,0.9581609195402299,nan,nan
Uformer-lite (L1),BraTS2021_00003,30.07802,0.9780102372169495,0.16842923,0.9535008017103154,nan,nan
Uformer-lite (L1),BraTS2021_00003,29.98886,0.9761985540390015,0.18559743,0.8848704038577456,nan,nan
Uformer-lite (L1),BraTS2021_00003,31.098797,0.9765002131462097,0.19286625,0.77431906614786,nan,nan
Uformer-lite (L1),BraTS2021_00011,31.23238,0.9658347964286804,0.09104873,0.7636363636363637,nan,nan
Uformer-lite (L1),BraTS2021_00011,31.643173,0.9717365503311157,0.086410865,0.8495339547270306,nan,nan
Uformer-lite (L1),BraTS2021_00011,31.495144,0.9737598896026611,0.083718605,0.8584995251661919,nan,nan
Uformer-lite (L1),BraTS2021_00011,31.393547,0.9717080593109131,0.085079566,0.889261744966443,0.0,0.0
Uformer-lite (L1),BraTS2021_00011,31.66116,0.9729287624359131,0.08368085,0.9119638826185101,0.0,0.0
Uformer-lite (L1),BraTS2021_00011,31.690596,0.9740000367164612,0.08318195,0.8949897048730268,nan,nan
Uformer-lite (L1),BraTS2021_00011,31.742476,0.9746457934379578,0.082546994,0.9010712035286704,nan,nan
Uformer-lite (L1),BraTS2021_00011,31.861938,0.9743214249610901,0.08301205,0.8986402966625463,nan,nan
Uformer-lite (L1),BraTS2021_00011,31.798656,0.9758241176605225,0.081783466,0.9588732394366197,nan,nan
Uformer-lite (L1),BraTS2021_00011,31.93082,0.9795361161231995,0.077221826,0.9763606377130292,nan,nan
Uformer-lite (L1),BraTS2021_00011,31.863022,0.9807984828948975,0.07663394,0.9761772853185595,nan,nan
Uformer-lite (L1),BraTS2021_00011,32.062294,0.9820578098297119,0.07469425,0.9673558215451578,nan,nan
Uformer-lite (L1),BraTS2021_00011,31.81773,0.982374906539917,0.07666858,0.9682539682539683,nan,nan
Uformer-lite (L1),BraTS2021_00011,32.015495,0.9833837747573853,0.074267045,0.9685863874345549,nan,nan
Uformer-lite (L1),BraTS2021_00011,31.558823,0.983188807964325,0.0762053,0.9781836631151699,nan,nan
Uformer-lite (L1),BraTS2021_00011,31.595097,0.9845729470252991,0.07414151,0.9846762234305487,0.0,0.0
Uformer-lite (L1),BraTS2021_00011,31.894585,0.9851844906806946,0.073430054,0.9849295089936801,0.0,0.0
Uformer-lite (L1),BraTS2021_00011,31.864985,0.9863507151603699,0.070501566,0.980872976949485,0.7625,0.7721518987341772
Uformer-lite (L1),BraTS2021_00011,31.89095,0.9866729378700256,0.070002936,0.9782503624939585,0.8113207547169812,0.85
Uformer-lite (L1),BraTS2021_00011,32.116943,0.9880250692367554,0.06811882,0.9922103213242454,0.8487394957983193,0.847457627118644
Uformer-lite (L1),BraTS2021_00011,32.09041,0.9878183007240295,0.06837183,0.9882005899705014,0.8436363636363636,0.8436363636363636
Uformer-lite (L1),BraTS2021_00011,32.28228,0.9888657331466675,0.06650974,0.987928536938677,0.9153846153846154,0.9153846153846154
Uformer-lite (L1),BraTS2021_00011,32.202778,0.9886208176612854,0.067080334,0.9866920152091255,0.9649805447470817,0.9649805447470817
Uformer-lite (L1),BraTS2021_00011,32.31776,0.9888049960136414,0.06597065,0.9788257940327237,0.8655737704918033,0.9052631578947369
Uformer-lite (L1),BraTS2021_00011,32.14495,0.9884684085845947,0.06641463,0.9817158931082982,0.92,0.92
Uformer-lite (L1),BraTS2021_00011,32.45403,0.9873635172843933,0.067711174,0.9810273021749191,0.8923076923076924,0.8923076923076924
Uformer-lite (L1),BraTS2021_00011,31.892838,0.9865700006484985,0.06869975,0.9772219740955784,0.788659793814433,0.9283489096573209
Uformer-lite (L1),BraTS2021_00011,31.970491,0.9858006238937378,0.068990655,0.9762114537444934,0.8655913978494624,0.9070422535211268
Uformer-lite (L1),BraTS2021_00011,32.432556,0.9860575199127197,0.06679435,0.9846692947875603,0.9287749287749287,0.936046511627907
Uformer-lite (L1),BraTS2021_00011,32.012737,0.9829680323600769,0.07013432,0.9797388563710041,0.9307479224376731,0.935933147632312
Uformer-lite (L1),BraTS2021_00011,32.377228,0.9828466773033142,0.06904076,0.9901785714285715,0.9071618037135278,0.9293478260869565
Uformer-lite (L1),BraTS2021_00011,32.134975,0.9807227849960327,0.07010765,0.9808394160583942,0.8853333333333333,0.8853333333333333
Uformer-lite (L1),BraTS2021_00011,32.01084,0.9801039099693298,0.0711792,0.9859410430839002,0.9349112426035503,0.9376854599406528
Uformer-lite (L1),BraTS2021_00011,32.38361,0.9801527857780457,0.069793776,0.9877704609595485,0.9230769230769231,0.9230769230769231
Uformer-lite (L1),BraTS2021_00011,32.26396,0.9803556203842163,0.070923395,0.9807421324565524,0.9251700680272109,0.9251700680272109
Uformer-lite (L1),BraTS2021_00011,32.194725,0.9779922962188721,0.07295605,0.9817644159684573,0.8888888888888888,0.8888888888888888
Uformer-lite (L1),BraTS2021_00011,32.16578,0.9788196086883545,0.07369994,0.9825641025641025,0.8849557522123894,0.8849557522123894
Uformer-lite (L1),BraTS2021_00011,31.876896,0.9772805571556091,0.07484977,0.9564258135686707,0.8736842105263158,0.8736842105263158
Uformer-lite (L1),BraTS2021_00011,31.73668,0.9780505299568176,0.07502032,0.9768492377188029,0.5957446808510638,0.6049382716049383
Uformer-lite (L1),BraTS2021_00011,31.608198,0.9767675995826721,0.07672218,0.9723040659988215,0.7272727272727273,0.7272727272727273
Uformer-lite (L1),BraTS2021_00011,31.564226,0.9751331806182861,0.07921463,0.9826517967781908,0.0,0.0
Uformer-lite (L1),BraTS2021_00011,31.24975,0.9745787978172302,0.08151874,0.9689119170984456,0.0,0.0
Uformer-lite (L1),BraTS2021_00011,31.201517,0.9748296737670898,0.0808045,0.9747245625405055,0.0,0.0
Uformer-lite (L1),BraTS2021_00011,31.180964,0.9729182124137878,0.085549645,0.9673024523160763,0.0,0.0
Uformer-lite (L1),BraTS2021_00011,30.834772,0.9730234742164612,0.087029874,0.9590163934426229,0.0,0.0
Uformer-lite (L1),BraTS2021_00011,30.973,0.9707762598991394,0.08938291,0.9427312775330396,0.0,0.0
Uformer-lite (L1),BraTS2021_00011,30.98753,0.9722880125045776,0.08982793,0.9440124416796267,0.0,0.0
Uformer-lite (L1),BraTS2021_00011,30.860077,0.9723339080810547,0.09004045,0.9577922077922078,nan,nan
Uformer-lite (L1),BraTS2021_00011,30.88853,0.9726995229721069,0.09103821,0.9534482758620689,0.0,0.0
Uformer-lite (L1),BraTS2021_00011,30.649406,0.9724080562591553,0.094172195,0.9710550887021475,0.0,0.0
Uformer-lite (L1),BraTS2021_00011,30.57861,0.9716899991035461,0.097247496,0.959758551307847,0.0,0.0
Uformer-lite (L1),BraTS2021_00011,30.130745,0.9724072813987732,0.100865394,0.9522727272727273,nan,nan
Uformer-lite (L1),BraTS2021_00011,30.175388,0.9746721982955933,0.10085805,0.9437908496732026,nan,nan
Uformer-lite (L1),BraTS2021_00011,30.034563,0.9734235405921936,0.10686715,0.8816855753646677,nan,nan
Uformer-lite (L1),BraTS2021_00011,30.026237,0.9729713201522827,0.112282805,0.88268156424581,0.0,0.0
Uformer-lite (L1),BraTS2021_00011,29.773302,0.9752020835876465,0.11367002,0.8578947368421053,0.0,0.0
Uformer-lite (L1),BraTS2021_00012,30.02654,0.9844807386398315,0.09146055,0.7619047619047619,nan,nan
Uformer-lite (L1),BraTS2021_00012,30.5575,0.9850674271583557,0.08755945,0.8393782383419689,0.0,nan
Uformer-lite (L1),BraTS2021_00012,30.48136,0.9867103099822998,0.08390968,0.7590870667793744,0.0,nan
Uformer-lite (L1),BraTS2021_00012,30.717833,0.9871999621391296,0.08414465,0.9491997216423104,0.0,nan
Uformer-lite (L1),BraTS2021_00012,30.98645,0.9893654584884644,0.07723223,0.9202207727044657,0.0,nan
Uformer-lite (L1),BraTS2021_00012,30.988525,0.988544225692749,0.07866127,0.9220576773187841,0.0,nan
Uformer-lite (L1),BraTS2021_00012,30.892744,0.9888803362846375,0.077512376,0.9604904632152589,0.0,0.0
Uformer-lite (L1),BraTS2021_00012,30.604645,0.9881924986839294,0.07919259,0.9525514771709938,0.030864197530864196,0.0
Uformer-lite (L1),BraTS2021_00012,30.562075,0.9878475666046143,0.07999864,0.9820887296775971,0.012466607301869992,0.0
Uformer-lite (L1),BraTS2021_00012,30.519276,0.9885787963867188,0.07881654,0.9769094138543517,0.0,nan
Uformer-lite (L1),BraTS2021_00012,30.469255,0.9885823726654053,0.0781813,0.9762520573712673,0.013726835964310227,nan
Uformer-lite (L1),BraTS2021_00012,30.44212,0.9883124232292175,0.078005195,0.9735025606769093,0.0,nan
Uformer-lite (L1),BraTS2021_00012,30.246145,0.9872465133666992,0.07929699,0.9735471776713185,0.0,0.0
Uformer-lite (L1),BraTS2021_00012,29.932573,0.9875275492668152,0.08018126,0.9701522039928839,0.0,nan
Uformer-lite (L1),BraTS2021_00012,30.251558,0.9865192174911499,0.07988246,0.9738874586244943,0.0,nan
Uformer-lite (L1),BraTS2021_00012,30.019009,0.9875170588493347,0.07952401,0.9761863375630107,0.0,0.0
Uformer-lite (L1),BraTS2021_00012,29.968197,0.9858799576759338,0.08096864,0.9611553784860558,0.0,nan
Uformer-lite (L1),BraTS2021_00012,29.886904,0.98681640625,0.080163956,0.9732928194466656,0.0,nan
Uformer-lite (L1),BraTS2021_00012,29.871155,0.987058699131012,0.079126954,0.9725731895223421,0.0,0.0
Uformer-lite (L1),BraTS2021_00012,29.724232,0.9851332902908325,0.082847655,0.9655997606939875,0.0,nan
Uformer-lite (L1),BraTS2021_00012,29.851948,0.9860652685165405,0.08118563,0.9590438711558081,0.0,nan
Uformer-lite (L1),BraTS2021_00012,29.78143,0.9871829748153687,0.07945309,0.9504726964865247,0.0,nan
Uformer-lite (L1),BraTS2021_00012,29.98035,0.9875884056091309,0.07798848,0.9467996674979219,0.0006538084341288003,0.0
Uformer-lite (L1),BraTS2021_00012,30.003288,0.9877974390983582,0.07772061,0.9319429198682766,0.0,nan
Uformer-lite (L1),BraTS2021_00012,30.079636,0.9891724586486816,0.074127376,0.9271896829661472,0.0,nan
Uformer-lite (L1),BraTS2021_00012,30.375362,0.9890599250793457,0.07441882,0.9239628320900406,0.0,nan
Uformer-lite (L1),BraTS2021_00012,30.3318,0.990095853805542,0.07199869,0.9181888345767945,0.0,nan
Uformer-lite (L1),BraTS2021_00012,30.48529,0.9901085495948792,0.07277196,0.9248981670061099,0.0,nan
Uformer-lite (L1),BraTS2021_00012,30.618942,0.989596962928772,0.07382754,0.929718875502008,0.0,nan
Uformer-lite (L1),BraTS2021_00012,30.571484,0.9907586574554443,0.069721565,0.9300725082954405,0.003033060357901122,nan
Uformer-lite (L1),BraTS2021_00012,30.773888,0.990790069103241,0.06983871,0.928300964944424,0.0,0.0
Uformer-lite (L1),BraTS2021_00012,30.986233,0.9909087419509888,0.068201534,0.9168716182980816,0.02010968921389397,0.0
Uformer-lite (L1),BraTS2021_00012,31.140846,0.9911719560623169,0.067614414,0.919503502519356,0.005509641873278237,nan
Uformer-lite (L1),BraTS2021_00012,31.343346,0.9909555315971375,0.06778383,0.926829268292683,0.02035928143712575,0.0
Uformer-lite (L1),BraTS2021_00012,31.007038,0.9904907941818237,0.068870574,0.921207746902442,0.01654357459379616,0.0
Uformer-lite (L1),BraTS2021_00012,31.343462,0.9910332560539246,0.06746289,0.9107958643904784,0.010535557506584723,nan
Uformer-lite (L1),BraTS2021_00012,31.336433,0.9917780160903931,0.06569867,0.9119291705498602,0.0,0.0
Uformer-lite (L1),BraTS2021_00012,31.27526,0.9913053512573242,0.06715495,0.9071568967510695,0.0,0.0
Uformer-lite (L1),BraTS2021_00012,31.328718,0.9908505082130432,0.06789752,0.9154458415042104,0.0,0.0
Uformer-lite (L1),BraTS2021_00012,31.608992,0.9913769960403442,0.06575778,0.927078495123084,0.0,nan
Uformer-lite (L1),BraTS2021_00012,31.584576,0.991616427898407,0.06498722,0.9063044235458029,0.0,0.0
Uformer-lite (L1),BraTS2021_00012,31.47207,0.9915871024131775,0.06473051,0.9234135667396062,0.0,0.0
Uformer-lite (L1),BraTS2021_00012,31.429264,0.9915404915809631,0.0647494,0.926829268292683,0.0,0.0
Uformer-lite (L1),BraTS2021_00012,31.484268,0.9912971258163452,0.06568145,0.9370789083019299,0.0,nan
Uformer-lite (L1),BraTS2021_00012,31.592129,0.9912009835243225,0.065524966,0.9374066842770185,0.0,nan
Uformer-lite (L1),BraTS2021_00012,31.57497,0.991464376449585,0.06561129,0.9432242990654206,0.0,nan
Uformer-lite (L1),BraTS2021_00012,31.702364,0.9913393259048462,0.06605075,0.9624687239366139,0.0,nan
Uformer-lite (L1),BraTS2021_00012,31.756256,0.9906107187271118,0.06696162,0.9659201557935735,0.0,0.0
Uformer-lite (L1),BraTS2021_00012,31.556082,0.9903594851493835,0.06822063,0.9706100271672018,0.0,0.0
Uformer-lite (L1),BraTS2021_00012,31.672945,0.9911787509918213,0.06668324,0.9710163270472092,0.0,nan
Uformer-lite (L1),BraTS2021_00012,31.481293,0.9900560975074768,0.06951916,0.9703559870550161,0.0,nan
Uformer-lite (L1),BraTS2021_00012,31.691307,0.9901518225669861,0.06918655,0.9734894361458754,0.0,nan
Uformer-lite (L1),BraTS2021_00012,31.458305,0.9895108342170715,0.07168065,0.9645635263612792,0.0,nan
Uformer-lite (L1),BraTS2021_00012,31.170004,0.9898887276649475,0.07140113,0.9726623174899037,0.0,0.0
Uformer-lite (L1),BraTS2021_00012,31.454277,0.989230751991272,0.07310506,0.9731951981581977,0.0,nan
Uformer-lite (L1),BraTS2021_00012,31.601742,0.9893380999565125,0.07354581,0.9677083333333333,0.0,nan
Uformer-lite (L1),BraTS2021_00012,31.235264,0.9889087677001953,0.074996434,0.9669421487603306,0.0,nan
Uformer-lite (L1),BraTS2021_00012,31.013548,0.9886679649353027,0.07784619,0.9620443442314919,0.0,0.0
Uformer-lite (L1),BraTS2021_00012,30.814648,0.9889822602272034,0.07776852,0.9656842955187727,0.0,nan
Uformer-lite (L1),BraTS2021_00012,31.125544,0.9879300594329834,0.08069879,0.9742839222245453,0.0,0.0
Uformer-lite (L1),BraTS2021_00012,30.67229,0.9883257150650024,0.08038542,0.9664516129032258,0.0,nan
Uformer-lite (L1),BraTS2021_00012,30.633726,0.9870976805686951,0.08379864,0.9596885020613835,0.0,nan
Uformer-lite (L1),BraTS2021_00012,30.57149,0.9867258667945862,0.087275535,0.9657414353588397,0.0,nan
Uformer-lite (L1),BraTS2021_00012,30.508118,0.9860556721687317,0.09021828,0.9519628099173554,0.0,nan
Uformer-lite (L1),BraTS2021_00012,30.530136,0.9866900444030762,0.0907744,0.9551066217732884,0.0,nan
Uformer-lite (L1),BraTS2021_00012,30.104996,0.9845446944236755,0.09822941,0.9473684210526315,0.0,nan
Uformer-lite (L1),BraTS2021_00012,29.89588,0.984706699848175,0.10153753,0.960701526469633,0.0,nan
Uformer-lite (L1),BraTS2021_00012,30.105278,0.9854552745819092,0.10227547,0.9506726457399103,0.0,nan
Uformer-lite (L1),BraTS2021_00012,30.094252,0.9852255582809448,0.10678278,0.9474074074074074,0.0,nan
Uformer-lite (L1),BraTS2021_00012,29.678171,0.985160768032074,0.11047297,0.9397303727200634,0.0,nan
Uformer-lite (L1),BraTS2021_00012,30.28613,0.9859021306037903,0.1109015,0.9483362521891419,0.0,nan
Uformer-lite (L1),BraTS2021_00012,30.240643,0.9857281446456909,0.11615885,0.9446891825746452,0.0,nan
Uformer-lite (L1),BraTS2021_00012,30.17688,0.9861099720001221,0.11914723,0.9462129527991219,0.0,nan
Uformer-lite (L1),BraTS2021_00012,30.599375,0.9860206246376038,0.123331085,0.9357357357357358,0.0,nan
Uformer-lite (L1),BraTS2021_00012,30.963257,0.9860267043113708,0.1260377,0.9382213170400543,0.0,nan
Uformer-lite (L1),BraTS2021_00012,31.09667,0.9862619638442993,0.12888005,0.9254709254709255,nan,nan
Uformer-lite (L1),BraTS2021_00012,31.042002,0.9845268130302429,0.13959332,0.9232409381663113,nan,nan
Uformer-lite (L1),BraTS2021_00012,30.961899,0.9835072159767151,0.14874326,0.9085365853658537,nan,nan
Uformer-lite (L1),BraTS2021_00045,32.21848,0.9819155335426331,0.12646714,0.62,nan,nan
Uformer-lite (L1),BraTS2021_00045,31.943882,0.9816632270812988,0.12597662,0.860813704496788,nan,nan
Uformer-lite (L1),BraTS2021_00045,32.24377,0.9811171293258667,0.12655866,0.7554806070826307,nan,nan
Uformer-lite (L1),BraTS2021_00045,31.821966,0.9806007146835327,0.12693904,0.8957528957528957,nan,nan
Uformer-lite (L1),BraTS2021_00045,31.937716,0.9816756248474121,0.12072613,0.895947426067908,nan,nan
Uformer-lite (L1),BraTS2021_00045,31.827465,0.9800659418106079,0.12213683,0.9184100418410042,0.0,0.0
Uformer-lite (L1),BraTS2021_00045,31.91437,0.9803234338760376,0.119128376,0.9434977578475336,0.8097165991902834,0.8097165991902834
Uformer-lite (L1),BraTS2021_00045,31.713915,0.9789889454841614,0.12131329,0.9582978723404255,0.836676217765043,0.7539936102236422
Uformer-lite (L1),BraTS2021_00045,31.734539,0.9789546132087708,0.11993296,0.9690553745928339,0.7522123893805309,0.6796116504854369
Uformer-lite (L1),BraTS2021_00045,31.256302,0.9779120087623596,0.12142903,0.968503937007874,0.8330464716006885,0.7083333333333334
Uformer-lite (L1),BraTS2021_00045,30.730873,0.9737059473991394,0.12659505,0.9735202492211839,0.8798798798798799,0.7926509186351706
Uformer-lite (L1),BraTS2021_00045,30.251085,0.9679866433143616,0.1316326,0.9702380952380952,0.8200589970501475,0.6933333333333334
Uformer-lite (L1),BraTS2021_00045,30.040752,0.9663435220718384,0.1306047,0.97,0.8970976253298153,0.7487684729064039
Uformer-lite (L1),BraTS2021_00045,30.789507,0.9719743132591248,0.11698142,0.9083969465648855,0.7670454545454546,0.7016574585635359
Uformer-lite (L1),BraTS2021_00045,31.172615,0.9712029695510864,0.113076225,0.928030303030303,0.9186602870813397,0.7371007371007371
Uformer-lite (L1),BraTS2021_00045,31.52901,0.9720862507820129,0.10686716,0.9434431323803605,0.883054892601432,0.7276887871853547
Uformer-lite (L1),BraTS2021_00045,31.399118,0.974000871181488,0.10575949,0.9381381381381382,0.9530054644808743,0.8462998102466793
Uformer-lite (L1),BraTS2021_00045,31.22593,0.9717567563056946,0.10705322,0.9695121951219512,0.8881199538638985,0.7533980582524272
Uformer-lite (L1),BraTS2021_00045,31.338009,0.9719958901405334,0.107105084,0.9551886792452831,0.9557157569515963,0.8780487804878049
Uformer-lite (L1),BraTS2021_00045,31.342152,0.9695172905921936,0.10705225,0.973293768545994,0.9702380952380952,0.911976911976912
Uformer-lite (L1),BraTS2021_00045,31.486446,0.9696768522262573,0.10446039,0.9756387403446227,0.9605809128630706,0.8444444444444444
Uformer-lite (L1),BraTS2021_00045,31.515085,0.9711456298828125,0.104591504,0.9629629629629629,0.9441401971522454,0.8092105263157895
Uformer-lite (L1),BraTS2021_00045,31.805107,0.9724318385124207,0.10155837,0.9760479041916168,0.9461883408071748,0.8278041074249605
Uformer-lite (L1),BraTS2021_00045,31.811768,0.9716512560844421,0.101277165,0.95593635250918,0.96353591160221,0.8167202572347267
Uformer-lite (L1),BraTS2021_00045,31.819721,0.9747917056083679,0.09839534,0.9085681426106959,0.8403141361256544,0.7603603603603604
Uformer-lite (L1),BraTS2021_00045,31.990519,0.9752783179283142,0.09732236,0.9314903846153846,0.9563164108618654,0.8169491525423729
Uformer-lite (L1),BraTS2021_00045,31.974804,0.9733777046203613,0.09766985,0.9602021478205938,0.8994845360824743,0.7441077441077442
Uformer-lite (L1),BraTS2021_00045,32.161247,0.9742095470428467,0.09708446,0.9716803020767778,0.9369369369369369,0.8441754916792739
Uformer-lite (L1),BraTS2021_00045,32.316856,0.9741595983505249,0.09582209,0.9808917197452229,0.9465020576131687,0.8734939759036144
Uformer-lite (L1),BraTS2021_00045,32.387657,0.9792153835296631,0.09183248,0.90759270158917,0.9585987261146497,0.9207920792079208
Uformer-lite (L1),BraTS2021_00045,32.466415,0.9756377935409546,0.09367331,0.9500624219725343,0.9131238447319778,0.8648648648648649
Uformer-lite (L1),BraTS2021_00045,32.241352,0.9788238406181335,0.09125404,0.9535809018567639,0.749034749034749,0.7294117647058823
Uformer-lite (L1),BraTS2021_00045,32.27456,0.9780438542366028,0.0950979,0.9343469246717346,0.8403361344537815,0.8403361344537815
Uformer-lite (L1),BraTS2021_00045,32.178288,0.97596275806427,0.09696114,0.964635063957863,0.0,0.0
Uformer-lite (L1),BraTS2021_00045,32.23748,0.9788927435874939,0.09296287,0.9294478527607362,nan,nan
Uformer-lite (L1),BraTS2021_00045,32.14412,0.9747527241706848,0.09688501,0.9219330855018587,nan,nan
Uformer-lite (L1),BraTS2021_00045,32.210297,0.9725645184516907,0.09715637,0.9003601440576231,nan,nan
Uformer-lite (L1),BraTS2021_00045,32.351204,0.9706335663795471,0.09739422,0.7258382642998028,nan,nan
Uformer-lite (L1),BraTS2021_00045,32.549385,0.9746015071868896,0.094360605,0.0784313725490196,nan,nan
Uformer-lite (L1),BraTS2021_00045,32.36964,0.9717098474502563,0.096245736,0.0,nan,nan
Uformer-lite (L1),BraTS2021_00045,32.405487,0.9725062847137451,0.095435105,0.0,nan,nan
Uformer-lite (L1),BraTS2021_00045,32.49171,0.9717862010002136,0.09462036,0.0,nan,nan
Uformer-lite (L1),BraTS2021_00045,32.50022,0.9720427989959717,0.094717585,0.0,nan,nan
Uformer-lite (L1),BraTS2021_00046,32.40586,0.9806753396987915,0.08099636,0.47244094488188976,nan,nan
Uformer-lite (L1),BraTS2021_00046,32.660538,0.981201171875,0.08008127,0.8901220865704772,nan,nan
Uformer-lite (L1),BraTS2021_00046,32.603584,0.9810940623283386,0.081359625,0.9208754208754208,nan,nan
Uformer-lite (L1),BraTS2021_00046,32.485065,0.9816514849662781,0.07926243,0.9753761969904241,nan,nan
Uformer-lite (L1),BraTS2021_00046,32.49062,0.9816343188285828,0.07952262,0.9689826302729528,nan,nan
Uformer-lite (L1),BraTS2021_00046,32.544975,0.9820243120193481,0.07917196,0.9754385964912281,nan,nan
Uformer-lite (L1),BraTS2021_00046,32.70727,0.9806049466133118,0.07852586,0.9700395703787451,0.0,0.0
Uformer-lite (L1),BraTS2021_00046,32.5773,0.9806177020072937,0.07877646,0.977607864554888,0.0,0.0
Uformer-lite (L1),BraTS2021_00046,32.55608,0.9783305525779724,0.07999868,0.9717391304347827,0.5333333333333333,0.5333333333333333
Uformer-lite (L1),BraTS2021_00046,32.578968,0.9805892109870911,0.07903612,0.9732334047109208,0.8175182481751825,0.8175182481751825
Uformer-lite (L1),BraTS2021_00046,32.222794,0.9800828695297241,0.08112078,0.97317201472909,0.8818897637795275,0.8818897637795275
Uformer-lite (L1),BraTS2021_00046,32.35829,0.9812909960746765,0.08023529,0.9701726844583988,0.9194805194805195,0.9194805194805195
Uformer-lite (L1),BraTS2021_00046,31.81092,0.9765953421592712,0.086173125,0.9809768637532134,0.9242424242424242,0.9242424242424242
Uformer-lite (L1),BraTS2021_00046,31.940086,0.9788579940795898,0.086404726,0.978005115089514,0.9271317829457364,0.9119496855345912
Uformer-lite (L1),BraTS2021_00046,31.529474,0.9786359071731567,0.0896166,0.9780876494023905,0.9083557951482479,0.8940493468795355
Uformer-lite (L1),BraTS2021_00046,31.32949,0.9764456748962402,0.091729164,0.9859437751004017,0.9296482412060302,0.9164265129682997
Uformer-lite (L1),BraTS2021_00046,31.090012,0.9773751497268677,0.09205414,0.9722086786933203,0.9142857142857143,0.8732782369146006
Uformer-lite (L1),BraTS2021_00046,30.794151,0.9782264232635498,0.092970714,0.9721303731695796,0.9022556390977443,0.863517060367454
Uformer-lite (L1),BraTS2021_00046,30.642845,0.9776245951652527,0.09600211,0.9666975023126735,0.9062821833161689,0.8713375796178344
Uformer-lite (L1),BraTS2021_00046,30.739668,0.9781995415687561,0.09645188,0.9747126436781609,0.9214876033057852,0.8894536213468869
Uformer-lite (L1),BraTS2021_00046,30.834906,0.9788015484809875,0.09578817,0.975632183908046,0.9387755102040817,0.9144981412639405
Uformer-lite (L1),BraTS2021_00046,30.964945,0.9790563583374023,0.096890055,0.9726824899238692,0.9360824742268041,0.8951911220715166
Uformer-lite (L1),BraTS2021_00046,30.91118,0.9791432619094849,0.09783399,0.9749552772808586,0.9446185997910136,0.916767189384801
Uformer-lite (L1),BraTS2021_00046,30.861946,0.9796874523162842,0.098343395,0.9747899159663865,0.9410503751339764,0.9071428571428571
Uformer-lite (L1),BraTS2021_00046,30.93028,0.9779589772224426,0.100902185,0.9699146834306241,0.9354066985645934,0.9230769230769231
Uformer-lite (L1),BraTS2021_00046,30.73104,0.9777239561080933,0.10309288,0.9731977818853974,0.9715832205683356,0.9625520110957004
Uformer-lite (L1),BraTS2021_00046,30.370983,0.9780390858650208,0.106614724,0.9691300280636108,0.95,0.9483568075117371
Uformer-lite (L1),BraTS2021_00046,30.342426,0.978710949420929,0.10445947,0.9593577521324637,0.926391382405745,0.926391382405745
Uformer-lite (L1),BraTS2021_00046,30.134178,0.9785009026527405,0.10845531,0.9595185995623632,0.8873563218390804,0.8873563218390804
Uformer-lite (L1),BraTS2021_00046,30.108328,0.9768962860107422,0.11399597,0.9523809523809523,0.5592417061611374,0.5592417061611374
Uformer-lite (L1),BraTS2021_00046,29.878296,0.9768408536911011,0.11969331,0.9456953642384106,0.45714285714285713,0.45714285714285713
Uformer-lite (L1),BraTS2021_00046,29.698677,0.975659966468811,0.12458519,0.9094988780852655,0.5942857142857143,0.5942857142857143
Uformer-lite (L1),BraTS2021_00046,29.96468,0.9769002795219421,0.12529063,0.9341421143847487,0.7878787878787878,0.7878787878787878
Uformer-lite (L1),BraTS2021_00046,29.645414,0.9763575196266174,0.130131,0.9399624765478424,0.7947598253275109,0.7947598253275109
Uformer-lite (L1),BraTS2021_00046,30.101221,0.9785773754119873,0.1282737,0.9427966101694916,0.796812749003984,0.796812749003984
Uformer-lite (L1),BraTS2021_00046,30.113571,0.9791164398193359,0.1291008,0.9480048367593712,0.7739463601532567,0.7739463601532567
Uformer-lite (L1),BraTS2021_00046,29.878948,0.978816568851471,0.13481075,0.938375350140056,0.7622641509433963,0.7622641509433963
Uformer-lite (L1),BraTS2021_00046,30.014778,0.97861248254776,0.14072336,0.9253246753246753,0.8103448275862069,0.8103448275862069
Uformer-lite (L1),BraTS2021_00046,29.92384,0.9773979187011719,0.15020205,0.9456740442655935,0.7282051282051282,0.7282051282051282
Uformer-lite (L1),BraTS2021_00046,29.848814,0.9776513576507568,0.15352382,0.9386666666666666,0.5645161290322581,0.5645161290322581
Uformer-lite (L1),BraTS2021_00051,32.163086,0.9880948662757874,0.09647916,0.6870229007633588,nan,nan
Uformer-lite (L1),BraTS2021_00051,32.000668,0.98927903175354,0.09227176,0.7961783439490446,nan,nan
Uformer-lite (L1),BraTS2021_00051,31.378063,0.9866414070129395,0.100783445,0.8126315789473684,nan,nan
Uformer-lite (L1),BraTS2021_00051,31.212017,0.9861011505126953,0.09970447,0.7398230088495575,nan,nan
Uformer-lite (L1),BraTS2021_00051,30.808104,0.9850256443023682,0.10008218,0.7883495145631068,nan,nan
Uformer-lite (L1),BraTS2021_00051,30.714579,0.9838255643844604,0.09848431,0.7566807313642757,nan,nan
Uformer-lite (L1),BraTS2021_00051,30.95463,0.9838439226150513,0.09441625,0.735949098621421,nan,nan
Uformer-lite (L1),BraTS2021_00051,31.452257,0.9827864766120911,0.091848634,0.8720271800679502,0.0,0.0
Uformer-lite (L1),BraTS2021_00051,31.381664,0.9852603077888489,0.085771166,0.8079470198675497,0.0,0.0
Uformer-lite (L1),BraTS2021_00051,31.438026,0.9821525812149048,0.08832252,0.9088913282107574,nan,nan
Uformer-lite (L1),BraTS2021_00051,31.357134,0.9840666055679321,0.083072975,0.820747520976354,0.0,0.0
Uformer-lite (L1),BraTS2021_00051,31.19436,0.9811881184577942,0.08576453,0.8569277108433735,0.0,0.0
Uformer-lite (L1),BraTS2021_00051,31.338053,0.9804560542106628,0.083622955,0.7812879708383961,0.0,0.0
Uformer-lite (L1),BraTS2021_00051,31.016302,0.9825459718704224,0.082343556,0.796529284164859,0.6719160104986877,0.6866485013623979
Uformer-lite (L1),BraTS2021_00051,31.44646,0.9830647706985474,0.07971833,0.8284400424478245,0.5614617940199336,0.5767918088737202
Uformer-lite (L1),BraTS2021_00051,31.446535,0.9844484925270081,0.0782251,0.9013199245757385,0.7258064516129032,0.7242990654205608
Uformer-lite (L1),BraTS2021_00051,31.445253,0.9852264523506165,0.076010406,0.9025641025641026,0.8600858369098713,0.8442844284428442
Uformer-lite (L1),BraTS2021_00051,30.970375,0.9854971766471863,0.07727354,0.9179901067430357,0.774869109947644,0.7989130434782609
Uformer-lite (L1),BraTS2021_00051,30.945206,0.9860524535179138,0.076525144,0.8861707438841737,0.8935870331219169,0.8246753246753247
Uformer-lite (L1),BraTS2021_00051,31.176012,0.9855004549026489,0.07707259,0.9112882489071741,0.823953823953824,0.7840136054421769
Uformer-lite (L1),BraTS2021_00051,31.371525,0.9871740937232971,0.0734823,0.9188779378316907,0.7591776798825257,0.7658450704225352
Uformer-lite (L1),BraTS2021_00051,31.814117,0.9874922037124634,0.071199164,0.9290953545232273,0.8827319587628866,0.8315972222222222
Uformer-lite (L1),BraTS2021_00051,31.815826,0.9885677695274353,0.069192775,0.9541108986615678,0.9665689149560117,0.8774978279756733
Uformer-lite (L1),BraTS2021_00051,31.779377,0.9883017539978027,0.06925691,0.9383778885364749,0.8560411311053985,0.8427073403241182
Uformer-lite (L1),BraTS2021_00051,31.693668,0.9888086318969727,0.06902328,0.9317339149400218,0.9650829994275901,0.8795620437956204
Uformer-lite (L1),BraTS2021_00051,31.742723,0.9885131120681763,0.07022383,0.9411764705882353,0.9640685461580984,0.8996598639455783
Uformer-lite (L1),BraTS2021_00051,31.801214,0.9894608855247498,0.06642533,0.9305162274014376,0.9540555870674986,0.8914473684210527
Uformer-lite (L1),BraTS2021_00051,31.63734,0.9883303046226501,0.06833135,0.9342163355408388,0.9690140845070423,0.8976
Uformer-lite (L1),BraTS2021_00051,31.61186,0.9880685806274414,0.06894356,0.9542245502163517,0.9747126436781609,0.8924640135478408
Uformer-lite (L1),BraTS2021_00051,31.835537,0.988372802734375,0.06830898,0.9213432499436556,0.9676674364896074,0.8807339449541285
Uformer-lite (L1),BraTS2021_00051,31.98653,0.9882526993751526,0.067948684,0.9373571101966164,0.9601427721594289,0.8776859504132232
Uformer-lite (L1),BraTS2021_00051,31.803438,0.989577054977417,0.06522557,0.9246544806063308,0.9454763331336129,0.8375510204081633
Uformer-lite (L1),BraTS2021_00051,31.724283,0.9901053309440613,0.063784204,0.9095187165775401,0.9612864800476474,0.8849420849420849
Uformer-lite (L1),BraTS2021_00051,31.751526,0.9889612793922424,0.06641334,0.9206349206349206,0.9564134495641345,0.8690937257939582
Uformer-lite (L1),BraTS2021_00051,31.91032,0.9899500012397766,0.064300455,0.922496857980729,0.9429312581063554,0.8654970760233918
Uformer-lite (L1),BraTS2021_00051,32.11887,0.9902382493019104,0.061994135,0.9183588893493576,0.9579710144927536,0.9167950693374423
Uformer-lite (L1),BraTS2021_00051,32.138626,0.990002453327179,0.061819423,0.9078568490333196,0.9685230024213075,0.9490392648287385
Uformer-lite (L1),BraTS2021_00051,32.211586,0.9913697242736816,0.06053544,0.9136109384711001,0.9358851674641149,0.920388349514563
Uformer-lite (L1),BraTS2021_00051,32.262825,0.9906741380691528,0.060599875,0.9078043704474505,0.9631190727081138,0.9620253164556962
Uformer-lite (L1),BraTS2021_00051,32.13067,0.9911980628967285,0.06094129,0.9238790406673618,0.972568578553616,0.9687108886107635
Uformer-lite (L1),BraTS2021_00051,32.1328,0.9920203685760498,0.058622576,0.9345154140640741,0.9519774011299436,0.9519774011299436
Uformer-lite (L1),BraTS2021_00051,32.38907,0.9926558136940002,0.05803796,0.9291983616149795,0.9047619047619048,0.9047619047619048
Uformer-lite (L1),BraTS2021_00051,32.460598,0.9934237003326416,0.056105085,0.9287248584260887,0.8888888888888888,0.8888888888888888
Uformer-lite (L1),BraTS2021_00051,32.841293,0.9931457042694092,0.056026585,0.9564691656590084,0.8085106382978723,0.8142857142857143
Uformer-lite (L1),BraTS2021_00051,32.432335,0.9934640526771545,0.05587567,0.9625843385810673,0.0,0.0
Uformer-lite (L1),BraTS2021_00051,32.46461,0.9931575059890747,0.055872273,0.962113454843334,0.0,0.0
Uformer-lite (L1),BraTS2021_00051,32.910915,0.9938845038414001,0.054016504,0.9670421360033375,nan,nan
Uformer-lite (L1),BraTS2021_00051,32.86001,0.9942851662635803,0.0528916,0.9404027949034114,nan,nan
Uformer-lite (L1),BraTS2021_00051,33.14216,0.9939345717430115,0.053606495,0.945332211942809,nan,nan
Uformer-lite (L1),BraTS2021_00051,33.098133,0.9936951994895935,0.05362782,0.9600867678958785,nan,nan
Uformer-lite (L1),BraTS2021_00051,33.030197,0.9936388731002808,0.054128956,0.955638931803134,nan,nan
Uformer-lite (L1),BraTS2021_00051,32.989082,0.9937788844108582,0.053551823,0.9731621936989499,nan,nan
Uformer-lite (L1),BraTS2021_00051,32.735916,0.9928032755851746,0.056562163,0.962605548854041,nan,nan
Uformer-lite (L1),BraTS2021_00051,32.929466,0.9935749173164368,0.055160355,0.9713696156822286,nan,nan
Uformer-lite (L1),BraTS2021_00051,33.04321,0.9930819869041443,0.056012083,0.9582405345211581,nan,nan
Uformer-lite (L1),BraTS2021_00051,32.61497,0.9925872087478638,0.05776704,0.9352604637157482,nan,nan
Uformer-lite (L1),BraTS2021_00051,32.53604,0.9923425316810608,0.05945931,0.9445964432284542,nan,nan
Uformer-lite (L1),BraTS2021_00051,32.579712,0.9922654628753662,0.05860956,0.9037623762376238,nan,nan
Uformer-lite (L1),BraTS2021_00051,32.649055,0.9903597235679626,0.06347151,0.91417361451692,nan,nan
Uformer-lite (L1),BraTS2021_00051,32.137066,0.9901590943336487,0.06562615,0.9023090586145648,nan,nan
Uformer-lite (L1),BraTS2021_00051,32.33517,0.9904237985610962,0.06385612,0.8706500328299409,nan,nan
Uformer-lite (L1),BraTS2021_00051,32.22539,0.9904757142066956,0.06416256,0.9115755627009646,nan,nan
Uformer-lite (L1),BraTS2021_00051,32.25269,0.9890639781951904,0.068714365,0.9040462427745665,nan,nan
Uformer-lite (L1),BraTS2021_00051,31.887733,0.9899173974990845,0.067513995,0.9147005444646098,nan,nan
Uformer-lite (L1),BraTS2021_00051,31.57443,0.9893943667411804,0.07124975,0.9063444108761329,nan,nan
Uformer-lite (L1),BraTS2021_00059,30.346642,0.978232204914093,0.11650097,0.0,nan,nan
Uformer-lite (L1),BraTS2021_00059,30.622715,0.9792582392692566,0.11214499,0.22291021671826625,0.0,0.0
Uformer-lite (L1),BraTS2021_00059,30.436714,0.977886974811554,0.11371909,0.4724770642201835,nan,nan
Uformer-lite (L1),BraTS2021_00059,30.828436,0.9791008830070496,0.10722167,0.7784256559766763,nan,nan
Uformer-lite (L1),BraTS2021_00059,30.628769,0.9792587757110596,0.106959224,0.9077412513255567,nan,nan
Uformer-lite (L1),BraTS2021_00059,31.045685,0.9807689785957336,0.10314271,0.8987603305785123,nan,nan
Uformer-lite (L1),BraTS2021_00059,30.84504,0.9797911047935486,0.104534656,0.9032846715328468,nan,nan
Uformer-lite (L1),BraTS2021_00059,30.744982,0.9796159863471985,0.104763225,0.9046413502109705,0.7413793103448276,0.7413793103448276
Uformer-lite (L1),BraTS2021_00059,30.78946,0.9784876704216003,0.107176885,0.9186676994577847,0.918918918918919,0.918918918918919
Uformer-lite (L1),BraTS2021_00059,30.650375,0.9795661568641663,0.10523027,0.9193302891933028,0.916083916083916,0.916083916083916
Uformer-lite (L1),BraTS2021_00059,30.358847,0.9785414934158325,0.10643105,0.9085754783841248,0.8947368421052632,0.8947368421052632
Uformer-lite (L1),BraTS2021_00059,30.609291,0.9805307984352112,0.104348645,0.9109677419354839,0.9462809917355371,0.9440993788819876
Uformer-lite (L1),BraTS2021_00059,30.275995,0.9800567626953125,0.105842076,0.917585983127839,0.9094269870609981,0.8761904761904762
Uformer-lite (L1),BraTS2021_00059,30.083866,0.9787828326225281,0.10899527,0.9332531569452797,0.8922056384742952,0.8161764705882353
Uformer-lite (L1),BraTS2021_00059,29.178755,0.9740110635757446,0.1180427,0.9603906673901248,0.9135399673735726,0.8061420345489443
Uformer-lite (L1),BraTS2021_00059,29.14775,0.9724652767181396,0.11613267,0.9502868068833652,0.8983308042488619,0.7803992740471869
Uformer-lite (L1),BraTS2021_00059,29.244534,0.9680653810501099,0.115382716,0.9613882863340564,0.8612652608213096,0.7776427703523694
Uformer-lite (L1),BraTS2021_00059,29.323727,0.96769779920578,0.10929332,0.9544933078393881,0.8939512961508248,0.8465346534653465
Uformer-lite (L1),BraTS2021_00059,29.52139,0.969679057598114,0.10573689,0.9131164038913117,0.899070385126162,0.8502080443828016
Uformer-lite (L1),BraTS2021_00059,29.29198,0.9651631116867065,0.1090114,0.9200642054574639,0.9014245014245015,0.859880239520958
Uformer-lite (L1),BraTS2021_00059,29.50221,0.9662919640541077,0.103721276,0.9275447345262541,0.9426617569700158,0.8972067039106145
Uformer-lite (L1),BraTS2021_00059,29.166353,0.9658969640731812,0.10420067,0.9479466387653676,0.9288782816229116,0.8699643039265681
Uformer-lite (L1),BraTS2021_00059,29.526974,0.9661310911178589,0.1017774,0.9596675629430457,0.9480874316939891,0.8633766233766234
Uformer-lite (L1),BraTS2021_00059,29.730444,0.9676240682601929,0.096311994,0.9589552238805971,0.9523809523809523,0.8744541484716157
Uformer-lite (L1),BraTS2021_00059,29.641848,0.9678976535797119,0.09708246,0.9423547740930336,0.9537939805002119,0.8731762065095399
Uformer-lite (L1),BraTS2021_00059,29.667011,0.9664459228515625,0.09533551,0.9547896150402865,0.9311740890688259,0.8188638799571275
Uformer-lite (L1),BraTS2021_00059,29.863646,0.9652133584022522,0.094864465,0.9598067208433999,0.9293739967897271,0.8058525604952167
Uformer-lite (L1),BraTS2021_00059,29.848011,0.9681446552276611,0.0925864,0.9490311710193766,0.9363057324840764,0.8304297328687572
Uformer-lite (L1),BraTS2021_00059,30.026445,0.9647542238235474,0.09317057,0.9551282051282052,0.9409417398244214,0.829183555298205
Uformer-lite (L1),BraTS2021_00059,30.294388,0.970188319683075,0.0882755,0.9399664147774979,0.950463149416029,0.8695652173913043
Uformer-lite (L1),BraTS2021_00059,30.109537,0.9690605998039246,0.08941813,0.9467704607616242,0.9464357631896899,0.8613303269447576
Uformer-lite (L1),BraTS2021_00059,30.378761,0.9705689549446106,0.08692149,0.9588173178458289,0.9424168694241687,0.8467741935483871
Uformer-lite (L1),BraTS2021_00059,30.433596,0.9680277109146118,0.08731408,0.9578494623655914,0.9310771770532398,0.8129793510324483
Uformer-lite (L1),BraTS2021_00059,30.459942,0.9694915413856506,0.08728613,0.9540425531914893,0.9363714531384351,0.8327272727272728
Uformer-lite (L1),BraTS2021_00059,30.323181,0.9671944379806519,0.088661775,0.9472546476437527,0.9342222222222222,0.8342507645259939
Uformer-lite (L1),BraTS2021_00059,30.418468,0.9709380865097046,0.08519127,0.9361973628243301,0.9428303655107779,0.8431494110353379
Uformer-lite (L1),BraTS2021_00059,30.495436,0.9674118757247925,0.086502835,0.9557366218894516,0.9292828685258964,0.8468227424749164
Uformer-lite (L1),BraTS2021_00059,30.462582,0.9721810817718506,0.08357911,0.945478147987884,0.9388830347734457,0.8669817690749494
Uformer-lite (L1),BraTS2021_00059,30.574337,0.9721925258636475,0.08429879,0.9434290687554395,0.9415105053946621,0.8538409245411285
Uformer-lite (L1),BraTS2021_00059,30.58659,0.9727743864059448,0.08408203,0.937362152624614,0.9481391092129348,0.892679459843639
Uformer-lite (L1),BraTS2021_00059,30.364162,0.9684300422668457,0.087062016,0.9410138248847926,0.9461942257217848,0.9000718907260963
Uformer-lite (L1),BraTS2021_00059,30.3148,0.9725372791290283,0.085589886,0.9416126042632067,0.9355742296918768,0.9136531365313653
Uformer-lite (L1),BraTS2021_00059,30.49889,0.972263753414154,0.085545324,0.9444580376804502,0.9466984884645983,0.9300813008130081
Uformer-lite (L1),BraTS2021_00059,30.80077,0.9729372262954712,0.08295865,0.9286602038279891,0.8903765690376569,0.8903765690376569
Uformer-lite (L1),BraTS2021_00059,30.861567,0.9715361595153809,0.08245555,0.9038257173219979,0.898635477582846,0.8943248532289628
Uformer-lite (L1),BraTS2021_00059,30.590858,0.973994255065918,0.082293876,0.8784844384303112,0.891566265060241,0.891566265060241
Uformer-lite (L1),BraTS2021_00059,30.819855,0.9744701385498047,0.08068273,0.8920521945432978,0.8628005657708628,0.8628005657708628
Uformer-lite (L1),BraTS2021_00059,31.024267,0.9761283993721008,0.08050407,0.8581907090464548,0.8787878787878788,0.8787878787878788
Uformer-lite (L1),BraTS2021_00059,31.354397,0.9774947762489319,0.07818315,0.8729281767955801,0.8231046931407943,0.8231046931407943
Uformer-lite (L1),BraTS2021_00059,31.371088,0.979292631149292,0.076258056,0.9077082613204286,0.7490636704119851,0.7490636704119851
Uformer-lite (L1),BraTS2021_00059,31.78701,0.9804434776306152,0.074926764,0.918918918918919,0.8598574821852731,0.8598574821852731
Uformer-lite (L1),BraTS2021_00059,31.960829,0.9814305305480957,0.07238831,0.9462437395659432,0.779291553133515,0.779291553133515
Uformer-lite (L1),BraTS2021_00059,31.976265,0.982302725315094,0.0710844,0.9473684210526315,0.8125,0.8125
Uformer-lite (L1),BraTS2021_00059,31.93066,0.9823554158210754,0.070492476,0.9512485136741974,0.6356589147286822,0.6356589147286822
Uformer-lite (L1),BraTS2021_00059,32.043625,0.9801793694496155,0.07139369,0.9449240845489729,0.0,0.0
Uformer-lite (L1),BraTS2021_00059,31.97315,0.9786118865013123,0.072529145,0.9563767713253681,nan,nan
Uformer-lite (L1),BraTS2021_00059,32.087578,0.9782487750053406,0.07207869,0.9679158802911836,nan,nan
Uformer-lite (L1),BraTS2021_00059,32.041126,0.9800401926040649,0.071840115,0.9611473272490222,0.0,0.0
Uformer-lite (L1),BraTS2021_00059,31.968143,0.9797531366348267,0.07045985,0.9431906614785992,nan,nan
Uformer-lite (L1),BraTS2021_00059,31.92405,0.9772024750709534,0.073470436,0.9602595296025953,nan,nan
Uformer-lite (L1),BraTS2021_00059,31.696903,0.9749571681022644,0.07456322,0.9321797376500139,nan,nan
Uformer-lite (L1),BraTS2021_00059,31.814915,0.9708350896835327,0.07634975,0.9532768893069928,0.0,0.0
Uformer-lite (L1),BraTS2021_00059,31.676483,0.9748049378395081,0.07528333,0.9273084479371316,nan,nan
Uformer-lite (L1),BraTS2021_00059,31.328756,0.9709193110466003,0.07924853,0.9266089574708317,nan,nan
Uformer-lite (L1),BraTS2021_00059,31.100504,0.9715010523796082,0.08084285,0.9217687074829932,nan,nan
Uformer-lite (L1),BraTS2021_00059,30.809881,0.9672889709472656,0.082948826,0.9022988505747126,nan,nan
Uformer-lite (L1),BraTS2021_00059,30.874128,0.9688054919242859,0.08308267,0.9069408740359897,nan,nan
Uformer-lite (L1),BraTS2021_00059,30.844584,0.968632161617279,0.08395346,0.9080393290919607,nan,nan
Uformer-lite (L1),BraTS2021_00059,30.694359,0.9649114608764648,0.087035134,0.859638178415471,nan,nan
Uformer-lite (L1),BraTS2021_00059,30.728655,0.9702566862106323,0.08687635,0.8144329896907216,nan,nan
Uformer-lite (L1),BraTS2021_00059,30.570026,0.9663956761360168,0.08934645,0.8417618270799347,nan,nan
Uformer-lite (L1),BraTS2021_00059,30.515871,0.964073121547699,0.09170335,0.8680089485458613,nan,nan
Uformer-lite (L1),BraTS2021_00059,30.266228,0.9674493670463562,0.09296087,0.878698224852071,nan,nan
Uformer-lite (L1),BraTS2021_00059,30.05537,0.9618864059448242,0.09672674,0.9087048832271762,nan,nan
Uformer-lite (L1),BraTS2021_00059,30.096663,0.964494526386261,0.09793651,0.8507936507936508,nan,nan
Uformer-lite (L1),BraTS2021_00074,31.498074,0.9699205160140991,0.109008394,0.0,nan,nan
Uformer-lite (L1),BraTS2021_00074,31.637375,0.970268189907074,0.10669143,0.0,nan,nan
Uformer-lite (L1),BraTS2021_00074,31.704395,0.9711158275604248,0.10551332,0.12030075187969924,nan,nan
Uformer-lite (L1),BraTS2021_00074,31.840876,0.973427951335907,0.10277758,0.472,nan,nan
Uformer-lite (L1),BraTS2021_00074,31.981335,0.9740002155303955,0.09965371,0.8144796380090498,nan,nan
Uformer-lite (L1),BraTS2021_00074,31.889362,0.9751684665679932,0.099330306,0.8466257668711656,nan,nan
Uformer-lite (L1),BraTS2021_00074,32.21504,0.973486602306366,0.09910577,0.8624229979466119,nan,nan
Uformer-lite (L1),BraTS2021_00074,31.988918,0.9722356796264648,0.10060584,0.8809523809523809,nan,nan
Uformer-lite (L1),BraTS2021_00074,32.0947,0.9764527082443237,0.09591653,0.9046773238602723,0.0,0.0
Uformer-lite (L1),BraTS2021_00074,31.99069,0.9732179045677185,0.0991994,0.9476635514018692,0.7071823204419889,0.7071823204419889
Uformer-lite (L1),BraTS2021_00074,31.983059,0.9752089977264404,0.09518648,0.9575510204081633,0.8370607028753994,0.8333333333333334
Uformer-lite (L1),BraTS2021_00074,32.125034,0.9767904281616211,0.0953098,0.9486105824133994,0.5989010989010989,0.547550432276657
Uformer-lite (L1),BraTS2021_00074,32.07104,0.974799394607544,0.09562196,0.9448275862068966,0.7901234567901234,0.7954110898661568
Uformer-lite (L1),BraTS2021_00074,32.15619,0.9754042625427246,0.09482123,0.944371727748691,0.7182741116751269,0.6635658914728683
Uformer-lite (L1),BraTS2021_00074,32.07959,0.9755530953407288,0.09335503,0.92782874617737,0.763265306122449,0.7688311688311689
Uformer-lite (L1),BraTS2021_00074,31.908329,0.9761846661567688,0.09474082,0.9495620658411356,0.7899461400359067,0.7542087542087542
Uformer-lite (L1),BraTS2021_00074,31.941837,0.9748299717903137,0.093991004,0.9682539682539683,0.896392939370683,0.8143589743589743
Uformer-lite (L1),BraTS2021_00074,31.769253,0.9736939668655396,0.09778867,0.9244851258581236,0.8286367098248286,0.7485604606525912
Uformer-lite (L1),BraTS2021_00074,31.929209,0.9749287962913513,0.09460107,0.9686800894854586,0.8642501776830135,0.7839721254355401
Uformer-lite (L1),BraTS2021_00074,31.936893,0.9764478206634521,0.09361415,0.9719373988127361,0.7543604651162791,0.7328699106256207
Uformer-lite (L1),BraTS2021_00074,32.089565,0.9756385087966919,0.09490189,0.970873786407767,0.7939032471835653,0.7780872794800371
Uformer-lite (L1),BraTS2021_00074,31.95641,0.9775169491767883,0.091791086,0.9676258992805755,0.8201617921593031,0.789873417721519
Uformer-lite (L1),BraTS2021_00074,31.89747,0.9766785502433777,0.09343909,0.9634924687260659,0.6590141796083727,0.686964795432921
Uformer-lite (L1),BraTS2021_00074,31.988499,0.9782525897026062,0.089711905,0.9615384615384616,0.8569826135726304,0.8003194888178914
Uformer-lite (L1),BraTS2021_00074,31.96245,0.979304313659668,0.08959952,0.9487241798298907,0.8361391694725028,0.7530966143682907
Uformer-lite (L1),BraTS2021_00074,31.871986,0.979341447353363,0.08989784,0.9630359783144407,0.7935595169637722,0.7202572347266881
Uformer-lite (L1),BraTS2021_00074,31.899784,0.9805220365524292,0.08768171,0.9581768094164789,0.9021681649920676,0.8416608022519353
Uformer-lite (L1),BraTS2021_00074,32.147575,0.9809628129005432,0.08714158,0.9488563351323567,0.8941798941798942,0.8801054018445322
Uformer-lite (L1),BraTS2021_00074,32.36094,0.9820477366447449,0.08562386,0.9628498727735368,0.9519427402862985,0.8411497730711044
Uformer-lite (L1),BraTS2021_00074,32.53374,0.9833511114120483,0.08360519,0.9695456814777833,0.8451834862385321,0.7701149425287356
Uformer-lite (L1),BraTS2021_00074,32.647964,0.9835602045059204,0.08287814,0.9722634967805844,0.8436189334931097,0.7605344295991778
Uformer-lite (L1),BraTS2021_00074,32.53685,0.9841744303703308,0.08111623,0.978900883218842,0.9006466784244562,0.8354935194416749
Uformer-lite (L1),BraTS2021_00074,32.404114,0.9838813543319702,0.08222172,0.9603413654618473,0.8872085696282294,0.7768969422423556
Uformer-lite (L1),BraTS2021_00074,32.735954,0.9833967089653015,0.08188002,0.966864490603363,0.8411602209944752,0.7952069716775599
Uformer-lite (L1),BraTS2021_00074,32.739418,0.9848386645317078,0.079233065,0.9684512428298279,0.3655244029075805,0.4537313432835821
Uformer-lite (L1),BraTS2021_00074,32.982197,0.9854128360748291,0.07688146,0.9701734104046242,0.525231719876416,0.6075949367088608
Uformer-lite (L1),BraTS2021_00074,33.09746,0.9837964773178101,0.079428196,0.9774977497749775,0.37817258883248733,0.48789571694599626
Uformer-lite (L1),BraTS2021_00074,33.02616,0.9840275645256042,0.07938671,0.9731903485254692,0.321875,0.41164241164241167
Uformer-lite (L1),BraTS2021_00074,33.226265,0.9852041602134705,0.07566935,0.9796730004418913,0.4902597402597403,0.5369369369369369
Uformer-lite (L1),BraTS2021_00074,33.228516,0.9853568077087402,0.07513089,0.9778663125276671,0.7820710973724884,0.7679738562091504
Uformer-lite (L1),BraTS2021_00074,33.482265,0.9859006404876709,0.074415304,0.9734907551793273,0.774869109947644,0.7619047619047619
Uformer-lite (L1),BraTS2021_00074,33.659443,0.9850605130195618,0.07323151,0.9788797061524335,0.6594360086767896,0.6594360086767896
Uformer-lite (L1),BraTS2021_00074,33.63679,0.9860464334487915,0.0739033,0.9783223374175306,0.4985835694050991,0.4985835694050991
Uformer-lite (L1),BraTS2021_00074,33.888096,0.9859767556190491,0.073174484,0.9761789013125911,0.0,0.0
Uformer-lite (L1),BraTS2021_00074,33.734543,0.9873610138893127,0.07061853,0.9833414992650662,0.0,0.0
Uformer-lite (L1),BraTS2021_00074,33.91871,0.987083375453949,0.071452826,0.9833753148614609,0.0,0.0
Uformer-lite (L1),BraTS2021_00074,33.70724,0.9856129288673401,0.07383286,0.9835644581407293,0.0,0.0
Uformer-lite (L1),BraTS2021_00074,33.499302,0.9872151017189026,0.072105125,0.9868319132455461,nan,nan
Uformer-lite (L1),BraTS2021_00074,33.393547,0.9861778020858765,0.074676216,0.9918741808650066,nan,nan
Uformer-lite (L1),BraTS2021_00074,33.38572,0.9840843677520752,0.076765575,0.9893503727369543,nan,nan
Uformer-lite (L1),BraTS2021_00074,33.183952,0.9847955703735352,0.07657406,0.9847061980144889,nan,nan
Uformer-lite (L1),BraTS2021_00074,33.118484,0.9843992590904236,0.07895403,0.9876407580335073,nan,nan
Uformer-lite (L1),BraTS2021_00074,32.865406,0.9828369617462158,0.08029258,0.9847025495750709,nan,nan
Uformer-lite (L1),BraTS2021_00074,33.07667,0.9832060933113098,0.08000944,0.9796999117387467,nan,nan
Uformer-lite (L1),BraTS2021_00074,32.982773,0.9825331568717957,0.08193353,0.9755501222493888,nan,nan
Uformer-lite (L1),BraTS2021_00074,32.901634,0.9811495542526245,0.08432826,0.9718799368088468,nan,nan
Uformer-lite (L1),BraTS2021_00074,32.471355,0.981095016002655,0.08408887,0.976306394027913,nan,nan
Uformer-lite (L1),BraTS2021_00074,32.656788,0.9802976846694946,0.08474815,0.9791386271870794,nan,nan
Uformer-lite (L1),BraTS2021_00074,32.55814,0.9808674454689026,0.08430722,0.9780717020536025,nan,nan
Uformer-lite (L1),BraTS2021_00074,32.350086,0.9784938097000122,0.08831837,0.9803047194351542,nan,nan
Uformer-lite (L1),BraTS2021_00074,32.217125,0.9781026840209961,0.09025443,0.9613349613349613,nan,nan
Uformer-lite (L1),BraTS2021_00074,32.493828,0.9762277603149414,0.09267593,0.9418092909535453,nan,nan
Uformer-lite (L1),BraTS2021_00074,31.940851,0.9763972163200378,0.095610976,0.9399887829500841,nan,nan
Uformer-lite (L1),BraTS2021_00074,31.95359,0.9760116338729858,0.09495942,0.9224030037546934,nan,nan
Uformer-lite (L1),BraTS2021_00074,31.879974,0.9743162989616394,0.09910467,0.8751156336725254,nan,nan
Uformer-lite (L1),BraTS2021_00074,31.806562,0.969514787197113,0.10401871,0.6455906821963394,nan,nan
Uformer-lite (L1),BraTS2021_00081,30.896757,0.9765312075614929,0.15086846,0.0,nan,nan
Uformer-lite (L1),BraTS2021_00081,30.698586,0.9764069318771362,0.14909847,0.0,nan,nan
Uformer-lite (L1),BraTS2021_00081,30.876785,0.9773603081703186,0.1434981,0.0,nan,nan
Uformer-lite (L1),BraTS2021_00081,30.974657,0.9785705208778381,0.138332,0.3222748815165877,0.0,0.0
Uformer-lite (L1),BraTS2021_00081,30.823801,0.9793996214866638,0.13297993,0.5418894830659536,0.0,nan
Uformer-lite (L1),BraTS2021_00081,31.033838,0.9811261892318726,0.1269599,0.8171091445427728,0.0,nan
Uformer-lite (L1),BraTS2021_00081,31.263735,0.9813545942306519,0.123547524,0.7886524822695036,0.5,0.5
Uformer-lite (L1),BraTS2021_00081,31.49113,0.9823624491691589,0.119777426,0.9232456140350878,0.7540983606557377,0.7540983606557377
Uformer-lite (L1),BraTS2021_00081,31.04436,0.9806638360023499,0.1242648,0.8435114503816794,0.32666666666666666,0.32666666666666666
Uformer-lite (L1),BraTS2021_00081,31.137146,0.98228520154953,0.11903209,0.8753096614368291,0.4936708860759494,0.5098039215686274
Uformer-lite (L1),BraTS2021_00081,31.407118,0.982819676399231,0.116023436,0.8971477960242005,0.7622641509433963,0.7622641509433963
Uformer-lite (L1),BraTS2021_00081,31.289474,0.9835684895515442,0.113376945,0.9409862570735651,0.7444794952681388,0.7444794952681388
Uformer-lite (L1),BraTS2021_00081,31.004591,0.982743501663208,0.116798475,0.9565217391304348,0.8317460317460318,0.8317460317460318
Uformer-lite (L1),BraTS2021_00081,31.021948,0.9825191497802734,0.11788014,0.953285827395091,0.847953216374269,0.847953216374269
Uformer-lite (L1),BraTS2021_00081,31.09681,0.9819039702415466,0.11859758,0.9705882352941176,0.8385416666666666,0.8385416666666666
Uformer-lite (L1),BraTS2021_00081,31.366453,0.9834387898445129,0.11522944,0.977961432506887,0.8888888888888888,0.8888888888888888
Uformer-lite (L1),BraTS2021_00081,31.415604,0.9839789867401123,0.11338751,0.9652914210870989,0.9219858156028369,0.9219858156028369
Uformer-lite (L1),BraTS2021_00081,31.252382,0.9843069314956665,0.112763084,0.9792176039119804,0.9393939393939394,0.9324618736383442
Uformer-lite (L1),BraTS2021_00081,30.814823,0.9838167428970337,0.11431821,0.9689366786140979,0.9312977099236641,0.9251439539347409
Uformer-lite (L1),BraTS2021_00081,30.46201,0.9821865558624268,0.120166555,0.9532062391681109,0.919104991394148,0.919104991394148
Uformer-lite (L1),BraTS2021_00081,30.812122,0.982849657535553,0.118124746,0.958819913952059,0.9111470113085622,0.9111470113085622
Uformer-lite (L1),BraTS2021_00081,30.814238,0.9825118184089661,0.117669135,0.9692206941715783,0.9105180533751962,0.9105180533751962
Uformer-lite (L1),BraTS2021_00081,30.289423,0.9820678234100342,0.119275905,0.9682646860229575,0.9300155520995335,0.9300155520995335
Uformer-lite (L1),BraTS2021_00081,30.098225,0.9810606837272644,0.12024377,0.9702127659574468,0.9188361408882083,0.9188361408882083
Uformer-lite (L1),BraTS2021_00081,30.443424,0.9821133017539978,0.11533898,0.9591836734693877,0.9144634525660964,0.9144634525660964
Uformer-lite (L1),BraTS2021_00081,30.259026,0.9802488684654236,0.12049504,0.9228187919463087,0.9301533219761499,0.9301533219761499
Uformer-lite (L1),BraTS2021_00081,30.043728,0.9788610339164734,0.12290936,0.8988970588235294,0.927797833935018,0.927797833935018
Uformer-lite (L1),BraTS2021_00081,30.386866,0.9795714020729065,0.11956043,0.9446122860020141,0.9121495327102803,0.9121495327102803
Uformer-lite (L1),BraTS2021_00081,30.502615,0.9800366163253784,0.11767714,0.8984924623115578,0.8972332015810277,0.8972332015810277
Uformer-lite (L1),BraTS2021_00081,30.8722,0.9808287024497986,0.113994956,0.9420935412026726,0.8757637474541752,0.8757637474541752
Uformer-lite (L1),BraTS2021_00081,31.20962,0.9811919331550598,0.1109853,0.9200913242009132,0.8798283261802575,0.8798283261802575
Uformer-lite (L1),BraTS2021_00081,31.021656,0.9804064631462097,0.112358786,0.9504310344827587,0.8873563218390804,0.8873563218390804
Uformer-lite (L1),BraTS2021_00081,31.069563,0.9812018871307373,0.10965543,0.9525731584258325,0.8672985781990521,0.8537170263788969
Uformer-lite (L1),BraTS2021_00081,31.243599,0.9820725321769714,0.10750499,0.9662698412698413,0.8535353535353535,0.8358974358974359
Uformer-lite (L1),BraTS2021_00081,31.465576,0.9815316796302795,0.10662001,0.9559386973180076,0.8594594594594595,0.8594594594594595
Uformer-lite (L1),BraTS2021_00081,31.270233,0.982759416103363,0.10457657,0.9560632688927944,0.7979002624671916,0.7979002624671916
Uformer-lite (L1),BraTS2021_00081,31.109655,0.9830402731895447,0.10402678,0.9763513513513513,0.8454258675078864,0.8454258675078864
Uformer-lite (L1),BraTS2021_00081,31.134666,0.9825348854064941,0.1039985,0.9753610875106202,0.8421052631578947,0.8421052631578947
Uformer-lite (L1),BraTS2021_00081,31.099392,0.9828248620033264,0.10389337,0.9626334519572953,0.8681318681318682,0.8681318681318682
Uformer-lite (L1),BraTS2021_00081,31.151344,0.9835200905799866,0.10120292,0.9690346083788707,0.8514851485148515,0.8514851485148515
Uformer-lite (L1),BraTS2021_00081,30.992537,0.9829471707344055,0.101892,0.9723247232472325,0.6666666666666666,0.6666666666666666
Uformer-lite (L1),BraTS2021_00081,31.04188,0.9810159206390381,0.10310739,0.9793915603532876,0.0,0.0
Uformer-lite (L1),BraTS2021_00081,31.269224,0.9821106791496277,0.10027997,0.975609756097561,nan,nan
Uformer-lite (L1),BraTS2021_00081,31.04144,0.9810746908187866,0.10114971,0.9747530186608123,nan,nan
Uformer-lite (L1),BraTS2021_00081,31.267126,0.9806259870529175,0.10107305,0.9639423076923077,nan,nan
Uformer-lite (L1),BraTS2021_00081,31.226942,0.9797379374504089,0.09879584,0.9605442176870749,nan,nan
Uformer-lite (L1),BraTS2021_00081,31.009079,0.975884735584259,0.10535053,0.8519269776876268,nan,nan
Uformer-lite (L1),BraTS2021_00081,31.144249,0.9781684875488281,0.10055515,0.9090909090909091,nan,nan
Uformer-lite (L1),BraTS2021_00081,31.344013,0.9779662489891052,0.09940742,0.8558951965065502,nan,nan
Uformer-lite (L1),BraTS2021_00081,31.169704,0.9754858613014221,0.10215527,0.5238095238095238,nan,nan
Uformer-lite (L1),BraTS2021_00089,30.26476,0.9598375558853149,0.104507774,0.08064516129032258,0.0,0.0
Uformer-lite (L1),BraTS2021_00089,30.199823,0.9634302854537964,0.10177029,0.8571428571428571,0.9135802469135802,0.9135802469135802
Uformer-lite (L1),BraTS2021_00089,30.597382,0.968180775642395,0.09591027,0.8909952606635071,0.9436997319034852,0.9436997319034852
Uformer-lite (L1),BraTS2021_00089,30.844536,0.9713335037231445,0.09261117,0.8418604651162791,0.9653767820773931,0.9653767820773931
Uformer-lite (L1),BraTS2021_00089,30.940207,0.9725697040557861,0.09140707,0.7962085308056872,0.9701986754966887,0.9701986754966887
Uformer-lite (L1),BraTS2021_00089,30.978926,0.9742406606674194,0.08788777,0.7956448911222781,0.9337175792507204,0.9337175792507204
Uformer-lite (L1),BraTS2021_00089,31.123484,0.9764842391014099,0.08761571,0.8396624472573839,0.9434364994663821,0.9304347826086956
Uformer-lite (L1),BraTS2021_00089,31.216105,0.9779154658317566,0.08538204,0.7930842163970998,0.9544186046511628,0.950328022492971
Uformer-lite (L1),BraTS2021_00089,31.068953,0.9774741530418396,0.0862049,0.8186528497409327,0.9614740368509213,0.9571068124474348
Uformer-lite (L1),BraTS2021_00089,31.337091,0.9767504930496216,0.086312145,0.8139235066609368,0.9679937548790007,0.9612648221343874
Uformer-lite (L1),BraTS2021_00089,31.349937,0.9785017967224121,0.08452343,0.7146266621206956,0.9473684210526315,0.9422936449963477
Uformer-lite (L1),BraTS2021_00089,31.47619,0.9786314368247986,0.08210538,0.8246199480904709,0.9534398888116747,0.9407616361071932
Uformer-lite (L1),BraTS2021_00089,31.66706,0.9782712459564209,0.08132009,0.848982785602504,0.9497655726724715,0.9372846312887664
Uformer-lite (L1),BraTS2021_00089,31.56718,0.9795642495155334,0.08210519,0.8361230050603348,0.9561107359891965,0.9500693481276006
Uformer-lite (L1),BraTS2021_00089,31.874409,0.9812981486320496,0.07992777,0.933218440327445,0.9650067294751009,0.955617198335645
Uformer-lite (L1),BraTS2021_00089,31.81611,0.9795234799385071,0.083467156,0.9423580786026201,0.9564032697547684,0.9350463954318344
Uformer-lite (L1),BraTS2021_00089,31.807478,0.9807454943656921,0.081268966,0.9666814749000444,0.9749492213947191,0.9425287356321839
Uformer-lite (L1),BraTS2021_00089,31.278301,0.980086624622345,0.08440064,0.8932427029188325,0.9662775616083009,0.9215116279069767
Uformer-lite (L1),BraTS2021_00089,31.165634,0.9790599346160889,0.08623857,0.9442595673876872,0.9480354879594424,0.8936170212765957
Uformer-lite (L1),BraTS2021_00089,30.951794,0.9766695499420166,0.08989861,0.9463696369636964,0.9596412556053812,0.8627450980392157
Uformer-lite (L1),BraTS2021_00089,30.798836,0.976940929889679,0.09157065,0.9505358615004122,0.9467680608365019,0.8363636363636363
Uformer-lite (L1),BraTS2021_00089,30.49271,0.9754899144172668,0.0960488,0.9604612850082372,0.96,0.8717105263157895
Uformer-lite (L1),BraTS2021_00089,30.514462,0.9780746102333069,0.09499207,0.9449013157894737,0.9523187459177008,0.8712702472293266
Uformer-lite (L1),BraTS2021_00089,30.185717,0.978394627571106,0.09705951,0.9159935379644588,0.9588116137744767,0.9108061749571184
Uformer-lite (L1),BraTS2021_00089,30.158043,0.977114737033844,0.09737401,0.9309358398038414,0.9473684210526315,0.8885017421602788
Uformer-lite (L1),BraTS2021_00089,29.850887,0.9761419892311096,0.10077718,0.9395194697597349,0.9443631039531479,0.908411214953271
Uformer-lite (L1),BraTS2021_00089,29.865038,0.9768203496932983,0.10233342,0.9403420942845223,0.9203798392987582,0.8825757575757576
Uformer-lite (L1),BraTS2021_00089,29.879364,0.9773640632629395,0.10263551,0.9389346037245561,0.8958496476115897,0.8468653648509764
Uformer-lite (L1),BraTS2021_00089,29.88475,0.9753727316856384,0.10468751,0.9357374017568192,0.9029126213592233,0.8514644351464435
Uformer-lite (L1),BraTS2021_00089,29.722918,0.9744820594787598,0.10863992,0.9085686931546194,0.9265442404006677,0.8833849329205367
Uformer-lite (L1),BraTS2021_00089,29.832142,0.9731026887893677,0.109621175,0.9295629820051414,0.9220222793487575,0.8761149653121902
Uformer-lite (L1),BraTS2021_00089,29.62448,0.97235107421875,0.11438346,0.9210102095647501,0.911070780399274,0.8713080168776371
Uformer-lite (L1),BraTS2021_00089,29.243988,0.9746991395950317,0.11467937,0.8557536466774717,0.9015544041450777,0.8627906976744186
Uformer-lite (L1),BraTS2021_00089,29.372486,0.9725422263145447,0.11717385,0.8875379939209727,0.914349276974416,0.881199538638985
Uformer-lite (L1),BraTS2021_00089,29.097534,0.9740460515022278,0.11923668,0.8521850899742931,0.889168765743073,0.8661417322834646
Uformer-lite (L1),BraTS2021_00089,29.089148,0.9712625741958618,0.12577245,0.8815384615384615,0.9007407407407407,0.8847926267281107
Uformer-lite (L1),BraTS2021_00089,28.919155,0.9723548889160156,0.12701526,0.8283518360375747,0.8861209964412812,0.8597449908925319
Uformer-lite (L1),BraTS2021_00089,28.687489,0.9716584086418152,0.13256781,0.8360128617363344,0.8711111111111111,0.8430913348946136
Uformer-lite (L1),BraTS2021_00089,28.7864,0.9717725515365601,0.13588306,0.8021108179419525,0.8683473389355743,0.8683473389355743
Uformer-lite (L1),BraTS2021_00089,28.683588,0.9721581935882568,0.13982399,0.8193979933110368,0.9069767441860465,0.9069767441860465
Uformer-lite (L1),BraTS2021_00089,28.936298,0.9725223183631897,0.1437848,0.8625792811839323,0.8227848101265823,0.8227848101265823
Uformer-lite (L1),BraTS2021_00089,29.10508,0.9738815426826477,0.14467052,0.0,0.0,0.0
Uformer-lite (L1),BraTS2021_00095,30.802824,0.9467695355415344,0.169007,nan,nan,nan
Uformer-lite (L1),BraTS2021_00095,30.707808,0.9456843137741089,0.16760705,nan,nan,nan
Uformer-lite (L1),BraTS2021_00095,31.074495,0.9472766518592834,0.16043782,0.0,nan,nan
Uformer-lite (L1),BraTS2021_00095,30.291594,0.9364250302314758,0.16845208,0.0,nan,nan
Uformer-lite (L1),BraTS2021_00095,30.581076,0.9290528297424316,0.162664,0.5641025641025641,nan,nan
Uformer-lite (L1),BraTS2021_00095,30.958572,0.9274069666862488,0.1536064,0.34146341463414637,nan,nan
Uformer-lite (L1),BraTS2021_00095,31.264034,0.9302183985710144,0.14585356,0.0,0.0,0.0
Uformer-lite (L1),BraTS2021_00095,31.420242,0.9210222363471985,0.14265016,0.0,0.0,0.0
Uformer-lite (L1),BraTS2021_00095,31.621733,0.9252340197563171,0.13868086,0.6924731182795699,0.676829268292683,0.676829268292683
Uformer-lite (L1),BraTS2021_00095,31.951601,0.9321638345718384,0.13278513,0.679658952496955,0.4970178926441352,0.4970178926441352
Uformer-lite (L1),BraTS2021_00095,32.046047,0.9358841776847839,0.12832607,0.8833592534992224,0.39598278335724535,0.3701492537313433
Uformer-lite (L1),BraTS2021_00095,32.01607,0.942030131816864,0.12548262,0.8500861573808156,0.25868263473053893,0.27440633245382584
Uformer-lite (L1),BraTS2021_00095,31.917894,0.9492081999778748,0.12483441,0.8702749140893471,0.1553784860557769,0.1902439024390244
Uformer-lite (L1),BraTS2021_00095,31.943222,0.9558696150779724,0.11948624,0.8945233265720081,0.4366013071895425,0.4855012427506214
Uformer-lite (L1),BraTS2021_00095,31.937677,0.9558588266372681,0.122049995,0.9263482280431433,0.32971014492753625,0.34910277324632955
Uformer-lite (L1),BraTS2021_00095,31.606424,0.9610848426818848,0.11870679,0.9583778014941302,0.8609765188222139,0.6695598264104153
Uformer-lite (L1),BraTS2021_00095,31.711853,0.9675610065460205,0.1134164,0.9694521585458218,0.8256227758007118,0.5928473177441541
Uformer-lite (L1),BraTS2021_00095,31.472654,0.9653621315956116,0.11832006,0.9581673306772909,0.8707919204873357,0.6823027718550106
Uformer-lite (L1),BraTS2021_00095,31.528046,0.9682250618934631,0.114898436,0.9640219204193472,0.8800732377174245,0.6569965870307167
Uformer-lite (L1),BraTS2021_00095,31.788977,0.9744354486465454,0.107974455,0.9662314272850068,0.9461012311901504,0.7283702213279678
Uformer-lite (L1),BraTS2021_00095,31.889267,0.9755977988243103,0.105739,0.9491525423728814,0.9528403001071811,0.7238095238095238
Uformer-lite (L1),BraTS2021_00095,31.747963,0.976882815361023,0.104487315,0.953208292201382,0.9492412349555207,0.6551264980026631
Uformer-lite (L1),BraTS2021_00095,31.580708,0.9755924940109253,0.10707252,0.954399243140965,0.9585858585858585,0.735873850197109
Uformer-lite (L1),BraTS2021_00095,31.211252,0.9771214127540588,0.10817556,0.9582875960482986,0.9122354155911203,0.4208754208754209
Uformer-lite (L1),BraTS2021_00095,31.506397,0.9764007925987244,0.10845388,0.9737029140014215,0.9426310583580614,0.554675118858954
Uformer-lite (L1),BraTS2021_00095,31.254875,0.9776461124420166,0.10663799,0.9759401176260916,0.9524499155201545,0.6176911544227887
Uformer-lite (L1),BraTS2021_00095,31.047926,0.9780040383338928,0.10668016,0.9774250440917107,0.9618030842230131,0.7207702888583218
Uformer-lite (L1),BraTS2021_00095,31.314734,0.9783830046653748,0.10554453,0.9721384205856256,0.9722675367047309,0.7214484679665738
Uformer-lite (L1),BraTS2021_00095,31.06171,0.97855544090271,0.10586027,0.9747784594410361,0.9740980573543015,0.7533875338753387
Uformer-lite (L1),BraTS2021_00095,31.016056,0.9796152710914612,0.105009556,0.9853976979900361,0.9458104559560755,0.6200317965023847
Uformer-lite (L1),BraTS2021_00095,31.139639,0.9817943572998047,0.10146892,0.9710675091453276,0.9306692344727973,0.6440177252584933
Uformer-lite (L1),BraTS2021_00095,31.138704,0.9819672107696533,0.10012646,0.9730440499671269,0.9478943611705924,0.6897546897546898
Uformer-lite (L1),BraTS2021_00095,31.041277,0.979896605014801,0.103333294,0.9771540469973891,0.9724941724941725,0.7369826435246996
Uformer-lite (L1),BraTS2021_00095,31.422802,0.9829168319702148,0.095921636,0.9768586903003447,0.981994459833795,0.7980769230769231
Uformer-lite (L1),BraTS2021_00095,31.627047,0.9814848303794861,0.09911629,0.9811383742280086,0.9508677584942556,0.6768802228412256
Uformer-lite (L1),BraTS2021_00095,31.81604,0.9844494462013245,0.09248728,0.9737367021276596,0.9696821515892421,0.7124352331606217
Uformer-lite (L1),BraTS2021_00095,32.132877,0.9840000867843628,0.09221599,0.9707112970711297,0.9635952799397439,0.7464788732394366
Uformer-lite (L1),BraTS2021_00095,32.254097,0.9840757846832275,0.09113603,0.9640361343105506,0.9653555613441,0.7732426303854876
Uformer-lite (L1),BraTS2021_00095,32.320297,0.985414445400238,0.088110924,0.9707561861913826,0.9632453035665668,0.7511415525114156
Uformer-lite (L1),BraTS2021_00095,32.54927,0.984406590461731,0.08851359,0.9621485219899063,0.9520252800919277,0.7445887445887446
Uformer-lite (L1),BraTS2021_00095,32.708885,0.9837201833724976,0.08757028,0.9528971962616822,0.9830805134189031,0.8810172570390554
Uformer-lite (L1),BraTS2021_00095,33.094563,0.9853726029396057,0.08378914,0.9439165269237936,0.9707639107198994,0.8362627197039778
Uformer-lite (L1),BraTS2021_00095,33.140495,0.9849324226379395,0.08389041,0.9702302939524433,0.9361554476058292,0.791970802919708
Uformer-lite (L1),BraTS2021_00095,33.442917,0.9832067489624023,0.084039755,0.9734377985858972,0.955726308086352,0.8537549407114624
Uformer-lite (L1),BraTS2021_00095,33.515053,0.9822630286216736,0.084678285,0.9701350580178809,0.9295659295659295,0.7710651828298887
Uformer-lite (L1),BraTS2021_00095,33.530136,0.9824563264846802,0.083864845,0.9697305278700628,0.8928739971684757,0.6800308404009252
Uformer-lite (L1),BraTS2021_00095,33.594345,0.9826421141624451,0.082449235,0.974304068522484,0.8292121909143185,0.7111426543647977
Uformer-lite (L1),BraTS2021_00095,33.818344,0.9811291694641113,0.08311716,0.9678867403314917,0.7801950487621906,0.7227564102564102
Uformer-lite (L1),BraTS2021_00095,34.394474,0.9849985837936401,0.0757223,0.9738741835682365,0.6047087980173482,0.5656050955414013
Uformer-lite (L1),BraTS2021_00095,34.347607,0.9829049110412598,0.07815524,0.9807658984578063,0.5973451327433629,0.5525114155251142
Uformer-lite (L1),BraTS2021_00095,34.45243,0.9852776527404785,0.07539408,0.9886502531866597,0.0,0.0
Uformer-lite (L1),BraTS2021_00095,34.80426,0.9852133393287659,0.07281965,0.9848457835621323,0.0,0.0
Uformer-lite (L1),BraTS2021_00095,34.506844,0.9855499267578125,0.074626595,0.9828404527199708,nan,nan
Uformer-lite (L1),BraTS2021_00095,34.677967,0.9875344038009644,0.07118761,0.9875659382064808,nan,nan
Uformer-lite (L1),BraTS2021_00095,34.530552,0.9865807890892029,0.073993444,0.9852413242919824,nan,nan
Uformer-lite (L1),BraTS2021_00095,34.220394,0.9862745404243469,0.07561737,0.9892699347780349,nan,nan
Uformer-lite (L1),BraTS2021_00095,34.062466,0.9834212064743042,0.08170254,0.9827392961219458,nan,nan
Uformer-lite (L1),BraTS2021_00095,34.007484,0.983102560043335,0.08117619,0.9784102060843964,nan,nan
Uformer-lite (L1),BraTS2021_00095,33.694263,0.980764627456665,0.08543584,0.9861074705111402,nan,nan
Uformer-lite (L1),BraTS2021_00095,33.879467,0.9803478121757507,0.08509883,0.9814353006372957,nan,nan
Uformer-lite (L1),BraTS2021_00095,33.550373,0.9775482416152954,0.08811447,0.9718390804597701,nan,nan
Uformer-lite (L1),BraTS2021_00095,33.34803,0.9768696427345276,0.090535365,0.9824458747805734,nan,nan
Uformer-lite (L1),BraTS2021_00095,33.216187,0.9775621294975281,0.09026955,0.9792854998498949,nan,nan
Uformer-lite (L1),BraTS2021_00095,32.884712,0.9774130582809448,0.092536464,0.9853354134165366,nan,nan
Uformer-lite (L1),BraTS2021_00095,32.558678,0.971832275390625,0.099639885,0.9841680129240711,nan,nan
Uformer-lite (L1),BraTS2021_00095,32.32302,0.9729633331298828,0.099621944,0.9832102081934184,nan,nan
Uformer-lite (L1),BraTS2021_00095,32.223293,0.9706724286079407,0.1013303,0.9825560697757209,nan,nan
Uformer-lite (L1),BraTS2021_00095,32.34815,0.9680516123771667,0.103465214,0.9750692520775623,nan,nan
Uformer-lite (L1),BraTS2021_00095,31.692314,0.9598314762115479,0.113583066,0.9600734281780633,nan,nan
Uformer-lite (L1),BraTS2021_00095,31.726477,0.9575310349464417,0.11652234,0.9061032863849765,nan,nan
Uformer-lite (L1),BraTS2021_00095,31.724396,0.9549808502197266,0.11816062,0.9205834683954619,nan,nan
Uformer-lite (L1),BraTS2021_00095,31.39455,0.950579822063446,0.12252341,0.8443271767810027,nan,nan
Uformer-lite (L1),BraTS2021_00095,31.237675,0.948483943939209,0.12894237,0.9105058365758755,nan,nan
Uformer-lite (L1),BraTS2021_00095,31.121342,0.9497277736663818,0.13073155,0.8690807799442897,nan,nan
Uformer-lite (L1),BraTS2021_00102,32.030937,0.9865476489067078,0.08401372,0.0,nan,nan
Uformer-lite (L1),BraTS2021_00102,31.891012,0.9865925908088684,0.08502983,0.0,nan,nan
Uformer-lite (L1),BraTS2021_00102,31.371464,0.985234797000885,0.08904791,0.0,nan,nan
Uformer-lite (L1),BraTS2021_00102,31.161469,0.9839974045753479,0.091290906,0.18137254901960784,nan,nan
Uformer-lite (L1),BraTS2021_00102,30.54085,0.9806217551231384,0.09898681,0.5137931034482759,nan,nan
Uformer-lite (L1),BraTS2021_00102,29.818441,0.9771789908409119,0.103389725,0.548621190130624,0.1509433962264151,0.11538461538461539
Uformer-lite (L1),BraTS2021_00102,29.463387,0.9724987149238586,0.110322244,0.4702549575070821,0.0,0.0
Uformer-lite (L1),BraTS2021_00102,28.978516,0.9659314751625061,0.11212872,0.5866666666666667,0.6787330316742082,0.5686274509803921
Uformer-lite (L1),BraTS2021_00102,28.832,0.9628787040710449,0.112626724,0.6061269146608315,0.6648936170212766,0.6321525885558583
Uformer-lite (L1),BraTS2021_00102,29.10903,0.956047534942627,0.109105974,0.9238805970149254,0.5821782178217821,0.602510460251046
Uformer-lite (L1),BraTS2021_00102,29.105003,0.957846462726593,0.1037449,0.888208269525268,0.6528925619834711,0.6388308977035491
Uformer-lite (L1),BraTS2021_00102,29.683338,0.9496440291404724,0.098136395,0.8932330827067669,0.6727688787185355,0.6632124352331606
Uformer-lite (L1),BraTS2021_00102,30.016457,0.9503380060195923,0.09152847,0.884643644379133,0.6103896103896104,0.5173210161662818
Uformer-lite (L1),BraTS2021_00102,30.560024,0.9477846026420593,0.086983256,0.8903133903133903,0.3832167832167832,0.3124087591240876
Uformer-lite (L1),BraTS2021_00102,30.824873,0.9448621869087219,0.08439104,0.8131699846860643,0.2674772036474164,0.18471337579617833
Uformer-lite (L1),BraTS2021_00102,30.985222,0.9447746872901917,0.08245074,0.7479131886477463,0.24390243902439024,0.17721518987341772
Uformer-lite (L1),BraTS2021_00102,31.102934,0.9389314651489258,0.08067342,0.6932573599240266,0.23404255319148937,0.19943019943019943
Uformer-lite (L1),BraTS2021_00102,31.31308,0.9396620392799377,0.079425246,0.4745762711864407,0.0,0.0
Uformer-lite (L1),BraTS2021_00102,31.099178,0.9381093382835388,0.07992667,0.386066763425254,0.0,0.0
Uformer-lite (L1),BraTS2021_00102,31.453924,0.941156268119812,0.077447295,0.424886191198786,0.0,0.0
Uformer-lite (L1),BraTS2021_00102,31.618567,0.9476151466369629,0.07447676,0.3622350674373796,0.0,0.0
Uformer-lite (L1),BraTS2021_00102,31.816643,0.9499610066413879,0.07375214,0.28431372549019607,0.0,0.0
Uformer-lite (L1),BraTS2021_00102,31.902906,0.9544714689254761,0.07275366,0.0967741935483871,0.0,0.0
Uformer-lite (L1),BraTS2021_00102,32.11273,0.9546273946762085,0.071586594,0.0,nan,nan
Uformer-lite (L1),BraTS2021_00108,29.088594,0.9844988584518433,0.12461285,0.2795918367346939,nan,nan
Uformer-lite (L1),BraTS2021_00108,29.260874,0.9858490228652954,0.11723281,0.4846211552888222,nan,nan
Uformer-lite (L1),BraTS2021_00108,29.462841,0.9869750142097473,0.11207293,0.558047493403694,0.0,nan
Uformer-lite (L1),BraTS2021_00108,29.784336,0.9871595501899719,0.10821484,0.3959469992205768,0.0,0.0
Uformer-lite (L1),BraTS2021_00108,29.621918,0.9869340062141418,0.10788147,0.5574847489441577,nan,nan
Uformer-lite (L1),BraTS2021_00108,28.614552,0.9835975766181946,0.115650624,0.48588007736943906,nan,nan
Uformer-lite (L1),BraTS2021_00108,28.474854,0.9836065769195557,0.1146623,0.43101777059773827,nan,nan
Uformer-lite (L1),BraTS2021_00108,28.476295,0.982810378074646,0.11154505,0.3422140560404226,0.0,nan
Uformer-lite (L1),BraTS2021_00108,28.569523,0.9835032224655151,0.10775329,0.3495614035087719,0.0,0.0
Uformer-lite (L1),BraTS2021_00108,29.212868,0.9859299659729004,0.09515838,0.5397536394176932,0.0,nan
Uformer-lite (L1),BraTS2021_00108,29.734234,0.9866833090782166,0.0918547,0.33523021210553544,0.0,nan
Uformer-lite (L1),BraTS2021_00108,30.052513,0.9879101514816284,0.085939,0.4768015794669299,0.0,0.0
Uformer-lite (L1),BraTS2021_00108,30.57714,0.9888848662376404,0.081942365,0.44019138755980863,0.4845814977973568,0.8247422680412371
Uformer-lite (L1),BraTS2021_00108,30.12117,0.9887934327125549,0.08313069,0.3947966136692133,0.3173277661795407,0.7105263157894737
Uformer-lite (L1),BraTS2021_00108,29.982399,0.987724781036377,0.08660641,0.4830207805372529,0.35365853658536583,0.7192118226600985
Uformer-lite (L1),BraTS2021_00108,30.080685,0.9876495003700256,0.0862433,0.5009406073636119,0.7777777777777778,0.9009009009009009
Uformer-lite (L1),BraTS2021_00108,29.889275,0.9879212975502014,0.08639145,0.3853687787327603,0.4161490683229814,0.6711409395973155
Uformer-lite (L1),BraTS2021_00108,30.323593,0.988642156124115,0.08381199,0.4433713784021071,0.7837837837837838,0.8806584362139918
Uformer-lite (L1),BraTS2021_00108,30.17908,0.9885063171386719,0.083267756,0.5006535947712418,0.48522550544323484,0.8024691358024691
Uformer-lite (L1),BraTS2021_00108,29.330061,0.9861121773719788,0.090073116,0.4832025749346208,0.7917737789203085,0.8835616438356164
Uformer-lite (L1),BraTS2021_00108,28.980846,0.9848222136497498,0.09403085,0.5463477146518582,0.5529622980251346,0.9133333333333333
Uformer-lite (L1),BraTS2021_00108,29.075983,0.9840657711029053,0.08960955,0.5845174973488866,0.9266666666666666,0.9333333333333333
Uformer-lite (L1),BraTS2021_00108,29.043367,0.9820243716239929,0.091597885,0.5969269627446854,0.7792207792207793,0.8796992481203008
Uformer-lite (L1),BraTS2021_00108,28.83151,0.9808036684989929,0.08841815,0.7457286432160805,0.6811594202898551,0.752
Uformer-lite (L1),BraTS2021_00108,28.937246,0.9792613387107849,0.08946348,0.629147417051659,0.3295638126009693,0.6666666666666666
Uformer-lite (L1),BraTS2021_00108,28.588444,0.976300835609436,0.087543614,0.5062818336162989,0.18544366899302095,0.5346534653465347
Uformer-lite (L1),BraTS2021_00108,28.677633,0.9738060832023621,0.089198664,0.697286012526096,0.28180039138943247,0.5774058577405857
Uformer-lite (L1),BraTS2021_00108,28.898153,0.9730117917060852,0.08458667,0.49991248030806934,0.4504950495049505,0.6423357664233577
Uformer-lite (L1),BraTS2021_00108,28.828068,0.9723984599113464,0.08393018,0.6325892857142857,0.25869262865090403,0.44375
Uformer-lite (L1),BraTS2021_00108,29.308392,0.9726543426513672,0.08057311,0.5445391169635941,0.3527054108216433,0.42696629213483145
Uformer-lite (L1),BraTS2021_00108,29.432419,0.9718891382217407,0.07900867,0.5156859105253387,0.24499411071849234,0.42105263157894735
Uformer-lite (L1),BraTS2021_00108,30.067932,0.9728360772132874,0.07484106,0.5256585365853659,0.31004366812227074,0.4797047970479705
Uformer-lite (L1),BraTS2021_00108,30.08688,0.9754940867424011,0.07395703,0.5690393636549052,0.3764705882352941,0.5029239766081871
Uformer-lite (L1),BraTS2021_00108,30.3705,0.973456621170044,0.07237561,0.5749892565535024,0.07547169811320754,0.18666666666666668
Uformer-lite (L1),BraTS2021_00108,30.340548,0.9748932123184204,0.070745654,0.5286877485324749,0.01818181818181818,0.021505376344086023
Uformer-lite (L1),BraTS2021_00108,30.432358,0.9764217734336853,0.06882504,0.5746549560853199,0.0,0.0
Uformer-lite (L1),BraTS2021_00108,30.397724,0.9768089056015015,0.068865225,0.6365698729582577,0.0,0.0
Uformer-lite (L1),BraTS2021_00108,30.41014,0.9736348390579224,0.0697909,0.7453716125570163,0.0,0.0
Uformer-lite (L1),BraTS2021_00108,30.432947,0.977594792842865,0.06903518,0.6557526148249204,0.0,0.0
Uformer-lite (L1),BraTS2021_00108,30.577179,0.9772030115127563,0.06937878,0.6719500480307397,0.0,0.0
Uformer-lite (L1),BraTS2021_00108,30.653534,0.9723873734474182,0.070368014,0.7061299657984741,0.0,0.0
Uformer-lite (L1),BraTS2021_00108,30.647861,0.9749276638031006,0.07048177,0.6491769547325102,0.0,0.0
Uformer-lite (L1),BraTS2021_00108,30.29724,0.9752722382545471,0.07199234,0.5850261172373766,0.0,0.0
Uformer-lite (L1),BraTS2021_00108,30.516489,0.9783360362052917,0.07005248,0.5598316295850871,0.0,0.0
Uformer-lite (L1),BraTS2021_00108,30.506876,0.976953387260437,0.07128385,0.510250569476082,0.0,nan
Uformer-lite (L1),BraTS2021_00108,30.382923,0.9774725437164307,0.07071594,0.5142857142857142,0.0,0.0
Uformer-lite (L1),BraTS2021_00108,30.666025,0.9760790467262268,0.07005586,0.508273228680526,nan,nan
Uformer-lite (L1),BraTS2021_00108,30.800722,0.9777174592018127,0.06961435,0.5040946314831665,0.0,0.0
Uformer-lite (L1),BraTS2021_00108,30.831005,0.9790197610855103,0.06862546,0.3653510303877052,0.0,0.0
Uformer-lite (L1),BraTS2021_00108,30.893011,0.9799852967262268,0.06837983,0.31029986962190353,0.0,0.0
Uformer-lite (L1),BraTS2021_00108,30.944021,0.9796030521392822,0.06783341,0.2164617851416355,0.0,nan
Uformer-lite (L1),BraTS2021_00108,31.281921,0.9807136058807373,0.06762784,0.2507396449704142,0.0,0.0
Uformer-lite (L1),BraTS2021_00108,31.046024,0.984297513961792,0.06563838,0.11565053425518541,nan,nan
Uformer-lite (L1),BraTS2021_00108,31.434195,0.9817672371864319,0.06578445,0.18966131907308378,nan,nan
Uformer-lite (L1),BraTS2021_00108,31.636795,0.9842605590820312,0.06329224,0.15218855218855218,0.0,0.0
Uformer-lite (L1),BraTS2021_00108,31.589527,0.9831846356391907,0.06336831,0.156262918561389,0.0,0.0
Uformer-lite (L1),BraTS2021_00112,30.913523,0.9875665307044983,0.09248644,0.0,nan,nan
Uformer-lite (L1),BraTS2021_00112,31.451303,0.9892406463623047,0.08572899,0.0,nan,nan
Uformer-lite (L1),BraTS2021_00112,31.432358,0.9901233911514282,0.08201793,0.0,nan,nan
Uformer-lite (L1),BraTS2021_00112,31.665085,0.9901058077812195,0.08242918,0.0,nan,nan
Uformer-lite (L1),BraTS2021_00112,31.260214,0.9890006184577942,0.08477508,0.0,nan,nan
Uformer-lite (L1),BraTS2021_00112,31.095808,0.9890785217285156,0.08606657,0.0,nan,nan
Uformer-lite (L1),BraTS2021_00112,30.948387,0.9886980056762695,0.087421544,0.0,nan,nan
Uformer-lite (L1),BraTS2021_00112,31.076733,0.988968551158905,0.0861497,0.0,nan,nan
Uformer-lite (L1),BraTS2021_00112,30.885317,0.9894499182701111,0.08478513,0.0,nan,nan
Uformer-lite (L1),BraTS2021_00112,31.07128,0.9893803000450134,0.083589815,0.0,nan,nan
Uformer-lite (L1),BraTS2021_00112,31.191122,0.9890148043632507,0.08390786,0.0,nan,nan
Uformer-lite (L1),BraTS2021_00112,30.854305,0.9889228940010071,0.08439459,0.0,nan,nan
Uformer-lite (L1),BraTS2021_00112,30.322048,0.9870867729187012,0.09024256,0.2523364485981308,nan,nan
Uformer-lite (L1),BraTS2021_00112,30.4506,0.9882984161376953,0.087211736,0.1285140562248996,nan,nan
Uformer-lite (L1),BraTS2021_00112,30.034025,0.988373339176178,0.08685536,0.14193548387096774,nan,nan
Uformer-lite (L1),BraTS2021_00112,29.453396,0.9842468500137329,0.094623365,0.24096385542168675,nan,nan
Uformer-lite (L1),BraTS2021_00112,29.347124,0.9826544523239136,0.09449805,0.22868217054263565,nan,nan
Uformer-lite (L1),BraTS2021_00112,29.31243,0.9779933094978333,0.09351789,0.23119266055045873,nan,nan
Uformer-lite (L1),BraTS2021_00112,29.753605,0.9825947880744934,0.085692726,0.2013888888888889,0.0,nan
Uformer-lite (L1),BraTS2021_00112,30.328041,0.9852390289306641,0.07781865,0.25673534072900156,0.0,nan
Uformer-lite (L1),BraTS2021_00112,30.599596,0.98341965675354,0.07680499,0.3268698060941828,0.0,nan
Uformer-lite (L1),BraTS2021_00112,30.412788,0.9851945638656616,0.077224314,0.4658536585365854,0.0,nan
Uformer-lite (L1),BraTS2021_00112,30.64966,0.987632155418396,0.0733751,0.4317073170731707,0.0,nan
Uformer-lite (L1),BraTS2021_00112,30.870306,0.9873966574668884,0.07055148,0.49321266968325794,0.45454545454545453,0.0
Uformer-lite (L1),BraTS2021_00112,31.08791,0.9884772300720215,0.0681943,0.5306122448979592,0.0,0.0
Uformer-lite (L1),BraTS2021_00112,31.345741,0.9892207980155945,0.065525986,0.4978165938864629,0.0,nan
Uformer-lite (L1),BraTS2021_00112,31.559685,0.9876595735549927,0.06703912,0.6152284263959391,nan,nan
Uformer-lite (L1),BraTS2021_00112,31.28107,0.9888292551040649,0.067307934,0.6533466533466533,nan,nan
Uformer-lite (L1),BraTS2021_00112,31.13592,0.9885346293449402,0.06773242,0.615859938208033,nan,nan
Uformer-lite (L1),BraTS2021_00112,31.195423,0.9892357587814331,0.066140145,0.627979274611399,0.0,0.0
Uformer-lite (L1),BraTS2021_00112,31.55101,0.9883549809455872,0.06715016,0.6366492146596858,0.0,0.0
Uformer-lite (L1),BraTS2021_00112,31.580229,0.9896513819694519,0.066257924,0.6763485477178424,nan,nan
Uformer-lite (L1),BraTS2021_00112,31.877048,0.9902942776679993,0.06345334,0.4594594594594595,nan,nan
Uformer-lite (L1),BraTS2021_00112,31.645557,0.9901871681213379,0.06454299,0.6366630076838639,nan,nan
Uformer-lite (L1),BraTS2021_00112,31.523504,0.9898918271064758,0.06572589,0.5294117647058824,nan,nan
Uformer-lite (L1),BraTS2021_00112,31.383036,0.9898399114608765,0.06714478,0.5227568270481144,nan,nan
Uformer-lite (L1),BraTS2021_00112,31.110325,0.9899465441703796,0.06687288,0.5877659574468085,nan,nan
Uformer-lite (L1),BraTS2021_00112,31.277876,0.9897255897521973,0.06721987,0.4553846153846154,nan,nan
Uformer-lite (L1),BraTS2021_00112,31.670422,0.9909507632255554,0.06343797,0.5133333333333333,nan,nan
Uformer-lite (L1),BraTS2021_00112,31.683155,0.9904038310050964,0.0645525,0.4826325411334552,nan,nan
Uformer-lite (L1),BraTS2021_00112,31.997416,0.9913400411605835,0.06189013,0.4126315789473684,nan,nan
Uformer-lite (L1),BraTS2021_00112,32.10077,0.9916974306106567,0.06078148,0.535031847133758,nan,nan
Uformer-lite (L1),BraTS2021_00112,32.23608,0.9927324652671814,0.058850214,0.37150127226463103,nan,nan
Uformer-lite (L1),BraTS2021_00112,31.843168,0.9923107624053955,0.061580032,0.18731117824773413,nan,nan
Uformer-lite (L1),BraTS2021_00112,31.966915,0.9916510581970215,0.062810674,0.19230769230769232,nan,nan
Uformer-lite (L1),BraTS2021_00112,32.336,0.9918126463890076,0.061619055,0.08270676691729323,nan,nan
Uformer-lite (L1),BraTS2021_00112,32.288826,0.9925392866134644,0.060920436,0.0,nan,nan
Uformer-lite (L1),BraTS2021_00112,32.34928,0.9927307367324829,0.05962885,0.0,nan,nan
Uformer-lite (L1),BraTS2021_00112,32.320354,0.9925371408462524,0.058966435,0.03125,nan,nan
Uformer-lite (L1),BraTS2021_00112,32.458805,0.9927752614021301,0.058602776,0.0,nan,nan
Uformer-lite (L1),BraTS2021_00112,32.390755,0.9931136965751648,0.05864893,0.0,nan,nan
Uformer-lite (L1),BraTS2021_00112,32.49334,0.9915046691894531,0.060257748,0.0,nan,nan
Uformer-lite (L1),BraTS2021_00112,32.55786,0.9933935403823853,0.058954492,0.0,nan,nan
Uformer-lite (L1),BraTS2021_00112,32.58953,0.993477463722229,0.05807374,0.0,nan,nan
Uformer-lite (L1),BraTS2021_00112,32.795788,0.9919533729553223,0.0598633,0.0,nan,nan
Uformer-lite (L1),BraTS2021_00112,32.791527,0.9926552772521973,0.05877834,0.0,nan,nan
Uformer-lite (L1),BraTS2021_00112,32.58598,0.9912794828414917,0.0621594,0.0,nan,nan
Uformer-lite (L1),BraTS2021_00120,29.621696,0.9487075805664062,0.106368035,0.0,0.0,nan
Uformer-lite (L1),BraTS2021_00120,30.10614,0.9534928202629089,0.09989777,0.049689440993788817,0.0970873786407767,0.0
Uformer-lite (L1),BraTS2021_00120,31.175812,0.9586505889892578,0.08871602,0.4884488448844885,0.6666666666666666,0.47692307692307695
Uformer-lite (L1),BraTS2021_00120,31.415388,0.9631507992744446,0.08577776,0.3293607800650054,0.3072378138847858,0.4075471698113208
Uformer-lite (L1),BraTS2021_00120,31.621784,0.961042582988739,0.08437029,0.8198504418762746,0.8917525773195877,0.7876106194690266
Uformer-lite (L1),BraTS2021_00120,31.543484,0.9637768864631653,0.083496116,0.8385269121813032,0.88125,0.8538681948424068
Uformer-lite (L1),BraTS2021_00120,31.424305,0.9627651572227478,0.08364598,0.8527777777777777,0.8864197530864197,0.8407138136153338
Uformer-lite (L1),BraTS2021_00120,31.18732,0.964201033115387,0.085132346,0.8526443278159064,0.9080654258319233,0.8616697135892748
Uformer-lite (L1),BraTS2021_00120,31.205061,0.9664735794067383,0.08415745,0.8640569395017793,0.869653767820774,0.8501628664495114
Uformer-lite (L1),BraTS2021_00120,31.37456,0.9677404761314392,0.08340918,0.8909148066645709,0.9370698131760079,0.8235294117647058
Uformer-lite (L1),BraTS2021_00120,31.241158,0.9696829915046692,0.08214606,0.920935412026726,0.9146230699364214,0.7924119241192412
Uformer-lite (L1),BraTS2021_00120,31.34394,0.97242671251297,0.08236803,0.8119906868451688,0.8459357277882797,0.7676902536715621
Uformer-lite (L1),BraTS2021_00120,31.355152,0.9712568521499634,0.08212299,0.8137663058562309,0.7232363098174642,0.6941634241245136
Uformer-lite (L1),BraTS2021_00120,31.23969,0.974983274936676,0.08024468,0.8428796636889122,0.7580280416101312,0.7637490317583269
Uformer-lite (L1),BraTS2021_00120,31.045563,0.9747718572616577,0.0819749,0.8563437579455886,0.7804677882642593,0.7201767304860088
Uformer-lite (L1),BraTS2021_00120,31.323797,0.9739406108856201,0.081487805,0.8411734951947395,0.7881996974281392,0.6384615384615384
Uformer-lite (L1),BraTS2021_00120,31.29105,0.9756295084953308,0.080054335,0.8697140063554143,0.8374149659863945,0.6218851570964247
Uformer-lite (L1),BraTS2021_00120,31.128014,0.9764842987060547,0.07998142,0.8500124781632143,0.8018867924528302,0.632630410654828
Uformer-lite (L1),BraTS2021_00120,31.176699,0.9741067886352539,0.08248303,0.8645320197044335,0.8162997042392376,0.6555935515388374
Uformer-lite (L1),BraTS2021_00120,31.195343,0.9770248532295227,0.08078115,0.8459214501510574,0.80600068189567,0.7087845968712395
Uformer-lite (L1),BraTS2021_00120,31.174644,0.9779778122901917,0.07849675,0.9415855354659249,0.8705396638159835,0.6419638721630384
Uformer-lite (L1),BraTS2021_00120,31.236355,0.9795367121696472,0.07721004,0.9176692616183062,0.8870370370370371,0.7416934619506966
Uformer-lite (L1),BraTS2021_00120,31.261196,0.979459285736084,0.077729136,0.9317287664892386,0.902291917973462,0.7111356119073869
Uformer-lite (L1),BraTS2021_00120,31.084122,0.9786980748176575,0.079026684,0.9329365987640192,0.9042192793347705,0.7179781734635267
Uformer-lite (L1),BraTS2021_00120,31.278725,0.9794638156890869,0.07732078,0.9402136849283929,0.9051312649164678,0.7870905587668593
Uformer-lite (L1),BraTS2021_00120,31.524572,0.9781802296638489,0.07722124,0.9453230908269318,0.9365175332527207,0.8334073745002222
Uformer-lite (L1),BraTS2021_00120,31.127241,0.9771777391433716,0.0788802,0.9744380784486558,0.8957809443978765,0.792198049512378
Uformer-lite (L1),BraTS2021_00120,31.104992,0.9762563705444336,0.07970496,0.9627468581687613,0.9313696612665685,0.8532144184318098
Uformer-lite (L1),BraTS2021_00120,31.554302,0.974653422832489,0.0784594,0.9714542593841312,0.9456985967053081,0.8846737481031867
Uformer-lite (L1),BraTS2021_00120,31.386036,0.9746896624565125,0.07851,0.9795735129068462,0.8811188811188811,0.8570391872278664
Uformer-lite (L1),BraTS2021_00120,31.533642,0.9726255536079407,0.07785739,0.975920036347115,0.9436755712906341,0.875748502994012
Uformer-lite (L1),BraTS2021_00120,31.574404,0.9729559421539307,0.077913634,0.9652437602052718,0.8654612319950965,0.8382458662832495
Uformer-lite (L1),BraTS2021_00120,31.728107,0.973002016544342,0.077154,0.9716295427901525,0.9132670551936921,0.8823051948051948
Uformer-lite (L1),BraTS2021_00120,31.666306,0.9724603891372681,0.078892745,0.9533527696793003,0.8663719823189391,0.8422339991846718
Uformer-lite (L1),BraTS2021_00120,31.890648,0.9724173545837402,0.07848472,0.9540918163672655,0.8663906661648476,0.8161634103019538
Uformer-lite (L1),BraTS2021_00120,31.657526,0.9723853468894958,0.07954379,0.9418125643666323,0.865953947368421,0.8522837706511176
Uformer-lite (L1),BraTS2021_00120,31.822952,0.9735971093177795,0.078428164,0.9355102040816327,0.8605159597726278,0.8518164435946463
Uformer-lite (L1),BraTS2021_00120,32.045418,0.9738360047340393,0.07774316,0.9277697841726619,0.9313675648195221,0.9036649214659686
Uformer-lite (L1),BraTS2021_00120,31.740572,0.9742335677146912,0.08044773,0.86612641815235,0.9262472885032538,0.9313835770528683
Uformer-lite (L1),BraTS2021_00120,31.729166,0.9738225340843201,0.08077779,0.9038841342988808,0.8881987577639752,0.882816605359958
Uformer-lite (L1),BraTS2021_00120,31.303741,0.9728882312774658,0.08325127,0.8934805842536516,0.9302325581395349,0.919431279620853
Uformer-lite (L1),BraTS2021_00120,31.276274,0.9703484773635864,0.08832292,0.8884585592563904,0.8882318154937907,0.8940036341611145
Uformer-lite (L1),BraTS2021_00120,31.306631,0.970899224281311,0.08865188,0.8726790450928382,0.8639887244538408,0.8579545454545454
Uformer-lite (L1),BraTS2021_00120,31.265469,0.971532940864563,0.08937293,0.9122477709995307,0.9096209912536443,0.9062957540263543
Uformer-lite (L1),BraTS2021_00120,31.03558,0.97203528881073,0.09364584,0.8252148997134671,0.8790123456790123,0.88
Uformer-lite (L1),BraTS2021_00120,31.262829,0.9741531610488892,0.092742756,0.8540540540540541,0.8490945674044266,0.8464646464646465
Uformer-lite (L1),BraTS2021_00120,31.380377,0.9738627076148987,0.09257931,0.9037593984962407,0.8442437923250564,0.8424657534246576
Uformer-lite (L1),BraTS2021_00120,30.887058,0.9733706116676331,0.09709609,0.9311475409836065,0.7965043695380774,0.8181818181818182
Uformer-lite (L1),BraTS2021_00120,30.766506,0.9741000533103943,0.10033978,0.9202072538860103,0.7863894139886578,0.8062015503875969
Uformer-lite (L1),BraTS2021_00120,31.090994,0.9746206402778625,0.10142785,0.5714285714285714,0.2871287128712871,0.29292929292929293
Uformer-lite (L1),BraTS2021_00120,31.06618,0.9749970436096191,0.10442945,0.233502538071066,0.0,0.0
Uformer-lite (L1),BraTS2021_00120,30.785015,0.9754598140716553,0.10769884,0.0,0.0,0.0
Uformer-lite (L1),BraTS2021_00120,30.559313,0.9758998155593872,0.111889035,0.0,0.0,0.0
Uformer-lite (L1),BraTS2021_00120,30.710842,0.976805567741394,0.1126603,0.0,0.0,0.0
Uformer-lite (L1),BraTS2021_00121,28.298756,0.983717679977417,0.10921681,0.0,nan,nan
Uformer-lite (L1),BraTS2021_00121,28.607347,0.9841367602348328,0.10597419,0.0,nan,nan
Uformer-lite (L1),BraTS2021_00121,28.531425,0.985288679599762,0.101798855,nan,nan,nan
Uformer-lite (L1),BraTS2021_00121,28.744415,0.9859245419502258,0.1005648,nan,nan,nan
Uformer-lite (L1),BraTS2021_00121,28.821968,0.9861496090888977,0.100096755,nan,nan,nan
Uformer-lite (L1),BraTS2021_00121,28.799746,0.9868348836898804,0.0982955,0.0,nan,nan
Uformer-lite (L1),BraTS2021_00121,29.09151,0.987028956413269,0.09673467,nan,nan,nan
Uformer-lite (L1),BraTS2021_00121,29.15864,0.9879904389381409,0.094943866,0.0,nan,nan
Uformer-lite (L1),BraTS2021_00121,28.91832,0.9867066144943237,0.09973944,nan,nan,nan
Uformer-lite (L1),BraTS2021_00121,28.707336,0.986285388469696,0.10113543,0.0,nan,nan
Uformer-lite (L1),BraTS2021_00121,28.550674,0.9861952066421509,0.10131732,0.0,nan,nan
Uformer-lite (L1),BraTS2021_00121,28.273071,0.9849568009376526,0.10641498,0.0,nan,nan
Uformer-lite (L1),BraTS2021_00121,27.780712,0.9826513528823853,0.1124848,0.0,nan,nan
Uformer-lite (L1),BraTS2021_00121,27.060652,0.9810317158699036,0.115733616,0.0,nan,nan
Uformer-lite (L1),BraTS2021_00121,27.35199,0.9793063998222351,0.113219,0.0,nan,nan
Uformer-lite (L1),BraTS2021_00121,26.820936,0.9762771129608154,0.11682508,0.0,nan,nan
Uformer-lite (L1),BraTS2021_00121,27.538158,0.9790026545524597,0.10165439,0.0,nan,nan
Uformer-lite (L1),BraTS2021_00121,27.382853,0.9789037704467773,0.100841805,0.3342618384401114,nan,nan
Uformer-lite (L1),BraTS2021_00121,28.113726,0.9793713688850403,0.09326931,0.0,nan,nan
Uformer-lite (L1),BraTS2021_00121,27.67232,0.978510856628418,0.09540022,0.04664723032069971,nan,nan
Uformer-lite (L1),BraTS2021_00121,28.24171,0.9772916436195374,0.09225079,0.17714285714285713,nan,nan
Uformer-lite (L1),BraTS2021_00121,27.955547,0.9774587750434875,0.0922037,0.8019966722129783,nan,nan
Uformer-lite (L1),BraTS2021_00121,28.25159,0.9771021008491516,0.09132162,0.768141592920354,nan,nan
Uformer-lite (L1),BraTS2021_00121,28.374836,0.9774006009101868,0.0901058,0.7619047619047619,nan,nan
Uformer-lite (L1),BraTS2021_00121,28.629362,0.978302001953125,0.08750444,0.3940149625935162,nan,nan
Uformer-lite (L1),BraTS2021_00121,28.63713,0.9777551293373108,0.08661255,0.7250437828371279,nan,nan
Uformer-lite (L1),BraTS2021_00121,28.748116,0.9791410565376282,0.08649847,0.6084905660377359,nan,nan
Uformer-lite (L1),BraTS2021_00121,28.75573,0.9783881902694702,0.08538757,0.6369426751592356,nan,nan
Uformer-lite (L1),BraTS2021_00121,28.939314,0.979052722454071,0.083944105,0.45714285714285713,nan,nan
Uformer-lite (L1),BraTS2021_00121,28.874807,0.9774581789970398,0.08519135,0.03674540682414698,nan,nan
Uformer-lite (L1),BraTS2021_00121,28.761143,0.9781418442726135,0.08500812,0.04092071611253197,nan,nan
Uformer-lite (L1),BraTS2021_00121,28.662945,0.9789971709251404,0.08585213,0.0,nan,nan
Uformer-lite (L1),BraTS2021_00121,28.675694,0.978787362575531,0.08699952,0.0,nan,nan
Uformer-lite (L1),BraTS2021_00121,28.69336,0.9783845543861389,0.08846016,0.0,nan,nan
Uformer-lite (L1),BraTS2021_00121,28.659245,0.97833651304245,0.08845935,0.0,nan,nan
Uformer-lite (L1),BraTS2021_00121,28.795565,0.9774177074432373,0.088998966,0.0,nan,nan
Uformer-lite (L1),BraTS2021_00121,28.712051,0.9781845808029175,0.08806725,0.11241217798594848,nan,nan
Uformer-lite (L1),BraTS2021_00121,28.728447,0.9772366881370544,0.08938229,0.3170731707317073,nan,nan
Uformer-lite (L1),BraTS2021_00121,28.707897,0.9784070253372192,0.08796647,0.40653357531760437,nan,nan
Uformer-lite (L1),BraTS2021_00121,29.066744,0.9804329872131348,0.0862133,0.9126891734575088,nan,nan
Uformer-lite (L1),BraTS2021_00121,29.43351,0.9809463024139404,0.0853697,0.949671772428884,nan,nan
Uformer-lite (L1),BraTS2021_00121,29.354298,0.9835128784179688,0.0814861,0.9219562955254943,nan,nan
Uformer-lite (L1),BraTS2021_00121,29.528175,0.9845864772796631,0.079948105,0.9414182939362795,nan,nan
Uformer-lite (L1),BraTS2021_00121,29.661747,0.9849944710731506,0.078380056,0.9437314906219151,nan,nan
Uformer-lite (L1),BraTS2021_00121,29.820873,0.9838041067123413,0.07873466,0.9139072847682119,nan,nan
Uformer-lite (L1),BraTS2021_00121,30.03043,0.9842895865440369,0.07670631,0.9353233830845771,nan,nan
Uformer-lite (L1),BraTS2021_00121,30.03309,0.9841496348381042,0.07619026,0.8641975308641975,nan,nan
Uformer-lite (L1),BraTS2021_00121,30.26434,0.9835284948348999,0.07528096,0.8380520951302378,nan,nan
Uformer-lite (L1),BraTS2021_00121,30.440086,0.9826055765151978,0.0736208,0.0,nan,nan
Uformer-lite (L1),BraTS2021_00121,30.314423,0.9823028445243835,0.072337255,0.9,nan,nan
Uformer-lite (L1),BraTS2021_00121,30.311434,0.9815142154693604,0.072616376,0.0,nan,nan
Uformer-lite (L1),BraTS2021_00121,30.596455,0.9766286611557007,0.071921825,0.6997840172786177,nan,nan
Uformer-lite (L1),BraTS2021_00121,30.406681,0.9775921702384949,0.07248218,0.8737060041407867,nan,nan
Uformer-lite (L1),BraTS2021_00121,30.393711,0.9749020338058472,0.07264533,0.5384615384615384,nan,nan
Uformer-lite (L1),BraTS2021_00121,30.534466,0.975445032119751,0.07356128,0.9116809116809117,nan,nan
Uformer-lite (L1),BraTS2021_00121,30.163467,0.9764530062675476,0.07507921,0.5469387755102041,nan,nan
Uformer-lite (L1),BraTS2021_00121,30.005974,0.9766451716423035,0.077522114,0.05442176870748299,nan,nan
Uformer-lite (L1),BraTS2021_00121,29.621971,0.9774159789085388,0.0800097,0.0,nan,nan
Uformer-lite (L1),BraTS2021_00121,29.484818,0.9745550155639648,0.082286306,0.0,nan,nan
Uformer-lite (L1),BraTS2021_00121,29.404652,0.9708366394042969,0.086285904,0.0,nan,nan
Uformer-lite (L1),BraTS2021_00121,29.043455,0.972568690776825,0.086826004,0.0,nan,nan
Uformer-lite (L1),BraTS2021_00121,28.93314,0.9735642671585083,0.090174,0.0,nan,nan
Uformer-lite (L1),BraTS2021_00121,29.06884,0.971514880657196,0.0913802,0.0,nan,nan
Uformer-lite (L1),BraTS2021_00121,28.595276,0.9734077453613281,0.09528407,0.0,nan,nan
Uformer-lite (L1),BraTS2021_00121,28.395452,0.9720580577850342,0.09671448,0.0,nan,nan
Uformer-lite (L1),BraTS2021_00121,28.26621,0.9730112552642822,0.10001054,0.0,nan,nan
Uformer-lite (L1),BraTS2021_00121,28.244423,0.9733260869979858,0.10345144,0.0,nan,nan
Uformer-lite (L1),BraTS2021_00121,28.16523,0.9773937463760376,0.100698076,0.0,nan,nan
Uformer-lite (L1),BraTS2021_00121,28.129604,0.9759247303009033,0.10546137,0.0,nan,nan
Uformer-lite (L1),BraTS2021_00121,27.778198,0.9785204529762268,0.106264375,0.0,nan,nan
Uformer-lite (L1),BraTS2021_00121,27.510578,0.9774061441421509,0.11123228,0.0,nan,nan
Uformer-lite (L1),BraTS2021_00123,30.385334,0.9863896369934082,0.106375046,0.3408662900188324,0.0,0.0
Uformer-lite (L1),BraTS2021_00123,31.00961,0.9869070649147034,0.09996392,0.5219683655536028,0.0,0.0
Uformer-lite (L1),BraTS2021_00123,30.85202,0.9871145486831665,0.09742888,0.41770833333333335,0.0,0.0
Uformer-lite (L1),BraTS2021_00123,30.833462,0.9865405559539795,0.097044766,0.6712898751733704,0.0,0.0
Uformer-lite (L1),BraTS2021_00123,31.234203,0.9877442717552185,0.09089206,0.606640405177265,0.0,0.0
Uformer-lite (L1),BraTS2021_00123,30.998365,0.985511839389801,0.09550319,0.7210557888422315,0.0,0.0
Uformer-lite (L1),BraTS2021_00123,31.132893,0.9863013029098511,0.0917025,0.7172909184197024,0.0,0.0
Uformer-lite (L1),BraTS2021_00123,30.86482,0.9850649237632751,0.09397681,0.8087318087318087,0.0,0.0
Uformer-lite (L1),BraTS2021_00123,31.101624,0.9854782223701477,0.092180185,0.8732840549102429,0.0,0.0
Uformer-lite (L1),BraTS2021_00123,30.599707,0.9843213558197021,0.0947517,0.7865068797159344,0.0,0.0
Uformer-lite (L1),BraTS2021_00123,31.115189,0.9866617918014526,0.08789265,0.5845864661654135,0.0,0.0
Uformer-lite (L1),BraTS2021_00123,31.574036,0.9875401854515076,0.08492961,0.7970897332255457,0.0,0.0
Uformer-lite (L1),BraTS2021_00123,31.7789,0.9882779717445374,0.08126043,0.8665511265164645,0.0,0.0
Uformer-lite (L1),BraTS2021_00123,31.703014,0.9873425960540771,0.084304795,0.9162916291629163,0.0,0.0
Uformer-lite (L1),BraTS2021_00123,31.49282,0.9879555106163025,0.08274031,0.8584980237154151,0.0,0.0
Uformer-lite (L1),BraTS2021_00123,31.591904,0.9882437586784363,0.08113629,0.835698282300224,0.0,0.0
Uformer-lite (L1),BraTS2021_00123,31.244808,0.9872040748596191,0.08305663,0.8641695043511162,0.0,0.0
Uformer-lite (L1),BraTS2021_00123,30.417852,0.9818776249885559,0.091250665,0.8131724812520378,0.0,0.0
Uformer-lite (L1),BraTS2021_00123,29.697212,0.9752230048179626,0.09505161,0.8153289076644539,0.0,0.0
Uformer-lite (L1),BraTS2021_00123,31.153126,0.9763030409812927,0.07996987,0.896551724137931,0.0,0.0
Uformer-lite (L1),BraTS2021_00123,30.55422,0.9767038822174072,0.080831796,0.6737316798196167,0.025290498974709502,0.030743664312422102
Uformer-lite (L1),BraTS2021_00123,30.430729,0.9753251671791077,0.082648285,0.7961256791873376,0.023510971786833857,0.05919661733615222
Uformer-lite (L1),BraTS2021_00123,30.184635,0.9721168875694275,0.08352531,0.7784208350558082,0.06723369785338193,0.09426462237365134
Uformer-lite (L1),BraTS2021_00123,30.32069,0.9705207347869873,0.08100153,0.7460760376700384,0.12959534514678656,0.16609706083390294
Uformer-lite (L1),BraTS2021_00123,30.453302,0.971245527267456,0.07754703,0.7597562983698337,0.18507609229258715,0.23574386747371776
Uformer-lite (L1),BraTS2021_00123,30.996515,0.9714165329933167,0.073579565,0.7674028941355674,0.21234240212342403,0.2174438270113554
Uformer-lite (L1),BraTS2021_00123,30.871399,0.9728956818580627,0.07253253,0.8738812042310822,0.2976515565264883,0.3964034401876466
Uformer-lite (L1),BraTS2021_00123,30.533134,0.9680116772651672,0.0776102,0.8664271207623809,0.2886290121920876,0.3543801652892562
Uformer-lite (L1),BraTS2021_00123,30.65953,0.9716318845748901,0.072656296,0.8325629938869837,0.2737777777777778,0.2910295616717635
Uformer-lite (L1),BraTS2021_00123,30.729164,0.9744991064071655,0.0708412,0.7970827970827971,0.2830423940149626,0.30780523611450944
Uformer-lite (L1),BraTS2021_00123,31.581692,0.9793918132781982,0.06382197,0.8161948070998973,0.3486662465868515,0.4064864864864865
Uformer-lite (L1),BraTS2021_00123,31.709356,0.9802749752998352,0.063340664,0.781612368856985,0.3613870665417057,0.3599242264786361
Uformer-lite (L1),BraTS2021_00123,31.812675,0.9826285243034363,0.061464425,0.8431172614712309,0.4614707177454866,0.5373608903020668
Uformer-lite (L1),BraTS2021_00123,31.85548,0.9817037582397461,0.06374526,0.8200727272727273,0.4249520970832446,0.4334470989761092
Uformer-lite (L1),BraTS2021_00123,31.226112,0.9820433259010315,0.06506478,0.7582097824580851,0.35773294908741593,0.3583420776495278
Uformer-lite (L1),BraTS2021_00123,31.107082,0.9831555485725403,0.06530041,0.7777618158310587,0.3757178014766202,0.3918959782280012
Uformer-lite (L1),BraTS2021_00123,31.00719,0.9831951856613159,0.066753596,0.8358538122243226,0.42892277422528285,0.5342750311591192
Uformer-lite (L1),BraTS2021_00123,31.666048,0.9845436215400696,0.06388899,0.8412140575079872,0.4397197390674076,0.4976181751557347
Uformer-lite (L1),BraTS2021_00123,31.517908,0.9831740260124207,0.06429135,0.8215806909607194,0.4010827881795624,0.4353272784215471
Uformer-lite (L1),BraTS2021_00123,31.298096,0.9843330383300781,0.064436845,0.8123647604327666,0.4166666666666667,0.42761962447001817
Uformer-lite (L1),BraTS2021_00123,31.155197,0.9833357334136963,0.06624996,0.8951048951048951,0.4966442953020134,0.4597864768683274
Uformer-lite (L1),BraTS2021_00123,31.308832,0.9838600158691406,0.06633548,0.9043231750531537,0.5655712993668978,0.6290890790135883
Uformer-lite (L1),BraTS2021_00123,30.833395,0.9842550158500671,0.06856846,0.8900795583698652,0.5111211983658648,0.44284687275341483
Uformer-lite (L1),BraTS2021_00123,31.295689,0.9849141240119934,0.06740012,0.8808290155440415,0.4750633981403212,0.5547169811320755
Uformer-lite (L1),BraTS2021_00123,31.463234,0.9845427870750427,0.06613611,0.9115623976416639,0.5387678613258374,0.42792321116928445
Uformer-lite (L1),BraTS2021_00123,31.359167,0.9859353303909302,0.066052355,0.8452185343411107,0.45204131824889326,0.483265306122449
Uformer-lite (L1),BraTS2021_00123,30.96018,0.9860705137252808,0.06767568,0.9161057297652274,0.5865237366003063,0.6326754385964912
Uformer-lite (L1),BraTS2021_00123,31.44187,0.9858757853507996,0.066601604,0.8850820842255531,0.5164348925410872,0.6223736513344691
Uformer-lite (L1),BraTS2021_00123,31.461515,0.9858716726303101,0.06621703,0.9253374337946352,0.5863997644980865,0.5513571048430016
Uformer-lite (L1),BraTS2021_00123,31.567543,0.987183153629303,0.06382101,0.9191459572978649,0.5521091811414393,0.5879707700955593
Uformer-lite (L1),BraTS2021_00123,31.581781,0.9879081845283508,0.06305732,0.8798193256976932,0.5101832993890021,0.5051643192488263
Uformer-lite (L1),BraTS2021_00123,31.926077,0.987783670425415,0.061041683,0.9290743602953804,0.5722315907813378,0.6243583761082594
Uformer-lite (L1),BraTS2021_00123,31.983603,0.9883521795272827,0.059849184,0.849024199843872,0.43546284224250326,0.4324607329842932
Uformer-lite (L1),BraTS2021_00123,32.406796,0.9871005415916443,0.05864788,0.9168245221284657,0.49471785622262304,0.5027898326100434
Uformer-lite (L1),BraTS2021_00123,32.31568,0.988426148891449,0.05767084,0.8177999066438463,0.3795839588247909,0.3517657992565056
Uformer-lite (L1),BraTS2021_00123,32.327534,0.9887416362762451,0.057924274,0.8518886679920478,0.3871275327771156,0.3841022790439133
Uformer-lite (L1),BraTS2021_00123,32.29133,0.9884259104728699,0.05735992,0.7726711906230722,0.3280649295173003,0.3088063536556879
Uformer-lite (L1),BraTS2021_00123,32.92666,0.9877274632453918,0.056564312,0.9422120168388826,0.48498546980949303,0.5371196754563895
Uformer-lite (L1),BraTS2021_00123,32.58162,0.9871348738670349,0.05619512,0.8685612788632326,0.3877221324717286,0.3879210220673635
Uformer-lite (L1),BraTS2021_00123,32.68695,0.986662745475769,0.057641204,0.9026876737720111,0.3957373271889401,0.44436997319034854
Uformer-lite (L1),BraTS2021_00123,32.957565,0.9857560992240906,0.058530033,0.9514370664023786,0.45938144329896907,0.5622406639004149
Uformer-lite (L1),BraTS2021_00123,32.945644,0.9857549667358398,0.056976985,0.9319793063805327,0.26666666666666666,0.28812962310672774
Uformer-lite (L1),BraTS2021_00123,33.067993,0.9836500883102417,0.057668384,0.9535931074995104,0.2021460713049498,0.23482106956172094
Uformer-lite (L1),BraTS2021_00123,33.08896,0.9839403033256531,0.056679044,0.9543650793650794,0.19422352448723315,0.3146223146223146
Uformer-lite (L1),BraTS2021_00123,33.235405,0.9796200394630432,0.056623906,0.9753187988482106,0.18009087154068568,0.23327982878544676
Uformer-lite (L1),BraTS2021_00123,33.042038,0.9784860610961914,0.05643646,0.9722743381279967,0.1722814498933902,0.20526044352759154
Uformer-lite (L1),BraTS2021_00123,33.03177,0.9776135087013245,0.057307262,0.9769965277777778,0.1943866943866944,0.26080793763288446
Uformer-lite (L1),BraTS2021_00123,33.1248,0.9793108701705933,0.055939924,0.9776499225492365,0.1330977620730271,0.1453900709219858
Uformer-lite (L1),BraTS2021_00123,32.856403,0.9783408641815186,0.05721162,0.9709714285714286,0.0,0.0
Uformer-lite (L1),BraTS2021_00123,32.93086,0.9792287945747375,0.058031738,0.9494902687673772,0.0,0.0
Uformer-lite (L1),BraTS2021_00123,33.09525,0.9775584936141968,0.05877234,0.9562609347663085,0.0,0.0
Uformer-lite (L1),BraTS2021_00123,32.816795,0.9784052968025208,0.0598424,0.9622437971952535,0.0,0.0
Uformer-lite (L1),BraTS2021_00123,33.032295,0.9774460196495056,0.06135624,0.9674335225575142,0.0,0.0
Uformer-lite (L1),BraTS2021_00123,32.498848,0.9750891327857971,0.06526345,0.965964343598055,0.0,0.0
Uformer-lite (L1),BraTS2021_00123,32.394268,0.9750186800956726,0.066012,0.9604635310156783,0.0,0.0
Uformer-lite (L1),BraTS2021_00123,32.085297,0.9771065711975098,0.06806299,0.9564262175027463,0.0,0.0
Uformer-lite (L1),BraTS2021_00123,32.168743,0.974920928478241,0.068311706,0.9489835059455313,0.0,0.0
Uformer-lite (L1),BraTS2021_00123,32.20251,0.9732710123062134,0.068555176,0.9651113913408995,0.0,0.0
Uformer-lite (L1),BraTS2021_00123,31.959316,0.9717875123023987,0.07118472,0.9454545454545454,0.0,0.0
Uformer-lite (L1),BraTS2021_00123,31.351433,0.9694428443908691,0.07724826,0.902283105022831,0.0,0.0
Uformer-lite (L1),BraTS2021_00123,31.271645,0.9714301228523254,0.07875503,0.8577154308617234,0.0,0.0
Uformer-lite (L1),BraTS2021_00123,30.843266,0.9705286622047424,0.08246593,0.8754448398576512,0.038869257950530034,0.0
Uformer-lite (L1),BraTS2021_00123,31.275568,0.9714770913124084,0.0826749,0.6208684381075826,0.00949667616334283,0.0
Uformer-lite (L1),BraTS2021_00123,30.865227,0.9726614952087402,0.085831426,0.8160377358490566,0.0380952380952381,0.0
Uformer-lite (L1),BraTS2021_00123,30.263123,0.9700782299041748,0.095442876,0.7075928917609047,0.0,0.0
Uformer-lite (L1),BraTS2021_00128,31.555536,0.9912219047546387,0.078641064,0.14227086183310533,nan,nan
Uformer-lite (L1),BraTS2021_00128,31.165688,0.9909658432006836,0.07959338,0.31614539306847,0.0,0.0
Uformer-lite (L1),BraTS2021_00128,31.27995,0.9909747242927551,0.07882006,0.5094806265457543,0.0,0.0
Uformer-lite (L1),BraTS2021_00128,31.321766,0.9911789894104004,0.07801229,0.45627376425855515,0.0,0.0
Uformer-lite (L1),BraTS2021_00128,30.977867,0.9908281564712524,0.07973244,0.6003353828954723,0.0,0.0
Uformer-lite (L1),BraTS2021_00128,31.014473,0.9909214973449707,0.079579264,0.46182634730538924,0.0,0.0
Uformer-lite (L1),BraTS2021_00128,30.852787,0.9912025332450867,0.0786221,0.4206489675516224,0.0,0.0
Uformer-lite (L1),BraTS2021_00128,30.705925,0.9909104704856873,0.080053665,0.5986146554866933,0.0,0.0
Uformer-lite (L1),BraTS2021_00128,30.517948,0.9904857873916626,0.08048437,0.5679012345679012,0.0,0.0
Uformer-lite (L1),BraTS2021_00128,30.79824,0.9913046360015869,0.077416584,0.6837916063675832,0.0,0.0
Uformer-lite (L1),BraTS2021_00128,30.806759,0.9911247491836548,0.07738802,0.5670014347202296,0.0,0.0
Uformer-lite (L1),BraTS2021_00128,30.381062,0.9904462695121765,0.07920031,0.678125,0.0,0.0
Uformer-lite (L1),BraTS2021_00128,30.473957,0.9905920624732971,0.07785669,0.6304591265397537,0.0,0.0
Uformer-lite (L1),BraTS2021_00128,30.911552,0.9911466836929321,0.0741657,0.7984843265587324,0.0,0.0
Uformer-lite (L1),BraTS2021_00128,30.912243,0.991102933883667,0.074251615,0.8522932466594438,0.0,0.0
Uformer-lite (L1),BraTS2021_00128,30.94102,0.9911497831344604,0.07315886,0.8090878263818243,0.41935483870967744,0.4404332129963899
Uformer-lite (L1),BraTS2021_00128,30.607386,0.9904455542564392,0.07484331,0.8175629680054459,0.5667447306791569,0.6208955223880597
Uformer-lite (L1),BraTS2021_00128,30.44161,0.9887779951095581,0.077310055,0.85805535841022,0.4889406286379511,0.5383458646616541
Uformer-lite (L1),BraTS2021_00128,30.581429,0.9886908531188965,0.07516734,0.8612880396319886,0.5801217038539553,0.6245353159851301
Uformer-lite (L1),BraTS2021_00128,29.972816,0.9857292771339417,0.08063676,0.9032258064516129,0.8744939271255061,0.9021897810218978
Uformer-lite (L1),BraTS2021_00128,30.25957,0.9870705604553223,0.076368794,0.8846016434440872,0.7989276139410187,0.8108843537414966
Uformer-lite (L1),BraTS2021_00128,30.292261,0.987129807472229,0.07350721,0.8036890645586298,0.8810289389067524,0.8739130434782608
Uformer-lite (L1),BraTS2021_00128,30.589317,0.9871768951416016,0.07250754,0.8536155202821869,0.8598484848484849,0.8574162679425837
Uformer-lite (L1),BraTS2021_00128,30.318996,0.9849393367767334,0.07461512,0.8980938416422287,0.8943248532289628,0.8851485148514852
Uformer-lite (L1),BraTS2021_00128,30.671453,0.9872021079063416,0.07021819,0.7935196950444727,0.928511354079058,0.9302325581395349
Uformer-lite (L1),BraTS2021_00128,30.37655,0.9846392869949341,0.07281689,0.8541043536058491,0.9044056525353283,0.9032800672834315
Uformer-lite (L1),BraTS2021_00128,30.682018,0.9843513369560242,0.07171727,0.8501118568232662,0.9541420118343196,0.9389747762408462
Uformer-lite (L1),BraTS2021_00128,30.719034,0.9836937189102173,0.07066163,0.8890298034242232,0.9637096774193549,0.9254709254709255
Uformer-lite (L1),BraTS2021_00128,30.825827,0.9860232472419739,0.06750099,0.8694617900683913,0.9675810473815462,0.9250567751703255
Uformer-lite (L1),BraTS2021_00128,30.80093,0.9845155477523804,0.06813003,0.8950276243093923,0.9513715710723192,0.9188361408882083
Uformer-lite (L1),BraTS2021_00128,30.986612,0.9836621284484863,0.068038635,0.8924103419516264,0.9717579250720461,0.9441260744985673
Uformer-lite (L1),BraTS2021_00128,30.676502,0.9825120568275452,0.06728568,0.8930885529157667,0.9775280898876404,0.9507969507969508
Uformer-lite (L1),BraTS2021_00128,31.437035,0.984920859336853,0.06296797,0.9111409395973155,0.9617067833698031,0.9387205387205387
Uformer-lite (L1),BraTS2021_00128,31.165255,0.9840676784515381,0.06436945,0.9169899146625291,0.9395973154362416,0.9105793450881612
Uformer-lite (L1),BraTS2021_00128,31.234856,0.9849887490272522,0.06348984,0.9085487077534792,0.9658738366080661,0.9365791159513133
Uformer-lite (L1),BraTS2021_00128,31.405487,0.9861221313476562,0.06096002,0.8828013339685564,0.9586693548387096,0.9250773993808049
Uformer-lite (L1),BraTS2021_00128,31.56332,0.9858839511871338,0.06168206,0.9097982008266472,0.9313200194836824,0.8956109134045077
Uformer-lite (L1),BraTS2021_00128,31.284534,0.9862052798271179,0.061369415,0.9020928554245851,0.9578313253012049,0.914043583535109
Uformer-lite (L1),BraTS2021_00128,31.47327,0.9854257702827454,0.062601596,0.9245098039215687,0.9539706626201315,0.9113300492610837
Uformer-lite (L1),BraTS2021_00128,31.82016,0.9859705567359924,0.06083288,0.9534591194968554,0.9689310163243813,0.938949938949939
Uformer-lite (L1),BraTS2021_00128,31.876423,0.9869506359100342,0.059448488,0.9395441030723488,0.9623250807319699,0.9321321321321321
Uformer-lite (L1),BraTS2021_00128,31.633244,0.9874516725540161,0.060497157,0.9038277511961722,0.9741784037558685,0.9396782841823056
Uformer-lite (L1),BraTS2021_00128,31.778168,0.9863802790641785,0.06128537,0.942,0.9560047562425684,0.9227748691099477
Uformer-lite (L1),BraTS2021_00128,31.695164,0.986262857913971,0.059941906,0.9402610441767069,0.9654335961188599,0.9468289557975657
Uformer-lite (L1),BraTS2021_00128,31.914751,0.984433650970459,0.061945967,0.9393633148054573,0.9539800995024875,0.9348109517601043
Uformer-lite (L1),BraTS2021_00128,31.862097,0.9838212728500366,0.061192386,0.9432111512648426,0.9553975436328378,0.9391891891891891
Uformer-lite (L1),BraTS2021_00128,31.684273,0.9841510057449341,0.062314674,0.9359041167274622,0.9625441696113074,0.9519586104951958
Uformer-lite (L1),BraTS2021_00128,31.65802,0.9844932556152344,0.06100257,0.8917132689374683,0.9594694178334562,0.9478527607361963
Uformer-lite (L1),BraTS2021_00128,31.8731,0.983457624912262,0.06182426,0.9232869232869233,0.9565891472868217,0.9424920127795527
Uformer-lite (L1),BraTS2021_00128,31.963242,0.9841278791427612,0.062429205,0.9089884474499859,0.9253486464315013,0.914334181509754
Uformer-lite (L1),BraTS2021_00128,32.041317,0.9866324663162231,0.06073234,0.8452579034941764,0.9077069457659372,0.8904109589041096
Uformer-lite (L1),BraTS2021_00128,32.022903,0.9838707447052002,0.06287924,0.8711730827523492,0.906930693069307,0.8984615384615384
Uformer-lite (L1),BraTS2021_00128,31.817223,0.9829819798469543,0.06461814,0.8566858605246321,0.9328537170263789,0.8857142857142857
Uformer-lite (L1),BraTS2021_00128,31.836319,0.9844486117362976,0.06437367,0.8323432343234324,0.8541973490427098,0.8874801901743264
Uformer-lite (L1),BraTS2021_00128,31.960619,0.9830904603004456,0.0663906,0.8378281193815175,0.8954128440366973,0.8867924528301887
Uformer-lite (L1),BraTS2021_00128,31.095732,0.9814865589141846,0.07234448,0.7858752817430503,0.9262672811059908,0.8933002481389578
Uformer-lite (L1),BraTS2021_00128,31.31409,0.9829379320144653,0.0703789,0.7210440456769984,0.7559523809523809,0.7409638554216867
Uformer-lite (L1),BraTS2021_00128,31.460054,0.9823874235153198,0.072738886,0.7023445463812437,0.0,0.0
Uformer-lite (L1),BraTS2021_00128,31.353024,0.9842198491096497,0.07236472,0.5686900958466453,0.0,0.0
Uformer-lite (L1),BraTS2021_00128,31.317041,0.9837167263031006,0.074899964,0.5687707641196014,nan,nan
Uformer-lite (L1),BraTS2021_00128,31.158411,0.9832074642181396,0.078307316,0.5286569717707442,nan,nan
Uformer-lite (L1),BraTS2021_00128,30.647034,0.9816581010818481,0.082448,0.5642384105960265,nan,nan
Uformer-lite (L1),BraTS2021_00128,30.735184,0.9815260767936707,0.083860435,0.612691466083151,nan,nan
Uformer-lite (L1),BraTS2021_00130,30.522661,0.9804374575614929,0.11717966,0.0,nan,nan
Uformer-lite (L1),BraTS2021_00130,30.756987,0.9827335476875305,0.10885712,0.5436241610738255,nan,nan
Uformer-lite (L1),BraTS2021_00130,31.124468,0.9834353923797607,0.105967514,0.5961538461538461,nan,nan
Uformer-lite (L1),BraTS2021_00130,30.913654,0.982887864112854,0.107239194,0.5507246376811594,0.0,0.0
Uformer-lite (L1),BraTS2021_00130,31.185734,0.9839493632316589,0.10363271,0.693717277486911,0.3684210526315789,0.3684210526315789
Uformer-lite (L1),BraTS2021_00130,30.50019,0.9804088473320007,0.11209063,0.841255605381166,0.6172839506172839,0.5822784810126582
Uformer-lite (L1),BraTS2021_00130,30.164104,0.9793093800544739,0.1131334,0.8567375886524823,0.7478260869565218,0.6134969325153374
Uformer-lite (L1),BraTS2021_00130,30.172749,0.9784031510353088,0.112367116,0.9296452194828623,0.8702290076335878,0.7918781725888325
Uformer-lite (L1),BraTS2021_00130,29.241877,0.9701778888702393,0.12306211,0.9231632080762759,0.7243816254416962,0.7468030690537084
Uformer-lite (L1),BraTS2021_00130,29.818258,0.9715384244918823,0.11284594,0.9153638814016173,0.67003367003367,0.72
Uformer-lite (L1),BraTS2021_00130,30.166363,0.971916913986206,0.10642545,0.9119010819165378,0.7427785419532325,0.5953177257525084
Uformer-lite (L1),BraTS2021_00130,30.11465,0.9711846709251404,0.103264496,0.9268774703557312,0.7925465838509317,0.6142322097378277
Uformer-lite (L1),BraTS2021_00130,30.356073,0.9709669351577759,0.099999756,0.9258572752548656,0.9152196118488254,0.6544502617801047
Uformer-lite (L1),BraTS2021_00130,30.578978,0.9726422429084778,0.09368794,0.9122502172024327,0.8550185873605948,0.6157205240174672
Uformer-lite (L1),BraTS2021_00130,30.841099,0.9720865488052368,0.09161927,0.9387083504730563,0.8951930654058313,0.5769854132901134
Uformer-lite (L1),BraTS2021_00130,31.015335,0.9710878133773804,0.09130806,0.9608938547486033,0.9286733238231099,0.76797829036635
Uformer-lite (L1),BraTS2021_00130,30.812933,0.9716119766235352,0.08716428,0.9736024844720497,0.9331514324693042,0.7397959183673469
Uformer-lite (L1),BraTS2021_00130,30.933449,0.9683358073234558,0.088821724,0.9594124468496328,0.9140271493212669,0.6387176325524044
Uformer-lite (L1),BraTS2021_00130,30.982037,0.9663392901420593,0.088257656,0.9578427649069502,0.9046114971572963,0.6225
Uformer-lite (L1),BraTS2021_00130,31.262753,0.968649685382843,0.08453213,0.9682954121596419,0.9234661606578115,0.6380697050938338
Uformer-lite (L1),BraTS2021_00130,31.523409,0.9731003046035767,0.081821226,0.9530151683314836,0.9358255451713395,0.6896551724137931
Uformer-lite (L1),BraTS2021_00130,31.546608,0.9712041616439819,0.0829345,0.9466341123125218,0.9187878787878788,0.6322263222632226
Uformer-lite (L1),BraTS2021_00130,32.009792,0.9746060967445374,0.07959476,0.9222797927461139,0.9132256134051466,0.6167076167076168
Uformer-lite (L1),BraTS2021_00130,31.73676,0.9775546789169312,0.078183085,0.9464696223316913,0.9042189281641961,0.621380846325167
Uformer-lite (L1),BraTS2021_00130,31.830616,0.9768800139427185,0.07878716,0.9335071707953064,0.9028248587570622,0.5850052798310454
Uformer-lite (L1),BraTS2021_00130,31.645233,0.9789284467697144,0.07876028,0.9340232858990944,0.9325014180374361,0.704093567251462
Uformer-lite (L1),BraTS2021_00130,31.572163,0.978121817111969,0.07908624,0.9302030456852792,0.9187986651835373,0.6659167604049494
Uformer-lite (L1),BraTS2021_00130,31.59439,0.9769399762153625,0.080029376,0.9317395407360806,0.9083063646170443,0.6700507614213198
Uformer-lite (L1),BraTS2021_00130,31.749512,0.9768953919410706,0.080349185,0.9354524813493351,0.9219006007646096,0.6287487073422957
Uformer-lite (L1),BraTS2021_00130,31.716059,0.9774758219718933,0.07940702,0.9359058207979072,0.920479302832244,0.6163793103448276
Uformer-lite (L1),BraTS2021_00130,31.852903,0.9777389168739319,0.078294896,0.9328481640754218,0.9185918591859186,0.620380739081747
Uformer-lite (L1),BraTS2021_00130,31.776106,0.9766223430633545,0.08113034,0.9261016949152543,0.9207419898819561,0.683982683982684
Uformer-lite (L1),BraTS2021_00130,31.722214,0.9780099391937256,0.079639934,0.9468337284117846,0.9541393686718285,0.7480916030534351
Uformer-lite (L1),BraTS2021_00130,31.917475,0.9770776033401489,0.08004916,0.9441246190314934,0.9414634146341463,0.7777777777777778
Uformer-lite (L1),BraTS2021_00130,31.92384,0.9773486256599426,0.08017998,0.9569053274516457,0.9613189600507293,0.8821621621621621
Uformer-lite (L1),BraTS2021_00130,32.042007,0.978370726108551,0.07889965,0.95,0.9521938441388343,0.8533585619678334
Uformer-lite (L1),BraTS2021_00130,32.250694,0.9793734550476074,0.077229075,0.9577274264457221,0.915542938254081,0.8705882352941177
Uformer-lite (L1),BraTS2021_00130,32.200985,0.9799045324325562,0.0763165,0.9490598290598291,0.9550724637681159,0.8937875751503006
Uformer-lite (L1),BraTS2021_00130,32.049706,0.9801729917526245,0.07769585,0.9459180158456769,0.9627329192546584,0.8533333333333334
Uformer-lite (L1),BraTS2021_00130,32.13305,0.980328381061554,0.07751766,0.937741822018994,0.9438377535101404,0.8468708388814914
Uformer-lite (L1),BraTS2021_00130,32.499435,0.9808241724967957,0.0758456,0.9459074733096086,0.9649415692821369,0.9069423929098966
Uformer-lite (L1),BraTS2021_00130,32.018646,0.9794632792472839,0.078372546,0.960111966410077,0.9642857142857143,0.8979591836734694
Uformer-lite (L1),BraTS2021_00130,32.432648,0.9799478650093079,0.07672989,0.9311942959001782,0.9496402877697842,0.875
Uformer-lite (L1),BraTS2021_00130,32.49093,0.9822368025779724,0.07358802,0.9390581717451524,0.9614643545279383,0.8844621513944223
Uformer-lite (L1),BraTS2021_00130,32.80706,0.9835162162780762,0.07194132,0.9490142760027193,0.9515151515151515,0.8825910931174089
Uformer-lite (L1),BraTS2021_00130,33.09721,0.9848530888557434,0.07067143,0.9137627595916931,0.9308565531475749,0.8283582089552238
Uformer-lite (L1),BraTS2021_00130,33.2197,0.9857960343360901,0.06821811,0.9479848432655873,0.9389567147613762,0.8838951310861424
Uformer-lite (L1),BraTS2021_00130,33.386604,0.9859803915023804,0.06970491,0.8982430453879942,0.8284883720930233,0.8660714285714286
Uformer-lite (L1),BraTS2021_00130,33.411556,0.9865482449531555,0.06713331,0.9401088929219601,0.8386167146974063,0.8307086614173228
Uformer-lite (L1),BraTS2021_00130,33.62818,0.9846453666687012,0.06891541,0.9529190207156308,0.7482014388489209,0.8264462809917356
Uformer-lite (L1),BraTS2021_00130,33.923412,0.9855419993400574,0.066608064,0.9598455598455599,0.895910780669145,0.8588709677419355
Uformer-lite (L1),BraTS2021_00130,34.098465,0.9844309091567993,0.06674484,0.9495431068732618,0.9043824701195219,0.9053497942386831
Uformer-lite (L1),BraTS2021_00130,34.299973,0.9842007160186768,0.065443404,0.9541284403669725,0.7514792899408284,0.7272727272727273
Uformer-lite (L1),BraTS2021_00130,34.477295,0.9842751622200012,0.06374853,0.9511993382961125,0.3670886075949367,0.5671641791044776
Uformer-lite (L1),BraTS2021_00130,34.44317,0.9843718409538269,0.06310393,0.9347917543121582,0.0,0.0
Uformer-lite (L1),BraTS2021_00130,34.600464,0.9823904633522034,0.06320257,0.9486000835770999,nan,nan
Uformer-lite (L1),BraTS2021_00130,34.57993,0.9818020462989807,0.06353834,0.9446525176862256,nan,nan
Uformer-lite (L1),BraTS2021_00130,34.628944,0.9812081456184387,0.064565726,0.9417309340188518,nan,nan
Uformer-lite (L1),BraTS2021_00130,34.601246,0.977970540523529,0.06541195,0.9593998234774934,0.0,0.0
Uformer-lite (L1),BraTS2021_00130,34.100815,0.9762323498725891,0.068912186,0.9579439252336449,nan,nan
Uformer-lite (L1),BraTS2021_00130,34.17782,0.975528359413147,0.068979435,0.958271968581247,nan,nan
Uformer-lite (L1),BraTS2021_00130,34.077583,0.97701495885849,0.07040099,0.9586170770036668,nan,nan
Uformer-lite (L1),BraTS2021_00130,34.0748,0.9724406599998474,0.07111347,0.9637883008356546,nan,nan
Uformer-lite (L1),BraTS2021_00130,33.885086,0.9713475108146667,0.07519246,0.9563658099222953,nan,nan
Uformer-lite (L1),BraTS2021_00130,33.931602,0.973622739315033,0.07394327,0.9436352121595947,nan,nan
Uformer-lite (L1),BraTS2021_00130,33.216747,0.962256908416748,0.08166471,0.9355932203389831,nan,nan
Uformer-lite (L1),BraTS2021_00130,33.40514,0.9620757102966309,0.08254321,0.9073097211755841,nan,nan
Uformer-lite (L1),BraTS2021_00130,33.037926,0.9584710001945496,0.08583079,0.7641509433962265,nan,nan
Uformer-lite (L1),BraTS2021_00130,32.819386,0.9611524939537048,0.08991155,0.726643598615917,nan,nan
Uformer-lite (L1),BraTS2021_00130,32.511322,0.9624567627906799,0.090050586,0.6626865671641791,nan,nan
Uformer-lite (L1),BraTS2021_00130,32.554855,0.9612683653831482,0.093656,0.4364406779661017,nan,nan
Uformer-lite (L1),BraTS2021_00130,32.374283,0.9617323279380798,0.09788823,0.23255813953488372,nan,nan
Uformer-lite (L1),BraTS2021_00130,32.073204,0.9622052311897278,0.101208985,0.0,nan,nan
Uformer-lite (L1),BraTS2021_00130,31.90781,0.9614076614379883,0.10630315,0.0,nan,nan
Uformer-lite (L1),BraTS2021_00130,31.789692,0.9631236791610718,0.108197786,0.0,nan,nan
Uformer-lite (L1),BraTS2021_00137,31.264545,0.9852940440177917,0.12400332,nan,nan,nan
Uformer-lite (L1),BraTS2021_00137,30.799982,0.9853899478912354,0.121503755,0.0,0.0,0.0
Uformer-lite (L1),BraTS2021_00137,30.654758,0.984700620174408,0.12090484,0.0,0.0,0.0
Uformer-lite (L1),BraTS2021_00137,30.141287,0.9830268621444702,0.12491226,0.16216216216216217,0.0,0.0
Uformer-lite (L1),BraTS2021_00137,30.209328,0.9824606776237488,0.12185167,0.036101083032490974,0.011428571428571429,0.0
Uformer-lite (L1),BraTS2021_00137,29.829624,0.9802039861679077,0.12531084,0.6732117812061711,0.5971563981042654,0.5833333333333334
Uformer-lite (L1),BraTS2021_00137,30.258045,0.9827032685279846,0.11232415,0.8846880907372401,0.8454706927175843,0.7133479212253829
Uformer-lite (L1),BraTS2021_00137,30.270224,0.982633650302887,0.11044187,0.9039145907473309,0.8429319371727748,0.789712556732224
Uformer-lite (L1),BraTS2021_00137,31.031727,0.9853833913803101,0.098622985,0.9096045197740112,0.9453621346886912,0.8450292397660819
Uformer-lite (L1),BraTS2021_00137,31.149025,0.9864269495010376,0.09577891,0.9314641744548287,0.9082774049217002,0.8871794871794871
Uformer-lite (L1),BraTS2021_00137,31.018024,0.9866073131561279,0.094948865,0.9274418604651162,0.9528795811518325,0.9086651053864169
Uformer-lite (L1),BraTS2021_00137,31.546448,0.988217294216156,0.09004445,0.9453599306157849,0.9346153846153846,0.9120171673819742
Uformer-lite (L1),BraTS2021_00137,31.483725,0.9886661767959595,0.088555284,0.9442379182156134,0.9303964757709251,0.8890995260663507
Uformer-lite (L1),BraTS2021_00137,31.493877,0.9891082048416138,0.087487146,0.926729986431479,0.9683098591549296,0.9229249011857708
Uformer-lite (L1),BraTS2021_00137,31.52597,0.9896914958953857,0.085582,0.9428007889546351,0.9641367806505421,0.9281767955801105
Uformer-lite (L1),BraTS2021_00137,31.542929,0.9896368384361267,0.085960776,0.935375191424196,0.9584717607973422,0.913081650570676
Uformer-lite (L1),BraTS2021_00137,31.72159,0.9904149174690247,0.084325746,0.9544917257683215,0.9483870967741935,0.9146238377007607
Uformer-lite (L1),BraTS2021_00137,31.001492,0.9888511896133423,0.090623885,0.9541069862613271,0.9605792437650845,0.9071986123156982
Uformer-lite (L1),BraTS2021_00137,29.052067,0.9818218946456909,0.10995528,0.9621406205522346,0.9877750611246944,0.9556907037358818
Uformer-lite (L1),BraTS2021_00137,28.752916,0.9791107177734375,0.112247504,0.9673607203151379,0.9590733590733591,0.9316872427983539
Uformer-lite (L1),BraTS2021_00137,28.68682,0.9781888723373413,0.10995267,0.9622340425531914,0.9618677042801557,0.9230769230769231
Uformer-lite (L1),BraTS2021_00137,28.361137,0.9751089215278625,0.11017584,0.9772727272727273,0.9068231841526045,0.9018355945730248
Uformer-lite (L1),BraTS2021_00137,29.186653,0.9773653149604797,0.097642936,0.9512562814070352,0.9372128637059725,0.923582580115037
Uformer-lite (L1),BraTS2021_00137,28.856773,0.9759806990623474,0.09883555,0.9627965043695381,0.9587301587301588,0.9209138840070299
Uformer-lite (L1),BraTS2021_00137,29.20432,0.9724320769309998,0.09571272,0.9226388229710489,0.9577689243027888,0.9511111111111111
Uformer-lite (L1),BraTS2021_00137,29.628708,0.9749007821083069,0.08956321,0.9115305890379805,0.8447293447293447,0.943900267141585
Uformer-lite (L1),BraTS2021_00137,29.854935,0.9739438891410828,0.08587445,0.9669657422512234,0.9568221070811744,0.9584905660377359
Uformer-lite (L1),BraTS2021_00137,30.168879,0.9760876893997192,0.08027254,0.9718115513502859,0.8450269853508096,0.9416419386745796
Uformer-lite (L1),BraTS2021_00137,30.742954,0.9804793000221252,0.07309306,0.9688094332445797,0.8798617113223854,0.9573361082206036
Uformer-lite (L1),BraTS2021_00137,30.886326,0.9806680083274841,0.071738146,0.9683206106870229,0.6551943913320586,0.944
Uformer-lite (L1),BraTS2021_00137,31.101742,0.9799558520317078,0.0712931,0.9697538981777193,0.9264836138175376,0.9513406156901688
Uformer-lite (L1),BraTS2021_00137,31.302778,0.9820351600646973,0.0673633,0.9808167141500475,0.5888212506917543,0.9250693802035153
Uformer-lite (L1),BraTS2021_00137,31.456936,0.9815750122070312,0.067149535,0.9754189944134078,0.9329073482428115,0.9496402877697842
Uformer-lite (L1),BraTS2021_00137,31.620749,0.9811394214630127,0.066482626,0.9786760615612832,0.944,0.9256637168141593
Uformer-lite (L1),BraTS2021_00137,31.6689,0.9804531335830688,0.06583505,0.9814572017231691,0.6349036402569593,0.8896156991005724
Uformer-lite (L1),BraTS2021_00137,31.93835,0.9801459908485413,0.06503344,0.9749620637329287,0.739870816206694,0.880180859080633
Uformer-lite (L1),BraTS2021_00137,31.827848,0.9793127775192261,0.065921076,0.9745482805517778,0.8677462887989204,0.9017254313578394
Uformer-lite (L1),BraTS2021_00137,31.730484,0.980260968208313,0.06578746,0.9781519342553618,0.8132568514977693,0.9325058184639256
Uformer-lite (L1),BraTS2021_00137,31.786917,0.9802004098892212,0.06598077,0.9772680729060004,0.824607329842932,0.9125
Uformer-lite (L1),BraTS2021_00137,32.003185,0.9777255654335022,0.06566305,0.9749681798896903,0.810880829015544,0.9073929961089494
Uformer-lite (L1),BraTS2021_00137,31.70884,0.98015296459198,0.06578615,0.9733759318423855,0.7517985611510791,0.9069767441860465
Uformer-lite (L1),BraTS2021_00137,31.682928,0.9766576290130615,0.06741254,0.9825105158290901,0.7753846153846153,0.9334377447141738
Uformer-lite (L1),BraTS2021_00137,32.058475,0.9784348011016846,0.06563685,0.9811406498523063,0.7900128040973111,0.933852140077821
Uformer-lite (L1),BraTS2021_00137,31.966984,0.9809040427207947,0.06450095,0.9767549976754998,0.8154158215010142,0.9378980891719745
Uformer-lite (L1),BraTS2021_00137,32.13256,0.9784873723983765,0.06530146,0.9819494584837545,0.9141494435612083,0.9372384937238494
Uformer-lite (L1),BraTS2021_00137,31.956352,0.9793296456336975,0.06558587,0.9794621026894865,0.9267015706806283,0.936550491510277
Uformer-lite (L1),BraTS2021_00137,31.951817,0.980310320854187,0.064559735,0.9794401783502601,0.9536560247167868,0.9526813880126183
Uformer-lite (L1),BraTS2021_00137,32.080612,0.9782354235649109,0.064873055,0.9799599198396793,0.7250650477016479,0.8206144697720515
Uformer-lite (L1),BraTS2021_00137,32.10135,0.9790717363357544,0.06452013,0.9787234042553191,0.8543263964950711,0.9581749049429658
Uformer-lite (L1),BraTS2021_00137,32.044605,0.9789212942123413,0.06433005,0.9783910439989586,0.7560137457044673,0.9174041297935103
Uformer-lite (L1),BraTS2021_00137,32.429165,0.9815608263015747,0.061707396,0.9842624699919978,0.48132780082987553,0.7719298245614035
Uformer-lite (L1),BraTS2021_00137,32.608444,0.9797636270523071,0.061147474,0.9699268490923869,0.3665223665223665,0.6492146596858639
Uformer-lite (L1),BraTS2021_00137,32.880863,0.9796103835105896,0.061031412,0.9634792305547811,0.0,0.0
Uformer-lite (L1),BraTS2021_00137,32.883446,0.9789770841598511,0.060435552,0.9631147540983607,nan,nan
Uformer-lite (L1),BraTS2021_00137,32.90502,0.9789223074913025,0.058794454,0.9531914893617022,0.0,0.0
Uformer-lite (L1),BraTS2021_00137,32.865482,0.9777006506919861,0.06072364,0.9665040650406505,0.0,0.0
Uformer-lite (L1),BraTS2021_00137,32.767822,0.9765192866325378,0.060611863,0.956369982547993,0.0,0.0
Uformer-lite (L1),BraTS2021_00137,32.63121,0.9760919213294983,0.063224606,0.9730925175082934,0.0,0.0
Uformer-lite (L1),BraTS2021_00137,32.6408,0.9736806750297546,0.06264035,0.9552829442026118,0.0,0.0
Uformer-lite (L1),BraTS2021_00137,32.62036,0.9722409844398499,0.064341284,0.9664258393540162,0.0,0.0
Uformer-lite (L1),BraTS2021_00137,32.584347,0.9697628617286682,0.0647007,0.9647822057460612,0.0,0.0
Uformer-lite (L1),BraTS2021_00137,32.418858,0.9701836109161377,0.06473912,0.9526994744386049,0.0,0.0
Uformer-lite (L1),BraTS2021_00137,32.847168,0.9690618515014648,0.06308556,0.9595854922279793,0.0,0.0
Uformer-lite (L1),BraTS2021_00137,32.768524,0.9643041491508484,0.06466211,0.9691289966923925,0.0,0.0
Uformer-lite (L1),BraTS2021_00137,32.899845,0.959448516368866,0.06537568,0.9580838323353293,nan,nan
Uformer-lite (L1),BraTS2021_00137,32.64113,0.9559357762336731,0.06678585,0.9616677874915938,0.0,0.0
Uformer-lite (L1),BraTS2021_00137,32.50012,0.9546043276786804,0.06862233,0.9565217391304348,nan,nan
Uformer-lite (L1),BraTS2021_00137,32.546562,0.9563595056533813,0.06947975,0.9064748201438849,nan,nan
Uformer-lite (L1),BraTS2021_00137,32.228294,0.9582881927490234,0.07069648,0.46187363834422657,nan,nan
