method,subject,psnr,ssim,nrmse,dice_wt,dice_tc,dice_et
SwinIR + PathologyLoss,BraTS2021_00006,29.89523,0.9708788990974426,0.113468595,0.8202247191011236,nan,nan
SwinIR + PathologyLoss,BraTS2021_00006,30.030079,0.9745723009109497,0.106047794,0.8057784911717496,nan,nan
SwinIR + PathologyLoss,BraTS2021_00006,30.32564,0.9754661917686462,0.10376131,0.9041980624327234,nan,nan
SwinIR + PathologyLoss,BraTS2021_00006,30.489414,0.9783288240432739,0.099726394,0.8836858006042296,nan,nan
SwinIR + PathologyLoss,BraTS2021_00006,30.602043,0.9818050861358643,0.093330234,0.9424552429667519,0.0,0.0
SwinIR + PathologyLoss,BraTS2021_00006,31.090298,0.981308102607727,0.09107898,0.9357218124341412,0.7378048780487805,0.752851711026616
SwinIR + PathologyLoss,BraTS2021_00006,31.131887,0.9829729795455933,0.08863476,0.9704142011834319,0.91701244813278,0.918552036199095
SwinIR + PathologyLoss,BraTS2021_00006,30.893572,0.984362006187439,0.08732365,0.9432684165961049,0.8978930307941653,0.8819875776397516
SwinIR + PathologyLoss,BraTS2021_00006,31.032043,0.9835634231567383,0.0868662,0.9495026778882938,0.9707006369426752,0.9407407407407408
SwinIR + PathologyLoss,BraTS2021_00006,30.984734,0.9826163649559021,0.08924307,0.9689213893967094,0.9460390355912744,0.8927943760984183
SwinIR + PathologyLoss,BraTS2021_00006,31.201056,0.9843562245368958,0.085110925,0.9627891384512236,0.9337175792507204,0.8978328173374613
SwinIR + PathologyLoss,BraTS2021_00006,31.096113,0.9846618175506592,0.08527604,0.9763001974983542,0.9613970588235294,0.8881239242685026
SwinIR + PathologyLoss,BraTS2021_00006,31.347183,0.9863992929458618,0.08058959,0.9618930547019053,0.9706621961441744,0.9215358931552587
SwinIR + PathologyLoss,BraTS2021_00006,31.114618,0.9870240688323975,0.08053947,0.9576624925462135,0.9815261044176706,0.9223140495867769
SwinIR + PathologyLoss,BraTS2021_00006,31.206972,0.9846612215042114,0.08374541,0.9632677049662063,0.9653092006033183,0.8895705521472392
SwinIR + PathologyLoss,BraTS2021_00006,31.070045,0.9868144392967224,0.080602325,0.966214265088074,0.9602888086642599,0.8837920489296636
SwinIR + PathologyLoss,BraTS2021_00006,31.133993,0.9857883453369141,0.08199526,0.9738339021615472,0.9879175550817342,0.9333333333333333
SwinIR + PathologyLoss,BraTS2021_00006,31.414597,0.9879702925682068,0.07625143,0.9517277763123186,0.9801505817932923,0.9359165424739195
SwinIR + PathologyLoss,BraTS2021_00006,31.514685,0.9879761338233948,0.07634785,0.9728876020005265,0.9850543478260869,0.9337349397590361
SwinIR + PathologyLoss,BraTS2021_00006,31.153175,0.9871416687965393,0.07866807,0.9604010025062657,0.9650259067357513,0.9106382978723404
SwinIR + PathologyLoss,BraTS2021_00006,31.011564,0.987402081489563,0.07877353,0.9824114198317614,0.9763469119579501,0.9122302158273381
SwinIR + PathologyLoss,BraTS2021_00006,31.2966,0.987043559551239,0.078461446,0.978913420987348,0.9836921069797782,0.905982905982906
SwinIR + PathologyLoss,BraTS2021_00006,31.41382,0.9892441034317017,0.07293395,0.9782244556113903,0.9817708333333334,0.8807854137447405
SwinIR + PathologyLoss,BraTS2021_00006,31.259119,0.9883663654327393,0.07473147,0.9819734345351043,0.9714656290531777,0.8836601307189542
SwinIR + PathologyLoss,BraTS2021_00006,31.352936,0.9887644052505493,0.075201,0.9743711438063598,0.9709489993544222,0.8932291666666666
SwinIR + PathologyLoss,BraTS2021_00006,31.539286,0.9886260628700256,0.07424403,0.9672777906706893,0.9729015201586253,0.9040333796940194
SwinIR + PathologyLoss,BraTS2021_00006,31.7451,0.9890523552894592,0.073403075,0.9744431418522861,0.9637234770704997,0.8885714285714286
SwinIR + PathologyLoss,BraTS2021_00006,31.57714,0.9895021319389343,0.07232477,0.9755261869799314,0.9785977859778597,0.8895800933125972
SwinIR + PathologyLoss,BraTS2021_00006,31.441538,0.9894434809684753,0.0745168,0.9788385826771654,0.965675057208238,0.9024793388429752
SwinIR + PathologyLoss,BraTS2021_00006,31.536621,0.9898281097412109,0.07327955,0.968937875751503,0.9881796690307328,0.9411764705882353
SwinIR + PathologyLoss,BraTS2021_00006,32.09358,0.9906627535820007,0.06956514,0.9509906152241918,0.9837745516652434,0.935374149659864
SwinIR + PathologyLoss,BraTS2021_00006,32.054485,0.991213321685791,0.06929023,0.9658302189001602,0.9656419529837251,0.8964346349745331
SwinIR + PathologyLoss,BraTS2021_00006,32.094692,0.990532398223877,0.07131797,0.9744753261486103,0.9712092130518234,0.9193825042881647
SwinIR + PathologyLoss,BraTS2021_00006,32.22153,0.990592896938324,0.07125407,0.9756934515298827,0.9650053022269353,0.9033457249070632
SwinIR + PathologyLoss,BraTS2021_00006,32.37379,0.991093635559082,0.069157116,0.9691681210005817,0.9648127128263337,0.9060150375939849
SwinIR + PathologyLoss,BraTS2021_00006,32.363094,0.9911386370658875,0.068801336,0.9722057953873448,0.9641943734015346,0.9117647058823529
SwinIR + PathologyLoss,BraTS2021_00006,32.312263,0.9911960959434509,0.06948226,0.9568210262828536,0.9702970297029703,0.9379014989293362
SwinIR + PathologyLoss,BraTS2021_00006,32.328846,0.9913802146911621,0.06784179,0.9457605985037406,0.9010339734121122,0.8959276018099548
SwinIR + PathologyLoss,BraTS2021_00006,32.846996,0.99076908826828,0.06775935,0.9818181818181818,0.8986083499005965,0.8673469387755102
SwinIR + PathologyLoss,BraTS2021_00006,32.56183,0.9898090958595276,0.06945996,0.9835831548893648,0.9248826291079812,0.8945868945868946
SwinIR + PathologyLoss,BraTS2021_00006,32.76925,0.9906155467033386,0.06753843,0.9807183364839319,0.868632707774799,0.8611111111111112
SwinIR + PathologyLoss,BraTS2021_00006,32.706245,0.9893174171447754,0.07095535,0.9833536337799431,0.8239700374531835,0.8035714285714286
SwinIR + PathologyLoss,BraTS2021_00006,32.823357,0.9900703430175781,0.06842628,0.9708315193730953,0.7982456140350878,0.8114285714285714
SwinIR + PathologyLoss,BraTS2021_00006,32.55482,0.9904145002365112,0.06989502,0.9705194197473093,0.5482233502538071,0.6868686868686869
SwinIR + PathologyLoss,BraTS2021_00006,32.395176,0.9878261685371399,0.075491846,0.9774436090225563,0.6593406593406593,0.3
SwinIR + PathologyLoss,BraTS2021_00006,32.398983,0.9887665510177612,0.0732546,0.9592760180995475,0.19642857142857142,0.0
SwinIR + PathologyLoss,BraTS2021_00006,32.566086,0.988452672958374,0.07273487,0.8692270296548371,0.0,nan
SwinIR + PathologyLoss,BraTS2021_00006,32.55093,0.9879814386367798,0.07396218,0.9624649859943978,0.0,nan
SwinIR + PathologyLoss,BraTS2021_00006,32.474815,0.9895325303077698,0.07162392,0.887209929843497,0.0,nan
SwinIR + PathologyLoss,BraTS2021_00006,32.399906,0.9876284003257751,0.07641157,0.9834815756035579,0.0,nan
SwinIR + PathologyLoss,BraTS2021_00006,31.994064,0.9859589338302612,0.08184515,0.9230769230769231,0.0,nan
SwinIR + PathologyLoss,BraTS2021_00006,31.923988,0.9876919388771057,0.078479216,0.9701492537313433,nan,nan
SwinIR + PathologyLoss,BraTS2021_00006,31.694504,0.9852504134178162,0.08457701,0.8914027149321267,0.0,nan
SwinIR + PathologyLoss,BraTS2021_00006,31.646046,0.9863154292106628,0.08459582,0.9519918283963228,0.0,nan
SwinIR + PathologyLoss,BraTS2021_00006,31.350708,0.9854072332382202,0.08692539,0.9098712446351931,nan,nan
SwinIR + PathologyLoss,BraTS2021_00006,31.564156,0.9862399697303772,0.08457795,0.9464922711058263,nan,nan
SwinIR + PathologyLoss,BraTS2021_00006,31.467297,0.9837311506271362,0.09029883,0.9647390691114246,nan,nan
SwinIR + PathologyLoss,BraTS2021_00006,31.22698,0.9842413663864136,0.09120916,0.975,nan,nan
SwinIR + PathologyLoss,BraTS2021_00006,31.13301,0.9827743172645569,0.09585701,0.9756944444444444,nan,nan
SwinIR + PathologyLoss,BraTS2021_00006,31.05149,0.9825493693351746,0.09847537,0.8390243902439024,nan,nan
SwinIR + PathologyLoss,BraTS2021_00006,31.194897,0.9836591482162476,0.09712966,0.9361702127659575,nan,nan
SwinIR + PathologyLoss,BraTS2021_00006,31.108416,0.9828435778617859,0.09943752,0.766743648960739,nan,nan
SwinIR + PathologyLoss,BraTS2021_00006,30.968859,0.9818386435508728,0.10474904,0.0,nan,nan
SwinIR + PathologyLoss,BraTS2021_00014,32.200115,0.9859290719032288,0.1420337,0.0,nan,nan
SwinIR + PathologyLoss,BraTS2021_00014,31.604273,0.985163688659668,0.14253959,0.15859030837004406,nan,nan
SwinIR + PathologyLoss,BraTS2021_00014,31.739773,0.9852991700172424,0.13932122,0.0,nan,nan
SwinIR + PathologyLoss,BraTS2021_00014,31.560528,0.9851035475730896,0.13818681,0.0,nan,nan
SwinIR + PathologyLoss,BraTS2021_00014,31.494625,0.9865983724594116,0.12917958,0.0,nan,nan
SwinIR + PathologyLoss,BraTS2021_00014,31.548485,0.98676997423172,0.1267865,0.0,nan,nan
SwinIR + PathologyLoss,BraTS2021_00014,31.498453,0.9867040514945984,0.12621047,0.3,nan,nan
SwinIR + PathologyLoss,BraTS2021_00014,31.603691,0.9867496490478516,0.12389855,0.13226452905811623,nan,nan
SwinIR + PathologyLoss,BraTS2021_00014,31.479721,0.9868243932723999,0.122547515,0.7597061909758657,0.3888888888888889,0.3888888888888889
SwinIR + PathologyLoss,BraTS2021_00014,30.908957,0.9857942461967468,0.12507884,0.698,0.33766233766233766,0.33766233766233766
SwinIR + PathologyLoss,BraTS2021_00014,30.157051,0.9828709959983826,0.1336733,0.7619909502262443,0.7241379310344828,0.7241379310344828
SwinIR + PathologyLoss,BraTS2021_00014,30.150911,0.9826173782348633,0.13003153,0.8729121278140886,0.6,0.6
SwinIR + PathologyLoss,BraTS2021_00014,29.563534,0.9804186224937439,0.1321184,0.9012987012987013,0.4810126582278481,0.4810126582278481
SwinIR + PathologyLoss,BraTS2021_00014,29.480919,0.9789524078369141,0.12911063,0.8973293768545995,0.6299212598425197,0.6299212598425197
SwinIR + PathologyLoss,BraTS2021_00014,29.365772,0.9776992201805115,0.12701866,0.8777951118044722,0.2560553633217993,0.2560553633217993
SwinIR + PathologyLoss,BraTS2021_00014,29.196842,0.9766632914543152,0.124290876,0.8777885548011639,0.4036697247706422,0.4036697247706422
SwinIR + PathologyLoss,BraTS2021_00014,28.952507,0.976253092288971,0.1211201,0.9092618711800659,0.3972602739726027,0.3972602739726027
SwinIR + PathologyLoss,BraTS2021_00014,28.907164,0.9727151989936829,0.12020738,0.8976225133430373,0.8071979434447301,0.8071979434447301
SwinIR + PathologyLoss,BraTS2021_00014,29.123384,0.9735278487205505,0.11583769,0.9052346570397112,0.7035398230088495,0.7006651884700665
SwinIR + PathologyLoss,BraTS2021_00014,29.14508,0.9716019630432129,0.113912284,0.9149425287356322,0.775,0.775
SwinIR + PathologyLoss,BraTS2021_00014,29.07888,0.9731893539428711,0.112022445,0.9245518966235932,0.8894348894348895,0.8372093023255814
SwinIR + PathologyLoss,BraTS2021_00014,29.174644,0.9692961573600769,0.11313726,0.9293831168831169,0.6144927536231884,0.6104651162790697
SwinIR + PathologyLoss,BraTS2021_00014,29.11053,0.9710108041763306,0.10863747,0.8927559692432213,0.6881720430107527,0.6881720430107527
SwinIR + PathologyLoss,BraTS2021_00014,29.04252,0.9704793691635132,0.106223606,0.8960988798764001,0.5891472868217055,0.5906735751295337
SwinIR + PathologyLoss,BraTS2021_00014,29.31765,0.9674769043922424,0.10702167,0.7371948300622307,0.7804878048780488,0.7804878048780488
SwinIR + PathologyLoss,BraTS2021_00014,29.12664,0.9666968584060669,0.10549804,0.8306486721811058,0.73224043715847,0.73224043715847
SwinIR + PathologyLoss,BraTS2021_00014,29.273483,0.9676330089569092,0.1033814,0.8204209583519928,0.7244582043343654,0.7244582043343654
SwinIR + PathologyLoss,BraTS2021_00014,29.277409,0.9672436118125916,0.10529514,0.833555259653795,0.8754716981132076,0.8754716981132076
SwinIR + PathologyLoss,BraTS2021_00014,29.520042,0.966501772403717,0.10250824,0.6293558606124604,0.018691588785046728,0.018691588785046728
SwinIR + PathologyLoss,BraTS2021_00014,29.405548,0.9694440364837646,0.10014853,0.8145814581458146,0.6063348416289592,0.6090909090909091
SwinIR + PathologyLoss,BraTS2021_00014,29.342682,0.9696468114852905,0.10140418,0.8701134930643127,0.6036036036036037,0.6274509803921569
SwinIR + PathologyLoss,BraTS2021_00014,29.321125,0.9718112945556641,0.10043283,0.8037217545414267,0.0,0.0
SwinIR + PathologyLoss,BraTS2021_00014,29.328571,0.97001051902771,0.10087155,0.7216981132075472,0.0,0.0
SwinIR + PathologyLoss,BraTS2021_00014,29.521614,0.972741425037384,0.09687534,0.8016304347826086,nan,nan
SwinIR + PathologyLoss,BraTS2021_00014,29.460636,0.9701042175292969,0.10097628,0.8708388814913449,0.0,0.0
SwinIR + PathologyLoss,BraTS2021_00014,29.308205,0.973832368850708,0.09853717,0.854590570719603,nan,nan
SwinIR + PathologyLoss,BraTS2021_00014,29.352543,0.9705837965011597,0.10028686,0.8848413631022327,0.0,0.0
SwinIR + PathologyLoss,BraTS2021_00014,29.552574,0.9721276164054871,0.09894892,0.7513725490196078,0.0,0.0
SwinIR + PathologyLoss,BraTS2021_00014,29.557869,0.9749656319618225,0.098154694,0.8668503213957759,nan,nan
SwinIR + PathologyLoss,BraTS2021_00014,29.63292,0.9756534099578857,0.09765438,0.8453837597330367,nan,nan
SwinIR + PathologyLoss,BraTS2021_00014,29.77432,0.9763444066047668,0.096248195,0.3123644251626898,nan,nan
SwinIR + PathologyLoss,BraTS2021_00014,29.92984,0.9763239026069641,0.09549604,0.7139479905437353,nan,nan
SwinIR + PathologyLoss,BraTS2021_00014,29.791328,0.9781181812286377,0.09383418,0.0639269406392694,nan,nan
SwinIR + PathologyLoss,BraTS2021_00016,29.99607,0.9852507710456848,0.10186188,0.0,nan,nan
SwinIR + PathologyLoss,BraTS2021_00016,29.354647,0.9856754541397095,0.103159405,0.0,nan,nan
SwinIR + PathologyLoss,BraTS2021_00016,29.033844,0.9823750257492065,0.10919237,0.0,nan,nan
SwinIR + PathologyLoss,BraTS2021_00016,28.758766,0.980635941028595,0.11042658,0.0,nan,nan
SwinIR + PathologyLoss,BraTS2021_00016,28.806797,0.9818786978721619,0.10614481,0.0,nan,nan
SwinIR + PathologyLoss,BraTS2021_00016,28.925276,0.9810429811477661,0.10589183,0.0,nan,nan
SwinIR + PathologyLoss,BraTS2021_00016,28.822508,0.9798969030380249,0.10521169,0.0,nan,nan
SwinIR + PathologyLoss,BraTS2021_00016,28.763103,0.9801475405693054,0.103015475,0.0,nan,nan
SwinIR + PathologyLoss,BraTS2021_00016,28.697704,0.9807243347167969,0.10233051,0.0,nan,nan
SwinIR + PathologyLoss,BraTS2021_00016,28.532887,0.9805605411529541,0.10020345,0.49382716049382713,nan,nan
SwinIR + PathologyLoss,BraTS2021_00016,29.157787,0.9815436601638794,0.09626823,0.0,nan,nan
SwinIR + PathologyLoss,BraTS2021_00016,29.129894,0.9817609786987305,0.09448779,0.7911832946635731,nan,nan
SwinIR + PathologyLoss,BraTS2021_00016,29.055168,0.9837458729743958,0.09249742,0.9104991394148021,0.0,0.0
SwinIR + PathologyLoss,BraTS2021_00016,29.405134,0.9843220114707947,0.090448596,0.8088803088803089,0.0,0.0
SwinIR + PathologyLoss,BraTS2021_00016,29.20477,0.9840140342712402,0.09108604,0.8757961783439491,0.6521739130434783,0.6106870229007634
SwinIR + PathologyLoss,BraTS2021_00016,28.942554,0.9840355515480042,0.09238072,0.7263374485596708,0.3137254901960784,0.21374045801526717
SwinIR + PathologyLoss,BraTS2021_00016,28.838745,0.984187126159668,0.09098711,0.9212531752751905,0.7898550724637681,0.7542372881355932
SwinIR + PathologyLoss,BraTS2021_00016,29.212454,0.9845682978630066,0.089062445,0.9002514668901928,0.7977207977207977,0.6428571428571429
SwinIR + PathologyLoss,BraTS2021_00016,28.981123,0.9846773147583008,0.08895897,0.9168,0.8590604026845637,0.7972972972972973
SwinIR + PathologyLoss,BraTS2021_00016,29.281162,0.9841811060905457,0.08766344,0.8520614389652384,0.8436213991769548,0.6153846153846154
SwinIR + PathologyLoss,BraTS2021_00016,28.748257,0.9849855899810791,0.08825639,0.816988416988417,0.9146757679180887,0.7656765676567657
SwinIR + PathologyLoss,BraTS2021_00016,28.996391,0.9845222234725952,0.08803553,0.8195669607056937,0.9478390461997019,0.7897727272727273
SwinIR + PathologyLoss,BraTS2021_00016,29.223854,0.9850414395332336,0.086810455,0.8234336859235151,0.8641221374045801,0.6820809248554913
SwinIR + PathologyLoss,BraTS2021_00016,28.849432,0.9841955900192261,0.08719592,0.9369369369369369,0.9333333333333333,0.7290322580645161
SwinIR + PathologyLoss,BraTS2021_00016,28.341553,0.9841457605361938,0.090345435,0.8892261001517451,0.9678217821782178,0.7891891891891892
SwinIR + PathologyLoss,BraTS2021_00016,28.920929,0.9839577674865723,0.088265315,0.9125090383224873,0.9695493300852619,0.7745358090185677
SwinIR + PathologyLoss,BraTS2021_00016,28.976831,0.9838699698448181,0.08820343,0.8764705882352941,0.9155446756425949,0.7664041994750657
SwinIR + PathologyLoss,BraTS2021_00016,28.756163,0.9841747879981995,0.08855473,0.9008620689655172,0.9481132075471698,0.7971360381861575
SwinIR + PathologyLoss,BraTS2021_00016,28.302021,0.9839087128639221,0.090954185,0.9372797744890768,0.972972972972973,0.8758782201405152
SwinIR + PathologyLoss,BraTS2021_00016,28.287922,0.9838573932647705,0.091334164,0.9216867469879518,0.956221198156682,0.7848101265822784
SwinIR + PathologyLoss,BraTS2021_00016,28.413294,0.9832059741020203,0.0913066,0.924907063197026,0.9657458563535911,0.829736211031175
SwinIR + PathologyLoss,BraTS2021_00016,28.099,0.9831106662750244,0.09207332,0.9263157894736842,0.9607843137254902,0.8379629629629629
SwinIR + PathologyLoss,BraTS2021_00016,28.798635,0.9837788343429565,0.089034915,0.9112519809825673,0.9600912200684151,0.8379629629629629
SwinIR + PathologyLoss,BraTS2021_00016,28.34689,0.9848209023475647,0.08945257,0.8751047778709137,0.9508982035928144,0.7990867579908676
SwinIR + PathologyLoss,BraTS2021_00016,28.659214,0.9855075478553772,0.08668524,0.9011925042589438,0.9447236180904522,0.7863636363636364
SwinIR + PathologyLoss,BraTS2021_00016,29.222992,0.9864218831062317,0.08382539,0.9044368600682594,0.9352331606217616,0.8106904231625836
SwinIR + PathologyLoss,BraTS2021_00016,29.617405,0.9870944619178772,0.08093806,0.8770949720670391,0.9175108538350217,0.8036117381489842
SwinIR + PathologyLoss,BraTS2021_00016,29.836798,0.9878714084625244,0.07918229,0.9054441260744985,0.9360374414976599,0.8689655172413793
SwinIR + PathologyLoss,BraTS2021_00016,29.483025,0.9891173839569092,0.077908695,0.9131707317073171,0.9094138543516874,0.8235294117647058
SwinIR + PathologyLoss,BraTS2021_00016,30.171822,0.9899963736534119,0.07326857,0.9488372093023256,0.9212598425196851,0.8652849740932642
SwinIR + PathologyLoss,BraTS2021_00016,30.54096,0.9901866316795349,0.072681494,0.9079497907949791,0.8593350383631714,0.780952380952381
SwinIR + PathologyLoss,BraTS2021_00016,30.024754,0.9905617237091064,0.072237626,0.8683651804670913,0.7351778656126482,0.672566371681416
SwinIR + PathologyLoss,BraTS2021_00016,30.251352,0.9907578825950623,0.07172953,0.5760233918128655,0.20967741935483872,0.20967741935483872
SwinIR + PathologyLoss,BraTS2021_00016,30.391296,0.9903597831726074,0.07199962,0.4322469982847341,0.0,0.0
SwinIR + PathologyLoss,BraTS2021_00016,30.825396,0.9900783896446228,0.071557425,0.16563146997929606,0.0,0.0
SwinIR + PathologyLoss,BraTS2021_00016,30.116108,0.9897629022598267,0.07261911,0.9294797687861271,nan,nan
SwinIR + PathologyLoss,BraTS2021_00016,30.353176,0.9898822903633118,0.07206633,0.6909090909090909,nan,nan
SwinIR + PathologyLoss,BraTS2021_00016,30.499887,0.9895393252372742,0.07224767,0.128,nan,nan
SwinIR + PathologyLoss,BraTS2021_00016,30.100113,0.989109218120575,0.07415212,0.7167381974248928,nan,nan
SwinIR + PathologyLoss,BraTS2021_00016,30.240948,0.9882398843765259,0.075224325,0.4383561643835616,nan,nan
SwinIR + PathologyLoss,BraTS2021_00016,30.360252,0.9881502985954285,0.076633476,0.09523809523809523,nan,nan
SwinIR + PathologyLoss,BraTS2021_00016,29.707811,0.9859904646873474,0.0807824,0.0,nan,nan
SwinIR + PathologyLoss,BraTS2021_00016,29.681862,0.985224723815918,0.08336306,0.0,nan,nan
SwinIR + PathologyLoss,BraTS2021_00022,30.085028,0.9753109216690063,0.12088949,0.125,0.0,0.0
SwinIR + PathologyLoss,BraTS2021_00022,29.854115,0.9745831489562988,0.12120872,0.0,0.0,0.0
SwinIR + PathologyLoss,BraTS2021_00022,29.202902,0.9656311273574829,0.13210844,0.0,0.0,0.0
SwinIR + PathologyLoss,BraTS2021_00022,28.701778,0.9577465653419495,0.13663948,0.010810810810810811,0.0,0.0
SwinIR + PathologyLoss,BraTS2021_00022,29.01876,0.9569743275642395,0.12934549,0.13529411764705881,0.06756756756756757,0.06756756756756757
SwinIR + PathologyLoss,BraTS2021_00022,29.099941,0.9559672474861145,0.12627426,0.32935560859188545,0.0,0.0
SwinIR + PathologyLoss,BraTS2021_00022,29.04828,0.9526586532592773,0.12639938,0.8252947481243301,0.6747967479674797,0.6611570247933884
SwinIR + PathologyLoss,BraTS2021_00022,29.430489,0.9549232125282288,0.1235052,0.5289747399702823,0.3507853403141361,0.3732590529247911
SwinIR + PathologyLoss,BraTS2021_00022,29.39831,0.9585133194923401,0.11876707,0.7032710280373832,0.5522388059701493,0.5884861407249466
SwinIR + PathologyLoss,BraTS2021_00022,29.657766,0.9594244360923767,0.11498343,0.8062442607897153,0.7880085653104925,0.655786350148368
SwinIR + PathologyLoss,BraTS2021_00022,29.637905,0.9610794186592102,0.11302069,0.8275276125743416,0.8277777777777777,0.7197875166002656
SwinIR + PathologyLoss,BraTS2021_00022,29.82228,0.9591142535209656,0.11332648,0.8507462686567164,0.8504753673293,0.7354838709677419
SwinIR + PathologyLoss,BraTS2021_00022,29.944828,0.961303174495697,0.11131639,0.8753799392097265,0.873581847649919,0.7755102040816326
SwinIR + PathologyLoss,BraTS2021_00022,30.166342,0.9628344178199768,0.109041326,0.8629943502824858,0.8651942117288652,0.7313997477931904
SwinIR + PathologyLoss,BraTS2021_00022,29.881851,0.9640592336654663,0.10620315,0.8652384243261921,0.875629043853343,0.7288135593220338
SwinIR + PathologyLoss,BraTS2021_00022,30.068554,0.9644116163253784,0.10586945,0.8846880907372401,0.8794788273615635,0.7647690655209453
SwinIR + PathologyLoss,BraTS2021_00022,30.23119,0.9640964269638062,0.10536595,0.9052757793764988,0.8645569620253165,0.7617065556711758
SwinIR + PathologyLoss,BraTS2021_00022,29.918644,0.9654450416564941,0.103093036,0.9244543928371572,0.9057498518079431,0.8301158301158301
SwinIR + PathologyLoss,BraTS2021_00022,29.999405,0.9632382988929749,0.10476279,0.9021799888205702,0.8800945067926758,0.7992007992007992
SwinIR + PathologyLoss,BraTS2021_00022,29.674484,0.9628276824951172,0.10595813,0.9096509240246407,0.9165786694825766,0.794092093831451
SwinIR + PathologyLoss,BraTS2021_00022,29.82146,0.9646022915840149,0.10452394,0.8810483870967742,0.8819810326659642,0.7531760435571688
SwinIR + PathologyLoss,BraTS2021_00022,29.746288,0.9665440320968628,0.103472486,0.8848015488867377,0.8804457953394124,0.7441016333938294
SwinIR + PathologyLoss,BraTS2021_00022,29.834166,0.9660419225692749,0.10352673,0.8738781294284365,0.8616757560733763,0.7266187050359713
SwinIR + PathologyLoss,BraTS2021_00022,29.814138,0.9678157567977905,0.10099565,0.9005847953216374,0.9146788990825688,0.7969924812030075
SwinIR + PathologyLoss,BraTS2021_00022,29.76423,0.9695301651954651,0.0989248,0.9363137916490932,0.9441580756013745,0.8356807511737089
SwinIR + PathologyLoss,BraTS2021_00022,29.805143,0.9699102640151978,0.099493444,0.940359477124183,0.9469285415796072,0.8533541341653667
SwinIR + PathologyLoss,BraTS2021_00022,29.84428,0.9709593057632446,0.09951371,0.9327354260089686,0.939331407346265,0.8152866242038217
SwinIR + PathologyLoss,BraTS2021_00022,30.12869,0.9709764122962952,0.09888051,0.9215452011150936,0.9023680930619028,0.797716150081566
SwinIR + PathologyLoss,BraTS2021_00022,30.028706,0.9721002578735352,0.09499804,0.9520648967551623,0.9670828603859251,0.8761122518822724
SwinIR + PathologyLoss,BraTS2021_00022,30.187273,0.9740412831306458,0.09256764,0.9741847826086957,0.9730700179533214,0.8907242693773825
SwinIR + PathologyLoss,BraTS2021_00022,30.364899,0.9767100811004639,0.09085993,0.9373709566414316,0.9143070044709389,0.8114807566862361
SwinIR + PathologyLoss,BraTS2021_00022,30.527725,0.9787118434906006,0.087248705,0.9453570231310761,0.9058263100036643,0.8056580565805658
SwinIR + PathologyLoss,BraTS2021_00022,30.712944,0.9786537885665894,0.08764744,0.979579013509268,0.961436170212766,0.8976215098241985
SwinIR + PathologyLoss,BraTS2021_00022,30.696962,0.9792928099632263,0.08604698,0.9751861042183623,0.9606958762886598,0.8813730439172135
SwinIR + PathologyLoss,BraTS2021_00022,30.936632,0.978992223739624,0.08664199,0.976606455433817,0.9590643274853801,0.8933025404157043
SwinIR + PathologyLoss,BraTS2021_00022,30.908289,0.9807997345924377,0.082576774,0.9637120761451516,0.9638629283489096,0.9028727770177839
SwinIR + PathologyLoss,BraTS2021_00022,30.831682,0.9798371195793152,0.08371009,0.9744753261486103,0.9750525999398858,0.8909952606635071
SwinIR + PathologyLoss,BraTS2021_00022,31.13995,0.9790557026863098,0.08337336,0.9791610284167794,0.9533096926713948,0.858814352574103
SwinIR + PathologyLoss,BraTS2021_00022,30.893183,0.9745866656303406,0.08598673,0.9893899204244032,0.9586043761088113,0.8948863636363636
SwinIR + PathologyLoss,BraTS2021_00022,31.068438,0.975104033946991,0.084106855,0.9627818527574029,0.9474683544303798,0.8822443706164637
SwinIR + PathologyLoss,BraTS2021_00022,31.086887,0.9727129936218262,0.08348737,0.9696176008381352,0.9283338373147868,0.8820479585223591
SwinIR + PathologyLoss,BraTS2021_00022,30.992338,0.9685096144676208,0.085706525,0.9758171671538666,0.9601580507079355,0.9034070951879171
SwinIR + PathologyLoss,BraTS2021_00022,31.218552,0.9661495089530945,0.08527119,0.9610461880912632,0.9378815080789946,0.9289454001495886
SwinIR + PathologyLoss,BraTS2021_00022,31.355457,0.9652305841445923,0.085674606,0.9325997248968363,0.786910197869102,0.814665592264303
SwinIR + PathologyLoss,BraTS2021_00022,30.974133,0.9637576937675476,0.088620365,0.9532203389830508,0.8475991649269311,0.8550026752273944
SwinIR + PathologyLoss,BraTS2021_00022,30.900774,0.9682016372680664,0.08800892,0.9111994698475812,0.7971014492753623,0.8474777448071217
SwinIR + PathologyLoss,BraTS2021_00022,30.46904,0.9632638096809387,0.093078375,0.9388043862752034,0.9090909090909091,0.9109730848861284
SwinIR + PathologyLoss,BraTS2021_00022,30.549994,0.9619941711425781,0.09439063,0.8992628992628993,0.924872355944566,0.922514619883041
SwinIR + PathologyLoss,BraTS2021_00022,30.097721,0.9629910588264465,0.096445195,0.8919834399698908,0.9584026622296173,0.9584026622296173
SwinIR + PathologyLoss,BraTS2021_00022,30.067032,0.962851345539093,0.09754454,0.899171270718232,0.8702928870292888,0.8702928870292888
SwinIR + PathologyLoss,BraTS2021_00022,30.210426,0.9631489515304565,0.09680523,0.9062610541209764,0.781733746130031,0.814874696847211
SwinIR + PathologyLoss,BraTS2021_00022,30.223436,0.9666624665260315,0.096860066,0.9313186813186813,0.8017094017094017,0.8163636363636364
SwinIR + PathologyLoss,BraTS2021_00022,30.032085,0.9628181457519531,0.09896933,0.9130277878022375,0.7802294792586054,0.8040665434380776
SwinIR + PathologyLoss,BraTS2021_00022,29.609165,0.9649412631988525,0.10128624,0.9387448327696355,0.7681992337164751,0.7875751503006012
SwinIR + PathologyLoss,BraTS2021_00022,29.357967,0.9654507040977478,0.10340715,0.921278254091972,0.6858275520317145,0.7783018867924528
SwinIR + PathologyLoss,BraTS2021_00022,29.2031,0.9620416760444641,0.10918649,0.9504447268106735,0.8246844319775596,0.8451519536903039
SwinIR + PathologyLoss,BraTS2021_00022,29.190796,0.9628652930259705,0.10956605,0.9296394019349165,0.5494994438264739,0.7057142857142857
SwinIR + PathologyLoss,BraTS2021_00022,29.272068,0.9645437002182007,0.11009793,0.9225289403383793,0.7140186915887851,0.7925311203319502
SwinIR + PathologyLoss,BraTS2021_00022,28.797264,0.967578649520874,0.10992052,0.9461948618516723,0.6129032258064516,0.6378896882494005
SwinIR + PathologyLoss,BraTS2021_00022,29.213696,0.9695000052452087,0.111680366,0.8933957358294332,0.5733333333333334,0.6466165413533834
SwinIR + PathologyLoss,BraTS2021_00022,29.153748,0.9708266854286194,0.112165794,0.9347951529140219,0.42105263157894735,0.47058823529411764
SwinIR + PathologyLoss,BraTS2021_00022,28.900185,0.9706343412399292,0.116474666,0.9258084971464806,0.0,0.0
SwinIR + PathologyLoss,BraTS2021_00022,28.572195,0.9711775779724121,0.118684456,0.9003095975232198,0.0,0.0
SwinIR + PathologyLoss,BraTS2021_00022,28.370703,0.9711025953292847,0.12269778,0.8931398416886543,0.0,0.0
SwinIR + PathologyLoss,BraTS2021_00022,28.165405,0.9715920090675354,0.1272191,0.9008498583569405,0.0,0.0
SwinIR + PathologyLoss,BraTS2021_00022,28.00615,0.9722713232040405,0.13048083,0.9204097714736013,0.0,0.0
SwinIR + PathologyLoss,BraTS2021_00022,27.967392,0.9732354879379272,0.13282879,0.9106678230702515,0.0,0.0
SwinIR + PathologyLoss,BraTS2021_00022,28.440655,0.9751191735267639,0.13325338,0.8228070175438597,0.0,0.0
SwinIR + PathologyLoss,BraTS2021_00022,28.264467,0.9768823385238647,0.13389172,0.8457831325301205,0.0,0.0
SwinIR + PathologyLoss,BraTS2021_00022,28.59843,0.977726399898529,0.13647057,0.7863247863247863,0.0,0.0
SwinIR + PathologyLoss,BraTS2021_00022,28.577805,0.9787821769714355,0.138405,0.9227467811158798,nan,nan
SwinIR + PathologyLoss,BraTS2021_00022,28.73852,0.9802324771881104,0.13808635,0.8336755646817249,0.0,0.0
SwinIR + PathologyLoss,BraTS2021_00022,29.092087,0.981829822063446,0.1376025,0.8719512195121951,nan,nan
SwinIR + PathologyLoss,BraTS2021_00022,28.959322,0.982027530670166,0.14165154,0.8142292490118577,nan,nan
SwinIR + PathologyLoss,BraTS2021_00028,29.51662,0.9695541858673096,0.15206991,0.0,0.0,0.0
SwinIR + PathologyLoss,BraTS2021_00028,29.655859,0.9691571593284607,0.1494056,0.057692307692307696,0.0,0.0
SwinIR + PathologyLoss,BraTS2021_00028,29.572876,0.9695403575897217,0.14347865,0.09523809523809523,0.0,0.0
SwinIR + PathologyLoss,BraTS2021_00028,29.742367,0.9693673253059387,0.14000392,0.6210526315789474,0.5447154471544715,0.5738758029978587
SwinIR + PathologyLoss,BraTS2021_00028,29.84207,0.967965304851532,0.13818632,0.7186009538950715,0.5391621129326047,0.5769980506822612
SwinIR + PathologyLoss,BraTS2021_00028,29.914465,0.966468334197998,0.13619845,0.5728038507821901,0.47438330170777987,0.51440329218107
SwinIR + PathologyLoss,BraTS2021_00028,29.701271,0.9688030481338501,0.13130862,0.3155818540433925,0.07556675062972293,0.08426966292134831
SwinIR + PathologyLoss,BraTS2021_00028,29.736921,0.9643257856369019,0.13476813,0.6643356643356644,0.2517482517482518,0.27692307692307694
SwinIR + PathologyLoss,BraTS2021_00028,29.851782,0.9631844758987427,0.1314847,0.631578947368421,0.22377622377622378,0.23587223587223588
SwinIR + PathologyLoss,BraTS2021_00028,29.77443,0.9604030847549438,0.12995157,0.3459915611814346,0.0,0.0
SwinIR + PathologyLoss,BraTS2021_00028,29.552357,0.9552106857299805,0.1329869,0.76657824933687,0.42738589211618255,0.42738589211618255
SwinIR + PathologyLoss,BraTS2021_00028,29.611109,0.9544966220855713,0.13208556,0.6239737274220033,0.17708333333333334,0.17708333333333334
SwinIR + PathologyLoss,BraTS2021_00028,29.596004,0.959798276424408,0.1251992,0.7213740458015268,0.0,0.0
SwinIR + PathologyLoss,BraTS2021_00028,29.781626,0.9600504636764526,0.1235344,0.0,0.0,0.0
SwinIR + PathologyLoss,BraTS2021_00028,29.887972,0.9625059962272644,0.11697699,0.39039039039039036,0.0,0.0
SwinIR + PathologyLoss,BraTS2021_00028,29.67424,0.9615421295166016,0.11866984,0.0,0.0,0.0
SwinIR + PathologyLoss,BraTS2021_00028,29.753922,0.9615955948829651,0.11975406,0.0,0.0,0.0
SwinIR + PathologyLoss,BraTS2021_00028,29.775414,0.9618738293647766,0.119161576,0.2587601078167116,0.0,0.0
SwinIR + PathologyLoss,BraTS2021_00028,30.107983,0.9600777626037598,0.11937349,0.0,0.0,0.0
SwinIR + PathologyLoss,BraTS2021_00028,30.315975,0.9637902975082397,0.11292869,0.09940357852882704,nan,nan
SwinIR + PathologyLoss,BraTS2021_00028,30.500727,0.9678892493247986,0.10773211,0.40601503759398494,nan,nan
SwinIR + PathologyLoss,BraTS2021_00028,30.6639,0.9694437980651855,0.10379743,0.6716604244694132,nan,nan
SwinIR + PathologyLoss,BraTS2021_00028,30.546276,0.9691540598869324,0.10547463,0.7397590361445783,nan,nan
SwinIR + PathologyLoss,BraTS2021_00028,30.253777,0.9670834541320801,0.111191854,0.6488651535380507,0.0,0.0
SwinIR + PathologyLoss,BraTS2021_00028,30.286926,0.9685196280479431,0.107862316,0.5107033639143731,0.0,0.0
SwinIR + PathologyLoss,BraTS2021_00028,30.245201,0.9708567261695862,0.10693525,0.6516220028208745,0.0,0.0
SwinIR + PathologyLoss,BraTS2021_00028,30.274906,0.9693942666053772,0.1082118,0.7527216174183515,0.0,0.0
SwinIR + PathologyLoss,BraTS2021_00028,30.395584,0.9686444997787476,0.10725592,0.6369426751592356,0.0,0.0
SwinIR + PathologyLoss,BraTS2021_00028,30.611416,0.96955406665802,0.10435362,0.8014888337468983,0.0,0.0
SwinIR + PathologyLoss,BraTS2021_00028,30.723873,0.9692012667655945,0.104388185,0.8333333333333334,0.0,0.0
SwinIR + PathologyLoss,BraTS2021_00028,30.467663,0.9711121916770935,0.10339323,0.814621409921671,0.0,0.0
SwinIR + PathologyLoss,BraTS2021_00028,30.812424,0.9702752232551575,0.102385476,0.8184210526315789,0.0,0.0
SwinIR + PathologyLoss,BraTS2021_00028,30.852373,0.9709184169769287,0.100598596,0.6214177978883861,0.0,0.0
SwinIR + PathologyLoss,BraTS2021_00028,30.47225,0.9719613194465637,0.10337193,0.7851239669421488,0.0,0.0
SwinIR + PathologyLoss,BraTS2021_00028,30.743,0.9690588712692261,0.10395829,0.32335329341317365,0.0,0.0
SwinIR + PathologyLoss,BraTS2021_00028,30.312962,0.9667567014694214,0.10906454,0.004728132387706856,0.0,0.0
SwinIR + PathologyLoss,BraTS2021_00028,30.286144,0.9710643291473389,0.10407765,0.5743243243243243,0.0,0.0
SwinIR + PathologyLoss,BraTS2021_00028,30.5551,0.9692957401275635,0.10318546,0.7626112759643917,0.0,0.0
SwinIR + PathologyLoss,BraTS2021_00028,30.74926,0.9698423147201538,0.103160225,0.8126801152737753,0.0,0.0
SwinIR + PathologyLoss,BraTS2021_00028,30.536795,0.9695667624473572,0.102591604,0.8328445747800587,0.0,0.0
SwinIR + PathologyLoss,BraTS2021_00028,30.632421,0.9728807210922241,0.09895788,0.8522238163558106,0.0,0.0
SwinIR + PathologyLoss,BraTS2021_00028,30.75712,0.9743483662605286,0.097161315,0.8743016759776536,0.0,0.0
SwinIR + PathologyLoss,BraTS2021_00028,30.995731,0.9762862920761108,0.09613948,0.5414364640883977,0.0,0.0
SwinIR + PathologyLoss,BraTS2021_00028,31.16357,0.9780483841896057,0.09464856,0.4403292181069959,0.0,0.0
SwinIR + PathologyLoss,BraTS2021_00028,31.357592,0.9777641892433167,0.094540656,0.4989247311827957,0.0,0.0
SwinIR + PathologyLoss,BraTS2021_00028,31.382412,0.9768062829971313,0.09496466,0.5528089887640449,0.0,0.0
SwinIR + PathologyLoss,BraTS2021_00028,31.311424,0.9787365794181824,0.0942542,0.42441860465116277,0.0,0.0
SwinIR + PathologyLoss,BraTS2021_00028,31.115644,0.9757509231567383,0.09583293,0.47619047619047616,0.0,0.0
SwinIR + PathologyLoss,BraTS2021_00028,31.587801,0.9779740571975708,0.09037507,0.0,0.0,0.0
SwinIR + PathologyLoss,BraTS2021_00028,31.603182,0.9720218181610107,0.09743689,0.0,0.0,0.0
SwinIR + PathologyLoss,BraTS2021_00051,32.27559,0.9892625212669373,0.090678774,0.8153310104529616,nan,nan
SwinIR + PathologyLoss,BraTS2021_00051,32.33891,0.9885053634643555,0.092720464,0.852760736196319,nan,nan
SwinIR + PathologyLoss,BraTS2021_00051,32.097393,0.9888306260108948,0.09190808,0.712,nan,nan
SwinIR + PathologyLoss,BraTS2021_00051,31.605408,0.987869143486023,0.092651136,0.7679558011049724,nan,nan
SwinIR + PathologyLoss,BraTS2021_00051,31.122435,0.985261857509613,0.0974239,0.6022727272727273,nan,nan
SwinIR + PathologyLoss,BraTS2021_00051,30.815418,0.9822478890419006,0.09882731,0.6988265971316818,nan,nan
SwinIR + PathologyLoss,BraTS2021_00051,30.88232,0.9818381667137146,0.094851546,0.786036036036036,nan,nan
SwinIR + PathologyLoss,BraTS2021_00051,31.495548,0.9837459921836853,0.08836705,0.800453514739229,0.0,0.0
SwinIR + PathologyLoss,BraTS2021_00051,31.526527,0.9824649691581726,0.086237475,0.8039024390243903,0.0,0.0
SwinIR + PathologyLoss,BraTS2021_00051,31.63076,0.9836575388908386,0.083066426,0.8166969147005445,nan,nan
SwinIR + PathologyLoss,BraTS2021_00051,31.30976,0.9788952469825745,0.08786351,0.8363926576217079,0.0,0.0
SwinIR + PathologyLoss,BraTS2021_00051,30.926243,0.979993462562561,0.086639784,0.7622841965471447,0.0,0.0
SwinIR + PathologyLoss,BraTS2021_00051,31.082365,0.9810836911201477,0.0822593,0.7359154929577465,0.0,0.0
SwinIR + PathologyLoss,BraTS2021_00051,31.23432,0.9815484285354614,0.08053054,0.7850304612706701,0.3864406779661017,0.3958333333333333
SwinIR + PathologyLoss,BraTS2021_00051,31.496923,0.9826920628547668,0.07725615,0.8598203826630223,0.10643015521064302,0.10574712643678161
SwinIR + PathologyLoss,BraTS2021_00051,31.634602,0.9843176007270813,0.07542477,0.8884012539184953,0.32926829268292684,0.33229813664596275
SwinIR + PathologyLoss,BraTS2021_00051,31.50471,0.9827514290809631,0.07695875,0.931054131054131,0.7784090909090909,0.7401415571284126
SwinIR + PathologyLoss,BraTS2021_00051,31.314249,0.9845019578933716,0.075332955,0.9228723404255319,0.638623326959847,0.6403242147923
SwinIR + PathologyLoss,BraTS2021_00051,31.379074,0.9842164516448975,0.07588798,0.8949633004302708,0.9237410071942446,0.7628494138863842
SwinIR + PathologyLoss,BraTS2021_00051,31.503408,0.9854366779327393,0.07354913,0.9250331125827814,0.9000679809653297,0.7740259740259741
SwinIR + PathologyLoss,BraTS2021_00051,31.647226,0.9860700964927673,0.07137265,0.909919028340081,0.9778325123152709,0.8363324764353042
SwinIR + PathologyLoss,BraTS2021_00051,31.944946,0.9869807362556458,0.07021945,0.9325031133250311,0.8512960436562074,0.6471861471861472
SwinIR + PathologyLoss,BraTS2021_00051,31.915749,0.9881535768508911,0.067219324,0.9294033753268363,0.9531157270029673,0.8313140726933831
SwinIR + PathologyLoss,BraTS2021_00051,32.05145,0.987809956073761,0.067695566,0.9115887436295147,0.9722543352601156,0.858252427184466
SwinIR + PathologyLoss,BraTS2021_00051,31.926132,0.9880322813987732,0.06734678,0.9364161849710982,0.9747800586510263,0.8625498007968128
SwinIR + PathologyLoss,BraTS2021_00051,31.881819,0.9873971939086914,0.06732987,0.9355754531557109,0.9615819209039548,0.8999129677980853
SwinIR + PathologyLoss,BraTS2021_00051,31.990395,0.9878566265106201,0.06648108,0.9353410097431355,0.9779286926994907,0.9345335515548282
SwinIR + PathologyLoss,BraTS2021_00051,32.001278,0.988039493560791,0.06734077,0.9433877825016782,0.9535673839184597,0.856663872590109
SwinIR + PathologyLoss,BraTS2021_00051,31.947708,0.9889858961105347,0.06537486,0.9358085439498993,0.9759248385202584,0.8608294930875576
SwinIR + PathologyLoss,BraTS2021_00051,32.05126,0.9883421063423157,0.066055425,0.9429744525547445,0.9732620320855615,0.8858131487889274
SwinIR + PathologyLoss,BraTS2021_00051,31.903517,0.9886187314987183,0.06543644,0.9353369763205829,0.9849124924562462,0.8807658833768495
SwinIR + PathologyLoss,BraTS2021_00051,31.937046,0.9894067645072937,0.06369258,0.9024814976055725,0.9645645645645645,0.8374468085106384
SwinIR + PathologyLoss,BraTS2021_00051,32.110382,0.9893178343772888,0.0628326,0.9158596944265117,0.9457647775746496,0.8534201954397395
SwinIR + PathologyLoss,BraTS2021_00051,31.93754,0.9893521666526794,0.06365717,0.9402855906533968,0.960551033187226,0.8704746580852776
SwinIR + PathologyLoss,BraTS2021_00051,32.01647,0.9889729022979736,0.06381117,0.9322033898305084,0.9484126984126984,0.8551292090837901
SwinIR + PathologyLoss,BraTS2021_00051,32.361828,0.9892362952232361,0.062220868,0.9236880618858457,0.9164750957854406,0.8178694158075601
SwinIR + PathologyLoss,BraTS2021_00051,32.27737,0.9893758296966553,0.06258634,0.9224936815501263,0.9405857740585774,0.9193408499566349
SwinIR + PathologyLoss,BraTS2021_00051,32.33682,0.990418553352356,0.060601827,0.9213624894869639,0.9263984298331698,0.8960645812310797
SwinIR + PathologyLoss,BraTS2021_00051,32.232162,0.9909509420394897,0.059300266,0.9302628720399739,0.9388209121245829,0.920814479638009
SwinIR + PathologyLoss,BraTS2021_00051,32.375626,0.9904746413230896,0.06013103,0.922072451558551,0.9580686149936467,0.9487179487179487
SwinIR + PathologyLoss,BraTS2021_00051,32.561092,0.9915946125984192,0.05754889,0.9452881214894945,0.9580318379160637,0.9565217391304348
SwinIR + PathologyLoss,BraTS2021_00051,32.694515,0.9921219944953918,0.056365438,0.9542168674698795,0.9477234401349073,0.9477234401349073
SwinIR + PathologyLoss,BraTS2021_00051,33.001026,0.992438018321991,0.055095416,0.9587878787878787,0.9258426966292135,0.9258426966292135
SwinIR + PathologyLoss,BraTS2021_00051,32.497013,0.9928209185600281,0.0563647,0.9497094770587057,0.8213166144200627,0.8206896551724138
SwinIR + PathologyLoss,BraTS2021_00051,32.437183,0.9927606582641602,0.056195322,0.9551996756537604,0.45555555555555555,0.6721311475409836
SwinIR + PathologyLoss,BraTS2021_00051,32.3842,0.9925487637519836,0.057078,0.9717607973421927,0.0,0.0
SwinIR + PathologyLoss,BraTS2021_00051,32.62424,0.9925185441970825,0.05589967,0.9668127739511584,0.0,nan
SwinIR + PathologyLoss,BraTS2021_00051,32.557987,0.9924616813659668,0.055954333,0.9552862515670706,0.0,0.0
SwinIR + PathologyLoss,BraTS2021_00051,32.55982,0.9929662346839905,0.055312984,0.9372524494475714,0.0,0.0
SwinIR + PathologyLoss,BraTS2021_00051,32.91871,0.9927643537521362,0.054557387,0.9563148788927336,0.0,nan
SwinIR + PathologyLoss,BraTS2021_00051,33.15552,0.9926168322563171,0.054831155,0.9806510357386752,0.0,nan
SwinIR + PathologyLoss,BraTS2021_00051,32.773567,0.9928185939788818,0.05488375,0.9784240150093808,nan,nan
SwinIR + PathologyLoss,BraTS2021_00051,32.606224,0.9926859140396118,0.055103675,0.9757768534377294,nan,nan
SwinIR + PathologyLoss,BraTS2021_00051,32.83472,0.9921697378158569,0.056129064,0.9731980223783503,nan,nan
SwinIR + PathologyLoss,BraTS2021_00051,32.87902,0.9918216466903687,0.05691409,0.9418540866703237,nan,nan
SwinIR + PathologyLoss,BraTS2021_00051,32.860626,0.9906771779060364,0.057986617,0.9390354868061874,nan,nan
SwinIR + PathologyLoss,BraTS2021_00051,32.67077,0.9910918474197388,0.058042943,0.9340954942837929,nan,nan
SwinIR + PathologyLoss,BraTS2021_00051,32.858967,0.9907410144805908,0.058368046,0.8456127360236949,nan,nan
SwinIR + PathologyLoss,BraTS2021_00051,32.64536,0.9901226758956909,0.061137717,0.9114658925979681,nan,nan
SwinIR + PathologyLoss,BraTS2021_00051,32.2839,0.989986777305603,0.06292965,0.8365019011406845,nan,nan
SwinIR + PathologyLoss,BraTS2021_00051,32.454685,0.988876223564148,0.06563309,0.8072289156626506,nan,nan
SwinIR + PathologyLoss,BraTS2021_00051,32.290737,0.9888384342193604,0.066222094,0.7588985896574882,nan,nan
SwinIR + PathologyLoss,BraTS2021_00051,32.416,0.9889435768127441,0.06667411,0.8521916411824668,nan,nan
SwinIR + PathologyLoss,BraTS2021_00051,32.10341,0.9874264001846313,0.06912846,0.7510917030567685,nan,nan
SwinIR + PathologyLoss,BraTS2021_00051,31.859987,0.9878775477409363,0.07051835,0.6600790513833992,nan,nan
SwinIR + PathologyLoss,BraTS2021_00054,30.500092,0.957867443561554,0.12532021,0.09900990099009901,0.10989010989010989,0.10989010989010989
SwinIR + PathologyLoss,BraTS2021_00054,30.495947,0.9541531801223755,0.12703635,0.28444444444444444,0.3121951219512195,0.3121951219512195
SwinIR + PathologyLoss,BraTS2021_00054,30.412289,0.952513575553894,0.12553512,0.5050251256281407,0.676,0.7167919799498746
SwinIR + PathologyLoss,BraTS2021_00054,30.5044,0.9529532194137573,0.12335227,0.6544789762340036,0.7258485639686684,0.6404833836858006
SwinIR + PathologyLoss,BraTS2021_00054,30.34138,0.9510759711265564,0.12011573,0.8065693430656934,0.8380281690140845,0.7607726597325408
SwinIR + PathologyLoss,BraTS2021_00054,30.416965,0.9453144073486328,0.124256544,0.825,0.8195329087048833,0.7224546722454672
SwinIR + PathologyLoss,BraTS2021_00054,30.325087,0.9491329789161682,0.11690874,0.8779411764705882,0.8220183486238533,0.7908571428571428
SwinIR + PathologyLoss,BraTS2021_00054,30.587511,0.9472537636756897,0.11651913,0.8757475083056478,0.7993754879000781,0.8154981549815498
SwinIR + PathologyLoss,BraTS2021_00054,30.444664,0.9444988369941711,0.1168142,0.901591043017089,0.8556851311953353,0.8293545534924845
SwinIR + PathologyLoss,BraTS2021_00054,30.420422,0.9386195540428162,0.1172567,0.9021956087824351,0.8983050847457628,0.8379204892966361
SwinIR + PathologyLoss,BraTS2021_00054,30.551064,0.9408616423606873,0.113398336,0.8990590248075278,0.8497768963807635,0.7628205128205128
SwinIR + PathologyLoss,BraTS2021_00054,30.477707,0.931315004825592,0.1165518,0.92578125,0.8859533245266402,0.7557932263814616
SwinIR + PathologyLoss,BraTS2021_00054,30.728102,0.9385045170783997,0.11105804,0.9274725274725275,0.8879528222409435,0.781582054309327
SwinIR + PathologyLoss,BraTS2021_00054,30.408022,0.9402039051055908,0.111462645,0.9393414211438474,0.9065134099616858,0.8277404921700223
SwinIR + PathologyLoss,BraTS2021_00054,30.6254,0.9444728493690491,0.109349616,0.924461587913854,0.9114365411436541,0.7405159332321699
SwinIR + PathologyLoss,BraTS2021_00054,30.78452,0.9509579539299011,0.10450392,0.9331690791499846,0.9013716525146963,0.7206516530905606
SwinIR + PathologyLoss,BraTS2021_00054,30.529926,0.9565878510475159,0.10339819,0.8485542513598626,0.8296386273914363,0.6738017682643089
SwinIR + PathologyLoss,BraTS2021_00054,30.899887,0.9632189869880676,0.09943692,0.8911889596602972,0.8314606741573034,0.730260155180283
SwinIR + PathologyLoss,BraTS2021_00054,30.76223,0.962040901184082,0.10138193,0.8369973190348525,0.8152866242038217,0.6985391766268261
SwinIR + PathologyLoss,BraTS2021_00054,30.923191,0.9648353457450867,0.09787047,0.8885448916408669,0.8620785734187796,0.7222903885480573
SwinIR + PathologyLoss,BraTS2021_00054,30.734728,0.9618573188781738,0.10161861,0.9078947368421053,0.8933655654042439,0.7842531840988035
SwinIR + PathologyLoss,BraTS2021_00054,30.862297,0.9620900750160217,0.10106667,0.9324131366016183,0.9173760640961443,0.7861818181818182
SwinIR + PathologyLoss,BraTS2021_00054,31.003357,0.9644119143486023,0.096595794,0.9318723201524536,0.8838627700127065,0.8015731140507687
SwinIR + PathologyLoss,BraTS2021_00054,30.882092,0.9600555300712585,0.099775665,0.919318691169879,0.882925670862028,0.740280953936622
SwinIR + PathologyLoss,BraTS2021_00054,31.024446,0.9529743194580078,0.102306984,0.8915449313855688,0.8334128878281623,0.7167748548001367
SwinIR + PathologyLoss,BraTS2021_00054,31.013641,0.9479061961174011,0.10091281,0.9124971441626685,0.8341327947488008,0.732595501606569
SwinIR + PathologyLoss,BraTS2021_00054,30.968304,0.9423081278800964,0.10221912,0.9382606771409604,0.893286219081272,0.7475498479215952
SwinIR + PathologyLoss,BraTS2021_00054,31.360909,0.9487877488136292,0.09754874,0.9637788604109299,0.8710439300897497,0.7160236357316649
SwinIR + PathologyLoss,BraTS2021_00054,31.109629,0.9488642811775208,0.09856227,0.9302822925577416,0.8697273362852482,0.6980419099965648
SwinIR + PathologyLoss,BraTS2021_00054,31.261276,0.9540621638298035,0.09711507,0.922976501305483,0.8317757009345794,0.6679521789433089
SwinIR + PathologyLoss,BraTS2021_00054,31.027842,0.9492948651313782,0.100749776,0.9346755193831655,0.8667138476055674,0.6885119506553585
SwinIR + PathologyLoss,BraTS2021_00054,30.78828,0.9466363787651062,0.104049176,0.9218340611353711,0.853359489946052,0.6775510204081633
SwinIR + PathologyLoss,BraTS2021_00054,30.837814,0.9488208889961243,0.10315152,0.8947845804988662,0.8657734470158344,0.6767470371883939
SwinIR + PathologyLoss,BraTS2021_00054,30.994797,0.9537308812141418,0.10112218,0.8815668202764977,0.8492413117963779,0.6778864970645793
SwinIR + PathologyLoss,BraTS2021_00054,30.775364,0.9523254036903381,0.102521755,0.849501580354972,0.8277268093781855,0.7164646069612828
SwinIR + PathologyLoss,BraTS2021_00054,31.07134,0.9606375694274902,0.09880526,0.9407151095732411,0.905484818805093,0.7267843438219493
SwinIR + PathologyLoss,BraTS2021_00054,30.845177,0.9578249454498291,0.09969757,0.968158744808491,0.9514705882352941,0.7825751734772552
SwinIR + PathologyLoss,BraTS2021_00054,30.70457,0.9558340311050415,0.10378899,0.9433341170938161,0.92501233349778,0.7397671798723244
SwinIR + PathologyLoss,BraTS2021_00054,30.703487,0.9532885551452637,0.10743981,0.9280385078219013,0.9029622063329928,0.716607213634562
SwinIR + PathologyLoss,BraTS2021_00054,30.627785,0.9542347192764282,0.108604476,0.9484833895040924,0.9133898740683629,0.7480476777640773
SwinIR + PathologyLoss,BraTS2021_00054,30.242012,0.9547584652900696,0.110582985,0.9367280060499118,0.9170258620689655,0.6604808097849009
SwinIR + PathologyLoss,BraTS2021_00054,30.234425,0.953519344329834,0.11386644,0.9373408048904738,0.8969799604854642,0.6716615249008374
SwinIR + PathologyLoss,BraTS2021_00054,30.135405,0.9604452252388,0.11375544,0.8961946673569764,0.859403530127815,0.6467124631992149
SwinIR + PathologyLoss,BraTS2021_00054,30.03326,0.958743155002594,0.11698366,0.8194085558426644,0.8248407643312102,0.6063177746346063
SwinIR + PathologyLoss,BraTS2021_00054,30.300093,0.9646347761154175,0.114864,0.8288508557457213,0.729314863347061,0.6182224706539966
SwinIR + PathologyLoss,BraTS2021_00054,30.460178,0.9632057547569275,0.11878238,0.7664155005382132,0.6811005863779883,0.5840336134453782
SwinIR + PathologyLoss,BraTS2021_00054,30.324602,0.9624408483505249,0.12001101,0.7143427886536157,0.7285291214215203,0.596309963099631
SwinIR + PathologyLoss,BraTS2021_00054,30.013783,0.9625244140625,0.12367872,0.7280163599182005,0.7497556207233627,0.6174582798459564
SwinIR + PathologyLoss,BraTS2021_00054,29.938393,0.9607210755348206,0.13141209,0.7608797379503978,0.8127340823970037,0.6091861402095085
SwinIR + PathologyLoss,BraTS2021_00054,29.633501,0.959250271320343,0.13641019,0.6489773355444998,0.7198105761641673,0.6101694915254238
SwinIR + PathologyLoss,BraTS2021_00054,29.598045,0.9642374515533447,0.13433068,0.5845755022683085,0.7310756972111554,0.6983425414364641
SwinIR + PathologyLoss,BraTS2021_00054,29.799088,0.9680464863777161,0.13360293,0.6539278131634819,0.8436018957345972,0.823960880195599
SwinIR + PathologyLoss,BraTS2021_00054,29.695118,0.9670517444610596,0.14160247,0.22943722943722944,0.4425531914893617,0.4449244060475162
SwinIR + PathologyLoss,BraTS2021_00054,29.629372,0.9688416719436646,0.14345261,0.18018018018018017,0.35359116022099446,0.35359116022099446
SwinIR + PathologyLoss,BraTS2021_00054,29.965723,0.9726245999336243,0.14451092,0.19333333333333333,0.0,0.0
SwinIR + PathologyLoss,BraTS2021_00054,30.50152,0.9766990542411804,0.1428708,0.3298097251585624,nan,nan
SwinIR + PathologyLoss,BraTS2021_00054,30.5336,0.9776076674461365,0.14859071,0.0,nan,nan
SwinIR + PathologyLoss,BraTS2021_00054,31.033638,0.9808259010314941,0.14377059,0.0,nan,nan
SwinIR + PathologyLoss,BraTS2021_00056,31.933575,0.9825817346572876,0.13788933,0.0,0.0,0.0
SwinIR + PathologyLoss,BraTS2021_00056,31.412598,0.9819315671920776,0.13693604,0.40148698884758366,0.0,0.0
SwinIR + PathologyLoss,BraTS2021_00056,31.621822,0.9814793467521667,0.1350082,0.17827298050139276,0.0,0.0
SwinIR + PathologyLoss,BraTS2021_00056,31.346426,0.9807249307632446,0.13534126,0.04878048780487805,0.0,0.0
SwinIR + PathologyLoss,BraTS2021_00056,31.054955,0.9785629510879517,0.1371295,0.7794561933534743,0.4607329842931937,0.4607329842931937
SwinIR + PathologyLoss,BraTS2021_00056,30.897272,0.9779210090637207,0.13385524,0.4069264069264069,0.0,0.0
SwinIR + PathologyLoss,BraTS2021_00056,30.638203,0.9754437208175659,0.1355229,0.8654867256637168,0.6246498599439776,0.5942684766214178
SwinIR + PathologyLoss,BraTS2021_00056,30.700344,0.9755293726921082,0.12980504,0.8703563305534496,0.5473204104903079,0.5267080745341615
SwinIR + PathologyLoss,BraTS2021_00056,30.572111,0.9762974381446838,0.12421303,0.875717017208413,0.7953410981697171,0.7125748502994012
SwinIR + PathologyLoss,BraTS2021_00056,30.439653,0.9747931361198425,0.12463287,0.9153345174659562,0.7547770700636943,0.6464646464646465
SwinIR + PathologyLoss,BraTS2021_00056,30.610035,0.9757676124572754,0.12056664,0.8527865404837014,0.7017064846416382,0.6130728775356874
SwinIR + PathologyLoss,BraTS2021_00056,30.712698,0.9756808280944824,0.117948845,0.9048543689320389,0.8042704626334519,0.7455696202531645
SwinIR + PathologyLoss,BraTS2021_00056,30.403011,0.9734452962875366,0.12156558,0.9517712334613743,0.8756530825496343,0.8322072072072072
SwinIR + PathologyLoss,BraTS2021_00056,30.369175,0.9738325476646423,0.119222075,0.9225753871230644,0.8768373035985808,0.8313985627418463
SwinIR + PathologyLoss,BraTS2021_00056,30.779608,0.9745497107505798,0.11578078,0.9085479656588279,0.8804243008678881,0.868801652892562
SwinIR + PathologyLoss,BraTS2021_00056,30.588554,0.974429726600647,0.11440171,0.9104229104229105,0.9018120522545301,0.8466438020578148
SwinIR + PathologyLoss,BraTS2021_00056,30.605993,0.9767043590545654,0.11065333,0.936423054070113,0.8916334661354581,0.8243494423791822
SwinIR + PathologyLoss,BraTS2021_00056,30.38144,0.9764410257339478,0.11041475,0.9688004303388918,0.9019165727170236,0.8161597821152973
SwinIR + PathologyLoss,BraTS2021_00056,30.245186,0.9762136340141296,0.11182032,0.9689025957337445,0.926382529059528,0.8830004076640848
SwinIR + PathologyLoss,BraTS2021_00056,29.88979,0.9765806794166565,0.11107141,0.9724053724053724,0.9242731575388776,0.8729458917835672
SwinIR + PathologyLoss,BraTS2021_00056,29.965286,0.9761594533920288,0.11090705,0.9778823529411764,0.9248170326014638,0.8820925553319919
SwinIR + PathologyLoss,BraTS2021_00056,29.849129,0.9714553356170654,0.11557489,0.9769069279216235,0.9530546623794213,0.9008
SwinIR + PathologyLoss,BraTS2021_00056,29.730255,0.9685040712356567,0.11423116,0.9704060564349621,0.9529485570890841,0.8996566196108355
SwinIR + PathologyLoss,BraTS2021_00056,29.396772,0.9676969051361084,0.11096727,0.9758497316636852,0.9261205564142194,0.8709306779011873
SwinIR + PathologyLoss,BraTS2021_00056,29.64067,0.965453565120697,0.1128937,0.9825876129601058,0.9478787878787879,0.906950246866692
SwinIR + PathologyLoss,BraTS2021_00056,29.43345,0.9648390412330627,0.11361896,0.9777000437254044,0.9408175716900549,0.8703914861269479
SwinIR + PathologyLoss,BraTS2021_00056,29.652847,0.966885507106781,0.10779544,0.9839666154184055,0.9498792270531401,0.881406659184437
SwinIR + PathologyLoss,BraTS2021_00056,29.834616,0.969356894493103,0.10421856,0.9763261727312582,0.9262629432067775,0.8779026217228464
SwinIR + PathologyLoss,BraTS2021_00056,29.829084,0.96879643201828,0.10438069,0.9802779022859704,0.9569588438579956,0.8984547461368654
SwinIR + PathologyLoss,BraTS2021_00056,29.979599,0.9689531922340393,0.10494645,0.9592403890690134,0.934860883797054,0.8682228915662651
SwinIR + PathologyLoss,BraTS2021_00056,30.209026,0.9708588719367981,0.09916909,0.9561547479484174,0.9334225493476079,0.8844911147011308
SwinIR + PathologyLoss,BraTS2021_00056,30.308523,0.9720844626426697,0.0977715,0.9628623188405797,0.9316606140640475,0.9
SwinIR + PathologyLoss,BraTS2021_00056,30.293411,0.9705974459648132,0.0982571,0.9722158438576349,0.9375886524822695,0.9156135344476152
SwinIR + PathologyLoss,BraTS2021_00056,30.474884,0.9720293879508972,0.09554925,0.9816681943171403,0.9368843487778183,0.9184514003294892
SwinIR + PathologyLoss,BraTS2021_00056,30.517256,0.9710748195648193,0.096238054,0.9746144721233689,0.9344641480339244,0.9105125977410947
SwinIR + PathologyLoss,BraTS2021_00056,30.388535,0.9723020792007446,0.09613732,0.9605422415879932,0.8835249042145594,0.8528724894908921
SwinIR + PathologyLoss,BraTS2021_00056,30.68058,0.9752092957496643,0.09151737,0.9553398058252427,0.9352764680668667,0.8349802371541502
SwinIR + PathologyLoss,BraTS2021_00056,30.64191,0.9756641387939453,0.090778016,0.9547738693467337,0.9203296703296703,0.8293460925039873
SwinIR + PathologyLoss,BraTS2021_00056,30.852009,0.9753440618515015,0.089650616,0.9614285714285714,0.8237332178432222,0.8771744860305746
SwinIR + PathologyLoss,BraTS2021_00056,31.149645,0.9784520864486694,0.08691601,0.9806603773584905,0.876979293544458,0.8303152246814218
SwinIR + PathologyLoss,BraTS2021_00056,30.958178,0.9793738126754761,0.08645058,0.9713740458015268,0.8967320261437909,0.9253945480631277
SwinIR + PathologyLoss,BraTS2021_00056,30.947931,0.9793384671211243,0.088322245,0.96987087517934,0.6952566601689408,0.8268551236749117
SwinIR + PathologyLoss,BraTS2021_00056,31.019089,0.9814966917037964,0.08402809,0.967551622418879,0.7875108412836079,0.8866666666666667
SwinIR + PathologyLoss,BraTS2021_00056,30.887354,0.9790821075439453,0.08852857,0.9595232182766328,0.5052447552447552,0.8296296296296296
SwinIR + PathologyLoss,BraTS2021_00056,30.838224,0.9800463914871216,0.08712289,0.9554039874081847,0.5393258426966292,0.7069943289224953
SwinIR + PathologyLoss,BraTS2021_00056,31.184397,0.9810574054718018,0.086543396,0.9543639475185397,0.06818181818181818,0.2465753424657534
SwinIR + PathologyLoss,BraTS2021_00056,31.017454,0.9808366298675537,0.08709247,0.958217270194986,0.0,nan
SwinIR + PathologyLoss,BraTS2021_00056,30.838587,0.9809887409210205,0.08829948,0.9562773266708308,0.0,nan
SwinIR + PathologyLoss,BraTS2021_00056,31.113941,0.9821996092796326,0.08546272,0.966824644549763,0.0,nan
SwinIR + PathologyLoss,BraTS2021_00056,31.55676,0.9807031750679016,0.08550278,0.9271028037383178,0.0,0.0
SwinIR + PathologyLoss,BraTS2021_00056,31.584702,0.9818269610404968,0.08364112,0.8899567515617491,0.0,nan
SwinIR + PathologyLoss,BraTS2021_00056,31.61884,0.9800165891647339,0.08738078,0.8697701826753094,0.0,0.0
SwinIR + PathologyLoss,BraTS2021_00056,31.678814,0.9808837175369263,0.08467855,0.8333333333333334,0.0,nan
SwinIR + PathologyLoss,BraTS2021_00056,31.708256,0.9820566177368164,0.084008776,0.8075370121130552,nan,nan
SwinIR + PathologyLoss,BraTS2021_00056,31.80006,0.9819075465202332,0.08356178,0.5949008498583569,nan,nan
SwinIR + PathologyLoss,BraTS2021_00056,31.793783,0.9808599352836609,0.08499725,0.039473684210526314,nan,nan
SwinIR + PathologyLoss,BraTS2021_00058,31.042955,0.9759279489517212,0.12217227,0.0,nan,nan
SwinIR + PathologyLoss,BraTS2021_00058,30.760883,0.974851131439209,0.12415477,0.0,0.0,0.0
SwinIR + PathologyLoss,BraTS2021_00058,30.712149,0.9756709933280945,0.1219339,0.609375,0.8282828282828283,0.8282828282828283
SwinIR + PathologyLoss,BraTS2021_00058,30.470592,0.9745972156524658,0.12354755,0.9483960948396095,0.9366197183098591,0.9214285714285714
SwinIR + PathologyLoss,BraTS2021_00058,30.368896,0.9749071002006531,0.12392715,0.8622620380739082,0.9464285714285714,0.8809523809523809
SwinIR + PathologyLoss,BraTS2021_00058,29.901075,0.9732229709625244,0.12780029,0.9078380706287683,0.8716707021791767,0.782051282051282
SwinIR + PathologyLoss,BraTS2021_00058,29.864967,0.9747255444526672,0.125442,0.9173047473200613,0.8584269662921349,0.783625730994152
SwinIR + PathologyLoss,BraTS2021_00058,29.471783,0.9725739359855652,0.12957017,0.9382716049382716,0.8909090909090909,0.822429906542056
SwinIR + PathologyLoss,BraTS2021_00058,29.340517,0.97165846824646,0.1291582,0.9406322282189669,0.8359375,0.7297297297297297
SwinIR + PathologyLoss,BraTS2021_00058,29.382544,0.9685688018798828,0.13020748,0.9389438943894389,0.927038626609442,0.8535825545171339
SwinIR + PathologyLoss,BraTS2021_00058,29.021603,0.9654895663261414,0.13422514,0.9654088050314465,0.9108159392789373,0.8222811671087533
SwinIR + PathologyLoss,BraTS2021_00058,29.166641,0.9630492329597473,0.13525316,0.9626168224299065,0.9109947643979057,0.8545034642032333
SwinIR + PathologyLoss,BraTS2021_00058,29.093327,0.9613394141197205,0.13417645,0.950354609929078,0.9387096774193548,0.8711656441717791
SwinIR + PathologyLoss,BraTS2021_00058,29.373781,0.9613308906555176,0.13010837,0.9550387596899225,0.8858695652173914,0.8341708542713567
SwinIR + PathologyLoss,BraTS2021_00058,29.605728,0.9626291990280151,0.12376719,0.952156862745098,0.9014778325123153,0.8170731707317073
SwinIR + PathologyLoss,BraTS2021_00058,29.593075,0.9615697860717773,0.12377427,0.9629032258064516,0.8652849740932642,0.7986906710310966
SwinIR + PathologyLoss,BraTS2021_00058,29.7277,0.9627925157546997,0.11836687,0.9005481597494127,0.9504504504504504,0.9135135135135135
SwinIR + PathologyLoss,BraTS2021_00058,29.796703,0.9595146775245667,0.12040324,0.901294498381877,0.9591598599766628,0.9106382978723404
SwinIR + PathologyLoss,BraTS2021_00058,30.024212,0.9641346335411072,0.11369499,0.8935824532900081,0.9582366589327146,0.8892086330935252
SwinIR + PathologyLoss,BraTS2021_00058,29.995516,0.9611981511116028,0.1161478,0.8466257668711656,0.96,0.9146537842190016
SwinIR + PathologyLoss,BraTS2021_00058,29.764046,0.9594354033470154,0.11843597,0.8620378719567178,0.9301745635910225,0.8653500897666068
SwinIR + PathologyLoss,BraTS2021_00058,29.611813,0.954312801361084,0.11865011,0.8635394456289979,0.9447513812154696,0.8754863813229572
SwinIR + PathologyLoss,BraTS2021_00058,29.873743,0.9527100324630737,0.116675355,0.8744186046511628,0.9165402124430956,0.8313253012048193
SwinIR + PathologyLoss,BraTS2021_00058,29.973927,0.951321542263031,0.11634474,0.9230769230769231,0.9461966604823747,0.8808988764044944
SwinIR + PathologyLoss,BraTS2021_00058,29.798975,0.9498150944709778,0.1160563,0.8544600938967136,0.9078947368421053,0.8733850129198967
SwinIR + PathologyLoss,BraTS2021_00058,30.118423,0.9485323429107666,0.113741666,0.8421052631578947,0.9116022099447514,0.8861538461538462
SwinIR + PathologyLoss,BraTS2021_00058,30.290863,0.943124532699585,0.1137897,0.8776119402985074,0.9473684210526315,0.920863309352518
SwinIR + PathologyLoss,BraTS2021_00058,30.114132,0.942655086517334,0.11321669,0.7909967845659164,0.9552238805970149,0.9552238805970149
SwinIR + PathologyLoss,BraTS2021_00058,30.26145,0.9379495978355408,0.11313843,0.8571428571428571,0.8840579710144928,0.8840579710144928
SwinIR + PathologyLoss,BraTS2021_00058,30.42964,0.941355288028717,0.11143361,0.0,0.0,0.0
SwinIR + PathologyLoss,BraTS2021_00058,30.456718,0.942828357219696,0.108978644,0.0,nan,nan
SwinIR + PathologyLoss,BraTS2021_00058,30.266039,0.9429739117622375,0.109791555,0.0,nan,nan
SwinIR + PathologyLoss,BraTS2021_00064,30.74665,0.9688559174537659,0.12672672,0.8619854721549637,nan,nan
SwinIR + PathologyLoss,BraTS2021_00064,30.68607,0.9689986109733582,0.12379902,0.8819188191881919,0.0,0.0
SwinIR + PathologyLoss,BraTS2021_00064,30.771873,0.970247209072113,0.12081462,0.9284525790349417,nan,nan
SwinIR + PathologyLoss,BraTS2021_00064,30.625124,0.9669893383979797,0.12278124,0.8785310734463276,0.0,0.0
SwinIR + PathologyLoss,BraTS2021_00064,30.529675,0.9679373502731323,0.12126145,0.862,0.2727272727272727,0.2727272727272727
SwinIR + PathologyLoss,BraTS2021_00064,30.815832,0.9684178829193115,0.11676495,0.8050490883590463,0.2807017543859649,0.2830188679245283
SwinIR + PathologyLoss,BraTS2021_00064,30.824951,0.9680680632591248,0.11621064,0.9077013521457966,0.6014492753623188,0.5099601593625498
SwinIR + PathologyLoss,BraTS2021_00064,31.066114,0.9733152389526367,0.10878534,0.8914728682170543,0.7945205479452054,0.7125307125307125
SwinIR + PathologyLoss,BraTS2021_00064,30.982855,0.9721764326095581,0.10993984,0.8886885984677783,0.7793696275071633,0.6905187835420393
SwinIR + PathologyLoss,BraTS2021_00064,31.390907,0.9749152064323425,0.10583536,0.907259756609316,0.6374193548387097,0.5641952983725136
SwinIR + PathologyLoss,BraTS2021_00064,31.277952,0.9726660251617432,0.110247776,0.8908600077130736,0.6307222787385555,0.5435435435435435
SwinIR + PathologyLoss,BraTS2021_00064,31.415522,0.9758316278457642,0.1045485,0.9030808729139923,0.8101604278074866,0.6857142857142857
SwinIR + PathologyLoss,BraTS2021_00064,31.562378,0.9757241010665894,0.102855876,0.9229442208165612,0.8380080137378363,0.7453531598513011
SwinIR + PathologyLoss,BraTS2021_00064,31.44646,0.9786544442176819,0.10048099,0.9431025228126677,0.8481078278900985,0.6853932584269663
SwinIR + PathologyLoss,BraTS2021_00064,31.463472,0.9771471619606018,0.100015104,0.9475019021049962,0.9042787825319806,0.727874276261373
SwinIR + PathologyLoss,BraTS2021_00064,31.48176,0.9804370403289795,0.09595728,0.9471923536439666,0.9153908138597905,0.7284046692607004
SwinIR + PathologyLoss,BraTS2021_00064,31.570599,0.9805853366851807,0.09506152,0.9512643678160919,0.8889716840536512,0.700162074554295
SwinIR + PathologyLoss,BraTS2021_00064,31.426163,0.9780246615409851,0.099973455,0.9640091116173121,0.9268123482483525,0.7483962936564504
SwinIR + PathologyLoss,BraTS2021_00064,31.392513,0.9787313342094421,0.09928286,0.9675821701936065,0.9319066147859922,0.7507163323782235
SwinIR + PathologyLoss,BraTS2021_00064,31.216238,0.9792086482048035,0.09945811,0.9680264608599779,0.9257776408992916,0.7897435897435897
SwinIR + PathologyLoss,BraTS2021_00064,31.254261,0.9773122072219849,0.1014087,0.9620480574893331,0.9324675324675324,0.7833668678739101
SwinIR + PathologyLoss,BraTS2021_00064,31.342152,0.9785658121109009,0.099509604,0.954647507858105,0.8827964359150103,0.6860043509789703
SwinIR + PathologyLoss,BraTS2021_00064,31.286242,0.9799650311470032,0.09751724,0.9539488320355951,0.904603068712475,0.657185628742515
SwinIR + PathologyLoss,BraTS2021_00064,31.218739,0.98111891746521,0.09634317,0.9573370839193625,0.9185504126300682,0.6693037974683544
SwinIR + PathologyLoss,BraTS2021_00064,31.23394,0.9788808226585388,0.09972484,0.9609297725024728,0.9237569060773481,0.7126436781609196
SwinIR + PathologyLoss,BraTS2021_00064,31.08716,0.9787864089012146,0.09930064,0.950293143002804,0.8969651554889472,0.6462228870605834
SwinIR + PathologyLoss,BraTS2021_00064,31.164593,0.9793537855148315,0.098276645,0.9119018404907976,0.8349240014139272,0.6846986089644513
SwinIR + PathologyLoss,BraTS2021_00064,31.153915,0.9795924425125122,0.09856283,0.9394572025052192,0.8849356548069645,0.7245337159253945
SwinIR + PathologyLoss,BraTS2021_00064,31.264122,0.9804704785346985,0.097483404,0.9219269102990033,0.7810187200696561,0.691285081240768
SwinIR + PathologyLoss,BraTS2021_00064,30.984741,0.9787150621414185,0.10034456,0.9245864872441828,0.7938325991189428,0.7395993836671803
SwinIR + PathologyLoss,BraTS2021_00064,31.102325,0.9823092818260193,0.09449461,0.9297641134375828,0.8731825525040388,0.6793953858392999
SwinIR + PathologyLoss,BraTS2021_00064,31.250095,0.9807390570640564,0.09650705,0.9161542761319172,0.7922705314009661,0.6864
SwinIR + PathologyLoss,BraTS2021_00064,31.324415,0.9822574257850647,0.09597513,0.8991113434396236,0.8604943443653121,0.6076854334226989
SwinIR + PathologyLoss,BraTS2021_00064,31.518393,0.9841845035552979,0.09184264,0.9048533040855498,0.7197125256673511,0.6281352235550709
SwinIR + PathologyLoss,BraTS2021_00064,31.739246,0.9841213822364807,0.090889715,0.8805673758865248,0.5473684210526316,0.6116504854368932
SwinIR + PathologyLoss,BraTS2021_00064,31.892912,0.9839965105056763,0.08998712,0.8848797250859106,0.7769145394006659,0.6287787182587666
SwinIR + PathologyLoss,BraTS2021_00064,32.149597,0.9862732291221619,0.085238956,0.8508384819064431,0.5375191424196019,0.49029982363315694
SwinIR + PathologyLoss,BraTS2021_00064,32.293003,0.9866003394126892,0.0845517,0.8887614678899083,0.7262491203377903,0.6504559270516718
SwinIR + PathologyLoss,BraTS2021_00064,32.35138,0.9856158494949341,0.08478669,0.8907412920512057,0.7575544624033732,0.6421499292786421
SwinIR + PathologyLoss,BraTS2021_00064,32.58122,0.9871427416801453,0.08244241,0.9193357058125742,0.7864357864357865,0.705718270571827
SwinIR + PathologyLoss,BraTS2021_00064,32.635265,0.9857755899429321,0.082126796,0.9425007605719501,0.7853949329359166,0.7610146862483311
SwinIR + PathologyLoss,BraTS2021_00064,32.52253,0.9857605695724487,0.08393397,0.9448319594166138,0.8495575221238938,0.7412935323383084
SwinIR + PathologyLoss,BraTS2021_00064,32.71041,0.9868406057357788,0.08075566,0.9337251061051257,0.7937551355792933,0.6853503184713375
SwinIR + PathologyLoss,BraTS2021_00064,32.80741,0.9855362176895142,0.082016945,0.9220598469032707,0.6477157360406092,0.704225352112676
SwinIR + PathologyLoss,BraTS2021_00064,32.837395,0.9859301447868347,0.079721816,0.8986717267552182,0.638095238095238,0.6959459459459459
SwinIR + PathologyLoss,BraTS2021_00064,32.9334,0.9837042093276978,0.082853444,0.9186046511627907,0.8148148148148148,0.729264475743349
SwinIR + PathologyLoss,BraTS2021_00064,33.07819,0.9811570644378662,0.08397038,0.88207343412527,0.7005649717514124,0.7339055793991416
SwinIR + PathologyLoss,BraTS2021_00064,33.090202,0.9825290441513062,0.080820985,0.7839643652561247,0.5118219749652295,0.5527638190954773
SwinIR + PathologyLoss,BraTS2021_00064,33.526035,0.982692539691925,0.07910632,0.76,0.6666666666666666,0.6091370558375635
SwinIR + PathologyLoss,BraTS2021_00064,33.61919,0.9807397723197937,0.080164164,0.7792370231394622,0.7226277372262774,0.7226277372262774
SwinIR + PathologyLoss,BraTS2021_00064,33.364143,0.9804150462150574,0.08235564,0.7693588676103247,0.848,0.848
SwinIR + PathologyLoss,BraTS2021_00064,33.659626,0.9785378575325012,0.080410235,0.6918767507002801,0.0,0.0
SwinIR + PathologyLoss,BraTS2021_00064,33.484093,0.9772569537162781,0.083564475,0.7796610169491526,nan,nan
SwinIR + PathologyLoss,BraTS2021_00074,30.564146,0.9606685638427734,0.120031975,0.0,nan,nan
SwinIR + PathologyLoss,BraTS2021_00074,30.649136,0.9588669538497925,0.123359315,0.0,nan,nan
SwinIR + PathologyLoss,BraTS2021_00074,30.769215,0.9629296660423279,0.11754283,0.4318181818181818,nan,nan
SwinIR + PathologyLoss,BraTS2021_00074,30.939953,0.9632824659347534,0.114955716,0.8459214501510574,nan,nan
SwinIR + PathologyLoss,BraTS2021_00074,30.987846,0.9644484519958496,0.11431915,0.7482014388489209,nan,nan
SwinIR + PathologyLoss,BraTS2021_00074,30.830585,0.9645073413848877,0.115705706,0.7954911433172303,nan,nan
SwinIR + PathologyLoss,BraTS2021_00074,31.086512,0.9651433825492859,0.111939505,0.9069767441860465,nan,nan
SwinIR + PathologyLoss,BraTS2021_00074,31.010784,0.9672068953514099,0.111451015,0.8800557880055788,nan,nan
SwinIR + PathologyLoss,BraTS2021_00074,31.223183,0.9695850014686584,0.10662214,0.8773809523809524,0.0,0.0
SwinIR + PathologyLoss,BraTS2021_00074,31.330677,0.9676421284675598,0.10776205,0.916153481762198,0.651685393258427,0.8093023255813954
SwinIR + PathologyLoss,BraTS2021_00074,31.21752,0.9668369293212891,0.10869371,0.9540983606557377,0.6179245283018868,0.821656050955414
SwinIR + PathologyLoss,BraTS2021_00074,31.238644,0.9707769155502319,0.10513257,0.9654913728432108,0.5798611111111112,0.6666666666666666
SwinIR + PathologyLoss,BraTS2021_00074,31.302816,0.9692977070808411,0.105702125,0.9627391742195368,0.7275132275132276,0.7756653992395437
SwinIR + PathologyLoss,BraTS2021_00074,31.385471,0.9712942838668823,0.10265213,0.9473003556417717,0.7737226277372263,0.7886056971514243
SwinIR + PathologyLoss,BraTS2021_00074,31.282959,0.972619891166687,0.10157335,0.9572751717956379,0.7642124883504194,0.7822685788787483
SwinIR + PathologyLoss,BraTS2021_00074,31.24754,0.9710378646850586,0.10207959,0.959622752726201,0.8152173913043478,0.7657657657657657
SwinIR + PathologyLoss,BraTS2021_00074,31.241768,0.97152179479599,0.10216213,0.9516728624535316,0.8542422044960116,0.755700325732899
SwinIR + PathologyLoss,BraTS2021_00074,31.084812,0.9712454080581665,0.10291236,0.9612743751716561,0.8548278190411884,0.791907514450867
SwinIR + PathologyLoss,BraTS2021_00074,31.298368,0.9708195328712463,0.100492805,0.9766016713091922,0.8746518105849582,0.7553956834532374
SwinIR + PathologyLoss,BraTS2021_00074,31.181583,0.9693712592124939,0.1031128,0.9792553191489362,0.8557268722466961,0.7785365853658537
SwinIR + PathologyLoss,BraTS2021_00074,31.213203,0.9709895849227905,0.10262178,0.9819052687599787,0.9070975187536064,0.7955596669750231
SwinIR + PathologyLoss,BraTS2021_00074,31.239326,0.9726054668426514,0.098812684,0.9740426625546132,0.8820873055694932,0.8009708737864077
SwinIR + PathologyLoss,BraTS2021_00074,31.300652,0.9740558862686157,0.09753049,0.9754262788365096,0.8732014388489209,0.8573730862207897
SwinIR + PathologyLoss,BraTS2021_00074,31.552446,0.9737590551376343,0.09565274,0.9754037267080745,0.9090086011770032,0.863013698630137
SwinIR + PathologyLoss,BraTS2021_00074,31.49186,0.9758877754211426,0.09333124,0.9776007964161274,0.8970456580125336,0.8480355819125278
SwinIR + PathologyLoss,BraTS2021_00074,31.455755,0.97600919008255,0.093958564,0.9780801209372638,0.9322964318389753,0.8054755043227666
SwinIR + PathologyLoss,BraTS2021_00074,31.40171,0.9768663048744202,0.09432347,0.9740853658536586,0.9474727452923687,0.8072727272727273
SwinIR + PathologyLoss,BraTS2021_00074,31.487682,0.9771878719329834,0.0944974,0.9743589743589743,0.9635826771653543,0.828080229226361
SwinIR + PathologyLoss,BraTS2021_00074,31.641233,0.977818489074707,0.09246518,0.97385955920041,0.9468085106382979,0.8374699759807847
SwinIR + PathologyLoss,BraTS2021_00074,31.576561,0.9783369898796082,0.093764,0.9825713564031321,0.9314257523433646,0.8389982110912343
SwinIR + PathologyLoss,BraTS2021_00074,31.686773,0.9810646176338196,0.08804274,0.9765234765234765,0.9256115826260609,0.8349328214971209
SwinIR + PathologyLoss,BraTS2021_00074,31.90078,0.9797769784927368,0.089645386,0.9616264294790343,0.9590117911285795,0.8306364617044228
SwinIR + PathologyLoss,BraTS2021_00074,31.866932,0.9790232181549072,0.090046,0.953184957789716,0.8602704443013522,0.83745963401507
SwinIR + PathologyLoss,BraTS2021_00074,32.08191,0.9794737696647644,0.0889515,0.962889658584859,0.8568306010928962,0.8477801268498943
SwinIR + PathologyLoss,BraTS2021_00074,31.972412,0.9799773097038269,0.0880659,0.9689143950263032,0.7962032384142937,0.815242494226328
SwinIR + PathologyLoss,BraTS2021_00074,32.3188,0.9821298122406006,0.08308054,0.9790909090909091,0.7720670391061453,0.7831184056271981
SwinIR + PathologyLoss,BraTS2021_00074,32.314266,0.9826546907424927,0.082538985,0.9749888343010272,0.655840099937539,0.719626168224299
SwinIR + PathologyLoss,BraTS2021_00074,32.3338,0.9809219837188721,0.085769445,0.9797535211267606,0.5898912348048625,0.693200663349917
SwinIR + PathologyLoss,BraTS2021_00074,32.331623,0.9828437566757202,0.081547596,0.9766222416429976,0.5293729372937294,0.793002915451895
SwinIR + PathologyLoss,BraTS2021_00074,32.765587,0.981331467628479,0.0820698,0.9855199648968846,0.4977890082122552,0.8640226628895185
SwinIR + PathologyLoss,BraTS2021_00074,32.6774,0.9815764427185059,0.08083171,0.9777777777777777,0.408355795148248,0.7705779334500875
SwinIR + PathologyLoss,BraTS2021_00074,32.369045,0.9816814064979553,0.08234771,0.9835770528683915,0.3977512297962052,0.7489878542510121
SwinIR + PathologyLoss,BraTS2021_00074,32.54347,0.9808840155601501,0.08370165,0.983957219251337,0.31886477462437396,0.6363636363636364
SwinIR + PathologyLoss,BraTS2021_00074,32.667664,0.9815033078193665,0.0819203,0.9789905819850278,0.31879460745440125,0.5
SwinIR + PathologyLoss,BraTS2021_00074,32.6991,0.981015145778656,0.08398149,0.9846610588817417,0.27808676307007785,0.029197080291970802
SwinIR + PathologyLoss,BraTS2021_00074,32.890285,0.9818454384803772,0.08067275,0.9863911290322581,0.12772133526850507,0.0
SwinIR + PathologyLoss,BraTS2021_00074,32.434525,0.9814608097076416,0.084612444,0.9841755997958141,0.07453416149068323,0.0
SwinIR + PathologyLoss,BraTS2021_00074,32.325825,0.9815007448196411,0.08505478,0.9850206611570248,0.0,nan
SwinIR + PathologyLoss,BraTS2021_00074,32.305008,0.9803755283355713,0.08450492,0.9925847457627118,0.0,nan
SwinIR + PathologyLoss,BraTS2021_00074,32.45202,0.9805678129196167,0.08513583,0.9920508744038156,0.0,nan
SwinIR + PathologyLoss,BraTS2021_00074,32.042088,0.9785750508308411,0.08869714,0.9848073792729246,0.0,nan
SwinIR + PathologyLoss,BraTS2021_00074,32.11566,0.9798543453216553,0.08818188,0.9862258953168044,0.0,nan
SwinIR + PathologyLoss,BraTS2021_00074,31.627113,0.9766219258308411,0.092659004,0.9845722300140253,0.0,nan
SwinIR + PathologyLoss,BraTS2021_00074,31.775408,0.9785626530647278,0.08990229,0.9827232796486091,0.0,nan
SwinIR + PathologyLoss,BraTS2021_00074,31.503876,0.9743958115577698,0.09671665,0.9755351681957186,0.0,nan
SwinIR + PathologyLoss,BraTS2021_00074,31.64812,0.972657322883606,0.09500588,0.9668155711550734,0.0,nan
SwinIR + PathologyLoss,BraTS2021_00074,31.86246,0.9760332703590393,0.09155506,0.9725982172334103,0.0,nan
SwinIR + PathologyLoss,BraTS2021_00074,31.533157,0.9721742272377014,0.098961204,0.9724957555178269,0.0,nan
SwinIR + PathologyLoss,BraTS2021_00074,31.738413,0.9745036363601685,0.09322855,0.9810393258426966,0.0,nan
SwinIR + PathologyLoss,BraTS2021_00074,31.36259,0.9709007143974304,0.10144666,0.9741282339707537,0.0,nan
SwinIR + PathologyLoss,BraTS2021_00074,31.247604,0.9670289754867554,0.10401779,0.967663702506063,0.0,nan
SwinIR + PathologyLoss,BraTS2021_00074,31.346241,0.9693995714187622,0.1020444,0.9544592030360531,nan,nan
SwinIR + PathologyLoss,BraTS2021_00074,31.042442,0.9703994393348694,0.10337128,0.9404117009750813,0.0,nan
SwinIR + PathologyLoss,BraTS2021_00074,30.905788,0.9652822017669678,0.11214327,0.939528962444303,nan,nan
SwinIR + PathologyLoss,BraTS2021_00074,30.950735,0.9657160043716431,0.10983627,0.9017632241813602,nan,nan
SwinIR + PathologyLoss,BraTS2021_00074,30.99529,0.9606316089630127,0.11450328,0.7230769230769231,nan,nan
SwinIR + PathologyLoss,BraTS2021_00077,29.548998,0.9738355278968811,0.13060781,0.916083916083916,nan,nan
SwinIR + PathologyLoss,BraTS2021_00077,29.514372,0.9742967486381531,0.12424089,0.8836104513064132,nan,nan
SwinIR + PathologyLoss,BraTS2021_00077,29.421185,0.9724303483963013,0.12708233,0.9545454545454546,nan,nan
SwinIR + PathologyLoss,BraTS2021_00077,29.439566,0.9716910719871521,0.12780066,0.8519134775374376,nan,nan
SwinIR + PathologyLoss,BraTS2021_00077,29.876764,0.9705498218536377,0.12276406,0.781127129750983,nan,nan
SwinIR + PathologyLoss,BraTS2021_00077,30.064394,0.9751397371292114,0.11641896,0.7956469165659008,nan,nan
SwinIR + PathologyLoss,BraTS2021_00077,30.456673,0.9742064476013184,0.11293828,0.7070914696813977,0.0,0.0
SwinIR + PathologyLoss,BraTS2021_00077,30.385998,0.9736889600753784,0.11231868,0.6614310645724258,0.0,0.0
SwinIR + PathologyLoss,BraTS2021_00077,30.382164,0.9739460349082947,0.11201312,0.7128560431100847,0.651685393258427,0.7341772151898734
SwinIR + PathologyLoss,BraTS2021_00077,30.390804,0.9714513421058655,0.11048305,0.6737668161434978,0.7025495750708215,0.7025495750708215
SwinIR + PathologyLoss,BraTS2021_00077,30.41689,0.9725919961929321,0.10644071,0.6203125,0.45649432534678436,0.5429864253393665
SwinIR + PathologyLoss,BraTS2021_00077,30.623274,0.9738178253173828,0.10529826,0.6966745045347665,0.4244482173174873,0.4699248120300752
SwinIR + PathologyLoss,BraTS2021_00077,30.717012,0.974644124507904,0.103065684,0.8376534788540245,0.6992561105207227,0.7107258938244854
SwinIR + PathologyLoss,BraTS2021_00077,30.858946,0.9763138294219971,0.10145352,0.851140456182473,0.719650655021834,0.7556427870461236
SwinIR + PathologyLoss,BraTS2021_00077,30.844755,0.9798938632011414,0.096377596,0.8910359634997316,0.6790281329923273,0.7059748427672956
SwinIR + PathologyLoss,BraTS2021_00077,30.784788,0.9804999232292175,0.09381431,0.9297903461725987,0.9409961685823754,0.9045871559633027
SwinIR + PathologyLoss,BraTS2021_00077,31.00714,0.9796910881996155,0.09520881,0.9262536873156342,0.7943262411347518,0.8060174188440221
SwinIR + PathologyLoss,BraTS2021_00077,30.931177,0.9808398485183716,0.09308562,0.9479096803040465,0.911327524346489,0.8817354793561931
SwinIR + PathologyLoss,BraTS2021_00077,30.898426,0.9819069504737854,0.092358395,0.9581048475542883,0.944980694980695,0.9148099606815203
SwinIR + PathologyLoss,BraTS2021_00077,30.851082,0.982040524482727,0.09226767,0.9662921348314607,0.9559965487489215,0.9205607476635514
SwinIR + PathologyLoss,BraTS2021_00077,30.925308,0.9837621450424194,0.08928206,0.9673099645529736,0.9542695265074869,0.9239766081871345
SwinIR + PathologyLoss,BraTS2021_00077,30.709135,0.9836571216583252,0.09004954,0.9688038277511962,0.9801223241590215,0.9434187016081
SwinIR + PathologyLoss,BraTS2021_00077,30.666203,0.9828237295150757,0.09110673,0.9711355867831372,0.9437259699405802,0.9536981358989778
SwinIR + PathologyLoss,BraTS2021_00077,30.699635,0.9845232367515564,0.08806294,0.9738656987295826,0.9691358024691358,0.9391100702576113
SwinIR + PathologyLoss,BraTS2021_00077,30.555134,0.9844876527786255,0.08781037,0.9623704780948918,0.9899531145344943,0.967397747480735
SwinIR + PathologyLoss,BraTS2021_00077,30.59122,0.9847503900527954,0.08686181,0.9693140794223827,0.9765777488614183,0.9429611650485437
SwinIR + PathologyLoss,BraTS2021_00077,30.518185,0.9852529168128967,0.08719432,0.9653097345132743,0.9864516129032258,0.9510309278350515
SwinIR + PathologyLoss,BraTS2021_00077,30.606041,0.9868306517601013,0.08505419,0.9512520868113522,0.9677217173299906,0.8952254641909815
SwinIR + PathologyLoss,BraTS2021_00077,30.610836,0.9860990643501282,0.08579793,0.9644757164921915,0.9861286254728878,0.9419002050580998
SwinIR + PathologyLoss,BraTS2021_00077,30.505344,0.9861964583396912,0.08565922,0.9595375722543352,0.9717829457364341,0.9241379310344827
SwinIR + PathologyLoss,BraTS2021_00077,30.830471,0.9859455823898315,0.084866166,0.9425401556549098,0.9595867517471893,0.8863172226004085
SwinIR + PathologyLoss,BraTS2021_00077,30.754997,0.9873785376548767,0.08188609,0.955702479338843,0.9695463020509634,0.917963224893918
SwinIR + PathologyLoss,BraTS2021_00077,31.0022,0.9872718453407288,0.08181759,0.9526342030912415,0.9652146662488248,0.9254163649529327
SwinIR + PathologyLoss,BraTS2021_00077,31.34342,0.9882881045341492,0.07713616,0.9553779553779553,0.9674952198852772,0.9366351056081573
SwinIR + PathologyLoss,BraTS2021_00077,31.61776,0.9881747364997864,0.07682226,0.9436574372182872,0.9675590551181102,0.9231873653984207
SwinIR + PathologyLoss,BraTS2021_00077,31.577051,0.9895551204681396,0.07547788,0.9471214017521903,0.9739967897271268,0.9127218934911243
SwinIR + PathologyLoss,BraTS2021_00077,31.714304,0.9901255965232849,0.07246917,0.9322059489657255,0.976159793814433,0.8844290657439446
SwinIR + PathologyLoss,BraTS2021_00077,31.331532,0.9901450872421265,0.07418298,0.933812518718179,0.9883449883449883,0.9274447949526814
SwinIR + PathologyLoss,BraTS2021_00077,31.341187,0.9891524314880371,0.075260244,0.9231687304192153,0.9621010638297872,0.9075816270060875
SwinIR + PathologyLoss,BraTS2021_00077,31.341602,0.9894737601280212,0.07533834,0.910318508733304,0.9573233185387504,0.906318082788671
SwinIR + PathologyLoss,BraTS2021_00077,31.355232,0.9895161986351013,0.07517873,0.905894519131334,0.9822912902059993,0.941638608305275
SwinIR + PathologyLoss,BraTS2021_00077,31.56765,0.9898619055747986,0.07338771,0.8918394748620021,0.9858724704085529,0.9571899012074643
SwinIR + PathologyLoss,BraTS2021_00077,31.448051,0.9896162748336792,0.07344295,0.8944229048613183,0.8572448251249107,0.9335394126738794
SwinIR + PathologyLoss,BraTS2021_00077,31.514011,0.9899053573608398,0.074006245,0.8857398568019093,0.9779887785930081,0.9560499186109603
SwinIR + PathologyLoss,BraTS2021_00077,31.53301,0.9887224435806274,0.07462659,0.8882733148661126,0.9373848987108656,0.9159859976662778
SwinIR + PathologyLoss,BraTS2021_00077,31.437157,0.9882255792617798,0.076980054,0.8859498988641668,0.9105263157894737,0.8978007761966365
SwinIR + PathologyLoss,BraTS2021_00077,31.520077,0.9877413511276245,0.07755962,0.8752762867066625,0.8904933814681107,0.8908474576271187
SwinIR + PathologyLoss,BraTS2021_00077,31.275906,0.9864671230316162,0.08027131,0.8894659957799058,0.842741935483871,0.8455516014234875
SwinIR + PathologyLoss,BraTS2021_00077,31.350906,0.9870107769966125,0.07895827,0.8527007533258535,0.7174825174825175,0.7632561613144138
SwinIR + PathologyLoss,BraTS2021_00077,31.415215,0.9869013428688049,0.07813599,0.8348775645268034,0.7734806629834254,0.8155339805825242
SwinIR + PathologyLoss,BraTS2021_00077,31.430273,0.9846392869949341,0.080694646,0.8337296506310591,0.9088397790055248,0.9354375896700143
SwinIR + PathologyLoss,BraTS2021_00077,31.535051,0.9842004776000977,0.08055859,0.8065487391795257,0.8700564971751412,0.875
SwinIR + PathologyLoss,BraTS2021_00077,31.25468,0.9830248355865479,0.082674876,0.7969377990430622,0.40387722132471726,0.5115303983228512
SwinIR + PathologyLoss,BraTS2021_00077,31.556118,0.9847062230110168,0.080432646,0.7837505129257284,0.0,0.0
SwinIR + PathologyLoss,BraTS2021_00077,31.57441,0.9825329780578613,0.08255583,0.7898312513697129,0.0,0.0
SwinIR + PathologyLoss,BraTS2021_00077,31.666103,0.9809648990631104,0.08548724,0.8257012706784944,0.0,0.0
SwinIR + PathologyLoss,BraTS2021_00077,31.233486,0.9800388813018799,0.08797428,0.8148327678138633,0.0,0.0
SwinIR + PathologyLoss,BraTS2021_00077,31.08573,0.9811537861824036,0.08621102,0.8297553669495756,0.0,0.0
SwinIR + PathologyLoss,BraTS2021_00077,31.2068,0.9819447994232178,0.08696919,0.83801184651043,0.0,0.0
SwinIR + PathologyLoss,BraTS2021_00077,31.14358,0.9785213470458984,0.09024805,0.8335949764521193,0.0,0.0
SwinIR + PathologyLoss,BraTS2021_00077,31.180689,0.9801024198532104,0.09102312,0.9001751313485113,0.0,0.0
SwinIR + PathologyLoss,BraTS2021_00077,31.231724,0.9805419445037842,0.09040193,0.934602394841879,0.0,0.0
SwinIR + PathologyLoss,BraTS2021_00077,30.818594,0.9794996380805969,0.09362444,0.9533777354900095,0.0,0.0
SwinIR + PathologyLoss,BraTS2021_00077,30.813139,0.9777986407279968,0.09558562,0.9621513944223108,0.0,0.0
SwinIR + PathologyLoss,BraTS2021_00077,30.902454,0.9770864248275757,0.09726291,0.9631190727081138,0.0,0.0
SwinIR + PathologyLoss,BraTS2021_00077,30.899456,0.978966236114502,0.09555769,0.9487577639751553,0.0,0.0
SwinIR + PathologyLoss,BraTS2021_00077,30.698467,0.9741723537445068,0.10172589,0.9487293802942488,0.0,0.0
SwinIR + PathologyLoss,BraTS2021_00077,30.655159,0.9779255390167236,0.09929156,0.9423558897243107,0.0,0.0
SwinIR + PathologyLoss,BraTS2021_00077,30.531704,0.9746337532997131,0.10621434,0.8671254632080466,0.0,0.0
SwinIR + PathologyLoss,BraTS2021_00077,30.449104,0.9750964641571045,0.10668283,0.9129251700680272,0.0,0.0
SwinIR + PathologyLoss,BraTS2021_00077,30.25795,0.9739625453948975,0.11239889,0.8452296819787986,0.0,0.0
SwinIR + PathologyLoss,BraTS2021_00077,30.163687,0.9755915403366089,0.115138456,0.6542800265428003,0.0,0.0
SwinIR + PathologyLoss,BraTS2021_00077,29.861073,0.9717224836349487,0.1258691,0.8167006109979633,0.0,0.0
SwinIR + PathologyLoss,BraTS2021_00077,30.141842,0.9760756492614746,0.12133551,0.7297605473204105,0.0,0.0
SwinIR + PathologyLoss,BraTS2021_00077,30.516792,0.9783999919891357,0.119702525,0.5838218053927315,0.0,0.0
SwinIR + PathologyLoss,BraTS2021_00077,30.638767,0.9805117845535278,0.117705025,0.21441550575408844,0.0,0.0
SwinIR + PathologyLoss,BraTS2021_00081,31.204157,0.9786403179168701,0.1466768,0.0,nan,nan
SwinIR + PathologyLoss,BraTS2021_00081,30.91506,0.9780117869377136,0.14626814,0.0,nan,nan
SwinIR + PathologyLoss,BraTS2021_00081,30.748604,0.9782955646514893,0.14375654,0.0,nan,nan
SwinIR + PathologyLoss,BraTS2021_00081,31.147411,0.9796583652496338,0.13647324,0.0,nan,nan
SwinIR + PathologyLoss,BraTS2021_00081,31.07246,0.9802147150039673,0.13320938,0.5714285714285714,nan,nan
SwinIR + PathologyLoss,BraTS2021_00081,31.115997,0.9809579253196716,0.12831508,0.644927536231884,0.0,0.0
SwinIR + PathologyLoss,BraTS2021_00081,31.063793,0.98125159740448,0.12673143,0.6820987654320988,0.0,0.0
SwinIR + PathologyLoss,BraTS2021_00081,31.364,0.981975793838501,0.12227736,0.8102189781021898,0.5432098765432098,0.5569620253164557
SwinIR + PathologyLoss,BraTS2021_00081,30.960693,0.9813801646232605,0.12431071,0.9526411657559198,0.28923076923076924,0.31756756756756754
SwinIR + PathologyLoss,BraTS2021_00081,31.096336,0.9822034239768982,0.12016215,0.8636734693877551,0.3354564755838641,0.3940149625935162
SwinIR + PathologyLoss,BraTS2021_00081,31.299221,0.9831377863883972,0.11676454,0.8804523424878837,0.5372340425531915,0.5580110497237569
SwinIR + PathologyLoss,BraTS2021_00081,31.215498,0.9836012721061707,0.11548174,0.9107413010590015,0.5054466230936819,0.5471698113207547
SwinIR + PathologyLoss,BraTS2021_00081,31.003075,0.983128011226654,0.11714397,0.9259259259259259,0.7987220447284346,0.7987220447284346
SwinIR + PathologyLoss,BraTS2021_00081,31.21526,0.9826726913452148,0.11845377,0.917741935483871,0.7038834951456311,0.7038834951456311
SwinIR + PathologyLoss,BraTS2021_00081,31.286104,0.9835130572319031,0.114656724,0.9624060150375939,0.853185595567867,0.8579387186629527
SwinIR + PathologyLoss,BraTS2021_00081,31.273754,0.9843025803565979,0.11272242,0.9488636363636364,0.8101851851851852,0.8101851851851852
SwinIR + PathologyLoss,BraTS2021_00081,31.321318,0.9842796325683594,0.11273579,0.9615133724722765,0.7155963302752294,0.7150837988826816
SwinIR + PathologyLoss,BraTS2021_00081,31.074978,0.9841946959495544,0.11387187,0.9826946847960445,0.7417677642980935,0.7664233576642335
SwinIR + PathologyLoss,BraTS2021_00081,30.865482,0.9850269556045532,0.111043274,0.9784431137724551,0.7900826446280992,0.7846410684474123
SwinIR + PathologyLoss,BraTS2021_00081,30.637276,0.9843634366989136,0.11390687,0.9671746776084408,0.9185441941074524,0.9185441941074524
SwinIR + PathologyLoss,BraTS2021_00081,30.873913,0.983224093914032,0.117513806,0.9693174702567313,0.8619631901840491,0.8726708074534162
SwinIR + PathologyLoss,BraTS2021_00081,30.50619,0.9839174747467041,0.11526461,0.9664516129032258,0.8567208271787297,0.866965620328849
SwinIR + PathologyLoss,BraTS2021_00081,30.407726,0.982290506362915,0.11807916,0.9623029472241261,0.8922155688622755,0.8948948948948949
SwinIR + PathologyLoss,BraTS2021_00081,30.180504,0.9817225337028503,0.12001569,0.9562638991845812,0.9737704918032787,0.9737704918032787
SwinIR + PathologyLoss,BraTS2021_00081,30.503237,0.9816631078720093,0.11817127,0.9478827361563518,0.9508196721311475,0.9508196721311475
SwinIR + PathologyLoss,BraTS2021_00081,30.29279,0.9801993370056152,0.12197909,0.9102447869446962,0.9387040280210157,0.9387040280210157
SwinIR + PathologyLoss,BraTS2021_00081,30.26225,0.9801425933837891,0.11998993,0.94662638469285,0.9380863039399625,0.9380863039399625
SwinIR + PathologyLoss,BraTS2021_00081,30.48005,0.9802469611167908,0.11910471,0.9631966351209253,0.9423459244532804,0.9423459244532804
SwinIR + PathologyLoss,BraTS2021_00081,30.541492,0.9799644947052002,0.119051345,0.9394261424017003,0.8245931283905967,0.8245931283905967
SwinIR + PathologyLoss,BraTS2021_00081,30.722971,0.9803128242492676,0.11703958,0.9578107183580388,0.84375,0.84375
SwinIR + PathologyLoss,BraTS2021_00081,30.891338,0.9812063574790955,0.11364089,0.9276315789473685,0.7334525939177102,0.7522935779816514
SwinIR + PathologyLoss,BraTS2021_00081,30.672329,0.980398952960968,0.1143029,0.9419354838709677,0.7707509881422925,0.7707509881422925
SwinIR + PathologyLoss,BraTS2021_00081,30.957367,0.9806264042854309,0.11204086,0.9445628997867804,0.9113924050632911,0.8974358974358975
SwinIR + PathologyLoss,BraTS2021_00081,30.876232,0.9808710217475891,0.11237232,0.9483471074380165,0.9013333333333333,0.8834688346883469
SwinIR + PathologyLoss,BraTS2021_00081,30.63741,0.981009304523468,0.11100974,0.9484732824427481,0.724373576309795,0.7344110854503464
SwinIR + PathologyLoss,BraTS2021_00081,30.887241,0.9811959266662598,0.10938465,0.9306197964847364,0.9014925373134328,0.9014925373134328
SwinIR + PathologyLoss,BraTS2021_00081,30.774261,0.9814515113830566,0.10932237,0.9827288428324698,0.72,0.7417582417582418
SwinIR + PathologyLoss,BraTS2021_00081,30.601843,0.9808035492897034,0.11079926,0.9634255129348795,0.803088803088803,0.803088803088803
SwinIR + PathologyLoss,BraTS2021_00081,30.776337,0.9827377200126648,0.10641708,0.9550359712230215,0.48466257668711654,0.5163398692810458
SwinIR + PathologyLoss,BraTS2021_00081,30.960188,0.9823771119117737,0.10471985,0.9510357815442562,0.8,0.8
SwinIR + PathologyLoss,BraTS2021_00081,30.867235,0.9823616147041321,0.10308303,0.9610136452241715,0.7647058823529411,0.7647058823529411
SwinIR + PathologyLoss,BraTS2021_00081,30.979422,0.9820009469985962,0.10327038,0.9803149606299213,0.18823529411764706,0.2962962962962963
SwinIR + PathologyLoss,BraTS2021_00081,30.809433,0.9807240962982178,0.10327968,0.9664570230607966,nan,nan
SwinIR + PathologyLoss,BraTS2021_00081,30.986546,0.981609046459198,0.1027398,0.9694323144104804,0.0,0.0
SwinIR + PathologyLoss,BraTS2021_00081,30.89848,0.9800764918327332,0.10274104,0.9551886792452831,0.0,0.0
SwinIR + PathologyLoss,BraTS2021_00081,30.939793,0.9789884686470032,0.1025347,0.9402390438247012,0.0,0.0
SwinIR + PathologyLoss,BraTS2021_00081,30.798462,0.9754518866539001,0.107753545,0.8442906574394463,nan,nan
SwinIR + PathologyLoss,BraTS2021_00081,30.634062,0.9748329520225525,0.108306795,0.76,nan,nan
SwinIR + PathologyLoss,BraTS2021_00081,30.69706,0.9762237668037415,0.106138825,0.7783251231527094,nan,nan
SwinIR + PathologyLoss,BraTS2021_00081,30.67734,0.974066436290741,0.10677113,0.8,nan,nan
SwinIR + PathologyLoss,BraTS2021_00099,29.654713,0.9640593528747559,0.124007456,0.7175572519083969,nan,nan
SwinIR + PathologyLoss,BraTS2021_00099,29.79787,0.9631478190422058,0.12089156,0.8852459016393442,nan,nan
SwinIR + PathologyLoss,BraTS2021_00099,29.852789,0.9637050032615662,0.11852961,0.7160493827160493,nan,nan
SwinIR + PathologyLoss,BraTS2021_00099,29.966211,0.9644983410835266,0.1175309,0.0,nan,nan
SwinIR + PathologyLoss,BraTS2021_00099,30.019405,0.9619156122207642,0.116850115,0.6609686609686609,nan,nan
SwinIR + PathologyLoss,BraTS2021_00099,29.930685,0.9647825956344604,0.11419208,0.10658307210031348,nan,nan
SwinIR + PathologyLoss,BraTS2021_00099,30.061762,0.9666773676872253,0.111878395,0.0,nan,nan
SwinIR + PathologyLoss,BraTS2021_00099,30.237476,0.9649174213409424,0.11199627,0.319672131147541,nan,nan
SwinIR + PathologyLoss,BraTS2021_00099,30.331139,0.965172529220581,0.10900444,0.34572490706319703,0.0,0.0
SwinIR + PathologyLoss,BraTS2021_00099,30.367144,0.9672096371650696,0.107738465,0.42038216560509556,0.0,0.0
SwinIR + PathologyLoss,BraTS2021_00099,30.46288,0.9660309553146362,0.107779704,0.0186219739292365,0.0,0.0
SwinIR + PathologyLoss,BraTS2021_00099,30.50369,0.9647660255432129,0.107914016,0.5344585091420534,0.4657534246575342,0.4657534246575342
SwinIR + PathologyLoss,BraTS2021_00099,30.44714,0.9668834209442139,0.104869306,0.8848368522072937,0.7450980392156863,0.7450980392156863
SwinIR + PathologyLoss,BraTS2021_00099,30.692833,0.9673681259155273,0.10465669,0.8695652173913043,0.7547169811320755,0.7547169811320755
SwinIR + PathologyLoss,BraTS2021_00099,30.440296,0.9662373065948486,0.10442417,0.8812056737588653,0.6547619047619048,0.6547619047619048
SwinIR + PathologyLoss,BraTS2021_00099,30.018013,0.9675779938697815,0.10447891,0.9132007233273056,0.5875,0.5875
SwinIR + PathologyLoss,BraTS2021_00099,30.310667,0.9676463603973389,0.1047553,0.9403747870528109,0.6046511627906976,0.6046511627906976
SwinIR + PathologyLoss,BraTS2021_00099,30.04914,0.9692035913467407,0.10381714,0.881578947368421,0.37037037037037035,0.37037037037037035
SwinIR + PathologyLoss,BraTS2021_00099,30.041088,0.9690360426902771,0.10721515,0.9139784946236559,0.0,0.0
SwinIR + PathologyLoss,BraTS2021_00099,30.089207,0.9725084900856018,0.103301264,0.8708206686930091,nan,nan
SwinIR + PathologyLoss,BraTS2021_00099,30.402697,0.9744105935096741,0.098700345,0.7495361781076066,0.0,0.0
SwinIR + PathologyLoss,BraTS2021_00099,30.520144,0.9760928750038147,0.097358376,0.805,0.0,0.0
SwinIR + PathologyLoss,BraTS2021_00099,30.414162,0.975240170955658,0.09938356,0.8057381948595338,0.0,0.0
SwinIR + PathologyLoss,BraTS2021_00099,30.287384,0.9772762060165405,0.098034635,0.824696802646086,0.0,0.0
SwinIR + PathologyLoss,BraTS2021_00099,30.339905,0.9776188731193542,0.09740156,0.7581967213114754,0.46153846153846156,0.46153846153846156
SwinIR + PathologyLoss,BraTS2021_00099,30.745068,0.9787799119949341,0.09449447,0.7311608961303462,0.0,0.0
SwinIR + PathologyLoss,BraTS2021_00099,30.868633,0.9810900688171387,0.09044926,0.7392875580795044,0.618421052631579,0.6
SwinIR + PathologyLoss,BraTS2021_00099,30.878143,0.9809686541557312,0.090904795,0.6659856996935649,0.5043478260869565,0.46296296296296297
SwinIR + PathologyLoss,BraTS2021_00099,31.33888,0.9825233817100525,0.087051354,0.6673296867230234,0.7574257425742574,0.7216494845360825
SwinIR + PathologyLoss,BraTS2021_00099,31.354067,0.9829519391059875,0.0877152,0.7093023255813954,0.9044834307992202,0.7643312101910829
SwinIR + PathologyLoss,BraTS2021_00099,31.077719,0.9834409356117249,0.08624688,0.8174569869911876,0.9251700680272109,0.7863777089783281
SwinIR + PathologyLoss,BraTS2021_00099,31.271973,0.9829535484313965,0.08650679,0.8995250274022653,0.8930099857346647,0.6462395543175488
SwinIR + PathologyLoss,BraTS2021_00099,31.286757,0.9815495610237122,0.08786772,0.8779750661125802,0.8823529411764706,0.6765578635014837
SwinIR + PathologyLoss,BraTS2021_00099,31.110697,0.9818247556686401,0.08799556,0.8598890942698706,0.8910648714810282,0.708994708994709
SwinIR + PathologyLoss,BraTS2021_00099,31.297604,0.9798244833946228,0.08998852,0.8095772540216984,0.8935672514619883,0.700507614213198
SwinIR + PathologyLoss,BraTS2021_00099,30.92805,0.9784965515136719,0.091838315,0.8054919908466819,0.8869179600886918,0.7220902612826603
SwinIR + PathologyLoss,BraTS2021_00099,31.090263,0.9755259156227112,0.09352396,0.8323308270676691,0.9064261555806088,0.7539267015706806
SwinIR + PathologyLoss,BraTS2021_00099,30.720339,0.9747710824012756,0.0933551,0.8562783661119516,0.8401253918495298,0.6934673366834171
SwinIR + PathologyLoss,BraTS2021_00099,30.80823,0.9732045531272888,0.095231764,0.9113001215066828,0.9107344632768362,0.7267605633802817
SwinIR + PathologyLoss,BraTS2021_00099,30.785877,0.9746330976486206,0.09383756,0.9279486002753556,0.9515738498789347,0.845679012345679
SwinIR + PathologyLoss,BraTS2021_00099,30.368526,0.9742600917816162,0.096623205,0.9467713787085514,0.929510155316607,0.7908309455587392
SwinIR + PathologyLoss,BraTS2021_00099,30.369118,0.9748032093048096,0.09709871,0.9407665505226481,0.8982035928143712,0.7
SwinIR + PathologyLoss,BraTS2021_00099,30.244877,0.9748950004577637,0.09819548,0.9436875567665758,0.9320905459387483,0.8115015974440895
SwinIR + PathologyLoss,BraTS2021_00099,30.235327,0.9726868271827698,0.10178676,0.9423631123919308,0.889168765743073,0.7559055118110236
SwinIR + PathologyLoss,BraTS2021_00099,30.025497,0.9728989601135254,0.10220012,0.9154720711814137,0.887468030690537,0.7703703703703704
SwinIR + PathologyLoss,BraTS2021_00099,30.011658,0.9736599326133728,0.10219698,0.9426617569700158,0.9358059914407989,0.8184438040345822
SwinIR + PathologyLoss,BraTS2021_00099,29.875355,0.9747000336647034,0.10519719,0.9667013527575442,0.9331352154531947,0.8286604361370716
SwinIR + PathologyLoss,BraTS2021_00099,29.608746,0.9743521213531494,0.10668228,0.9467910038398245,0.9376053962900506,0.8362369337979094
SwinIR + PathologyLoss,BraTS2021_00099,29.443645,0.974122166633606,0.1080933,0.9354660783232212,0.9393414211438474,0.8609271523178808
SwinIR + PathologyLoss,BraTS2021_00099,29.477055,0.9751472473144531,0.10979538,0.9214768590743629,0.8571428571428571,0.7514792899408284
SwinIR + PathologyLoss,BraTS2021_00099,29.537107,0.9754241704940796,0.110775165,0.9307036247334755,0.9213051823416507,0.8
SwinIR + PathologyLoss,BraTS2021_00099,29.67152,0.97660893201828,0.10956887,0.901937756899589,0.9249492900608519,0.8406779661016949
SwinIR + PathologyLoss,BraTS2021_00099,29.674852,0.9767971634864807,0.11113766,0.9072681704260651,0.8926829268292683,0.8
SwinIR + PathologyLoss,BraTS2021_00099,29.529896,0.9757307171821594,0.1161879,0.9363425925925926,0.8044444444444444,0.803030303030303
SwinIR + PathologyLoss,BraTS2021_00099,29.579145,0.9787420034408569,0.11320935,0.9397163120567376,0.9185667752442996,0.8148148148148148
SwinIR + PathologyLoss,BraTS2021_00099,29.370705,0.9783668518066406,0.116569065,0.942089552238806,0.9327731092436975,0.8910891089108911
SwinIR + PathologyLoss,BraTS2021_00099,29.53109,0.9806872010231018,0.1135236,0.9476849067949489,0.8436018957345972,0.8934010152284264
SwinIR + PathologyLoss,BraTS2021_00099,29.504871,0.9794446229934692,0.11802568,0.9425149700598803,0.3836477987421384,0.6976744186046512
SwinIR + PathologyLoss,BraTS2021_00099,29.597775,0.9810726046562195,0.115994394,0.9676190476190476,0.0,0.0
SwinIR + PathologyLoss,BraTS2021_00099,29.406929,0.9815130829811096,0.118837975,0.9598420013166556,0.0,0.0
SwinIR + PathologyLoss,BraTS2021_00099,29.05544,0.9808266162872314,0.12389465,0.9674355495251018,nan,nan
SwinIR + PathologyLoss,BraTS2021_00099,29.003708,0.9798265099525452,0.12880935,0.9609652235628106,nan,nan
SwinIR + PathologyLoss,BraTS2021_00099,29.4925,0.9817817211151123,0.12771586,0.9706546275395034,0.0,0.0
SwinIR + PathologyLoss,BraTS2021_00099,29.427544,0.9826525449752808,0.12920088,0.9527622097678142,0.0,0.0
SwinIR + PathologyLoss,BraTS2021_00099,29.65802,0.9829744696617126,0.13127512,0.94067067927773,0.0,0.0
SwinIR + PathologyLoss,BraTS2021_00099,29.743843,0.9834738969802856,0.13314624,0.9310710498409331,nan,nan
SwinIR + PathologyLoss,BraTS2021_00099,30.141907,0.9850540161132812,0.13084894,0.8855345911949686,nan,nan
SwinIR + PathologyLoss,BraTS2021_00099,30.420212,0.9849038124084473,0.13465469,0.9088235294117647,nan,nan
SwinIR + PathologyLoss,BraTS2021_00099,30.438917,0.9848740100860596,0.13886505,0.9399293286219081,nan,nan
SwinIR + PathologyLoss,BraTS2021_00099,30.876951,0.9853439927101135,0.1408207,0.8741092636579573,nan,nan
SwinIR + PathologyLoss,BraTS2021_00099,31.213896,0.9849352240562439,0.14633773,0.8461538461538461,nan,nan
SwinIR + PathologyLoss,BraTS2021_00100,30.037863,0.9675617814064026,0.09217791,0.8545994065281899,0.7222222222222222,0.7323943661971831
SwinIR + PathologyLoss,BraTS2021_00100,30.338291,0.9676607251167297,0.08882262,0.8015122873345936,0.8235294117647058,0.8235294117647058
SwinIR + PathologyLoss,BraTS2021_00100,30.31965,0.9654634594917297,0.088635154,0.8625,0.8762886597938144,0.8762886597938144
SwinIR + PathologyLoss,BraTS2021_00100,30.343143,0.965328574180603,0.087964825,0.862796833773087,0.7330677290836654,0.7647058823529411
SwinIR + PathologyLoss,BraTS2021_00100,29.957832,0.9565202593803406,0.088873565,0.9222797927461139,0.8995215311004785,0.8995215311004785
SwinIR + PathologyLoss,BraTS2021_00100,30.34385,0.9533849358558655,0.089279056,0.922509225092251,0.8614457831325302,0.8580060422960725
SwinIR + PathologyLoss,BraTS2021_00100,30.392963,0.9497939944267273,0.08598823,0.9113712374581939,0.8256880733944955,0.8259860788863109
SwinIR + PathologyLoss,BraTS2021_00100,30.636217,0.9460272192955017,0.084396034,0.9209453952730237,0.7716535433070866,0.7617107942973523
SwinIR + PathologyLoss,BraTS2021_00100,30.95196,0.9524391889572144,0.0794057,0.9109792284866469,0.7843137254901961,0.7555555555555555
SwinIR + PathologyLoss,BraTS2021_00100,31.209122,0.9564904570579529,0.077088095,0.9175187457396047,0.83984375,0.7858627858627859
SwinIR + PathologyLoss,BraTS2021_00100,31.150364,0.9545851349830627,0.07938255,0.9267676767676768,0.7740916271721959,0.7648054145516074
SwinIR + PathologyLoss,BraTS2021_00100,31.15038,0.9580684304237366,0.07547209,0.9193154034229829,0.7807308970099668,0.7413793103448276
SwinIR + PathologyLoss,BraTS2021_00100,31.406013,0.9619252681732178,0.07460588,0.9260416666666667,0.8817204301075269,0.870253164556962
SwinIR + PathologyLoss,BraTS2021_00100,31.197393,0.9624375104904175,0.07451607,0.9300602130616026,0.8281622911694511,0.7806122448979592
SwinIR + PathologyLoss,BraTS2021_00100,31.296263,0.9614800214767456,0.07579041,0.8905723905723906,0.8898305084745762,0.8009888751545118
SwinIR + PathologyLoss,BraTS2021_00100,31.356153,0.9675424695014954,0.07222109,0.9590222861250899,0.918974358974359,0.8221436984687868
SwinIR + PathologyLoss,BraTS2021_00100,31.2956,0.9694165587425232,0.072522014,0.9475453934095495,0.9190207156308852,0.8662420382165605
SwinIR + PathologyLoss,BraTS2021_00100,31.411951,0.9722715020179749,0.07209545,0.9302180685358256,0.8917401764234162,0.8410714285714286
SwinIR + PathologyLoss,BraTS2021_00100,31.244238,0.9740864038467407,0.072979406,0.9643056330172894,0.9122552574329225,0.8694267515923567
SwinIR + PathologyLoss,BraTS2021_00100,31.276249,0.9751277565956116,0.07183633,0.9645690111052353,0.9467376830892144,0.911849710982659
SwinIR + PathologyLoss,BraTS2021_00100,31.115631,0.975085973739624,0.072686106,0.9709027605073365,0.8322510822510822,0.8429447852760736
SwinIR + PathologyLoss,BraTS2021_00100,31.202408,0.9762420654296875,0.07094991,0.9580661075481006,0.9208381839348079,0.9028213166144201
SwinIR + PathologyLoss,BraTS2021_00100,31.174023,0.9796589612960815,0.07056646,0.9759176993219546,0.8893854748603351,0.8760330578512396
SwinIR + PathologyLoss,BraTS2021_00100,31.225473,0.980972170829773,0.06913942,0.9741559953434226,0.9572459744586341,0.9238578680203046
SwinIR + PathologyLoss,BraTS2021_00100,31.38376,0.981889009475708,0.067771494,0.9711649365628604,0.9552733296521259,0.9279796048438496
SwinIR + PathologyLoss,BraTS2021_00100,31.39593,0.9844213128089905,0.065409884,0.9678290213723285,0.9407407407407408,0.9192166462668299
SwinIR + PathologyLoss,BraTS2021_00100,31.38242,0.9838270545005798,0.06635459,0.9741532976827094,0.9463917525773196,0.9213483146067416
SwinIR + PathologyLoss,BraTS2021_00100,31.515862,0.9823331236839294,0.06573447,0.9697235629662132,0.9113680154142582,0.8939988782950085
SwinIR + PathologyLoss,BraTS2021_00100,31.719187,0.9820002317428589,0.06469536,0.9770892428540258,0.9299178347027549,0.9023569023569024
SwinIR + PathologyLoss,BraTS2021_00100,31.838634,0.980401337146759,0.065981574,0.9740431148262209,0.956436612824278,0.926205694363742
SwinIR + PathologyLoss,BraTS2021_00100,31.960724,0.9794814586639404,0.06498043,0.9716421191470653,0.9376510391493476,0.8971098265895954
SwinIR + PathologyLoss,BraTS2021_00100,31.873547,0.9804514050483704,0.063690014,0.9751673504642626,0.927063339731286,0.8911007025761124
SwinIR + PathologyLoss,BraTS2021_00100,32.046654,0.9800252914428711,0.06181268,0.9753866260074058,0.9455066921606119,0.9027624309392265
SwinIR + PathologyLoss,BraTS2021_00100,32.237484,0.9777695536613464,0.0629431,0.980900109769484,0.9346153846153846,0.9055793991416309
SwinIR + PathologyLoss,BraTS2021_00100,31.928932,0.9774359464645386,0.06492957,0.981587023235423,0.8383705650459922,0.7977475363679024
SwinIR + PathologyLoss,BraTS2021_00100,31.854704,0.9763396978378296,0.066458516,0.9803043867502238,0.906026557711951,0.8768971332209107
SwinIR + PathologyLoss,BraTS2021_00100,31.675617,0.9764522910118103,0.067192696,0.9797127877820835,0.9075175770686857,0.8683102826217679
SwinIR + PathologyLoss,BraTS2021_00100,31.643375,0.9765855073928833,0.06871942,0.9801169590643275,0.9129662522202486,0.8790760869565217
SwinIR + PathologyLoss,BraTS2021_00100,31.521608,0.9748551249504089,0.07029652,0.9771646051379639,0.8568033273915627,0.8240740740740741
SwinIR + PathologyLoss,BraTS2021_00100,31.589792,0.9779050946235657,0.06815489,0.9767441860465116,0.8982935153583618,0.8736303871439006
SwinIR + PathologyLoss,BraTS2021_00100,31.62299,0.976170539855957,0.06901031,0.9774730656219393,0.872852233676976,0.8510028653295129
SwinIR + PathologyLoss,BraTS2021_00100,31.386251,0.9774887561798096,0.071431525,0.972139303482587,0.8594554819720382,0.8597842835130971
SwinIR + PathologyLoss,BraTS2021_00100,31.394243,0.9764371514320374,0.07124032,0.9708939708939709,0.8470181503889369,0.84
SwinIR + PathologyLoss,BraTS2021_00100,31.160671,0.9777953028678894,0.0733162,0.9696,0.8307045215562566,0.8207847295864263
SwinIR + PathologyLoss,BraTS2021_00100,31.068462,0.9767282009124756,0.07572659,0.9757412398921833,0.875140607424072,0.8649262202043133
SwinIR + PathologyLoss,BraTS2021_00100,30.994408,0.9769972562789917,0.07662087,0.967391304347826,0.7920792079207921,0.8280701754385965
SwinIR + PathologyLoss,BraTS2021_00100,30.918003,0.9777546525001526,0.0778014,0.9759036144578314,0.6614017769002961,0.6534260178748759
SwinIR + PathologyLoss,BraTS2021_00100,30.830202,0.9779875874519348,0.0791989,0.9608659450457951,0.5009009009009009,0.6533490011750881
SwinIR + PathologyLoss,BraTS2021_00100,30.730358,0.9775990843772888,0.08106748,0.9613193403298351,0.5082592121982211,0.6503267973856209
SwinIR + PathologyLoss,BraTS2021_00100,30.490593,0.977889358997345,0.08367511,0.9617627997407647,0.4871287128712871,0.5292841648590022
SwinIR + PathologyLoss,BraTS2021_00100,30.479858,0.9797784090042114,0.08315432,0.9629629629629629,0.04938271604938271,0.04938271604938271
SwinIR + PathologyLoss,BraTS2021_00100,30.602987,0.9800231456756592,0.08492985,0.9666291713535808,0.0,0.0
SwinIR + PathologyLoss,BraTS2021_00100,30.446966,0.9811874628067017,0.08553685,0.9720670391061452,0.0,0.0
SwinIR + PathologyLoss,BraTS2021_00100,30.37364,0.9812949299812317,0.08703041,0.9685908319185059,0.0,0.0
SwinIR + PathologyLoss,BraTS2021_00100,30.284687,0.9811822772026062,0.09032799,0.9549469964664311,0.0,0.0
SwinIR + PathologyLoss,BraTS2021_00100,30.422367,0.9817160367965698,0.092862606,0.9558890404729422,0.0,0.0
SwinIR + PathologyLoss,BraTS2021_00100,30.013908,0.981610119342804,0.09616445,0.935077066791219,0.0,0.0
SwinIR + PathologyLoss,BraTS2021_00100,30.10017,0.982276201248169,0.09832268,0.9333333333333333,0.10810810810810811,0.13333333333333333
SwinIR + PathologyLoss,BraTS2021_00100,30.084362,0.9817333817481995,0.10363509,0.922911051212938,0.0,0.0
SwinIR + PathologyLoss,BraTS2021_00100,30.218845,0.9828841090202332,0.10489207,0.8981366459627329,0.0,0.0
SwinIR + PathologyLoss,BraTS2021_00100,30.08747,0.9838253259658813,0.10689944,0.8984198645598194,0.0,0.0
SwinIR + PathologyLoss,BraTS2021_00100,30.692566,0.9848513007164001,0.10882661,0.8105872622001654,0.0,0.0
SwinIR + PathologyLoss,BraTS2021_00100,30.836737,0.9862223863601685,0.1076229,0.7992277992277992,0.0,0.0
SwinIR + PathologyLoss,BraTS2021_00100,30.95564,0.9872692227363586,0.10897351,0.7845433255269321,0.0,0.0
SwinIR + PathologyLoss,BraTS2021_00100,30.401,0.9857628345489502,0.12001659,0.6796747967479675,0.0,0.0
SwinIR + PathologyLoss,BraTS2021_00115,30.864067,0.9756966233253479,0.100308985,0.0,nan,nan
SwinIR + PathologyLoss,BraTS2021_00115,30.933695,0.9776830077171326,0.09458471,0.8,nan,nan
SwinIR + PathologyLoss,BraTS2021_00115,30.853039,0.974645733833313,0.096337,0.6972010178117048,0.0,0.0
SwinIR + PathologyLoss,BraTS2021_00115,30.63874,0.9722478985786438,0.098442115,0.7013487475915221,0.36,0.36
SwinIR + PathologyLoss,BraTS2021_00115,30.578756,0.9683036208152771,0.099524744,0.9126691266912669,0.8761061946902655,0.8761061946902655
SwinIR + PathologyLoss,BraTS2021_00115,30.524498,0.9693865180015564,0.0975436,0.829736211031175,0.11049723756906077,0.06779661016949153
SwinIR + PathologyLoss,BraTS2021_00115,30.530964,0.9711506366729736,0.095464244,0.8941641938674579,0.6428571428571429,0.47161572052401746
SwinIR + PathologyLoss,BraTS2021_00115,30.75209,0.9710124135017395,0.09139375,0.9433628318584071,0.8088888888888889,0.6912751677852349
SwinIR + PathologyLoss,BraTS2021_00115,30.973665,0.970158576965332,0.088696405,0.9075342465753424,0.8023483365949119,0.662020905923345
SwinIR + PathologyLoss,BraTS2021_00115,31.2362,0.9730486273765564,0.086017534,0.9246467817896389,0.6105675146771037,0.5319148936170213
SwinIR + PathologyLoss,BraTS2021_00115,31.334345,0.9696378111839294,0.08577251,0.7820186598812553,0.4870259481037924,0.2831858407079646
SwinIR + PathologyLoss,BraTS2021_00115,31.37828,0.9716051816940308,0.08287683,0.9454287739192062,0.9163346613545816,0.7833333333333333
SwinIR + PathologyLoss,BraTS2021_00115,31.491796,0.9723020792007446,0.07981618,0.692436974789916,0.2980392156862745,0.16740088105726872
SwinIR + PathologyLoss,BraTS2021_00115,31.304052,0.9726982712745667,0.08139089,0.8918380889183809,0.7911802853437094,0.7046632124352331
SwinIR + PathologyLoss,BraTS2021_00115,31.239769,0.9727413058280945,0.080787346,0.912751677852349,0.7655860349127181,0.6946386946386947
SwinIR + PathologyLoss,BraTS2021_00115,31.327581,0.9710456132888794,0.08152649,0.9526525955504849,0.8083140877598153,0.7803030303030303
SwinIR + PathologyLoss,BraTS2021_00115,31.523453,0.9682185649871826,0.08084919,0.9607951408061844,0.9549019607843138,0.8523985239852399
SwinIR + PathologyLoss,BraTS2021_00115,31.497849,0.9718206524848938,0.078591645,0.960857908847185,0.9610636277302944,0.8880866425992779
SwinIR + PathologyLoss,BraTS2021_00115,31.548523,0.972236692905426,0.0779823,0.9681794470526864,0.9372693726937269,0.8523489932885906
SwinIR + PathologyLoss,BraTS2021_00115,31.61953,0.9732650518417358,0.07841534,0.9560327198364008,0.9253456221198156,0.8663101604278075
SwinIR + PathologyLoss,BraTS2021_00115,31.422916,0.9741510152816772,0.07802951,0.9443609022556391,0.861003861003861,0.831758034026465
SwinIR + PathologyLoss,BraTS2021_00115,31.389977,0.9691845178604126,0.079518996,0.9530400395452299,0.8473581213307241,0.8450184501845018
SwinIR + PathologyLoss,BraTS2021_00115,31.65374,0.9739157557487488,0.07720655,0.9509322865554465,0.8945921173235564,0.8277227722772277
SwinIR + PathologyLoss,BraTS2021_00115,31.459692,0.9751977324485779,0.078478076,0.9637856108160309,0.8401559454191033,0.8453237410071942
SwinIR + PathologyLoss,BraTS2021_00115,31.32261,0.9751539826393127,0.07756895,0.9415496148618033,0.9255605381165919,0.853195164075993
SwinIR + PathologyLoss,BraTS2021_00115,31.410227,0.9723775386810303,0.07896304,0.9567617295308187,0.8968036529680365,0.8381877022653722
SwinIR + PathologyLoss,BraTS2021_00115,31.45184,0.9720158576965332,0.07883807,0.9643183897529735,0.9368888888888889,0.8849028400597907
SwinIR + PathologyLoss,BraTS2021_00115,31.492916,0.9720646142959595,0.07788381,0.970108695652174,0.9407665505226481,0.8907103825136612
SwinIR + PathologyLoss,BraTS2021_00115,31.492052,0.9781191349029541,0.074409775,0.9753649635036497,0.9132507149666349,0.8486562942008486
SwinIR + PathologyLoss,BraTS2021_00115,31.765068,0.9765669107437134,0.07535151,0.9761347683668694,0.923226433430515,0.8725868725868726
SwinIR + PathologyLoss,BraTS2021_00115,31.698534,0.978127121925354,0.07419855,0.9537434430138293,0.8732984293193717,0.8575
SwinIR + PathologyLoss,BraTS2021_00115,31.985588,0.9808257818222046,0.07156105,0.9714847590953786,0.9341692789968652,0.9073634204275535
SwinIR + PathologyLoss,BraTS2021_00115,31.99687,0.9804184436798096,0.0693142,0.9577889447236181,0.9435897435897436,0.909297052154195
SwinIR + PathologyLoss,BraTS2021_00115,32.289154,0.9817109704017639,0.06867657,0.948509485094851,0.8463476070528967,0.812760055478502
SwinIR + PathologyLoss,BraTS2021_00115,32.394062,0.977715015411377,0.0680437,0.9453167298321603,0.9054726368159204,0.8555078683834049
SwinIR + PathologyLoss,BraTS2021_00115,32.39216,0.980078399181366,0.06801136,0.9498111171073934,0.9203539823008849,0.8686868686868687
SwinIR + PathologyLoss,BraTS2021_00115,32.52119,0.9772206544876099,0.06912044,0.963302752293578,0.9683944374209861,0.9298245614035088
SwinIR + PathologyLoss,BraTS2021_00115,32.65076,0.9793102741241455,0.06796154,0.9454976303317536,0.9072753209700428,0.8517745302713987
SwinIR + PathologyLoss,BraTS2021_00115,32.604393,0.9823340177536011,0.06552537,0.9204819277108434,0.9151515151515152,0.8484848484848485
SwinIR + PathologyLoss,BraTS2021_00115,32.585083,0.9811146259307861,0.06770161,0.9363804817788759,0.9205298013245033,0.8736141906873615
SwinIR + PathologyLoss,BraTS2021_00115,32.54712,0.9789330363273621,0.06717598,0.9274809160305344,0.9411764705882353,0.9
SwinIR + PathologyLoss,BraTS2021_00115,32.61157,0.9789535403251648,0.06721744,0.9101338432122371,0.9490022172949002,0.9250645994832042
SwinIR + PathologyLoss,BraTS2021_00115,32.62461,0.9792317152023315,0.06736347,0.9601769911504425,0.8497109826589595,0.8205128205128205
SwinIR + PathologyLoss,BraTS2021_00115,32.47249,0.9743627905845642,0.06841377,0.9110320284697508,0.7832699619771863,0.7739463601532567
SwinIR + PathologyLoss,BraTS2021_00115,32.823147,0.9815308451652527,0.06619373,0.9528957528957529,0.7593582887700535,0.7593582887700535
SwinIR + PathologyLoss,BraTS2021_00115,32.83338,0.9816281795501709,0.066202365,0.9560975609756097,0.6716417910447762,0.6716417910447762
SwinIR + PathologyLoss,BraTS2021_00115,32.723244,0.9756256937980652,0.07060727,0.9425478767693589,0.38461538461538464,0.38461538461538464
SwinIR + PathologyLoss,BraTS2021_00115,32.55969,0.9749505519866943,0.07023068,0.9267461669505963,0.2926829268292683,0.2926829268292683
SwinIR + PathologyLoss,BraTS2021_00115,32.360893,0.9790960550308228,0.070693195,0.9393647738209817,0.0,0.0
SwinIR + PathologyLoss,BraTS2021_00115,32.378197,0.9746960401535034,0.07148815,0.9655172413793104,0.0,0.0
SwinIR + PathologyLoss,BraTS2021_00115,32.13585,0.9782114624977112,0.072201006,0.945031712473573,nan,nan
SwinIR + PathologyLoss,BraTS2021_00115,32.305588,0.9800670146942139,0.07082517,0.927960927960928,nan,nan
SwinIR + PathologyLoss,BraTS2021_00115,32.36285,0.9763656854629517,0.07110911,0.9143730886850153,nan,nan
SwinIR + PathologyLoss,BraTS2021_00115,32.348286,0.9782581925392151,0.07198406,0.933579335793358,nan,nan
SwinIR + PathologyLoss,BraTS2021_00115,31.981012,0.9764997363090515,0.07501805,0.8461538461538461,nan,nan
SwinIR + PathologyLoss,BraTS2021_00115,32.08048,0.9789797067642212,0.073738016,0.7432432432432432,nan,nan
SwinIR + PathologyLoss,BraTS2021_00115,32.1124,0.981839656829834,0.07319148,0.8428571428571429,nan,nan
SwinIR + PathologyLoss,BraTS2021_00115,31.715134,0.9803308248519897,0.07675897,0.0,nan,nan
SwinIR + PathologyLoss,BraTS2021_00115,31.672806,0.9767482280731201,0.07976386,0.9162011173184358,nan,nan
SwinIR + PathologyLoss,BraTS2021_00115,31.357222,0.9808194041252136,0.07941155,0.0,nan,nan
SwinIR + PathologyLoss,BraTS2021_00116,31.734901,0.9901815056800842,0.09242346,0.0,0.0,0.0
SwinIR + PathologyLoss,BraTS2021_00116,31.149578,0.9878656268119812,0.09899074,0.0,0.0,0.0
SwinIR + PathologyLoss,BraTS2021_00116,31.3099,0.988007128238678,0.094043866,0.0,0.0,0.0
SwinIR + PathologyLoss,BraTS2021_00116,31.433186,0.9876214861869812,0.09355809,0.13957934990439771,0.2585034013605442,0.30278884462151395
SwinIR + PathologyLoss,BraTS2021_00116,31.710846,0.9874637722969055,0.09089512,0.1163575042158516,0.28421052631578947,0.24624624624624625
SwinIR + PathologyLoss,BraTS2021_00116,31.970814,0.9886588454246521,0.08568434,0.03189792663476874,0.0,0.0
SwinIR + PathologyLoss,BraTS2021_00116,32.16084,0.9893511533737183,0.08204,0.011484823625922888,0.0,0.0
SwinIR + PathologyLoss,BraTS2021_00116,31.896532,0.9893127083778381,0.08341837,0.0,0.0,0.0
SwinIR + PathologyLoss,BraTS2021_00116,31.756954,0.988938570022583,0.08300373,0.03944773175542406,0.0,0.0
SwinIR + PathologyLoss,BraTS2021_00116,31.843758,0.9887086749076843,0.084132425,0.3087248322147651,0.05314009661835749,0.06376811594202898
SwinIR + PathologyLoss,BraTS2021_00116,31.944818,0.9889305233955383,0.08325766,0.18532818532818532,0.10020876826722339,0.11471321695760599
SwinIR + PathologyLoss,BraTS2021_00116,32.001274,0.9888292551040649,0.08335046,0.17802197802197803,0.0,0.0
SwinIR + PathologyLoss,BraTS2021_00116,31.847914,0.9890679121017456,0.082605794,0.6838046272493573,0.3170731707317073,0.2948960302457467
SwinIR + PathologyLoss,BraTS2021_00116,31.986858,0.9893575310707092,0.08207901,0.4622905027932961,0.08191126279863481,0.1038961038961039
SwinIR + PathologyLoss,BraTS2021_00116,31.520657,0.9884212613105774,0.086100504,0.4186517992904207,0.07733333333333334,0.1
SwinIR + PathologyLoss,BraTS2021_00116,31.498034,0.9890871644020081,0.08358085,0.5967651979921919,0.1793103448275862,0.17488076311605724
SwinIR + PathologyLoss,BraTS2021_00116,31.461594,0.9892817139625549,0.08287496,0.7075134168157424,0.13520408163265307,0.1572700296735905
SwinIR + PathologyLoss,BraTS2021_00116,31.323505,0.9883604049682617,0.08581722,0.7328490718321227,0.2897914379802415,0.28419654714475434
SwinIR + PathologyLoss,BraTS2021_00116,30.635746,0.9874046444892883,0.08815383,0.7440633245382586,0.31140716069941715,0.43706777316735823
SwinIR + PathologyLoss,BraTS2021_00116,30.121666,0.9841638207435608,0.0929204,0.7127118644067797,0.384151593453919,0.3856613102595797
SwinIR + PathologyLoss,BraTS2021_00116,30.27269,0.981477677822113,0.090674676,0.7386315342116447,0.3162393162393162,0.3099273607748184
SwinIR + PathologyLoss,BraTS2021_00116,29.963741,0.9788085222244263,0.093979985,0.6822183098591549,0.368755676657584,0.3779342723004695
SwinIR + PathologyLoss,BraTS2021_00116,30.306978,0.9804719090461731,0.08841402,0.6870026525198939,0.11072664359861592,0.12972972972972974
SwinIR + PathologyLoss,BraTS2021_00116,30.377495,0.9796811938285828,0.08671775,0.810351799433886,0.2397336293007769,0.292817679558011
SwinIR + PathologyLoss,BraTS2021_00116,30.371397,0.9820381999015808,0.08255377,0.8611940298507462,0.5504407443682664,0.4267352185089974
SwinIR + PathologyLoss,BraTS2021_00116,30.57903,0.9808497428894043,0.082106225,0.8279106232849863,0.12549019607843137,0.14573643410852713
SwinIR + PathologyLoss,BraTS2021_00116,30.43544,0.9788154363632202,0.08293191,0.6060606060606061,0.08080808080808081,0.0873634945397816
SwinIR + PathologyLoss,BraTS2021_00116,30.266098,0.9764805436134338,0.083478674,0.6698564593301436,0.07792207792207792,0.07720588235294118
SwinIR + PathologyLoss,BraTS2021_00116,30.588598,0.9774501323699951,0.079941325,0.7096466093600764,0.02321724709784411,0.025225225225225224
SwinIR + PathologyLoss,BraTS2021_00116,30.682848,0.9797865152359009,0.07624564,0.6210796915167095,0.010889292196007259,0.012295081967213115
SwinIR + PathologyLoss,BraTS2021_00116,30.782837,0.9788283109664917,0.07647836,0.7173373075012419,0.0,0.0
SwinIR + PathologyLoss,BraTS2021_00116,30.7249,0.9817004203796387,0.07522668,0.7410881801125704,0.032640949554896145,0.010126582278481013
SwinIR + PathologyLoss,BraTS2021_00116,30.74413,0.9807903170585632,0.07337141,0.7718236819360415,0.0,0.0
SwinIR + PathologyLoss,BraTS2021_00116,30.687813,0.9798245429992676,0.07503537,0.7878524945770065,0.05063291139240506,0.05442176870748299
SwinIR + PathologyLoss,BraTS2021_00116,30.836254,0.9819130301475525,0.07255846,0.8154541718043568,0.10963748894783377,0.12873563218390804
SwinIR + PathologyLoss,BraTS2021_00116,30.993738,0.98240065574646,0.071529455,0.8442130556668002,0.14010507880910683,0.009925558312655087
SwinIR + PathologyLoss,BraTS2021_00116,31.190762,0.9836220145225525,0.069272876,0.8407643312101911,0.14727540500736377,0.07177033492822966
SwinIR + PathologyLoss,BraTS2021_00116,30.998024,0.9824884533882141,0.071436435,0.874439461883408,0.1529745042492918,0.16203703703703703
SwinIR + PathologyLoss,BraTS2021_00116,30.95565,0.9805377125740051,0.07293094,0.8854014598540146,0.408622305529522,0.508411214953271
SwinIR + PathologyLoss,BraTS2021_00116,30.79351,0.982355535030365,0.07279475,0.835047619047619,0.30213160333642264,0.375968992248062
SwinIR + PathologyLoss,BraTS2021_00116,30.823458,0.9847503304481506,0.072039664,0.8587088915956151,0.3372147182114579,0.7240356083086054
SwinIR + PathologyLoss,BraTS2021_00116,30.991417,0.9838685989379883,0.07142288,0.8112764291307752,0.2443820224719101,0.29306930693069305
SwinIR + PathologyLoss,BraTS2021_00116,30.968082,0.9843078851699829,0.07049061,0.8335203890759446,0.10848400556328233,0.031818181818181815
SwinIR + PathologyLoss,BraTS2021_00116,30.991714,0.985331118106842,0.071562015,0.8046767537826685,0.04405286343612335,0.02745995423340961
SwinIR + PathologyLoss,BraTS2021_00116,30.990494,0.9841610193252563,0.07349902,0.8594554819720382,0.42475728155339804,0.24381625441696114
SwinIR + PathologyLoss,BraTS2021_00116,30.91757,0.9852599501609802,0.07263905,0.7687074829931972,0.08955223880597014,0.11740890688259109
SwinIR + PathologyLoss,BraTS2021_00116,30.866524,0.9856775999069214,0.07307601,0.7961967755270773,0.20557156580211336,0.07655502392344497
SwinIR + PathologyLoss,BraTS2021_00116,30.9513,0.987349271774292,0.07171221,0.7782537067545304,0.22153529108706851,0.376599634369287
SwinIR + PathologyLoss,BraTS2021_00116,30.832796,0.9857945442199707,0.07344987,0.753223654957759,0.018796992481203006,0.004796163069544364
SwinIR + PathologyLoss,BraTS2021_00116,30.969622,0.9853242635726929,0.07372854,0.7140221402214022,0.03676470588235294,0.04056795131845842
SwinIR + PathologyLoss,BraTS2021_00116,31.012342,0.9865304827690125,0.07278246,0.767921146953405,0.02608695652173913,0.023529411764705882
SwinIR + PathologyLoss,BraTS2021_00116,30.910442,0.9882422089576721,0.0711775,0.7760031164783794,0.19573400250941028,0.10945273631840796
SwinIR + PathologyLoss,BraTS2021_00116,31.05767,0.9863528609275818,0.07312568,0.8044596912521441,0.0,0.0
SwinIR + PathologyLoss,BraTS2021_00116,31.269947,0.9874734282493591,0.069754414,0.7904347826086957,0.0,0.0
SwinIR + PathologyLoss,BraTS2021_00116,31.44497,0.9867392182350159,0.06994767,0.8031496062992126,0.05090909090909091,0.04825737265415549
SwinIR + PathologyLoss,BraTS2021_00116,31.673298,0.9897255897521973,0.06507589,0.8172211350293542,0.0735009671179884,0.1111111111111111
SwinIR + PathologyLoss,BraTS2021_00116,31.547836,0.9870141744613647,0.06941134,0.7327898550724637,0.0,0.0
SwinIR + PathologyLoss,BraTS2021_00116,31.51233,0.9859239459037781,0.069470674,0.7641427328111401,0.07339449541284404,0.07920792079207921
SwinIR + PathologyLoss,BraTS2021_00116,31.435709,0.9869372844696045,0.06932556,0.8211812627291243,0.13768115942028986,0.1977401129943503
SwinIR + PathologyLoss,BraTS2021_00116,31.882689,0.9859342575073242,0.06606684,0.8465189873417721,0.0,0.0
SwinIR + PathologyLoss,BraTS2021_00116,31.951235,0.9859822988510132,0.06477131,0.8695321414986686,0.0,0.0
SwinIR + PathologyLoss,BraTS2021_00116,32.089878,0.9852314591407776,0.06511214,0.8434782608695652,0.0,0.0
SwinIR + PathologyLoss,BraTS2021_00116,31.865463,0.9815346598625183,0.0672163,0.8760139049826188,0.0,0.0
SwinIR + PathologyLoss,BraTS2021_00116,32.032288,0.9817951917648315,0.06566811,0.8957198443579767,0.0,0.0
SwinIR + PathologyLoss,BraTS2021_00116,32.180706,0.9820019602775574,0.06393462,0.8977482465854559,0.0,0.0
SwinIR + PathologyLoss,BraTS2021_00116,32.1471,0.9830125570297241,0.063772954,0.849379402884938,0.02727272727272727,0.08571428571428572
SwinIR + PathologyLoss,BraTS2021_00116,32.363686,0.9802382588386536,0.06333033,0.8913764510779436,0.0,0.0
SwinIR + PathologyLoss,BraTS2021_00116,32.305992,0.9788362979888916,0.064258136,0.9140893470790378,0.0,0.0
SwinIR + PathologyLoss,BraTS2021_00116,32.25448,0.9825841188430786,0.06319748,0.8928856914468425,0.0,0.0
SwinIR + PathologyLoss,BraTS2021_00116,32.107094,0.9800657629966736,0.0658868,0.8692682926829268,0.0,0.0
SwinIR + PathologyLoss,BraTS2021_00116,32.026443,0.9801790714263916,0.06485459,0.9016553067185978,0.0,nan
SwinIR + PathologyLoss,BraTS2021_00116,32.32852,0.9788716435432434,0.06411205,0.9383983572895277,nan,nan
SwinIR + PathologyLoss,BraTS2021_00116,32.32743,0.9771682620048523,0.06517652,0.9393939393939394,0.0,nan
SwinIR + PathologyLoss,BraTS2021_00116,32.179943,0.9800038933753967,0.06483982,0.8593429158110883,0.0,nan
SwinIR + PathologyLoss,BraTS2021_00116,32.0665,0.9796924591064453,0.065637305,0.9063523248199084,0.0,nan
SwinIR + PathologyLoss,BraTS2021_00116,31.751451,0.9801374077796936,0.06828933,0.8825910931174089,0.0,nan
SwinIR + PathologyLoss,BraTS2021_00116,31.591452,0.9782931208610535,0.069421984,0.872992700729927,0.0,nan
SwinIR + PathologyLoss,BraTS2021_00116,31.65722,0.9761820435523987,0.07265227,0.8639863130881095,0.0,0.0
SwinIR + PathologyLoss,BraTS2021_00116,31.80058,0.9834149479866028,0.06897265,0.3854975952645209,0.0,nan
SwinIR + PathologyLoss,BraTS2021_00116,31.333405,0.9826076030731201,0.07369511,0.3558282208588957,0.0,nan
SwinIR + PathologyLoss,BraTS2021_00116,31.504774,0.9813781380653381,0.07265215,0.6081694402420574,nan,nan
SwinIR + PathologyLoss,BraTS2021_00116,31.188364,0.9802939295768738,0.07703093,0.14609571788413098,0.0,nan
SwinIR + PathologyLoss,BraTS2021_00116,30.910673,0.9793140292167664,0.080007724,0.0,nan,nan
SwinIR + PathologyLoss,BraTS2021_00116,30.940306,0.9799127578735352,0.08100182,0.0,nan,nan
SwinIR + PathologyLoss,BraTS2021_00116,30.957645,0.983045756816864,0.08063775,0.0,nan,nan
SwinIR + PathologyLoss,BraTS2021_00116,30.719366,0.9825454354286194,0.08458468,0.0,nan,nan
SwinIR + PathologyLoss,BraTS2021_00116,31.060001,0.9854689240455627,0.08277087,0.0,nan,nan
SwinIR + PathologyLoss,BraTS2021_00116,30.8964,0.9868506193161011,0.084409416,0.0,nan,nan
SwinIR + PathologyLoss,BraTS2021_00116,31.282436,0.9885924458503723,0.08171031,0.0,nan,nan
SwinIR + PathologyLoss,BraTS2021_00120,29.977446,0.9546399116516113,0.10304449,0.0,0.0,nan
SwinIR + PathologyLoss,BraTS2021_00120,30.196829,0.9496232271194458,0.10309774,0.30727762803234504,0.0,0.0
SwinIR + PathologyLoss,BraTS2021_00120,30.700638,0.9540762305259705,0.09405554,0.33756805807622503,0.0,0.0
SwinIR + PathologyLoss,BraTS2021_00120,30.796669,0.9578077793121338,0.09118254,0.40451745379876797,0.0,0.0
SwinIR + PathologyLoss,BraTS2021_00120,31.07194,0.955869734287262,0.088661,0.89625,0.8488471391972673,0.8460634547591069
SwinIR + PathologyLoss,BraTS2021_00120,30.995735,0.9575090408325195,0.09077816,0.8616071428571429,0.8948616600790514,0.7710330138445154
SwinIR + PathologyLoss,BraTS2021_00120,30.889061,0.9576907157897949,0.08924145,0.848735632183908,0.8517165814463111,0.8533554266777134
SwinIR + PathologyLoss,BraTS2021_00120,31.015507,0.9594081044197083,0.08686761,0.8745067087608525,0.9314420803782506,0.8681397006414825
SwinIR + PathologyLoss,BraTS2021_00120,30.769646,0.9639382362365723,0.08826051,0.8718494852680156,0.8762122076440388,0.6975354742345033
SwinIR + PathologyLoss,BraTS2021_00120,30.939682,0.9641819596290588,0.08719969,0.8443427076520602,0.8052568697729988,0.7217175887696119
SwinIR + PathologyLoss,BraTS2021_00120,30.681923,0.9653193354606628,0.0875581,0.8557891619780871,0.7677314564158094,0.6682887266828873
SwinIR + PathologyLoss,BraTS2021_00120,30.842594,0.9678404927253723,0.0859069,0.8535353535353535,0.7546777546777547,0.6687116564417178
SwinIR + PathologyLoss,BraTS2021_00120,30.926651,0.9690291285514832,0.08410024,0.8497576736672051,0.7378078223080637,0.640926640926641
SwinIR + PathologyLoss,BraTS2021_00120,30.653517,0.9695779085159302,0.0851773,0.8722916135610502,0.726148409893993,0.7250996015936255
SwinIR + PathologyLoss,BraTS2021_00120,30.696869,0.972035825252533,0.08569702,0.8525510204081632,0.7323943661971831,0.6433179723502304
SwinIR + PathologyLoss,BraTS2021_00120,30.803509,0.973694920539856,0.084997825,0.8584952665670155,0.7643097643097643,0.6986175115207374
SwinIR + PathologyLoss,BraTS2021_00120,30.803104,0.9691756963729858,0.08790698,0.860241557801331,0.8270849273144606,0.6921850079744817
SwinIR + PathologyLoss,BraTS2021_00120,30.88278,0.970652163028717,0.08688961,0.8638613861386139,0.8265493215988265,0.7075978511128166
SwinIR + PathologyLoss,BraTS2021_00120,30.62941,0.9729968905448914,0.08643714,0.858563261247825,0.7734887108521485,0.7047075606276747
SwinIR + PathologyLoss,BraTS2021_00120,30.683851,0.9744858145713806,0.084349714,0.9401238816242258,0.9230769230769231,0.7722637661454793
SwinIR + PathologyLoss,BraTS2021_00120,30.819172,0.9727225303649902,0.08519176,0.9403573915061499,0.9112164296998421,0.7432343234323432
SwinIR + PathologyLoss,BraTS2021_00120,30.583408,0.9751213192939758,0.084702924,0.9570552147239264,0.938324639459957,0.74373795761079
SwinIR + PathologyLoss,BraTS2021_00120,30.864332,0.9758014678955078,0.081823006,0.9376868245573695,0.887189292543021,0.6755805770584096
SwinIR + PathologyLoss,BraTS2021_00120,30.619238,0.9758445620536804,0.082887635,0.9637374860956619,0.9334151580239337,0.7256857855361596
SwinIR + PathologyLoss,BraTS2021_00120,30.930069,0.9757029414176941,0.079713225,0.9110396570203644,0.8609077598828697,0.7535092644581696
SwinIR + PathologyLoss,BraTS2021_00120,30.90595,0.9751394391059875,0.081781305,0.9604620168813861,0.9408502772643254,0.7550077041602465
SwinIR + PathologyLoss,BraTS2021_00120,30.804302,0.9743537306785583,0.083166204,0.9811486190267427,0.9684466019417476,0.7974116475858636
SwinIR + PathologyLoss,BraTS2021_00120,30.982895,0.9721274971961975,0.083433874,0.9704247275961753,0.9689054726368159,0.7937262357414449
SwinIR + PathologyLoss,BraTS2021_00120,30.96094,0.9727671146392822,0.08137119,0.9842885594158,0.9635400436272982,0.8744065602071645
SwinIR + PathologyLoss,BraTS2021_00120,30.939777,0.9719586968421936,0.08121631,0.9816225907664724,0.9508816120906801,0.8826069886140557
SwinIR + PathologyLoss,BraTS2021_00120,31.306875,0.9711874723434448,0.079930276,0.9796747967479674,0.9673949579831933,0.8946672542970472
SwinIR + PathologyLoss,BraTS2021_00120,31.232279,0.9705569744110107,0.079705946,0.9752715507279871,0.950354609929078,0.9028290282902829
SwinIR + PathologyLoss,BraTS2021_00120,31.490395,0.968519926071167,0.08054062,0.9752913752913753,0.9414270500532481,0.8873720136518771
SwinIR + PathologyLoss,BraTS2021_00120,31.383764,0.9691011309623718,0.081299715,0.9680518856593803,0.9310077519379845,0.870576829859428
SwinIR + PathologyLoss,BraTS2021_00120,31.470144,0.970357358455658,0.079760045,0.9711235137102645,0.9123539232053423,0.8636106395019808
SwinIR + PathologyLoss,BraTS2021_00120,31.350746,0.9655238389968872,0.08508674,0.9638797676180854,0.9278824069820855,0.8741418764302059
SwinIR + PathologyLoss,BraTS2021_00120,31.29557,0.9687842726707458,0.083743244,0.965462694437121,0.9514189514189514,0.8648967551622418
SwinIR + PathologyLoss,BraTS2021_00120,31.28178,0.9684222936630249,0.0840808,0.9632721202003339,0.9022988505747126,0.8979814511729405
SwinIR + PathologyLoss,BraTS2021_00120,31.345861,0.9692520499229431,0.08493511,0.9322805952019435,0.9262032085561497,0.9118303571428571
SwinIR + PathologyLoss,BraTS2021_00120,31.21546,0.9682772755622864,0.08561024,0.9378603459320948,0.9293478260869565,0.9260744985673353
SwinIR + PathologyLoss,BraTS2021_00120,30.932476,0.969205915927887,0.08880241,0.9156045470203238,0.9134670487106017,0.890032154340836
SwinIR + PathologyLoss,BraTS2021_00120,30.995892,0.9673097133636475,0.09129706,0.9121748963437618,0.957078795643818,0.8977350720658888
SwinIR + PathologyLoss,BraTS2021_00120,30.761723,0.967218279838562,0.094229445,0.9389250814332247,0.9313392250169953,0.9102564102564102
SwinIR + PathologyLoss,BraTS2021_00120,30.659702,0.9667079448699951,0.09587095,0.8590065228299046,0.7996389891696751,0.7819687212511499
SwinIR + PathologyLoss,BraTS2021_00120,30.621803,0.9695813655853271,0.09540079,0.8816503800217155,0.8389585342333655,0.7995991983967936
SwinIR + PathologyLoss,BraTS2021_00120,30.579273,0.9683708548545837,0.10038068,0.8519269776876268,0.8508771929824561,0.827354260089686
SwinIR + PathologyLoss,BraTS2021_00120,30.698965,0.9699958562850952,0.100059815,0.893455098934551,0.7463556851311953,0.7175572519083969
SwinIR + PathologyLoss,BraTS2021_00120,30.595148,0.97026526927948,0.10346296,0.8873362445414847,0.8084358523725835,0.7680890538033395
SwinIR + PathologyLoss,BraTS2021_00120,30.65783,0.9699081778526306,0.106520206,0.8763557483731019,0.37583892617449666,0.3822525597269625
SwinIR + PathologyLoss,BraTS2021_00120,30.551819,0.9728368520736694,0.10655526,0.8335451080050826,0.1807909604519774,0.18497109826589594
SwinIR + PathologyLoss,BraTS2021_00120,30.650635,0.9717130661010742,0.11129194,0.43595505617977526,0.0,0.0
SwinIR + PathologyLoss,BraTS2021_00120,30.564348,0.9734846353530884,0.112023614,0.422360248447205,0.0,0.0
SwinIR + PathologyLoss,BraTS2021_00120,30.633163,0.9752057194709778,0.11137468,0.4796747967479675,0.0,0.0
SwinIR + PathologyLoss,BraTS2021_00120,30.460892,0.9759926795959473,0.11423443,0.11612903225806452,0.0,0.0
SwinIR + PathologyLoss,BraTS2021_00127,30.84541,0.9867077469825745,0.12062803,0.8382838283828383,nan,nan
SwinIR + PathologyLoss,BraTS2021_00127,30.726137,0.9860007166862488,0.1215646,0.8325123152709359,nan,nan
SwinIR + PathologyLoss,BraTS2021_00127,30.523483,0.9855908751487732,0.12131179,0.8514851485148515,nan,nan
SwinIR + PathologyLoss,BraTS2021_00127,30.538633,0.9848935604095459,0.12138864,0.737037037037037,nan,nan
SwinIR + PathologyLoss,BraTS2021_00127,30.064072,0.9847472906112671,0.11854205,0.8857479387514723,0.12962962962962962,0.17721518987341772
SwinIR + PathologyLoss,BraTS2021_00127,29.839787,0.9826976656913757,0.120573156,0.765906362545018,0.024096385542168676,0.024096385542168676
SwinIR + PathologyLoss,BraTS2021_00127,29.98503,0.9824718832969666,0.11758419,0.825974025974026,0.5063291139240507,0.5286343612334802
SwinIR + PathologyLoss,BraTS2021_00127,29.950912,0.9829373359680176,0.112114206,0.9036073329390893,0.8455008488964346,0.8515901060070671
SwinIR + PathologyLoss,BraTS2021_00127,30.181149,0.9831137657165527,0.10903568,0.8707709373266778,0.9189907038512616,0.8765957446808511
SwinIR + PathologyLoss,BraTS2021_00127,30.24109,0.9831617474555969,0.10573826,0.8835877862595419,0.8658823529411764,0.7839335180055401
SwinIR + PathologyLoss,BraTS2021_00127,30.50596,0.9834829568862915,0.102870904,0.8707052441229657,0.9221835075493612,0.7882534775888718
SwinIR + PathologyLoss,BraTS2021_00127,30.735142,0.9846599102020264,0.09789581,0.932370820668693,0.7846153846153846,0.6481481481481481
SwinIR + PathologyLoss,BraTS2021_00127,30.672039,0.9841355085372925,0.098040916,0.9034132171387074,0.9440715883668904,0.8152610441767069
SwinIR + PathologyLoss,BraTS2021_00127,30.84599,0.9840346574783325,0.098642774,0.9266822899229996,0.8158148505303761,0.6780952380952381
SwinIR + PathologyLoss,BraTS2021_00127,30.463676,0.9842352271080017,0.09814054,0.9252577319587629,0.8881789137380192,0.7225806451612903
SwinIR + PathologyLoss,BraTS2021_00127,30.284866,0.9844589233398438,0.09729428,0.9630526953361599,0.7431111111111111,0.6230088495575221
SwinIR + PathologyLoss,BraTS2021_00127,30.2347,0.9833957552909851,0.09959473,0.9459619952494062,0.7454545454545455,0.6188034188034188
SwinIR + PathologyLoss,BraTS2021_00127,30.287992,0.9847188591957092,0.09646637,0.9686511360368133,0.7362534948741846,0.6472602739726028
SwinIR + PathologyLoss,BraTS2021_00127,30.133026,0.9847546219825745,0.0961373,0.9689193042486456,0.6172638436482085,0.6202723146747352
SwinIR + PathologyLoss,BraTS2021_00127,30.130844,0.9834010004997253,0.09988228,0.9829275118947663,0.8026905829596412,0.7275693311582382
SwinIR + PathologyLoss,BraTS2021_00127,29.305582,0.9773620963096619,0.10439316,0.961348445219413,0.801920768307323,0.7520798668885191
SwinIR + PathologyLoss,BraTS2021_00127,28.9923,0.9768481850624084,0.106172435,0.984642132715155,0.5012448132780083,0.653125
SwinIR + PathologyLoss,BraTS2021_00127,28.907795,0.9747389554977417,0.10605696,0.975177304964539,0.6273148148148148,0.7844660194174757
SwinIR + PathologyLoss,BraTS2021_00127,28.625874,0.9725124835968018,0.107458755,0.9798099762470309,0.6398852223816356,0.6802973977695167
SwinIR + PathologyLoss,BraTS2021_00127,28.922333,0.9723621010780334,0.104776785,0.9735119975070116,0.5786802030456852,0.6403162055335968
SwinIR + PathologyLoss,BraTS2021_00127,29.005833,0.9713837504386902,0.1021907,0.9644218551461246,0.25806451612903225,0.416
SwinIR + PathologyLoss,BraTS2021_00127,28.83714,0.9705512523651123,0.1012509,0.9524697110904008,0.12610340479192939,0.3194888178913738
SwinIR + PathologyLoss,BraTS2021_00127,29.208773,0.9674645662307739,0.10167938,0.944251968503937,0.012269938650306749,0.02030456852791878
SwinIR + PathologyLoss,BraTS2021_00127,28.96454,0.9688965678215027,0.100492835,0.9505511811023623,0.0,0.0
SwinIR + PathologyLoss,BraTS2021_00127,29.102238,0.9681332111358643,0.0979604,0.9588107773304428,0.0,0.0
SwinIR + PathologyLoss,BraTS2021_00127,28.95818,0.9654176831245422,0.09660002,0.9613466334164589,0.0,0.0
SwinIR + PathologyLoss,BraTS2021_00127,29.26963,0.9638761878013611,0.09563263,0.9483451902257964,0.0,0.0
SwinIR + PathologyLoss,BraTS2021_00127,29.64245,0.9632105827331543,0.09354505,0.9503590384014986,0.0,0.0
SwinIR + PathologyLoss,BraTS2021_00127,29.39621,0.9668565988540649,0.09214164,0.9646906381600259,0.0,0.0
SwinIR + PathologyLoss,BraTS2021_00127,29.6744,0.9650591611862183,0.091227874,0.9367169932540957,0.0,0.0
SwinIR + PathologyLoss,BraTS2021_00127,29.673283,0.9680203199386597,0.089723416,0.9581425768476128,0.008113590263691683,0.01762114537444934
SwinIR + PathologyLoss,BraTS2021_00127,29.737144,0.9683142900466919,0.08713776,0.9585102907546553,0.0,0.0
SwinIR + PathologyLoss,BraTS2021_00127,30.079233,0.9680079817771912,0.086874716,0.9651324965132496,0.005509641873278237,0.00851063829787234
SwinIR + PathologyLoss,BraTS2021_00127,30.111988,0.9670825004577637,0.086498775,0.945906432748538,0.0,0.0
SwinIR + PathologyLoss,BraTS2021_00127,30.285069,0.9680757522583008,0.084256805,0.9543568464730291,0.0,0.0
SwinIR + PathologyLoss,BraTS2021_00127,30.43995,0.96894371509552,0.082673356,0.9421808304229724,0.0,0.0
SwinIR + PathologyLoss,BraTS2021_00127,30.067482,0.9683752059936523,0.08636912,0.9241650294695481,0.0,0.0
SwinIR + PathologyLoss,BraTS2021_00127,30.12225,0.9687398076057434,0.08484976,0.9437371663244353,0.0,0.0
SwinIR + PathologyLoss,BraTS2021_00127,30.063805,0.9697845578193665,0.08581939,0.9417764555886103,0.0,0.0
SwinIR + PathologyLoss,BraTS2021_00127,30.093477,0.9710091948509216,0.08600789,0.9633992427429533,0.0,0.0
SwinIR + PathologyLoss,BraTS2021_00127,30.14448,0.9710538983345032,0.083916165,0.9514991181657848,0.0,0.0
SwinIR + PathologyLoss,BraTS2021_00127,30.166447,0.969671368598938,0.08520477,0.9050022946305645,0.0,0.0
SwinIR + PathologyLoss,BraTS2021_00127,29.844841,0.9704435467720032,0.08692878,0.9210918114143921,0.0,0.0
SwinIR + PathologyLoss,BraTS2021_00127,29.775324,0.9707602262496948,0.08836154,0.8930282064928153,0.0,0.0
SwinIR + PathologyLoss,BraTS2021_00127,29.939945,0.9709130525588989,0.089623146,0.9149425287356322,0.0,0.0
SwinIR + PathologyLoss,BraTS2021_00127,29.782257,0.9720569252967834,0.08864445,0.8917525773195877,0.0,0.0
SwinIR + PathologyLoss,BraTS2021_00127,29.80082,0.9735879898071289,0.087000005,0.8778735632183908,0.0,0.0
SwinIR + PathologyLoss,BraTS2021_00127,30.003195,0.9734367728233337,0.088328764,0.8491704374057315,0.0,0.0
SwinIR + PathologyLoss,BraTS2021_00127,30.350456,0.9746612906455994,0.08562638,0.7658349328214972,0.0,0.0
SwinIR + PathologyLoss,BraTS2021_00127,30.227842,0.9752684235572815,0.08647499,0.6926952141057935,0.0,0.0
SwinIR + PathologyLoss,BraTS2021_00127,30.277605,0.9744621515274048,0.08621805,0.4833906071019473,0.0,0.0
SwinIR + PathologyLoss,BraTS2021_00127,30.339193,0.9755737781524658,0.08350827,0.23976608187134502,0.0,0.0
SwinIR + PathologyLoss,BraTS2021_00127,30.313812,0.9735226631164551,0.08477779,0.0,nan,nan
SwinIR + PathologyLoss,BraTS2021_00134,31.314175,0.9865192174911499,0.08444225,0.289544235924933,0.0,0.0
SwinIR + PathologyLoss,BraTS2021_00134,31.052639,0.9859569668769836,0.08655411,0.33553500660501984,0.027327070879590094,0.0
SwinIR + PathologyLoss,BraTS2021_00134,31.32394,0.9860996007919312,0.08645007,0.32116788321167883,0.0,0.0
SwinIR + PathologyLoss,BraTS2021_00134,31.130438,0.9863806962966919,0.087562844,0.6621287128712872,0.07915057915057915,0.011481056257175661
SwinIR + PathologyLoss,BraTS2021_00134,31.183146,0.9871528744697571,0.086079255,0.6780587833219412,0.01160541586073501,0.005847953216374269
SwinIR + PathologyLoss,BraTS2021_00134,30.98705,0.98661208152771,0.08837102,0.8661302121433797,0.06779661016949153,0.0
SwinIR + PathologyLoss,BraTS2021_00134,30.892145,0.987105131149292,0.0864437,0.8528301886792453,0.24024960998439937,0.006349206349206349
SwinIR + PathologyLoss,BraTS2021_00134,30.330477,0.9853116273880005,0.09152619,0.8179525970751387,0.1059190031152648,0.0
SwinIR + PathologyLoss,BraTS2021_00134,30.138496,0.9832468628883362,0.09495257,0.822518263859046,0.2260127931769723,0.0
SwinIR + PathologyLoss,BraTS2021_00134,29.734442,0.9829181432723999,0.091132976,0.8754250386398763,0.2697795071335927,0.0
SwinIR + PathologyLoss,BraTS2021_00134,29.750586,0.982560932636261,0.08869524,0.8971913089560148,0.3044838373305527,0.0024271844660194173
SwinIR + PathologyLoss,BraTS2021_00134,30.322254,0.982223391532898,0.08390599,0.9169793621013134,0.4216704288939052,0.09176470588235294
SwinIR + PathologyLoss,BraTS2021_00134,30.348183,0.9852750301361084,0.07860783,0.8765957446808511,0.6854368932038835,0.04079184163167367
SwinIR + PathologyLoss,BraTS2021_00134,30.476303,0.9853518605232239,0.07607897,0.9520933977455717,0.8010610079575596,0.0455531453362256
SwinIR + PathologyLoss,BraTS2021_00134,30.587093,0.9865313768386841,0.07363207,0.9499904924890663,0.7972686602307512,0.03333333333333333
SwinIR + PathologyLoss,BraTS2021_00134,30.801498,0.9846495389938354,0.07224713,0.844487552537989,0.7022641509433962,0.007862407862407862
SwinIR + PathologyLoss,BraTS2021_00134,30.912746,0.9874959588050842,0.068040185,0.8060768543342269,0.6692567567567568,0.043243243243243246
SwinIR + PathologyLoss,BraTS2021_00134,31.105011,0.9866054654121399,0.06827101,0.9358102504561288,0.7897296245866563,0.09926224010731052
SwinIR + PathologyLoss,BraTS2021_00134,31.583967,0.9882592558860779,0.06572355,0.960602946214457,0.8508627773212818,0.07260726072607261
SwinIR + PathologyLoss,BraTS2021_00134,31.515501,0.989534318447113,0.06323291,0.9285714285714286,0.817743132887899,0.11094674556213018
SwinIR + PathologyLoss,BraTS2021_00134,31.669407,0.9894335865974426,0.06398881,0.9572281167108754,0.8740408010481003,0.0939060939060939
SwinIR + PathologyLoss,BraTS2021_00134,31.584637,0.9895524382591248,0.0639434,0.9678477690288714,0.8746947210219801,0.09401709401709402
SwinIR + PathologyLoss,BraTS2021_00134,31.576643,0.9893147945404053,0.063749924,0.9647175749544475,0.8928706148623161,0.09717514124293786
SwinIR + PathologyLoss,BraTS2021_00134,31.473648,0.9896727204322815,0.064297125,0.899685110211426,0.8116182572614108,0.061124694376528114
SwinIR + PathologyLoss,BraTS2021_00134,31.3012,0.9898095726966858,0.06483819,0.9501807323589502,0.861387869253627,0.07763975155279502
SwinIR + PathologyLoss,BraTS2021_00134,31.347885,0.9886593222618103,0.06565618,0.9577464788732394,0.883183568677792,0.0041279669762641896
SwinIR + PathologyLoss,BraTS2021_00134,31.429434,0.9891320466995239,0.06654658,0.9604409857328146,0.8853769300635785,0.0064794816414686825
SwinIR + PathologyLoss,BraTS2021_00134,31.191977,0.9904734492301941,0.06410961,0.9560297445845457,0.8865119651921682,0.008762322015334063
SwinIR + PathologyLoss,BraTS2021_00134,31.229214,0.9892232418060303,0.06626317,0.9617612977983777,0.8905547226386806,0.034403669724770644
SwinIR + PathologyLoss,BraTS2021_00134,31.189184,0.9907100796699524,0.06470158,0.9585585585585585,0.8927653323540213,0.05217391304347826
SwinIR + PathologyLoss,BraTS2021_00134,30.858536,0.9902879595756531,0.066535234,0.9504015115729806,0.8562978427279053,0.058596761757902856
SwinIR + PathologyLoss,BraTS2021_00134,30.967321,0.9892246127128601,0.068382785,0.9663147310206134,0.896958174904943,0.0915032679738562
SwinIR + PathologyLoss,BraTS2021_00134,31.076937,0.9915215969085693,0.063565806,0.9446054750402576,0.8455045871559633,0.11090573012939002
SwinIR + PathologyLoss,BraTS2021_00134,30.924847,0.9908415079116821,0.06547661,0.9295071740486588,0.819327731092437,0.127420362273579
SwinIR + PathologyLoss,BraTS2021_00134,31.122438,0.9906298518180847,0.06547828,0.9694630872483222,0.8614838200473559,0.26057142857142856
SwinIR + PathologyLoss,BraTS2021_00134,31.158428,0.9923308491706848,0.06262569,0.9588138385502472,0.8749764993419816,0.2423146473779385
SwinIR + PathologyLoss,BraTS2021_00134,31.305134,0.9921464920043945,0.06271458,0.9448767833981842,0.8449936398328185,0.20205920205920205
SwinIR + PathologyLoss,BraTS2021_00134,30.966545,0.9907740354537964,0.066925615,0.9481578089338115,0.842792384406165,0.21245828698553948
SwinIR + PathologyLoss,BraTS2021_00134,30.997612,0.9915914535522461,0.06559908,0.9491411249578983,0.8411073189230186,0.27700463883366466
SwinIR + PathologyLoss,BraTS2021_00134,31.346195,0.9915953874588013,0.06479378,0.9675141242937854,0.8944075087993743,0.35346097201767307
SwinIR + PathologyLoss,BraTS2021_00134,30.893337,0.9910875558853149,0.06660554,0.9145778364116095,0.8071585098612125,0.2619961612284069
SwinIR + PathologyLoss,BraTS2021_00134,30.96013,0.9913918375968933,0.06628111,0.90501494520093,0.7764044943820225,0.2787821122740247
SwinIR + PathologyLoss,BraTS2021_00134,31.5586,0.9931476712226868,0.060239617,0.9666291713535808,0.8713211600429646,0.4398782343987823
SwinIR + PathologyLoss,BraTS2021_00134,31.493217,0.9928343892097473,0.06077401,0.9628359062321327,0.8644910309055543,0.41005291005291006
SwinIR + PathologyLoss,BraTS2021_00134,31.513943,0.9927971363067627,0.06159827,0.9645645645645645,0.8645100796999531,0.47433116413593635
SwinIR + PathologyLoss,BraTS2021_00134,31.232222,0.9921516180038452,0.06402897,0.9523052464228935,0.8308525033829499,0.44128553770086526
SwinIR + PathologyLoss,BraTS2021_00134,31.537125,0.9924206733703613,0.06202032,0.9526909722222222,0.900771208226221,0.5933544303797469
SwinIR + PathologyLoss,BraTS2021_00134,31.878664,0.9935676455497742,0.05894016,0.9464687359424202,0.8966239204396754,0.6213753106876554
SwinIR + PathologyLoss,BraTS2021_00134,31.627588,0.9931684136390686,0.059967265,0.9486418625884502,0.8842331453129197,0.551594746716698
SwinIR + PathologyLoss,BraTS2021_00134,31.798454,0.9930686354637146,0.060466584,0.9435698716396221,0.8798198705319449,0.65149359886202
SwinIR + PathologyLoss,BraTS2021_00134,31.686424,0.9926297068595886,0.061539516,0.9287010630023335,0.8861667164625038,0.6363018354860639
SwinIR + PathologyLoss,BraTS2021_00134,31.763718,0.9925775527954102,0.061678965,0.9382448537378115,0.8630731102850062,0.6091954022988506
SwinIR + PathologyLoss,BraTS2021_00134,31.414555,0.9918051362037659,0.06373933,0.935064935064935,0.6022679546409072,0.6734545454545454
SwinIR + PathologyLoss,BraTS2021_00134,31.413162,0.9916902184486389,0.064141795,0.9228878648233487,0.7217524980784013,0.623237071860309
SwinIR + PathologyLoss,BraTS2021_00134,31.520842,0.9915467500686646,0.06381123,0.9354947652819994,0.5868448098663926,0.724202626641651
SwinIR + PathologyLoss,BraTS2021_00134,31.32257,0.989990234375,0.06736986,0.8825459317585301,0.7610486891385768,0.48459715639810425
SwinIR + PathologyLoss,BraTS2021_00134,31.887571,0.9919614791870117,0.060334448,0.8230589803398867,0.6616362192216044,0.4222873900293255
SwinIR + PathologyLoss,BraTS2021_00134,31.942293,0.9913557171821594,0.06068577,0.9043906442347148,0.736562001064396,0.5636672325976231
SwinIR + PathologyLoss,BraTS2021_00134,31.894913,0.9904448986053467,0.06188041,0.8996350364963503,0.6902286902286903,0.5854657113613101
SwinIR + PathologyLoss,BraTS2021_00134,31.598495,0.9873289465904236,0.06605296,0.8856275303643725,0.5894736842105263,0.49067713444553485
SwinIR + PathologyLoss,BraTS2021_00134,31.742401,0.9867275953292847,0.06469406,0.8405466970387244,0.5853131749460043,0.5031289111389237
SwinIR + PathologyLoss,BraTS2021_00134,31.975986,0.984836995601654,0.06545756,0.7353760445682451,0.5195530726256983,0.4680232558139535
SwinIR + PathologyLoss,BraTS2021_00134,31.934326,0.9829937815666199,0.06581672,0.6497695852534562,0.3235294117647059,0.32405891980360063
SwinIR + PathologyLoss,BraTS2021_00134,32.14227,0.9814088344573975,0.06489746,0.49632892804698975,0.3944954128440367,0.3944954128440367
SwinIR + PathologyLoss,BraTS2021_00134,31.800554,0.9772946238517761,0.0686561,0.36343115124153497,0.09066666666666667,0.09066666666666667
SwinIR + PathologyLoss,BraTS2021_00134,32.30819,0.9778790473937988,0.0644908,0.0,0.0,0.0
