method,subject,psnr,ssim,nrmse,dice_wt,dice_tc,dice_et
SwinIR-lite (L1),BraTS2021_00002,32.065224,0.9768277406692505,0.1642951,0.0,nan,nan
SwinIR-lite (L1),BraTS2021_00002,31.783695,0.9766323566436768,0.16227795,0.0,nan,nan
SwinIR-lite (L1),BraTS2021_00002,31.402685,0.9764853715896606,0.16087861,0.0,nan,nan
SwinIR-lite (L1),BraTS2021_00002,31.448517,0.977455735206604,0.1542181,0.021505376344086023,nan,nan
SwinIR-lite (L1),BraTS2021_00002,31.246927,0.9765763878822327,0.15432452,0.04516129032258064,nan,nan
SwinIR-lite (L1),BraTS2021_00002,30.769426,0.9750618934631348,0.15633295,0.13245033112582782,nan,nan
SwinIR-lite (L1),BraTS2021_00002,30.326313,0.9745574593544006,0.15458676,0.8106995884773662,nan,nan
SwinIR-lite (L1),BraTS2021_00002,30.240412,0.9734223484992981,0.15387699,0.8106508875739645,nan,nan
SwinIR-lite (L1),BraTS2021_00002,30.52534,0.9731573462486267,0.1499006,0.8623188405797102,nan,nan
SwinIR-lite (L1),BraTS2021_00002,30.500774,0.9742675423622131,0.14369832,0.8597957288765088,nan,nan
SwinIR-lite (L1),BraTS2021_00002,30.31094,0.9736583828926086,0.14268357,0.875,nan,nan
SwinIR-lite (L1),BraTS2021_00002,30.413305,0.9731954336166382,0.13991196,0.885,nan,nan
SwinIR-lite (L1),BraTS2021_00002,30.388525,0.9727115035057068,0.1350179,0.7794779477947795,nan,nan
SwinIR-lite (L1),BraTS2021_00002,30.298904,0.9721521139144897,0.13387771,0.820738137082601,nan,nan
SwinIR-lite (L1),BraTS2021_00002,30.552341,0.9720631837844849,0.13054278,0.8883826879271071,nan,nan
SwinIR-lite (L1),BraTS2021_00002,30.713396,0.9715888500213623,0.12909716,0.22358722358722358,nan,nan
SwinIR-lite (L1),BraTS2021_00002,30.327501,0.9693593978881836,0.13424127,0.6848436246992783,nan,nan
SwinIR-lite (L1),BraTS2021_00002,30.338717,0.9688655138015747,0.13520241,0.0,nan,nan
SwinIR-lite (L1),BraTS2021_00002,30.103859,0.9683785438537598,0.13457645,0.12839506172839507,nan,nan
SwinIR-lite (L1),BraTS2021_00002,29.95322,0.9657422304153442,0.13834225,0.0,nan,nan
SwinIR-lite (L1),BraTS2021_00002,29.666655,0.9667367935180664,0.13299224,0.07509386733416772,nan,nan
SwinIR-lite (L1),BraTS2021_00002,29.363785,0.9650583863258362,0.13403969,0.6300686213349969,0.0,0.0
SwinIR-lite (L1),BraTS2021_00002,29.576895,0.9600844979286194,0.13282856,0.5106649937264742,0.0,0.0
SwinIR-lite (L1),BraTS2021_00002,29.841213,0.9628111720085144,0.12375814,0.8391472868217055,0.0,0.0
SwinIR-lite (L1),BraTS2021_00002,29.840963,0.9623518586158752,0.12026268,0.7783141477905682,0.0,0.0
SwinIR-lite (L1),BraTS2021_00002,29.941128,0.958342432975769,0.12078326,0.6067006554989075,nan,nan
SwinIR-lite (L1),BraTS2021_00002,30.124851,0.9580368399620056,0.11752247,0.6759744037230948,0.0,0.0
SwinIR-lite (L1),BraTS2021_00002,30.170788,0.9608159065246582,0.11187343,0.7123136388735505,0.0,0.0
SwinIR-lite (L1),BraTS2021_00002,30.276411,0.9584193825721741,0.11434132,0.6829406755606018,0.0,0.0
SwinIR-lite (L1),BraTS2021_00002,30.209541,0.9642325043678284,0.110838406,0.7346348517715112,0.2724458204334365,0.21639344262295082
SwinIR-lite (L1),BraTS2021_00002,30.971684,0.9664556384086609,0.103158765,0.7312427409988386,0.4303030303030303,0.4303030303030303
SwinIR-lite (L1),BraTS2021_00002,30.83008,0.9669975638389587,0.10407846,0.8304791225707139,0.31157894736842107,0.31157894736842107
SwinIR-lite (L1),BraTS2021_00002,30.922626,0.9694111943244934,0.100395,0.7783231083844581,0.29443447037701975,0.29818181818181816
SwinIR-lite (L1),BraTS2021_00002,30.671642,0.9700459241867065,0.10206783,0.8956568751126329,0.5171400587659157,0.5147347740667977
SwinIR-lite (L1),BraTS2021_00002,30.555931,0.9700684547424316,0.10266731,0.9415606737710553,0.5289139633286318,0.5152394775036284
SwinIR-lite (L1),BraTS2021_00002,30.472353,0.9721390008926392,0.10161604,0.9023068586468493,0.4269264836138175,0.4359726295210166
SwinIR-lite (L1),BraTS2021_00002,30.610636,0.9704906344413757,0.09969754,0.8986757006467508,0.6574519230769231,0.5722108145106092
SwinIR-lite (L1),BraTS2021_00002,30.563656,0.9710602164268494,0.09915829,0.9123623390724368,0.6259977194982896,0.6773572803078897
SwinIR-lite (L1),BraTS2021_00002,30.381824,0.9720905423164368,0.09998402,0.8263283108643933,0.28264984227129336,0.3147590361445783
SwinIR-lite (L1),BraTS2021_00002,30.533195,0.9734764695167542,0.097604,0.8427712749130022,0.41284403669724773,0.46048109965635736
SwinIR-lite (L1),BraTS2021_00002,30.469885,0.9749670028686523,0.096318364,0.8356664637857577,0.40924092409240925,0.5090152565880721
SwinIR-lite (L1),BraTS2021_00002,30.46607,0.975230872631073,0.09659433,0.8445219412961349,0.3549190535491905,0.4746666666666667
SwinIR-lite (L1),BraTS2021_00002,30.367926,0.9780731797218323,0.09395389,0.8362390105796453,0.2804333970681963,0.4394250513347023
SwinIR-lite (L1),BraTS2021_00002,30.624258,0.9788239598274231,0.09203165,0.8511749347258486,0.31430325352977284,0.5310492505353319
SwinIR-lite (L1),BraTS2021_00002,30.545244,0.9770617485046387,0.094451554,0.8626135569531796,0.4384909786768726,0.6560283687943262
SwinIR-lite (L1),BraTS2021_00002,30.29765,0.9802156090736389,0.09271819,0.8866505887359909,0.3233082706766917,0.5795454545454546
SwinIR-lite (L1),BraTS2021_00002,30.471775,0.9792846441268921,0.09241461,0.8766925957937194,0.3118477593615715,0.5483146067415731
SwinIR-lite (L1),BraTS2021_00002,30.571854,0.9786118268966675,0.09236993,0.879865669363456,0.6646676661669165,0.6220614828209765
SwinIR-lite (L1),BraTS2021_00002,30.503256,0.9796906113624573,0.09078884,0.864449325384374,0.4002486016159105,0.5708154506437768
SwinIR-lite (L1),BraTS2021_00002,30.343975,0.980972409248352,0.090826906,0.8595923649304432,0.44700181708055725,0.5833333333333334
SwinIR-lite (L1),BraTS2021_00002,30.667868,0.9801872968673706,0.09018594,0.8765594221930401,0.408641975308642,0.6283924843423799
SwinIR-lite (L1),BraTS2021_00002,30.420677,0.9803597331047058,0.09230107,0.8679309755680847,0.36578947368421055,0.5113759479956663
SwinIR-lite (L1),BraTS2021_00002,30.625648,0.9811121821403503,0.08829993,0.9030470914127424,0.46732673267326735,0.6442405708460754
SwinIR-lite (L1),BraTS2021_00002,30.653053,0.9811022877693176,0.08965002,0.8685880007250317,0.43609022556390975,0.5781083953241233
SwinIR-lite (L1),BraTS2021_00002,30.801414,0.9823530316352844,0.087391905,0.8841829085457271,0.30237912509593246,0.42207792207792205
SwinIR-lite (L1),BraTS2021_00002,30.834913,0.9830851554870605,0.087119654,0.8860848229933403,0.4805290227773696,0.5781990521327014
SwinIR-lite (L1),BraTS2021_00002,30.872528,0.9840457439422607,0.08407536,0.9293330923549611,0.41522491349480967,0.49173553719008267
SwinIR-lite (L1),BraTS2021_00002,31.184072,0.9837982654571533,0.08673393,0.9038040231029676,0.4904632152588556,0.5808580858085809
SwinIR-lite (L1),BraTS2021_00002,31.198595,0.9843878746032715,0.08571781,0.9059725585149314,0.36619718309859156,0.4485981308411215
SwinIR-lite (L1),BraTS2021_00002,31.278416,0.9854354858398438,0.08270049,0.9170809306025055,0.549792531120332,0.6068796068796068
SwinIR-lite (L1),BraTS2021_00002,31.316702,0.9859186410903931,0.08186282,0.9540957657301148,0.411522633744856,0.45871559633027525
SwinIR-lite (L1),BraTS2021_00002,31.121271,0.9858021140098572,0.08320009,0.944359171143515,0.6334610472541508,0.6611796982167353
SwinIR-lite (L1),BraTS2021_00002,31.052692,0.9841441512107849,0.086115025,0.9067262751473277,0.8005390835579514,0.7454545454545455
SwinIR-lite (L1),BraTS2021_00002,31.193783,0.9841247797012329,0.08592489,0.97391966495336,0.8163884673748103,0.7625649913344887
SwinIR-lite (L1),BraTS2021_00002,31.141605,0.983761727809906,0.08556614,0.9738321380112425,0.7834710743801653,0.7403314917127072
SwinIR-lite (L1),BraTS2021_00002,31.130507,0.9836909770965576,0.086446404,0.974234124568878,0.8077669902912621,0.78099173553719
SwinIR-lite (L1),BraTS2021_00002,31.419228,0.9804597496986389,0.08810787,0.9695570018895654,0.714975845410628,0.7341772151898734
SwinIR-lite (L1),BraTS2021_00002,31.5293,0.9812015295028687,0.08576038,0.9688829191851355,0.7923497267759563,0.7804878048780488
SwinIR-lite (L1),BraTS2021_00002,31.327385,0.9799256920814514,0.08934413,0.9624557260920897,0.5785123966942148,0.6167400881057269
SwinIR-lite (L1),BraTS2021_00002,31.197609,0.9798505306243896,0.09048094,0.9655521783181358,0.7309644670050761,0.7244897959183674
SwinIR-lite (L1),BraTS2021_00002,30.902433,0.9778077602386475,0.09365821,0.9618894256575417,0.7692307692307693,0.7692307692307693
SwinIR-lite (L1),BraTS2021_00002,31.074791,0.9794983863830566,0.09110861,0.9582836710369488,0.0,0.0
SwinIR-lite (L1),BraTS2021_00002,30.952915,0.9768874049186707,0.09741869,0.9670768207515796,nan,nan
SwinIR-lite (L1),BraTS2021_00002,30.914114,0.9797019958496094,0.09263431,0.9727011494252874,0.0,nan
SwinIR-lite (L1),BraTS2021_00002,30.767063,0.9776459336280823,0.09729306,0.9756487025948104,nan,nan
SwinIR-lite (L1),BraTS2021_00002,30.447779,0.9775059223175049,0.100440696,0.9746236559139785,nan,nan
SwinIR-lite (L1),BraTS2021_00002,30.482582,0.9753543138504028,0.102694795,0.974757281553398,nan,nan
SwinIR-lite (L1),BraTS2021_00002,30.268318,0.9740291833877563,0.10625448,0.9489851892484915,nan,nan
SwinIR-lite (L1),BraTS2021_00002,30.406477,0.9715458154678345,0.10876455,0.9624753127057275,nan,nan
SwinIR-lite (L1),BraTS2021_00002,30.005417,0.9707653522491455,0.11274942,0.9429864253393665,nan,nan
SwinIR-lite (L1),BraTS2021_00002,29.969067,0.9717361927032471,0.11195591,0.9585666293393057,nan,nan
SwinIR-lite (L1),BraTS2021_00002,30.122147,0.9704945087432861,0.11461189,0.9582089552238806,nan,nan
SwinIR-lite (L1),BraTS2021_00002,29.981564,0.9686359763145447,0.11947851,0.8747152619589977,nan,nan
SwinIR-lite (L1),BraTS2021_00002,29.936655,0.9703020453453064,0.1200782,0.8249027237354085,nan,nan
SwinIR-lite (L1),BraTS2021_00014,31.664011,0.9826690554618835,0.15104821,0.0,nan,nan
SwinIR-lite (L1),BraTS2021_00014,31.388317,0.9817783236503601,0.15128604,0.0,nan,nan
SwinIR-lite (L1),BraTS2021_00014,31.315859,0.9841947555541992,0.13974954,0.0,nan,nan
SwinIR-lite (L1),BraTS2021_00014,31.074852,0.9827888011932373,0.14322735,0.0,nan,nan
SwinIR-lite (L1),BraTS2021_00014,30.920164,0.983837366104126,0.13707894,0.0,nan,nan
SwinIR-lite (L1),BraTS2021_00014,31.076305,0.9839336276054382,0.1353315,0.0,nan,nan
SwinIR-lite (L1),BraTS2021_00014,31.120073,0.9831093549728394,0.13741913,0.0,nan,nan
SwinIR-lite (L1),BraTS2021_00014,30.771023,0.9838119149208069,0.1330771,0.0,nan,nan
SwinIR-lite (L1),BraTS2021_00014,30.820944,0.9840414524078369,0.13110396,0.10945273631840796,0.0,0.0
SwinIR-lite (L1),BraTS2021_00014,30.416937,0.9831308126449585,0.1337352,0.23728813559322035,0.0,0.0
SwinIR-lite (L1),BraTS2021_00014,29.805376,0.9797603487968445,0.14156723,0.0,0.0,0.0
SwinIR-lite (L1),BraTS2021_00014,29.555761,0.9787653088569641,0.14054076,0.46379853095487933,0.14285714285714285,0.14285714285714285
SwinIR-lite (L1),BraTS2021_00014,29.22054,0.9777065515518188,0.13849695,0.11352657004830918,0.0,0.0
SwinIR-lite (L1),BraTS2021_00014,29.219778,0.9767313003540039,0.13608694,0.4500907441016334,0.0,0.0
SwinIR-lite (L1),BraTS2021_00014,28.982962,0.9759337306022644,0.13108025,0.7421052631578947,0.3018867924528302,0.3018867924528302
SwinIR-lite (L1),BraTS2021_00014,29.041992,0.9750052690505981,0.12830591,0.8826185101580135,0.13157894736842105,0.13157894736842105
SwinIR-lite (L1),BraTS2021_00014,28.752064,0.9743161797523499,0.12466882,0.8676236044657097,0.0,0.0
SwinIR-lite (L1),BraTS2021_00014,28.775549,0.9720316529273987,0.12326476,0.6290424857324033,0.0,0.0
SwinIR-lite (L1),BraTS2021_00014,28.947147,0.9713426232337952,0.12040664,0.05862068965517241,0.0,0.0
SwinIR-lite (L1),BraTS2021_00014,28.941853,0.9707162976264954,0.118258946,0.20662460567823343,0.0,0.0
SwinIR-lite (L1),BraTS2021_00014,28.89676,0.9704917073249817,0.1172621,0.7109670448406267,0.1,0.1004566210045662
SwinIR-lite (L1),BraTS2021_00014,28.857693,0.970970094203949,0.11360959,0.7099117799688636,0.0,0.0
SwinIR-lite (L1),BraTS2021_00014,28.914106,0.9685614705085754,0.11369037,0.8448500651890483,0.2980769230769231,0.2980769230769231
SwinIR-lite (L1),BraTS2021_00014,28.953403,0.9684643745422363,0.11199454,0.8842905405405406,0.12972972972972974,0.12972972972972974
SwinIR-lite (L1),BraTS2021_00014,29.098837,0.9653668403625488,0.110968284,0.39438339438339437,0.0,0.0
SwinIR-lite (L1),BraTS2021_00014,28.910797,0.9685406684875488,0.10859976,0.5959703075291622,0.0,0.0
SwinIR-lite (L1),BraTS2021_00014,29.175564,0.9635017514228821,0.10814732,0.5592105263157895,0.4508670520231214,0.4508670520231214
SwinIR-lite (L1),BraTS2021_00014,28.788555,0.9660488367080688,0.1093134,0.7267441860465116,0.4823529411764706,0.4823529411764706
SwinIR-lite (L1),BraTS2021_00014,29.03447,0.9672375321388245,0.10396206,0.8187613843351548,0.1487603305785124,0.1565217391304348
SwinIR-lite (L1),BraTS2021_00014,28.968924,0.9693552851676941,0.106164955,0.7459407831900668,0.0449438202247191,0.0449438202247191
SwinIR-lite (L1),BraTS2021_00014,29.030123,0.9693196415901184,0.10502561,0.854344122657581,0.6129032258064516,0.6727272727272727
SwinIR-lite (L1),BraTS2021_00014,29.040527,0.9700743556022644,0.10279892,0.8281861678990866,0.14634146341463414,0.14634146341463414
SwinIR-lite (L1),BraTS2021_00014,29.055922,0.9692962765693665,0.104447976,0.7937639198218263,0.0,0.0
SwinIR-lite (L1),BraTS2021_00014,29.360378,0.9686772227287292,0.102115214,0.8118545127974854,nan,nan
SwinIR-lite (L1),BraTS2021_00014,29.07876,0.9712215065956116,0.1039789,0.8719567177637512,nan,nan
SwinIR-lite (L1),BraTS2021_00014,29.053782,0.9699432253837585,0.103284985,0.9064272211720227,0.0,0.0
SwinIR-lite (L1),BraTS2021_00014,29.02193,0.9732352495193481,0.10199502,0.9000577700751011,0.0,0.0
SwinIR-lite (L1),BraTS2021_00014,29.219246,0.9724237322807312,0.101363204,0.8498879761015683,0.0,0.0
SwinIR-lite (L1),BraTS2021_00014,29.192932,0.9731435775756836,0.101695135,0.8664192949907236,nan,nan
SwinIR-lite (L1),BraTS2021_00014,29.36106,0.9749934077262878,0.099914014,0.844542447629548,nan,nan
SwinIR-lite (L1),BraTS2021_00014,29.433386,0.9758444428443909,0.09853082,0.7518573551263001,nan,nan
SwinIR-lite (L1),BraTS2021_00014,29.61437,0.9764108657836914,0.09759664,0.510989010989011,nan,nan
SwinIR-lite (L1),BraTS2021_00014,29.383076,0.9749065637588501,0.098963134,0.38022813688212925,nan,nan
SwinIR-lite (L1),BraTS2021_00032,31.490814,0.9611670970916748,0.105562136,0.3825136612021858,nan,nan
SwinIR-lite (L1),BraTS2021_00032,31.668665,0.9624437093734741,0.10374841,0.8798076923076923,nan,nan
SwinIR-lite (L1),BraTS2021_00032,31.636946,0.9648970365524292,0.10178474,0.8122605363984674,nan,nan
SwinIR-lite (L1),BraTS2021_00032,31.98164,0.9674948453903198,0.09793296,0.8466257668711656,nan,nan
SwinIR-lite (L1),BraTS2021_00032,32.204674,0.9637452363967896,0.099272855,0.8515406162464986,nan,nan
SwinIR-lite (L1),BraTS2021_00032,31.922707,0.9643840193748474,0.10145363,0.8641425389755011,nan,nan
SwinIR-lite (L1),BraTS2021_00032,31.85762,0.9670905470848083,0.10008554,0.8584269662921349,nan,nan
SwinIR-lite (L1),BraTS2021_00032,32.0243,0.9646500945091248,0.09973879,0.8829568788501027,nan,nan
SwinIR-lite (L1),BraTS2021_00032,32.08232,0.9679349660873413,0.09732524,0.9073593073593074,nan,nan
SwinIR-lite (L1),BraTS2021_00032,31.874363,0.9664427638053894,0.101793006,0.9028112449799197,nan,nan
SwinIR-lite (L1),BraTS2021_00032,31.880161,0.9703779816627502,0.09579921,0.9137803979366249,nan,nan
SwinIR-lite (L1),BraTS2021_00032,32.016052,0.9701252579689026,0.09721087,0.9507550886408405,0.0,0.0
SwinIR-lite (L1),BraTS2021_00032,31.617422,0.9696928262710571,0.09965878,0.9509166173861621,0.0,0.0
SwinIR-lite (L1),BraTS2021_00032,31.569508,0.9707647562026978,0.09765896,0.9402810304449649,0.0,0.0
SwinIR-lite (L1),BraTS2021_00032,31.698105,0.9702935814857483,0.09839687,0.9103214890016921,0.0,0.0
SwinIR-lite (L1),BraTS2021_00032,31.82956,0.9683976173400879,0.09838994,0.9253880821231848,0.3851851851851852,0.3851851851851852
SwinIR-lite (L1),BraTS2021_00032,31.711714,0.9726311564445496,0.09493269,0.9293909973521624,0.47953216374269003,0.47953216374269003
SwinIR-lite (L1),BraTS2021_00032,31.829746,0.9710860252380371,0.09558678,0.9077551020408163,0.5436893203883495,0.5204081632653061
SwinIR-lite (L1),BraTS2021_00032,31.97033,0.973482608795166,0.093718305,0.9597721609113563,0.308411214953271,0.3384615384615385
SwinIR-lite (L1),BraTS2021_00032,31.88889,0.9768535494804382,0.09154005,0.954949029924367,0.008064516129032258,0.009900990099009901
SwinIR-lite (L1),BraTS2021_00032,31.928913,0.976437509059906,0.09088509,0.9784913662526508,0.5013054830287206,0.5393258426966292
SwinIR-lite (L1),BraTS2021_00032,31.935913,0.978226900100708,0.0900134,0.9871449925261584,0.3229166666666667,0.35127478753541075
SwinIR-lite (L1),BraTS2021_00032,32.085007,0.9797279834747314,0.08762132,0.9902855460700618,0.5630252100840336,0.5850340136054422
SwinIR-lite (L1),BraTS2021_00032,32.103645,0.9804527759552002,0.08781424,0.9726480312593928,0.3623529411764706,0.402088772845953
SwinIR-lite (L1),BraTS2021_00032,32.460567,0.98208087682724,0.083078325,0.9873343151693668,0.7653061224489796,0.7969348659003831
SwinIR-lite (L1),BraTS2021_00032,32.48369,0.981094479560852,0.08627532,0.9354838709677419,0.6067864271457086,0.6497695852534562
SwinIR-lite (L1),BraTS2021_00032,32.613956,0.9832123517990112,0.08215898,0.9539329363835788,0.43946188340807174,0.49732620320855614
SwinIR-lite (L1),BraTS2021_00032,32.430294,0.9819468855857849,0.08411359,0.9626047711154094,0.35121951219512193,0.43373493975903615
SwinIR-lite (L1),BraTS2021_00032,32.44009,0.9828687906265259,0.082938135,0.966612641815235,0.43914081145584727,0.5263157894736842
SwinIR-lite (L1),BraTS2021_00032,33.0146,0.9817327857017517,0.08090906,0.9506459092414706,0.6768558951965066,0.7469287469287469
SwinIR-lite (L1),BraTS2021_00032,32.89665,0.9842793345451355,0.07911421,0.9685575364667747,0.7310344827586207,0.7783251231527094
SwinIR-lite (L1),BraTS2021_00032,32.991005,0.983259379863739,0.07963599,0.9674479166666666,0.21739130434782608,0.22304832713754646
SwinIR-lite (L1),BraTS2021_00032,32.95898,0.9841090440750122,0.07876488,0.9704065040650407,0.5412541254125413,0.5484949832775919
SwinIR-lite (L1),BraTS2021_00032,33.09156,0.9833502173423767,0.078693554,0.9799482535575679,0.6379928315412187,0.652014652014652
SwinIR-lite (L1),BraTS2021_00032,33.073723,0.9849858283996582,0.07657497,0.972176759410802,0.15294117647058825,0.15950920245398773
SwinIR-lite (L1),BraTS2021_00032,33.24485,0.9829427003860474,0.07829767,0.9668341708542714,0.34965034965034963,0.35036496350364965
SwinIR-lite (L1),BraTS2021_00032,32.79197,0.9814708828926086,0.08106343,0.9692671394799054,0.24719101123595505,0.2558139534883721
SwinIR-lite (L1),BraTS2021_00032,32.730595,0.9827814698219299,0.07986347,0.9631688672689368,0.14285714285714285,0.1509433962264151
SwinIR-lite (L1),BraTS2021_00032,32.468307,0.9796293377876282,0.08357726,0.9297632906480403,0.0,0.0
SwinIR-lite (L1),BraTS2021_00032,32.383347,0.9789994359016418,0.0866463,0.9132653061224489,0.0,0.0
SwinIR-lite (L1),BraTS2021_00032,32.305252,0.9775499105453491,0.08705213,0.914179104477612,nan,nan
SwinIR-lite (L1),BraTS2021_00032,32.183872,0.978789746761322,0.08726405,0.9253152279340446,nan,nan
SwinIR-lite (L1),BraTS2021_00032,31.489498,0.9776568412780762,0.09256997,0.9333333333333333,nan,nan
SwinIR-lite (L1),BraTS2021_00032,31.470905,0.9745125770568848,0.095219135,0.9163135593220338,nan,nan
SwinIR-lite (L1),BraTS2021_00032,31.505663,0.9743771553039551,0.09540123,0.9133594186696479,nan,nan
SwinIR-lite (L1),BraTS2021_00032,31.071526,0.9743699431419373,0.097946316,0.9208037825059102,nan,nan
SwinIR-lite (L1),BraTS2021_00032,31.117043,0.972703754901886,0.10132521,0.9161205766710354,nan,nan
SwinIR-lite (L1),BraTS2021_00032,31.210375,0.9725175499916077,0.10067446,0.9449793672627235,nan,nan
SwinIR-lite (L1),BraTS2021_00032,31.084406,0.971644401550293,0.102821216,0.9278350515463918,nan,nan
SwinIR-lite (L1),BraTS2021_00032,30.804913,0.9718806743621826,0.10495193,0.923896499238965,nan,nan
SwinIR-lite (L1),BraTS2021_00032,31.103603,0.9687467813491821,0.106582955,0.9269565217391305,nan,nan
SwinIR-lite (L1),BraTS2021_00032,30.44146,0.9698496460914612,0.11250781,0.9271523178807947,nan,nan
SwinIR-lite (L1),BraTS2021_00032,30.301167,0.9685167074203491,0.115755655,0.924643584521385,nan,nan
SwinIR-lite (L1),BraTS2021_00032,30.230179,0.9683154821395874,0.11594156,0.9148418491484185,nan,nan
SwinIR-lite (L1),BraTS2021_00032,30.18646,0.9675847291946411,0.11788834,0.8734177215189873,nan,nan
SwinIR-lite (L1),BraTS2021_00032,30.018404,0.9676832556724548,0.11875014,0.8795411089866156,nan,nan
SwinIR-lite (L1),BraTS2021_00032,29.989508,0.9666385650634766,0.12360097,0.8719346049046321,nan,nan
SwinIR-lite (L1),BraTS2021_00035,31.329,0.9593170285224915,0.09492052,0.0,nan,nan
SwinIR-lite (L1),BraTS2021_00035,30.961359,0.9619781970977783,0.09545684,0.04081632653061224,nan,nan
SwinIR-lite (L1),BraTS2021_00035,31.217268,0.9629660248756409,0.09265917,0.3089430894308943,nan,nan
SwinIR-lite (L1),BraTS2021_00035,31.365278,0.9630805850028992,0.09273736,0.3641304347826087,0.0,0.0
SwinIR-lite (L1),BraTS2021_00035,31.046036,0.9601253271102905,0.09183324,0.7123695976154992,0.12389380530973451,0.12389380530973451
SwinIR-lite (L1),BraTS2021_00035,31.034267,0.9603065252304077,0.09400307,0.8185430463576159,0.07643312101910828,0.07792207792207792
SwinIR-lite (L1),BraTS2021_00035,30.844595,0.9605332612991333,0.09600581,0.8630952380952381,0.6568265682656826,0.7142857142857143
SwinIR-lite (L1),BraTS2021_00035,30.827374,0.9661371111869812,0.09225054,0.9073593073593074,0.6053511705685619,0.6463878326996197
SwinIR-lite (L1),BraTS2021_00035,30.737652,0.9617012739181519,0.095211655,0.9180050718512257,0.6856330014224751,0.7805695142378559
SwinIR-lite (L1),BraTS2021_00035,30.837273,0.9688364863395691,0.092594996,0.9623059866962306,0.7346938775510204,0.7817589576547231
SwinIR-lite (L1),BraTS2021_00035,30.845526,0.9719401597976685,0.09005201,0.9702127659574468,0.5843621399176955,0.7147887323943662
SwinIR-lite (L1),BraTS2021_00035,31.071987,0.9699793457984924,0.090062216,0.9612097304404996,0.7465437788018433,0.8414442700156985
SwinIR-lite (L1),BraTS2021_00035,30.929214,0.9705437421798706,0.09121551,0.9564676616915423,0.8412371134020619,0.8662420382165605
SwinIR-lite (L1),BraTS2021_00035,31.093256,0.9711153507232666,0.089249015,0.9531713100177831,0.8090551181102362,0.845679012345679
SwinIR-lite (L1),BraTS2021_00035,31.013065,0.973908007144928,0.08824577,0.9415137614678899,0.5889145496535797,0.745697896749522
SwinIR-lite (L1),BraTS2021_00035,31.459995,0.9761147499084473,0.08473185,0.9548872180451128,0.6468085106382979,0.7889273356401384
SwinIR-lite (L1),BraTS2021_00035,31.341282,0.974127471446991,0.086244844,0.9426948890036139,0.7834862385321101,0.84472049689441
SwinIR-lite (L1),BraTS2021_00035,31.414215,0.9771302342414856,0.083772734,0.9559187716691432,0.8021390374331551,0.9044776119402985
SwinIR-lite (L1),BraTS2021_00035,31.573761,0.9752528667449951,0.08392521,0.9533777354900095,0.8109540636042403,0.8833592534992224
SwinIR-lite (L1),BraTS2021_00035,31.818836,0.974537193775177,0.08190832,0.9590804597701149,0.8261253309796999,0.898876404494382
SwinIR-lite (L1),BraTS2021_00035,31.679544,0.9766112565994263,0.08225509,0.9640102827763496,0.722007722007722,0.858603066439523
SwinIR-lite (L1),BraTS2021_00035,31.941246,0.972748875617981,0.081783734,0.9650582362728786,0.7215064420218038,0.8795811518324608
SwinIR-lite (L1),BraTS2021_00035,31.899641,0.9752979278564453,0.079540886,0.9703049759229535,0.7704130643611912,0.869983948635634
SwinIR-lite (L1),BraTS2021_00035,31.957037,0.9736584424972534,0.080537796,0.985983179815779,0.7781094527363184,0.8397435897435898
SwinIR-lite (L1),BraTS2021_00035,31.697697,0.9759942293167114,0.08063736,0.981042654028436,0.6651216685979142,0.7423423423423423
SwinIR-lite (L1),BraTS2021_00035,32.0027,0.9779444932937622,0.07688785,0.9813566045220151,0.9125628140703518,0.8882978723404256
SwinIR-lite (L1),BraTS2021_00035,32.308784,0.9763733744621277,0.077351965,0.9870967741935484,0.8163265306122449,0.837410071942446
SwinIR-lite (L1),BraTS2021_00035,31.931644,0.9767422676086426,0.078260995,0.9788617886178862,0.8518024032042724,0.8165137614678899
SwinIR-lite (L1),BraTS2021_00035,32.192513,0.976633608341217,0.07907717,0.9829804898298049,0.8099173553719008,0.7873462214411248
SwinIR-lite (L1),BraTS2021_00035,32.1521,0.9745558500289917,0.080201715,0.9737732656514383,0.8082191780821918,0.8054919908466819
SwinIR-lite (L1),BraTS2021_00035,31.834694,0.9742424488067627,0.08220342,0.978026712623869,0.6825396825396826,0.6825396825396826
SwinIR-lite (L1),BraTS2021_00035,31.73824,0.9715328216552734,0.08658838,0.9774089442139234,0.2268041237113402,0.2268041237113402
SwinIR-lite (L1),BraTS2021_00035,31.649124,0.9732250571250916,0.08715207,0.9569049951028403,nan,nan
SwinIR-lite (L1),BraTS2021_00035,31.258,0.9737352728843689,0.08940504,0.9425641025641026,nan,nan
SwinIR-lite (L1),BraTS2021_00035,30.897074,0.9705926179885864,0.09312135,0.9321566464423607,nan,nan
SwinIR-lite (L1),BraTS2021_00035,30.913172,0.9676336646080017,0.09508447,0.8973570989551322,nan,nan
SwinIR-lite (L1),BraTS2021_00035,30.771412,0.968452513217926,0.09657051,0.9235294117647059,nan,nan
SwinIR-lite (L1),BraTS2021_00035,30.78016,0.9678540825843811,0.100474946,0.8756756756756757,nan,nan
SwinIR-lite (L1),BraTS2021_00035,30.585022,0.9690424799919128,0.09963468,0.7913862718707941,nan,nan
SwinIR-lite (L1),BraTS2021_00035,30.475475,0.9631815552711487,0.10759406,0.851782363977486,nan,nan
SwinIR-lite (L1),BraTS2021_00035,30.431099,0.9693097472190857,0.10411968,0.0,nan,nan
SwinIR-lite (L1),BraTS2021_00060,32.251316,0.9736451506614685,0.17664443,0.2764976958525346,0.0,0.0
SwinIR-lite (L1),BraTS2021_00060,31.947844,0.9721082448959351,0.17967314,0.0,0.0,0.0
SwinIR-lite (L1),BraTS2021_00060,31.476208,0.9704836010932922,0.18073046,0.1630695443645084,0.0,0.0
SwinIR-lite (L1),BraTS2021_00060,31.702688,0.9734070897102356,0.16828512,0.4180602006688963,0.0,0.0
SwinIR-lite (L1),BraTS2021_00060,31.265028,0.9691411256790161,0.17836569,0.19480519480519481,0.0,0.0
SwinIR-lite (L1),BraTS2021_00060,31.10135,0.9675738215446472,0.17965473,0.36939313984168864,0.0,0.0
SwinIR-lite (L1),BraTS2021_00060,31.13614,0.9706177115440369,0.16786715,0.33737864077669905,0.0,0.0
SwinIR-lite (L1),BraTS2021_00060,30.631292,0.9674431681632996,0.17245777,0.4593202883625129,0.1536189069423929,0.2101010101010101
SwinIR-lite (L1),BraTS2021_00060,29.98817,0.9644158482551575,0.1759964,0.5716798592788038,0.33488372093023255,0.44929797191887677
SwinIR-lite (L1),BraTS2021_00060,29.964233,0.9602993726730347,0.17702416,0.41887417218543044,0.3048016701461378,0.38461538461538464
SwinIR-lite (L1),BraTS2021_00060,30.27994,0.9672472476959229,0.15917446,0.7186370676303562,0.5177151120751988,0.6464088397790055
SwinIR-lite (L1),BraTS2021_00060,30.127941,0.9667972326278687,0.15741487,0.5653964984552008,0.12448812448812449,0.17531718569780855
SwinIR-lite (L1),BraTS2021_00060,30.446388,0.9665343761444092,0.15373458,0.5926614026939154,0.30266666666666664,0.36793422404933196
SwinIR-lite (L1),BraTS2021_00060,30.497847,0.9684073328971863,0.14868176,0.6615508885298869,0.2186287192755498,0.34334763948497854
SwinIR-lite (L1),BraTS2021_00060,30.450869,0.966940701007843,0.14726017,0.6602687140115163,0.17336683417085427,0.29411764705882354
SwinIR-lite (L1),BraTS2021_00060,30.42208,0.9670626521110535,0.14703837,0.6970128022759602,0.4817813765182186,0.49800796812749004
SwinIR-lite (L1),BraTS2021_00060,30.327057,0.9671439528465271,0.1480033,0.7124435847840103,0.25646794150731156,0.42024202420242024
SwinIR-lite (L1),BraTS2021_00060,30.558214,0.9702575206756592,0.14253397,0.8248835297341738,0.42186744073536525,0.5198156682027649
SwinIR-lite (L1),BraTS2021_00060,30.453781,0.9726303815841675,0.13866045,0.8352287754562285,0.4255716285580961,0.5694799658994032
SwinIR-lite (L1),BraTS2021_00060,30.22373,0.9742486476898193,0.13713461,0.8600050087653394,0.4656319290465632,0.5601965601965602
SwinIR-lite (L1),BraTS2021_00060,30.555584,0.9739238619804382,0.13408291,0.8161820480404551,0.4781115879828326,0.5288611544461779
SwinIR-lite (L1),BraTS2021_00060,30.129314,0.9746717810630798,0.1320623,0.8308946989685776,0.49326599326599324,0.6453900709219859
SwinIR-lite (L1),BraTS2021_00060,29.95867,0.9738591909408569,0.1344267,0.8486633439057544,0.4614100959532749,0.6757307953772943
SwinIR-lite (L1),BraTS2021_00060,29.556324,0.9707605838775635,0.13935137,0.8440931049626702,0.41285537700865266,0.6119704102219233
SwinIR-lite (L1),BraTS2021_00060,29.520304,0.9722785949707031,0.13294029,0.8975649023948481,0.45841174256680467,0.6875725900116144
SwinIR-lite (L1),BraTS2021_00060,29.58246,0.9691250920295715,0.13265267,0.9166506993676949,0.524459234608985,0.7239819004524887
SwinIR-lite (L1),BraTS2021_00060,29.392693,0.9679242372512817,0.1322383,0.9560380405526646,0.5656122768556217,0.7763636363636364
SwinIR-lite (L1),BraTS2021_00060,29.742994,0.9691302180290222,0.12747525,0.9474793606183032,0.575267175572519,0.7917042380522994
SwinIR-lite (L1),BraTS2021_00060,29.790817,0.9751254320144653,0.12078708,0.9622926093514329,0.5220403022670025,0.7789783889980354
SwinIR-lite (L1),BraTS2021_00060,29.952759,0.9733729362487793,0.118870825,0.9587977034785545,0.5129500947567909,0.7740361151781356
SwinIR-lite (L1),BraTS2021_00060,29.950272,0.9771202206611633,0.11422464,0.9636453364040138,0.6357577513764127,0.8197325956662056
SwinIR-lite (L1),BraTS2021_00060,30.080265,0.9767051339149475,0.11398264,0.9768427919112851,0.7094668117519043,0.794010889292196
SwinIR-lite (L1),BraTS2021_00060,30.060072,0.9736335873603821,0.117433675,0.9780830879947661,0.5929203539823009,0.7828054298642534
SwinIR-lite (L1),BraTS2021_00060,30.160807,0.9739149808883667,0.113875546,0.9791901919664462,0.8731396172927002,0.8350515463917526
SwinIR-lite (L1),BraTS2021_00060,30.167355,0.9746267199516296,0.11368142,0.9843371548522526,0.7777196652719666,0.863716814159292
SwinIR-lite (L1),BraTS2021_00060,30.14369,0.9783183336257935,0.10915093,0.9844026370799164,0.5979443772672309,0.8383561643835616
SwinIR-lite (L1),BraTS2021_00060,30.301151,0.9757452607154846,0.11156348,0.9758879113717823,0.6302744172322219,0.8324919687930243
SwinIR-lite (L1),BraTS2021_00060,30.312122,0.9781693816184998,0.10942451,0.9736022298737498,0.5253341622629779,0.742636407532593
SwinIR-lite (L1),BraTS2021_00060,30.37106,0.9768694043159485,0.10933312,0.9734541922952412,0.605494194279241,0.7931488801054019
SwinIR-lite (L1),BraTS2021_00060,30.08148,0.9797406196594238,0.10630673,0.9743589743589743,0.5274857314508862,0.7817067421027817
SwinIR-lite (L1),BraTS2021_00060,30.504541,0.9812835454940796,0.10258871,0.9779571561626824,0.5293761356753482,0.7879699248120301
SwinIR-lite (L1),BraTS2021_00060,30.319027,0.9813608527183533,0.10355822,0.9781632336998606,0.4439403758911212,0.7259668508287292
SwinIR-lite (L1),BraTS2021_00060,30.52036,0.9791236519813538,0.10493345,0.9713581767785648,0.8050955414012739,0.7891832229580574
SwinIR-lite (L1),BraTS2021_00060,30.721287,0.9818122982978821,0.09963049,0.9608851488234378,0.4297915954902631,0.7155388471177945
SwinIR-lite (L1),BraTS2021_00060,30.666313,0.9824561476707458,0.098490596,0.9663268458449181,0.40618260244428467,0.7353135313531353
SwinIR-lite (L1),BraTS2021_00060,30.608847,0.9801798462867737,0.102925256,0.9606945540647198,0.5908038372477671,0.7793923381770145
SwinIR-lite (L1),BraTS2021_00060,30.391293,0.9800835251808167,0.1041405,0.9729216152019002,0.6356902356902356,0.7770083102493075
SwinIR-lite (L1),BraTS2021_00060,30.56186,0.9791802763938904,0.104496956,0.9699983956361303,0.8186466165413534,0.8022130013831259
SwinIR-lite (L1),BraTS2021_00060,30.220634,0.9808233380317688,0.10461121,0.9671717171717171,0.7128446536650975,0.7701778385772914
SwinIR-lite (L1),BraTS2021_00060,30.237404,0.9803407788276672,0.10448911,0.9566849100860046,0.8508527131782946,0.8119402985074626
SwinIR-lite (L1),BraTS2021_00060,30.342278,0.9801425933837891,0.10416793,0.9487904492617028,0.7234497505345688,0.7165644171779141
SwinIR-lite (L1),BraTS2021_00060,30.593985,0.980711042881012,0.10216342,0.9613653995345229,0.8613042039059914,0.7590643274853801
SwinIR-lite (L1),BraTS2021_00060,30.767214,0.9811100363731384,0.10182234,0.9660574412532638,0.7563279183981866,0.812687013764213
SwinIR-lite (L1),BraTS2021_00060,30.670015,0.9821381568908691,0.09957996,0.959592843923504,0.7029950083194676,0.7486111111111111
SwinIR-lite (L1),BraTS2021_00060,30.85326,0.9838525056838989,0.09567807,0.9600499375780275,0.5190763052208835,0.7459954233409611
SwinIR-lite (L1),BraTS2021_00060,30.858208,0.985356330871582,0.09418286,0.9513682564503518,0.5152324959914484,0.7413509060955519
SwinIR-lite (L1),BraTS2021_00060,30.907738,0.9834387302398682,0.097094595,0.9473516780658502,0.5191873589164786,0.7527426160337553
SwinIR-lite (L1),BraTS2021_00060,31.014214,0.9850382208824158,0.094096534,0.9559870550161812,0.5611175785797439,0.7781456953642384
SwinIR-lite (L1),BraTS2021_00060,31.185814,0.986557126045227,0.08997942,0.9567168964411671,0.5115681233933161,0.6979627989371124
SwinIR-lite (L1),BraTS2021_00060,31.45195,0.986935555934906,0.08865629,0.9628552971576227,0.6628787878787878,0.8264182895850973
SwinIR-lite (L1),BraTS2021_00060,31.274044,0.9869366884231567,0.08952542,0.9673223866038042,0.6387726638772664,0.7918593894542091
SwinIR-lite (L1),BraTS2021_00060,31.717987,0.9864320158958435,0.08809374,0.9707700016702856,0.7967698519515478,0.7943396226415095
SwinIR-lite (L1),BraTS2021_00060,31.607887,0.9869123697280884,0.08948048,0.9571524966261808,0.8074626865671641,0.8392523364485981
SwinIR-lite (L1),BraTS2021_00060,31.435316,0.9866934418678284,0.0888659,0.9537987679671458,0.8384937238493724,0.8356713426853707
SwinIR-lite (L1),BraTS2021_00060,31.4647,0.9859331846237183,0.091166,0.9603244577675895,0.8559585492227979,0.8384371700105596
SwinIR-lite (L1),BraTS2021_00060,31.760735,0.9869532585144043,0.088387035,0.9474071349760942,0.8070175438596491,0.8070175438596491
SwinIR-lite (L1),BraTS2021_00060,31.950739,0.9864272475242615,0.08982171,0.9402566158781075,0.5628415300546448,0.5628415300546448
SwinIR-lite (L1),BraTS2021_00060,31.858263,0.9845679402351379,0.09113257,0.9182222222222223,0.0,0.0
SwinIR-lite (L1),BraTS2021_00060,31.886246,0.9838283658027649,0.092243895,0.9596899224806201,nan,nan
SwinIR-lite (L1),BraTS2021_00060,31.67765,0.9820265769958496,0.095489755,0.8995510662177328,nan,nan
SwinIR-lite (L1),BraTS2021_00060,31.641678,0.9786533117294312,0.09782175,0.9398016997167139,nan,nan
SwinIR-lite (L1),BraTS2021_00060,31.811535,0.9780195951461792,0.09708367,0.9582836710369488,nan,nan
SwinIR-lite (L1),BraTS2021_00060,31.865618,0.9743295311927795,0.102631666,0.9608791208791209,nan,nan
SwinIR-lite (L1),BraTS2021_00060,31.8004,0.9742159247398376,0.100656606,0.941234084231146,nan,nan
SwinIR-lite (L1),BraTS2021_00060,32.27629,0.9741118550300598,0.09765736,0.8619422572178478,nan,nan
SwinIR-lite (L1),BraTS2021_00060,32.06357,0.969596803188324,0.10155275,0.8223140495867769,nan,nan
SwinIR-lite (L1),BraTS2021_00060,32.182476,0.9669623374938965,0.10166162,0.7864077669902912,nan,nan
SwinIR-lite (L1),BraTS2021_00060,32.351204,0.9635299444198608,0.10308068,0.8168642951251647,nan,nan
SwinIR-lite (L1),BraTS2021_00060,32.297226,0.9563276171684265,0.10859342,0.6908212560386473,nan,nan
SwinIR-lite (L1),BraTS2021_00061,30.89054,0.9731491208076477,0.13734321,0.0,0.0,0.0
SwinIR-lite (L1),BraTS2021_00061,31.097958,0.9747132658958435,0.13064702,0.0,0.0,0.0
SwinIR-lite (L1),BraTS2021_00061,31.185253,0.9724066257476807,0.13389522,0.027491408934707903,0.1095890410958904,0.13114754098360656
SwinIR-lite (L1),BraTS2021_00061,31.24383,0.9747022986412048,0.12594073,0.013377926421404682,0.0,0.0
SwinIR-lite (L1),BraTS2021_00061,31.139347,0.9757734537124634,0.12363073,0.22443890274314215,0.08333333333333333,0.024691358024691357
SwinIR-lite (L1),BraTS2021_00061,31.14526,0.9759811162948608,0.12241305,0.4112903225806452,0.22857142857142856,0.3191489361702128
SwinIR-lite (L1),BraTS2021_00061,31.121563,0.9775527715682983,0.11973403,0.532347504621072,0.23529411764705882,0.2857142857142857
SwinIR-lite (L1),BraTS2021_00061,31.040792,0.9766808748245239,0.12121411,0.5592705167173252,0.1897810218978102,0.2857142857142857
SwinIR-lite (L1),BraTS2021_00061,30.770338,0.9766544103622437,0.122188434,0.47011144883485306,0.1267605633802817,0.15841584158415842
SwinIR-lite (L1),BraTS2021_00061,30.714378,0.9776593446731567,0.11869069,0.5711727842435094,0.3010752688172043,0.3346938775510204
SwinIR-lite (L1),BraTS2021_00061,30.300848,0.9700798988342285,0.131042,0.7178707224334601,0.548926014319809,0.4693333333333333
SwinIR-lite (L1),BraTS2021_00061,29.897194,0.9703676700592041,0.12772545,0.816711590296496,0.3431151241534989,0.34408602150537637
SwinIR-lite (L1),BraTS2021_00061,29.865097,0.9648505449295044,0.12997544,0.6376274328081557,0.16744186046511628,0.2111801242236025
SwinIR-lite (L1),BraTS2021_00061,29.945377,0.9671982526779175,0.12286724,0.6761133603238867,0.12424849699398798,0.11560693641618497
SwinIR-lite (L1),BraTS2021_00061,30.056086,0.965319812297821,0.12207915,0.6691800188501413,0.0,0.0
SwinIR-lite (L1),BraTS2021_00061,29.893372,0.9634076952934265,0.12128571,0.7780590717299578,0.0035714285714285713,0.006060606060606061
SwinIR-lite (L1),BraTS2021_00061,29.732378,0.9651313424110413,0.11968444,0.7947327652982185,0.0,0.0
SwinIR-lite (L1),BraTS2021_00061,29.932098,0.9685259461402893,0.11520189,0.8097043214556482,0.013468013468013467,0.02666666666666667
SwinIR-lite (L1),BraTS2021_00061,29.953129,0.9704990983009338,0.11288174,0.7340764331210191,0.010327022375215147,0.02158273381294964
SwinIR-lite (L1),BraTS2021_00061,30.132313,0.9708424210548401,0.11279661,0.7987804878048781,0.0108499095840868,0.02553191489361702
SwinIR-lite (L1),BraTS2021_00061,29.92036,0.9698387384414673,0.11235354,0.8005502063273727,0.059369202226345084,0.1306122448979592
SwinIR-lite (L1),BraTS2021_00061,30.497185,0.9725915193557739,0.10806798,0.7755102040816326,0.050682261208576995,0.1145374449339207
SwinIR-lite (L1),BraTS2021_00061,30.148731,0.971587598323822,0.108668275,0.805111821086262,0.024291497975708502,0.056074766355140186
SwinIR-lite (L1),BraTS2021_00061,30.293272,0.9723474979400635,0.10847859,0.7794779477947795,0.0,0.0
SwinIR-lite (L1),BraTS2021_00061,30.23179,0.9717859625816345,0.110142246,0.8364312267657993,0.0,0.0
SwinIR-lite (L1),BraTS2021_00061,30.30322,0.970349133014679,0.10902367,0.8263598326359832,0.10354223433242507,0.1349206349206349
SwinIR-lite (L1),BraTS2021_00061,30.43163,0.9690141081809998,0.10863154,0.7808857808857809,0.08540925266903915,0.09482758620689655
SwinIR-lite (L1),BraTS2021_00061,30.58015,0.9681395888328552,0.10724574,0.648876404494382,0.25116279069767444,0.24630541871921183
SwinIR-lite (L1),BraTS2021_00061,30.661009,0.9692263603210449,0.10701166,0.8093385214007782,0.5135135135135135,0.5135135135135135
SwinIR-lite (L1),BraTS2021_00061,30.490705,0.967290461063385,0.10762838,0.8206599713055954,0.0,0.0
SwinIR-lite (L1),BraTS2021_00061,30.47393,0.967887282371521,0.10712802,0.685064935064935,0.0,0.0
SwinIR-lite (L1),BraTS2021_00061,30.808914,0.9713611006736755,0.104493104,0.5936739659367397,0.0,0.0
SwinIR-lite (L1),BraTS2021_00061,31.030313,0.9695436954498291,0.1032131,0.6514285714285715,nan,nan
SwinIR-lite (L1),BraTS2021_00061,30.89209,0.9705572724342346,0.10292442,0.010256410256410256,nan,nan
SwinIR-lite (L1),BraTS2021_00062,28.796911,0.9702816009521484,0.120835,0.7718550106609808,nan,nan
SwinIR-lite (L1),BraTS2021_00062,28.861216,0.9683403372764587,0.12105347,0.7630769230769231,nan,nan
SwinIR-lite (L1),BraTS2021_00062,28.770945,0.9703426957130432,0.11809826,0.668918918918919,nan,nan
SwinIR-lite (L1),BraTS2021_00062,28.924885,0.9714590311050415,0.11419036,0.8892645815722738,nan,nan
SwinIR-lite (L1),BraTS2021_00062,29.227123,0.9725009202957153,0.1103346,0.856551724137931,nan,nan
SwinIR-lite (L1),BraTS2021_00062,29.391726,0.9734657406806946,0.1091951,0.7708683473389356,nan,nan
SwinIR-lite (L1),BraTS2021_00062,29.26651,0.9758577942848206,0.10560372,0.870391061452514,nan,nan
SwinIR-lite (L1),BraTS2021_00062,29.375536,0.9758208990097046,0.10476641,0.9106382978723404,nan,nan
SwinIR-lite (L1),BraTS2021_00062,29.407715,0.9787288904190063,0.10121077,0.8554059921841077,nan,nan
SwinIR-lite (L1),BraTS2021_00062,29.565933,0.9781087636947632,0.10014249,0.9242546333601934,nan,nan
SwinIR-lite (L1),BraTS2021_00062,29.377865,0.9801998138427734,0.09857568,0.8940325497287522,nan,nan
SwinIR-lite (L1),BraTS2021_00062,29.556429,0.9801652431488037,0.098451756,0.9405286343612335,nan,nan
SwinIR-lite (L1),BraTS2021_00062,29.513062,0.9808042645454407,0.0965305,0.9502722323049002,nan,nan
SwinIR-lite (L1),BraTS2021_00062,29.48156,0.9799936413764954,0.09739849,0.9589617678007717,nan,nan
SwinIR-lite (L1),BraTS2021_00062,29.345972,0.9803596138954163,0.09773435,0.9632709632709633,nan,nan
SwinIR-lite (L1),BraTS2021_00062,29.532143,0.9804888963699341,0.09800408,0.966183574879227,nan,nan
SwinIR-lite (L1),BraTS2021_00062,29.573128,0.9816657900810242,0.094721936,0.9659400544959128,0.0,0.0
SwinIR-lite (L1),BraTS2021_00062,29.459969,0.980948805809021,0.096768856,0.9681731381285805,0.0,0.0
SwinIR-lite (L1),BraTS2021_00062,29.093536,0.9812480807304382,0.09752157,0.9550870760769936,0.0,0.0
SwinIR-lite (L1),BraTS2021_00062,29.167488,0.9816715121269226,0.096961856,0.9695121951219512,0.0,0.0
SwinIR-lite (L1),BraTS2021_00062,29.369104,0.9817438125610352,0.095104925,0.972465960665658,0.1,0.1
SwinIR-lite (L1),BraTS2021_00062,29.332668,0.9814549088478088,0.09591494,0.9797377830750894,0.0,0.0
SwinIR-lite (L1),BraTS2021_00062,29.315042,0.9830644130706787,0.09332686,0.9787234042553191,0.0,0.0
SwinIR-lite (L1),BraTS2021_00062,29.34056,0.9832216501235962,0.09395179,0.9754655631096659,0.0,0.0
SwinIR-lite (L1),BraTS2021_00062,29.349052,0.9835807681083679,0.092390545,0.9622917275650394,0.0,0.0
SwinIR-lite (L1),BraTS2021_00062,29.549124,0.9851931929588318,0.09002877,0.9636258660508084,0.0,0.0
SwinIR-lite (L1),BraTS2021_00062,29.726055,0.9848474860191345,0.09086293,0.9705882352941176,0.0,0.0
SwinIR-lite (L1),BraTS2021_00062,29.48183,0.9860631823539734,0.08808436,0.9694477085781433,0.0,0.0
SwinIR-lite (L1),BraTS2021_00062,29.966228,0.9868103265762329,0.08677361,0.9712762807225348,0.0,0.0
SwinIR-lite (L1),BraTS2021_00062,30.040188,0.9874504208564758,0.08539683,0.970807453416149,nan,nan
SwinIR-lite (L1),BraTS2021_00062,30.350859,0.9877634644508362,0.08359868,0.9736334405144694,nan,nan
SwinIR-lite (L1),BraTS2021_00062,30.214891,0.9880116581916809,0.083348624,0.9749303621169917,0.0,nan
SwinIR-lite (L1),BraTS2021_00062,30.35392,0.9879922270774841,0.08324333,0.9722557297949337,nan,nan
SwinIR-lite (L1),BraTS2021_00062,29.994268,0.9876513481140137,0.085463576,0.956496178718401,nan,nan
SwinIR-lite (L1),BraTS2021_00062,30.299374,0.9885767698287964,0.081554286,0.9662322274881516,nan,nan
SwinIR-lite (L1),BraTS2021_00062,29.882763,0.9875718355178833,0.08610278,0.9421296296296297,nan,nan
SwinIR-lite (L1),BraTS2021_00062,29.98513,0.9871891140937805,0.08470032,0.9653927174240144,nan,nan
SwinIR-lite (L1),BraTS2021_00062,30.00047,0.9870557188987732,0.08582994,0.9536423841059603,nan,nan
SwinIR-lite (L1),BraTS2021_00062,30.041819,0.9861911535263062,0.08531278,0.9432709716354858,nan,nan
SwinIR-lite (L1),BraTS2021_00062,29.971943,0.9849172234535217,0.08923884,0.9242835595776773,nan,nan
SwinIR-lite (L1),BraTS2021_00062,30.271978,0.9855276346206665,0.086427286,0.8959711365003007,nan,nan
SwinIR-lite (L1),BraTS2021_00062,30.335823,0.9854362607002258,0.085935846,0.9162776221599751,nan,nan
SwinIR-lite (L1),BraTS2021_00062,30.6493,0.9848760366439819,0.086117975,0.9223394055608821,nan,nan
SwinIR-lite (L1),BraTS2021_00062,30.871887,0.9854156970977783,0.083555676,0.9144316730523627,nan,nan
SwinIR-lite (L1),BraTS2021_00062,30.258493,0.9852394461631775,0.08688154,0.9113110539845758,nan,nan
SwinIR-lite (L1),BraTS2021_00062,30.167551,0.9846782088279724,0.087765895,0.9146381045115223,nan,nan
SwinIR-lite (L1),BraTS2021_00062,30.08007,0.9847928881645203,0.08922019,0.9331568497683653,nan,nan
SwinIR-lite (L1),BraTS2021_00062,30.279083,0.9842393398284912,0.088864595,0.9201570680628273,nan,nan
SwinIR-lite (L1),BraTS2021_00062,30.133701,0.9849388599395752,0.089188516,0.9416498993963782,nan,nan
SwinIR-lite (L1),BraTS2021_00062,30.316387,0.9844745397567749,0.08928368,0.9445011916922029,nan,nan
SwinIR-lite (L1),BraTS2021_00062,30.23181,0.9845728874206543,0.090939485,0.9554542265871624,nan,nan
SwinIR-lite (L1),BraTS2021_00062,30.529312,0.9837431311607361,0.091100454,0.9451566951566952,nan,nan
SwinIR-lite (L1),BraTS2021_00062,30.222374,0.9822615385055542,0.09527349,0.920863309352518,nan,nan
SwinIR-lite (L1),BraTS2021_00062,29.995108,0.9833361506462097,0.09428264,0.916888045540797,nan,nan
SwinIR-lite (L1),BraTS2021_00062,30.041191,0.9824780225753784,0.09757736,0.9334422213148224,nan,nan
SwinIR-lite (L1),BraTS2021_00062,29.813368,0.9829379916191101,0.0985619,0.916632102861883,nan,nan
SwinIR-lite (L1),BraTS2021_00062,29.884491,0.9815270304679871,0.10226466,0.9246100519930676,nan,nan
SwinIR-lite (L1),BraTS2021_00062,29.829361,0.9816682934761047,0.10259213,0.9509090909090909,nan,nan
SwinIR-lite (L1),BraTS2021_00062,29.68665,0.9814081788063049,0.10428826,0.9384615384615385,nan,nan
SwinIR-lite (L1),BraTS2021_00062,29.569511,0.9820190072059631,0.10516941,0.9196550158874263,nan,nan
SwinIR-lite (L1),BraTS2021_00062,29.679,0.9819884896278381,0.10528953,0.9428026692087702,nan,nan
SwinIR-lite (L1),BraTS2021_00062,29.67183,0.9801926016807556,0.111688234,0.9477832512315271,nan,nan
SwinIR-lite (L1),BraTS2021_00062,29.46325,0.9799033999443054,0.11362048,0.9160975609756098,nan,nan
SwinIR-lite (L1),BraTS2021_00062,29.607916,0.9805465340614319,0.114964776,0.9676392572944297,nan,nan
SwinIR-lite (L1),BraTS2021_00062,29.464653,0.9801958799362183,0.11698217,0.933835395373857,nan,nan
SwinIR-lite (L1),BraTS2021_00062,29.555662,0.9821287393569946,0.11576073,0.9022222222222223,nan,nan
SwinIR-lite (L1),BraTS2021_00062,29.542723,0.9821131229400635,0.11820109,0.9035469819539514,nan,nan
SwinIR-lite (L1),BraTS2021_00062,29.722824,0.9822912216186523,0.120251246,0.9159010600706714,nan,nan
SwinIR-lite (L1),BraTS2021_00062,29.808071,0.9805988669395447,0.12769866,0.9333333333333333,0.0,0.0
SwinIR-lite (L1),BraTS2021_00062,30.33498,0.9829276204109192,0.12266979,0.9399293286219081,0.0,0.0
SwinIR-lite (L1),BraTS2021_00062,30.247536,0.9838342666625977,0.12352539,0.9181905678537055,0.0,0.0
SwinIR-lite (L1),BraTS2021_00062,30.373951,0.9831662178039551,0.129025,0.8646706586826347,nan,nan
SwinIR-lite (L1),BraTS2021_00062,30.50169,0.9822508692741394,0.13611428,0.768,nan,nan
SwinIR-lite (L1),BraTS2021_00062,30.760725,0.9829099178314209,0.13639213,0.6551724137931034,nan,nan
SwinIR-lite (L1),BraTS2021_00088,31.642591,0.9564842581748962,0.101663694,0.0731070496083551,0.0,0.0
SwinIR-lite (L1),BraTS2021_00088,31.69833,0.9614470601081848,0.09804294,0.8207547169811321,0.7280898876404495,0.7363636363636363
SwinIR-lite (L1),BraTS2021_00088,31.512451,0.9630188345909119,0.099757224,0.9144144144144144,0.7937984496124031,0.8287112561174551
SwinIR-lite (L1),BraTS2021_00088,31.383192,0.9668245315551758,0.09952347,0.8705473501303215,0.8278301886792453,0.7522388059701492
SwinIR-lite (L1),BraTS2021_00088,31.381647,0.9687661528587341,0.09567187,0.916499665998664,0.9094138543516874,0.847457627118644
SwinIR-lite (L1),BraTS2021_00088,31.298042,0.967646598815918,0.0989776,0.9437706725468578,0.8672712283594394,0.8018867924528302
SwinIR-lite (L1),BraTS2021_00088,31.310955,0.9703684449195862,0.09626625,0.8831683168316832,0.8605135322692574,0.7869520897043832
SwinIR-lite (L1),BraTS2021_00088,31.094248,0.9707857966423035,0.098076686,0.8793330408073716,0.813810110974106,0.7002749770852429
SwinIR-lite (L1),BraTS2021_00088,31.024569,0.972834050655365,0.09630689,0.9281684843926288,0.8488499452354874,0.7395104895104895
SwinIR-lite (L1),BraTS2021_00088,31.0481,0.9733941555023193,0.09438109,0.9521514629948364,0.9205702647657841,0.8566581849024597
SwinIR-lite (L1),BraTS2021_00088,31.130508,0.9720261693000793,0.09607047,0.9581724581724582,0.9339449541284404,0.8660924040720438
SwinIR-lite (L1),BraTS2021_00088,31.262943,0.9760360717773438,0.09048948,0.9613947696139477,0.9245368278355174,0.8127147766323024
SwinIR-lite (L1),BraTS2021_00088,31.169022,0.9757465720176697,0.093361385,0.9676443906864227,0.9175965665236051,0.798932384341637
SwinIR-lite (L1),BraTS2021_00088,31.181822,0.9772986173629761,0.091429256,0.976141384388807,0.9259415996614473,0.7904306220095694
SwinIR-lite (L1),BraTS2021_00088,31.20473,0.9769428372383118,0.09076889,0.9713458755426918,0.9258037922506183,0.7782026768642447
SwinIR-lite (L1),BraTS2021_00088,31.062653,0.9758848547935486,0.09216039,0.9749303621169917,0.9309679907443116,0.8034632034632034
SwinIR-lite (L1),BraTS2021_00088,31.19855,0.9777029752731323,0.08962854,0.9661888017311333,0.9373111782477341,0.8275261324041812
SwinIR-lite (L1),BraTS2021_00088,31.305647,0.979480504989624,0.086355776,0.9661760908856184,0.945095168374817,0.8412017167381974
SwinIR-lite (L1),BraTS2021_00088,31.073956,0.9786086678504944,0.0882158,0.9685850716260367,0.9572589191098552,0.8650927487352446
SwinIR-lite (L1),BraTS2021_00088,31.273458,0.9798023700714111,0.08812006,0.9597554763117677,0.9517388218594748,0.8260869565217391
SwinIR-lite (L1),BraTS2021_00088,31.151096,0.9803425669670105,0.08814648,0.97409592203129,0.9483434271464196,0.8122020972354623
SwinIR-lite (L1),BraTS2021_00088,31.382198,0.9808998107910156,0.08673744,0.976353126642144,0.9550321199143469,0.851782363977486
SwinIR-lite (L1),BraTS2021_00088,31.524065,0.9812838435173035,0.08486226,0.9735478592855195,0.9573934837092731,0.8235294117647058
SwinIR-lite (L1),BraTS2021_00088,31.67487,0.9825922250747681,0.084010355,0.9782016348773842,0.9564285714285714,0.842512077294686
SwinIR-lite (L1),BraTS2021_00088,31.675375,0.9837097525596619,0.08141698,0.9854515509195718,0.9531362653208363,0.8590604026845637
SwinIR-lite (L1),BraTS2021_00088,31.701473,0.9840810894966125,0.08138849,0.9824463638896629,0.9314134141720348,0.7680525164113785
SwinIR-lite (L1),BraTS2021_00088,31.946629,0.9827084541320801,0.082973234,0.978687605159843,0.9566528458349038,0.8365180467091295
SwinIR-lite (L1),BraTS2021_00088,32.054085,0.9834572672843933,0.07997443,0.9862165963431786,0.9683153013910355,0.8721804511278195
SwinIR-lite (L1),BraTS2021_00088,31.941868,0.9827974438667297,0.08222621,0.9725829725829725,0.9338358458961474,0.7478042659974906
SwinIR-lite (L1),BraTS2021_00088,32.00706,0.9809882640838623,0.0821843,0.9803691766774099,0.9621342512908778,0.8414481897627965
SwinIR-lite (L1),BraTS2021_00088,31.776793,0.9827399253845215,0.082059376,0.9810986414648553,0.9371271225332721,0.7810810810810811
SwinIR-lite (L1),BraTS2021_00088,31.953295,0.9800659418106079,0.082540594,0.9793227449805214,0.9636871508379888,0.803347280334728
SwinIR-lite (L1),BraTS2021_00088,31.96025,0.9822415709495544,0.08200762,0.9872668048563814,0.9653512993262753,0.8351063829787234
SwinIR-lite (L1),BraTS2021_00088,32.08708,0.9802145957946777,0.081751205,0.978465271458902,0.9563033651431442,0.7735583684950773
SwinIR-lite (L1),BraTS2021_00088,32.0206,0.9819388389587402,0.08115579,0.9760678582247804,0.9396044895777659,0.7581120943952803
SwinIR-lite (L1),BraTS2021_00088,31.888844,0.981414794921875,0.08134783,0.9831121833534379,0.9789695057833859,0.8440860215053764
SwinIR-lite (L1),BraTS2021_00088,31.67968,0.9824424386024475,0.08104997,0.9854721549636803,0.978021978021978,0.8367071524966262
SwinIR-lite (L1),BraTS2021_00088,31.74039,0.9798467755317688,0.084743686,0.9765432098765432,0.9467455621301775,0.8322147651006712
SwinIR-lite (L1),BraTS2021_00088,31.458323,0.9827609658241272,0.08333771,0.97632058287796,0.9331683168316832,0.812760055478502
SwinIR-lite (L1),BraTS2021_00088,31.6368,0.9824849963188171,0.08358725,0.9904350509102129,0.9714285714285714,0.8779284833538841
SwinIR-lite (L1),BraTS2021_00088,31.424938,0.9814962148666382,0.085808136,0.9921899406435489,0.9601593625498008,0.8840579710144928
SwinIR-lite (L1),BraTS2021_00088,31.411097,0.9811111688613892,0.08839422,0.9904822335025381,0.8788343558282209,0.8567990373044525
SwinIR-lite (L1),BraTS2021_00088,31.494793,0.9806089401245117,0.08747056,0.981243830207305,0.7641681901279708,0.7901234567901234
SwinIR-lite (L1),BraTS2021_00088,31.548061,0.9828031063079834,0.0863297,0.978523489932886,0.7510204081632653,0.7162162162162162
SwinIR-lite (L1),BraTS2021_00088,31.179806,0.9830089807510376,0.08617322,0.9773913043478261,0.7053254437869823,0.7167785234899329
SwinIR-lite (L1),BraTS2021_00088,31.383987,0.9805210828781128,0.08955101,0.9657206044968669,0.5381026438569206,0.5733333333333334
SwinIR-lite (L1),BraTS2021_00088,30.921251,0.9816123247146606,0.09173954,0.967984934086629,0.6630630630630631,0.667910447761194
SwinIR-lite (L1),BraTS2021_00088,31.129845,0.9813328385353088,0.09324006,0.9613699721226603,0.7213114754098361,0.7213114754098361
SwinIR-lite (L1),BraTS2021_00088,30.77718,0.9807606339454651,0.094902195,0.951627088830255,0.5476190476190477,0.5476190476190477
SwinIR-lite (L1),BraTS2021_00088,30.851213,0.9780228734016418,0.09797737,0.9753320683111955,0.6166666666666667,0.6166666666666667
SwinIR-lite (L1),BraTS2021_00088,30.291327,0.9780116677284241,0.10289346,0.9777777777777777,0.0,0.0
SwinIR-lite (L1),BraTS2021_00088,30.507402,0.9780707955360413,0.1028166,0.9628466771323915,nan,nan
SwinIR-lite (L1),BraTS2021_00088,29.901667,0.9765025973320007,0.10847065,0.940857297883885,nan,nan
SwinIR-lite (L1),BraTS2021_00088,29.521477,0.9766545295715332,0.11085668,0.9083063646170443,0.0,0.0
SwinIR-lite (L1),BraTS2021_00088,29.894522,0.9752653241157532,0.11284069,0.923739237392374,0.6666666666666666,0.6666666666666666
SwinIR-lite (L1),BraTS2021_00088,29.703377,0.9758298993110657,0.11448504,0.9291553133514986,0.8256880733944955,0.8256880733944955
SwinIR-lite (L1),BraTS2021_00088,29.720646,0.9768723845481873,0.116740495,0.9438700147710487,0.8518518518518519,0.8518518518518519
SwinIR-lite (L1),BraTS2021_00088,29.408579,0.9780310392379761,0.1187493,0.929368029739777,0.7586206896551724,0.7586206896551724
SwinIR-lite (L1),BraTS2021_00088,29.513565,0.9768378734588623,0.12458749,0.9297484822202949,0.0,0.0
SwinIR-lite (L1),BraTS2021_00088,29.072664,0.9757845401763916,0.13027489,0.923828125,0.0,0.0
SwinIR-lite (L1),BraTS2021_00088,29.343565,0.9780371189117432,0.1280183,0.8648648648648649,nan,nan
SwinIR-lite (L1),BraTS2021_00088,29.228203,0.9785982370376587,0.13082181,0.8522727272727273,nan,nan
SwinIR-lite (L1),BraTS2021_00088,29.62777,0.9797393679618835,0.13037135,0.7037037037037037,nan,nan
SwinIR-lite (L1),BraTS2021_00088,29.805706,0.9804544448852539,0.13228706,0.6341463414634146,nan,nan
SwinIR-lite (L1),BraTS2021_00088,29.608517,0.9801720976829529,0.1374064,0.0,nan,nan
SwinIR-lite (L1),BraTS2021_00088,29.403019,0.9794773459434509,0.14311339,0.0,nan,nan
SwinIR-lite (L1),BraTS2021_00101,29.132782,0.9782735109329224,0.07378354,0.0546448087431694,nan,nan
SwinIR-lite (L1),BraTS2021_00101,28.883726,0.977451741695404,0.07455965,0.8041237113402062,nan,nan
SwinIR-lite (L1),BraTS2021_00101,28.660488,0.9797614812850952,0.07553597,0.9299820466786356,nan,nan
SwinIR-lite (L1),BraTS2021_00101,29.235651,0.9775852560997009,0.07372717,0.9318181818181818,nan,nan
SwinIR-lite (L1),BraTS2021_00101,28.944891,0.978725016117096,0.07453442,0.9316596931659693,nan,nan
SwinIR-lite (L1),BraTS2021_00101,29.421427,0.9794144034385681,0.07281027,0.9298892988929889,nan,nan
SwinIR-lite (L1),BraTS2021_00101,29.348127,0.9785683155059814,0.0721901,0.9666666666666667,nan,nan
SwinIR-lite (L1),BraTS2021_00101,28.994028,0.9807000160217285,0.07345685,0.9723320158102767,nan,nan
SwinIR-lite (L1),BraTS2021_00101,29.153482,0.9812476634979248,0.07256261,0.9583333333333334,nan,nan
SwinIR-lite (L1),BraTS2021_00101,28.974417,0.9818029999732971,0.07291623,0.973322554567502,nan,nan
SwinIR-lite (L1),BraTS2021_00101,29.378767,0.9832793474197388,0.069595344,0.981245311327832,nan,nan
SwinIR-lite (L1),BraTS2021_00101,29.125965,0.9844416975975037,0.07080348,0.9690140845070423,nan,nan
SwinIR-lite (L1),BraTS2021_00101,29.947926,0.9864436388015747,0.0657268,0.959731543624161,0.0,0.0
SwinIR-lite (L1),BraTS2021_00101,29.698063,0.9868764281272888,0.06552094,0.9795918367346939,0.4883720930232558,0.4883720930232558
SwinIR-lite (L1),BraTS2021_00101,30.07849,0.9876484870910645,0.063528165,0.9770182675309369,0.9325842696629213,0.9325842696629213
SwinIR-lite (L1),BraTS2021_00101,30.389128,0.9879996180534363,0.062360555,0.9679521998913634,0.6936026936026936,0.6936026936026936
SwinIR-lite (L1),BraTS2021_00101,30.318039,0.9872024655342102,0.060919262,0.974120082815735,0.8513119533527697,0.8513119533527697
SwinIR-lite (L1),BraTS2021_00101,30.091022,0.9876077771186829,0.06297675,0.9831718510963794,0.8571428571428571,0.8571428571428571
SwinIR-lite (L1),BraTS2021_00101,30.24044,0.9870320558547974,0.062356733,0.9864932466233116,0.8936170212765957,0.8848758465011287
SwinIR-lite (L1),BraTS2021_00101,30.092428,0.9856458306312561,0.06191725,0.9888077858880778,0.934056007226739,0.9193697868396663
SwinIR-lite (L1),BraTS2021_00101,30.319206,0.985724687576294,0.06161302,0.9848558866634098,0.9548810500410172,0.930316742081448
SwinIR-lite (L1),BraTS2021_00101,30.079166,0.9865533113479614,0.06320373,0.9895734597156398,0.9744744744744744,0.9233830845771144
SwinIR-lite (L1),BraTS2021_00101,30.304768,0.9844700694084167,0.06229146,0.9896810506566605,0.9778729478943612,0.924901185770751
SwinIR-lite (L1),BraTS2021_00101,29.910923,0.9844489693641663,0.064972036,0.9906191369606003,0.9752407152682255,0.9185185185185185
SwinIR-lite (L1),BraTS2021_00101,29.797392,0.9851245284080505,0.06544472,0.9837587006960556,0.9852348993288591,0.9230769230769231
SwinIR-lite (L1),BraTS2021_00101,30.069044,0.9828866720199585,0.06539112,0.983788791106994,0.9889250814332248,0.920704845814978
SwinIR-lite (L1),BraTS2021_00101,30.055658,0.9829037189483643,0.065874934,0.992074592074592,0.958656330749354,0.9104320337197049
SwinIR-lite (L1),BraTS2021_00101,30.017736,0.9830431938171387,0.06579079,0.9868667917448405,0.9399477806788512,0.9079754601226994
SwinIR-lite (L1),BraTS2021_00101,29.58704,0.9838173985481262,0.06844623,0.9826209488022546,0.9276872964169381,0.9171717171717172
SwinIR-lite (L1),BraTS2021_00101,29.541466,0.9830868244171143,0.068868615,0.9899280575539569,0.8854237288135594,0.8646464646464647
SwinIR-lite (L1),BraTS2021_00101,29.812386,0.9828827977180481,0.06894904,0.9850024189646831,0.8185714285714286,0.8121720881427072
SwinIR-lite (L1),BraTS2021_00101,29.781897,0.9811144471168518,0.07066804,0.9888511875908871,0.8836265223274695,0.8435923309788093
SwinIR-lite (L1),BraTS2021_00101,29.590567,0.9818184971809387,0.07147771,0.9734335839598998,0.8258345428156749,0.8364779874213837
SwinIR-lite (L1),BraTS2021_00101,29.53395,0.9814686179161072,0.07283895,0.983,0.8641114982578397,0.8409321175278622
SwinIR-lite (L1),BraTS2021_00101,29.12017,0.9797938466072083,0.07628574,0.9879275653923542,0.8650963597430407,0.8708333333333333
SwinIR-lite (L1),BraTS2021_00101,29.23516,0.9806560277938843,0.07602789,0.987987987987988,0.8425593098490295,0.8748685594111462
SwinIR-lite (L1),BraTS2021_00101,29.22382,0.9797160625457764,0.07683643,0.9888551165146909,0.8567208271787297,0.9166666666666666
SwinIR-lite (L1),BraTS2021_00101,29.040087,0.9788190126419067,0.07967738,0.9863705199394245,0.9274965800273598,0.9061302681992337
SwinIR-lite (L1),BraTS2021_00101,28.821178,0.9805569648742676,0.08104111,0.98419173890872,0.8597285067873304,0.9114173228346457
SwinIR-lite (L1),BraTS2021_00101,28.781645,0.9790908694267273,0.08278283,0.9860176074572761,0.908558888076079,0.9164319248826291
SwinIR-lite (L1),BraTS2021_00101,28.63314,0.9814227223396301,0.08385474,0.9821989528795811,0.9200581395348837,0.9334582942830365
SwinIR-lite (L1),BraTS2021_00101,28.649551,0.9806912541389465,0.08546482,0.9760445682451253,0.8628072957969866,0.8822355289421158
SwinIR-lite (L1),BraTS2021_00101,29.039486,0.9809248447418213,0.08568651,0.9735327963176065,0.9809992962702322,0.926829268292683
SwinIR-lite (L1),BraTS2021_00101,28.744286,0.9809673428535461,0.087492816,0.9781553398058253,0.9180327868852459,0.896551724137931
SwinIR-lite (L1),BraTS2021_00101,28.755299,0.981820285320282,0.08875314,0.9744572158365262,0.9403341288782816,0.8950050968399592
SwinIR-lite (L1),BraTS2021_00101,28.797457,0.9816961884498596,0.09108674,0.9668874172185431,0.955964771817454,0.8947368421052632
SwinIR-lite (L1),BraTS2021_00101,28.61186,0.9817036390304565,0.092424996,0.9615931721194879,0.9727831431079894,0.9116379310344828
SwinIR-lite (L1),BraTS2021_00101,28.760868,0.9825822710990906,0.09496286,0.9427244582043344,0.9306532663316583,0.902291917973462
SwinIR-lite (L1),BraTS2021_00101,28.680716,0.9828897714614868,0.09722452,0.9434599156118143,0.9448123620309051,0.9225352112676056
SwinIR-lite (L1),BraTS2021_00101,28.768318,0.9841193556785583,0.09642377,0.9621421975992613,0.8951911220715166,0.8951911220715166
SwinIR-lite (L1),BraTS2021_00101,29.025696,0.9850062727928162,0.097148605,0.930460333006856,0.8348348348348348,0.8348348348348348
SwinIR-lite (L1),BraTS2021_00101,29.092428,0.9852076768875122,0.10053879,0.9071895424836601,0.7982646420824295,0.8
SwinIR-lite (L1),BraTS2021_00101,28.942118,0.9852335453033447,0.1053557,0.45576407506702415,0.0,0.0
SwinIR-lite (L1),BraTS2021_00101,29.396824,0.9866102337837219,0.105959274,0.0,0.0,0.0
SwinIR-lite (L1),BraTS2021_00103,31.10397,0.9756950736045837,0.14863281,0.0,nan,nan
SwinIR-lite (L1),BraTS2021_00103,30.963305,0.9756277203559875,0.14500071,0.652542372881356,nan,nan
SwinIR-lite (L1),BraTS2021_00103,31.197805,0.9760929346084595,0.13837251,0.547486033519553,nan,nan
SwinIR-lite (L1),BraTS2021_00103,31.250847,0.9760757088661194,0.1352804,0.8116883116883117,nan,nan
SwinIR-lite (L1),BraTS2021_00103,31.232088,0.9777826070785522,0.12717377,0.815,nan,nan
SwinIR-lite (L1),BraTS2021_00103,31.587431,0.9766732454299927,0.12575871,0.8198198198198198,nan,nan
SwinIR-lite (L1),BraTS2021_00103,31.2947,0.9767774343490601,0.12530129,0.8217270194986073,nan,nan
SwinIR-lite (L1),BraTS2021_00103,31.109554,0.9756526947021484,0.12684877,0.8302300109529025,nan,nan
SwinIR-lite (L1),BraTS2021_00103,31.024702,0.9764789938926697,0.12519592,0.8088888888888889,nan,nan
SwinIR-lite (L1),BraTS2021_00103,30.91261,0.976553738117218,0.12421239,0.9074074074074074,nan,nan
SwinIR-lite (L1),BraTS2021_00103,30.89679,0.9800761938095093,0.1167778,0.8749396426846934,nan,nan
SwinIR-lite (L1),BraTS2021_00103,30.693726,0.9773465394973755,0.122905515,0.834624145785877,nan,nan
SwinIR-lite (L1),BraTS2021_00103,30.817764,0.978335440158844,0.1188376,0.8054491272882077,0.0,0.0
SwinIR-lite (L1),BraTS2021_00103,30.818653,0.9804251790046692,0.11486379,0.8535080956052429,0.018779342723004695,0.018779342723004695
SwinIR-lite (L1),BraTS2021_00103,30.725878,0.9811062812805176,0.11251631,0.8638838475499092,0.05106382978723404,0.05106382978723404
SwinIR-lite (L1),BraTS2021_00103,30.754326,0.9818488955497742,0.110703826,0.8593282341203857,0.03215434083601286,0.03676470588235294
SwinIR-lite (L1),BraTS2021_00103,30.518097,0.9816378951072693,0.11159362,0.8877364246491763,0.017467248908296942,0.022792022792022793
SwinIR-lite (L1),BraTS2021_00103,30.365278,0.9786050319671631,0.117240645,0.8992932862190812,0.10303030303030303,0.12121212121212122
SwinIR-lite (L1),BraTS2021_00103,29.777855,0.9784300327301025,0.1178993,0.9193502422342548,0.21856639247943596,0.23202614379084968
SwinIR-lite (L1),BraTS2021_00103,29.294092,0.9746001958847046,0.12384556,0.9280596159357982,0.3188720173535792,0.350547730829421
SwinIR-lite (L1),BraTS2021_00103,29.288292,0.9732105731964111,0.12670025,0.9386281588447654,0.2924819773429454,0.34390651085141904
SwinIR-lite (L1),BraTS2021_00103,29.293156,0.9694802761077881,0.1256403,0.9232008592910849,0.3970315398886827,0.5073649754500819
SwinIR-lite (L1),BraTS2021_00103,29.496777,0.9684988260269165,0.12109095,0.8955987717502559,0.45447087776866285,0.5873925501432665
SwinIR-lite (L1),BraTS2021_00103,29.552685,0.9685803651809692,0.11995447,0.8949500405076964,0.3277533039647577,0.4663382594417077
SwinIR-lite (L1),BraTS2021_00103,29.49795,0.9704567193984985,0.117420785,0.9034329464065202,0.2087604846225536,0.4074766355140187
SwinIR-lite (L1),BraTS2021_00103,29.834929,0.9669508934020996,0.11416333,0.9052777137589306,0.8546812176909822,0.7454545454545455
SwinIR-lite (L1),BraTS2021_00103,29.794464,0.9710950255393982,0.11087999,0.9070945945945946,0.40536277602523657,0.6657963446475196
SwinIR-lite (L1),BraTS2021_00103,29.952118,0.9721336364746094,0.10850115,0.9077640381106832,0.3790642347343378,0.628032345013477
SwinIR-lite (L1),BraTS2021_00103,30.298311,0.9705424904823303,0.1058271,0.9152086137281292,0.6169354838709677,0.7489082969432315
SwinIR-lite (L1),BraTS2021_00103,30.18841,0.975045382976532,0.10235153,0.9250976215832446,0.6362433862433863,0.7708737864077669
SwinIR-lite (L1),BraTS2021_00103,30.25579,0.9746903777122498,0.10108843,0.9526627218934911,0.6095110515740121,0.7346938775510204
SwinIR-lite (L1),BraTS2021_00103,30.237,0.9758955836296082,0.098680496,0.9495233630254727,0.6276315789473684,0.7331486611265005
SwinIR-lite (L1),BraTS2021_00103,30.432547,0.9761120676994324,0.09788057,0.9496124031007752,0.849015317286652,0.8320126782884311
SwinIR-lite (L1),BraTS2021_00103,30.30133,0.9811519384384155,0.094320856,0.9538193435957014,0.8105677346824058,0.7935285053929122
SwinIR-lite (L1),BraTS2021_00103,30.499657,0.9813389778137207,0.09364412,0.9517386091127098,0.8613217768147345,0.8231046931407943
SwinIR-lite (L1),BraTS2021_00103,30.631304,0.9828170537948608,0.090699084,0.947973636236152,0.7969393761035903,0.8117564730580826
SwinIR-lite (L1),BraTS2021_00103,30.824677,0.9803857803344727,0.09224319,0.9520411076220383,0.8586635127143702,0.8126286890871655
SwinIR-lite (L1),BraTS2021_00103,30.89637,0.9817718863487244,0.089705326,0.9494978073277691,0.7563380281690141,0.752059925093633
SwinIR-lite (L1),BraTS2021_00103,30.693356,0.983970046043396,0.08892501,0.9421419778416086,0.7002518891687658,0.70147954743255
SwinIR-lite (L1),BraTS2021_00103,30.89659,0.9829579591751099,0.08958665,0.9407082075212737,0.8288621646623496,0.8341323106423778
SwinIR-lite (L1),BraTS2021_00103,30.546358,0.9836373329162598,0.090311125,0.9572312886888014,0.8305084745762712,0.7931034482758621
SwinIR-lite (L1),BraTS2021_00103,30.526268,0.9832177758216858,0.09043996,0.9417282546901649,0.8434343434343434,0.8126721763085399
SwinIR-lite (L1),BraTS2021_00103,30.539394,0.984534740447998,0.09067091,0.9477085781433607,0.8419452887537994,0.8344594594594594
SwinIR-lite (L1),BraTS2021_00103,30.381668,0.9835003614425659,0.09149018,0.950565812983919,0.8802588996763754,0.8661971830985915
SwinIR-lite (L1),BraTS2021_00103,30.631641,0.9860225319862366,0.08736915,0.9577340769004989,0.8581818181818182,0.8482490272373541
SwinIR-lite (L1),BraTS2021_00103,30.8754,0.9863680601119995,0.08670323,0.9533176746917205,0.8412371134020619,0.8358862144420132
SwinIR-lite (L1),BraTS2021_00103,30.697344,0.9868223667144775,0.086626366,0.9592696629213483,0.7676240208877284,0.7593582887700535
SwinIR-lite (L1),BraTS2021_00103,30.628557,0.9855347871780396,0.08870453,0.9616279069767442,0.6595744680851063,0.6595744680851063
SwinIR-lite (L1),BraTS2021_00103,30.82092,0.9869017004966736,0.08656702,0.9616983372921615,0.45,0.45
SwinIR-lite (L1),BraTS2021_00103,30.651377,0.9878627061843872,0.084572725,0.9427390791027155,0.0,0.0
SwinIR-lite (L1),BraTS2021_00103,30.763113,0.987402617931366,0.085353106,0.9617902268229563,0.0,0.0
SwinIR-lite (L1),BraTS2021_00103,30.98087,0.9875525236129761,0.084384605,0.9375470278404816,nan,nan
SwinIR-lite (L1),BraTS2021_00103,31.058868,0.9869574308395386,0.08545147,0.9551515151515152,nan,nan
SwinIR-lite (L1),BraTS2021_00103,31.270145,0.9874894618988037,0.08299908,0.9458187888905752,nan,nan
SwinIR-lite (L1),BraTS2021_00103,31.319798,0.9889447093009949,0.07995523,0.9545990566037735,nan,nan
SwinIR-lite (L1),BraTS2021_00103,31.363249,0.9890569448471069,0.08036206,0.9545386346586646,nan,nan
SwinIR-lite (L1),BraTS2021_00103,31.308628,0.9886190295219421,0.0816826,0.9454490199057894,nan,nan
SwinIR-lite (L1),BraTS2021_00103,31.386993,0.9898220300674438,0.07864185,0.9374151711657367,nan,nan
SwinIR-lite (L1),BraTS2021_00103,31.479795,0.9882218241691589,0.079973355,0.9577214063195372,nan,nan
SwinIR-lite (L1),BraTS2021_00103,31.678299,0.989585280418396,0.078314885,0.9629305312317572,nan,nan
SwinIR-lite (L1),BraTS2021_00103,31.710245,0.9892609715461731,0.077710964,0.9612749478701221,nan,nan
SwinIR-lite (L1),BraTS2021_00103,31.613106,0.9891952276229858,0.07874274,0.962756052141527,nan,nan
SwinIR-lite (L1),BraTS2021_00103,31.661512,0.9878132343292236,0.081114374,0.9726072607260726,nan,nan
SwinIR-lite (L1),BraTS2021_00103,31.367847,0.9886294603347778,0.08067347,0.9737380627557981,nan,nan
SwinIR-lite (L1),BraTS2021_00103,31.608215,0.9860054850578308,0.08370733,0.9813304332064527,nan,nan
SwinIR-lite (L1),BraTS2021_00103,31.422987,0.9873901605606079,0.08381645,0.9766834545793696,nan,nan
SwinIR-lite (L1),BraTS2021_00103,31.564518,0.9867755770683289,0.08261916,0.9788566953797964,nan,nan
SwinIR-lite (L1),BraTS2021_00103,31.483555,0.9847873449325562,0.08612842,0.9844079224610198,nan,nan
SwinIR-lite (L1),BraTS2021_00103,31.4661,0.9853613972663879,0.08521234,0.9804444444444445,nan,nan
SwinIR-lite (L1),BraTS2021_00103,31.348537,0.9837031364440918,0.08699798,0.9797979797979798,nan,nan
SwinIR-lite (L1),BraTS2021_00103,31.370592,0.9819502234458923,0.089079715,0.9720730397422127,nan,nan
SwinIR-lite (L1),BraTS2021_00103,31.665648,0.9804437160491943,0.08873774,0.9749148343140291,nan,nan
SwinIR-lite (L1),BraTS2021_00103,31.179451,0.9780442714691162,0.09485612,0.9472202674173118,nan,nan
SwinIR-lite (L1),BraTS2021_00103,31.621468,0.9752938747406006,0.0923216,0.9131707317073171,nan,nan
SwinIR-lite (L1),BraTS2021_00103,31.690716,0.9707118272781372,0.09671724,0.9057920446615492,nan,nan
SwinIR-lite (L1),BraTS2021_00103,31.456327,0.9743348956108093,0.09452042,0.8076190476190476,nan,nan
SwinIR-lite (L1),BraTS2021_00103,31.579712,0.9667179584503174,0.09798137,0.8595744680851064,nan,nan
SwinIR-lite (L1),BraTS2021_00107,31.328287,0.9546196460723877,0.079893604,0.0,0.0,0.0
SwinIR-lite (L1),BraTS2021_00107,31.1778,0.9484848976135254,0.07963459,0.0,0.0,0.0
SwinIR-lite (L1),BraTS2021_00107,31.314623,0.9426037073135376,0.07964911,0.13245033112582782,0.0,0.0
SwinIR-lite (L1),BraTS2021_00107,31.742123,0.944868803024292,0.07499772,0.6666666666666666,0.35294117647058826,0.35390946502057613
SwinIR-lite (L1),BraTS2021_00107,31.747852,0.94659024477005,0.07178744,0.7485380116959064,0.6122448979591837,0.6307277628032345
SwinIR-lite (L1),BraTS2021_00107,31.901886,0.9478639364242554,0.07063683,0.8624862486248625,0.8703703703703703,0.8732943469785575
SwinIR-lite (L1),BraTS2021_00107,32.035683,0.9502543807029724,0.07052145,0.7848101265822784,0.8760611205432938,0.8785714285714286
SwinIR-lite (L1),BraTS2021_00107,31.88463,0.9529832005500793,0.070882276,0.8551829268292683,0.9119496855345912,0.8970099667774086
SwinIR-lite (L1),BraTS2021_00107,31.739664,0.9543365836143494,0.07033409,0.8698453608247423,0.8989113530326595,0.9050632911392406
SwinIR-lite (L1),BraTS2021_00107,31.953802,0.9572930335998535,0.06925376,0.8947368421052632,0.8323529411764706,0.8469860896445132
SwinIR-lite (L1),BraTS2021_00107,31.833794,0.9556790590286255,0.07040436,0.8940432261465472,0.8830845771144279,0.897196261682243
SwinIR-lite (L1),BraTS2021_00107,31.961195,0.958110511302948,0.068443246,0.8907398334149926,0.8672566371681416,0.8763505402160864
SwinIR-lite (L1),BraTS2021_00107,31.892813,0.9624343514442444,0.06748362,0.952175786299009,0.8858057630736392,0.8714285714285714
SwinIR-lite (L1),BraTS2021_00107,31.809814,0.9616423845291138,0.06754327,0.9235104669887279,0.9381746810598626,0.9171270718232044
SwinIR-lite (L1),BraTS2021_00107,31.804045,0.964902400970459,0.06708823,0.9355783308931186,0.933074684772066,0.9136094674556213
SwinIR-lite (L1),BraTS2021_00107,31.760939,0.963522732257843,0.06836152,0.9230223483504789,0.9434306569343066,0.9118683901292597
SwinIR-lite (L1),BraTS2021_00107,31.773111,0.9687925577163696,0.06612553,0.9692656098350049,0.9342806394316163,0.9022727272727272
SwinIR-lite (L1),BraTS2021_00107,31.559027,0.9683898687362671,0.06954133,0.966341616860648,0.9149115417017691,0.9111617312072893
SwinIR-lite (L1),BraTS2021_00107,31.803963,0.9733960628509521,0.065994695,0.9811659192825112,0.9560067681895094,0.9355555555555556
SwinIR-lite (L1),BraTS2021_00107,31.603376,0.9735277891159058,0.065615684,0.9738880918220947,0.9751655629139073,0.956989247311828
SwinIR-lite (L1),BraTS2021_00107,31.770576,0.9750049114227295,0.065985285,0.9779856906989544,0.9730639730639731,0.9477272727272728
SwinIR-lite (L1),BraTS2021_00107,32.03736,0.9750282168388367,0.06537767,0.959054685353119,0.9128440366972477,0.9481641468682506
SwinIR-lite (L1),BraTS2021_00107,31.786673,0.9772816896438599,0.06450496,0.9784974780992832,0.9402390438247012,0.9472502805836139
SwinIR-lite (L1),BraTS2021_00107,31.7598,0.9780939817428589,0.06420243,0.9872760321994287,0.9601301871440195,0.921443736730361
SwinIR-lite (L1),BraTS2021_00107,32.222103,0.9791937470436096,0.06224723,0.9826289862587503,0.9722921914357683,0.9511677282377919
SwinIR-lite (L1),BraTS2021_00107,31.990173,0.9790127277374268,0.062043127,0.9889884763124199,0.9506276150627615,0.9348441926345609
SwinIR-lite (L1),BraTS2021_00107,32.224785,0.9782208800315857,0.06061634,0.9890390007647208,0.9354005167958657,0.9451162790697675
SwinIR-lite (L1),BraTS2021_00107,32.312103,0.976434051990509,0.06134087,0.9835390946502057,0.9019264448336253,0.956766917293233
SwinIR-lite (L1),BraTS2021_00107,32.4878,0.9773373603820801,0.060966767,0.987673343605547,0.8852157943067034,0.9513184584178499
SwinIR-lite (L1),BraTS2021_00107,32.52144,0.9765549302101135,0.060645424,0.9866255144032922,0.8825910931174089,0.9506037321624589
SwinIR-lite (L1),BraTS2021_00107,32.391045,0.9772452712059021,0.060016654,0.9895060148451498,0.853763440860215,0.9438470728793309
SwinIR-lite (L1),BraTS2021_00107,32.54882,0.9769238829612732,0.059769567,0.9839627521986549,0.8939213349225268,0.9526248399487837
SwinIR-lite (L1),BraTS2021_00107,32.784264,0.9756892919540405,0.05778239,0.977800992426221,0.8792270531400966,0.9546666666666667
SwinIR-lite (L1),BraTS2021_00107,32.69902,0.974648654460907,0.059298925,0.9713384170391796,0.8348271446862996,0.9152046783625731
SwinIR-lite (L1),BraTS2021_00107,32.961433,0.9745171070098877,0.059569284,0.9473972602739726,0.43037974683544306,0.5401069518716578
SwinIR-lite (L1),BraTS2021_00107,32.83632,0.9729140400886536,0.058950238,0.9361334867663982,0.013071895424836602,0.015748031496062992
SwinIR-lite (L1),BraTS2021_00107,32.751995,0.9733292460441589,0.06138685,0.9512774806892454,0.0,0.0
SwinIR-lite (L1),BraTS2021_00107,32.440468,0.9756491780281067,0.060908817,0.9659574468085106,nan,nan
SwinIR-lite (L1),BraTS2021_00107,32.607944,0.9742832779884338,0.06171358,0.970742223591007,0.0,nan
SwinIR-lite (L1),BraTS2021_00107,32.753582,0.9720529913902283,0.06079217,0.9489894128970163,0.0,nan
SwinIR-lite (L1),BraTS2021_00107,32.490715,0.9698975682258606,0.06389827,0.935548172757475,0.0,nan
SwinIR-lite (L1),BraTS2021_00107,32.553932,0.9700727462768555,0.06233522,0.931382793451759,nan,nan
SwinIR-lite (L1),BraTS2021_00107,32.495056,0.9658247232437134,0.06391215,0.9264367816091954,nan,nan
SwinIR-lite (L1),BraTS2021_00107,32.65938,0.9663943648338318,0.06417709,0.9195979899497487,nan,nan
SwinIR-lite (L1),BraTS2021_00107,32.288483,0.9658665657043457,0.066151954,0.9114963503649635,nan,nan
SwinIR-lite (L1),BraTS2021_00107,32.61877,0.9667388796806335,0.066900164,0.8441558441558441,nan,nan
SwinIR-lite (L1),BraTS2021_00107,32.24752,0.9669442772865295,0.06826824,0.8717310087173101,nan,nan
SwinIR-lite (L1),BraTS2021_00107,32.03048,0.9643347263336182,0.07266926,0.845867460908414,nan,nan
SwinIR-lite (L1),BraTS2021_00107,32.020927,0.9667105078697205,0.071668416,0.7090739008419084,nan,nan
SwinIR-lite (L1),BraTS2021_00107,31.63476,0.9656198024749756,0.07778906,0.17981072555205047,nan,nan
SwinIR-lite (L1),BraTS2021_00107,31.58539,0.9679511785507202,0.07894484,0.0,nan,nan
SwinIR-lite (L1),BraTS2021_00107,31.26268,0.9716163277626038,0.07899577,0.0,nan,nan
SwinIR-lite (L1),BraTS2021_00108,30.183853,0.9882675409317017,0.107856,0.2743091095189355,0.0,nan
SwinIR-lite (L1),BraTS2021_00108,30.426607,0.9896482229232788,0.099965185,0.2630513961958721,0.0,nan
SwinIR-lite (L1),BraTS2021_00108,30.581604,0.989264965057373,0.10035504,0.3732981993851559,0.0,nan
SwinIR-lite (L1),BraTS2021_00108,30.47169,0.9896891117095947,0.096596226,0.4060751398880895,0.0,0.0
SwinIR-lite (L1),BraTS2021_00108,30.498655,0.9893493056297302,0.09689724,0.5961443400889768,0.0,nan
SwinIR-lite (L1),BraTS2021_00108,29.724844,0.9879621863365173,0.09904508,0.37743774377437744,0.0,0.0
SwinIR-lite (L1),BraTS2021_00108,29.880875,0.9873731732368469,0.10041061,0.46750524109014674,0.0,nan
SwinIR-lite (L1),BraTS2021_00108,29.60609,0.9859874248504639,0.09887393,0.41421774419255525,0.0,0.0
SwinIR-lite (L1),BraTS2021_00108,29.615883,0.9866636991500854,0.09491722,0.6583953680727874,0.0,0.0
SwinIR-lite (L1),BraTS2021_00108,30.011093,0.9866470694541931,0.091022074,0.71071953010279,0.0,nan
SwinIR-lite (L1),BraTS2021_00108,30.183006,0.9876171350479126,0.0867605,0.717741935483871,0.0,nan
SwinIR-lite (L1),BraTS2021_00108,30.643417,0.9892853498458862,0.0814844,0.5044293903074518,0.0,0.0
SwinIR-lite (L1),BraTS2021_00108,30.724735,0.9892703294754028,0.08084724,0.4553969669937556,0.1750841750841751,0.6419753086419753
SwinIR-lite (L1),BraTS2021_00108,30.982248,0.9893290400505066,0.08045173,0.5491313016234691,0.39285714285714285,0.4230769230769231
SwinIR-lite (L1),BraTS2021_00108,30.479519,0.9891780018806458,0.08044574,0.5007849293563579,0.5419354838709678,0.5793103448275863
SwinIR-lite (L1),BraTS2021_00108,30.446728,0.9887299537658691,0.082415804,0.6322147651006711,0.5822784810126582,0.5822784810126582
SwinIR-lite (L1),BraTS2021_00108,30.4552,0.9890568256378174,0.08179198,0.6364838070059484,0.3944954128440367,0.47619047619047616
SwinIR-lite (L1),BraTS2021_00108,30.213392,0.9891970753669739,0.081289075,0.4335694355011805,0.2863247863247863,0.5272727272727272
SwinIR-lite (L1),BraTS2021_00108,30.790539,0.9892231225967407,0.079501644,0.619098712446352,0.6294117647058823,0.8313725490196079
SwinIR-lite (L1),BraTS2021_00108,29.97762,0.9881185293197632,0.084112294,0.4760023701362828,0.3192488262910798,0.6940298507462687
SwinIR-lite (L1),BraTS2021_00108,29.798943,0.9867696166038513,0.08701007,0.5749944283485625,0.555858310626703,0.7529411764705882
SwinIR-lite (L1),BraTS2021_00108,29.885246,0.9857046008110046,0.082985796,0.6136060471320587,0.7309236947791165,0.7615062761506276
SwinIR-lite (L1),BraTS2021_00108,29.710796,0.9845728278160095,0.083908446,0.603998298596342,0.4246913580246914,0.7074235807860262
SwinIR-lite (L1),BraTS2021_00108,29.50315,0.9831578731536865,0.08288039,0.560480841472577,0.11044417767106843,0.41904761904761906
SwinIR-lite (L1),BraTS2021_00108,29.24962,0.982573390007019,0.081893,0.49702380952380953,0.14084507042253522,0.4678362573099415
SwinIR-lite (L1),BraTS2021_00108,29.109203,0.9767209887504578,0.08418446,0.5842652540710221,0.11866859623733719,0.41414141414141414
SwinIR-lite (L1),BraTS2021_00108,28.987246,0.9744139313697815,0.08536414,0.6699375557537912,0.19672131147540983,0.38620689655172413
SwinIR-lite (L1),BraTS2021_00108,29.03124,0.9720224738121033,0.08357143,0.524072032341051,0.1605351170568562,0.3
SwinIR-lite (L1),BraTS2021_00108,29.083847,0.9706597924232483,0.08396654,0.5910323253388947,0.4636363636363636,0.4700460829493088
SwinIR-lite (L1),BraTS2021_00108,29.271967,0.9704781174659729,0.080862656,0.6200661521499449,0.352,0.4097560975609756
SwinIR-lite (L1),BraTS2021_00108,29.259995,0.9719776511192322,0.079078436,0.54296875,0.17733990147783252,0.34972677595628415
SwinIR-lite (L1),BraTS2021_00108,29.739685,0.9714590311050415,0.07489318,0.5406708174332195,0.22857142857142856,0.31654676258992803
SwinIR-lite (L1),BraTS2021_00108,29.839266,0.971609354019165,0.075713284,0.631911532385466,0.22527472527472528,0.3742690058479532
SwinIR-lite (L1),BraTS2021_00108,29.922123,0.9688146114349365,0.07429571,0.647185628742515,0.08247422680412371,0.10126582278481013
SwinIR-lite (L1),BraTS2021_00108,30.069399,0.9736737608909607,0.07170566,0.5150341265449179,0.023952095808383235,0.02127659574468085
SwinIR-lite (L1),BraTS2021_00108,30.272196,0.9681699872016907,0.07307091,0.7179084967320262,0.0,0.0
SwinIR-lite (L1),BraTS2021_00108,30.132206,0.9718456864356995,0.073827945,0.7334732423924449,0.0,0.0
SwinIR-lite (L1),BraTS2021_00108,30.086977,0.970209538936615,0.07321305,0.736284124039226,0.0,0.0
SwinIR-lite (L1),BraTS2021_00108,29.9408,0.9731161594390869,0.07208295,0.6874851013110846,0.0,nan
SwinIR-lite (L1),BraTS2021_00108,30.203249,0.9671087861061096,0.07254792,0.7754084741068956,0.0,0.0
SwinIR-lite (L1),BraTS2021_00108,30.249615,0.9658461213111877,0.07398664,0.7976119402985075,0.0,0.0
SwinIR-lite (L1),BraTS2021_00108,30.057922,0.968837320804596,0.0752361,0.75,nan,nan
SwinIR-lite (L1),BraTS2021_00108,30.114279,0.9680491089820862,0.07491696,0.6352064576218566,nan,nan
SwinIR-lite (L1),BraTS2021_00108,29.89132,0.9700050950050354,0.07598469,0.5880861850443599,0.0,nan
SwinIR-lite (L1),BraTS2021_00108,30.195107,0.9724451899528503,0.074931175,0.6655290102389079,0.0,nan
SwinIR-lite (L1),BraTS2021_00108,30.251423,0.9673770666122437,0.076238565,0.7430232558139535,nan,nan
SwinIR-lite (L1),BraTS2021_00108,30.367245,0.9704874753952026,0.07379709,0.7162904209884076,0.0,nan
SwinIR-lite (L1),BraTS2021_00108,30.453999,0.9724572896957397,0.07235364,0.6335260115606937,nan,nan
SwinIR-lite (L1),BraTS2021_00108,30.304441,0.973805844783783,0.07240393,0.40293323041296797,0.0,0.0
SwinIR-lite (L1),BraTS2021_00108,30.40885,0.9774411916732788,0.07143084,0.19220674338784574,0.0,0.0
SwinIR-lite (L1),BraTS2021_00108,30.520996,0.9769313931465149,0.07191659,0.3197789182787209,0.0,0.0
SwinIR-lite (L1),BraTS2021_00108,30.784317,0.9781448841094971,0.06963752,0.3819718309859155,0.0,nan
SwinIR-lite (L1),BraTS2021_00108,30.807276,0.9791192412376404,0.06879471,0.2012395187750638,nan,nan
SwinIR-lite (L1),BraTS2021_00108,30.827312,0.9813252687454224,0.06841893,0.17442622950819672,0.0,nan
SwinIR-lite (L1),BraTS2021_00108,30.944199,0.9784397482872009,0.068645485,0.27935723114956734,nan,nan
SwinIR-lite (L1),BraTS2021_00108,31.066547,0.9794512987136841,0.067923665,0.10635903207653348,0.0,nan
SwinIR-lite (L1),BraTS2021_00110,29.64006,0.9755260348320007,0.07177427,0.4298507462686567,nan,nan
SwinIR-lite (L1),BraTS2021_00110,29.645128,0.9760055541992188,0.07205573,0.6013847675568744,nan,nan
SwinIR-lite (L1),BraTS2021_00110,29.756128,0.9791050553321838,0.07134576,0.6458966565349544,nan,nan
SwinIR-lite (L1),BraTS2021_00110,29.821323,0.9805534482002258,0.069984056,0.7206192821956369,nan,nan
SwinIR-lite (L1),BraTS2021_00110,30.030094,0.9817158579826355,0.06933256,0.75898105813194,nan,nan
SwinIR-lite (L1),BraTS2021_00110,29.986423,0.982356071472168,0.06921964,0.7345132743362832,nan,nan
SwinIR-lite (L1),BraTS2021_00110,29.954302,0.9824952483177185,0.06802004,0.7827395885599598,nan,nan
SwinIR-lite (L1),BraTS2021_00110,30.047596,0.9850797057151794,0.0661851,0.8076923076923077,nan,nan
SwinIR-lite (L1),BraTS2021_00110,30.426157,0.9862756729125977,0.064563096,0.8629518072289156,nan,nan
SwinIR-lite (L1),BraTS2021_00110,30.392351,0.9868056774139404,0.064311974,0.8397306397306398,0.0,nan
SwinIR-lite (L1),BraTS2021_00110,30.746574,0.9872868657112122,0.061618213,0.865546218487395,nan,nan
SwinIR-lite (L1),BraTS2021_00110,30.804478,0.9879319071769714,0.05999869,0.8612140210886292,nan,nan
SwinIR-lite (L1),BraTS2021_00110,31.134985,0.9868483543395996,0.0594551,0.8885316184351554,nan,nan
SwinIR-lite (L1),BraTS2021_00110,30.607233,0.9873763918876648,0.059411336,0.8631010794896958,0.0,0.0
SwinIR-lite (L1),BraTS2021_00110,30.765388,0.9860434532165527,0.059248872,0.8602803738317757,0.0,0.0
SwinIR-lite (L1),BraTS2021_00110,30.785393,0.9849805235862732,0.060007837,0.8614842545694781,0.12244897959183673,0.13636363636363635
SwinIR-lite (L1),BraTS2021_00110,30.3499,0.9848133325576782,0.060961653,0.8539511791477038,0.7285714285714285,0.75
SwinIR-lite (L1),BraTS2021_00110,30.506887,0.9845172762870789,0.060067702,0.8494813074965747,0.8251121076233184,0.8288288288288288
SwinIR-lite (L1),BraTS2021_00110,30.592396,0.9838457703590393,0.061513152,0.8813493602171384,0.8757396449704142,0.9135802469135802
SwinIR-lite (L1),BraTS2021_00110,29.777016,0.9846553206443787,0.064183585,0.8533807829181494,0.8823529411764706,0.8939393939393939
SwinIR-lite (L1),BraTS2021_00110,30.0135,0.9838405847549438,0.06451631,0.8782623927132598,0.8995633187772926,0.9255079006772009
SwinIR-lite (L1),BraTS2021_00110,30.448854,0.984190046787262,0.06138083,0.910591955032496,0.9306930693069307,0.9510204081632653
SwinIR-lite (L1),BraTS2021_00110,29.967731,0.9847947359085083,0.06286055,0.8904201680672269,0.8905380333951762,0.9118773946360154
SwinIR-lite (L1),BraTS2021_00110,30.160461,0.9866834282875061,0.06201732,0.9207056002740195,0.8885245901639345,0.9124579124579124
SwinIR-lite (L1),BraTS2021_00110,30.245098,0.9865403771400452,0.062117986,0.9336778639104221,0.8700906344410876,0.8847926267281107
SwinIR-lite (L1),BraTS2021_00110,29.72512,0.9858415722846985,0.06544773,0.913327745180218,0.8493894165535957,0.8755244755244755
SwinIR-lite (L1),BraTS2021_00110,29.959068,0.9851672649383545,0.06464324,0.9273723878040425,0.8697729988052568,0.8951911220715166
SwinIR-lite (L1),BraTS2021_00110,30.146908,0.9852843284606934,0.064551,0.9348432055749128,0.8437856328392246,0.8726415094339622
SwinIR-lite (L1),BraTS2021_00110,29.898506,0.9846225380897522,0.067082964,0.9375329931374274,0.8752598752598753,0.9059459459459459
SwinIR-lite (L1),BraTS2021_00110,29.702387,0.9858303666114807,0.06792701,0.9225105189340813,0.8980827447023209,0.9137577002053389
SwinIR-lite (L1),BraTS2021_00110,29.605673,0.9864489436149597,0.06878599,0.9064213691845038,0.903976721629486,0.9200394866732478
SwinIR-lite (L1),BraTS2021_00110,29.415379,0.9862208366394043,0.06936452,0.9024655547498187,0.9243542435424354,0.9390815370196813
SwinIR-lite (L1),BraTS2021_00110,29.450033,0.9862106442451477,0.07191666,0.901593252108716,0.9031674208144796,0.9172794117647058
SwinIR-lite (L1),BraTS2021_00110,29.418621,0.9866133332252502,0.07107454,0.8929315899185143,0.9203539823008849,0.9327354260089686
SwinIR-lite (L1),BraTS2021_00110,28.953047,0.985325038433075,0.076454945,0.9048823186150554,0.9185840707964602,0.9301075268817204
SwinIR-lite (L1),BraTS2021_00110,28.82137,0.9854142665863037,0.077252306,0.8889321143746353,0.9148375768217735,0.9270462633451957
SwinIR-lite (L1),BraTS2021_00110,28.980827,0.987093985080719,0.07714749,0.8931762794476036,0.9128559102674719,0.929701230228471
SwinIR-lite (L1),BraTS2021_00110,29.442322,0.9871476292610168,0.076994374,0.8991489361702127,0.9234650967199327,0.9286926994906621
SwinIR-lite (L1),BraTS2021_00110,29.461573,0.9880982637405396,0.07824703,0.8843389239817033,0.9090909090909091,0.9131556319862425
SwinIR-lite (L1),BraTS2021_00110,29.235888,0.9886695742607117,0.07893597,0.8642421504404789,0.9159663865546218,0.928082191780822
SwinIR-lite (L1),BraTS2021_00110,29.18383,0.9886109232902527,0.082318015,0.854493580599144,0.9179487179487179,0.9339130434782609
SwinIR-lite (L1),BraTS2021_00110,29.37371,0.9895304441452026,0.08141926,0.8563006632277081,0.9213483146067416,0.9338040600176523
SwinIR-lite (L1),BraTS2021_00110,29.403753,0.9899701476097107,0.083595216,0.8552429667519181,0.9004566210045662,0.9214953271028037
SwinIR-lite (L1),BraTS2021_00110,29.509907,0.9907056093215942,0.08252592,0.8394004282655246,0.8943248532289628,0.9085487077534792
SwinIR-lite (L1),BraTS2021_00110,29.549088,0.9904179573059082,0.08774514,0.860125260960334,0.8732984293193717,0.8919786096256684
SwinIR-lite (L1),BraTS2021_00110,30.125729,0.9912114143371582,0.0861868,0.8641560188298588,0.8557919621749409,0.8712394705174489
SwinIR-lite (L1),BraTS2021_00110,29.954813,0.9915329813957214,0.08873245,0.8345945945945946,0.7792207792207793,0.7976366322008862
SwinIR-lite (L1),BraTS2021_00110,30.426704,0.9919779896736145,0.088333175,0.8078585461689587,0.7889273356401384,0.8028169014084507
SwinIR-lite (L1),BraTS2021_00110,30.159306,0.9908711314201355,0.09804202,0.8242130750605327,0.6086956521739131,0.6231454005934718
SwinIR-lite (L1),BraTS2021_00110,30.525808,0.9917441606521606,0.09526296,0.7763440860215054,0.6411149825783972,0.6618181818181819
SwinIR-lite (L1),BraTS2021_00110,30.925255,0.9917410612106323,0.099546246,0.7308684436801376,0.0,0.0
SwinIR-lite (L1),BraTS2021_00110,30.781303,0.9908581972122192,0.1075225,0.6380789022298456,0.0,0.0
SwinIR-lite (L1),BraTS2021_00110,31.354805,0.9902111887931824,0.11691771,0.7232375979112271,0.0,0.0
SwinIR-lite (L1),BraTS2021_00110,31.769337,0.9902879595756531,0.117865525,0.7145299145299145,nan,nan
SwinIR-lite (L1),BraTS2021_00110,32.33164,0.9885262250900269,0.13350777,0.6813186813186813,nan,nan
SwinIR-lite (L1),BraTS2021_00110,32.51186,0.9850605130195618,0.1548902,0.2608695652173913,nan,nan
SwinIR-lite (L1),BraTS2021_00117,28.724443,0.9551935791969299,0.10647358,0.0,nan,nan
SwinIR-lite (L1),BraTS2021_00117,29.098785,0.9556073546409607,0.10224713,0.0,nan,nan
SwinIR-lite (L1),BraTS2021_00117,29.307808,0.9630950093269348,0.09677909,0.0,nan,nan
SwinIR-lite (L1),BraTS2021_00117,29.656124,0.9612039923667908,0.09649027,0.0,nan,nan
SwinIR-lite (L1),BraTS2021_00117,29.81571,0.963756799697876,0.093087025,0.0,nan,nan
SwinIR-lite (L1),BraTS2021_00117,29.831795,0.9668068289756775,0.08938999,0.10079575596816977,nan,nan
SwinIR-lite (L1),BraTS2021_00117,30.138948,0.9628370404243469,0.08770939,0.0,nan,nan
SwinIR-lite (L1),BraTS2021_00117,30.127375,0.9671757817268372,0.087166265,0.015544041450777202,nan,nan
SwinIR-lite (L1),BraTS2021_00117,30.194006,0.9682092070579529,0.08625456,0.0,nan,nan
SwinIR-lite (L1),BraTS2021_00117,30.040428,0.9638630747795105,0.08612781,0.0,nan,nan
SwinIR-lite (L1),BraTS2021_00117,30.343044,0.967618465423584,0.08386127,0.0,nan,nan
SwinIR-lite (L1),BraTS2021_00117,30.265678,0.9632615447044373,0.08486078,0.0,nan,nan
SwinIR-lite (L1),BraTS2021_00117,30.279568,0.9640108346939087,0.08507418,0.0,0.0,0.0
SwinIR-lite (L1),BraTS2021_00117,30.221022,0.9649485349655151,0.08577262,0.0,0.0,0.0
SwinIR-lite (L1),BraTS2021_00117,30.284409,0.9673686623573303,0.08470986,0.0,0.0,0.0
SwinIR-lite (L1),BraTS2021_00117,30.093534,0.9685679078102112,0.083197065,0.0,0.0,0.0
SwinIR-lite (L1),BraTS2021_00117,30.175526,0.9685812592506409,0.08488662,0.0,0.0,0.0
SwinIR-lite (L1),BraTS2021_00117,30.067505,0.9704880118370056,0.08548375,0.0,0.0,0.0
SwinIR-lite (L1),BraTS2021_00117,30.196669,0.9737669825553894,0.08281942,0.0,0.0,0.0
SwinIR-lite (L1),BraTS2021_00117,30.320374,0.9735079407691956,0.08311076,0.0,0.0,0.0
SwinIR-lite (L1),BraTS2021_00117,30.330828,0.9735702276229858,0.08301705,0.03574468085106383,0.0,0.0
SwinIR-lite (L1),BraTS2021_00117,30.420658,0.9743037819862366,0.08321501,0.0,0.0,0.0
SwinIR-lite (L1),BraTS2021_00117,30.138292,0.9753985404968262,0.081651546,0.009538950715421303,0.0,0.0
SwinIR-lite (L1),BraTS2021_00117,30.462692,0.9786563515663147,0.07823349,0.04090909090909091,0.0,0.0
SwinIR-lite (L1),BraTS2021_00117,30.765999,0.9797977805137634,0.07715701,0.07347538574577517,0.0,0.0
SwinIR-lite (L1),BraTS2021_00117,30.90825,0.9807855486869812,0.07677277,0.07947976878612717,0.0,0.0
SwinIR-lite (L1),BraTS2021_00117,30.851576,0.9808709621429443,0.07583792,0.10679611650485436,0.0,0.0
SwinIR-lite (L1),BraTS2021_00117,30.951014,0.9795464873313904,0.07478116,0.15394736842105264,0.0,0.0
SwinIR-lite (L1),BraTS2021_00117,31.100092,0.9802479147911072,0.07372268,0.3815153143471252,0.0,0.0
SwinIR-lite (L1),BraTS2021_00117,30.868357,0.9820918440818787,0.0729346,0.4541108986615679,0.06172839506172839,0.12280701754385964
SwinIR-lite (L1),BraTS2021_00117,31.080288,0.9807037711143494,0.07430852,0.4828235294117647,0.24825174825174826,0.43416370106761565
SwinIR-lite (L1),BraTS2021_00117,30.800377,0.9781107902526855,0.07515192,0.390984811366977,0.11891891891891893,0.2682926829268293
SwinIR-lite (L1),BraTS2021_00117,30.418816,0.9782199859619141,0.07533612,0.5084594835262689,0.3549920760697306,0.5921450151057401
SwinIR-lite (L1),BraTS2021_00117,30.610348,0.97805255651474,0.07410841,0.6432794639337801,0.36817472698907955,0.6547619047619048
SwinIR-lite (L1),BraTS2021_00117,30.749191,0.9745804071426392,0.07570106,0.7805892547660312,0.4096728307254623,0.6386554621848739
SwinIR-lite (L1),BraTS2021_00117,30.918407,0.9742849469184875,0.07500252,0.7225392296718973,0.4882758620689655,0.7017543859649122
SwinIR-lite (L1),BraTS2021_00117,30.652336,0.9758176207542419,0.074119546,0.9059212503757138,0.39285714285714285,0.6647727272727273
SwinIR-lite (L1),BraTS2021_00117,30.77316,0.9718424081802368,0.07490025,0.88562874251497,0.5997322623828648,0.7981438515081206
SwinIR-lite (L1),BraTS2021_00117,30.741156,0.9727270603179932,0.07455471,0.875,0.5374771480804388,0.5654761904761905
SwinIR-lite (L1),BraTS2021_00117,30.569511,0.9726479649543762,0.07680666,0.8900269541778976,0.3665158371040724,0.5244444444444445
SwinIR-lite (L1),BraTS2021_00117,30.70173,0.9662995338439941,0.07937946,0.8895966029723992,0.30158730158730157,0.532608695652174
SwinIR-lite (L1),BraTS2021_00117,30.633001,0.9720940589904785,0.07636811,0.8796370429677075,0.44621513944223107,0.33986928104575165
SwinIR-lite (L1),BraTS2021_00117,30.971958,0.968593180179596,0.075970925,0.8747503566333809,0.3426791277258567,0.5774647887323944
SwinIR-lite (L1),BraTS2021_00117,30.712223,0.9681522846221924,0.07667271,0.901840490797546,0.5163636363636364,0.6363636363636364
SwinIR-lite (L1),BraTS2021_00117,30.579903,0.9676889777183533,0.07981142,0.8643966547192353,0.42028985507246375,0.6911764705882353
SwinIR-lite (L1),BraTS2021_00117,30.368185,0.9728496670722961,0.077988446,0.8302925989672978,0.019417475728155338,0.024096385542168676
SwinIR-lite (L1),BraTS2021_00117,30.34446,0.9729803204536438,0.07905041,0.8638284042898927,0.45161290322580644,0.5314685314685315
SwinIR-lite (L1),BraTS2021_00117,30.522766,0.9720681309700012,0.08042856,0.8046344386735917,0.009216589861751152,0.0
SwinIR-lite (L1),BraTS2021_00117,30.30645,0.9746267199516296,0.08209268,0.8463974663499604,0.008620689655172414,0.0273972602739726
SwinIR-lite (L1),BraTS2021_00117,30.290089,0.9722613096237183,0.08460431,0.6896551724137931,0.008658008658008658,0.0
SwinIR-lite (L1),BraTS2021_00117,30.262041,0.9747125506401062,0.08412766,0.6354475400118553,0.0,0.0
SwinIR-lite (L1),BraTS2021_00117,30.508636,0.9789104461669922,0.08357005,0.6987341772151898,0.0,0.0
SwinIR-lite (L1),BraTS2021_00117,30.16266,0.9791368842124939,0.085890844,0.5828125,0.0,0.0
SwinIR-lite (L1),BraTS2021_00117,30.082455,0.9816924929618835,0.086864404,0.4716599190283401,0.0,0.0
SwinIR-lite (L1),BraTS2021_00117,29.79357,0.9808310270309448,0.09275246,0.23154362416107382,nan,nan
SwinIR-lite (L1),BraTS2021_00117,29.718338,0.9815724492073059,0.09583323,0.3216494845360825,nan,nan
SwinIR-lite (L1),BraTS2021_00117,30.413897,0.9853098392486572,0.09109555,0.0,nan,nan
SwinIR-lite (L1),BraTS2021_00117,30.643444,0.9870749115943909,0.089293,0.0,nan,nan
SwinIR-lite (L1),BraTS2021_00118,31.92961,0.9618881940841675,0.08654009,0.6995515695067265,nan,nan
SwinIR-lite (L1),BraTS2021_00118,31.737171,0.9639615416526794,0.08797548,0.5961199294532628,nan,nan
SwinIR-lite (L1),BraTS2021_00118,31.828146,0.9647678136825562,0.08503048,0.7901907356948229,nan,nan
SwinIR-lite (L1),BraTS2021_00118,32.159664,0.960026204586029,0.08517936,0.7433090024330901,nan,nan
SwinIR-lite (L1),BraTS2021_00118,31.763138,0.9658162593841553,0.08594896,0.8037947391116861,0.0,0.0
SwinIR-lite (L1),BraTS2021_00118,31.80155,0.9641167521476746,0.086571775,0.9255150554675119,0.0,0.0
SwinIR-lite (L1),BraTS2021_00118,31.93392,0.968928337097168,0.08371156,0.9506990434142752,0.0,0.0
SwinIR-lite (L1),BraTS2021_00118,31.618242,0.9705778956413269,0.084256575,0.9728242174062608,0.05128205128205128,0.059880239520958084
SwinIR-lite (L1),BraTS2021_00118,31.386345,0.9759035706520081,0.08366458,0.9618077657542966,0.19789473684210526,0.2100238663484487
SwinIR-lite (L1),BraTS2021_00118,31.48227,0.9732539653778076,0.0839565,0.9731199033524615,0.4117647058823529,0.3378640776699029
SwinIR-lite (L1),BraTS2021_00118,31.680607,0.9751908779144287,0.081512496,0.9708506841165973,0.33783783783783783,0.2135593220338983
SwinIR-lite (L1),BraTS2021_00118,31.736,0.9770479202270508,0.079797864,0.9810161920714685,0.42691415313225056,0.22919937205651492
SwinIR-lite (L1),BraTS2021_00118,31.690208,0.9790372848510742,0.07863067,0.9763567974207416,0.5803921568627451,0.25577812018489987
SwinIR-lite (L1),BraTS2021_00118,31.813185,0.9797953367233276,0.076981425,0.9699817280083529,0.7633087633087633,0.3914285714285714
SwinIR-lite (L1),BraTS2021_00118,31.642113,0.9797598719596863,0.07790692,0.9595079446437724,0.8710144927536232,0.6073871409028728
SwinIR-lite (L1),BraTS2021_00118,31.83889,0.9797794222831726,0.07672974,0.942381562099872,0.8461538461538461,0.5827633378932968
SwinIR-lite (L1),BraTS2021_00118,31.630985,0.9807875752449036,0.07634583,0.9553398058252427,0.8119601328903654,0.5781057810578106
SwinIR-lite (L1),BraTS2021_00118,31.812181,0.9798595309257507,0.07485018,0.9455243580513559,0.7569721115537849,0.45302445302445304
SwinIR-lite (L1),BraTS2021_00118,31.802275,0.9808205962181091,0.07340671,0.9308462238398544,0.8535178777393311,0.517814726840855
SwinIR-lite (L1),BraTS2021_00118,31.83937,0.9805325865745544,0.0729262,0.9354478445387536,0.8315248429468874,0.5103280680437424
SwinIR-lite (L1),BraTS2021_00118,32.113777,0.9785559773445129,0.07295818,0.920921825576141,0.932527693856999,0.7680851063829788
SwinIR-lite (L1),BraTS2021_00118,31.777735,0.9798328280448914,0.073471874,0.94063120723902,0.9180327868852459,0.7245119305856833
SwinIR-lite (L1),BraTS2021_00118,31.718828,0.9787963032722473,0.07460792,0.965236051502146,0.9098922624877571,0.7292110874200426
SwinIR-lite (L1),BraTS2021_00118,31.701277,0.9789912700653076,0.07384476,0.9526281635301752,0.9111747851002865,0.7073422957600828
SwinIR-lite (L1),BraTS2021_00118,31.427164,0.9774492979049683,0.07471404,0.9779900332225914,0.9459827507943713,0.7683823529411765
SwinIR-lite (L1),BraTS2021_00118,31.472584,0.9779952764511108,0.07431835,0.9806743421052632,0.9294117647058824,0.728440366972477
SwinIR-lite (L1),BraTS2021_00118,31.675907,0.9775607585906982,0.07472366,0.9804798698657992,0.9142857142857143,0.6952469711090401
SwinIR-lite (L1),BraTS2021_00118,31.511703,0.9778567552566528,0.07303795,0.9797297297297297,0.9133928571428571,0.7620689655172413
SwinIR-lite (L1),BraTS2021_00118,31.69133,0.9788922667503357,0.0732442,0.9733124018838305,0.9220607661822986,0.7653679653679654
SwinIR-lite (L1),BraTS2021_00118,31.309996,0.979027271270752,0.074290685,0.9765564950038432,0.9199124726477024,0.772020725388601
SwinIR-lite (L1),BraTS2021_00118,31.304783,0.9800751209259033,0.07628065,0.9713852567746826,0.8742780986228343,0.6373831775700934
SwinIR-lite (L1),BraTS2021_00118,31.213848,0.9791520833969116,0.074133,0.9694840022193453,0.8638538494997825,0.6339754816112084
SwinIR-lite (L1),BraTS2021_00118,31.21975,0.978276789188385,0.07749686,0.959319526627219,0.8802060970373551,0.6508355321020228
SwinIR-lite (L1),BraTS2021_00118,31.17727,0.9779669642448425,0.07774282,0.9684519442406456,0.803347280334728,0.514456630109671
SwinIR-lite (L1),BraTS2021_00118,30.740208,0.9786560535430908,0.07735482,0.9732562341886519,0.8929345470307759,0.6766519823788546
SwinIR-lite (L1),BraTS2021_00118,31.058819,0.9776173830032349,0.0794848,0.9708491761723701,0.8849557522123894,0.6695501730103807
SwinIR-lite (L1),BraTS2021_00118,30.726536,0.9796123504638672,0.07963998,0.9640599602672928,0.8804299149126735,0.6266548984995587
SwinIR-lite (L1),BraTS2021_00118,30.474493,0.9770058393478394,0.08427265,0.9644853073733549,0.9217391304347826,0.7122186495176849
SwinIR-lite (L1),BraTS2021_00118,30.509424,0.978354811668396,0.083824314,0.9542412732863086,0.9466437177280551,0.7287509238728751
SwinIR-lite (L1),BraTS2021_00118,30.370234,0.9765884280204773,0.08717379,0.9679310976727139,0.9386854874283194,0.7078651685393258
SwinIR-lite (L1),BraTS2021_00118,30.092384,0.9788414239883423,0.086781465,0.9508686717728376,0.9464912280701754,0.7552258934592043
SwinIR-lite (L1),BraTS2021_00118,29.79086,0.9771087765693665,0.09112632,0.9702560240963856,0.9316048278945016,0.7383367139959433
SwinIR-lite (L1),BraTS2021_00118,30.085936,0.9804905652999878,0.08618499,0.9663227564726494,0.9004694835680751,0.79204107830552
SwinIR-lite (L1),BraTS2021_00118,30.267963,0.9787142872810364,0.08888622,0.9244802715316079,0.8842615012106537,0.7456758488148623
SwinIR-lite (L1),BraTS2021_00118,30.049828,0.9807222485542297,0.08928056,0.9497790277219766,0.8572884811416922,0.6778975741239892
SwinIR-lite (L1),BraTS2021_00118,29.606688,0.9790306687355042,0.09315759,0.9539432176656152,0.8183831672203765,0.644709180098108
SwinIR-lite (L1),BraTS2021_00118,29.764008,0.9806293249130249,0.09445961,0.9459631277813096,0.7546699875466999,0.5768357305071915
SwinIR-lite (L1),BraTS2021_00118,29.834566,0.9808834791183472,0.09532414,0.9317636799651188,0.8601645123384254,0.7377049180327869
SwinIR-lite (L1),BraTS2021_00118,29.646885,0.9832959175109863,0.09555345,0.940754039497307,0.6906272022551092,0.5442834138486312
SwinIR-lite (L1),BraTS2021_00118,29.713621,0.983153760433197,0.09656828,0.9270531400966183,0.6706766917293233,0.554635761589404
SwinIR-lite (L1),BraTS2021_00118,29.810171,0.9832398891448975,0.09632917,0.9277620396600567,0.8061797752808989,0.6577075098814229
SwinIR-lite (L1),BraTS2021_00118,29.620323,0.9849252700805664,0.09860546,0.9477088948787062,0.6972176759410802,0.5259259259259259
SwinIR-lite (L1),BraTS2021_00118,30.61202,0.9881924390792847,0.09717257,0.9294718909710392,0.7411167512690355,0.6176142697881828
SwinIR-lite (L1),BraTS2021_00118,30.280312,0.9877967834472656,0.09998507,0.8533333333333334,0.7147688838782412,0.675990675990676
SwinIR-lite (L1),BraTS2021_00118,30.324232,0.9884947538375854,0.10009145,0.8796400449943758,0.6608260325406758,0.5014005602240896
SwinIR-lite (L1),BraTS2021_00118,30.499666,0.9890968203544617,0.09902337,0.7795251310514956,0.5174825174825175,0.5408618127786032
SwinIR-lite (L1),BraTS2021_00118,30.420025,0.9889859557151794,0.101202086,0.7480287967089475,0.46656760772659733,0.32637571157495254
SwinIR-lite (L1),BraTS2021_00118,30.485079,0.9887157082557678,0.10593122,0.6918813172481252,0.32233009708737864,0.07407407407407407
SwinIR-lite (L1),BraTS2021_00118,30.5101,0.9886658191680908,0.10692937,0.5905511811023622,0.06266318537859007,0.0
SwinIR-lite (L1),BraTS2021_00118,30.406084,0.988957405090332,0.107289284,0.5334143377885784,0.08163265306122448,0.0
SwinIR-lite (L1),BraTS2021_00118,30.783548,0.9888449311256409,0.11173229,0.5540796963946869,0.0,0.0
SwinIR-lite (L1),BraTS2021_00118,31.116772,0.9896698594093323,0.10906648,0.4419542805916629,0.0,0.0
SwinIR-lite (L1),BraTS2021_00118,31.264248,0.9892532229423523,0.11314679,0.27249022164276404,0.0,0.0
SwinIR-lite (L1),BraTS2021_00118,31.769283,0.9899796843528748,0.11445731,0.2077922077922078,0.0,0.0
SwinIR-lite (L1),BraTS2021_00122,32.10412,0.9880986213684082,0.08474431,0.0,0.0,nan
SwinIR-lite (L1),BraTS2021_00122,31.99511,0.9888434410095215,0.08308572,0.553415061295972,0.0,0.0
SwinIR-lite (L1),BraTS2021_00122,32.27646,0.9890269041061401,0.081607506,0.6736292428198434,0.0,0.0
SwinIR-lite (L1),BraTS2021_00122,31.94785,0.9894046187400818,0.080925345,0.7508021390374332,0.0,0.0
SwinIR-lite (L1),BraTS2021_00122,31.864666,0.9888787865638733,0.08264332,0.8482293423271501,0.0,0.0
SwinIR-lite (L1),BraTS2021_00122,31.445978,0.9874797463417053,0.08784903,0.8239757207890743,0.0,0.0
SwinIR-lite (L1),BraTS2021_00122,31.013145,0.9863187074661255,0.090970054,0.8768809849521204,0.0544464609800363,0.12931034482758622
SwinIR-lite (L1),BraTS2021_00122,30.488495,0.9828389883041382,0.09763301,0.8119777158774373,0.20431654676258992,0.45901639344262296
SwinIR-lite (L1),BraTS2021_00122,30.408897,0.9813709855079651,0.09281314,0.8398671096345515,0.3006369426751592,0.5699481865284974
SwinIR-lite (L1),BraTS2021_00122,30.145864,0.98004549741745,0.09416369,0.889308176100629,0.3694874851013111,0.5295508274231678
SwinIR-lite (L1),BraTS2021_00122,30.426332,0.9800006151199341,0.088273436,0.8860135551447936,0.5300713557594292,0.6471600688468159
SwinIR-lite (L1),BraTS2021_00122,30.504135,0.9781584739685059,0.08933787,0.8755312689738919,0.5204386839481555,0.6516129032258065
SwinIR-lite (L1),BraTS2021_00122,30.056465,0.9741144776344299,0.09305635,0.8389057750759878,0.4146100691016782,0.6006493506493507
SwinIR-lite (L1),BraTS2021_00122,30.194624,0.9739695191383362,0.09078824,0.9116684841875682,0.40681173131504256,0.563338301043219
SwinIR-lite (L1),BraTS2021_00122,30.345272,0.973202645778656,0.08648966,0.9549367088607595,0.5362068965517242,0.5962566844919787
SwinIR-lite (L1),BraTS2021_00122,30.309792,0.9729021787643433,0.084851325,0.95,0.627294493216281,0.6539833531510107
SwinIR-lite (L1),BraTS2021_00122,30.429457,0.9675760269165039,0.08484625,0.9340050377833753,0.8173076923076923,0.7711069418386491
SwinIR-lite (L1),BraTS2021_00122,30.732864,0.9708001613616943,0.08151916,0.9508993680116675,0.8011243851018974,0.7773584905660378
SwinIR-lite (L1),BraTS2021_00122,30.750767,0.9706788063049316,0.081201285,0.9288577154308617,0.5745033112582781,0.6498855835240275
SwinIR-lite (L1),BraTS2021_00122,30.892317,0.9729689359664917,0.07705247,0.9318413021363174,0.6456195737963694,0.6938775510204082
SwinIR-lite (L1),BraTS2021_00122,31.36911,0.9719924926757812,0.07473159,0.9331952356292077,0.6298960831334932,0.6794717887154862
SwinIR-lite (L1),BraTS2021_00122,31.610512,0.9715642929077148,0.07323186,0.9281997918834547,0.7103658536585366,0.7070484581497798
SwinIR-lite (L1),BraTS2021_00122,31.685322,0.9714475870132446,0.07276326,0.9315211709357031,0.6008298755186722,0.5780645161290323
SwinIR-lite (L1),BraTS2021_00122,31.65622,0.9686124920845032,0.07455262,0.8957871396895787,0.49592760180995477,0.5362776025236593
SwinIR-lite (L1),BraTS2021_00122,31.789364,0.9711779356002808,0.07404691,0.9217782779966235,0.44680851063829785,0.4981549815498155
SwinIR-lite (L1),BraTS2021_00122,31.735085,0.9709595441818237,0.07339406,0.9131985731272295,0.44664031620553357,0.5050100200400801
SwinIR-lite (L1),BraTS2021_00122,31.644962,0.9719169735908508,0.07266088,0.943011397720456,0.5205479452054794,0.5390946502057613
SwinIR-lite (L1),BraTS2021_00122,31.83914,0.9710783958435059,0.072052084,0.9374588545095458,0.4865497076023392,0.5753424657534246
SwinIR-lite (L1),BraTS2021_00122,31.725595,0.9706107378005981,0.07223962,0.9658862876254181,0.5509708737864077,0.6311111111111111
SwinIR-lite (L1),BraTS2021_00122,31.749535,0.9739235043525696,0.071263485,0.9623545516769336,0.3935389133627019,0.6453333333333333
SwinIR-lite (L1),BraTS2021_00122,31.479074,0.971551239490509,0.07463606,0.9517638588912887,0.5145348837209303,0.805
SwinIR-lite (L1),BraTS2021_00122,31.544003,0.974702775478363,0.07292702,0.9244992295839753,0.43683083511777304,0.6688963210702341
SwinIR-lite (L1),BraTS2021_00122,31.394121,0.9763723015785217,0.07365423,0.9084913437757626,0.5,0.6737588652482269
SwinIR-lite (L1),BraTS2021_00122,31.77308,0.9767814874649048,0.0720911,0.926829268292683,0.6705882352941176,0.7632508833922261
SwinIR-lite (L1),BraTS2021_00122,31.84991,0.9756171703338623,0.072753236,0.8751210067763795,0.7357859531772575,0.8156862745098039
SwinIR-lite (L1),BraTS2021_00122,32.01194,0.9781712889671326,0.06909127,0.8616024973985432,0.75,0.8401826484018264
SwinIR-lite (L1),BraTS2021_00122,32.05686,0.9774059057235718,0.070620686,0.8954248366013072,0.6810810810810811,0.8104575163398693
SwinIR-lite (L1),BraTS2021_00122,32.099045,0.9787981510162354,0.06927165,0.913953488372093,0.6164383561643836,0.7719298245614035
SwinIR-lite (L1),BraTS2021_00122,32.34286,0.9779646396636963,0.06768313,0.8875,0.3111111111111111,0.46511627906976744
SwinIR-lite (L1),BraTS2021_00122,32.5009,0.9791403412818909,0.06754342,0.9197860962566845,0.0,0.0
SwinIR-lite (L1),BraTS2021_00122,32.45722,0.9814199805259705,0.06671147,0.8641975308641975,0.0,0.0
SwinIR-lite (L1),BraTS2021_00122,32.617104,0.9822611808776855,0.06403712,0.8344594594594594,0.0,0.0
SwinIR-lite (L1),BraTS2021_00122,32.688324,0.9819585084915161,0.0646339,0.517948717948718,0.0,0.0
SwinIR-lite (L1),BraTS2021_00122,32.717518,0.9813294410705566,0.06470047,0.5816023738872403,nan,nan
SwinIR-lite (L1),BraTS2021_00124,31.847208,0.9914858341217041,0.0918991,0.0,nan,nan
SwinIR-lite (L1),BraTS2021_00124,31.208479,0.9909862279891968,0.092814595,0.0,nan,nan
SwinIR-lite (L1),BraTS2021_00124,31.479942,0.9908849596977234,0.09104081,0.09364548494983277,0.3225806451612903,0.0
SwinIR-lite (L1),BraTS2021_00124,31.432962,0.9909580945968628,0.08867907,0.4072164948453608,0.11827956989247312,0.0
SwinIR-lite (L1),BraTS2021_00124,31.572586,0.9909754395484924,0.086695276,0.562564632885212,0.12037037037037036,0.0
SwinIR-lite (L1),BraTS2021_00124,31.016983,0.9903984665870667,0.08632762,0.625314333612741,0.29457364341085274,0.125
SwinIR-lite (L1),BraTS2021_00124,31.729391,0.9916638135910034,0.07889986,0.6737588652482269,0.0798004987531172,0.0
SwinIR-lite (L1),BraTS2021_00124,31.973614,0.9921867251396179,0.07477424,0.6658227848101266,0.4069952305246423,0.21686746987951808
SwinIR-lite (L1),BraTS2021_00124,32.04182,0.9922515749931335,0.073542245,0.6944757609921083,0.4005891016200295,0.35443037974683544
SwinIR-lite (L1),BraTS2021_00124,31.41509,0.9914699196815491,0.07552783,0.7435523114355231,0.9227373068432672,0.513978494623656
SwinIR-lite (L1),BraTS2021_00124,31.856945,0.9929758906364441,0.068746604,0.7366167023554604,0.8289473684210527,0.5252100840336135
SwinIR-lite (L1),BraTS2021_00124,31.6354,0.9925453662872314,0.07030747,0.7978142076502732,0.5787234042553191,0.582010582010582
SwinIR-lite (L1),BraTS2021_00124,32.004177,0.9931009411811829,0.06751634,0.7896935933147632,0.793063583815029,0.4658493870402802
SwinIR-lite (L1),BraTS2021_00124,31.828949,0.9931797385215759,0.06669623,0.8217919264850673,0.7727509100364015,0.504594820384294
SwinIR-lite (L1),BraTS2021_00124,31.284698,0.9928741455078125,0.06823229,0.864963503649635,0.848659793814433,0.48484848484848486
SwinIR-lite (L1),BraTS2021_00124,31.509995,0.9932132363319397,0.06621242,0.8625180897250362,0.6520179372197309,0.5297709923664122
SwinIR-lite (L1),BraTS2021_00124,31.023853,0.9926857352256775,0.068296246,0.8527556896078969,0.9080459770114943,0.5036572622779519
SwinIR-lite (L1),BraTS2021_00124,30.927498,0.9924387335777283,0.0681482,0.8600102933607823,0.7472775065715359,0.5072815533980582
SwinIR-lite (L1),BraTS2021_00124,30.171862,0.9911037683486938,0.07236212,0.8895391367959035,0.9506960556844548,0.5488752556237219
SwinIR-lite (L1),BraTS2021_00124,29.86149,0.9902601838111877,0.07213272,0.9042110134197131,0.9474885844748858,0.5699481865284974
SwinIR-lite (L1),BraTS2021_00124,28.861965,0.9878028631210327,0.07882403,0.9162408353699178,0.9394021007271748,0.5831702544031311
SwinIR-lite (L1),BraTS2021_00124,29.450472,0.9883525967597961,0.07441585,0.9043816101877833,0.9232403718459495,0.570430733410943
SwinIR-lite (L1),BraTS2021_00124,30.028194,0.9896158576011658,0.06942565,0.8872590108968986,0.8692774407060121,0.5525423728813559
SwinIR-lite (L1),BraTS2021_00124,29.304142,0.9875323176383972,0.0742532,0.879837067209776,0.9725794710021839,0.5219546742209632
SwinIR-lite (L1),BraTS2021_00124,29.353226,0.9882304668426514,0.071730755,0.8802239552089582,0.9184137408436474,0.4935064935064935
SwinIR-lite (L1),BraTS2021_00124,29.892124,0.9886308908462524,0.06789177,0.8813294232649072,0.9718764407561088,0.5287975749410576
SwinIR-lite (L1),BraTS2021_00124,29.893677,0.9885363578796387,0.067495845,0.8731484998101026,0.9711060948081264,0.5132450331125827
SwinIR-lite (L1),BraTS2021_00124,29.804495,0.9880631566047668,0.06722093,0.8646255994098119,0.9675122385402759,0.5008280887711163
SwinIR-lite (L1),BraTS2021_00124,29.390785,0.987196683883667,0.06858373,0.8582196697774587,0.9624125874125874,0.5108169195996125
SwinIR-lite (L1),BraTS2021_00124,29.413948,0.9856881499290466,0.06877545,0.8562367864693446,0.9636480963648096,0.509090909090909
SwinIR-lite (L1),BraTS2021_00124,29.807049,0.9867397546768188,0.06566752,0.8469101123595506,0.9323308270676691,0.47892074198988194
SwinIR-lite (L1),BraTS2021_00124,29.021904,0.9834424257278442,0.07149968,0.8642745709828393,0.9597652975691534,0.48854469183607613
SwinIR-lite (L1),BraTS2021_00124,30.171116,0.9872024059295654,0.062411137,0.8874956461163358,0.9157303370786517,0.5204331121201536
SwinIR-lite (L1),BraTS2021_00124,29.4784,0.9850037097930908,0.06747354,0.891659350307287,0.9124384500107043,0.4433993953644609
SwinIR-lite (L1),BraTS2021_00124,30.262403,0.9866988658905029,0.062737815,0.9170305676855895,0.9808518952715904,0.47079542119166423
SwinIR-lite (L1),BraTS2021_00124,30.304363,0.9870294332504272,0.06215827,0.9216783216783216,0.9729093050647821,0.48259303721488594
SwinIR-lite (L1),BraTS2021_00124,30.785124,0.9879629611968994,0.059609037,0.9235117470411588,0.9709576138147566,0.47229629629629627
SwinIR-lite (L1),BraTS2021_00124,30.538042,0.9878905415534973,0.060051672,0.9341275402943238,0.974041069352964,0.47393087287639135
SwinIR-lite (L1),BraTS2021_00124,30.922316,0.9890884160995483,0.057324678,0.9318021201413428,0.9249592169657422,0.4421790379101625
SwinIR-lite (L1),BraTS2021_00124,31.267658,0.9898285269737244,0.0547577,0.9352082591669634,0.9593173248660448,0.4454628780934922
SwinIR-lite (L1),BraTS2021_00124,31.383461,0.9902571439743042,0.053576168,0.9453639437622353,0.9712609970674487,0.47880597014925375
SwinIR-lite (L1),BraTS2021_00124,30.043224,0.9866005182266235,0.062853426,0.9418960244648318,0.9510179399314654,0.4623921085080148
SwinIR-lite (L1),BraTS2021_00124,30.92387,0.988661527633667,0.05836562,0.945877224845623,0.9263332641626894,0.5315702479338843
SwinIR-lite (L1),BraTS2021_00124,30.528008,0.9877482652664185,0.06040145,0.9509875640087784,0.9863285119873192,0.4998490793842439
SwinIR-lite (L1),BraTS2021_00124,30.680874,0.9875280857086182,0.06092696,0.9421825618144637,0.9597357010117695,0.4981226533166458
SwinIR-lite (L1),BraTS2021_00124,31.817434,0.990169107913971,0.054410268,0.944641192917055,0.8903111895828736,0.5098309761986892
SwinIR-lite (L1),BraTS2021_00124,30.667934,0.9877673387527466,0.060547438,0.9454819845312206,0.9515474919957311,0.4794745484400657
SwinIR-lite (L1),BraTS2021_00124,31.193401,0.9888421297073364,0.057522282,0.9325842696629213,0.8910331842786539,0.4471208129469326
SwinIR-lite (L1),BraTS2021_00124,31.911724,0.9896199107170105,0.054830335,0.9313880126182965,0.8979496738117427,0.43561329766908674
SwinIR-lite (L1),BraTS2021_00124,32.06851,0.9894750714302063,0.05531526,0.9162621359223301,0.8204990609068956,0.4185614849187935
SwinIR-lite (L1),BraTS2021_00124,31.61232,0.9878069162368774,0.059281994,0.9040414507772021,0.8248398774714564,0.4958435207823961
SwinIR-lite (L1),BraTS2021_00124,32.152527,0.9890402555465698,0.055989664,0.8970338983050847,0.8293697978596909,0.3902179691653376
SwinIR-lite (L1),BraTS2021_00124,32.103073,0.9890407919883728,0.05560456,0.8747514910536779,0.564549605645496,0.4819734345351044
SwinIR-lite (L1),BraTS2021_00124,32.341938,0.9878337979316711,0.05660778,0.8412438625204582,0.8945454545454545,0.17761989342806395
SwinIR-lite (L1),BraTS2021_00124,32.56767,0.9877843856811523,0.056148056,0.8241892221409413,0.8064640246248557,0.1772549019607843
SwinIR-lite (L1),BraTS2021_00124,32.972996,0.9885075092315674,0.054788165,0.8268839103869654,0.28833231521075137,0.1640378548895899
SwinIR-lite (L1),BraTS2021_00124,32.62917,0.9875414967536926,0.05608698,0.8376880443388757,0.6596356663470757,0.10526315789473684
SwinIR-lite (L1),BraTS2021_00124,32.95237,0.9855960607528687,0.057808906,0.7906976744186046,0.7157676348547718,0.028469750889679714
SwinIR-lite (L1),BraTS2021_00124,32.93191,0.985551118850708,0.05880288,0.7869458128078818,0.3931762794476036,0.0
SwinIR-lite (L1),BraTS2021_00124,33.27374,0.985622763633728,0.057743516,0.7349604675146099,0.21179302045728038,0.0
SwinIR-lite (L1),BraTS2021_00124,33.31287,0.9832811951637268,0.059859797,0.7093206951026856,0.46544428772919605,0.0
SwinIR-lite (L1),BraTS2021_00124,33.486534,0.9819557070732117,0.059399832,0.6947771921418304,0.5192307692307693,0.0
SwinIR-lite (L1),BraTS2021_00124,33.416565,0.9817265272140503,0.05981294,0.695499707773232,0.0,nan
SwinIR-lite (L1),BraTS2021_00124,33.425117,0.9818495512008667,0.060710616,0.4679715302491103,0.0,0.0
SwinIR-lite (L1),BraTS2021_00124,33.520645,0.9803159832954407,0.060043033,0.0,nan,nan
SwinIR-lite (L1),BraTS2021_00124,33.780815,0.9826796650886536,0.058752354,0.0,nan,nan
SwinIR-lite (L1),BraTS2021_00128,31.710474,0.9916685223579407,0.07626648,0.5847953216374269,nan,nan
SwinIR-lite (L1),BraTS2021_00128,31.451569,0.9917268753051758,0.07626029,0.4452380952380952,nan,nan
SwinIR-lite (L1),BraTS2021_00128,31.517097,0.9919858574867249,0.07544735,0.38625,nan,nan
SwinIR-lite (L1),BraTS2021_00128,31.50843,0.9917811751365662,0.07587092,0.6100217864923747,0.0,0.0
SwinIR-lite (L1),BraTS2021_00128,31.276388,0.9914491176605225,0.07727652,0.7056504599211564,nan,nan
SwinIR-lite (L1),BraTS2021_00128,31.131931,0.9909213185310364,0.07921399,0.7132947976878613,0.0,0.0
SwinIR-lite (L1),BraTS2021_00128,31.294552,0.9917311668395996,0.07542956,0.7335390946502057,0.0,0.0
SwinIR-lite (L1),BraTS2021_00128,30.981104,0.9909099340438843,0.07881515,0.7917068466730954,0.0,0.0
SwinIR-lite (L1),BraTS2021_00128,30.986044,0.9904775619506836,0.07944612,0.8494318181818182,0.0,0.0
SwinIR-lite (L1),BraTS2021_00128,30.723028,0.9908754825592041,0.077710405,0.8373947718210013,0.0,0.0
SwinIR-lite (L1),BraTS2021_00128,30.929707,0.9908034801483154,0.076917574,0.8640139921294272,nan,nan
SwinIR-lite (L1),BraTS2021_00128,30.955467,0.9909565448760986,0.075785056,0.8955839867932315,nan,nan
SwinIR-lite (L1),BraTS2021_00128,30.431936,0.9900720119476318,0.07941205,0.9033293221018853,0.0,0.0
SwinIR-lite (L1),BraTS2021_00128,30.914753,0.9908066987991333,0.07426778,0.9198412698412698,0.0,0.0
SwinIR-lite (L1),BraTS2021_00128,30.87856,0.9908834099769592,0.07466204,0.9108452335005789,0.0,0.0
SwinIR-lite (L1),BraTS2021_00128,30.80039,0.9902832508087158,0.07484908,0.9120921305182341,0.0,0.0
SwinIR-lite (L1),BraTS2021_00128,30.633718,0.9899521470069885,0.074168056,0.9253962118283726,0.04938271604938271,0.05714285714285714
SwinIR-lite (L1),BraTS2021_00128,30.499811,0.9896658658981323,0.074610956,0.8756795940558173,0.06837606837606838,0.07766990291262135
SwinIR-lite (L1),BraTS2021_00128,30.207212,0.9882481098175049,0.076624446,0.9024842417500927,0.3837837837837838,0.4152046783625731
SwinIR-lite (L1),BraTS2021_00128,30.386755,0.9870033264160156,0.075768135,0.9136077122728958,0.47443762781186094,0.5010799136069114
SwinIR-lite (L1),BraTS2021_00128,30.328323,0.9873108267784119,0.07498629,0.8932178932178932,0.43462897526501765,0.4392857142857143
SwinIR-lite (L1),BraTS2021_00128,30.398157,0.9867727756500244,0.07404744,0.8751793400286944,0.3384615384615385,0.3402061855670103
SwinIR-lite (L1),BraTS2021_00128,30.638807,0.9863893985748291,0.073224865,0.9006326758466692,0.49927431059506533,0.5058823529411764
SwinIR-lite (L1),BraTS2021_00128,30.270412,0.9842149615287781,0.074624605,0.9131569139023481,0.49725274725274726,0.5006915629322268
SwinIR-lite (L1),BraTS2021_00128,30.387661,0.9861239790916443,0.07160717,0.8402287251934073,0.48578811369509045,0.4889466840052016
SwinIR-lite (L1),BraTS2021_00128,30.329206,0.9841399788856506,0.072100684,0.8700067704807042,0.6157253599114064,0.6148648648648649
SwinIR-lite (L1),BraTS2021_00128,30.507116,0.9847124218940735,0.07152777,0.8525641025641025,0.5038845726970034,0.5297549591598599
SwinIR-lite (L1),BraTS2021_00128,30.588974,0.9844373464584351,0.07017647,0.8718905472636815,0.4,0.46116504854368934
SwinIR-lite (L1),BraTS2021_00128,31.092754,0.9845190048217773,0.06728919,0.9243910155014236,0.6172413793103448,0.6157068062827226
SwinIR-lite (L1),BraTS2021_00128,30.648762,0.9823678135871887,0.070080556,0.91711389385808,0.811965811965812,0.7571560480147738
SwinIR-lite (L1),BraTS2021_00128,30.814554,0.9842835664749146,0.067921236,0.8882125069175429,0.7047184170471842,0.7636363636363637
SwinIR-lite (L1),BraTS2021_00128,30.660753,0.9825040698051453,0.067334294,0.894779550987287,0.7939560439560439,0.8334728033472804
SwinIR-lite (L1),BraTS2021_00128,31.046291,0.9826411008834839,0.06648049,0.943606923506421,0.8422408242112042,0.8244023083264633
SwinIR-lite (L1),BraTS2021_00128,30.947308,0.98316890001297,0.065785386,0.9246414602346805,0.8790273556231003,0.8633540372670807
SwinIR-lite (L1),BraTS2021_00128,30.720642,0.9811998605728149,0.066625506,0.9473956983674527,0.8437884378843789,0.831230283911672
SwinIR-lite (L1),BraTS2021_00128,31.258724,0.9824248552322388,0.06498128,0.9633480634260463,0.8244746600741656,0.809748427672956
SwinIR-lite (L1),BraTS2021_00128,31.024038,0.9841633439064026,0.06382976,0.9444724886421,0.7404479578392622,0.7540983606557377
SwinIR-lite (L1),BraTS2021_00128,31.03469,0.9846130013465881,0.06465306,0.9279881217520416,0.7325812873258128,0.7538838920686836
SwinIR-lite (L1),BraTS2021_00128,31.239998,0.9846774935722351,0.063578606,0.9576034526529577,0.6460875807609476,0.6131386861313869
SwinIR-lite (L1),BraTS2021_00128,31.222801,0.9843433499336243,0.064712025,0.9668367346938775,0.7323750855578371,0.68077900084674
SwinIR-lite (L1),BraTS2021_00128,31.243038,0.9829419255256653,0.06486528,0.9680878223129946,0.7908232118758435,0.7926267281105991
SwinIR-lite (L1),BraTS2021_00128,31.113941,0.9857755303382874,0.06422153,0.9506794162053347,0.5918536990856192,0.6416131989000916
SwinIR-lite (L1),BraTS2021_00128,31.239128,0.985726535320282,0.06335431,0.9573170731707317,0.5483584738243124,0.5786407766990291
SwinIR-lite (L1),BraTS2021_00128,31.319748,0.9842637777328491,0.06409814,0.963477366255144,0.6766417290108063,0.702276707530648
SwinIR-lite (L1),BraTS2021_00128,31.627474,0.9832763671875,0.063626885,0.9624644059021485,0.8282674772036475,0.8252427184466019
SwinIR-lite (L1),BraTS2021_00128,31.257595,0.9840725064277649,0.06432082,0.9419953596287703,0.6466848319709355,0.651252408477842
SwinIR-lite (L1),BraTS2021_00128,31.648136,0.9816214442253113,0.06350187,0.9580998131838805,0.7577092511013216,0.7724770642201835
SwinIR-lite (L1),BraTS2021_00128,31.417824,0.982872724533081,0.06333532,0.9344698987746404,0.6720321931589537,0.6808059384941676
SwinIR-lite (L1),BraTS2021_00128,31.571106,0.9816956520080566,0.06482366,0.9468085106382979,0.6752136752136753,0.6922234392113911
SwinIR-lite (L1),BraTS2021_00128,31.670147,0.9810647964477539,0.065464266,0.9452094931145619,0.538163001293661,0.549800796812749
SwinIR-lite (L1),BraTS2021_00128,31.708244,0.9829851984977722,0.06411587,0.9098507462686567,0.49262536873156343,0.4992389649923896
SwinIR-lite (L1),BraTS2021_00128,31.65298,0.9820210337638855,0.06495923,0.8971553610503282,0.40418118466898956,0.4064748201438849
SwinIR-lite (L1),BraTS2021_00128,31.57932,0.982143759727478,0.06687782,0.8847043277172117,0.5204460966542751,0.5415860735009671
SwinIR-lite (L1),BraTS2021_00128,31.511078,0.9806272387504578,0.068482056,0.8891242937853108,0.3188405797101449,0.35967302452316074
SwinIR-lite (L1),BraTS2021_00128,31.454908,0.9807207584381104,0.07067736,0.8631970260223049,0.17985611510791366,0.18450184501845018
SwinIR-lite (L1),BraTS2021_00128,30.897575,0.9811820983886719,0.072101995,0.812597200622084,0.009569377990430622,0.00975609756097561
SwinIR-lite (L1),BraTS2021_00128,31.050089,0.9825379252433777,0.07288544,0.7504244482173175,0.0,0.0
SwinIR-lite (L1),BraTS2021_00128,31.048449,0.981689453125,0.07399126,0.6776859504132231,0.0,0.0
SwinIR-lite (L1),BraTS2021_00128,31.166523,0.980568528175354,0.07726812,0.7648320228734811,0.0,0.0
SwinIR-lite (L1),BraTS2021_00128,31.057703,0.9831071496009827,0.07576785,0.6083866382373845,nan,nan
SwinIR-lite (L1),BraTS2021_00128,30.893448,0.9810676574707031,0.07899279,0.6971428571428572,nan,nan
SwinIR-lite (L1),BraTS2021_00128,30.747341,0.9812360405921936,0.0822974,0.6311111111111111,nan,nan
SwinIR-lite (L1),BraTS2021_00128,30.40593,0.9804799556732178,0.08570756,0.5748031496062992,nan,nan
SwinIR-lite (L1),BraTS2021_00132,30.325506,0.9858273863792419,0.10911394,0.7074829931972789,0.0,0.0
SwinIR-lite (L1),BraTS2021_00132,30.231848,0.9859069585800171,0.10675694,0.7543520309477756,0.0,0.0
SwinIR-lite (L1),BraTS2021_00132,30.17772,0.9856430292129517,0.103799075,0.8038147138964578,0.0,0.0
SwinIR-lite (L1),BraTS2021_00132,30.070723,0.9856061935424805,0.1017074,0.8493150684931506,0.0,0.0
SwinIR-lite (L1),BraTS2021_00132,30.351463,0.9856635332107544,0.097753145,0.8274509803921568,0.0,0.0
SwinIR-lite (L1),BraTS2021_00132,30.748312,0.9865673184394836,0.09262304,0.7665198237885462,0.13526570048309178,0.14470284237726097
SwinIR-lite (L1),BraTS2021_00132,30.81739,0.9874513149261475,0.08843566,0.7935578330893118,0.520891364902507,0.5483870967741935
SwinIR-lite (L1),BraTS2021_00132,30.80626,0.9870938658714294,0.08881778,0.9333333333333333,0.7872954764196343,0.8204613841524574
SwinIR-lite (L1),BraTS2021_00132,30.912327,0.987765908241272,0.08497184,0.9089974293059125,0.819140308191403,0.8603066439522998
SwinIR-lite (L1),BraTS2021_00132,30.997765,0.9876083135604858,0.08531107,0.924181247196052,0.8379501385041551,0.8616944243301955
SwinIR-lite (L1),BraTS2021_00132,30.7642,0.9876405000686646,0.0848751,0.9578288100208768,0.8843373493975903,0.9081697276757441
SwinIR-lite (L1),BraTS2021_00132,30.709667,0.9877616763114929,0.08477842,0.9465219139525533,0.8584795321637427,0.8396039603960396
SwinIR-lite (L1),BraTS2021_00132,30.399658,0.9869066476821899,0.08755216,0.9431906614785992,0.7938021454112039,0.8019872249822569
SwinIR-lite (L1),BraTS2021_00132,29.73897,0.9857246279716492,0.09088998,0.9317767238234221,0.5966555183946488,0.6554621848739496
SwinIR-lite (L1),BraTS2021_00132,29.265846,0.9837936162948608,0.09284268,0.9540191862388356,0.6314465408805031,0.7581903276131046
SwinIR-lite (L1),BraTS2021_00132,29.28785,0.9820964932441711,0.09309871,0.9489375198223914,0.7138777841233581,0.8060128847530422
SwinIR-lite (L1),BraTS2021_00132,28.722328,0.97869473695755,0.094621204,0.9602552944589499,0.8500244259892525,0.8883524441762221
SwinIR-lite (L1),BraTS2021_00132,28.413273,0.9754688143730164,0.098462805,0.9427966101694916,0.8093612871769869,0.8636099825885084
SwinIR-lite (L1),BraTS2021_00132,28.507364,0.973130464553833,0.09359327,0.9498464687819856,0.778362853039732,0.8675237562884293
SwinIR-lite (L1),BraTS2021_00132,28.468143,0.9734647870063782,0.092315905,0.9273339749759384,0.8309859154929577,0.8541893362350381
SwinIR-lite (L1),BraTS2021_00132,28.64439,0.9698516130447388,0.089978896,0.9297472756781823,0.9005524861878453,0.8780727630285152
SwinIR-lite (L1),BraTS2021_00132,28.733206,0.9666025042533875,0.08951043,0.9493023255813954,0.9607772580064772,0.9102333931777379
SwinIR-lite (L1),BraTS2021_00132,28.760235,0.9651712775230408,0.08697452,0.9475595913734393,0.9498587570621468,0.8952122854561879
SwinIR-lite (L1),BraTS2021_00132,28.888084,0.9647881984710693,0.085580304,0.9508196721311475,0.9541723666210671,0.9260342666109486
SwinIR-lite (L1),BraTS2021_00132,29.122795,0.9662151336669922,0.08295855,0.9409340659340659,0.8991747398636527,0.8659112370160529
SwinIR-lite (L1),BraTS2021_00132,29.59808,0.9640432596206665,0.08116697,0.9347417840375587,0.9068454481298518,0.8801128349788434
SwinIR-lite (L1),BraTS2021_00132,29.27433,0.9622501134872437,0.080609255,0.9472693032015066,0.7524990003998401,0.8372324539571926
SwinIR-lite (L1),BraTS2021_00132,29.674965,0.9606890678405762,0.079077065,0.9367029909575701,0.8535688005886681,0.8687240902809765
SwinIR-lite (L1),BraTS2021_00132,29.524622,0.9590204954147339,0.07770659,0.9544309594687428,0.9372077488309953,0.9284009546539379
SwinIR-lite (L1),BraTS2021_00132,29.553814,0.9582323431968689,0.07750201,0.9610851678897042,0.913302448709464,0.8996168582375479
SwinIR-lite (L1),BraTS2021_00132,29.499949,0.9580706357955933,0.077160634,0.9665092314297982,0.9221713538260301,0.9352051835853131
SwinIR-lite (L1),BraTS2021_00132,29.818878,0.9585846066474915,0.07561727,0.9703766398645789,0.9446212603437301,0.9508771929824561
SwinIR-lite (L1),BraTS2021_00132,29.717384,0.9591032862663269,0.07551952,0.9719169719169719,0.9659231722428748,0.963963963963964
SwinIR-lite (L1),BraTS2021_00132,29.806755,0.9617082476615906,0.07372897,0.9580189591797252,0.9238218205293738,0.9365818702973845
SwinIR-lite (L1),BraTS2021_00132,29.954918,0.9592300653457642,0.075401545,0.9696501063212836,0.9457605985037406,0.9289464473223661
SwinIR-lite (L1),BraTS2021_00132,29.639751,0.9632929563522339,0.07323894,0.9658941021292632,0.9584487534626038,0.9415363698164514
SwinIR-lite (L1),BraTS2021_00132,29.87551,0.9660562872886658,0.073291905,0.9654786340735212,0.9351403678606002,0.9329073482428115
SwinIR-lite (L1),BraTS2021_00132,29.926424,0.9683680534362793,0.07229597,0.9591230026012635,0.9543408360128617,0.9189985272459499
SwinIR-lite (L1),BraTS2021_00132,29.890852,0.9675389528274536,0.07269877,0.9592913682623445,0.8714596949891068,0.9050456893126738
SwinIR-lite (L1),BraTS2021_00132,29.92728,0.969844400882721,0.07276953,0.9576547231270358,0.8721157606570199,0.8757602085143353
SwinIR-lite (L1),BraTS2021_00132,29.671543,0.9709216356277466,0.07363947,0.9490470633994554,0.9142146705346043,0.9042316258351893
SwinIR-lite (L1),BraTS2021_00132,29.737537,0.9705422520637512,0.0728248,0.9324018902814876,0.9020159399906236,0.9049729197439685
SwinIR-lite (L1),BraTS2021_00132,29.82496,0.9691330790519714,0.07347966,0.9588235294117647,0.9536290322580645,0.9580093312597201
SwinIR-lite (L1),BraTS2021_00132,29.872873,0.9684463143348694,0.07490813,0.9501862197392924,0.9310924369747899,0.9382151029748284
SwinIR-lite (L1),BraTS2021_00132,29.861374,0.9697609543800354,0.07305223,0.9391435011269722,0.8923076923076924,0.8984375
SwinIR-lite (L1),BraTS2021_00132,29.98394,0.9722589254379272,0.07179179,0.9429859453725802,0.8558692421991084,0.8793893129770992
SwinIR-lite (L1),BraTS2021_00132,30.00851,0.9687694311141968,0.072668314,0.9439411098527747,0.8677074774034511,0.8881412952060556
SwinIR-lite (L1),BraTS2021_00132,30.307896,0.9715592265129089,0.07172361,0.9299703264094955,0.8024193548387096,0.8135942327497425
SwinIR-lite (L1),BraTS2021_00132,30.36228,0.9728445410728455,0.06945903,0.9439475253428742,0.7301173402868318,0.7629427792915532
SwinIR-lite (L1),BraTS2021_00132,30.669495,0.9725703001022339,0.06792637,0.9540548874498921,0.5230125523012552,0.5605381165919282
SwinIR-lite (L1),BraTS2021_00132,30.763744,0.971216082572937,0.06850238,0.9561928774030886,0.0,0.0
SwinIR-lite (L1),BraTS2021_00132,31.017185,0.971566379070282,0.06782577,0.9464402351404311,0.0,0.0
SwinIR-lite (L1),BraTS2021_00132,30.745745,0.9710228443145752,0.06817149,0.9289323004378579,0.0,0.0
SwinIR-lite (L1),BraTS2021_00132,31.054266,0.9684406518936157,0.06722375,0.9420765027322404,nan,nan
SwinIR-lite (L1),BraTS2021_00132,31.211416,0.9672243595123291,0.06464078,0.9067335842743622,nan,nan
SwinIR-lite (L1),BraTS2021_00132,31.034946,0.9646313786506653,0.066527836,0.9342163355408388,nan,nan
SwinIR-lite (L1),BraTS2021_00132,31.044352,0.9627208709716797,0.065593496,0.8949536560247168,nan,nan
SwinIR-lite (L1),BraTS2021_00132,31.326424,0.9600551128387451,0.06530486,0.93,nan,nan
SwinIR-lite (L1),BraTS2021_00132,31.284027,0.9630342721939087,0.06462758,0.9248704663212435,nan,nan
SwinIR-lite (L1),BraTS2021_00132,31.314873,0.9559310674667358,0.06752326,0.9277929155313351,nan,nan
SwinIR-lite (L1),BraTS2021_00132,31.511183,0.9593017101287842,0.06411867,0.902158273381295,nan,nan
SwinIR-lite (L1),BraTS2021_00132,31.410074,0.9595265984535217,0.06561882,0.9171974522292994,nan,nan
SwinIR-lite (L1),BraTS2021_00132,31.146313,0.9577423334121704,0.06676672,0.8500851788756388,nan,nan
SwinIR-lite (L1),BraTS2021_00132,31.385235,0.9554798007011414,0.06798627,0.7881481481481482,nan,nan
SwinIR-lite (L1),BraTS2021_00132,30.942442,0.9563568830490112,0.07101705,0.713216957605985,nan,nan
SwinIR-lite (L1),BraTS2021_00133,29.160767,0.9852253794670105,0.12120244,0.819672131147541,nan,nan
SwinIR-lite (L1),BraTS2021_00133,28.764088,0.9825941920280457,0.12877046,0.7552674230145867,nan,nan
SwinIR-lite (L1),BraTS2021_00133,29.14206,0.984102189540863,0.11570488,0.7336787564766839,nan,nan
SwinIR-lite (L1),BraTS2021_00133,29.069164,0.9830443859100342,0.1175907,0.7546798029556651,nan,nan
SwinIR-lite (L1),BraTS2021_00133,29.264149,0.9828366041183472,0.11440827,0.777422790202343,0.0,0.0
SwinIR-lite (L1),BraTS2021_00133,29.23632,0.9841483235359192,0.11007481,0.8102564102564103,0.0,0.0
SwinIR-lite (L1),BraTS2021_00133,28.920992,0.9822989702224731,0.11287742,0.85359477124183,0.08695652173913043,0.12
SwinIR-lite (L1),BraTS2021_00133,29.665276,0.9841193556785583,0.10565932,0.8938977460142936,0.7943262411347518,0.7478991596638656
SwinIR-lite (L1),BraTS2021_00133,29.407942,0.9834281802177429,0.10711706,0.9047371160853722,0.8693333333333333,0.8407643312101911
SwinIR-lite (L1),BraTS2021_00133,29.210176,0.9827428460121155,0.1089649,0.9212410501193318,0.8277227722772277,0.7990867579908676
SwinIR-lite (L1),BraTS2021_00133,29.585058,0.9846702218055725,0.10298479,0.8994340444057466,0.8361934477379095,0.8171641791044776
SwinIR-lite (L1),BraTS2021_00133,29.141163,0.9834213256835938,0.10713138,0.8579088471849866,0.863697705802969,0.8668831168831169
SwinIR-lite (L1),BraTS2021_00133,29.657562,0.9845569729804993,0.1034247,0.8858158830501778,0.8742268041237113,0.8346666666666667
SwinIR-lite (L1),BraTS2021_00133,29.587994,0.9845778942108154,0.10352599,0.8957590170432025,0.9053571428571429,0.8536880290205562
SwinIR-lite (L1),BraTS2021_00133,29.42259,0.9839109182357788,0.105566375,0.9143284698840254,0.9013209013209014,0.8217054263565892
SwinIR-lite (L1),BraTS2021_00133,29.285038,0.9838051795959473,0.106196076,0.8886346300533944,0.8327814569536424,0.7817403708987162
SwinIR-lite (L1),BraTS2021_00133,29.018913,0.9836130142211914,0.10817536,0.9025859015232023,0.8625954198473282,0.8202247191011236
SwinIR-lite (L1),BraTS2021_00133,29.213343,0.9836074709892273,0.10676666,0.8649056603773585,0.8528784648187633,0.8
SwinIR-lite (L1),BraTS2021_00133,28.799786,0.982444167137146,0.11103418,0.8801128349788434,0.7855113636363636,0.7787114845938375
SwinIR-lite (L1),BraTS2021_00133,28.44557,0.981488049030304,0.1130706,0.8687654757693668,0.7423521414004078,0.7219512195121951
SwinIR-lite (L1),BraTS2021_00133,28.305622,0.9806874394416809,0.11377025,0.8935451165934437,0.7972805933250927,0.7887887887887888
SwinIR-lite (L1),BraTS2021_00133,27.736788,0.9770737886428833,0.11948423,0.8597353497164462,0.8540278619018776,0.7760910815939279
SwinIR-lite (L1),BraTS2021_00133,27.6823,0.9745566844940186,0.11544605,0.8130699088145896,0.7742355237475602,0.7615457115928369
SwinIR-lite (L1),BraTS2021_00133,27.487103,0.9717309474945068,0.11638,0.8547854785478548,0.879083094555874,0.8106312292358804
SwinIR-lite (L1),BraTS2021_00133,27.665041,0.9680753350257874,0.11656746,0.8039654621042532,0.8511749347258486,0.7962529274004684
SwinIR-lite (L1),BraTS2021_00133,27.84025,0.9681307077407837,0.11181719,0.8695393759286776,0.895771878072763,0.8309037900874635
SwinIR-lite (L1),BraTS2021_00133,27.189539,0.9638217091560364,0.114033885,0.8941109852774632,0.8792415169660679,0.8382352941176471
SwinIR-lite (L1),BraTS2021_00133,27.708769,0.9637982249259949,0.11005761,0.8798105387803434,0.8225892381459776,0.7846153846153846
SwinIR-lite (L1),BraTS2021_00133,27.645987,0.9642576575279236,0.10666359,0.9016393442622951,0.9411764705882353,0.8215488215488216
SwinIR-lite (L1),BraTS2021_00133,27.4677,0.9634039402008057,0.1081608,0.9054535489175116,0.8947895791583166,0.780053428317008
SwinIR-lite (L1),BraTS2021_00133,27.792929,0.962082028388977,0.1083697,0.8883146712604076,0.9370764762826719,0.7822944896115628
SwinIR-lite (L1),BraTS2021_00133,27.318687,0.9592748880386353,0.111109875,0.8709280885064536,0.8805891635981062,0.7349896480331263
SwinIR-lite (L1),BraTS2021_00133,27.78819,0.9605981707572937,0.10230484,0.8847512038523274,0.9074935400516796,0.8198529411764706
SwinIR-lite (L1),BraTS2021_00133,27.933271,0.9609487652778625,0.10299988,0.8524137931034482,0.8781284004352558,0.7860798362333674
SwinIR-lite (L1),BraTS2021_00133,28.008669,0.9575942158699036,0.10125058,0.7469677959012966,0.710594315245478,0.6404761904761904
SwinIR-lite (L1),BraTS2021_00133,28.152105,0.964061975479126,0.09725029,0.8436763550667714,0.8333333333333334,0.7221006564551422
SwinIR-lite (L1),BraTS2021_00133,28.227295,0.9608672261238098,0.10090926,0.84593837535014,0.8758169934640523,0.7783558792924038
SwinIR-lite (L1),BraTS2021_00133,28.55746,0.9639169573783875,0.09463047,0.8788469029996104,0.8997584541062802,0.863768115942029
SwinIR-lite (L1),BraTS2021_00133,28.594473,0.9675225019454956,0.092260376,0.8693623639191291,0.8887459807073955,0.8565656565656565
SwinIR-lite (L1),BraTS2021_00133,28.60337,0.9657455086708069,0.093310416,0.7495164410058027,0.6279863481228669,0.6467661691542289
SwinIR-lite (L1),BraTS2021_00133,28.620205,0.9654660820960999,0.094391525,0.7969201154956689,0.7825370675453048,0.7479484173505275
SwinIR-lite (L1),BraTS2021_00133,28.309698,0.9603374004364014,0.098235205,0.7850467289719626,0.8351464435146444,0.7789001122334456
SwinIR-lite (L1),BraTS2021_00133,28.670198,0.968646764755249,0.09166333,0.7129973474801061,0.360313315926893,0.33607907742998355
SwinIR-lite (L1),BraTS2021_00133,28.707039,0.9654301404953003,0.091710374,0.5642349903163331,0.2062937062937063,0.22026431718061673
SwinIR-lite (L1),BraTS2021_00133,28.471134,0.9678399562835693,0.09293344,0.5597222222222222,0.009324009324009324,0.011267605633802818
SwinIR-lite (L1),BraTS2021_00133,28.846973,0.9695438146591187,0.09112201,0.6861924686192469,0.3893805309734513,0.411214953271028
SwinIR-lite (L1),BraTS2021_00133,28.357018,0.9678626656532288,0.09340757,0.6865900383141762,0.5693430656934306,0.5756457564575646
SwinIR-lite (L1),BraTS2021_00133,28.860407,0.9715869426727295,0.08869028,0.707641196013289,0.2111801242236025,0.21518987341772153
SwinIR-lite (L1),BraTS2021_00133,29.167454,0.9684550762176514,0.09021281,0.5765407554671969,0.0,0.0
SwinIR-lite (L1),BraTS2021_00133,29.0008,0.9692378640174866,0.091011226,0.6599394550958627,0.0,0.0
SwinIR-lite (L1),BraTS2021_00133,29.003218,0.9746059775352478,0.086763084,0.6542669584245077,nan,nan
SwinIR-lite (L1),BraTS2021_00133,28.59616,0.9698247909545898,0.093251504,0.6882681564245811,nan,nan
SwinIR-lite (L1),BraTS2021_00133,29.376535,0.9732677936553955,0.08673907,0.6431924882629108,nan,nan
SwinIR-lite (L1),BraTS2021_00133,29.408152,0.972150981426239,0.08636657,0.6977272727272728,nan,nan
SwinIR-lite (L1),BraTS2021_00133,29.509628,0.9746804237365723,0.08441425,0.789247311827957,nan,nan
SwinIR-lite (L1),BraTS2021_00133,29.980293,0.9754329323768616,0.08155797,0.5381165919282511,nan,nan
SwinIR-lite (L1),BraTS2021_00133,29.566822,0.9758428335189819,0.08254371,0.6962750716332379,nan,nan
SwinIR-lite (L1),BraTS2021_00133,30.140917,0.9755229353904724,0.080414616,0.6488294314381271,nan,nan
SwinIR-lite (L1),BraTS2021_00133,29.962881,0.9751642346382141,0.08027867,0.6512455516014235,nan,nan
SwinIR-lite (L1),BraTS2021_00133,29.803497,0.9739339351654053,0.081401855,0.7927631578947368,nan,nan
SwinIR-lite (L1),BraTS2021_00133,29.984858,0.9745975136756897,0.07766421,0.7398373983739838,nan,nan
SwinIR-lite (L1),BraTS2021_00133,29.824558,0.9736751317977905,0.08073921,0.8041666666666667,nan,nan
SwinIR-lite (L1),BraTS2021_00133,30.211956,0.9737535715103149,0.07516999,0.7329842931937173,nan,nan
SwinIR-lite (L1),BraTS2021_00133,30.151941,0.9709901213645935,0.07630331,0.12935323383084577,nan,nan
