method,subject,psnr,ssim,nrmse,dice_wt,dice_tc,dice_et
PP-MAE-v2 (mask-free) [PROPOSED],BraTS2021_00020,24.113424,0.8758768439292908,0.22972605,0.0,nan,nan
PP-MAE-v2 (mask-free) [PROPOSED],BraTS2021_00022,23.634184,0.8633888363838196,0.20942768,0.8968325791855204,0.8152610441767069,0.7353668590272052
PP-MAE-v2 (mask-free) [PROPOSED],BraTS2021_00005,22.871979,0.8653467893600464,0.25280115,0.879179670084708,0.944234404536862,0.7796610169491526
PP-MAE-v2 (mask-free) [PROPOSED],BraTS2021_00017,21.603523,0.8585079908370972,0.2820255,0.8820809248554913,0.0,0.0
PP-MAE-v2 (mask-free) [PROPOSED],BraTS2021_00005,24.159184,0.8838015794754028,0.21372876,0.8759558198810535,0.8466917697686929,0.686595949855352
PP-MAE-v2 (mask-free) [PROPOSED],BraTS2021_00000,22.463104,0.8762566447257996,0.216923,0.9211895910780669,0.9059757626410364,0.7928026172300982
PP-MAE-v2 (mask-free) [PROPOSED],BraTS2021_00006,23.86433,0.9321413636207581,0.17644994,0.9538180155464107,0.7648514851485149,0.6678023850085179
PP-MAE-v2 (mask-free) [PROPOSED],BraTS2021_00009,23.36301,0.9008998274803162,0.20101415,0.0,0.0,0.0
PP-MAE-v2 (mask-free) [PROPOSED],BraTS2021_00006,23.780872,0.9305053353309631,0.17747046,0.9763932830372354,0.8343789209535759,0.6742857142857143
PP-MAE-v2 (mask-free) [PROPOSED],BraTS2021_00022,21.728508,0.7689222693443298,0.2655084,0.8487845076225793,0.4601571268237935,0.4601571268237935
PP-MAE-v2 (mask-free) [PROPOSED],BraTS2021_00018,24.687784,0.9317952990531921,0.16804534,0.9387417218543046,0.5361056476538354,0.5902578796561605
PP-MAE-v2 (mask-free) [PROPOSED],BraTS2021_00025,18.977707,0.7634660005569458,0.2986696,0.12244897959183673,nan,nan
PP-MAE-v2 (mask-free) [PROPOSED],BraTS2021_00012,21.997082,0.8960302472114563,0.21028012,0.9200773445053174,0.7490636704119851,0.0
PP-MAE-v2 (mask-free) [PROPOSED],BraTS2021_00000,21.633293,0.7559623122215271,0.2897745,0.8533772652388797,0.9005037783375315,0.8749181401440733
PP-MAE-v2 (mask-free) [PROPOSED],BraTS2021_00006,23.14878,0.8785390257835388,0.21697815,0.7487943884261289,0.0,0.0
PP-MAE-v2 (mask-free) [PROPOSED],BraTS2021_00018,22.501698,0.8205743432044983,0.24607728,0.4634146341463415,0.0,0.0
PP-MAE-v2 (mask-free) [PROPOSED],BraTS2021_00008,21.985939,0.815544843673706,0.25562105,0.37902483900643974,0.0,0.0
PP-MAE-v2 (mask-free) [PROPOSED],BraTS2021_00009,24.764412,0.9405556321144104,0.15819155,0.7460223924572775,0.4217687074829932,0.4217687074829932
PP-MAE-v2 (mask-free) [PROPOSED],BraTS2021_00012,19.08358,0.7545774579048157,0.37538832,0.8329534353630739,0.0,nan
PP-MAE-v2 (mask-free) [PROPOSED],BraTS2021_00003,22.872465,0.8497909307479858,0.27176088,0.87865055387714,0.0,0.0
PP-MAE-v2 (mask-free) [PROPOSED],BraTS2021_00024,21.844337,0.8152828216552734,0.2958387,0.9155261915998112,0.0,0.0
PP-MAE-v2 (mask-free) [PROPOSED],BraTS2021_00019,29.207354,0.9372024536132812,0.13437994,0.296118621892717,nan,nan
PP-MAE-v2 (mask-free) [PROPOSED],BraTS2021_00000,22.127869,0.8174715042114258,0.24569458,0.9266409266409267,0.9513314967860422,0.8412285268089537
PP-MAE-v2 (mask-free) [PROPOSED],BraTS2021_00022,23.707272,0.8346427083015442,0.20472826,0.8572349339349017,0.5868187579214195,0.5868187579214195
PP-MAE-v2 (mask-free) [PROPOSED],BraTS2021_00011,22.718884,0.8115364909172058,0.2345306,0.923682140047207,0.0,0.0
PP-MAE-v2 (mask-free) [PROPOSED],BraTS2021_00021,27.33166,0.841395914554596,0.17969298,0.6396917148362236,nan,nan
PP-MAE-v2 (mask-free) [PROPOSED],BraTS2021_00026,23.92525,0.9067299365997314,0.21470475,0.7558465855940131,0.7390510948905109,0.7208216619981326
PP-MAE-v2 (mask-free) [PROPOSED],BraTS2021_00009,23.455387,0.9125657677650452,0.19240648,nan,nan,nan
PP-MAE-v2 (mask-free) [PROPOSED],BraTS2021_00024,19.48249,0.7292503118515015,0.4816641,0.6903973509933775,0.0,0.0
PP-MAE-v2 (mask-free) [PROPOSED],BraTS2021_00016,16.528494,0.6928105354309082,0.35477507,0.793289394847214,0.6528189910979229,0.4054621848739496
PP-MAE-v2 (mask-free) [PROPOSED],BraTS2021_00020,22.970299,0.8540197610855103,0.2697291,0.8577981651376146,0.5490981963927856,0.644793152639087
PP-MAE-v2 (mask-free) [PROPOSED],BraTS2021_00000,23.175383,0.8642215728759766,0.2093286,0.9293063391968138,0.9043736100815419,0.7648
PP-MAE-v2 (mask-free) [PROPOSED],BraTS2021_00000,24.435394,0.90737384557724,0.18201837,0.5598480050664978,0.5895734597156398,0.5895734597156398
PP-MAE-v2 (mask-free) [PROPOSED],BraTS2021_00026,22.916538,0.7359462976455688,0.29334182,0.00686106346483705,0.0,0.0
PP-MAE-v2 (mask-free) [PROPOSED],BraTS2021_00005,22.672194,0.8458781242370605,0.2642089,0.904726552833457,0.8612903225806452,0.6037735849056604
PP-MAE-v2 (mask-free) [PROPOSED],BraTS2021_00019,24.302319,0.8796867728233337,0.21932928,0.874741005839141,0.06521739130434782,0.09486166007905138
PP-MAE-v2 (mask-free) [PROPOSED],BraTS2021_00005,24.651047,0.9164062142372131,0.19496328,0.8611180124223603,0.8801389693109438,0.6126126126126126
PP-MAE-v2 (mask-free) [PROPOSED],BraTS2021_00003,20.915735,0.8016193509101868,0.3560611,0.7401812688821753,nan,nan
PP-MAE-v2 (mask-free) [PROPOSED],BraTS2021_00021,23.28233,0.7869791984558105,0.28379908,0.42687385740402195,0.23376623376623376,0.2669491525423729
PP-MAE-v2 (mask-free) [PROPOSED],BraTS2021_00025,17.77811,0.712356448173523,0.32709303,0.7248322147651006,0.0,0.0
PP-MAE-v2 (mask-free) [PROPOSED],BraTS2021_00003,25.16793,0.902163565158844,0.19677408,0.928006658343737,0.07161803713527852,0.08181818181818182
PP-MAE-v2 (mask-free) [PROPOSED],BraTS2021_00011,25.48719,0.8983282446861267,0.15284373,0.9355400696864111,0.24796084828711257,0.3013698630136986
PP-MAE-v2 (mask-free) [PROPOSED],BraTS2021_00011,25.493633,0.9277886152267456,0.14774543,0.9539112050739957,0.32898696088264795,0.3557483731019523
PP-MAE-v2 (mask-free) [PROPOSED],BraTS2021_00019,25.569061,0.9257071614265442,0.17789668,0.8685503685503686,0.0,0.0
PP-MAE-v2 (mask-free) [PROPOSED],BraTS2021_00017,23.308086,0.8624383211135864,0.2351806,0.7861557478368356,0.0,0.0
PP-MAE-v2 (mask-free) [PROPOSED],BraTS2021_00006,20.379162,0.6836609244346619,0.32468385,0.579088471849866,nan,nan
PP-MAE-v2 (mask-free) [PROPOSED],BraTS2021_00000,22.561266,0.8667414784431458,0.22613966,0.6705202312138728,0.7663551401869159,0.7559354226020892
PP-MAE-v2 (mask-free) [PROPOSED],BraTS2021_00019,20.99269,0.7339276075363159,0.39708984,0.7995724211651524,nan,nan
PP-MAE-v2 (mask-free) [PROPOSED],BraTS2021_00017,22.29846,0.8296144604682922,0.2657831,0.7689119170984456,nan,nan
PP-MAE-v2 (mask-free) [PROPOSED],BraTS2021_00014,21.417522,0.8225442171096802,0.24919836,0.0,nan,nan
PP-MAE-v2 (mask-free) [PROPOSED],BraTS2021_00011,25.149742,0.8883132934570312,0.16011058,0.9499509322865555,0.2616822429906542,0.3055555555555556
PP-MAE-v2 (mask-free) [PROPOSED],BraTS2021_00002,24.106876,0.8991302251815796,0.1911808,0.944127405441274,0.6576994434137291,0.5546623794212219
PP-MAE-v2 (mask-free) [PROPOSED],BraTS2021_00009,24.01929,0.918567955493927,0.18709308,nan,nan,nan
PP-MAE-v2 (mask-free) [PROPOSED],BraTS2021_00009,24.583961,0.9344514608383179,0.16532788,0.775842044134727,0.6872852233676976,0.656934306569343
PP-MAE-v2 (mask-free) [PROPOSED],BraTS2021_00022,23.90848,0.8413161635398865,0.20141162,0.8072364316905801,0.5827886710239651,0.5827886710239651
PP-MAE-v2 (mask-free) [PROPOSED],BraTS2021_00019,25.44822,0.9127349853515625,0.18260498,0.9044708909617241,0.0,0.0
PP-MAE-v2 (mask-free) [PROPOSED],BraTS2021_00006,23.90271,0.8967447876930237,0.20463696,0.961576354679803,0.7744360902255639,0.7846481876332623
PP-MAE-v2 (mask-free) [PROPOSED],BraTS2021_00012,22.018806,0.9181714057922363,0.1937845,0.917075691035908,0.5404559678140367,0.0
PP-MAE-v2 (mask-free) [PROPOSED],BraTS2021_00024,16.815653,0.4970155954360962,0.86832124,0.0,0.0,0.0
PP-MAE-v2 (mask-free) [PROPOSED],BraTS2021_00012,24.415483,0.9357911944389343,0.16211723,0.9583606988046762,0.7668049792531121,nan
PP-MAE-v2 (mask-free) [PROPOSED],BraTS2021_00016,16.500875,0.5713359117507935,0.4191844,0.0,nan,nan
PP-MAE-v2 (mask-free) [PROPOSED],BraTS2021_00012,18.162224,0.7017131447792053,0.43054608,0.7481764501563043,0.0,nan
PP-MAE-v2 (mask-free) [PROPOSED],BraTS2021_00011,24.35014,0.9257014393806458,0.16525905,0.9329187027987561,0.2530922930542341,0.3176895306859206
PP-MAE-v2 (mask-free) [PROPOSED],BraTS2021_00020,23.98394,0.8927192687988281,0.22951224,0.7395411605937922,0.23938223938223938,0.23938223938223938
PP-MAE-v2 (mask-free) [PROPOSED],BraTS2021_00018,25.16061,0.9424773454666138,0.15015739,0.9564414345082346,0.8543776727436417,0.7239621267297888
PP-MAE-v2 (mask-free) [PROPOSED],BraTS2021_00024,23.940472,0.8977596163749695,0.19695406,0.8914463452566096,nan,nan
PP-MAE-v2 (mask-free) [PROPOSED],BraTS2021_00009,22.84225,0.9035108685493469,0.20245112,0.0,nan,nan
PP-MAE-v2 (mask-free) [PROPOSED],BraTS2021_00017,26.556858,0.8820602893829346,0.16709982,0.6981132075471698,nan,nan
PP-MAE-v2 (mask-free) [PROPOSED],BraTS2021_00014,20.590374,0.7462967038154602,0.28650367,0.7475035663338089,0.0,0.0
PP-MAE-v2 (mask-free) [PROPOSED],BraTS2021_00022,18.990963,0.6896301507949829,0.34702435,0.8392857142857143,0.0,0.0
PP-MAE-v2 (mask-free) [PROPOSED],BraTS2021_00022,23.173786,0.8457360863685608,0.21004549,0.8740105540897097,0.7745664739884393,0.7745664739884393
PP-MAE-v2 (mask-free) [PROPOSED],BraTS2021_00025,21.633087,0.8304809331893921,0.23416045,0.26047904191616766,0.0,0.0
PP-MAE-v2 (mask-free) [PROPOSED],BraTS2021_00022,21.958038,0.7523603439331055,0.2836534,0.8435171385991058,0.6052104208416834,0.6052104208416834
PP-MAE-v2 (mask-free) [PROPOSED],BraTS2021_00009,23.409502,0.9195134043693542,0.18853237,0.0,0.0,0.0
PP-MAE-v2 (mask-free) [PROPOSED],BraTS2021_00011,23.505924,0.8684719204902649,0.20393738,0.917057902973396,0.0,0.0
PP-MAE-v2 (mask-free) [PROPOSED],BraTS2021_00021,21.297014,0.6384270787239075,0.39345503,0.5958363244795406,nan,nan
PP-MAE-v2 (mask-free) [PROPOSED],BraTS2021_00017,22.507195,0.7846897840499878,0.27616537,0.9305555555555556,0.0,0.0
PP-MAE-v2 (mask-free) [PROPOSED],BraTS2021_00003,24.549908,0.8904730081558228,0.2314783,0.0,0.0,0.0
PP-MAE-v2 (mask-free) [PROPOSED],BraTS2021_00011,24.22179,0.8724625706672668,0.17968409,0.9477958236658933,0.4065040650406504,0.4065040650406504
PP-MAE-v2 (mask-free) [PROPOSED],BraTS2021_00022,20.605675,0.6549121141433716,0.3498786,0.350597609561753,0.07462686567164178,0.07462686567164178
PP-MAE-v2 (mask-free) [PROPOSED],BraTS2021_00003,26.276196,0.927888810634613,0.16786057,0.928365661609372,0.06444906444906445,0.08190224570673713
PP-MAE-v2 (mask-free) [PROPOSED],BraTS2021_00025,19.779118,0.8210147023200989,0.27213466,0.2214689265536723,0.0,0.0
PP-MAE-v2 (mask-free) [PROPOSED],BraTS2021_00022,23.771126,0.8498218655586243,0.20121287,0.8062889350341145,0.7123287671232876,0.7123287671232876
PP-MAE-v2 (mask-free) [PROPOSED],BraTS2021_00022,16.253431,0.49639299511909485,0.6290068,0.5772357723577236,0.0,0.0
PP-MAE-v2 (mask-free) [PROPOSED],BraTS2021_00026,23.785437,0.8804931640625,0.22727153,0.6535480023852117,0.7736625514403292,0.7407407407407407
PP-MAE-v2 (mask-free) [PROPOSED],BraTS2021_00017,21.917582,0.8987559080123901,0.26629883,0.6839186691312384,0.0,0.0
PP-MAE-v2 (mask-free) [PROPOSED],BraTS2021_00021,24.186142,0.7997860908508301,0.24901101,0.3885010266940452,0.46981627296587924,0.5043988269794721
PP-MAE-v2 (mask-free) [PROPOSED],BraTS2021_00012,21.961704,0.9187889695167542,0.19576071,0.9209761031735997,0.656356698132155,0.0
PP-MAE-v2 (mask-free) [PROPOSED],BraTS2021_00016,17.425816,0.6402996778488159,0.37449792,0.4496439471007121,0.0,0.0
PP-MAE-v2 (mask-free) [PROPOSED],BraTS2021_00000,21.660719,0.720698893070221,0.31114304,0.015296367112810707,0.0,0.0
PP-MAE-v2 (mask-free) [PROPOSED],BraTS2021_00016,17.68489,0.7066287994384766,0.33851033,0.7817679558011049,0.22248803827751196,0.22057001239157373
PP-MAE-v2 (mask-free) [PROPOSED],BraTS2021_00018,19.979383,0.7584517002105713,0.34545663,0.851244687310261,0.5319969159599075,0.5461323392357875
PP-MAE-v2 (mask-free) [PROPOSED],BraTS2021_00003,26.04757,0.9254348874092102,0.16939153,0.9184390604771593,0.07809523809523809,0.09394313967861558
PP-MAE-v2 (mask-free) [PROPOSED],BraTS2021_00003,22.20542,0.8289983868598938,0.29709718,0.838170191834727,0.1836734693877551,0.1836734693877551
PP-MAE-v2 (mask-free) [PROPOSED],BraTS2021_00006,25.29863,0.9571161866188049,0.15644161,0.9656565656565657,0.6998535871156661,0.7471451876019576
PP-MAE-v2 (mask-free) [PROPOSED],BraTS2021_00016,16.879732,0.7383021712303162,0.33498666,0.7438356164383562,0.5543071161048689,0.4766050054406964
PP-MAE-v2 (mask-free) [PROPOSED],BraTS2021_00006,23.782646,0.9228996634483337,0.18619323,0.9657102869139258,0.8140877598152425,0.8035043804755945
PP-MAE-v2 (mask-free) [PROPOSED],BraTS2021_00006,24.586287,0.9419461488723755,0.16947721,0.9476908576814326,0.7771245323356494,0.759748427672956
PP-MAE-v2 (mask-free) [PROPOSED],BraTS2021_00016,16.151993,0.6271653175354004,0.37416324,0.8398523985239852,0.75764192139738,0.5038639876352395
PP-MAE-v2 (mask-free) [PROPOSED],BraTS2021_00014,20.427992,0.7554096579551697,0.2878036,0.7473211199446941,0.3228915662650602,0.3228915662650602
PP-MAE-v2 (mask-free) [PROPOSED],BraTS2021_00014,20.868921,0.768090546131134,0.28180173,0.7609794014768753,0.0,0.0
PP-MAE-v2 (mask-free) [PROPOSED],BraTS2021_00014,16.525833,0.48224347829818726,0.8512334,0.5361702127659574,nan,nan
PP-MAE-v2 (mask-free) [PROPOSED],BraTS2021_00026,24.39125,0.8447932600975037,0.22183836,0.9058098591549296,0.9194404245055475,0.8932806324110671
PP-MAE-v2 (mask-free) [PROPOSED],BraTS2021_00006,21.480503,0.7981123328208923,0.275217,0.8944399677679291,nan,nan
PP-MAE-v2 (mask-free) [PROPOSED],BraTS2021_00002,22.024822,0.7558591365814209,0.3104977,0.7626392459297343,0.0,0.0
PP-MAE-v2 (mask-free) [PROPOSED],BraTS2021_00017,23.308935,0.8234864473342896,0.2489367,0.9141072358146799,0.0,0.0
PP-MAE-v2 (mask-free) [PROPOSED],BraTS2021_00002,23.806713,0.9154680967330933,0.19017063,0.9115082201572552,0.2781806196440343,0.36272040302267
PP-MAE-v2 (mask-free) [PROPOSED],BraTS2021_00022,19.91093,0.6505897641181946,0.3931525,0.0,0.0,0.0
PP-MAE-v2 (mask-free) [PROPOSED],BraTS2021_00016,16.30921,0.6891184449195862,0.36767173,0.8489208633093526,0.4309063893016345,0.37341772151898733
PP-MAE-v2 (mask-free) [PROPOSED],BraTS2021_00024,24.932148,0.9192897081375122,0.17764077,0.9387521465369204,nan,nan
PP-MAE-v2 (mask-free) [PROPOSED],BraTS2021_00017,20.195854,0.6813294887542725,0.4310027,0.6785714285714286,nan,nan
PP-MAE-v2 (mask-free) [PROPOSED],BraTS2021_00009,23.797234,0.9107416868209839,0.19304861,0.0,nan,nan
PP-MAE-v2 (mask-free) [PROPOSED],BraTS2021_00003,18.845798,0.7263587117195129,0.48751035,0.6954148471615721,nan,nan
PP-MAE-v2 (mask-free) [PROPOSED],BraTS2021_00021,22.14149,0.6646956205368042,0.34210768,0.6281506655338431,nan,nan
PP-MAE-v2 (mask-free) [PROPOSED],BraTS2021_00024,24.293274,0.9044214487075806,0.1905481,0.9196775156763213,nan,nan
PP-MAE-v2 (mask-free) [PROPOSED],BraTS2021_00018,25.132742,0.9565858244895935,0.14620557,0.9421695402298851,0.7731745209735889,0.64926707186271
PP-MAE-v2 (mask-free) [PROPOSED],BraTS2021_00017,22.899117,0.9084568023681641,0.23749365,0.816114359974009,0.0,0.0
PP-MAE-v2 (mask-free) [PROPOSED],BraTS2021_00020,22.382374,0.8482447266578674,0.2736947,0.8356481481481481,0.4438095238095238,0.4912751677852349
PP-MAE-v2 (mask-free) [PROPOSED],BraTS2021_00008,23.191862,0.8754523396492004,0.21998225,0.8803088803088803,0.08791208791208792,0.08791208791208792
PP-MAE-v2 (mask-free) [PROPOSED],BraTS2021_00019,24.967062,0.9105877876281738,0.19123739,0.8820703548737021,0.043668122270742356,0.04987531172069826
PP-MAE-v2 (mask-free) [PROPOSED],BraTS2021_00014,18.523952,0.6772714257240295,0.5058205,0.8364779874213837,0.0,0.0
PP-MAE-v2 (mask-free) [PROPOSED],BraTS2021_00006,22.810743,0.9131818413734436,0.19599141,0.9667687956634456,0.872327428222358,0.8089260808926081
PP-MAE-v2 (mask-free) [PROPOSED],BraTS2021_00020,23.11668,0.7652713060379028,0.2859397,0.512987012987013,0.0,0.0
PP-MAE-v2 (mask-free) [PROPOSED],BraTS2021_00000,23.518002,0.8840863108634949,0.20060076,0.9332810047095761,0.9106830122591943,0.8124658283214872
PP-MAE-v2 (mask-free) [PROPOSED],BraTS2021_00025,17.732618,0.7100563049316406,0.33309355,0.7003610108303249,nan,nan
PP-MAE-v2 (mask-free) [PROPOSED],BraTS2021_00012,16.363739,0.561302125453949,0.7658422,0.5816993464052288,0.0,0.0
PP-MAE-v2 (mask-free) [PROPOSED],BraTS2021_00024,23.387224,0.8868950009346008,0.2153529,0.9138576779026217,nan,nan
PP-MAE-v2 (mask-free) [PROPOSED],BraTS2021_00005,25.025185,0.911579966545105,0.19367757,0.9446038402118737,0.8885432866770347,0.5797546012269938
PP-MAE-v2 (mask-free) [PROPOSED],BraTS2021_00005,19.591589,0.6938814520835876,0.43188715,0.8579906740144129,0.7872340425531915,0.6981740064446831
PP-MAE-v2 (mask-free) [PROPOSED],BraTS2021_00000,21.486599,0.7463359236717224,0.2956752,0.6666666666666666,0.7147766323024055,0.7079439252336449
PP-MAE-v2 (mask-free) [PROPOSED],BraTS2021_00003,26.761562,0.9300066232681274,0.16187231,0.9547920433996383,0.5036674816625917,0.6577042399172699
PP-MAE-v2 (mask-free) [PROPOSED],BraTS2021_00026,23.190247,0.7562386393547058,0.26986587,0.19932810750279956,0.12213740458015267,0.11570247933884298
PP-MAE-v2 (mask-free) [PROPOSED],BraTS2021_00024,18.613993,0.6798892021179199,0.60424334,0.4617142857142857,0.0,0.0
PP-MAE-v2 (mask-free) [PROPOSED],BraTS2021_00000,23.801497,0.893360435962677,0.19993837,0.9508547008547008,0.917246713070379,0.7912087912087912
PP-MAE-v2 (mask-free) [PROPOSED],BraTS2021_00016,17.665232,0.6967625617980957,0.33783486,0.92442322991249,0.7368421052631579,0.45925925925925926
PP-MAE-v2 (mask-free) [PROPOSED],BraTS2021_00005,23.920736,0.8840417861938477,0.2229474,0.8344213649851632,0.7350746268656716,0.521311475409836
PP-MAE-v2 (mask-free) [PROPOSED],BraTS2021_00020,22.633963,0.8489087224006653,0.28840005,0.8571428571428571,0.6449643947100712,0.6640106241699867
PP-MAE-v2 (mask-free) [PROPOSED],BraTS2021_00026,24.225067,0.8783750534057617,0.21758199,0.6944971537001897,0.785234899328859,0.7476149176062445
PP-MAE-v2 (mask-free) [PROPOSED],BraTS2021_00024,23.257782,0.9027595520019531,0.20719112,0.957345971563981,nan,nan
PP-MAE-v2 (mask-free) [PROPOSED],BraTS2021_00021,22.215918,0.6848649382591248,0.34196118,0.464954012052014,nan,nan
PP-MAE-v2 (mask-free) [PROPOSED],BraTS2021_00012,22.3139,0.9182893633842468,0.188249,0.9303320202588633,0.6412658754944827,nan
PP-MAE-v2 (mask-free) [PROPOSED],BraTS2021_00002,19.67665,0.6743340492248535,0.5117024,0.8181818181818182,nan,nan
PP-MAE-v2 (mask-free) [PROPOSED],BraTS2021_00021,26.481972,0.7600623369216919,0.20313852,0.7261904761904762,nan,nan
PP-MAE-v2 (mask-free) [PROPOSED],BraTS2021_00009,25.393122,0.9420742988586426,0.1535832,0.7121535181236673,nan,nan
PP-MAE-v2 (mask-free) [PROPOSED],BraTS2021_00021,19.797972,0.5575380921363831,0.55180514,0.7714808043875686,nan,nan
PP-MAE-v2 (mask-free) [PROPOSED],BraTS2021_00011,23.553677,0.9076070785522461,0.18189727,0.9227293267058292,0.1901840490797546,0.19607843137254902
PP-MAE-v2 (mask-free) [PROPOSED],BraTS2021_00012,21.876867,0.9132996201515198,0.19743581,0.915185007208073,0.5086376558058168,0.0
PP-MAE-v2 (mask-free) [PROPOSED],BraTS2021_00016,14.242865,0.4909968376159668,0.45249155,0.8141809290953546,nan,nan
PP-MAE-v2 (mask-free) [PROPOSED],BraTS2021_00002,25.359877,0.9427180886268616,0.16399068,0.906528719229397,0.42305407011289364,0.37669376693766937
PP-MAE-v2 (mask-free) [PROPOSED],BraTS2021_00011,19.899393,0.6616967916488647,0.34806094,0.8435114503816794,0.0,0.0
PP-MAE-v2 (mask-free) [PROPOSED],BraTS2021_00019,28.697987,0.9428215026855469,0.13074253,0.6473480857042501,nan,nan
PP-MAE-v2 (mask-free) [PROPOSED],BraTS2021_00018,25.352184,0.9524757266044617,0.14591578,0.970199203187251,0.883991683991684,0.7452800990405447
PP-MAE-v2 (mask-free) [PROPOSED],BraTS2021_00014,20.330826,0.7620565891265869,0.2813447,0.6290650406504065,0.0,0.0
PP-MAE-v2 (mask-free) [PROPOSED],BraTS2021_00012,22.7799,0.894553542137146,0.21037136,0.9480697628845777,0.5499515033947624,nan
PP-MAE-v2 (mask-free) [PROPOSED],BraTS2021_00012,18.447887,0.6961203217506409,0.42270803,0.7854984894259819,0.0,nan
PP-MAE-v2 (mask-free) [PROPOSED],BraTS2021_00021,24.35013,0.7764780521392822,0.25851825,0.2526071842410197,nan,nan
PP-MAE-v2 (mask-free) [PROPOSED],BraTS2021_00012,22.533092,0.9268752932548523,0.18307176,0.9215734180307843,0.571060541004723,0.0
PP-MAE-v2 (mask-free) [PROPOSED],BraTS2021_00011,20.991787,0.702488362789154,0.29909047,0.8267716535433071,nan,nan
PP-MAE-v2 (mask-free) [PROPOSED],BraTS2021_00011,22.703575,0.7850634455680847,0.23911166,0.9288194444444444,0.0,0.0
PP-MAE-v2 (mask-free) [PROPOSED],BraTS2021_00000,21.975946,0.8295548558235168,0.23524669,0.9061862678450034,0.8893144389122941,0.7463731865932967
PP-MAE-v2 (mask-free) [PROPOSED],BraTS2021_00025,18.309511,0.7510416507720947,0.31592107,0.22566371681415928,nan,nan
PP-MAE-v2 (mask-free) [PROPOSED],BraTS2021_00025,20.189363,0.8070517778396606,0.26764473,0.16379310344827586,0.0,0.0
PP-MAE-v2 (mask-free) [PROPOSED],BraTS2021_00018,24.509102,0.9476932883262634,0.15811704,0.9218773887784742,0.8501650165016502,0.7376943005181347
PP-MAE-v2 (mask-free) [PROPOSED],BraTS2021_00026,23.781061,0.8567399382591248,0.23084554,0.6715825297787862,0.8313609467455622,0.729903536977492
PP-MAE-v2 (mask-free) [PROPOSED],BraTS2021_00016,16.6024,0.5078959465026855,0.4776145,0.0,nan,nan
PP-MAE-v2 (mask-free) [PROPOSED],BraTS2021_00014,18.048494,0.6483458876609802,0.5461961,0.6344827586206897,0.0,0.0
PP-MAE-v2 (mask-free) [PROPOSED],BraTS2021_00017,22.947868,0.8366031050682068,0.2553177,0.9026275115919629,0.0,0.0
PP-MAE-v2 (mask-free) [PROPOSED],BraTS2021_00019,30.515795,0.9548207521438599,0.11466685,0.5981087470449172,nan,nan
PP-MAE-v2 (mask-free) [PROPOSED],BraTS2021_00021,26.424225,0.8438442349433899,0.2020574,0.7428571428571429,nan,nan
PP-MAE-v2 (mask-free) [PROPOSED],BraTS2021_00017,25.947475,0.8457933664321899,0.18470433,0.26515151515151514,nan,nan
PP-MAE-v2 (mask-free) [PROPOSED],BraTS2021_00017,20.700045,0.7219889760017395,0.35315982,0.9353348729792148,nan,nan
PP-MAE-v2 (mask-free) [PROPOSED],BraTS2021_00020,21.043074,0.8108490109443665,0.32705995,0.830379746835443,0.5979899497487438,0.441025641025641
PP-MAE-v2 (mask-free) [PROPOSED],BraTS2021_00022,23.768312,0.8976423740386963,0.19075792,0.9504105090311987,0.8721428571428571,0.7772511848341233
PP-MAE-v2 (mask-free) [PROPOSED],BraTS2021_00012,22.790014,0.9126799702644348,0.19771698,0.7655194596333226,0.4254278728606357,0.0
PP-MAE-v2 (mask-free) [PROPOSED],BraTS2021_00021,23.520935,0.7194473743438721,0.29278934,0.5804260574251312,nan,nan
PP-MAE-v2 (mask-free) [PROPOSED],BraTS2021_00011,24.098392,0.8940150737762451,0.17837386,0.9705494505494505,0.5170068027210885,0.5543071161048689
PP-MAE-v2 (mask-free) [PROPOSED],BraTS2021_00002,24.429089,0.9236822128295898,0.17945491,0.9165192214894644,0.5499144324015972,0.4708333333333333
PP-MAE-v2 (mask-free) [PROPOSED],BraTS2021_00002,24.454227,0.8498193025588989,0.21065934,0.788287339372235,0.49079754601226994,0.49079754601226994
PP-MAE-v2 (mask-free) [PROPOSED],BraTS2021_00017,20.941616,0.7305221557617188,0.34346262,0.8808426596445029,0.0,0.0
PP-MAE-v2 (mask-free) [PROPOSED],BraTS2021_00024,21.800606,0.8198040127754211,0.29232934,0.8853868194842407,0.0,0.0
PP-MAE-v2 (mask-free) [PROPOSED],BraTS2021_00019,29.101753,0.9448413252830505,0.12886019,0.6949182977195187,0.0,0.0
PP-MAE-v2 (mask-free) [PROPOSED],BraTS2021_00020,24.555635,0.8934691548347473,0.21075842,0.0106951871657754,0.0,0.0
PP-MAE-v2 (mask-free) [PROPOSED],BraTS2021_00005,23.860933,0.8921434283256531,0.21262962,0.8238222903102259,0.8765060240963856,0.5302445302445302
PP-MAE-v2 (mask-free) [PROPOSED],BraTS2021_00025,20.283794,0.7821682691574097,0.2715383,0.5138888888888888,0.0,0.0
PP-MAE-v2 (mask-free) [PROPOSED],BraTS2021_00021,26.871922,0.852895200252533,0.18978313,0.6690140845070423,nan,nan
PP-MAE-v2 (mask-free) [PROPOSED],BraTS2021_00018,25.03284,0.9544220566749573,0.14783521,0.9701517425379357,0.8564672499408844,0.6657903384817614
PP-MAE-v2 (mask-free) [PROPOSED],BraTS2021_00025,19.512058,0.7739059329032898,0.28202146,0.0,nan,nan
PP-MAE-v2 (mask-free) [PROPOSED],BraTS2021_00009,24.032043,0.9206255674362183,0.186005,nan,nan,nan
PP-MAE-v2 (mask-free) [PROPOSED],BraTS2021_00019,23.070011,0.8367943167686462,0.2651543,0.8739719937763948,0.0,0.0
PP-MAE-v2 (mask-free) [PROPOSED],BraTS2021_00000,23.242472,0.8501584529876709,0.21971974,0.8998287671232876,0.8511904761904762,0.7792056074766355
PP-MAE-v2 (mask-free) [PROPOSED],BraTS2021_00022,24.06166,0.9108388423919678,0.18429409,0.9677807889190003,0.892678034102307,0.8634237605238541
PP-MAE-v2 (mask-free) [PROPOSED],BraTS2021_00021,21.702423,0.6604846715927124,0.35440084,0.6730490281404119,0.0,0.0
PP-MAE-v2 (mask-free) [PROPOSED],BraTS2021_00026,21.47525,0.691489577293396,0.35997453,0.004123711340206186,0.006006006006006006,0.006042296072507553
PP-MAE-v2 (mask-free) [PROPOSED],BraTS2021_00022,16.643545,0.513189435005188,0.59430766,0.6179775280898876,0.0,0.0
PP-MAE-v2 (mask-free) [PROPOSED],BraTS2021_00012,20.639904,0.8343998193740845,0.2728633,0.9313561348959579,0.2008888888888889,nan
PP-MAE-v2 (mask-free) [PROPOSED],BraTS2021_00014,21.498672,0.8218802809715271,0.24977459,0.8348134991119005,0.0,0.0
PP-MAE-v2 (mask-free) [PROPOSED],BraTS2021_00012,21.902916,0.9209847450256348,0.19294728,0.9183077118536399,0.6287015945330297,0.0
PP-MAE-v2 (mask-free) [PROPOSED],BraTS2021_00026,23.799507,0.9043500423431396,0.21654817,0.7940803382663848,0.665742024965326,0.6431593794076164
PP-MAE-v2 (mask-free) [PROPOSED],BraTS2021_00014,20.544601,0.7503930330276489,0.3138159,0.7700234192037471,0.02,0.02
PP-MAE-v2 (mask-free) [PROPOSED],BraTS2021_00019,22.829445,0.814258337020874,0.28945413,0.859289971495206,0.0,0.0
PP-MAE-v2 (mask-free) [PROPOSED],BraTS2021_00002,24.718964,0.9140994548797607,0.17715347,0.9326072157930565,0.7423620611035112,0.5513245033112583
PP-MAE-v2 (mask-free) [PROPOSED],BraTS2021_00019,24.14825,0.8894826173782349,0.2104917,0.8713679912046489,0.0,0.0
PP-MAE-v2 (mask-free) [PROPOSED],BraTS2021_00002,25.178068,0.9003106951713562,0.18425114,0.9223759703003712,0.28368794326241137,0.23231256599788808
PP-MAE-v2 (mask-free) [PROPOSED],BraTS2021_00002,17.439812,0.536590576171875,0.8102125,0.6344827586206897,nan,nan
PP-MAE-v2 (mask-free) [PROPOSED],BraTS2021_00018,23.629368,0.8821096420288086,0.20595278,0.6956521739130435,0.0,0.0
PP-MAE-v2 (mask-free) [PROPOSED],BraTS2021_00022,24.654064,0.9183208346366882,0.1766852,0.960955710955711,0.7891967730620835,0.8627626285203397
PP-MAE-v2 (mask-free) [PROPOSED],BraTS2021_00003,27.832804,0.9421971440315247,0.14255391,0.9295713035870516,0.103397341211226,0.23064250411861614
PP-MAE-v2 (mask-free) [PROPOSED],BraTS2021_00014,17.342413,0.5934186577796936,0.65262616,0.70995670995671,0.0,0.0
PP-MAE-v2 (mask-free) [PROPOSED],BraTS2021_00016,14.429914,0.49343031644821167,0.4514119,0.7463026166097838,0.0,0.0
PP-MAE-v2 (mask-free) [PROPOSED],BraTS2021_00021,24.614902,0.8587069511413574,0.23738293,0.2755798090040928,0.0,0.0
PP-MAE-v2 (mask-free) [PROPOSED],BraTS2021_00019,29.184778,0.9292559623718262,0.13725573,0.348644578313253,nan,nan
PP-MAE-v2 (mask-free) [PROPOSED],BraTS2021_00024,17.059986,0.5693550109863281,0.7873627,0.0,0.0,0.0
PP-MAE-v2 (mask-free) [PROPOSED],BraTS2021_00019,24.256832,0.8919889330863953,0.21148054,0.9417937366781439,0.0587515299877601,0.06713286713286713
PP-MAE-v2 (mask-free) [PROPOSED],BraTS2021_00026,24.414337,0.8932123184204102,0.21165445,0.42159383033419023,0.7732342007434945,0.7413127413127413
PP-MAE-v2 (mask-free) [PROPOSED],BraTS2021_00022,24.571625,0.9154079556465149,0.17338853,0.9503707929264119,0.8920245398773006,0.8532110091743119
PP-MAE-v2 (mask-free) [PROPOSED],BraTS2021_00020,23.310284,0.8144041895866394,0.27239633,0.8193979933110368,0.7655310621242485,0.7730061349693251
PP-MAE-v2 (mask-free) [PROPOSED],BraTS2021_00012,23.10548,0.9309438467025757,0.17311181,0.9159986057859881,0.562252346193952,0.0
PP-MAE-v2 (mask-free) [PROPOSED],BraTS2021_00025,20.672548,0.7557886242866516,0.2711828,0.5198776758409785,0.0,0.0
PP-MAE-v2 (mask-free) [PROPOSED],BraTS2021_00002,24.061968,0.8665117621421814,0.21430767,0.7949138638228056,0.0,0.0
PP-MAE-v2 (mask-free) [PROPOSED],BraTS2021_00025,19.150606,0.7633519768714905,0.296215,0.2972972972972973,0.0,0.0
PP-MAE-v2 (mask-free) [PROPOSED],BraTS2021_00011,23.41698,0.8386364579200745,0.20027603,0.9421593830334191,0.0,0.0
PP-MAE-v2 (mask-free) [PROPOSED],BraTS2021_00003,21.129993,0.8019890189170837,0.3359963,0.8117482517482517,0.0,0.0
PP-MAE-v2 (mask-free) [PROPOSED],BraTS2021_00025,18.39687,0.7135424017906189,0.32145837,0.15444015444015444,nan,nan
PP-MAE-v2 (mask-free) [PROPOSED],BraTS2021_00008,22.656513,0.8412379622459412,0.24040411,0.6736526946107785,0.012903225806451613,0.012903225806451613
PP-MAE-v2 (mask-free) [PROPOSED],BraTS2021_00018,24.421635,0.9277893900871277,0.16566162,0.9686995805098418,0.6634121274409044,0.5444695259593679
PP-MAE-v2 (mask-free) [PROPOSED],BraTS2021_00019,21.721441,0.7778668403625488,0.35568672,0.7290244881573665,nan,nan
PP-MAE-v2 (mask-free) [PROPOSED],BraTS2021_00020,23.510294,0.893212080001831,0.23594655,0.8818443804034583,0.6876971608832808,0.6187624750499002
PP-MAE-v2 (mask-free) [PROPOSED],BraTS2021_00017,23.773315,0.9093443155288696,0.20837934,0.8489646772228989,0.0,0.0
PP-MAE-v2 (mask-free) [PROPOSED],BraTS2021_00008,25.429077,0.887773334980011,0.17627762,0.897196261682243,0.0,0.0
PP-MAE-v2 (mask-free) [PROPOSED],BraTS2021_00003,25.99862,0.9193328619003296,0.1701062,0.9178921568627451,0.09721229449606862,0.19373219373219372
PP-MAE-v2 (mask-free) [PROPOSED],BraTS2021_00022,22.878626,0.818291962146759,0.2256554,0.9093137254901961,0.7950052029136316,0.7950052029136316
PP-MAE-v2 (mask-free) [PROPOSED],BraTS2021_00017,24.1731,0.909644603729248,0.20645612,0.9191270860077022,0.0,0.0
PP-MAE-v1 (mask-gated),BraTS2021_00020,26.88456,0.9489771127700806,0.15874842,0.0,nan,nan
PP-MAE-v1 (mask-gated),BraTS2021_00022,26.182878,0.920300304889679,0.15690477,0.913062862238074,0.8182273410115173,0.7963118189438391
PP-MAE-v1 (mask-gated),BraTS2021_00005,27.286446,0.9571842551231384,0.15145355,0.7788895428683539,0.9603960396039604,0.8627858627858628
PP-MAE-v1 (mask-gated),BraTS2021_00017,28.711815,0.9648256301879883,0.121521875,0.9242788461538461,nan,nan
PP-MAE-v1 (mask-gated),BraTS2021_00005,27.133762,0.9546630382537842,0.14972085,0.6687827328995397,0.9425511197663097,0.8349514563106796
PP-MAE-v1 (mask-gated),BraTS2021_00000,26.29548,0.9373485445976257,0.14230864,0.9611576542269612,0.9525862068965517,0.8448844884488449
PP-MAE-v1 (mask-gated),BraTS2021_00006,27.984425,0.97493577003479,0.10958647,0.9764453961456103,0.9312022237665045,0.9098837209302325
PP-MAE-v1 (mask-gated),BraTS2021_00009,24.959259,0.9452373385429382,0.16298562,0.0,0.0,0.0
PP-MAE-v1 (mask-gated),BraTS2021_00006,28.412373,0.9764449000358582,0.106213145,0.9751434034416826,0.9311334289813487,0.8865671641791045
PP-MAE-v1 (mask-gated),BraTS2021_00022,24.128935,0.8854196071624756,0.19339344,0.924645390070922,0.8277777777777777,0.8277777777777777
PP-MAE-v1 (mask-gated),BraTS2021_00018,27.098064,0.9644381999969482,0.121697076,0.9846683354192741,0.9376927822331894,0.8683631793905121
PP-MAE-v1 (mask-gated),BraTS2021_00025,26.456467,0.9612416625022888,0.12339724,0.0,nan,nan
PP-MAE-v1 (mask-gated),BraTS2021_00012,28.259222,0.9753379821777344,0.1070031,0.9531116794543905,0.7772743116068317,0.0
PP-MAE-v1 (mask-gated),BraTS2021_00000,24.684456,0.9011199474334717,0.19847476,0.8545059717698155,0.9296482412060302,0.8899082568807339
PP-MAE-v1 (mask-gated),BraTS2021_00006,29.268345,0.9831224083900452,0.10527613,0.9551515151515152,nan,nan
PP-MAE-v1 (mask-gated),BraTS2021_00018,26.341331,0.9377841949462891,0.15864216,0.5899814471243042,nan,nan
PP-MAE-v1 (mask-gated),BraTS2021_00008,24.525738,0.9021967649459839,0.18604112,0.7141316073354909,nan,nan
PP-MAE-v1 (mask-gated),BraTS2021_00009,25.696194,0.9597455263137817,0.14400384,0.49324077457069787,0.6907216494845361,0.7558139534883721
PP-MAE-v1 (mask-gated),BraTS2021_00012,25.663488,0.9576396346092224,0.17347358,0.9658153241650295,0.0,nan
PP-MAE-v1 (mask-gated),BraTS2021_00003,26.496445,0.9472696185112,0.17336506,0.8212747631352283,0.92578125,0.92578125
PP-MAE-v1 (mask-gated),BraTS2021_00024,26.382656,0.9564803838729858,0.17393222,0.9427816901408451,0.6837606837606838,0.6837606837606838
PP-MAE-v1 (mask-gated),BraTS2021_00019,31.55167,0.9721316695213318,0.10372482,0.23385034941196522,nan,nan
PP-MAE-v1 (mask-gated),BraTS2021_00000,25.751469,0.9093610048294067,0.16821729,0.9528222409435552,0.9609477841158403,0.8663926002055499
PP-MAE-v1 (mask-gated),BraTS2021_00022,26.546345,0.9190578460693359,0.14989401,0.915862986365148,0.9298597194388778,0.9298597194388778
PP-MAE-v1 (mask-gated),BraTS2021_00011,26.95181,0.9142159819602966,0.14150815,0.9323432343234324,0.0,0.0
PP-MAE-v1 (mask-gated),BraTS2021_00021,27.959427,0.8926020264625549,0.16987333,0.6005586592178771,nan,nan
PP-MAE-v1 (mask-gated),BraTS2021_00026,28.283829,0.9652653932571411,0.12770596,0.7621722846441947,0.8888888888888888,0.8710550045085663
PP-MAE-v1 (mask-gated),BraTS2021_00009,25.156902,0.9516046643257141,0.15590037,0.0,nan,nan
PP-MAE-v1 (mask-gated),BraTS2021_00024,25.317303,0.9443233013153076,0.24739698,0.7442572741194488,0.6179775280898876,0.650887573964497
PP-MAE-v1 (mask-gated),BraTS2021_00016,24.959934,0.9596127867698669,0.13823248,0.9188337273443656,0.9260869565217391,0.7373913043478261
PP-MAE-v1 (mask-gated),BraTS2021_00020,25.720518,0.9282771944999695,0.19516061,0.9321340964840557,0.5851851851851851,0.8390804597701149
PP-MAE-v1 (mask-gated),BraTS2021_00000,25.964806,0.9334174990653992,0.15288691,0.9396782841823056,0.9463113171108536,0.8545673076923077
PP-MAE-v1 (mask-gated),BraTS2021_00000,27.652075,0.9613764882087708,0.123457864,0.8142981691368788,0.926829268292683,0.926829268292683
PP-MAE-v1 (mask-gated),BraTS2021_00026,24.658888,0.844336211681366,0.2325228,0.7478632478632479,0.8165829145728644,0.809102402022756
PP-MAE-v1 (mask-gated),BraTS2021_00005,26.667978,0.9453064799308777,0.16543925,0.6898839137645107,0.9389865563598759,0.8168701442841287
PP-MAE-v1 (mask-gated),BraTS2021_00019,26.616919,0.9413138031959534,0.17413366,0.762059444534676,0.1468682505399568,0.19540229885057472
PP-MAE-v1 (mask-gated),BraTS2021_00005,27.405216,0.9580444097518921,0.13738042,0.7421989528795812,0.9492574257425742,0.799373040752351
PP-MAE-v1 (mask-gated),BraTS2021_00003,26.17942,0.9492425322532654,0.19365647,0.6900256949310909,nan,nan
PP-MAE-v1 (mask-gated),BraTS2021_00021,27.45405,0.9110952615737915,0.17139873,0.7742561448900388,0.2962962962962963,0.32558139534883723
PP-MAE-v1 (mask-gated),BraTS2021_00025,25.622692,0.9593648314476013,0.13429329,0.0,nan,nan
PP-MAE-v1 (mask-gated),BraTS2021_00003,27.7862,0.9618057608604431,0.1403331,0.8111014744145707,0.9333333333333333,0.9016522423288749
PP-MAE-v1 (mask-gated),BraTS2021_00011,28.06444,0.946203887462616,0.11340235,0.9811142587346553,0.793733681462141,0.8206521739130435
PP-MAE-v1 (mask-gated),BraTS2021_00011,28.135424,0.9580860137939453,0.10794262,0.9806338028169014,0.75177304964539,0.7589498806682577
PP-MAE-v1 (mask-gated),BraTS2021_00019,28.99287,0.9716042280197144,0.118073806,0.8006075669704501,0.35522388059701493,0.39144736842105265
PP-MAE-v1 (mask-gated),BraTS2021_00017,28.141737,0.9549984335899353,0.12988418,0.8739326971371171,nan,nan
PP-MAE-v1 (mask-gated),BraTS2021_00006,25.694445,0.9446534514427185,0.17545554,0.7534246575342466,nan,nan
PP-MAE-v1 (mask-gated),BraTS2021_00000,26.525227,0.9439563155174255,0.14058185,0.8788530465949821,0.8740458015267175,0.8565891472868217
PP-MAE-v1 (mask-gated),BraTS2021_00019,27.279625,0.9414831399917603,0.19648582,0.4160166406656266,nan,nan
PP-MAE-v1 (mask-gated),BraTS2021_00017,27.817886,0.9506379961967468,0.14087881,0.8336673346693386,nan,nan
PP-MAE-v1 (mask-gated),BraTS2021_00014,25.157225,0.9428716897964478,0.1648168,0.30113636363636365,nan,nan
PP-MAE-v1 (mask-gated),BraTS2021_00011,28.118183,0.9380544424057007,0.118450455,0.9823499747856783,0.5445026178010471,0.5761772853185596
PP-MAE-v1 (mask-gated),BraTS2021_00002,27.795948,0.9540853500366211,0.12972337,0.942230542925916,0.7167848699763594,0.7699757869249395
PP-MAE-v1 (mask-gated),BraTS2021_00009,25.003372,0.9493710994720459,0.16573876,0.0,0.0,0.0
PP-MAE-v1 (mask-gated),BraTS2021_00009,25.820114,0.9542595744132996,0.14581244,0.6912209889001009,0.5178947368421053,0.5055928411633109
PP-MAE-v1 (mask-gated),BraTS2021_00022,26.289146,0.9073036313056946,0.15034297,0.9155115511551155,0.8964955175224124,0.8964955175224124
PP-MAE-v1 (mask-gated),BraTS2021_00019,29.776619,0.9702451229095459,0.11030327,0.7816929931146213,nan,nan
PP-MAE-v1 (mask-gated),BraTS2021_00006,27.24617,0.9636082649230957,0.13379677,0.9628498727735368,0.9312638580931264,0.908675799086758
PP-MAE-v1 (mask-gated),BraTS2021_00012,26.690464,0.9731987118721008,0.1122868,0.9319005696530295,0.6117798796216681,0.0
PP-MAE-v1 (mask-gated),BraTS2021_00024,24.842342,0.9121793508529663,0.3455389,0.0,0.0,0.0
PP-MAE-v1 (mask-gated),BraTS2021_00012,28.235262,0.9786695241928101,0.10067703,0.9657784390639794,0.656734569778048,0.0
PP-MAE-v1 (mask-gated),BraTS2021_00016,23.427383,0.9260634779930115,0.19666785,0.0,nan,nan
PP-MAE-v1 (mask-gated),BraTS2021_00012,25.502846,0.9555055499076843,0.19420192,0.9663330300272975,0.0,nan
PP-MAE-v1 (mask-gated),BraTS2021_00011,27.674473,0.963388979434967,0.11181495,0.9658986175115207,0.582716049382716,0.582716049382716
PP-MAE-v1 (mask-gated),BraTS2021_00020,26.849731,0.951333224773407,0.15806171,0.8772504091653028,0.7241379310344828,0.7241379310344828
PP-MAE-v1 (mask-gated),BraTS2021_00018,27.248962,0.9658482670783997,0.12089349,0.9846882399368587,0.8949252474205096,0.817184070241455
PP-MAE-v1 (mask-gated),BraTS2021_00024,29.299206,0.9743709564208984,0.106416024,0.9385687143761875,nan,nan
PP-MAE-v1 (mask-gated),BraTS2021_00009,25.218971,0.9468045830726624,0.15622796,0.0,nan,nan
PP-MAE-v1 (mask-gated),BraTS2021_00017,29.072283,0.939893364906311,0.1253786,0.7433460076045627,nan,nan
PP-MAE-v1 (mask-gated),BraTS2021_00014,24.412514,0.9062886834144592,0.1821184,0.8949447077409163,0.5591397849462365,0.5591397849462365
PP-MAE-v1 (mask-gated),BraTS2021_00022,23.265682,0.8937409520149231,0.22083549,0.9158110882956879,nan,nan
PP-MAE-v1 (mask-gated),BraTS2021_00022,25.95586,0.9206579923629761,0.15159601,0.903204047217538,0.9059474412171508,0.9059474412171508
PP-MAE-v1 (mask-gated),BraTS2021_00025,26.647932,0.9560179114341736,0.12595125,0.019417475728155338,nan,nan
PP-MAE-v1 (mask-gated),BraTS2021_00022,24.973633,0.8835480809211731,0.19923127,0.9203539823008849,0.755741127348643,0.755741127348643
PP-MAE-v1 (mask-gated),BraTS2021_00009,26.02095,0.9617030620574951,0.14018585,0.37468354430379747,nan,nan
PP-MAE-v1 (mask-gated),BraTS2021_00011,27.08937,0.9321164488792419,0.13596918,0.9664650907091809,0.0,0.0
PP-MAE-v1 (mask-gated),BraTS2021_00021,25.105436,0.8443930745124817,0.25039342,0.7600288253663223,0.0,0.0
PP-MAE-v1 (mask-gated),BraTS2021_00017,25.57988,0.9204689264297485,0.19338942,0.9675052410901468,nan,nan
PP-MAE-v1 (mask-gated),BraTS2021_00003,26.03178,0.94295334815979,0.19967318,0.0,0.0,0.0
PP-MAE-v1 (mask-gated),BraTS2021_00011,26.581451,0.9246819615364075,0.13356781,0.9764150943396226,0.625,0.625
PP-MAE-v1 (mask-gated),BraTS2021_00022,23.539257,0.844879686832428,0.25559002,0.0,0.0,0.0
PP-MAE-v1 (mask-gated),BraTS2021_00003,27.896072,0.9656574130058289,0.13951634,0.7739852398523985,0.9256198347107438,0.882786336235767
PP-MAE-v1 (mask-gated),BraTS2021_00025,27.404022,0.97141432762146,0.10941708,0.08849557522123894,nan,nan
PP-MAE-v1 (mask-gated),BraTS2021_00022,26.813732,0.9210772514343262,0.14019996,0.8689396309039725,0.8461538461538461,0.8461538461538461
PP-MAE-v1 (mask-gated),BraTS2021_00022,21.623543,0.8807429671287537,0.3363977,0.49740932642487046,nan,nan
PP-MAE-v1 (mask-gated),BraTS2021_00026,27.66405,0.94411301612854,0.14513206,0.7627397260273973,0.8421052631578947,0.8113948919449901
PP-MAE-v1 (mask-gated),BraTS2021_00017,28.266115,0.9693902730941772,0.12234136,0.8562644119907763,nan,nan
PP-MAE-v1 (mask-gated),BraTS2021_00021,27.572796,0.9054883718490601,0.17276531,0.8094024355706598,0.4541832669322709,0.46953937592867756
PP-MAE-v1 (mask-gated),BraTS2021_00012,27.089615,0.9757605195045471,0.10814431,0.9330179282868526,0.4734543783038382,nan
PP-MAE-v1 (mask-gated),BraTS2021_00016,24.27031,0.9448557496070862,0.16735257,0.0,nan,nan
PP-MAE-v1 (mask-gated),BraTS2021_00000,24.570467,0.895538330078125,0.22351547,0.564638783269962,0.8650646950092421,0.8650646950092421
PP-MAE-v1 (mask-gated),BraTS2021_00016,24.161636,0.9487953782081604,0.16117284,0.7293868921775899,0.8520710059171598,0.8242424242424242
PP-MAE-v1 (mask-gated),BraTS2021_00018,25.509815,0.9416247010231018,0.18910614,0.8920962199312715,0.49951783992285437,0.46789989118607184
PP-MAE-v1 (mask-gated),BraTS2021_00003,28.52314,0.9684796333312988,0.12529425,0.8059465443618535,0.918429003021148,0.8905109489051095
PP-MAE-v1 (mask-gated),BraTS2021_00003,25.997908,0.945876955986023,0.18821794,0.6724593879863997,0.896969696969697,0.896969696969697
PP-MAE-v1 (mask-gated),BraTS2021_00006,29.11514,0.9821275472640991,0.101681404,0.9699570815450643,0.934560327198364,0.9147005444646098
PP-MAE-v1 (mask-gated),BraTS2021_00016,25.428726,0.9655886292457581,0.13004576,0.9176029962546817,0.942008486562942,0.8356643356643356
PP-MAE-v1 (mask-gated),BraTS2021_00006,28.57704,0.9767316579818726,0.10832311,0.9719181342217992,0.9465550547327752,0.9081364829396326
PP-MAE-v1 (mask-gated),BraTS2021_00006,27.406054,0.9720811247825623,0.11604313,0.9718100890207715,0.9114414996767938,0.9047619047619048
PP-MAE-v1 (mask-gated),BraTS2021_00016,24.753036,0.9614055156707764,0.14174625,0.8398406374501992,0.8952879581151832,0.7361419068736141
PP-MAE-v1 (mask-gated),BraTS2021_00014,24.57566,0.9064379334449768,0.1828323,0.8521284540702017,0.46938775510204084,0.46938775510204084
PP-MAE-v1 (mask-gated),BraTS2021_00014,25.069992,0.9170070290565491,0.17479375,0.8569144684252598,0.2011173184357542,0.2011173184357542
PP-MAE-v1 (mask-gated),BraTS2021_00014,26.594603,0.9479239583015442,0.27051276,0.6133909287257019,nan,nan
PP-MAE-v1 (mask-gated),BraTS2021_00026,27.824413,0.9357688426971436,0.14974158,0.9383354894351014,0.957273163706193,0.9321533923303835
PP-MAE-v1 (mask-gated),BraTS2021_00006,28.349579,0.9756258130073547,0.12043515,0.9032258064516129,nan,nan
PP-MAE-v1 (mask-gated),BraTS2021_00002,25.217493,0.8898300528526306,0.21871845,0.7697341513292434,nan,nan
PP-MAE-v1 (mask-gated),BraTS2021_00017,26.646368,0.9332433938980103,0.17000505,0.9331908070550508,0.0,0.0
PP-MAE-v1 (mask-gated),BraTS2021_00002,27.041674,0.9510101675987244,0.1324027,0.949267498643516,0.6908919301557338,0.7937984496124031
PP-MAE-v1 (mask-gated),BraTS2021_00022,23.445206,0.873701810836792,0.26603234,0.0,0.0,0.0
PP-MAE-v1 (mask-gated),BraTS2021_00016,25.648993,0.9693936109542847,0.12443181,0.8682170542635659,0.881159420289855,0.8338368580060423
PP-MAE-v1 (mask-gated),BraTS2021_00024,27.9492,0.9711767435073853,0.12221164,0.9550865800865801,nan,nan
PP-MAE-v1 (mask-gated),BraTS2021_00017,25.19807,0.9102456569671631,0.24010086,0.4701653486700216,0.0,0.0
PP-MAE-v1 (mask-gated),BraTS2021_00009,24.927328,0.9507328271865845,0.16297626,0.0,nan,nan
PP-MAE-v1 (mask-gated),BraTS2021_00003,24.41069,0.9350519180297852,0.25641537,0.6598517761308459,nan,nan
PP-MAE-v1 (mask-gated),BraTS2021_00021,25.587646,0.8336430788040161,0.23598777,0.8313349320543565,0.0,0.0
PP-MAE-v1 (mask-gated),BraTS2021_00024,27.798903,0.9654346108436584,0.12513523,0.9356103023516238,0.0,nan
PP-MAE-v1 (mask-gated),BraTS2021_00018,26.109768,0.9637640118598938,0.13202514,0.9528508771929824,0.8593091828138163,0.7478260869565218
PP-MAE-v1 (mask-gated),BraTS2021_00017,28.682604,0.9718164801597595,0.1224826,0.9329359165424739,nan,nan
PP-MAE-v1 (mask-gated),BraTS2021_00020,25.965796,0.9312477707862854,0.17927273,0.9007724301841948,0.32967032967032966,0.6122448979591837
PP-MAE-v1 (mask-gated),BraTS2021_00008,26.638529,0.9292062520980835,0.14955917,0.9258028792912514,0.0,0.0
PP-MAE-v1 (mask-gated),BraTS2021_00019,28.765514,0.9661062955856323,0.12627625,0.8465530022238695,0.5383360522022839,0.5863309352517986
PP-MAE-v1 (mask-gated),BraTS2021_00014,23.769676,0.9298107624053955,0.26362544,0.8215661103979461,0.0,0.0
PP-MAE-v1 (mask-gated),BraTS2021_00006,28.164112,0.9760239720344543,0.10837401,0.9714422846172306,0.8508522727272727,0.9
PP-MAE-v1 (mask-gated),BraTS2021_00020,24.221405,0.8484325408935547,0.2535453,0.0,nan,nan
PP-MAE-v1 (mask-gated),BraTS2021_00000,26.437374,0.9393442869186401,0.14200914,0.9418650019508389,0.9460806524694155,0.8558855885588559
PP-MAE-v1 (mask-gated),BraTS2021_00025,27.037907,0.9667556881904602,0.11524299,0.7958477508650519,nan,nan
PP-MAE-v1 (mask-gated),BraTS2021_00012,25.999758,0.951771080493927,0.2386139,0.8986125933831377,nan,nan
PP-MAE-v1 (mask-gated),BraTS2021_00024,27.10339,0.9576296210289001,0.14235182,0.9438135086670651,0.0,nan
PP-MAE-v1 (mask-gated),BraTS2021_00005,28.546581,0.9650847315788269,0.12153111,0.6774841600989028,0.9384469696969697,0.787350054525627
PP-MAE-v1 (mask-gated),BraTS2021_00005,24.904442,0.9226945638656616,0.22699723,0.46923076923076923,0.8839966130397968,0.8433497536945813
PP-MAE-v1 (mask-gated),BraTS2021_00000,24.838528,0.9009904265403748,0.20115389,0.7132867132867133,0.9383145091225021,0.9223985890652557
PP-MAE-v1 (mask-gated),BraTS2021_00003,27.255367,0.9631228446960449,0.15685937,0.9125,0.7977890373099954,0.7810945273631841
PP-MAE-v1 (mask-gated),BraTS2021_00026,26.21843,0.8824576139450073,0.18722166,0.683046683046683,0.7364016736401674,0.7328918322295805
PP-MAE-v1 (mask-gated),BraTS2021_00024,26.398018,0.9504591226577759,0.24146935,0.5087483176312247,0.4,0.4
PP-MAE-v1 (mask-gated),BraTS2021_00000,26.031675,0.9418322443962097,0.14999552,0.9040185984722684,0.9373567608861727,0.8493150684931506
PP-MAE-v1 (mask-gated),BraTS2021_00016,24.918402,0.9537994861602783,0.14834106,0.7555147058823529,0.8925619834710744,0.7893333333333333
PP-MAE-v1 (mask-gated),BraTS2021_00005,27.363813,0.9509004950523376,0.14916806,0.7402938090241343,0.9121447028423773,0.7788018433179723
PP-MAE-v1 (mask-gated),BraTS2021_00020,25.48698,0.9167460203170776,0.20882301,0.9426987060998152,0.7061728395061728,0.858603066439523
PP-MAE-v1 (mask-gated),BraTS2021_00026,28.101828,0.9501948952674866,0.13612519,0.7481840193704601,0.8505747126436781,0.8211243611584327
PP-MAE-v1 (mask-gated),BraTS2021_00024,27.73626,0.9697620272636414,0.1278815,0.96147495872317,nan,nan
PP-MAE-v1 (mask-gated),BraTS2021_00021,24.09797,0.8192322254180908,0.27633914,0.8437365475678003,0.0,0.0
PP-MAE-v1 (mask-gated),BraTS2021_00012,27.202633,0.9755089282989502,0.107364774,0.9500339136332806,0.7006625175667537,0.0
PP-MAE-v1 (mask-gated),BraTS2021_00002,24.658737,0.9106585383415222,0.28828484,0.6202052944354403,nan,nan
PP-MAE-v1 (mask-gated),BraTS2021_00021,25.619347,0.8954759240150452,0.22487102,0.7052631578947368,nan,nan
PP-MAE-v1 (mask-gated),BraTS2021_00009,26.612457,0.9654847383499146,0.12919538,0.32142857142857145,0.0,0.0
PP-MAE-v1 (mask-gated),BraTS2021_00021,24.022614,0.8287010788917542,0.32878116,0.8162327718223583,nan,nan
PP-MAE-v1 (mask-gated),BraTS2021_00011,26.844168,0.9547673463821411,0.122949995,0.9802176063303659,0.810126582278481,0.810126582278481
PP-MAE-v1 (mask-gated),BraTS2021_00012,27.834341,0.9785569310188293,0.10214139,0.930550557754588,0.37992315081652256,0.0
PP-MAE-v1 (mask-gated),BraTS2021_00016,26.030666,0.9743131995201111,0.11943085,0.0,nan,nan
PP-MAE-v1 (mask-gated),BraTS2021_00002,28.478586,0.9695806503295898,0.11567242,0.9352703199705774,0.9072781655034895,0.8795580110497238
PP-MAE-v1 (mask-gated),BraTS2021_00011,24.722553,0.897648811340332,0.20626864,0.8853932584269663,0.0,0.0
PP-MAE-v1 (mask-gated),BraTS2021_00019,31.836445,0.9758626818656921,0.091323934,0.5614662494412159,nan,nan
PP-MAE-v1 (mask-gated),BraTS2021_00018,26.815546,0.9671887755393982,0.121788256,0.9740998104864181,0.9241862381540997,0.8479373682625715
PP-MAE-v1 (mask-gated),BraTS2021_00014,25.791355,0.9376517534255981,0.15078007,0.8305673485140872,0.5161290322580645,0.5161290322580645
PP-MAE-v1 (mask-gated),BraTS2021_00012,27.620619,0.9726024866104126,0.11675079,0.9637474541751527,0.7074157303370786,0.0
PP-MAE-v1 (mask-gated),BraTS2021_00012,25.613613,0.9585739970207214,0.18003239,0.9631181894383906,0.0,nan
PP-MAE-v1 (mask-gated),BraTS2021_00021,27.497944,0.9013145565986633,0.17613229,0.8130636119912259,nan,nan
PP-MAE-v1 (mask-gated),BraTS2021_00012,27.194271,0.9758617281913757,0.10802041,0.9371428571428572,0.4450704225352113,0.0
PP-MAE-v1 (mask-gated),BraTS2021_00011,25.47071,0.9069713950157166,0.1773203,0.9394618834080718,0.0,0.0
PP-MAE-v1 (mask-gated),BraTS2021_00011,23.967016,0.8353325128555298,0.20483851,0.9653333333333334,0.0,0.0
PP-MAE-v1 (mask-gated),BraTS2021_00000,26.387566,0.94074946641922,0.14493918,0.9490445859872612,0.9478710704337445,0.8434925864909391
PP-MAE-v1 (mask-gated),BraTS2021_00025,28.343363,0.9771962761878967,0.09672976,0.3125,nan,nan
PP-MAE-v1 (mask-gated),BraTS2021_00025,27.120285,0.9605844616889954,0.123384826,0.0,nan,nan
PP-MAE-v1 (mask-gated),BraTS2021_00018,26.921806,0.9692994952201843,0.118924566,0.9724261706640561,0.8995391705069125,0.8159588159588159
PP-MAE-v1 (mask-gated),BraTS2021_00026,27.492188,0.9402961730957031,0.1496923,0.8257613579630554,0.8982943777637398,0.8176271186440678
PP-MAE-v1 (mask-gated),BraTS2021_00016,23.77468,0.9432229399681091,0.19814846,0.0,nan,nan
PP-MAE-v1 (mask-gated),BraTS2021_00014,24.25249,0.9369866251945496,0.26018748,0.7703795892968264,0.0,0.0
PP-MAE-v1 (mask-gated),BraTS2021_00017,27.523794,0.9357939958572388,0.15042908,0.9476006618863761,0.0,0.0
PP-MAE-v1 (mask-gated),BraTS2021_00019,32.863907,0.9790138006210327,0.08288454,0.3779059604964167,nan,nan
PP-MAE-v1 (mask-gated),BraTS2021_00021,27.669071,0.9143801331520081,0.1737237,0.7593984962406015,nan,nan
PP-MAE-v1 (mask-gated),BraTS2021_00017,28.734396,0.9190773367881775,0.13254334,0.2743682310469314,nan,nan
PP-MAE-v1 (mask-gated),BraTS2021_00017,26.12098,0.908414363861084,0.19347355,0.5622183708838822,nan,nan
PP-MAE-v1 (mask-gated),BraTS2021_00020,25.45862,0.9276650547981262,0.19907959,0.9129480614484272,0.38472418670438474,0.8115015974440895
PP-MAE-v1 (mask-gated),BraTS2021_00022,26.38234,0.9349496960639954,0.14392692,0.9838492597577388,0.7996794871794872,0.8223116733755031
PP-MAE-v1 (mask-gated),BraTS2021_00012,27.568165,0.9750475883483887,0.11249999,0.9266862170087976,0.23551401869158878,nan
PP-MAE-v1 (mask-gated),BraTS2021_00021,26.317995,0.8530614972114563,0.20828128,0.7839410395655547,0.0,0.0
PP-MAE-v1 (mask-gated),BraTS2021_00011,28.148756,0.9533172845840454,0.11014786,0.9755213055303718,0.7164179104477612,0.7136752136752137
PP-MAE-v1 (mask-gated),BraTS2021_00002,27.088144,0.9548833966255188,0.13092566,0.9354935493549354,0.7755851307939422,0.8013986013986014
PP-MAE-v1 (mask-gated),BraTS2021_00002,27.11274,0.9202664494514465,0.1604287,0.8693300041614649,0.6838235294117647,0.6838235294117647
PP-MAE-v1 (mask-gated),BraTS2021_00017,25.647179,0.9086352586746216,0.20442446,0.6166666666666667,nan,nan
PP-MAE-v1 (mask-gated),BraTS2021_00024,26.31632,0.9556260108947754,0.17903858,0.905446623093682,0.7375886524822695,0.7375886524822695
PP-MAE-v1 (mask-gated),BraTS2021_00019,31.068699,0.9743529558181763,0.097961105,0.6537422532973145,nan,nan
PP-MAE-v1 (mask-gated),BraTS2021_00020,26.979055,0.9489043354988098,0.15775539,0.0,nan,nan
PP-MAE-v1 (mask-gated),BraTS2021_00005,27.877491,0.9638829827308655,0.14038435,0.6650261458012919,0.9410043881033642,0.8579492003762935
PP-MAE-v1 (mask-gated),BraTS2021_00025,26.212948,0.9460331201553345,0.13529323,0.032520325203252036,nan,nan
PP-MAE-v1 (mask-gated),BraTS2021_00021,23.530674,0.8873358964920044,0.2831707,0.8058608058608059,nan,nan
PP-MAE-v1 (mask-gated),BraTS2021_00018,26.58878,0.9666315913200378,0.12615263,0.9706331692412155,0.9096018735362997,0.8045751633986928
PP-MAE-v1 (mask-gated),BraTS2021_00025,26.905354,0.9569318294525146,0.124929145,0.0,nan,nan
PP-MAE-v1 (mask-gated),BraTS2021_00009,25.071451,0.9510504007339478,0.16387345,0.0,nan,nan
PP-MAE-v1 (mask-gated),BraTS2021_00019,27.732363,0.9505921602249146,0.1549666,0.7153101470060954,0.01486988847583643,0.017937219730941704
PP-MAE-v1 (mask-gated),BraTS2021_00000,25.584267,0.9238830208778381,0.16588537,0.9299158990788947,0.9549393414211439,0.8550573514077163
PP-MAE-v1 (mask-gated),BraTS2021_00022,27.610912,0.9533570408821106,0.1232529,0.9571553482949577,0.8309114927344782,0.8668941979522184
PP-MAE-v1 (mask-gated),BraTS2021_00021,26.928352,0.8686519265174866,0.1961907,0.8103114930182599,0.0,0.0
PP-MAE-v1 (mask-gated),BraTS2021_00026,25.096745,0.8917124271392822,0.23202685,0.6518105849582173,0.8176991150442477,0.8134991119005328
PP-MAE-v1 (mask-gated),BraTS2021_00022,22.105087,0.8911705017089844,0.3107765,0.7655172413793103,nan,nan
PP-MAE-v1 (mask-gated),BraTS2021_00012,26.736605,0.9667620658874512,0.13453664,0.9611895161290323,0.3974358974358974,nan
PP-MAE-v1 (mask-gated),BraTS2021_00014,25.51077,0.9302231073379517,0.16213873,0.8679245283018868,nan,nan
PP-MAE-v1 (mask-gated),BraTS2021_00012,27.06664,0.9749111533164978,0.1087354,0.9343570057581574,0.502176403207331,0.0
PP-MAE-v1 (mask-gated),BraTS2021_00026,28.166481,0.9618596434593201,0.13213812,0.7597864768683275,0.8258967629046369,0.8007149240393209
PP-MAE-v1 (mask-gated),BraTS2021_00014,24.476625,0.9213958382606506,0.20340183,0.8716623600344531,0.0,0.0
PP-MAE-v1 (mask-gated),BraTS2021_00019,27.105614,0.945608377456665,0.17413987,0.6802070888092393,0.0,0.0
PP-MAE-v1 (mask-gated),BraTS2021_00002,27.544708,0.9551311731338501,0.12884969,0.9460140602201883,0.7225177304964538,0.7540983606557377
PP-MAE-v1 (mask-gated),BraTS2021_00019,29.31696,0.9701495170593262,0.11658212,0.8229517396184063,0.174496644295302,0.174496644295302
PP-MAE-v1 (mask-gated),BraTS2021_00002,27.247997,0.9308733940124512,0.14639433,0.9593657086223984,0.7401215805471124,0.7272727272727273
PP-MAE-v1 (mask-gated),BraTS2021_00002,25.41889,0.9135345220565796,0.326564,0.7180192572214581,nan,nan
PP-MAE-v1 (mask-gated),BraTS2021_00018,27.203087,0.9495755434036255,0.13943334,0.8377028714107366,0.20930232558139536,0.20930232558139536
PP-MAE-v1 (mask-gated),BraTS2021_00022,27.558475,0.9543954133987427,0.124043114,0.9701912260967379,0.8973105134474327,0.8799058084772371
PP-MAE-v1 (mask-gated),BraTS2021_00003,28.316818,0.9639648795127869,0.13392383,0.9292242295430393,0.685972850678733,0.7505863956215794
PP-MAE-v1 (mask-gated),BraTS2021_00014,25.905533,0.9514366388320923,0.24195631,0.7070707070707071,nan,nan
PP-MAE-v1 (mask-gated),BraTS2021_00016,26.229073,0.9757320880889893,0.11387864,0.0,nan,nan
PP-MAE-v1 (mask-gated),BraTS2021_00021,27.464321,0.9317935705184937,0.17208613,0.4968085106382979,0.0,0.0
PP-MAE-v1 (mask-gated),BraTS2021_00019,32.499195,0.9715667963027954,0.092270315,0.23607540702656385,nan,nan
PP-MAE-v1 (mask-gated),BraTS2021_00024,26.151083,0.9400228261947632,0.27780965,0.0,0.0,0.0
PP-MAE-v1 (mask-gated),BraTS2021_00019,28.277805,0.964901328086853,0.1315078,0.7942934782608696,0.625314333612741,0.6837763519706691
PP-MAE-v1 (mask-gated),BraTS2021_00026,27.782177,0.9631757140159607,0.14590463,0.38522427440633245,0.8620689655172413,0.8108108108108109
PP-MAE-v1 (mask-gated),BraTS2021_00022,27.704754,0.9550914168357849,0.123794384,0.9628776978417266,0.8650895140664961,0.884009942004971
PP-MAE-v1 (mask-gated),BraTS2021_00020,25.881517,0.8945270776748657,0.20043348,0.9048361934477379,0.9403747870528109,0.9220103986135182
PP-MAE-v1 (mask-gated),BraTS2021_00012,27.978746,0.9795136451721191,0.09790002,0.917298495275866,0.35850860420650094,0.0
PP-MAE-v1 (mask-gated),BraTS2021_00025,25.398634,0.9268900156021118,0.15476114,0.0,nan,nan
PP-MAE-v1 (mask-gated),BraTS2021_00002,26.262573,0.9264329671859741,0.17119753,0.8102893890675241,nan,nan
PP-MAE-v1 (mask-gated),BraTS2021_00025,25.147789,0.9492670893669128,0.14253967,0.0,0.0,0.0
PP-MAE-v1 (mask-gated),BraTS2021_00011,25.816025,0.906430184841156,0.14952578,0.9773462783171522,0.0,0.0
PP-MAE-v1 (mask-gated),BraTS2021_00003,25.558502,0.939616322517395,0.210928,0.6337059329320722,0.0,0.0
PP-MAE-v1 (mask-gated),BraTS2021_00025,28.392899,0.9757881164550781,0.09693504,0.0,nan,nan
PP-MAE-v1 (mask-gated),BraTS2021_00008,25.5972,0.9146161675453186,0.16752642,0.8485523385300668,0.0,0.0
PP-MAE-v1 (mask-gated),BraTS2021_00018,27.670673,0.9655299186706543,0.11384268,0.9698296076285758,0.8793430195830702,0.8345662407531943
PP-MAE-v1 (mask-gated),BraTS2021_00019,26.588936,0.9336187839508057,0.20123294,0.5529344073647872,nan,nan
PP-MAE-v1 (mask-gated),BraTS2021_00020,26.747025,0.9463351964950562,0.16158764,0.9134157944814463,0.7906137184115524,0.7849223946784922
PP-MAE-v1 (mask-gated),BraTS2021_00017,28.26101,0.9650338888168335,0.12529309,0.902488231338265,nan,nan
PP-MAE-v1 (mask-gated),BraTS2021_00008,27.834024,0.9329891204833984,0.13339618,0.8766716196136701,nan,nan
PP-MAE-v1 (mask-gated),BraTS2021_00003,29.221893,0.966792106628418,0.11775486,0.8634955349006743,0.7591300779647107,0.8115755627009646
PP-MAE-v1 (mask-gated),BraTS2021_00022,25.528336,0.9038941264152527,0.16420996,0.8652432621631082,0.9280397022332506,0.9280397022332506
PP-MAE-v1 (mask-gated),BraTS2021_00017,28.440525,0.9643211364746094,0.12517142,0.853841709994223,nan,nan
SwinIR-lite (L1),BraTS2021_00020,31.93488,0.9776677489280701,0.09018913,0.0,nan,nan
SwinIR-lite (L1),BraTS2021_00022,29.689388,0.9664208292961121,0.10377163,0.92988606485539,0.8354679802955665,0.8451612903225807
SwinIR-lite (L1),BraTS2021_00005,30.654118,0.976270318031311,0.106698,0.9168987929433612,0.8760064412238325,0.6737683089214381
SwinIR-lite (L1),BraTS2021_00017,31.079538,0.9806488752365112,0.093299404,0.9321824907521579,nan,nan
SwinIR-lite (L1),BraTS2021_00005,30.862518,0.9777312874794006,0.10058536,0.8951560818083961,0.9051020408163265,0.8076588337684943
SwinIR-lite (L1),BraTS2021_00000,29.55207,0.9737590551376343,0.097540386,0.96953125,0.9690265486725663,0.8961352657004831
SwinIR-lite (L1),BraTS2021_00006,31.619558,0.9884227514266968,0.075640775,0.9591041869522883,0.9102040816326531,0.9050445103857567
SwinIR-lite (L1),BraTS2021_00009,28.721344,0.974675714969635,0.107389174,nan,nan,nan
SwinIR-lite (L1),BraTS2021_00006,31.459417,0.9894105195999146,0.07375954,0.9746990911323999,0.9030868628858578,0.8759811616954474
SwinIR-lite (L1),BraTS2021_00022,28.835152,0.9615513682365417,0.11501739,0.937995337995338,0.8248587570621468,0.8248587570621468
SwinIR-lite (L1),BraTS2021_00018,30.31588,0.9839746356010437,0.08414636,0.9712368168744008,0.8384458077709611,0.7895104895104895
SwinIR-lite (L1),BraTS2021_00025,30.239319,0.9822540283203125,0.079597645,0.32727272727272727,nan,nan
SwinIR-lite (L1),BraTS2021_00012,30.872038,0.9880709648132324,0.07676331,0.9548999660902001,0.7936507936507936,0.0
SwinIR-lite (L1),BraTS2021_00000,28.91382,0.9643018841743469,0.12086139,0.9497549019607843,0.9627207325049052,0.9282758620689655
SwinIR-lite (L1),BraTS2021_00006,33.231194,0.9915124177932739,0.06575724,0.960960960960961,nan,nan
SwinIR-lite (L1),BraTS2021_00018,30.73957,0.9751434922218323,0.09804857,0.33695652173913043,nan,nan
SwinIR-lite (L1),BraTS2021_00008,29.542282,0.9678360223770142,0.106579795,0.8579310344827586,nan,nan
SwinIR-lite (L1),BraTS2021_00009,29.547012,0.9815778732299805,0.09182717,0.974512743628186,0.64,0.64
SwinIR-lite (L1),BraTS2021_00012,29.327362,0.9834206104278564,0.113862775,0.9781761496492596,0.0,nan
SwinIR-lite (L1),BraTS2021_00003,29.825819,0.9766414165496826,0.11732133,0.9071618037135278,0.7699530516431925,0.7699530516431925
SwinIR-lite (L1),BraTS2021_00024,30.858088,0.9821387529373169,0.10372506,0.9559691330004539,0.7428571428571429,0.7428571428571429
SwinIR-lite (L1),BraTS2021_00019,33.91568,0.9775221347808838,0.07852831,0.3377777777777778,nan,nan
SwinIR-lite (L1),BraTS2021_00000,28.875069,0.9608660936355591,0.11450315,0.9485140226035998,0.9591474245115453,0.8784559207094418
SwinIR-lite (L1),BraTS2021_00022,29.68502,0.9638601541519165,0.099922605,0.8765664160401002,0.9089068825910931,0.9089068825910931
SwinIR-lite (L1),BraTS2021_00011,31.199389,0.9714171290397644,0.08664062,0.9537480063795853,0.0,0.0
SwinIR-lite (L1),BraTS2021_00021,32.686954,0.9495437741279602,0.09511677,0.5971731448763251,nan,nan
SwinIR-lite (L1),BraTS2021_00026,31.763966,0.9834269285202026,0.08428193,0.788294467306813,0.8447098976109215,0.8212728857890148
SwinIR-lite (L1),BraTS2021_00009,29.289246,0.9778193235397339,0.0993218,0.0,nan,nan
SwinIR-lite (L1),BraTS2021_00024,30.479877,0.979885995388031,0.1368311,0.8778378378378379,0.16417910447761194,0.176
SwinIR-lite (L1),BraTS2021_00016,28.26893,0.9823115468025208,0.09408196,0.8867313915857605,0.9268817204301075,0.7855787476280834
SwinIR-lite (L1),BraTS2021_00020,30.509493,0.9710239768028259,0.1096919,0.9246064623032312,0.5241935483870968,0.778021978021978
SwinIR-lite (L1),BraTS2021_00000,29.69703,0.9741491079330444,0.098780155,0.9826548672566372,0.9704708699122107,0.9001297016861219
SwinIR-lite (L1),BraTS2021_00000,30.930641,0.9825832843780518,0.08395458,0.8185404339250493,0.9387186629526463,0.9387186629526463
SwinIR-lite (L1),BraTS2021_00026,29.557163,0.94451904296875,0.1371121,0.6914414414414415,0.7799736495388669,0.7718832891246684
SwinIR-lite (L1),BraTS2021_00005,30.469746,0.9749529361724854,0.11199948,0.9289099526066351,0.8577827547592385,0.5944444444444444
SwinIR-lite (L1),BraTS2021_00019,31.178596,0.9773247241973877,0.10093907,0.8947368421052632,0.0,0.0
SwinIR-lite (L1),BraTS2021_00005,31.697493,0.9840242266654968,0.08559726,0.9782971619365609,0.9620418848167539,0.6940451745379876
SwinIR-lite (L1),BraTS2021_00003,29.660585,0.9773512482643127,0.12824085,0.868789050877715,nan,nan
SwinIR-lite (L1),BraTS2021_00021,31.240177,0.9548773765563965,0.11493041,0.6077393075356415,0.13765182186234817,0.1592505854800937
SwinIR-lite (L1),BraTS2021_00025,31.041336,0.9846159219741821,0.07526973,0.16759776536312848,nan,nan
SwinIR-lite (L1),BraTS2021_00003,31.269798,0.9801551103591919,0.09748218,0.9596318761765321,0.8695652173913043,0.8795379537953796
SwinIR-lite (L1),BraTS2021_00011,31.452448,0.9732862710952759,0.07866353,0.9720055071133548,0.6452991452991453,0.648068669527897
SwinIR-lite (L1),BraTS2021_00011,31.425163,0.9812868237495422,0.07476834,0.9533106960950763,0.47126436781609193,0.5109034267912772
SwinIR-lite (L1),BraTS2021_00019,32.35585,0.9859535694122314,0.08049696,0.8845742241247516,0.3108320251177394,0.3443478260869565
SwinIR-lite (L1),BraTS2021_00017,31.076324,0.9758452773094177,0.0952262,0.903593839132915,nan,nan
SwinIR-lite (L1),BraTS2021_00006,30.207268,0.9736889004707336,0.10910262,0.7088607594936709,nan,nan
SwinIR-lite (L1),BraTS2021_00000,30.880093,0.9803868532180786,0.08653728,0.9190056134723336,0.9429175475687104,0.9247311827956989
SwinIR-lite (L1),BraTS2021_00019,31.300821,0.9736710786819458,0.12385985,0.7092451987494417,nan,nan
SwinIR-lite (L1),BraTS2021_00017,30.77553,0.9723542332649231,0.09996137,0.8968957871396895,nan,nan
SwinIR-lite (L1),BraTS2021_00014,29.521093,0.9756766557693481,0.09671352,0.547945205479452,nan,nan
SwinIR-lite (L1),BraTS2021_00011,31.387047,0.9723699688911438,0.0806803,0.9798590130916415,0.5738636363636364,0.5988023952095808
SwinIR-lite (L1),BraTS2021_00002,31.255718,0.9810616970062256,0.08540033,0.9176728869374314,0.5661157024793388,0.6678700361010831
SwinIR-lite (L1),BraTS2021_00009,29.216688,0.9773658514022827,0.1013343,nan,nan,nan
SwinIR-lite (L1),BraTS2021_00009,29.170038,0.9781860113143921,0.09832133,0.9725722757598221,0.75,0.7065217391304348
SwinIR-lite (L1),BraTS2021_00022,29.898846,0.9639606475830078,0.10013034,0.9215557020435069,0.9187145557655955,0.9187145557655955
SwinIR-lite (L1),BraTS2021_00019,32.857143,0.9844112992286682,0.079054885,0.8762308741099833,nan,nan
SwinIR-lite (L1),BraTS2021_00006,31.35229,0.985447108745575,0.08431152,0.958974358974359,0.9070294784580499,0.8883720930232558
SwinIR-lite (L1),BraTS2021_00012,30.130375,0.9886818528175354,0.07582561,0.9404332129963899,0.8138823952526524,0.0
SwinIR-lite (L1),BraTS2021_00024,32.074146,0.9818646907806396,0.15121321,0.0,0.0,0.0
SwinIR-lite (L1),BraTS2021_00012,30.866873,0.9885795712471008,0.07447233,0.9707446808510638,0.8409675759135358,0.0
SwinIR-lite (L1),BraTS2021_00016,28.012272,0.9777782559394836,0.11189234,0.0,nan,nan
SwinIR-lite (L1),BraTS2021_00012,29.382626,0.9831151366233826,0.12189053,0.9657657657657658,0.0,nan
SwinIR-lite (L1),BraTS2021_00011,31.519072,0.9855448007583618,0.073366344,0.9688090737240076,0.7028423772609819,0.7028423772609819
SwinIR-lite (L1),BraTS2021_00020,31.29858,0.977300763130188,0.09526356,0.8529886914378029,0.7768595041322314,0.7768595041322314
SwinIR-lite (L1),BraTS2021_00018,30.549772,0.9837314486503601,0.08307138,0.9859700048379294,0.8160188457008245,0.8146124957323319
SwinIR-lite (L1),BraTS2021_00024,31.736443,0.9863998293876648,0.07704543,0.9245049504950495,nan,nan
SwinIR-lite (L1),BraTS2021_00009,28.807278,0.9756036996841431,0.10359619,nan,nan,nan
SwinIR-lite (L1),BraTS2021_00017,31.614681,0.9688134789466858,0.090047136,0.771622934888241,nan,nan
SwinIR-lite (L1),BraTS2021_00014,28.920586,0.963621199131012,0.11013684,0.8513119533527697,0.2251655629139073,0.2251655629139073
SwinIR-lite (L1),BraTS2021_00022,27.755047,0.9654605388641357,0.12963335,0.891566265060241,nan,nan
SwinIR-lite (L1),BraTS2021_00022,29.911537,0.9615204334259033,0.098135896,0.8750397456279809,0.8648648648648649,0.8648648648648649
SwinIR-lite (L1),BraTS2021_00025,30.646793,0.9828276634216309,0.079813585,0.4307692307692308,0.0,0.0
SwinIR-lite (L1),BraTS2021_00022,28.754282,0.9523003697395325,0.13031429,0.8989751098096632,0.6797642436149313,0.6797642436149313
SwinIR-lite (L1),BraTS2021_00009,29.768507,0.9819214940071106,0.09074199,0.0,nan,nan
SwinIR-lite (L1),BraTS2021_00011,31.217985,0.9747586846351624,0.0841594,0.9490968801313628,0.0,0.0
SwinIR-lite (L1),BraTS2021_00021,30.148964,0.9409984350204468,0.14054558,0.7973458667403925,nan,nan
SwinIR-lite (L1),BraTS2021_00017,30.556385,0.962889552116394,0.106744155,0.9623905203503349,nan,nan
SwinIR-lite (L1),BraTS2021_00003,31.866169,0.975695013999939,0.09829378,0.0,0.0,0.0
SwinIR-lite (L1),BraTS2021_00011,30.892475,0.9709798693656921,0.0845924,0.9781453041937389,0.26153846153846155,0.26153846153846155
SwinIR-lite (L1),BraTS2021_00022,28.113655,0.9486010074615479,0.15017113,0.12935323383084577,0.09523809523809523,0.09523809523809523
SwinIR-lite (L1),BraTS2021_00003,31.55493,0.9795283079147339,0.09374539,0.9668797210923882,0.8523002421307506,0.8653175157013259
SwinIR-lite (L1),BraTS2021_00025,31.60773,0.987885594367981,0.068345666,0.6781609195402298,nan,nan
SwinIR-lite (L1),BraTS2021_00022,30.00695,0.9608536958694458,0.10060495,0.8855305466237942,0.9229534510433387,0.9229534510433387
SwinIR-lite (L1),BraTS2021_00022,28.013422,0.9778739809989929,0.15653127,0.8036253776435045,nan,nan
SwinIR-lite (L1),BraTS2021_00026,31.071598,0.9754846096038818,0.09563397,0.771191135734072,0.8964862298195632,0.8674463937621832
SwinIR-lite (L1),BraTS2021_00017,31.832653,0.9853734374046326,0.08441675,0.8707592891760905,nan,nan
SwinIR-lite (L1),BraTS2021_00021,31.175915,0.9505193829536438,0.1167662,0.6673462453278967,0.11650485436893204,0.13382899628252787
SwinIR-lite (L1),BraTS2021_00012,30.146177,0.9883021116256714,0.076166406,0.9352428393524284,0.6645303424794713,0.0
SwinIR-lite (L1),BraTS2021_00016,28.489187,0.9785128235816956,0.10550995,0.0,nan,nan
SwinIR-lite (L1),BraTS2021_00000,29.53973,0.9636276364326477,0.12783396,0.7313997477931904,0.8879668049792531,0.8879668049792531
SwinIR-lite (L1),BraTS2021_00016,28.458603,0.9832323789596558,0.09734693,0.5849056603773585,0.32432432432432434,0.2616822429906542
SwinIR-lite (L1),BraTS2021_00018,29.916538,0.9794933199882507,0.11164685,0.8659432971648583,0.3500511770726714,0.35157159487776485
SwinIR-lite (L1),BraTS2021_00003,31.51886,0.980526864528656,0.09312145,0.9685703334610962,0.8292964244521338,0.837404047452896
SwinIR-lite (L1),BraTS2021_00003,29.641415,0.9758065938949585,0.120863035,0.8974358974358975,0.8116883116883117,0.8116883116883117
SwinIR-lite (L1),BraTS2021_00006,32.556755,0.9917299747467041,0.06759638,0.9788467110982324,0.9118279569892473,0.8429423459244533
SwinIR-lite (L1),BraTS2021_00016,29.366005,0.9877797961235046,0.08249667,0.8775710088148874,0.9520958083832335,0.8762677484787018
SwinIR-lite (L1),BraTS2021_00006,31.270685,0.989012598991394,0.075073466,0.9742354924151216,0.8667601683029453,0.8611500701262272
SwinIR-lite (L1),BraTS2021_00006,31.05644,0.9866201281547546,0.080140084,0.9745,0.9566310496543055,0.9037656903765691
SwinIR-lite (L1),BraTS2021_00016,27.96096,0.9833218455314636,0.094331235,0.8578161822466615,0.8360413589364845,0.8119891008174387
SwinIR-lite (L1),BraTS2021_00014,28.902607,0.9654215574264526,0.10926887,0.8545678000819337,0.06451612903225806,0.06451612903225806
SwinIR-lite (L1),BraTS2021_00014,28.900244,0.967119038105011,0.11109196,0.8717948717948718,0.0,0.0
SwinIR-lite (L1),BraTS2021_00014,30.855545,0.9810345768928528,0.16428185,0.32339449541284404,nan,nan
SwinIR-lite (L1),BraTS2021_00026,31.11106,0.963000476360321,0.10661755,0.7906976744186046,0.8057471264367816,0.7723240685984625
SwinIR-lite (L1),BraTS2021_00006,32.508743,0.9890905618667603,0.075461216,0.845513413506013,nan,nan
SwinIR-lite (L1),BraTS2021_00002,29.48198,0.9583514928817749,0.13459934,0.7820284697508897,nan,nan
SwinIR-lite (L1),BraTS2021_00017,31.086658,0.966752827167511,0.10183499,0.9489456159822419,0.0,0.0
SwinIR-lite (L1),BraTS2021_00002,31.088865,0.9818465709686279,0.084559254,0.9404327058162405,0.5961732124874118,0.7120954003407155
SwinIR-lite (L1),BraTS2021_00022,29.661512,0.972087562084198,0.12761173,0.0,0.0,0.0
SwinIR-lite (L1),BraTS2021_00016,30.026188,0.9905151128768921,0.07330172,0.8577878103837472,0.8949152542372881,0.8398576512455516
SwinIR-lite (L1),BraTS2021_00024,31.729553,0.9837567806243896,0.082568325,0.9670641680863146,nan,nan
SwinIR-lite (L1),BraTS2021_00017,30.283844,0.971245288848877,0.13664928,0.6326129666011788,nan,nan
SwinIR-lite (L1),BraTS2021_00009,28.98357,0.9760590195655823,0.10278532,0.0,0.0,0.0
SwinIR-lite (L1),BraTS2021_00003,29.437143,0.979112982749939,0.14541899,0.8364820846905537,nan,nan
SwinIR-lite (L1),BraTS2021_00021,30.497196,0.9370328783988953,0.13082892,0.7745692793011405,nan,nan
SwinIR-lite (L1),BraTS2021_00024,31.172312,0.9823156595230103,0.08733691,0.952827424553179,0.0,nan
SwinIR-lite (L1),BraTS2021_00018,30.71857,0.987570583820343,0.07953047,0.9575625680087051,0.8298778756035218,0.7420634920634921
SwinIR-lite (L1),BraTS2021_00017,32.16868,0.9869728088378906,0.08064284,0.8245382585751979,nan,nan
SwinIR-lite (L1),BraTS2021_00020,30.472443,0.9707666635513306,0.11006676,0.8368883312421581,0.1693121693121693,0.3516483516483517
SwinIR-lite (L1),BraTS2021_00008,30.142616,0.9716392159461975,0.100041226,0.9292035398230089,0.0,0.0
SwinIR-lite (L1),BraTS2021_00019,32.648243,0.9843246936798096,0.08046119,0.8848920863309353,0.3450834879406308,0.38589211618257263
SwinIR-lite (L1),BraTS2021_00014,28.846146,0.9765482544898987,0.15057662,0.8742182070882557,0.0,0.0
SwinIR-lite (L1),BraTS2021_00006,31.309692,0.9882791638374329,0.07588831,0.971677559912854,0.9124311083894673,0.8998589562764457
SwinIR-lite (L1),BraTS2021_00020,29.424593,0.9330593347549438,0.1420283,0.0,nan,nan
SwinIR-lite (L1),BraTS2021_00000,29.575403,0.973562479019165,0.09743225,0.9813664596273292,0.9663551401869159,0.8963093145869947
SwinIR-lite (L1),BraTS2021_00025,31.110767,0.9877883791923523,0.07016133,0.5737704918032787,nan,nan
SwinIR-lite (L1),BraTS2021_00012,30.093279,0.9820361137390137,0.15238531,0.9048106448311156,nan,nan
SwinIR-lite (L1),BraTS2021_00024,30.729113,0.978698194026947,0.097272485,0.9582278481012658,0.0,nan
SwinIR-lite (L1),BraTS2021_00005,31.45542,0.9819297194480896,0.09128156,0.8556379243074522,0.9102691924227319,0.619235836627141
SwinIR-lite (L1),BraTS2021_00005,29.131086,0.9687016010284424,0.14367223,0.925459825750242,0.7908745247148289,0.7671840354767184
SwinIR-lite (L1),BraTS2021_00000,28.957256,0.9645982384681702,0.12418294,0.933852140077821,0.9524647887323944,0.936550491510277
SwinIR-lite (L1),BraTS2021_00003,32.815544,0.982867419719696,0.081037395,0.9650385604113111,0.7180310326377742,0.8639391056137012
SwinIR-lite (L1),BraTS2021_00026,30.113972,0.949049174785614,0.12507714,0.645324347093513,0.7066381156316917,0.7149321266968326
SwinIR-lite (L1),BraTS2021_00024,30.983486,0.9804626703262329,0.14610861,0.7257142857142858,0.0,0.0
SwinIR-lite (L1),BraTS2021_00000,29.458893,0.9739120602607727,0.10135197,0.9467826086956522,0.9348747591522159,0.8715393133997785
SwinIR-lite (L1),BraTS2021_00016,28.52743,0.9836655259132385,0.09366616,0.8105726872246696,0.8656036446469249,0.7454545454545455
SwinIR-lite (L1),BraTS2021_00005,31.729343,0.9805418252944946,0.08947062,0.9688249400479616,0.8641304347826086,0.6070460704607046
SwinIR-lite (L1),BraTS2021_00020,30.368214,0.9666306376457214,0.11244075,0.933852140077821,0.5681159420289855,0.7965738758029979
SwinIR-lite (L1),BraTS2021_00026,31.262424,0.9716544151306152,0.10025077,0.6787564766839378,0.823937554206418,0.7927601809954751
SwinIR-lite (L1),BraTS2021_00024,31.327639,0.985092043876648,0.082327895,0.9483085250338295,nan,nan
SwinIR-lite (L1),BraTS2021_00021,30.279673,0.9359281659126282,0.13875209,0.7063349576814568,nan,nan
SwinIR-lite (L1),BraTS2021_00012,30.921371,0.9892317056655884,0.07252045,0.9443115818243936,0.61305663640294,0.0
SwinIR-lite (L1),BraTS2021_00002,30.11775,0.9724180102348328,0.14906184,0.852670349907919,nan,nan
SwinIR-lite (L1),BraTS2021_00021,32.887672,0.9453867673873901,0.09613621,0.5932835820895522,nan,nan
SwinIR-lite (L1),BraTS2021_00009,29.971153,0.9833337664604187,0.087629534,0.7421383647798742,nan,nan
SwinIR-lite (L1),BraTS2021_00021,30.311249,0.9566105604171753,0.16349909,0.5125748502994012,nan,nan
SwinIR-lite (L1),BraTS2021_00011,31.358454,0.9832751154899597,0.07709726,0.9810954920019389,0.5190839694656488,0.5190839694656488
SwinIR-lite (L1),BraTS2021_00012,30.76597,0.9896279573440552,0.07163026,0.9204209530566395,0.5348635773061932,0.0
SwinIR-lite (L1),BraTS2021_00016,29.940825,0.9893609285354614,0.07576702,0.2896825396825397,nan,nan
SwinIR-lite (L1),BraTS2021_00002,32.432915,0.987475574016571,0.073947355,0.9380333951762523,0.9111111111111111,0.8896321070234113
SwinIR-lite (L1),BraTS2021_00011,29.475842,0.970616340637207,0.11689956,0.8766519823788547,0.0,0.0
SwinIR-lite (L1),BraTS2021_00019,33.97666,0.9858378767967224,0.071237355,0.6524896265560166,nan,nan
SwinIR-lite (L1),BraTS2021_00018,30.191978,0.9852508306503296,0.08395122,0.9699570815450643,0.8731601731601731,0.8027079303675049
SwinIR-lite (L1),BraTS2021_00014,28.879873,0.969513475894928,0.104592,0.877207062600321,0.43333333333333335,0.43333333333333335
SwinIR-lite (L1),BraTS2021_00012,30.26096,0.9871053099632263,0.0839139,0.9649789873924355,0.5098039215686274,nan
SwinIR-lite (L1),BraTS2021_00012,29.341467,0.9832913875579834,0.11753631,0.9528795811518325,0.0,nan
SwinIR-lite (L1),BraTS2021_00021,31.03855,0.9414947032928467,0.118247375,0.8461174242424242,nan,nan
SwinIR-lite (L1),BraTS2021_00012,30.607462,0.989369809627533,0.072345085,0.9146341463414634,0.4591239166081049,0.0
SwinIR-lite (L1),BraTS2021_00011,29.883057,0.9696202874183655,0.10533575,0.9636163175303197,0.0,0.0
SwinIR-lite (L1),BraTS2021_00011,30.382109,0.9678869247436523,0.09676829,0.9581151832460733,0.0,0.0
SwinIR-lite (L1),BraTS2021_00000,29.610874,0.9723224639892578,0.09982069,0.9762435040831478,0.9742951907131011,0.8752941176470588
SwinIR-lite (L1),BraTS2021_00025,31.743168,0.9884570837020874,0.06752419,0.7819548872180451,nan,nan
SwinIR-lite (L1),BraTS2021_00025,30.773857,0.9827638864517212,0.07981264,0.14218009478672985,nan,nan
SwinIR-lite (L1),BraTS2021_00018,30.41646,0.9866741895675659,0.08198183,0.970578620464204,0.8454412481716236,0.7423920736022647
SwinIR-lite (L1),BraTS2021_00026,31.090569,0.9738844037055969,0.09887277,0.7271739130434782,0.8604151753758053,0.8015564202334631
SwinIR-lite (L1),BraTS2021_00016,28.717144,0.9808542132377625,0.11678384,0.0,nan,nan
SwinIR-lite (L1),BraTS2021_00014,28.700977,0.9768959283828735,0.15625545,0.7641242937853108,0.0,0.0
SwinIR-lite (L1),BraTS2021_00017,30.960613,0.971112072467804,0.09955976,0.8976697061803445,0.0,0.0
SwinIR-lite (L1),BraTS2021_00019,34.208256,0.9805623292922974,0.074773565,0.4481967896602043,nan,nan
SwinIR-lite (L1),BraTS2021_00021,32.848232,0.9555358290672302,0.09664162,0.6003159557661928,nan,nan
SwinIR-lite (L1),BraTS2021_00017,31.286472,0.9602214097976685,0.09612229,0.3357452966714906,nan,nan
SwinIR-lite (L1),BraTS2021_00017,29.935478,0.9594760537147522,0.12602082,0.9442253521126761,nan,nan
SwinIR-lite (L1),BraTS2021_00020,30.12424,0.9710114002227783,0.11181189,0.9206576125804146,0.2138364779874214,0.5206611570247934
SwinIR-lite (L1),BraTS2021_00022,30.056023,0.972798764705658,0.09526419,0.9704182250935056,0.8437622983077528,0.8505603985056039
SwinIR-lite (L1),BraTS2021_00012,30.705278,0.9873636960983276,0.08001632,0.9458804523424879,0.4266666666666667,nan
SwinIR-lite (L1),BraTS2021_00021,30.528086,0.9335126876831055,0.12909748,0.6866073834545945,nan,nan
SwinIR-lite (L1),BraTS2021_00011,31.38477,0.9773009419441223,0.07640629,0.9719126170307624,0.684,0.6895161290322581
SwinIR-lite (L1),BraTS2021_00002,31.207737,0.9811673164367676,0.085636325,0.9027732463295269,0.674759736975215,0.7857142857142857
SwinIR-lite (L1),BraTS2021_00002,31.093117,0.966759979724884,0.10044312,0.7805229071719837,0.04519774011299435,0.04519774011299435
SwinIR-lite (L1),BraTS2021_00017,29.495514,0.9591021537780762,0.1330942,0.8760611205432938,nan,nan
SwinIR-lite (L1),BraTS2021_00024,30.76329,0.9805365800857544,0.107381985,0.9577464788732394,0.6616541353383458,0.6616541353383458
SwinIR-lite (L1),BraTS2021_00019,33.8779,0.9829621911048889,0.07465599,0.7246688148943788,nan,nan
SwinIR-lite (L1),BraTS2021_00020,31.73806,0.9762845635414124,0.093708225,0.0,nan,nan
SwinIR-lite (L1),BraTS2021_00005,31.293304,0.9808653593063354,0.092666335,0.8978741142142559,0.9247311827956989,0.7207207207207207
SwinIR-lite (L1),BraTS2021_00025,30.143003,0.9778390526771545,0.087442294,0.4827586206896552,nan,nan
SwinIR-lite (L1),BraTS2021_00021,32.953022,0.9509212970733643,0.09768603,0.6179775280898876,nan,nan
SwinIR-lite (L1),BraTS2021_00018,30.313662,0.987306535243988,0.0814248,0.9675346635103145,0.8842476094614997,0.7505601194921583
SwinIR-lite (L1),BraTS2021_00025,30.344109,0.9806396961212158,0.083528586,0.25688073394495414,nan,nan
SwinIR-lite (L1),BraTS2021_00009,29.178726,0.9771669507026672,0.10245928,0.0,0.0,0.0
SwinIR-lite (L1),BraTS2021_00019,30.840096,0.9754217267036438,0.109675415,0.8859298712827341,0.0,0.0
SwinIR-lite (L1),BraTS2021_00000,29.234905,0.9642314314842224,0.11181549,0.9382113821138212,0.9543237250554324,0.8870703764320785
SwinIR-lite (L1),BraTS2021_00022,30.558481,0.978941023349762,0.08706222,0.9706058788242351,0.870414002019522,0.8908499767765908
SwinIR-lite (L1),BraTS2021_00021,30.862545,0.9329883456230164,0.1253,0.6714001704061346,nan,nan
SwinIR-lite (L1),BraTS2021_00026,29.880503,0.9577038884162903,0.14041512,0.6288951841359773,0.7726432532347505,0.7717996289424861
SwinIR-lite (L1),BraTS2021_00022,28.22546,0.9778684377670288,0.15080911,0.8304668304668305,0.0,0.0
SwinIR-lite (L1),BraTS2021_00012,29.953403,0.9851130843162537,0.091550194,0.9632389468455043,0.4482225656877898,nan
SwinIR-lite (L1),BraTS2021_00014,29.100916,0.9699123501777649,0.105367765,0.8367221195317314,nan,nan
SwinIR-lite (L1),BraTS2021_00012,30.126162,0.9875876307487488,0.07774795,0.9317208364827413,0.7064793130366901,0.0
SwinIR-lite (L1),BraTS2021_00026,31.714668,0.9811400175094604,0.08982524,0.6628186628186629,0.7311827956989247,0.7287287287287287
SwinIR-lite (L1),BraTS2021_00014,28.699203,0.9693447947502136,0.12221537,0.895482728077945,0.0,0.0
SwinIR-lite (L1),BraTS2021_00019,30.918316,0.9730188846588135,0.11400983,0.7947822035872351,0.0,0.0
SwinIR-lite (L1),BraTS2021_00002,30.91263,0.9808721542358398,0.08526342,0.9305045559635523,0.6936776491540516,0.6605222734254992
SwinIR-lite (L1),BraTS2021_00019,32.781494,0.9845474362373352,0.0797834,0.890956229983224,0.0,0.0
SwinIR-lite (L1),BraTS2021_00002,31.15917,0.9755470156669617,0.09280644,0.9542703429724277,0.26666666666666666,0.27885714285714286
SwinIR-lite (L1),BraTS2021_00002,30.823175,0.9740924835205078,0.17286825,0.6989898989898989,nan,nan
SwinIR-lite (L1),BraTS2021_00018,30.895374,0.9775480031967163,0.09185418,0.8953828170660433,0.15384615384615385,0.15384615384615385
SwinIR-lite (L1),BraTS2021_00022,30.54188,0.9779611825942993,0.08700754,0.9079398575573727,0.799761620977354,0.8268156424581006
SwinIR-lite (L1),BraTS2021_00003,32.054756,0.9824140667915344,0.084655724,0.9354215833512122,0.5950668036998972,0.7548928238583411
SwinIR-lite (L1),BraTS2021_00014,30.685785,0.9824265837669373,0.14564644,0.5378590078328982,nan,nan
SwinIR-lite (L1),BraTS2021_00016,29.768059,0.9896016716957092,0.076843165,0.47104247104247104,nan,nan
SwinIR-lite (L1),BraTS2021_00021,31.57613,0.964765191078186,0.1056001,0.36739974126778785,0.0,0.0
SwinIR-lite (L1),BraTS2021_00019,33.78551,0.97663414478302,0.081156865,0.3992687385740402,nan,nan
SwinIR-lite (L1),BraTS2021_00024,31.385044,0.9816153049468994,0.14964096,0.0,0.0,0.0
SwinIR-lite (L1),BraTS2021_00019,31.708782,0.9829289317131042,0.08828788,0.9090909090909091,0.3695431472081218,0.41223103057757643
SwinIR-lite (L1),BraTS2021_00026,32.81196,0.983001172542572,0.08132689,0.38735177865612647,0.7346938775510204,0.7311827956989247
SwinIR-lite (L1),BraTS2021_00022,30.641602,0.9788026809692383,0.085200496,0.9356103023516238,0.8571428571428571,0.8629524196827979
SwinIR-lite (L1),BraTS2021_00020,30.392038,0.9509267210960388,0.12203806,0.88,0.9023090586145648,0.8824593128390597
SwinIR-lite (L1),BraTS2021_00012,30.723257,0.9905988574028015,0.06984832,0.9219433571264103,0.34560770156438025,0.0
SwinIR-lite (L1),BraTS2021_00025,29.264793,0.9726799130439758,0.09541523,0.13043478260869565,nan,nan
SwinIR-lite (L1),BraTS2021_00002,30.82024,0.9767939448356628,0.09677878,0.8849868305531168,nan,nan
SwinIR-lite (L1),BraTS2021_00025,30.126453,0.981893002986908,0.08289957,0.0,0.0,0.0
SwinIR-lite (L1),BraTS2021_00011,30.710773,0.9703436493873596,0.086708955,0.9766839378238342,0.0,0.0
SwinIR-lite (L1),BraTS2021_00003,29.65165,0.9765409827232361,0.12588355,0.90310442144873,0.0,0.0
SwinIR-lite (L1),BraTS2021_00025,31.636578,0.9863490462303162,0.069069736,0.09900990099009901,0.0,0.0
SwinIR-lite (L1),BraTS2021_00008,29.934664,0.9651725888252258,0.10454737,0.9336437718277066,0.0,0.0
SwinIR-lite (L1),BraTS2021_00018,30.514345,0.9829700589179993,0.08190588,0.9871244635193133,0.8691507798960139,0.7519319938176198
SwinIR-lite (L1),BraTS2021_00019,31.039923,0.9730851650238037,0.123585634,0.664070796460177,nan,nan
SwinIR-lite (L1),BraTS2021_00020,31.023365,0.9765443205833435,0.09994654,0.8565853658536585,0.8157349896480331,0.8457446808510638
SwinIR-lite (L1),BraTS2021_00017,31.418713,0.982713520526886,0.08935087,0.9146183699870634,nan,nan
SwinIR-lite (L1),BraTS2021_00008,30.496557,0.9628496170043945,0.10180797,0.7901234567901234,nan,nan
SwinIR-lite (L1),BraTS2021_00003,32.05912,0.9808080792427063,0.08629197,0.9425895765472313,0.669798027242837,0.8639308855291576
SwinIR-lite (L1),BraTS2021_00022,29.393024,0.9614125490188599,0.10604354,0.8854314002828855,0.8421052631578947,0.8421052631578947
SwinIR-lite (L1),BraTS2021_00017,31.286507,0.9816491603851318,0.09064281,0.9228886168910648,nan,nan
Uformer-lite (L1),BraTS2021_00020,32.24685,0.9782068133354187,0.08900291,0.0,nan,nan
Uformer-lite (L1),BraTS2021_00022,29.079391,0.9600496888160706,0.10981875,0.9042933810375671,0.766510660426417,0.7750865051903114
Uformer-lite (L1),BraTS2021_00005,30.352589,0.9776138067245483,0.10615397,0.873015873015873,0.8070374574347332,0.5155555555555555
Uformer-lite (L1),BraTS2021_00017,31.304077,0.9810227155685425,0.09024086,0.9544334975369458,nan,nan
Uformer-lite (L1),BraTS2021_00005,30.709421,0.9783151149749756,0.10050359,0.8387227162489895,0.8301474604041508,0.6857142857142857
Uformer-lite (L1),BraTS2021_00000,29.40849,0.9699490070343018,0.10188507,0.973851030110935,0.9632286995515695,0.8758949880668258
Uformer-lite (L1),BraTS2021_00006,31.12839,0.9883465766906738,0.075925775,0.9669421487603306,0.9177377892030848,0.8971684053651267
Uformer-lite (L1),BraTS2021_00009,28.721037,0.971881091594696,0.108883,nan,nan,nan
Uformer-lite (L1),BraTS2021_00006,31.469213,0.9888026118278503,0.0749006,0.9685565734092597,0.8945205479452055,0.8377483443708609
Uformer-lite (L1),BraTS2021_00022,28.02416,0.9521822333335876,0.12635204,0.9362494183341089,0.6751592356687898,0.6751592356687898
Uformer-lite (L1),BraTS2021_00018,30.265265,0.9840454459190369,0.08385486,0.9655172413793104,0.6717237771383731,0.7152115897826916
Uformer-lite (L1),BraTS2021_00025,30.704632,0.9822011590003967,0.07936865,0.0,nan,nan
Uformer-lite (L1),BraTS2021_00012,30.576021,0.9879688024520874,0.07795858,0.9682758620689655,0.7739279588336192,nan
Uformer-lite (L1),BraTS2021_00000,28.15048,0.9538029432296753,0.13327894,0.9343583678296866,0.9478315524827152,0.9058823529411765
Uformer-lite (L1),BraTS2021_00006,33.992775,0.9930456876754761,0.060405165,0.9429797670141018,nan,nan
Uformer-lite (L1),BraTS2021_00018,30.607182,0.9736409783363342,0.09844527,0.41450777202072536,nan,nan
Uformer-lite (L1),BraTS2021_00008,28.977764,0.9615962505340576,0.11466205,0.7819148936170213,nan,nan
Uformer-lite (L1),BraTS2021_00009,29.789026,0.981053352355957,0.09010178,0.9667673716012085,0.6915887850467289,0.6915887850467289
Uformer-lite (L1),BraTS2021_00012,28.635342,0.9811618328094482,0.120552786,0.9665907365223994,0.0,nan
Uformer-lite (L1),BraTS2021_00003,29.222002,0.9729042649269104,0.12484107,0.8990566037735849,0.8523206751054853,0.8523206751054853
Uformer-lite (L1),BraTS2021_00024,30.771103,0.9813621640205383,0.105906084,0.9577981651376147,0.7058823529411765,0.7058823529411765
Uformer-lite (L1),BraTS2021_00019,34.406,0.9796082973480225,0.074318826,0.29934354485776804,nan,nan
Uformer-lite (L1),BraTS2021_00000,28.306744,0.955552339553833,0.12131605,0.9695670810115731,0.9528130671506352,0.8742766964755392
Uformer-lite (L1),BraTS2021_00022,29.379211,0.9611997008323669,0.10423,0.898840206185567,0.9177777777777778,0.9177777777777778
Uformer-lite (L1),BraTS2021_00011,31.10549,0.9687145352363586,0.08804263,0.94375,0.0,0.0
Uformer-lite (L1),BraTS2021_00021,33.06729,0.9437896013259888,0.09518032,0.5598526703499079,nan,nan
Uformer-lite (L1),BraTS2021_00026,31.827263,0.982506275177002,0.086422615,0.7199612403100775,0.7348242811501597,0.7308533916849015
Uformer-lite (L1),BraTS2021_00009,28.96411,0.9773971438407898,0.10025423,0.0,nan,nan
Uformer-lite (L1),BraTS2021_00024,30.132362,0.978417158126831,0.1419498,0.8624862486248625,0.0,0.0
Uformer-lite (L1),BraTS2021_00016,28.030928,0.9822972416877747,0.09409894,0.871499176276771,0.7588075880758808,0.8008752735229759
Uformer-lite (L1),BraTS2021_00020,30.264614,0.968869149684906,0.113571815,0.9090909090909091,0.31629392971246006,0.5739644970414202
Uformer-lite (L1),BraTS2021_00000,29.31529,0.96804279088974,0.10561068,0.9857549857549858,0.9404027949034114,0.8499384993849939
Uformer-lite (L1),BraTS2021_00000,30.871819,0.9816350936889648,0.08544489,0.8028169014084507,0.862015503875969,0.862015503875969
Uformer-lite (L1),BraTS2021_00026,28.96861,0.939781904220581,0.14150274,0.8153380423814329,0.8899408284023669,0.8833333333333333
Uformer-lite (L1),BraTS2021_00005,30.290081,0.9729678630828857,0.113770775,0.8671197562690415,0.8609715242881072,0.5910364145658263
Uformer-lite (L1),BraTS2021_00019,30.875265,0.9757823944091797,0.10380673,0.8928778228141285,0.0,0.0
Uformer-lite (L1),BraTS2021_00005,31.869133,0.9860780835151672,0.08300635,0.8074023303632625,0.8856140350877193,0.3191489361702128
Uformer-lite (L1),BraTS2021_00003,29.41977,0.975807249546051,0.13368414,0.9241991753885189,nan,nan
Uformer-lite (L1),BraTS2021_00021,30.965275,0.9543244242668152,0.11604746,0.7873910127431254,0.1889763779527559,0.21315192743764172
Uformer-lite (L1),BraTS2021_00025,31.087572,0.9845232367515564,0.073793784,0.71875,nan,nan
Uformer-lite (L1),BraTS2021_00003,31.075943,0.9803594350814819,0.09695172,0.9493618773157678,0.7523404255319149,0.7835820895522388
Uformer-lite (L1),BraTS2021_00011,31.848734,0.9762271642684937,0.07354027,0.9833487511563367,0.5307557117750439,0.5584905660377358
Uformer-lite (L1),BraTS2021_00011,31.801266,0.9823890924453735,0.07068742,0.9771328056288479,0.7387387387387387,0.7488584474885844
Uformer-lite (L1),BraTS2021_00019,32.6109,0.9841987490653992,0.080755234,0.8770053475935828,0.27608346709470305,0.3065953654188948
Uformer-lite (L1),BraTS2021_00017,31.161707,0.9751118421554565,0.09696891,0.9175027870680045,nan,nan
Uformer-lite (L1),BraTS2021_00006,29.861057,0.9742855429649353,0.10817446,0.11464968152866242,nan,nan
Uformer-lite (L1),BraTS2021_00000,30.336351,0.9787697792053223,0.08854133,0.9048723897911833,0.9402985074626866,0.9219088937093276
Uformer-lite (L1),BraTS2021_00019,31.104446,0.9743795394897461,0.12557189,0.556401384083045,nan,nan
Uformer-lite (L1),BraTS2021_00017,30.923786,0.9744951725006104,0.09783692,0.8378109452736319,nan,nan
Uformer-lite (L1),BraTS2021_00014,29.335812,0.9759147763252258,0.09726417,0.5570469798657718,nan,nan
Uformer-lite (L1),BraTS2021_00011,31.82447,0.9743165373802185,0.07619622,0.9779374037968189,0.7591836734693878,0.743801652892562
Uformer-lite (L1),BraTS2021_00002,31.134787,0.9800372123718262,0.087735966,0.931941431670282,0.1466854724964739,0.2792022792022792
Uformer-lite (L1),BraTS2021_00009,29.269772,0.9760491251945496,0.10294048,0.0,0.0,0.0
Uformer-lite (L1),BraTS2021_00009,28.94043,0.9765441417694092,0.09988786,0.9785100286532952,0.794392523364486,0.7340425531914894
Uformer-lite (L1),BraTS2021_00022,29.491365,0.9620175361633301,0.103056245,0.9044708909617241,0.9177153920619555,0.9177153920619555
Uformer-lite (L1),BraTS2021_00019,33.31796,0.9863277077674866,0.074484974,0.8342708784076157,nan,nan
Uformer-lite (L1),BraTS2021_00006,31.426332,0.9840605854988098,0.086778834,0.9698518140010219,0.8605200945626478,0.8398058252427184
Uformer-lite (L1),BraTS2021_00012,29.929333,0.9882218837738037,0.07590779,0.9326997174415618,0.6280397547050116,nan
Uformer-lite (L1),BraTS2021_00024,31.457575,0.9796039462089539,0.16037187,0.0,0.0,0.0
Uformer-lite (L1),BraTS2021_00012,31.077618,0.9891565442085266,0.072052486,0.9800861141011841,0.895219700627716,nan
Uformer-lite (L1),BraTS2021_00016,27.450699,0.9717541337013245,0.12322016,0.0,nan,nan
Uformer-lite (L1),BraTS2021_00012,28.423197,0.9787631630897522,0.13583142,0.9544449358690845,0.0,nan
Uformer-lite (L1),BraTS2021_00011,31.84003,0.9873073697090149,0.068079956,0.9810964083175804,0.7947882736156352,0.7947882736156352
Uformer-lite (L1),BraTS2021_00020,31.722067,0.9781360626220703,0.09347071,0.8258527827648114,0.5050505050505051,0.5050505050505051
Uformer-lite (L1),BraTS2021_00018,30.447752,0.9832141995429993,0.08349953,0.9814126394052045,0.666309300455642,0.6836935166994106
Uformer-lite (L1),BraTS2021_00024,32.36827,0.9881551861763,0.0712718,0.9484992101105845,nan,nan
Uformer-lite (L1),BraTS2021_00009,28.655632,0.9746060371398926,0.10534729,nan,nan,nan
Uformer-lite (L1),BraTS2021_00017,32.221302,0.9697505235671997,0.089266814,0.7624750499001997,nan,nan
Uformer-lite (L1),BraTS2021_00014,28.764784,0.9631844758987427,0.11175394,0.8309982486865148,0.2709677419354839,0.2709677419354839
Uformer-lite (L1),BraTS2021_00022,26.737804,0.952998161315918,0.14927268,0.9157266091572661,nan,nan
Uformer-lite (L1),BraTS2021_00022,29.600739,0.9562541842460632,0.10039518,0.8304164152082076,0.681701691440287,0.681701691440287
Uformer-lite (L1),BraTS2021_00025,30.49035,0.9795896410942078,0.084144026,0.6632124352331606,nan,nan
Uformer-lite (L1),BraTS2021_00022,27.790945,0.9395961761474609,0.14490555,0.8945783132530121,0.6828282828282828,0.6828282828282828
Uformer-lite (L1),BraTS2021_00009,30.009079,0.9833099246025085,0.08794827,0.0,nan,nan
Uformer-lite (L1),BraTS2021_00011,31.601713,0.9750291705131531,0.082840726,0.9629629629629629,0.0,0.0
Uformer-lite (L1),BraTS2021_00021,29.71609,0.9258480072021484,0.15154333,0.7681083897863471,nan,nan
Uformer-lite (L1),BraTS2021_00017,30.582577,0.96236252784729,0.10804336,0.9569230769230769,nan,nan
Uformer-lite (L1),BraTS2021_00003,32.623375,0.9766736626625061,0.09422027,0.0,0.0,0.0
Uformer-lite (L1),BraTS2021_00011,31.196644,0.9718722701072693,0.0817006,0.9756387403446227,0.40601503759398494,0.40601503759398494
Uformer-lite (L1),BraTS2021_00022,27.345121,0.936794638633728,0.16418979,0.5844155844155844,0.26666666666666666,0.26666666666666666
Uformer-lite (L1),BraTS2021_00003,31.404688,0.9796716570854187,0.09618975,0.9697557192710353,0.7066115702479339,0.739374498797113
Uformer-lite (L1),BraTS2021_00025,31.922508,0.9897691607475281,0.06523025,0.1694915254237288,nan,nan
Uformer-lite (L1),BraTS2021_00022,29.600983,0.958530604839325,0.10213708,0.8984476067270375,0.852157943067034,0.852157943067034
Uformer-lite (L1),BraTS2021_00022,26.511192,0.9665254950523376,0.19007474,0.868421052631579,nan,nan
Uformer-lite (L1),BraTS2021_00026,31.13565,0.9745081663131714,0.09686837,0.6300686213349969,0.8160535117056856,0.7908045977011494
Uformer-lite (L1),BraTS2021_00017,32.37554,0.9873890280723572,0.07922977,0.8061448427212875,nan,nan
Uformer-lite (L1),BraTS2021_00021,31.109348,0.9497902989387512,0.11399298,0.6939182452642074,0.16692913385826771,0.19099099099099098
Uformer-lite (L1),BraTS2021_00012,30.320244,0.9893667101860046,0.07377981,0.9220280153712657,0.47936145952109466,nan
Uformer-lite (L1),BraTS2021_00016,27.859285,0.9763444066047668,0.1111719,0.01948051948051948,nan,nan
Uformer-lite (L1),BraTS2021_00000,28.64419,0.9539290070533752,0.14171065,0.6640522875816993,0.8114035087719298,0.8114035087719298
Uformer-lite (L1),BraTS2021_00016,28.521862,0.9796390533447266,0.100917265,0.3379501385041551,0.0,0.0
Uformer-lite (L1),BraTS2021_00018,29.045458,0.9764564633369446,0.1195915,0.8800834202294057,0.2533632286995516,0.24289405684754523
Uformer-lite (L1),BraTS2021_00003,31.258629,0.980863630771637,0.09287404,0.9564725833804409,0.7504598405885959,0.7804154302670623
Uformer-lite (L1),BraTS2021_00003,29.35827,0.9729415774345398,0.12724964,0.9174166225516146,0.7560137457044673,0.7560137457044673
Uformer-lite (L1),BraTS2021_00006,32.595657,0.9916149973869324,0.067330234,0.9664787896766538,0.9269356597600873,0.7714884696016772
Uformer-lite (L1),BraTS2021_00016,29.075243,0.986693263053894,0.0834908,0.8760975609756098,0.8422764227642277,0.8716904276985743
Uformer-lite (L1),BraTS2021_00006,31.033936,0.9878731369972229,0.07772391,0.9760191846522782,0.728744939271255,0.7951807228915663
Uformer-lite (L1),BraTS2021_00006,30.890526,0.9858777523040771,0.08110964,0.9703069954705587,0.9561347743165926,0.9042995839112344
Uformer-lite (L1),BraTS2021_00016,27.719591,0.9817085862159729,0.09746358,0.8082644628099174,0.6853146853146853,0.6910299003322259
Uformer-lite (L1),BraTS2021_00014,28.559916,0.9632230997085571,0.114070825,0.8201312910284464,0.02631578947368421,0.02631578947368421
Uformer-lite (L1),BraTS2021_00014,28.583858,0.9629219174385071,0.11478042,0.8394957983193277,0.24043715846994534,0.24043715846994534
Uformer-lite (L1),BraTS2021_00014,30.178398,0.9755708575248718,0.18575302,0.5211581291759465,nan,nan
Uformer-lite (L1),BraTS2021_00026,30.985577,0.9619485139846802,0.10532121,0.8681166126793152,0.9090909090909091,0.8804289544235925
Uformer-lite (L1),BraTS2021_00006,33.170414,0.9890721440315247,0.07285289,0.8423005565862709,nan,nan
Uformer-lite (L1),BraTS2021_00002,28.650864,0.9521263837814331,0.14460453,0.7807692307692308,nan,nan
Uformer-lite (L1),BraTS2021_00017,30.874956,0.9690253734588623,0.101374075,0.8828282828282829,0.0,0.0
Uformer-lite (L1),BraTS2021_00002,31.052181,0.980150043964386,0.086640246,0.8990256864481843,0.46938775510204084,0.6988847583643123
Uformer-lite (L1),BraTS2021_00022,29.323479,0.9676718711853027,0.13693361,0.0,0.0,0.0
Uformer-lite (L1),BraTS2021_00016,29.789291,0.990243673324585,0.07521623,0.7718446601941747,0.9078498293515358,0.8530465949820788
Uformer-lite (L1),BraTS2021_00024,31.923397,0.9859562516212463,0.07844123,0.9501894964807797,nan,nan
Uformer-lite (L1),BraTS2021_00017,29.414955,0.9630176424980164,0.15063544,0.6076696165191741,nan,nan
Uformer-lite (L1),BraTS2021_00009,29.01187,0.9764627814292908,0.10219762,nan,nan,nan
Uformer-lite (L1),BraTS2021_00003,28.686134,0.9760245084762573,0.1570357,0.7856705450091855,nan,nan
Uformer-lite (L1),BraTS2021_00021,30.39937,0.930662989616394,0.13425851,0.8274306338822468,nan,nan
Uformer-lite (L1),BraTS2021_00024,31.337612,0.9828149080276489,0.08510044,0.9289311695579183,0.0,nan
Uformer-lite (L1),BraTS2021_00018,30.657999,0.987444281578064,0.08000578,0.9454345030314165,0.7572452477407292,0.705383637134379
Uformer-lite (L1),BraTS2021_00017,32.582428,0.9879232048988342,0.07580466,0.822527832351015,nan,nan
Uformer-lite (L1),BraTS2021_00020,30.167616,0.9703380465507507,0.111721076,0.8254777070063695,0.056179775280898875,0.125
Uformer-lite (L1),BraTS2021_00008,29.948048,0.966878354549408,0.10443277,0.9393939393939394,0.0,0.0
Uformer-lite (L1),BraTS2021_00019,32.701736,0.9868544340133667,0.078343086,0.8802478698683192,0.0,0.0
Uformer-lite (L1),BraTS2021_00014,27.897392,0.9691335558891296,0.17165142,0.8181818181818182,0.0,0.0
Uformer-lite (L1),BraTS2021_00006,31.121143,0.9874446988105774,0.078723826,0.9703307392996109,0.9366244162775184,0.8717201166180758
Uformer-lite (L1),BraTS2021_00020,29.096241,0.9296485185623169,0.14548136,0.1917808219178082,nan,nan
Uformer-lite (L1),BraTS2021_00000,29.39493,0.9705209732055664,0.10069325,0.9764170459247,0.9653882132834425,0.8951048951048951
Uformer-lite (L1),BraTS2021_00025,31.342484,0.98592209815979,0.07213728,0.6299212598425197,nan,nan
Uformer-lite (L1),BraTS2021_00012,29.102766,0.9767533540725708,0.17198832,0.9179978700745474,nan,nan
Uformer-lite (L1),BraTS2021_00024,30.565035,0.9813234806060791,0.09301845,0.9511164755582378,nan,nan
Uformer-lite (L1),BraTS2021_00005,31.64117,0.9827192425727844,0.08784565,0.6775294847920547,0.9477871705619095,0.6611796982167353
Uformer-lite (L1),BraTS2021_00005,28.212355,0.9629024863243103,0.15567008,0.8654545454545455,0.7927756653992395,0.7666666666666667
Uformer-lite (L1),BraTS2021_00000,28.298962,0.9537990093231201,0.13780655,0.8072289156626506,0.9396325459317585,0.9236234458259325
Uformer-lite (L1),BraTS2021_00003,33.04089,0.9820530414581299,0.081161685,0.9595345146786565,0.5189393939393939,0.7719688542825361
Uformer-lite (L1),BraTS2021_00026,29.387249,0.9379810690879822,0.13262916,0.7062549485352335,0.8307692307692308,0.7717171717171717
Uformer-lite (L1),BraTS2021_00024,30.568922,0.9786962866783142,0.15276602,0.009389671361502348,0.0,0.0
Uformer-lite (L1),BraTS2021_00000,28.815033,0.9703369140625,0.10836114,0.9540512101017187,0.9364575059571089,0.8818897637795275
Uformer-lite (L1),BraTS2021_00016,28.397552,0.980278730392456,0.09748829,0.7277882797731569,0.6201117318435754,0.631578947368421
Uformer-lite (L1),BraTS2021_00005,32.046158,0.9796257019042969,0.08895592,0.9402526459542506,0.7588235294117647,0.4556213017751479
Uformer-lite (L1),BraTS2021_00020,30.280865,0.9655896425247192,0.11581013,0.899492385786802,0.3247863247863248,0.5248618784530387
Uformer-lite (L1),BraTS2021_00026,31.169224,0.9716304540634155,0.10045858,0.605604921394395,0.7450980392156863,0.7137330754352031
Uformer-lite (L1),BraTS2021_00024,31.73093,0.9863472580909729,0.077396184,0.9467202141900937,nan,nan
Uformer-lite (L1),BraTS2021_00021,29.814274,0.9290189743041992,0.14638717,0.8078817733990148,nan,nan
Uformer-lite (L1),BraTS2021_00012,31.188408,0.9902962446212769,0.06838241,0.9467375325115911,0.7246829268292683,nan
Uformer-lite (L1),BraTS2021_00002,29.412083,0.967743456363678,0.16251476,0.9289991445680068,nan,nan
Uformer-lite (L1),BraTS2021_00021,33.125298,0.9368386268615723,0.09485336,0.5035561877667141,nan,nan
Uformer-lite (L1),BraTS2021_00009,30.165102,0.9813643097877502,0.08835247,0.8545454545454545,nan,nan
Uformer-lite (L1),BraTS2021_00021,30.008852,0.9523499608039856,0.16851263,0.6385669125395153,nan,nan
Uformer-lite (L1),BraTS2021_00011,31.708126,0.9850571155548096,0.07231556,0.9182561307901907,0.47641509433962265,0.47641509433962265
Uformer-lite (L1),BraTS2021_00012,30.9425,0.9903171062469482,0.06917304,0.9265792610250297,0.4145150034891835,0.0
Uformer-lite (L1),BraTS2021_00016,30.068323,0.9890648722648621,0.07541548,0.049773755656108594,nan,nan
Uformer-lite (L1),BraTS2021_00002,32.486362,0.9877934455871582,0.07225236,0.9506241848332402,0.8253615127919911,0.8621908127208481
Uformer-lite (L1),BraTS2021_00011,28.490768,0.9628437161445618,0.13032784,0.8897196261682243,0.0,0.0
Uformer-lite (L1),BraTS2021_00019,34.465683,0.9869539141654968,0.06712464,0.5978467384420519,nan,nan
Uformer-lite (L1),BraTS2021_00018,29.849972,0.9850088357925415,0.08526506,0.9679169992019154,0.8027665156212735,0.758887715593101
Uformer-lite (L1),BraTS2021_00014,29.014414,0.9650077223777771,0.10757508,0.8265174343521309,0.0,0.0
Uformer-lite (L1),BraTS2021_00012,30.168606,0.9858129620552063,0.085271426,0.9658792650918635,0.6833484986351228,nan
Uformer-lite (L1),BraTS2021_00012,28.497894,0.9802671074867249,0.12762313,0.9654605263157895,0.0,nan
Uformer-lite (L1),BraTS2021_00021,30.902288,0.9361768960952759,0.119730614,0.8210862619808307,nan,nan
Uformer-lite (L1),BraTS2021_00012,30.725029,0.9901614189147949,0.070642725,0.9202827888834715,0.4820846905537459,0.0
Uformer-lite (L1),BraTS2021_00011,29.478313,0.9656105041503906,0.11107849,0.9465301478953356,nan,nan
Uformer-lite (L1),BraTS2021_00011,30.249477,0.9655686020851135,0.0997638,0.9584438549955792,0.0,0.0
Uformer-lite (L1),BraTS2021_00000,29.182003,0.9657543301582336,0.10515306,0.9720176730486009,0.9633550488599348,0.8495382944052146
Uformer-lite (L1),BraTS2021_00025,31.84453,0.9899598956108093,0.0650031,0.9245283018867925,nan,nan
Uformer-lite (L1),BraTS2021_00025,30.871574,0.9833242297172546,0.079053074,0.07253886010362694,nan,nan
Uformer-lite (L1),BraTS2021_00018,30.187017,0.9860268831253052,0.08264794,0.9689643907219863,0.8321627512714943,0.7579848534738228
Uformer-lite (L1),BraTS2021_00026,30.9801,0.970867395401001,0.10230218,0.6775832862789385,0.847953216374269,0.7587301587301587
Uformer-lite (L1),BraTS2021_00016,27.840328,0.9785377383232117,0.12552913,0.0,nan,nan
Uformer-lite (L1),BraTS2021_00014,27.736628,0.9705298542976379,0.1748048,0.8391922213911742,0.0,0.0
Uformer-lite (L1),BraTS2021_00017,30.94851,0.9698178768157959,0.10223905,0.887,nan,nan
Uformer-lite (L1),BraTS2021_00019,34.858444,0.9859417080879211,0.066949226,0.39301945100890745,nan,nan
Uformer-lite (L1),BraTS2021_00021,33.236828,0.9591216444969177,0.092516534,0.6020293122886133,nan,nan
Uformer-lite (L1),BraTS2021_00017,31.195326,0.9615268111228943,0.09804926,0.17709923664122137,nan,nan
Uformer-lite (L1),BraTS2021_00017,29.615734,0.9571151733398438,0.12871432,0.8734650293646556,nan,nan
Uformer-lite (L1),BraTS2021_00020,29.84991,0.9693323969841003,0.11438054,0.9309352517985612,0.08445945945945946,0.25252525252525254
Uformer-lite (L1),BraTS2021_00022,29.883936,0.9704479575157166,0.097291864,0.9738539898132428,0.7733556765814831,0.8567758509955041
Uformer-lite (L1),BraTS2021_00012,30.510586,0.9873469471931458,0.08143915,0.9497907949790795,0.5172413793103449,nan
Uformer-lite (L1),BraTS2021_00021,30.46165,0.9284931421279907,0.13425556,0.8061664021763773,nan,nan
Uformer-lite (L1),BraTS2021_00011,31.739212,0.978740930557251,0.07323096,0.9655773420479303,0.6447876447876448,0.6447876447876448
Uformer-lite (L1),BraTS2021_00002,31.070993,0.9813137650489807,0.08504461,0.8968817026893252,0.5470485096434834,0.7622504537205081
Uformer-lite (L1),BraTS2021_00002,30.691036,0.9624111652374268,0.106094904,0.8005786319487498,0.0,0.0
Uformer-lite (L1),BraTS2021_00017,29.153463,0.9550502896308899,0.1390382,0.8526808953669963,nan,nan
Uformer-lite (L1),BraTS2021_00024,30.215223,0.9796252846717834,0.11030964,0.9593128390596745,0.7101449275362319,0.7101449275362319
Uformer-lite (L1),BraTS2021_00019,34.342144,0.9880009293556213,0.06795797,0.6311111111111111,nan,nan
Uformer-lite (L1),BraTS2021_00020,32.00519,0.9785417914390564,0.089805335,0.0,nan,nan
Uformer-lite (L1),BraTS2021_00005,31.408314,0.9798784852027893,0.092391334,0.7363714531384351,0.9255765199161425,0.7141162514827996
Uformer-lite (L1),BraTS2021_00025,29.901323,0.9746406078338623,0.091756724,0.0,nan,nan
Uformer-lite (L1),BraTS2021_00021,32.936638,0.9545796513557434,0.09317273,0.5543933054393305,nan,nan
Uformer-lite (L1),BraTS2021_00018,30.277878,0.987289309501648,0.08106966,0.9626088441181492,0.8278947368421052,0.7371172516803585
Uformer-lite (L1),BraTS2021_00025,30.593817,0.9805495142936707,0.08305195,0.0,nan,nan
Uformer-lite (L1),BraTS2021_00009,28.908566,0.9772794842720032,0.10185708,nan,nan,nan
Uformer-lite (L1),BraTS2021_00019,30.530674,0.9736766815185547,0.111503154,0.8804562404035973,0.0,0.0
Uformer-lite (L1),BraTS2021_00000,28.56937,0.9583357572555542,0.118124,0.9273162939297125,0.9469933184855234,0.8718498659517426
Uformer-lite (L1),BraTS2021_00022,30.410007,0.9770455360412598,0.089067526,0.8916122004357299,0.7146596858638743,0.7886044591246903
Uformer-lite (L1),BraTS2021_00021,30.543291,0.9260264039039612,0.12933215,0.772528007793473,0.0,0.0
Uformer-lite (L1),BraTS2021_00026,29.17842,0.9505940079689026,0.15068045,0.5399698340874811,0.6380368098159509,0.6365503080082136
Uformer-lite (L1),BraTS2021_00022,26.47573,0.9672078490257263,0.18194653,0.8671679197994987,nan,nan
Uformer-lite (L1),BraTS2021_00012,29.83988,0.9826353788375854,0.097042754,0.9773939547879096,0.6168608636052091,nan
Uformer-lite (L1),BraTS2021_00014,28.768578,0.9696335792541504,0.10631651,0.8922190201729107,0.0,0.0
Uformer-lite (L1),BraTS2021_00012,30.26862,0.9885911345481873,0.07516327,0.9270701443403393,0.5670397191134519,nan
Uformer-lite (L1),BraTS2021_00026,31.863228,0.9831401109695435,0.08510033,0.6332350049164208,0.6518987341772152,0.6406926406926406
Uformer-lite (L1),BraTS2021_00014,28.062706,0.9622208476066589,0.1354665,0.8710736052508204,0.0,0.0
Uformer-lite (L1),BraTS2021_00019,30.650791,0.9750038385391235,0.1145149,0.7840622853217312,0.0,0.0
Uformer-lite (L1),BraTS2021_00002,31.056664,0.9793156385421753,0.08755634,0.8837872522458292,0.46392896781354054,0.6419753086419753
Uformer-lite (L1),BraTS2021_00019,33.22615,0.9867438673973083,0.07616263,0.8823264877829411,0.0,0.0
Uformer-lite (L1),BraTS2021_00002,30.892431,0.9713484644889832,0.098756514,0.9349214569307785,0.10108303249097472,0.1011378002528445
Uformer-lite (L1),BraTS2021_00002,29.663809,0.9662405848503113,0.19731697,0.6818181818181818,nan,nan
Uformer-lite (L1),BraTS2021_00018,30.314657,0.977758526802063,0.09283069,0.877030162412993,0.0,0.0
Uformer-lite (L1),BraTS2021_00022,30.600395,0.9779629707336426,0.08598755,0.9515418502202643,0.7817089452603472,0.871499176276771
Uformer-lite (L1),BraTS2021_00003,32.41405,0.9832441210746765,0.08320318,0.9651268115942029,0.22378606615059818,0.4688427299703264
Uformer-lite (L1),BraTS2021_00014,29.826046,0.978392481803894,0.16139448,0.6278538812785388,nan,nan
Uformer-lite (L1),BraTS2021_00016,29.969952,0.9891815781593323,0.075826816,0.6056338028169014,nan,nan
Uformer-lite (L1),BraTS2021_00021,31.837454,0.9665338397026062,0.103976935,0.5883586785527006,0.0,0.0
Uformer-lite (L1),BraTS2021_00019,34.365124,0.982944130897522,0.07287549,0.2714887292543968,nan,nan
Uformer-lite (L1),BraTS2021_00024,30.919453,0.9770745038986206,0.16714492,0.0,0.0,0.0
Uformer-lite (L1),BraTS2021_00019,31.82456,0.9845752716064453,0.08645379,0.851603498542274,0.17531718569780855,0.19869281045751633
Uformer-lite (L1),BraTS2021_00026,33.154453,0.9853384494781494,0.07658798,0.23631123919308358,0.5783132530120482,0.6025641025641025
Uformer-lite (L1),BraTS2021_00022,30.720615,0.9779553413391113,0.08749839,0.9696254792096727,0.8200867052023122,0.9135212613473483
Uformer-lite (L1),BraTS2021_00020,30.018768,0.9506953358650208,0.12329614,0.8672,0.9033391915641477,0.8837209302325582
Uformer-lite (L1),BraTS2021_00012,30.930101,0.9908218383789062,0.06773135,0.9182331910967593,0.569781803211198,0.0
Uformer-lite (L1),BraTS2021_00025,29.045374,0.967625081539154,0.10069953,0.0,nan,nan
Uformer-lite (L1),BraTS2021_00002,30.362566,0.9741096496582031,0.10211056,0.7825077399380805,nan,nan
Uformer-lite (L1),BraTS2021_00025,30.128279,0.9792950749397278,0.0832038,0.2916666666666667,0.0,0.0
Uformer-lite (L1),BraTS2021_00011,30.349663,0.9672444462776184,0.090538144,0.9710610932475884,0.0,0.0
Uformer-lite (L1),BraTS2021_00003,29.294647,0.9746819734573364,0.13085712,0.8870266914959652,0.0,0.0
Uformer-lite (L1),BraTS2021_00025,31.684162,0.9884641766548157,0.06637618,0.0,nan,nan
Uformer-lite (L1),BraTS2021_00008,29.554619,0.9667116403579712,0.1056849,0.9647326507394767,0.0,0.0
Uformer-lite (L1),BraTS2021_00018,30.464304,0.9810457229614258,0.084624626,0.9818997276950184,0.593418547729127,0.649810366624526
Uformer-lite (L1),BraTS2021_00019,30.459702,0.9716817140579224,0.12926503,0.6013195098963242,nan,nan
Uformer-lite (L1),BraTS2021_00020,31.115034,0.9770673513412476,0.099735335,0.885024154589372,0.34674922600619196,0.45161290322580644
Uformer-lite (L1),BraTS2021_00017,31.498592,0.9822070002555847,0.08783512,0.9101412066752247,nan,nan
Uformer-lite (L1),BraTS2021_00008,30.477055,0.9623722434043884,0.09984587,0.9071207430340558,nan,nan
Uformer-lite (L1),BraTS2021_00003,32.079796,0.9839603304862976,0.08412989,0.906444099378882,0.4339296018465089,0.6956521739130435
Uformer-lite (L1),BraTS2021_00022,28.684456,0.9589075446128845,0.1113505,0.8689558514365803,0.8598639455782313,0.8598639455782313
Uformer-lite (L1),BraTS2021_00017,31.31429,0.9823052883148193,0.08811077,0.9034564958283671,nan,nan
SwinIR + PathologyLoss,BraTS2021_00020,31.3719,0.9726145267486572,0.10013055,0.0,nan,nan
SwinIR + PathologyLoss,BraTS2021_00022,29.24756,0.960377037525177,0.110316224,0.8981064021641119,0.8356299212598425,0.8080133555926544
SwinIR + PathologyLoss,BraTS2021_00005,30.292418,0.9730154275894165,0.1120042,0.8885393258426967,0.9226037929267042,0.8092485549132948
SwinIR + PathologyLoss,BraTS2021_00017,30.850363,0.979508101940155,0.09316585,0.9326864766525167,nan,nan
SwinIR + PathologyLoss,BraTS2021_00005,30.482323,0.9760502576828003,0.10342431,0.9199205823957644,0.9171270718232044,0.7775831873905429
SwinIR + PathologyLoss,BraTS2021_00000,29.63253,0.9708436727523804,0.099921346,0.9781659388646288,0.965669014084507,0.9103030303030303
SwinIR + PathologyLoss,BraTS2021_00006,30.864185,0.9872849583625793,0.0801677,0.9595687331536388,0.948051948051948,0.8970814132104454
SwinIR + PathologyLoss,BraTS2021_00009,27.749748,0.9652276039123535,0.120792195,nan,nan,nan
SwinIR + PathologyLoss,BraTS2021_00006,31.082184,0.9879322648048401,0.07773686,0.971301335972291,0.8869908015768725,0.8687196110210696
SwinIR + PathologyLoss,BraTS2021_00022,28.372442,0.9594789147377014,0.11793587,0.9369369369369369,0.7977839335180056,0.7977839335180056
SwinIR + PathologyLoss,BraTS2021_00018,30.164883,0.9823154807090759,0.08592902,0.9702304737516005,0.8889848812095033,0.8139214334941419
SwinIR + PathologyLoss,BraTS2021_00025,30.255009,0.980930507183075,0.08200851,0.16,nan,nan
SwinIR + PathologyLoss,BraTS2021_00012,30.608917,0.986422061920166,0.08143282,0.9679199724042773,0.7598466364586964,0.0
SwinIR + PathologyLoss,BraTS2021_00000,28.65967,0.960591733455658,0.1256187,0.9499072356215214,0.9546632124352331,0.9221311475409836
SwinIR + PathologyLoss,BraTS2021_00006,31.530207,0.9888975620269775,0.07886738,0.948780487804878,nan,nan
SwinIR + PathologyLoss,BraTS2021_00018,30.013474,0.971328616142273,0.10323222,0.3504043126684636,nan,nan
SwinIR + PathologyLoss,BraTS2021_00008,29.096205,0.964073896408081,0.11265951,0.8451882845188284,nan,nan
SwinIR + PathologyLoss,BraTS2021_00009,28.564507,0.9768857955932617,0.09959897,0.6048203728967713,0.3181818181818182,0.33136094674556216
SwinIR + PathologyLoss,BraTS2021_00012,28.84377,0.9821513295173645,0.117591925,0.9668976135488837,0.0,nan
SwinIR + PathologyLoss,BraTS2021_00003,29.58257,0.9692155122756958,0.126038,0.9441651230484255,0.8547368421052631,0.8547368421052631
SwinIR + PathologyLoss,BraTS2021_00024,30.576021,0.9791988730430603,0.1112356,0.9411210551106924,0.782608695652174,0.782608695652174
SwinIR + PathologyLoss,BraTS2021_00019,33.080887,0.9768336415290833,0.082696974,0.35351966873706003,nan,nan
SwinIR + PathologyLoss,BraTS2021_00000,28.738941,0.9607794880867004,0.115405425,0.9759510275470048,0.9664246823956443,0.8975342465753424
SwinIR + PathologyLoss,BraTS2021_00022,29.677927,0.9603318572044373,0.103357166,0.904746317512275,0.8389380530973451,0.8404255319148937
SwinIR + PathologyLoss,BraTS2021_00011,30.772255,0.9666064977645874,0.09165759,0.9011976047904192,0.0,0.0
SwinIR + PathologyLoss,BraTS2021_00021,32.21957,0.940680742263794,0.103297144,0.05673758865248227,nan,nan
SwinIR + PathologyLoss,BraTS2021_00026,31.51994,0.9812639355659485,0.08891407,0.7882676443629697,0.8689200329760923,0.8484848484848485
SwinIR + PathologyLoss,BraTS2021_00009,27.976765,0.9721227884292603,0.11167665,0.0,nan,nan
SwinIR + PathologyLoss,BraTS2021_00024,30.172594,0.9799414873123169,0.13782848,0.8717434869739479,0.27972027972027974,0.29850746268656714
SwinIR + PathologyLoss,BraTS2021_00016,27.970367,0.9805417060852051,0.09775661,0.8742810188989318,0.928416485900217,0.7886792452830189
SwinIR + PathologyLoss,BraTS2021_00020,29.911694,0.9653650522232056,0.118799016,0.9770603228547153,0.7305122494432071,0.8635514018691589
SwinIR + PathologyLoss,BraTS2021_00000,29.358986,0.9716362953186035,0.10048286,0.9876803942273847,0.9631949882537196,0.8850217526413922
SwinIR + PathologyLoss,BraTS2021_00000,30.349316,0.9794321656227112,0.0896215,0.835707502374169,0.9387755102040817,0.9387755102040817
SwinIR + PathologyLoss,BraTS2021_00026,29.306118,0.9439182877540588,0.14240216,0.6884875846501128,0.7799736495388669,0.7798408488063661
SwinIR + PathologyLoss,BraTS2021_00005,30.016808,0.9717111587524414,0.11524142,0.8059444324790006,0.9410548086866598,0.8009367681498829
SwinIR + PathologyLoss,BraTS2021_00019,30.89304,0.9761769771575928,0.10210479,0.904320987654321,0.02531645569620253,0.033426183844011144
SwinIR + PathologyLoss,BraTS2021_00005,31.090923,0.9809237718582153,0.093569286,0.9809630459126539,0.9579081632653061,0.7649253731343284
SwinIR + PathologyLoss,BraTS2021_00003,29.598217,0.9764275550842285,0.13031207,0.9246329526916802,nan,nan
SwinIR + PathologyLoss,BraTS2021_00021,30.630947,0.9506592750549316,0.122914284,0.4756804997768853,0.3088235294117647,0.3096774193548387
SwinIR + PathologyLoss,BraTS2021_00025,30.631506,0.983435332775116,0.076817304,0.11494252873563218,nan,nan
SwinIR + PathologyLoss,BraTS2021_00003,30.778866,0.9768507480621338,0.10150772,0.9597116200169635,0.9228591648973815,0.9044289044289044
SwinIR + PathologyLoss,BraTS2021_00011,31.172478,0.9732426404953003,0.0805015,0.9661791590493601,0.5457875457875457,0.5936842105263158
SwinIR + PathologyLoss,BraTS2021_00011,30.87032,0.9785488247871399,0.079843104,0.9629629629629629,0.6082089552238806,0.6153846153846154
SwinIR + PathologyLoss,BraTS2021_00019,32.021008,0.9833518266677856,0.084112406,0.9010196078431373,0.4827586206896552,0.5260115606936416
SwinIR + PathologyLoss,BraTS2021_00017,30.708923,0.9737021327018738,0.09883449,0.8686390532544379,nan,nan
SwinIR + PathologyLoss,BraTS2021_00006,29.463882,0.9718390107154846,0.11626012,0.0,nan,nan
SwinIR + PathologyLoss,BraTS2021_00000,30.51487,0.9784951210021973,0.088620186,0.9332273449920508,0.9436325678496869,0.925531914893617
SwinIR + PathologyLoss,BraTS2021_00019,30.961369,0.973741352558136,0.12680838,0.8488434642280797,nan,nan
SwinIR + PathologyLoss,BraTS2021_00017,30.639742,0.9709879755973816,0.102612704,0.8729281767955801,nan,nan
SwinIR + PathologyLoss,BraTS2021_00014,29.38454,0.9747006297111511,0.098889016,0.2033898305084746,nan,nan
SwinIR + PathologyLoss,BraTS2021_00011,31.016018,0.9722521901130676,0.08213229,0.9682299546142209,0.44782608695652176,0.47738693467336685
SwinIR + PathologyLoss,BraTS2021_00002,30.729477,0.977656364440918,0.090197794,0.9053303720155469,0.7495812395309883,0.6748377793799567
SwinIR + PathologyLoss,BraTS2021_00009,28.091192,0.9697673320770264,0.114306755,0.0,0.0,0.0
SwinIR + PathologyLoss,BraTS2021_00009,28.214615,0.9713202118873596,0.10831241,0.8203221809169765,0.48330058939096265,0.45267489711934156
SwinIR + PathologyLoss,BraTS2021_00022,29.667206,0.959181547164917,0.10355732,0.9179743223965763,0.8707592891760905,0.8707592891760905
SwinIR + PathologyLoss,BraTS2021_00019,32.02952,0.9803980588912964,0.086323254,0.8606006275212909,nan,nan
SwinIR + PathologyLoss,BraTS2021_00006,30.51128,0.9813217520713806,0.09440163,0.9563409563409564,0.8944954128440367,0.8785046728971962
SwinIR + PathologyLoss,BraTS2021_00012,29.777987,0.987417995929718,0.07811182,0.937612323491656,0.8252496433666191,0.0
SwinIR + PathologyLoss,BraTS2021_00024,31.414509,0.9788114428520203,0.1645783,0.0,0.0,0.0
SwinIR + PathologyLoss,BraTS2021_00012,30.61661,0.9877713918685913,0.07588999,0.9788152745918229,0.8827313211281543,0.0
SwinIR + PathologyLoss,BraTS2021_00016,27.837288,0.9772257208824158,0.115475446,0.0,nan,nan
SwinIR + PathologyLoss,BraTS2021_00012,28.744371,0.9817311763763428,0.12737663,0.9718181818181818,0.0,nan
SwinIR + PathologyLoss,BraTS2021_00011,30.390055,0.9806624054908752,0.0833887,0.9343594386600271,0.451505016722408,0.4479166666666667
SwinIR + PathologyLoss,BraTS2021_00020,31.122421,0.9754338264465332,0.09957483,0.8426763110307414,0.6931818181818182,0.6931818181818182
SwinIR + PathologyLoss,BraTS2021_00018,30.650604,0.9830690622329712,0.08183154,0.9815852682145717,0.9030762747576907,0.8162180126287804
SwinIR + PathologyLoss,BraTS2021_00024,31.514313,0.9833042621612549,0.0826007,0.9575315195753152,nan,nan
SwinIR + PathologyLoss,BraTS2021_00009,27.906918,0.9718309640884399,0.11153707,nan,nan,nan
SwinIR + PathologyLoss,BraTS2021_00017,31.675299,0.9674427509307861,0.090738475,0.7941834451901566,nan,nan
SwinIR + PathologyLoss,BraTS2021_00014,28.54864,0.9614062309265137,0.111794785,0.8775108310358409,0.6938775510204082,0.6938775510204082
SwinIR + PathologyLoss,BraTS2021_00022,27.281967,0.9599182605743408,0.13644625,0.9241830065359478,0.0,0.0
SwinIR + PathologyLoss,BraTS2021_00022,30.073719,0.9544599652290344,0.10000306,0.863837872070931,0.6646525679758308,0.6646525679758308
SwinIR + PathologyLoss,BraTS2021_00025,30.390732,0.9807584285736084,0.083960816,0.058823529411764705,0.0,0.0
SwinIR + PathologyLoss,BraTS2021_00022,28.643581,0.9500961899757385,0.13481653,0.887905604719764,0.6475095785440613,0.6475095785440613
SwinIR + PathologyLoss,BraTS2021_00009,28.85085,0.9779743552207947,0.099597715,0.0,nan,nan
SwinIR + PathologyLoss,BraTS2021_00011,30.943377,0.9724992513656616,0.0874231,0.9125127161749745,0.0,0.0
SwinIR + PathologyLoss,BraTS2021_00021,29.627008,0.9365729093551636,0.14796418,0.7351664254703328,nan,nan
SwinIR + PathologyLoss,BraTS2021_00017,30.364302,0.9576661586761475,0.112116635,0.9678824169842134,nan,nan
SwinIR + PathologyLoss,BraTS2021_00003,31.781338,0.9721800684928894,0.1050268,0.0,0.0,0.0
SwinIR + PathologyLoss,BraTS2021_00011,30.902142,0.9712280631065369,0.08519232,0.9692214846107423,0.2962962962962963,0.30303030303030304
SwinIR + PathologyLoss,BraTS2021_00022,27.972029,0.9468151926994324,0.15314302,0.14218009478672985,0.017391304347826087,0.017391304347826087
SwinIR + PathologyLoss,BraTS2021_00003,31.373547,0.9787691235542297,0.09546577,0.9780589049219214,0.8740390301596689,0.8778089887640449
SwinIR + PathologyLoss,BraTS2021_00025,31.38739,0.9875949621200562,0.069711946,0.0,nan,nan
SwinIR + PathologyLoss,BraTS2021_00022,29.558315,0.9548907279968262,0.10329488,0.8185801928133216,0.5799614643545279,0.5799614643545279
SwinIR + PathologyLoss,BraTS2021_00022,27.327446,0.9740517139434814,0.16924477,0.9,nan,nan
SwinIR + PathologyLoss,BraTS2021_00026,30.911253,0.9747844338417053,0.09806475,0.7138711549622752,0.9080234833659491,0.878391959798995
SwinIR + PathologyLoss,BraTS2021_00017,31.546997,0.9855040311813354,0.085202836,0.8859878154917319,nan,nan
SwinIR + PathologyLoss,BraTS2021_00021,30.41527,0.9469268918037415,0.124124825,0.6327526132404181,0.15822784810126583,0.18115942028985507
SwinIR + PathologyLoss,BraTS2021_00012,30.194153,0.9879266619682312,0.07641466,0.9299552906110283,0.773010634396773,0.0
SwinIR + PathologyLoss,BraTS2021_00016,28.15839,0.9777149558067322,0.107152335,0.006535947712418301,nan,nan
SwinIR + PathologyLoss,BraTS2021_00000,29.037714,0.9606070518493652,0.13417505,0.8056265984654731,0.9187145557655955,0.9187145557655955
SwinIR + PathologyLoss,BraTS2021_00016,28.419855,0.9815032482147217,0.097787455,0.687089715536105,0.6618705035971223,0.6046511627906976
SwinIR + PathologyLoss,BraTS2021_00018,29.495922,0.9776503443717957,0.11689448,0.8409260642270351,0.4594594594594595,0.49223946784922396
SwinIR + PathologyLoss,BraTS2021_00003,31.305481,0.9797283411026001,0.093746744,0.9732331985364915,0.9028146574614976,0.9169909208819714
SwinIR + PathologyLoss,BraTS2021_00003,29.377125,0.9722452163696289,0.12773538,0.9297566371681416,0.8258064516129032,0.8258064516129032
SwinIR + PathologyLoss,BraTS2021_00006,31.575613,0.990925133228302,0.07237215,0.9710914454277286,0.955193482688391,0.863905325443787
SwinIR + PathologyLoss,BraTS2021_00016,28.903286,0.9851006865501404,0.08728704,0.8948891031822566,0.9289940828402367,0.8661087866108786
SwinIR + PathologyLoss,BraTS2021_00006,30.697735,0.9874855279922485,0.07880538,0.9762419006479481,0.9554300062774639,0.8607954545454546
SwinIR + PathologyLoss,BraTS2021_00006,30.772465,0.9863400459289551,0.08183717,0.973973973973974,0.9085009733939,0.8670694864048338
SwinIR + PathologyLoss,BraTS2021_00016,28.38254,0.9818597435951233,0.09481847,0.8157248157248157,0.877914951989026,0.782608695652174
SwinIR + PathologyLoss,BraTS2021_00014,28.60116,0.960827648639679,0.11317774,0.8187688334050797,0.6932515337423313,0.6932515337423313
SwinIR + PathologyLoss,BraTS2021_00014,28.592766,0.9622113108634949,0.11541546,0.8672024492920015,0.4558139534883721,0.4558139534883721
SwinIR + PathologyLoss,BraTS2021_00014,30.606234,0.9787980914115906,0.17319646,0.6379746835443038,nan,nan
SwinIR + PathologyLoss,BraTS2021_00026,30.865229,0.9622889757156372,0.10816859,0.8983430362740707,0.9345238095238095,0.9079816980172852
SwinIR + PathologyLoss,BraTS2021_00006,31.133976,0.9838317632675171,0.09124073,0.8545288197621226,nan,nan
SwinIR + PathologyLoss,BraTS2021_00002,29.030893,0.9565433859825134,0.13911152,0.7504520795660036,0.0,0.0
SwinIR + PathologyLoss,BraTS2021_00017,30.642227,0.9655341506004333,0.105123885,0.9166187464059804,0.0,0.0
SwinIR + PathologyLoss,BraTS2021_00002,30.798012,0.9783115386962891,0.088740125,0.9026970645209358,0.722246990637539,0.739097169089518
SwinIR + PathologyLoss,BraTS2021_00022,29.58769,0.9708501696586609,0.13162318,0.0,0.0,0.0
SwinIR + PathologyLoss,BraTS2021_00016,30.23558,0.9895241856575012,0.075006954,0.813599062133646,0.8604651162790697,0.8322981366459627
SwinIR + PathologyLoss,BraTS2021_00024,31.173697,0.9832417368888855,0.0858382,0.9702806824435883,nan,nan
SwinIR + PathologyLoss,BraTS2021_00017,29.905941,0.9699747562408447,0.14009808,0.7545691906005222,nan,nan
SwinIR + PathologyLoss,BraTS2021_00009,28.04675,0.9666893482208252,0.11761984,0.0,0.0,0.0
SwinIR + PathologyLoss,BraTS2021_00003,29.528515,0.9786633849143982,0.14643608,0.8583050847457627,nan,nan
SwinIR + PathologyLoss,BraTS2021_00021,30.080893,0.9335004687309265,0.1371395,0.6224373576309795,0.0,0.0
SwinIR + PathologyLoss,BraTS2021_00024,30.888134,0.978886604309082,0.09263206,0.9445941898772088,0.0,nan
SwinIR + PathologyLoss,BraTS2021_00018,29.471672,0.9840925335884094,0.089255184,0.94914631907472,0.843609865470852,0.7504012841091493
SwinIR + PathologyLoss,BraTS2021_00017,31.866863,0.9841312766075134,0.085215695,0.9428129829984544,nan,nan
SwinIR + PathologyLoss,BraTS2021_00020,29.919518,0.9685874581336975,0.11473626,0.8483709273182958,0.4418604651162791,0.7563451776649747
SwinIR + PathologyLoss,BraTS2021_00008,29.327492,0.9650393128395081,0.10900112,0.8967889908256881,0.0,0.0
SwinIR + PathologyLoss,BraTS2021_00019,32.03977,0.9823780059814453,0.085459605,0.911376087657106,0.39590443686006827,0.43856332703213613
SwinIR + PathologyLoss,BraTS2021_00014,28.560724,0.9754667282104492,0.15403585,0.8495339547270306,0.0,0.0
SwinIR + PathologyLoss,BraTS2021_00006,30.704044,0.9877537488937378,0.07914231,0.9728550654386815,0.9405063291139241,0.8605697151424287
SwinIR + PathologyLoss,BraTS2021_00020,28.935682,0.9293884634971619,0.14921284,0.0,nan,nan
SwinIR + PathologyLoss,BraTS2021_00000,29.698631,0.9713847041130066,0.099249184,0.9718369062631358,0.9700093720712277,0.9140108238123873
SwinIR + PathologyLoss,BraTS2021_00025,31.080585,0.9856988787651062,0.07363879,0.0,nan,nan
SwinIR + PathologyLoss,BraTS2021_00012,29.778992,0.9788925647735596,0.16478574,0.9348314606741573,nan,nan
SwinIR + PathologyLoss,BraTS2021_00024,30.171276,0.9778608679771423,0.10064894,0.9649510577833912,nan,nan
SwinIR + PathologyLoss,BraTS2021_00005,31.149721,0.9811806082725525,0.09264332,0.8656126482213439,0.9113207547169812,0.6974483596597812
SwinIR + PathologyLoss,BraTS2021_00005,28.81114,0.9637850522994995,0.15240067,0.927187008905186,0.8109125117591721,0.7841409691629956
SwinIR + PathologyLoss,BraTS2021_00000,28.818874,0.9639779329299927,0.12641132,0.9537712895377128,0.9597135183527306,0.9436363636363636
SwinIR + PathologyLoss,BraTS2021_00003,32.26648,0.9789530038833618,0.08934263,0.9616204690831557,0.758933064921993,0.8478847884788479
SwinIR + PathologyLoss,BraTS2021_00026,29.460968,0.941982090473175,0.1309671,0.776255707762557,0.8767123287671232,0.851104707012488
SwinIR + PathologyLoss,BraTS2021_00024,30.734268,0.9793562889099121,0.15005659,0.6052631578947368,0.0,0.0
SwinIR + PathologyLoss,BraTS2021_00000,29.455988,0.9697685241699219,0.105665945,0.9620071684587813,0.9385088393543428,0.8697068403908795
SwinIR + PathologyLoss,BraTS2021_00016,28.37802,0.9832683205604553,0.09305057,0.8275261324041812,0.8785871964679912,0.8012048192771084
SwinIR + PathologyLoss,BraTS2021_00005,30.973633,0.9768180847167969,0.09607406,0.9238410596026491,0.9347826086956522,0.7660550458715596
SwinIR + PathologyLoss,BraTS2021_00020,29.9876,0.9614096283912659,0.12346828,0.943359375,0.6780551905387647,0.8630393996247655
SwinIR + PathologyLoss,BraTS2021_00026,30.844624,0.9711635112762451,0.103962965,0.7204502814258912,0.8442211055276382,0.8271604938271605
SwinIR + PathologyLoss,BraTS2021_00024,31.019514,0.9824718236923218,0.08713139,0.9545192861255037,nan,nan
SwinIR + PathologyLoss,BraTS2021_00021,29.578735,0.9263824820518494,0.15321328,0.6626848691695109,nan,nan
SwinIR + PathologyLoss,BraTS2021_00012,30.856436,0.9893755316734314,0.06994066,0.9490258269143634,0.8400141894288755,0.0
SwinIR + PathologyLoss,BraTS2021_00002,29.926579,0.9719908833503723,0.15290272,0.8886827458256029,nan,nan
SwinIR + PathologyLoss,BraTS2021_00021,31.938225,0.9325035214424133,0.10849337,0.13934426229508196,nan,nan
SwinIR + PathologyLoss,BraTS2021_00009,28.999485,0.976472795009613,0.099509306,0.8115384615384615,nan,nan
SwinIR + PathologyLoss,BraTS2021_00021,29.73753,0.953923761844635,0.17264722,0.5792474344355758,nan,nan
SwinIR + PathologyLoss,BraTS2021_00011,30.733227,0.9812616109848022,0.0808612,0.7843592721641502,0.20275590551181102,0.19576185671039353
SwinIR + PathologyLoss,BraTS2021_00012,30.540571,0.989143967628479,0.07219304,0.9243027888446215,0.5804573804573805,0.0
SwinIR + PathologyLoss,BraTS2021_00016,30.20615,0.9885848164558411,0.075813144,0.5214408233276158,nan,nan
SwinIR + PathologyLoss,BraTS2021_00002,31.668026,0.9845069646835327,0.08008674,0.9581518651770498,0.9139072847682119,0.8834745762711864
SwinIR + PathologyLoss,BraTS2021_00011,29.105473,0.9688049554824829,0.12072978,0.8902195608782435,0.0,0.0
SwinIR + PathologyLoss,BraTS2021_00019,33.233044,0.9812853932380676,0.0787112,0.7468681646450587,nan,nan
SwinIR + PathologyLoss,BraTS2021_00018,29.859983,0.9842527508735657,0.08546096,0.9719537315797814,0.8817475320310859,0.7943625880845612
SwinIR + PathologyLoss,BraTS2021_00014,28.788155,0.9653289318084717,0.10599234,0.882815734989648,0.25101214574898784,0.25101214574898784
SwinIR + PathologyLoss,BraTS2021_00012,30.080015,0.9851334691047668,0.08704281,0.9634657616290677,0.6660508083140878,0.0
SwinIR + PathologyLoss,BraTS2021_00012,28.804424,0.9803519248962402,0.1265526,0.9659417316372589,0.0,nan
SwinIR + PathologyLoss,BraTS2021_00021,30.761919,0.9390230178833008,0.12301005,0.5038910505836576,nan,nan
SwinIR + PathologyLoss,BraTS2021_00012,30.300053,0.9892512559890747,0.07292736,0.9202102245580507,0.618052653572921,0.0
SwinIR + PathologyLoss,BraTS2021_00011,29.603554,0.9670590758323669,0.10798611,0.9245901639344263,0.0,0.0
SwinIR + PathologyLoss,BraTS2021_00011,29.955692,0.965328574180603,0.10052947,0.936247723132969,0.0,0.0
SwinIR + PathologyLoss,BraTS2021_00000,29.449696,0.9683438539505005,0.102755696,0.9795021961932651,0.9667207792207793,0.8726655348047538
SwinIR + PathologyLoss,BraTS2021_00025,31.543411,0.9872644543647766,0.069708966,0.5974025974025974,nan,nan
SwinIR + PathologyLoss,BraTS2021_00025,30.661045,0.9809452891349792,0.082025364,0.1256544502617801,0.0,0.0
SwinIR + PathologyLoss,BraTS2021_00018,29.475842,0.9840971827507019,0.08759287,0.9733159778717865,0.9290265875631729,0.826044703595724
SwinIR + PathologyLoss,BraTS2021_00026,30.438261,0.9679198265075684,0.108465806,0.7680168332456602,0.9179452968645764,0.8405797101449275
SwinIR + PathologyLoss,BraTS2021_00016,28.90853,0.9814788103103638,0.11590948,0.0,nan,nan
SwinIR + PathologyLoss,BraTS2021_00014,28.685314,0.976439893245697,0.1561595,0.8010610079575596,0.0,0.0
SwinIR + PathologyLoss,BraTS2021_00017,30.675941,0.9643898606300354,0.10615384,0.9501400560224089,0.0,0.0
SwinIR + PathologyLoss,BraTS2021_00019,33.362267,0.9808472394943237,0.07908045,0.5467589034076351,nan,nan
SwinIR + PathologyLoss,BraTS2021_00021,32.26024,0.9536789655685425,0.10198119,0.6480117820324006,nan,nan
SwinIR + PathologyLoss,BraTS2021_00017,31.290733,0.9548047780990601,0.101986334,0.573208722741433,nan,nan
SwinIR + PathologyLoss,BraTS2021_00017,29.517788,0.9602240324020386,0.12658341,0.9162844036697247,nan,nan
SwinIR + PathologyLoss,BraTS2021_00020,29.423462,0.9643365144729614,0.12349567,0.9470712773465068,0.48020434227330777,0.8602150537634409
SwinIR + PathologyLoss,BraTS2021_00022,29.853678,0.9707404375076294,0.09855134,0.9760701044826424,0.8967789165446559,0.8500604594921403
SwinIR + PathologyLoss,BraTS2021_00012,30.198038,0.9872068762779236,0.08323758,0.9453158117846545,0.47249190938511326,nan
SwinIR + PathologyLoss,BraTS2021_00021,30.32589,0.9325775504112244,0.13357875,0.5644402634054563,0.0,0.0
SwinIR + PathologyLoss,BraTS2021_00011,30.812855,0.9714872241020203,0.08406849,0.9571365444100751,0.5437201907790143,0.5469522240527183
SwinIR + PathologyLoss,BraTS2021_00002,30.93697,0.9787159562110901,0.08942332,0.9022020725388601,0.7785419532324622,0.8230088495575221
SwinIR + PathologyLoss,BraTS2021_00002,30.713861,0.9634361863136292,0.106210075,0.7217731421121252,0.3285024154589372,0.3285024154589372
SwinIR + PathologyLoss,BraTS2021_00017,29.38873,0.9564936757087708,0.13472733,0.9111821086261981,nan,nan
SwinIR + PathologyLoss,BraTS2021_00024,30.23957,0.9795482158660889,0.11068969,0.9382716049382716,0.7420494699646644,0.7420494699646644
SwinIR + PathologyLoss,BraTS2021_00019,32.81954,0.9805230498313904,0.07920779,0.7397555715312725,nan,nan
SwinIR + PathologyLoss,BraTS2021_00020,31.184464,0.9734416007995605,0.099827215,0.0,nan,nan
SwinIR + PathologyLoss,BraTS2021_00005,30.970318,0.9767507314682007,0.097551465,0.8600765049325548,0.931665062560154,0.8297674418604651
SwinIR + PathologyLoss,BraTS2021_00025,30.091333,0.9754170179367065,0.0902098,0.0,0.0,0.0
SwinIR + PathologyLoss,BraTS2021_00021,32.246464,0.949533998966217,0.103160426,0.6639344262295082,nan,nan
SwinIR + PathologyLoss,BraTS2021_00018,29.498446,0.9839637875556946,0.0887258,0.9648943421949557,0.8918786692759295,0.7755524861878453
SwinIR + PathologyLoss,BraTS2021_00025,30.23757,0.9804831147193909,0.084100366,0.0,nan,nan
SwinIR + PathologyLoss,BraTS2021_00009,28.082602,0.9692938327789307,0.11543792,0.0,0.0,0.0
SwinIR + PathologyLoss,BraTS2021_00019,30.49538,0.9720194339752197,0.112052344,0.9215366705471478,0.11387900355871886,0.13617021276595745
SwinIR + PathologyLoss,BraTS2021_00000,29.064297,0.960070788860321,0.11467961,0.956268221574344,0.9546455306032585,0.8921729611384783
SwinIR + PathologyLoss,BraTS2021_00022,30.298729,0.9747694134712219,0.093050934,0.9698956780923994,0.927591706539075,0.9051959890610757
SwinIR + PathologyLoss,BraTS2021_00021,30.06542,0.9266195297241211,0.13694496,0.6109266525807425,0.0,0.0
SwinIR + PathologyLoss,BraTS2021_00026,29.301863,0.9574721455574036,0.14499933,0.6629834254143646,0.8266199649737302,0.8224956063268892
SwinIR + PathologyLoss,BraTS2021_00022,27.55869,0.9743235111236572,0.16253217,0.8770053475935828,nan,nan
SwinIR + PathologyLoss,BraTS2021_00012,29.623022,0.9837104678153992,0.09607232,0.9825730394669401,0.6847826086956522,nan
SwinIR + PathologyLoss,BraTS2021_00014,28.874208,0.9692733287811279,0.105546616,0.8496969696969697,0.0,0.0
SwinIR + PathologyLoss,BraTS2021_00012,29.783363,0.9872880578041077,0.07879843,0.9327444794952682,0.7617977528089888,0.0
SwinIR + PathologyLoss,BraTS2021_00026,31.457432,0.9806625843048096,0.09020667,0.713823393435044,0.7989179440937781,0.776036866359447
SwinIR + PathologyLoss,BraTS2021_00014,28.557339,0.9671938419342041,0.12701343,0.8742287612719506,0.3805668016194332,0.3805668016194332
SwinIR + PathologyLoss,BraTS2021_00019,30.622276,0.9742273092269897,0.11451848,0.8712160082093381,0.0,0.0
SwinIR + PathologyLoss,BraTS2021_00002,30.583633,0.9799431562423706,0.08827698,0.905160390516039,0.7315555555555555,0.6649616368286445
SwinIR + PathologyLoss,BraTS2021_00019,32.113213,0.9823315739631653,0.08359528,0.8906933166770769,0.07092198581560284,0.07092198581560284
SwinIR + PathologyLoss,BraTS2021_00002,30.490854,0.968082070350647,0.10340759,0.9291365669074647,0.3128964059196617,0.30242825607064017
SwinIR + PathologyLoss,BraTS2021_00002,30.453775,0.9719589352607727,0.18153526,0.6963906581740976,nan,nan
SwinIR + PathologyLoss,BraTS2021_00018,30.137566,0.9764456152915955,0.096982,0.8503443957420163,0.0967741935483871,0.0967741935483871
SwinIR + PathologyLoss,BraTS2021_00022,30.250912,0.9759882092475891,0.089482136,0.8205128205128205,0.7866633241413888,0.7175324675324676
SwinIR + PathologyLoss,BraTS2021_00003,32.0211,0.9822759628295898,0.0847958,0.954015401540154,0.6541244573082489,0.782608695652174
SwinIR + PathologyLoss,BraTS2021_00014,30.169762,0.980884313583374,0.15183862,0.7178002894356006,nan,nan
SwinIR + PathologyLoss,BraTS2021_00016,29.700964,0.9887679219245911,0.07658135,0.5703971119133574,nan,nan
SwinIR + PathologyLoss,BraTS2021_00021,31.17123,0.9616851210594177,0.11159198,0.1841726618705036,0.10810810810810811,0.128
SwinIR + PathologyLoss,BraTS2021_00019,33.010986,0.9738954305648804,0.08544032,0.43904414742810854,nan,nan
SwinIR + PathologyLoss,BraTS2021_00024,31.031523,0.9792282581329346,0.15895364,0.0,0.0,0.0
SwinIR + PathologyLoss,BraTS2021_00019,31.143248,0.9781700968742371,0.095200025,0.9021806853582555,0.6574675324675324,0.7150442477876107
SwinIR + PathologyLoss,BraTS2021_00026,32.279324,0.9818519353866577,0.08521721,0.3614457831325301,0.8434782608695652,0.7909090909090909
SwinIR + PathologyLoss,BraTS2021_00022,30.28381,0.9761253595352173,0.09029215,0.8995962314939435,0.8399532710280374,0.8165173354109856
SwinIR + PathologyLoss,BraTS2021_00020,29.741499,0.9491366147994995,0.12786946,0.9003115264797508,0.9066213921901528,0.8877374784110535
SwinIR + PathologyLoss,BraTS2021_00012,30.888279,0.9900586605072021,0.069879234,0.9244239631336405,0.4594050547975844,0.0
SwinIR + PathologyLoss,BraTS2021_00025,29.271162,0.9665115475654602,0.09861501,0.0,nan,nan
SwinIR + PathologyLoss,BraTS2021_00002,30.55115,0.974211573600769,0.09960229,0.9053497942386831,nan,nan
SwinIR + PathologyLoss,BraTS2021_00025,29.951784,0.9800091981887817,0.084249325,0.0,0.0,0.0
SwinIR + PathologyLoss,BraTS2021_00011,30.216482,0.9683521389961243,0.09092869,0.9288753799392098,0.0,0.0
SwinIR + PathologyLoss,BraTS2021_00003,29.477701,0.9749643802642822,0.1292502,0.8987421383647799,0.0,0.0
SwinIR + PathologyLoss,BraTS2021_00025,31.2771,0.9860332012176514,0.070049174,0.03669724770642202,nan,nan
SwinIR + PathologyLoss,BraTS2021_00008,29.68776,0.9614573121070862,0.110191815,0.8872549019607843,0.0,0.0
SwinIR + PathologyLoss,BraTS2021_00018,30.51861,0.9836050271987915,0.08068304,0.9884467265725289,0.8734587929915639,0.7408890668802564
SwinIR + PathologyLoss,BraTS2021_00019,30.630436,0.9706804156303406,0.12782933,0.8833413346135381,nan,nan
SwinIR + PathologyLoss,BraTS2021_00020,30.77459,0.9754445552825928,0.10108334,0.8854064642507345,0.8752136752136752,0.8181818181818182
SwinIR + PathologyLoss,BraTS2021_00017,31.201506,0.9814860224723816,0.09044334,0.932157394843962,0.0,0.0
SwinIR + PathologyLoss,BraTS2021_00008,30.056036,0.9600540995597839,0.10509377,0.7661870503597122,nan,nan
SwinIR + PathologyLoss,BraTS2021_00003,31.789433,0.9810221791267395,0.08757449,0.956949569495695,0.742662696724798,0.8448753462603878
SwinIR + PathologyLoss,BraTS2021_00022,28.968203,0.956770658493042,0.10893643,0.8630705394190872,0.6943722943722944,0.6945898778359512
SwinIR + PathologyLoss,BraTS2021_00017,31.004421,0.9796857833862305,0.09359959,0.9009265858873842,nan,nan
Uformer + PathologyLoss,BraTS2021_00020,30.880968,0.9739323854446411,0.103524216,0.15120274914089346,nan,nan
Uformer + PathologyLoss,BraTS2021_00022,29.149725,0.9614834189414978,0.10952951,0.9015219337511191,0.819672131147541,0.8098055790363483
Uformer + PathologyLoss,BraTS2021_00005,30.618698,0.9780941605567932,0.10530423,0.8833370510818648,0.9014675052410901,0.7088607594936709
Uformer + PathologyLoss,BraTS2021_00017,31.271399,0.9805132150650024,0.09317096,0.9364791288566243,nan,nan
Uformer + PathologyLoss,BraTS2021_00005,31.098738,0.9808974862098694,0.096704066,0.8591433278418451,0.8965873836608066,0.7841011743450768
Uformer + PathologyLoss,BraTS2021_00000,29.519432,0.970784604549408,0.10244429,0.978740157480315,0.9555261999119331,0.8905289052890529
Uformer + PathologyLoss,BraTS2021_00006,30.825745,0.9879449605941772,0.08064609,0.9747899159663865,0.9119897959183674,0.885145482388974
Uformer + PathologyLoss,BraTS2021_00009,28.019865,0.9733061194419861,0.114103235,0.0,nan,nan
Uformer + PathologyLoss,BraTS2021_00006,31.083172,0.9892674088478088,0.0768148,0.9790714457541496,0.9256987048398091,0.8144329896907216
Uformer + PathologyLoss,BraTS2021_00022,27.77755,0.9557729959487915,0.12523183,0.9177298724153101,0.7859237536656891,0.7859237536656891
Uformer + PathologyLoss,BraTS2021_00018,30.347883,0.9822828769683838,0.08706488,0.9700446144040791,0.8527062999112689,0.792749658002736
Uformer + PathologyLoss,BraTS2021_00025,29.998377,0.9807727932929993,0.08422907,0.12244897959183673,nan,nan
Uformer + PathologyLoss,BraTS2021_00012,30.535557,0.9882559180259705,0.079858094,0.9491354708746013,0.8411575562700965,0.0
Uformer + PathologyLoss,BraTS2021_00000,28.258684,0.9584063291549683,0.13130051,0.9518586227909811,0.9638242894056848,0.9305177111716622
Uformer + PathologyLoss,BraTS2021_00006,32.016975,0.9905767440795898,0.076774545,0.9552058111380145,nan,nan
Uformer + PathologyLoss,BraTS2021_00018,29.590511,0.9726352095603943,0.10892058,0.4336734693877551,nan,nan
Uformer + PathologyLoss,BraTS2021_00008,29.007042,0.9636302590370178,0.11465632,0.8776041666666666,nan,nan
Uformer + PathologyLoss,BraTS2021_00009,28.59808,0.9787441492080688,0.10298868,0.6240740740740741,0.6907216494845361,0.7218934911242604
Uformer + PathologyLoss,BraTS2021_00012,28.578182,0.9806509017944336,0.12399052,0.9742604686899731,0.0,nan
Uformer + PathologyLoss,BraTS2021_00003,29.330238,0.9723907113075256,0.12428732,0.9373908705412821,0.8857142857142857,0.8834355828220859
Uformer + PathologyLoss,BraTS2021_00024,30.188698,0.9812269806861877,0.11185621,0.9464364763169544,0.7219917012448133,0.7219917012448133
Uformer + PathologyLoss,BraTS2021_00019,34.032475,0.9816403985023499,0.07665361,0.24032229812576633,nan,nan
Uformer + PathologyLoss,BraTS2021_00000,28.497715,0.9601224660873413,0.12089839,0.980819529206626,0.9596700274977086,0.9034369885433715
Uformer + PathologyLoss,BraTS2021_00022,29.285881,0.956305742263794,0.10815688,0.9176392130710237,0.9174917491749175,0.9174917491749175
Uformer + PathologyLoss,BraTS2021_00011,30.833723,0.9653325080871582,0.09313023,0.9257714762301918,0.0,0.0
Uformer + PathologyLoss,BraTS2021_00021,32.478302,0.9472283720970154,0.09727245,0.5781466113416321,nan,nan
Uformer + PathologyLoss,BraTS2021_00026,31.059732,0.9807763695716858,0.0949765,0.8081081081081081,0.8578313253012049,0.8364831552999178
Uformer + PathologyLoss,BraTS2021_00009,28.733887,0.9758235812187195,0.10808554,0.0,nan,nan
Uformer + PathologyLoss,BraTS2021_00024,30.034878,0.9791951179504395,0.14208433,0.8821292775665399,0.3150684931506849,0.3357664233576642
Uformer + PathologyLoss,BraTS2021_00016,27.756414,0.9810493588447571,0.100392506,0.9059011164274322,0.9398907103825137,0.8209255533199196
Uformer + PathologyLoss,BraTS2021_00020,29.905546,0.9658812284469604,0.11887585,0.9500831946755408,0.5947955390334573,0.8631984585741811
Uformer + PathologyLoss,BraTS2021_00000,29.27747,0.96953946352005,0.10551678,0.9690721649484536,0.9484296238852268,0.8611279563371741
Uformer + PathologyLoss,BraTS2021_00000,30.45823,0.9802886843681335,0.091508664,0.8488262910798122,0.9245283018867925,0.9245283018867925
Uformer + PathologyLoss,BraTS2021_00026,29.058521,0.9446030259132385,0.14274354,0.8113017154389506,0.8870588235294118,0.8804733727810651
Uformer + PathologyLoss,BraTS2021_00005,30.15151,0.9731739163398743,0.11554769,0.7331768388106417,0.8943699731903485,0.7611044417767107
Uformer + PathologyLoss,BraTS2021_00019,31.331844,0.9780282974243164,0.100295655,0.8920585967617579,0.055793991416309016,0.07407407407407407
Uformer + PathologyLoss,BraTS2021_00005,31.989775,0.9850402474403381,0.0855587,0.8770532603285216,0.945617402431222,0.6959847036328872
Uformer + PathologyLoss,BraTS2021_00003,29.502224,0.9773154854774475,0.13036501,0.8709483793517407,nan,nan
Uformer + PathologyLoss,BraTS2021_00021,31.07763,0.9535807371139526,0.1152624,0.7193177604746014,0.4,0.4251968503937008
Uformer + PathologyLoss,BraTS2021_00025,30.565355,0.9829149842262268,0.07944319,0.39215686274509803,nan,nan
Uformer + PathologyLoss,BraTS2021_00003,31.21476,0.9788945317268372,0.098733954,0.9650261780104712,0.9419986023759609,0.9239046887009992
Uformer + PathologyLoss,BraTS2021_00011,31.726616,0.9770436882972717,0.07349752,0.9787626962142197,0.6548672566371682,0.6556603773584906
Uformer + PathologyLoss,BraTS2021_00011,31.723059,0.9817933440208435,0.07294112,0.9490229396771452,0.615678776290631,0.624
Uformer + PathologyLoss,BraTS2021_00019,32.504326,0.9873901009559631,0.07687862,0.8018166804293972,0.43967828418230565,0.47953216374269003
Uformer + PathologyLoss,BraTS2021_00017,30.990475,0.9747225046157837,0.09842829,0.8628800917957544,nan,nan
Uformer + PathologyLoss,BraTS2021_00006,29.084845,0.9731305837631226,0.11952515,0.0,nan,nan
Uformer + PathologyLoss,BraTS2021_00000,30.388893,0.9805468916893005,0.08848459,0.9163526752072344,0.9359504132231405,0.9139213602550478
Uformer + PathologyLoss,BraTS2021_00019,30.847408,0.9748976230621338,0.12550695,0.5608061153578874,nan,nan
Uformer + PathologyLoss,BraTS2021_00017,30.90324,0.973159670829773,0.099154465,0.8520130576713819,nan,nan
Uformer + PathologyLoss,BraTS2021_00014,29.024574,0.9732562899589539,0.10348111,0.0,nan,nan
Uformer + PathologyLoss,BraTS2021_00011,31.353077,0.9734959006309509,0.077334404,0.938872970391595,0.3968871595330739,0.404
Uformer + PathologyLoss,BraTS2021_00002,30.840988,0.9807595610618591,0.08710713,0.9478018329127375,0.6955332725615314,0.7010785824345146
Uformer + PathologyLoss,BraTS2021_00009,28.793146,0.9774308800697327,0.10700981,0.0,0.0,0.0
Uformer + PathologyLoss,BraTS2021_00009,28.36102,0.9763332009315491,0.10705939,0.8284166164960867,0.6758241758241759,0.6153846153846154
Uformer + PathologyLoss,BraTS2021_00022,29.221817,0.9557973146438599,0.10664612,0.807413843035042,0.6848446417247939,0.6848446417247939
Uformer + PathologyLoss,BraTS2021_00019,32.960804,0.9847908020019531,0.07901937,0.7823855193840334,0.0,0.0
Uformer + PathologyLoss,BraTS2021_00006,30.291157,0.9818360805511475,0.09543207,0.9582284851534978,0.8873563218390804,0.8571428571428571
Uformer + PathologyLoss,BraTS2021_00012,29.635553,0.9881431460380554,0.07786229,0.9355367730541189,0.7712149532710281,0.0
Uformer + PathologyLoss,BraTS2021_00024,31.209866,0.9782814383506775,0.1683999,0.0,0.0,0.0
Uformer + PathologyLoss,BraTS2021_00012,30.997147,0.9895401000976562,0.07374696,0.9551148225469729,0.8762093773257257,0.0
Uformer + PathologyLoss,BraTS2021_00016,27.114643,0.9725557565689087,0.12906481,0.0,nan,nan
Uformer + PathologyLoss,BraTS2021_00012,28.30554,0.9794832468032837,0.13636266,0.9596809924678777,0.0,nan
Uformer + PathologyLoss,BraTS2021_00011,31.670225,0.9860414266586304,0.07061761,0.9702970297029703,0.6226415094339622,0.6175771971496437
Uformer + PathologyLoss,BraTS2021_00020,30.644531,0.9757932424545288,0.10399561,0.8590381426202321,0.6422018348623854,0.6422018348623854
Uformer + PathologyLoss,BraTS2021_00018,30.407475,0.9844025373458862,0.08266604,0.9850031908104658,0.823062558356676,0.7837934743635712
Uformer + PathologyLoss,BraTS2021_00024,31.291199,0.9847657680511475,0.08403747,0.9376966645689113,nan,nan
Uformer + PathologyLoss,BraTS2021_00009,28.359573,0.9746401309967041,0.10968938,0.0,nan,nan
Uformer + PathologyLoss,BraTS2021_00017,31.70684,0.9682577252388,0.093433395,0.6952554744525548,nan,nan
Uformer + PathologyLoss,BraTS2021_00014,28.458387,0.9601494669914246,0.114048354,0.8791732909379968,0.7081967213114754,0.7081967213114754
Uformer + PathologyLoss,BraTS2021_00022,26.664696,0.954548180103302,0.14774142,0.9072426937738246,nan,nan
Uformer + PathologyLoss,BraTS2021_00022,29.749155,0.9577357769012451,0.101869926,0.8502325581395349,0.7635726795096323,0.7662565905096661
Uformer + PathologyLoss,BraTS2021_00025,29.97594,0.978279173374176,0.088464834,0.12804878048780488,0.0,0.0
Uformer + PathologyLoss,BraTS2021_00022,28.078745,0.9444971680641174,0.14165877,0.8728813559322034,0.6768642447418738,0.6768642447418738
Uformer + PathologyLoss,BraTS2021_00009,29.328539,0.9821282029151917,0.09444281,0.0,nan,nan
Uformer + PathologyLoss,BraTS2021_00011,31.11145,0.9730274081230164,0.08605776,0.9693593314763231,0.0,0.0
Uformer + PathologyLoss,BraTS2021_00021,29.594774,0.9348238706588745,0.1470529,0.7892483349191246,0.0,0.0
Uformer + PathologyLoss,BraTS2021_00017,30.56302,0.9637535810470581,0.10804444,0.9486404833836858,nan,nan
Uformer + PathologyLoss,BraTS2021_00003,31.775196,0.9747138023376465,0.10247491,0.0,0.0,0.0
Uformer + PathologyLoss,BraTS2021_00011,31.195488,0.9730104207992554,0.08083725,0.9668411867364747,0.25165562913907286,0.25165562913907286
Uformer + PathologyLoss,BraTS2021_00022,27.47735,0.9420498013496399,0.16139887,0.6432748538011696,0.314410480349345,0.314410480349345
Uformer + PathologyLoss,BraTS2021_00003,31.508461,0.9805043339729309,0.09237136,0.9576384895533832,0.8929593589009731,0.8855172413793103
Uformer + PathologyLoss,BraTS2021_00025,31.01966,0.98723965883255,0.07273378,0.08849557522123894,nan,nan
Uformer + PathologyLoss,BraTS2021_00022,29.412704,0.9571247100830078,0.103533566,0.8255093002657219,0.6593886462882096,0.6593886462882096
Uformer + PathologyLoss,BraTS2021_00022,26.545166,0.9688920378684998,0.1881202,0.8407643312101911,nan,nan
Uformer + PathologyLoss,BraTS2021_00026,30.467356,0.9732268452644348,0.10529049,0.7615298087739033,0.8928571428571429,0.872579001019368
Uformer + PathologyLoss,BraTS2021_00017,31.901243,0.9863908886909485,0.0838978,0.8297397769516729,nan,nan
Uformer + PathologyLoss,BraTS2021_00021,31.151793,0.9513636827468872,0.11467228,0.7529337139232477,0.5,0.5
Uformer + PathologyLoss,BraTS2021_00012,30.011568,0.9884130954742432,0.07782666,0.9281944273965878,0.6653354632587859,0.0
Uformer + PathologyLoss,BraTS2021_00016,27.414932,0.9759014248847961,0.11652392,0.0,nan,nan
Uformer + PathologyLoss,BraTS2021_00000,28.378967,0.9582661986351013,0.14011161,0.592057761732852,0.9175627240143369,0.9175627240143369
Uformer + PathologyLoss,BraTS2021_00016,27.625658,0.9785715341567993,0.109018065,0.8106565176022835,0.7058823529411765,0.6746987951807228
Uformer + PathologyLoss,BraTS2021_00018,28.939163,0.9757956266403198,0.12336321,0.8867292225201072,0.44656488549618323,0.44685466377440347
Uformer + PathologyLoss,BraTS2021_00003,31.506535,0.9836300611495972,0.090784155,0.9437534806014479,0.893068242880172,0.8944182918628111
Uformer + PathologyLoss,BraTS2021_00003,29.46326,0.9723867177963257,0.12844624,0.9249865083648138,0.8106312292358804,0.8106312292358804
Uformer + PathologyLoss,BraTS2021_00006,31.661694,0.9909315705299377,0.0745836,0.9735449735449735,0.9459734964322121,0.8935361216730038
Uformer + PathologyLoss,BraTS2021_00016,28.424248,0.9854097962379456,0.09318954,0.9014354066985646,0.9263157894736842,0.8559837728194726
Uformer + PathologyLoss,BraTS2021_00006,30.730354,0.9878295063972473,0.08201747,0.9798051793775243,0.9201995012468828,0.8546762589928057
Uformer + PathologyLoss,BraTS2021_00006,30.646946,0.987143874168396,0.08323378,0.977491961414791,0.9104028863499699,0.878698224852071
Uformer + PathologyLoss,BraTS2021_00016,27.3761,0.9801467061042786,0.10737932,0.8199672667757774,0.804953560371517,0.784741144414169
Uformer + PathologyLoss,BraTS2021_00014,28.28527,0.9657109379768372,0.114106625,0.8631970260223049,0.46078431372549017,0.46078431372549017
Uformer + PathologyLoss,BraTS2021_00014,28.349512,0.9627723693847656,0.11674059,0.8543371522094927,0.717391304347826,0.717391304347826
Uformer + PathologyLoss,BraTS2021_00014,30.046175,0.9772902727127075,0.18145385,0.28822882288228824,nan,nan
Uformer + PathologyLoss,BraTS2021_00026,30.551685,0.9602665305137634,0.11225648,0.9329896907216495,0.9499757163671685,0.9243781094527364
Uformer + PathologyLoss,BraTS2021_00006,31.275585,0.9870353937149048,0.08822149,0.8444444444444444,nan,nan
Uformer + PathologyLoss,BraTS2021_00002,28.943575,0.9541933536529541,0.1426304,0.7932285368802902,0.0,0.0
Uformer + PathologyLoss,BraTS2021_00017,31.005478,0.9676732420921326,0.102287136,0.9349046015712682,0.0,0.0
Uformer + PathologyLoss,BraTS2021_00002,30.732716,0.9806163907051086,0.08714122,0.9181227436823105,0.6983977379830348,0.7464905037159373
Uformer + PathologyLoss,BraTS2021_00022,29.18809,0.96866375207901,0.13733812,0.0,0.0,0.0
Uformer + PathologyLoss,BraTS2021_00016,28.884352,0.9885255098342896,0.084367715,0.8991416309012875,0.9244712990936556,0.8996763754045307
Uformer + PathologyLoss,BraTS2021_00024,30.821627,0.9840294718742371,0.08831305,0.9344955097728473,nan,nan
Uformer + PathologyLoss,BraTS2021_00017,29.856377,0.969210147857666,0.13961026,0.7227488151658767,nan,nan
Uformer + PathologyLoss,BraTS2021_00009,28.3409,0.9749982953071594,0.11040507,0.0,0.0,0.0
Uformer + PathologyLoss,BraTS2021_00003,29.018023,0.9758477210998535,0.15680268,0.8738862234407128,nan,nan
Uformer + PathologyLoss,BraTS2021_00021,30.61361,0.934882402420044,0.13358085,0.7281529895908981,nan,nan
Uformer + PathologyLoss,BraTS2021_00024,30.607489,0.9812285900115967,0.093041055,0.909382518043304,0.0,nan
Uformer + PathologyLoss,BraTS2021_00018,30.304024,0.9865902662277222,0.08259177,0.9602016927786782,0.8709227766936158,0.7354941976790716
Uformer + PathologyLoss,BraTS2021_00017,32.178257,0.9871055483818054,0.082043715,0.7375220199647681,nan,nan
Uformer + PathologyLoss,BraTS2021_00020,29.665747,0.9683740735054016,0.11785762,0.8447742733457019,0.3891402714932127,0.6883468834688347
Uformer + PathologyLoss,BraTS2021_00008,29.381945,0.964237630367279,0.11075026,0.9423286180631121,0.0,0.0
Uformer + PathologyLoss,BraTS2021_00019,32.6489,0.9854536652565002,0.080243886,0.8571428571428571,0.4625199362041467,0.5087719298245614
Uformer + PathologyLoss,BraTS2021_00014,27.749733,0.9722113013267517,0.16572788,0.8489208633093526,0.0,0.0
Uformer + PathologyLoss,BraTS2021_00006,30.776012,0.9887667894363403,0.0799183,0.9772018238540917,0.8634788634788635,0.8651851851851852
Uformer + PathologyLoss,BraTS2021_00020,28.677326,0.9270473122596741,0.15094662,0.0,nan,nan
Uformer + PathologyLoss,BraTS2021_00000,29.425858,0.9736449122428894,0.09884635,0.9815649324047522,0.9537333944113605,0.8946439081812831
Uformer + PathologyLoss,BraTS2021_00025,30.530193,0.9866456985473633,0.076343924,0.19689119170984457,nan,nan
Uformer + PathologyLoss,BraTS2021_00012,29.420979,0.9792980551719666,0.16546236,0.8414055080721747,nan,nan
Uformer + PathologyLoss,BraTS2021_00024,30.30259,0.9787968397140503,0.09963032,0.9321133412042503,nan,nan
Uformer + PathologyLoss,BraTS2021_00005,31.610239,0.9826816916465759,0.089033745,0.7625674030266133,0.9313404950957497,0.7411504424778761
Uformer + PathologyLoss,BraTS2021_00005,28.562046,0.9659810662269592,0.15206058,0.7382962394474291,0.8820422535211268,0.8293193717277487
Uformer + PathologyLoss,BraTS2021_00000,28.417099,0.9586828351020813,0.1362791,0.9385749385749386,0.9409627611262489,0.9243542435424354
Uformer + PathologyLoss,BraTS2021_00003,32.855404,0.9844685196876526,0.07992436,0.9400250941028858,0.7849462365591398,0.857918552036199
Uformer + PathologyLoss,BraTS2021_00026,29.279871,0.9394288063049316,0.13751464,0.7934131736526946,0.875,0.8342967244701349
Uformer + PathologyLoss,BraTS2021_00024,30.449165,0.9786628484725952,0.15527903,0.8430913348946136,0.0,0.0
Uformer + PathologyLoss,BraTS2021_00000,29.045275,0.9710808992385864,0.10953178,0.9309288873766587,0.932718185313341,0.881767955801105
Uformer + PathologyLoss,BraTS2021_00016,27.532043,0.9815153479576111,0.10570785,0.7269303201506592,0.7766990291262136,0.842809364548495
Uformer + PathologyLoss,BraTS2021_00005,31.64281,0.9802317023277283,0.09052321,0.9454301975225979,0.907928388746803,0.7505827505827506
Uformer + PathologyLoss,BraTS2021_00020,29.915363,0.9625124931335449,0.12309621,0.9695817490494296,0.7026348808030113,0.8842105263157894
Uformer + PathologyLoss,BraTS2021_00026,30.486467,0.9724556803703308,0.106786594,0.7240948813982522,0.8460236886632826,0.8228980322003577
Uformer + PathologyLoss,BraTS2021_00024,30.77677,0.9818668365478516,0.08974053,0.9644921552436003,nan,nan
Uformer + PathologyLoss,BraTS2021_00021,29.946806,0.9315606951713562,0.14573988,0.8160919540229885,nan,nan
Uformer + PathologyLoss,BraTS2021_00012,30.968658,0.9904195666313171,0.06847302,0.9403383793410508,0.8343059239610964,0.0
Uformer + PathologyLoss,BraTS2021_00002,29.370459,0.9695767760276794,0.16143282,0.8334578043315908,nan,nan
Uformer + PathologyLoss,BraTS2021_00021,32.679523,0.9543664455413818,0.0962157,0.5614035087719298,nan,nan
Uformer + PathologyLoss,BraTS2021_00009,29.372364,0.9805297255516052,0.096932374,0.8945686900958466,nan,nan
Uformer + PathologyLoss,BraTS2021_00021,30.006742,0.9538335204124451,0.16948667,0.6666666666666666,nan,nan
Uformer + PathologyLoss,BraTS2021_00011,31.79321,0.9846113920211792,0.0739147,0.9720451201569397,0.7027027027027027,0.6875
Uformer + PathologyLoss,BraTS2021_00012,30.49451,0.9900782704353333,0.071727455,0.9227352425482174,0.603958375841665,0.0
Uformer + PathologyLoss,BraTS2021_00016,28.701118,0.9876410961151123,0.08920891,0.5008695652173913,nan,nan
Uformer + PathologyLoss,BraTS2021_00002,32.38003,0.9871842861175537,0.07596001,0.9403149029659466,0.9197969543147209,0.887627695800227
Uformer + PathologyLoss,BraTS2021_00011,28.70126,0.9640928506851196,0.12911622,0.8853932584269663,0.0,0.0
Uformer + PathologyLoss,BraTS2021_00019,33.968952,0.9859835505485535,0.072223894,0.5487574480453422,nan,nan
Uformer + PathologyLoss,BraTS2021_00018,29.823683,0.984462559223175,0.08717713,0.9713290036432758,0.9081410535481063,0.7932843651626443
Uformer + PathologyLoss,BraTS2021_00014,28.437777,0.9658038020133972,0.11004068,0.8850442137639369,0.4883720930232558,0.4883720930232558
Uformer + PathologyLoss,BraTS2021_00012,29.880676,0.9847546219825745,0.09126405,0.9644731530076706,0.7414548641542507,0.0
Uformer + PathologyLoss,BraTS2021_00012,28.061314,0.9800583720207214,0.13155966,0.9551515151515152,0.0,nan
Uformer + PathologyLoss,BraTS2021_00021,31.130367,0.9430034160614014,0.11952873,0.7947470817120622,nan,nan
Uformer + PathologyLoss,BraTS2021_00012,30.38989,0.9891080260276794,0.07474554,0.9169743895175699,0.5179498758184692,0.0
Uformer + PathologyLoss,BraTS2021_00011,29.51772,0.9652510285377502,0.1120526,0.9429223744292238,0.0,0.0
Uformer + PathologyLoss,BraTS2021_00011,30.145884,0.966979444026947,0.09953371,0.9523809523809523,0.0,0.0
Uformer + PathologyLoss,BraTS2021_00000,29.299274,0.9683298468589783,0.104445845,0.9725036179450073,0.9590595865423591,0.8716486023958927
Uformer + PathologyLoss,BraTS2021_00025,31.55493,0.987325131893158,0.06929394,0.4094488188976378,0.0,0.0
Uformer + PathologyLoss,BraTS2021_00025,30.111195,0.9815229177474976,0.084649585,0.06666666666666667,nan,nan
Uformer + PathologyLoss,BraTS2021_00018,29.794016,0.985710859298706,0.08441633,0.970268074735987,0.9058316314953483,0.7989221960255979
Uformer + PathologyLoss,BraTS2021_00026,30.317114,0.9692451357841492,0.10831557,0.7987711213517665,0.9268929503916449,0.8545067423704755
Uformer + PathologyLoss,BraTS2021_00016,27.755577,0.97892165184021,0.12830429,0.0,nan,nan
Uformer + PathologyLoss,BraTS2021_00014,27.781971,0.9731574654579163,0.16935444,0.7647058823529411,0.0,0.0
Uformer + PathologyLoss,BraTS2021_00017,30.900383,0.9712021946907043,0.09983602,0.93717277486911,0.0,0.0
Uformer + PathologyLoss,BraTS2021_00019,34.21493,0.9844021797180176,0.07291411,0.31741821396993813,nan,nan
Uformer + PathologyLoss,BraTS2021_00021,32.69315,0.9617659449577332,0.09645142,0.6904761904761905,nan,nan
Uformer + PathologyLoss,BraTS2021_00017,30.956635,0.9607439041137695,0.09942987,0.1638418079096045,nan,nan
Uformer + PathologyLoss,BraTS2021_00017,29.693958,0.9595129489898682,0.12766983,0.9242590559824369,nan,nan
Uformer + PathologyLoss,BraTS2021_00020,29.534698,0.9665252566337585,0.120436214,0.939875604699378,0.45408163265306123,0.8307692307692308
Uformer + PathologyLoss,BraTS2021_00022,29.718256,0.9700756072998047,0.09996155,0.8104426787741204,0.7060692723228471,0.6318732525629077
Uformer + PathologyLoss,BraTS2021_00012,29.583834,0.9861108064651489,0.09014982,0.9545644018340975,0.47987117552334946,nan
Uformer + PathologyLoss,BraTS2021_00021,30.472929,0.9374309182167053,0.12908472,0.7814220732583194,nan,nan
Uformer + PathologyLoss,BraTS2021_00011,31.83329,0.979400098323822,0.07311284,0.9732807709154621,0.75,0.7540229885057471
Uformer + PathologyLoss,BraTS2021_00002,30.825886,0.9811026453971863,0.087558806,0.9262456459185219,0.7034412955465587,0.7897350993377483
Uformer + PathologyLoss,BraTS2021_00002,30.48011,0.9652387499809265,0.10677964,0.8474980142970612,0.13541666666666666,0.13541666666666666
Uformer + PathologyLoss,BraTS2021_00017,29.195997,0.9580371379852295,0.13561177,0.8811720021703744,nan,nan
Uformer + PathologyLoss,BraTS2021_00024,30.034256,0.9794654846191406,0.11537431,0.9658002735978112,0.7101449275362319,0.7101449275362319
Uformer + PathologyLoss,BraTS2021_00019,33.925938,0.9844986200332642,0.0736391,0.5787401574803149,nan,nan
Uformer + PathologyLoss,BraTS2021_00020,31.17153,0.976655900478363,0.10019169,0.37383177570093457,nan,nan
Uformer + PathologyLoss,BraTS2021_00005,31.802998,0.9822333455085754,0.088531,0.8387850467289719,0.9374398460057748,0.831924882629108
Uformer + PathologyLoss,BraTS2021_00025,29.786816,0.9773628115653992,0.09040561,0.0,nan,nan
Uformer + PathologyLoss,BraTS2021_00021,32.778816,0.9510821104049683,0.097158596,0.6099290780141844,nan,nan
Uformer + PathologyLoss,BraTS2021_00018,29.917393,0.986632227897644,0.08276375,0.9734275142953246,0.900518390520859,0.74943904263276
Uformer + PathologyLoss,BraTS2021_00025,29.733109,0.9813383221626282,0.08643194,0.0,nan,nan
Uformer + PathologyLoss,BraTS2021_00009,28.865356,0.9778591990470886,0.103546135,nan,nan,nan
Uformer + PathologyLoss,BraTS2021_00019,30.901573,0.9734727144241333,0.10855059,0.8315307820299501,0.16720257234726688,0.19622641509433963
Uformer + PathologyLoss,BraTS2021_00000,28.68882,0.9615561962127686,0.11847239,0.9050925925925926,0.9573091849935317,0.8881578947368421
Uformer + PathologyLoss,BraTS2021_00022,30.22684,0.9771739840507507,0.08989538,0.9365714285714286,0.8535112805846838,0.8643042350907519
Uformer + PathologyLoss,BraTS2021_00021,30.678524,0.9331620335578918,0.12877555,0.7875816993464052,nan,nan
Uformer + PathologyLoss,BraTS2021_00026,29.076511,0.9572350382804871,0.14723022,0.801980198019802,0.8811410459587956,0.8775834658187599
Uformer + PathologyLoss,BraTS2021_00022,26.644432,0.9686678051948547,0.182357,0.8815426997245179,nan,nan
Uformer + PathologyLoss,BraTS2021_00012,29.463064,0.983974814414978,0.09774313,0.940779971112181,0.8081264108352144,0.0
Uformer + PathologyLoss,BraTS2021_00014,28.414755,0.9664314985275269,0.111897774,0.9161576901721266,0.0,0.0
Uformer + PathologyLoss,BraTS2021_00012,29.881735,0.9878519177436829,0.07893347,0.932495285983658,0.7065302911093627,0.0
Uformer + PathologyLoss,BraTS2021_00026,30.967981,0.9792749881744385,0.09563544,0.796595744680851,0.8387096774193549,0.8184663536776213
Uformer + PathologyLoss,BraTS2021_00014,27.784279,0.9661880731582642,0.13477838,0.8598726114649682,0.0,0.0
Uformer + PathologyLoss,BraTS2021_00019,30.87267,0.9731438159942627,0.11208176,0.8460959076073311,0.2074688796680498,0.26737967914438504
Uformer + PathologyLoss,BraTS2021_00002,30.872406,0.97910475730896,0.088408805,0.9260476581758422,0.6986899563318777,0.7145015105740181
Uformer + PathologyLoss,BraTS2021_00019,32.85446,0.9863924384117126,0.077682436,0.8549796156086197,0.1111111111111111,0.1111111111111111
Uformer + PathologyLoss,BraTS2021_00002,30.713968,0.973228931427002,0.09824961,0.9554536521454308,0.24444444444444444,0.2372093023255814
Uformer + PathologyLoss,BraTS2021_00002,30.17164,0.9700203537940979,0.18886757,0.6893939393939394,nan,nan
Uformer + PathologyLoss,BraTS2021_00018,29.783346,0.9759768843650818,0.09994486,0.888268156424581,0.09836065573770492,0.09836065573770492
Uformer + PathologyLoss,BraTS2021_00022,30.490051,0.9769286513328552,0.08915782,0.9540675152185943,0.8213350785340314,0.8997111019397441
Uformer + PathologyLoss,BraTS2021_00003,32.42454,0.9828552603721619,0.086093724,0.9393743257820928,0.6101354741595585,0.77390527256479
Uformer + PathologyLoss,BraTS2021_00014,29.631031,0.9787668585777283,0.16202857,0.6343692870201096,nan,nan
Uformer + PathologyLoss,BraTS2021_00016,28.74485,0.9871006011962891,0.08906013,0.8166915052160953,nan,nan
Uformer + PathologyLoss,BraTS2021_00021,31.514431,0.9665706157684326,0.10871181,0.6417165668662674,0.19935691318327975,0.2339622641509434
Uformer + PathologyLoss,BraTS2021_00019,33.792397,0.9821356534957886,0.07840065,0.22539812168231932,nan,nan
Uformer + PathologyLoss,BraTS2021_00024,30.454645,0.9776111245155334,0.16787039,0.0,0.0,0.0
Uformer + PathologyLoss,BraTS2021_00019,31.812832,0.9858837723731995,0.08565775,0.8772720444644735,0.4383561643835616,0.48478260869565215
Uformer + PathologyLoss,BraTS2021_00026,31.538675,0.9805777668952942,0.093157455,0.41245136186770426,0.7981651376146789,0.8076923076923077
Uformer + PathologyLoss,BraTS2021_00022,30.403978,0.9764534831047058,0.09199558,0.9610838858460652,0.8162408120406021,0.9015873015873016
Uformer + PathologyLoss,BraTS2021_00020,29.642477,0.9466120600700378,0.13107848,0.892018779342723,0.9063032367972743,0.8873483535528596
Uformer + PathologyLoss,BraTS2021_00012,30.88762,0.9903177618980408,0.069754936,0.9218482601254991,0.7252466203872854,0.0
Uformer + PathologyLoss,BraTS2021_00025,29.16887,0.9683434963226318,0.10033405,0.0,nan,nan
Uformer + PathologyLoss,BraTS2021_00002,30.452288,0.9730129837989807,0.10604468,0.9232927970065482,nan,nan
Uformer + PathologyLoss,BraTS2021_00025,29.96307,0.9789772033691406,0.08618409,0.0,0.0,0.0
Uformer + PathologyLoss,BraTS2021_00011,30.441174,0.9689013361930847,0.090408936,0.9696186166774402,0.0,0.0
Uformer + PathologyLoss,BraTS2021_00003,29.48903,0.974615216255188,0.132432,0.8793679732604072,0.0,0.0
Uformer + PathologyLoss,BraTS2021_00025,31.498238,0.9866056442260742,0.07078611,0.259946949602122,nan,nan
Uformer + PathologyLoss,BraTS2021_00008,29.579445,0.9657976627349854,0.10761789,0.9617977528089887,0.0,0.0
Uformer + PathologyLoss,BraTS2021_00018,30.266273,0.983402669429779,0.08375855,0.9883628248047186,0.8579005524861878,0.7299509001636661
Uformer + PathologyLoss,BraTS2021_00019,30.759998,0.9725519418716431,0.12793714,0.5984350547730829,nan,nan
Uformer + PathologyLoss,BraTS2021_00020,30.378054,0.9739465117454529,0.10807331,0.9149952244508118,0.843585237258348,0.813953488372093
Uformer + PathologyLoss,BraTS2021_00017,31.507835,0.9836246371269226,0.08847511,0.9096651926721415,nan,nan
Uformer + PathologyLoss,BraTS2021_00008,30.027157,0.9606686234474182,0.10459631,0.9478260869565217,nan,nan
Uformer + PathologyLoss,BraTS2021_00003,31.840403,0.9844142198562622,0.08479937,0.8733173520191776,0.7857432158768732,0.8280081577158396
Uformer + PathologyLoss,BraTS2021_00022,28.687012,0.9576991200447083,0.11417472,0.8659295093296475,0.8210757409440176,0.8197802197802198
Uformer + PathologyLoss,BraTS2021_00017,31.246302,0.9832513928413391,0.08782259,0.8903225806451613,nan,nan
