method,subject,psnr,ssim,nrmse,dice_wt,dice_tc,dice_et
Uformer + PathologyLoss,BraTS2021_00003,32.442596,0.9783151745796204,0.093260735,0.0,0.0,0.0
Uformer + PathologyLoss,BraTS2021_00003,32.556892,0.9805957078933716,0.09209181,0.0,0.0,0.0
Uformer + PathologyLoss,BraTS2021_00003,32.53701,0.9803134799003601,0.09259573,0.8349514563106796,0.8547008547008547,0.8547008547008547
Uformer + PathologyLoss,BraTS2021_00003,32.5624,0.9810448884963989,0.09118304,0.8520710059171598,0.8423772609819121,0.8415584415584415
Uformer + PathologyLoss,BraTS2021_00003,32.501904,0.9815503358840942,0.08931501,0.911504424778761,0.9205702647657841,0.8708240534521158
Uformer + PathologyLoss,BraTS2021_00003,32.5512,0.9821221232414246,0.08835136,0.9239940387481371,0.9022556390977443,0.846307385229541
Uformer + PathologyLoss,BraTS2021_00003,32.78312,0.9827718734741211,0.08602385,0.925115970841617,0.9480122324159022,0.8913705583756345
Uformer + PathologyLoss,BraTS2021_00003,33.012913,0.9825868010520935,0.084607735,0.947560975609756,0.9453809844908968,0.8671454219030521
Uformer + PathologyLoss,BraTS2021_00003,33.322292,0.9832249283790588,0.08215584,0.9434167573449401,0.9336550060313631,0.841025641025641
Uformer + PathologyLoss,BraTS2021_00003,33.269485,0.9832967519760132,0.08207857,0.9530013959981387,0.9449591280653951,0.8747826086956522
Uformer + PathologyLoss,BraTS2021_00003,33.13865,0.9840270280838013,0.081860565,0.9534510433386838,0.9446153846153846,0.8487886382623224
Uformer + PathologyLoss,BraTS2021_00003,33.327187,0.9844685792922974,0.07867175,0.967109867039888,0.9367816091954023,0.8327922077922078
Uformer + PathologyLoss,BraTS2021_00003,33.449036,0.9845512509346008,0.07726538,0.9634031904910854,0.9432918395573997,0.8385416666666666
Uformer + PathologyLoss,BraTS2021_00003,33.351437,0.9858790040016174,0.07657886,0.9625576036866359,0.956366874443455,0.8511749347258486
Uformer + PathologyLoss,BraTS2021_00003,33.576015,0.9857462048530579,0.077212624,0.9738651994497937,0.9482242190842961,0.8568904593639576
Uformer + PathologyLoss,BraTS2021_00003,33.288616,0.9848384857177734,0.07643842,0.981998434646491,0.9474989665150889,0.8442477876106195
Uformer + PathologyLoss,BraTS2021_00003,33.125183,0.9863560199737549,0.07722508,0.9742048585023791,0.9456609894566099,0.8077634011090573
Uformer + PathologyLoss,BraTS2021_00003,33.227192,0.983967661857605,0.07938216,0.9788489916379735,0.945054945054945,0.8255707762557077
Uformer + PathologyLoss,BraTS2021_00003,33.158936,0.9872099161148071,0.074483775,0.9756443603688816,0.9369988545246277,0.7953941541186891
Uformer + PathologyLoss,BraTS2021_00003,33.285976,0.9848891496658325,0.07722486,0.9704857076458285,0.9357384441939121,0.8072601555747623
Uformer + PathologyLoss,BraTS2021_00003,33.346375,0.9849357008934021,0.07662195,0.9665513264129181,0.9263235838578304,0.7646586345381526
Uformer + PathologyLoss,BraTS2021_00003,32.959743,0.9856352806091309,0.07712572,0.960529217199559,0.936849925705795,0.8038125496425734
Uformer + PathologyLoss,BraTS2021_00003,32.902016,0.9845808148384094,0.08047853,0.9723562966213252,0.9380073800738007,0.8074824629773967
Uformer + PathologyLoss,BraTS2021_00003,32.658752,0.9869005680084229,0.07783324,0.9737795779151567,0.9386705839147998,0.8208516886930984
Uformer + PathologyLoss,BraTS2021_00003,32.82883,0.9842587113380432,0.079158224,0.9684123025768911,0.9224887035106013,0.8161668839634941
Uformer + PathologyLoss,BraTS2021_00003,32.934883,0.9852994084358215,0.07852435,0.9824706124974222,0.9588462891311994,0.8618421052631579
Uformer + PathologyLoss,BraTS2021_00003,32.685085,0.9867337942123413,0.078161605,0.9809098294069862,0.9759770527070635,0.9058419243986254
Uformer + PathologyLoss,BraTS2021_00003,32.787888,0.9861404895782471,0.07808479,0.977601585728444,0.9478838754809374,0.8427037271004422
Uformer + PathologyLoss,BraTS2021_00003,32.84511,0.9861330389976501,0.07947091,0.9753328112764291,0.9573699421965318,0.8683181225554107
Uformer + PathologyLoss,BraTS2021_00003,32.82159,0.9866382479667664,0.07809387,0.9816692667706708,0.9587820274786484,0.8762541806020067
Uformer + PathologyLoss,BraTS2021_00003,32.524612,0.9860451221466064,0.08105452,0.9778888675254759,0.9368895567242674,0.8283582089552238
Uformer + PathologyLoss,BraTS2021_00003,32.454136,0.9868889451026917,0.079977654,0.9698920658966105,0.9538461538461539,0.870789957134109
Uformer + PathologyLoss,BraTS2021_00003,32.296722,0.9845069646835327,0.08467446,0.9786661541418412,0.9555741827326069,0.8851894374282434
Uformer + PathologyLoss,BraTS2021_00003,32.399925,0.9860439896583557,0.08184222,0.9828593689131282,0.9549308344489067,0.8984509466437177
Uformer + PathologyLoss,BraTS2021_00003,32.07497,0.985251247882843,0.084490314,0.9777949411083221,0.9668615984405458,0.929595015576324
Uformer + PathologyLoss,BraTS2021_00003,32.19157,0.9856418371200562,0.083786696,0.9734826163818503,0.936734693877551,0.8812067881835324
Uformer + PathologyLoss,BraTS2021_00003,31.813694,0.9834967851638794,0.08840634,0.972462311557789,0.9607843137254902,0.9182561307901907
Uformer + PathologyLoss,BraTS2021_00003,31.756403,0.9852643609046936,0.08814543,0.9682181669058848,0.947560975609756,0.9122807017543859
Uformer + PathologyLoss,BraTS2021_00003,31.722042,0.9819151163101196,0.09166346,0.9648562300319489,0.9553035356904603,0.9254843517138599
Uformer + PathologyLoss,BraTS2021_00003,31.590164,0.9838212132453918,0.09205123,0.9642241379310345,0.9586155003762227,0.9324654190398698
Uformer + PathologyLoss,BraTS2021_00003,31.344639,0.980513870716095,0.09778868,0.9650951949229375,0.956738768718802,0.931433659839715
Uformer + PathologyLoss,BraTS2021_00003,31.232283,0.9833394885063171,0.09574948,0.965247410817031,0.8860257680872151,0.8860257680872151
Uformer + PathologyLoss,BraTS2021_00003,30.824245,0.9808639883995056,0.102958485,0.9741399762752075,0.908641975308642,0.908641975308642
Uformer + PathologyLoss,BraTS2021_00003,30.43889,0.9801523685455322,0.106311224,0.9630888780961632,0.9303621169916435,0.9303621169916435
Uformer + PathologyLoss,BraTS2021_00003,30.288136,0.9798059463500977,0.10923959,0.9694142042509072,0.8848263254113345,0.8848263254113345
Uformer + PathologyLoss,BraTS2021_00003,30.416416,0.9801356792449951,0.112833746,0.9552486187845304,0.843501326259947,0.843501326259947
Uformer + PathologyLoss,BraTS2021_00003,30.276758,0.9797454476356506,0.11412798,0.9219237976264835,0.4117647058823529,0.4117647058823529
Uformer + PathologyLoss,BraTS2021_00003,30.414927,0.9782713055610657,0.120626256,0.9173553719008265,0.0,0.0
Uformer + PathologyLoss,BraTS2021_00003,30.561993,0.9805370569229126,0.11922016,0.9544980896144495,nan,nan
Uformer + PathologyLoss,BraTS2021_00003,30.310757,0.9820142388343811,0.1217636,0.9676113360323887,nan,nan
Uformer + PathologyLoss,BraTS2021_00003,30.028908,0.9809296131134033,0.12875675,0.9513289609941319,nan,nan
Uformer + PathologyLoss,BraTS2021_00003,30.265987,0.9814838171005249,0.13220495,0.9222759390107846,nan,nan
Uformer + PathologyLoss,BraTS2021_00003,30.023241,0.9814056754112244,0.13937302,0.9466769706336939,nan,nan
Uformer + PathologyLoss,BraTS2021_00003,29.966068,0.9819450378417969,0.1429772,0.951188986232791,nan,nan
Uformer + PathologyLoss,BraTS2021_00003,30.129627,0.9815406203269958,0.15072541,0.9560841720036597,nan,nan
Uformer + PathologyLoss,BraTS2021_00003,29.876022,0.9774622321128845,0.17239206,0.9619710765934655,nan,nan
Uformer + PathologyLoss,BraTS2021_00003,29.946959,0.9763250946998596,0.1864949,0.8859384429692215,nan,nan
Uformer + PathologyLoss,BraTS2021_00003,31.098967,0.977003276348114,0.19286245,0.7495327102803738,nan,nan
Uformer + PathologyLoss,BraTS2021_00011,30.882,0.9633174538612366,0.094796635,0.7544910179640718,nan,nan
Uformer + PathologyLoss,BraTS2021_00011,31.409082,0.9700916409492493,0.088771366,0.8352201257861636,nan,nan
Uformer + PathologyLoss,BraTS2021_00011,31.31552,0.9723452925682068,0.08546794,0.8423005565862709,0.0,0.0
Uformer + PathologyLoss,BraTS2021_00011,31.208172,0.9706453084945679,0.086914845,0.8633791430881164,0.0,0.0
Uformer + PathologyLoss,BraTS2021_00011,31.473774,0.9715936779975891,0.08550573,0.9007407407407407,0.0,0.0
Uformer + PathologyLoss,BraTS2021_00011,31.55058,0.9728365540504456,0.08453369,0.8904016337644656,0.0,0.0
Uformer + PathologyLoss,BraTS2021_00011,31.577913,0.9735469818115234,0.084125824,0.9013732833957553,0.0,nan
Uformer + PathologyLoss,BraTS2021_00011,31.695793,0.9731379151344299,0.08461522,0.8987108655616943,nan,nan
Uformer + PathologyLoss,BraTS2021_00011,31.541782,0.974128782749176,0.084238224,0.9630044843049327,nan,nan
Uformer + PathologyLoss,BraTS2021_00011,31.618082,0.9777471423149109,0.080052875,0.9770240700218819,nan,nan
Uformer + PathologyLoss,BraTS2021_00011,31.439459,0.9787124395370483,0.08046356,0.9773855488141202,nan,nan
Uformer + PathologyLoss,BraTS2021_00011,31.634907,0.9800429940223694,0.07846149,0.9691056910569106,0.0,0.0
Uformer + PathologyLoss,BraTS2021_00011,31.604313,0.9812338352203369,0.07857569,0.9695057833859095,nan,nan
Uformer + PathologyLoss,BraTS2021_00011,31.69794,0.9818320870399475,0.077032484,0.9718456725755996,nan,nan
Uformer + PathologyLoss,BraTS2021_00011,31.27435,0.9817366600036621,0.07874244,0.9793033821302373,nan,nan
Uformer + PathologyLoss,BraTS2021_00011,31.458618,0.9836452007293701,0.07531568,0.9833005893909627,0.0,0.0
Uformer + PathologyLoss,BraTS2021_00011,31.697416,0.9841038584709167,0.07511596,0.9817658349328215,0.3614457831325301,0.3614457831325301
Uformer + PathologyLoss,BraTS2021_00011,31.621002,0.9852681159973145,0.07250998,0.9829018075232047,0.7455621301775148,0.7682926829268293
Uformer + PathologyLoss,BraTS2021_00011,31.751617,0.9860312342643738,0.07113492,0.9792771084337349,0.7945205479452054,0.8415841584158416
Uformer + PathologyLoss,BraTS2021_00011,32.057014,0.9875614643096924,0.06859041,0.991727493917275,0.8477366255144033,0.8389830508474576
Uformer + PathologyLoss,BraTS2021_00011,31.923977,0.9870207905769348,0.06969456,0.985279685966634,0.7796610169491526,0.7849829351535836
Uformer + PathologyLoss,BraTS2021_00011,32.104668,0.988091230392456,0.06788377,0.9874152952565344,0.8962962962962963,0.8880597014925373
Uformer + PathologyLoss,BraTS2021_00011,32.158752,0.9881992936134338,0.06742123,0.973401773215119,0.7325581395348837,0.7433628318584071
Uformer + PathologyLoss,BraTS2021_00011,32.381676,0.9886729121208191,0.065486975,0.9818007662835249,0.8673139158576052,0.9023569023569024
Uformer + PathologyLoss,BraTS2021_00011,32.30462,0.9885340929031372,0.06520493,0.9822595704948646,0.8888888888888888,0.8945686900958466
Uformer + PathologyLoss,BraTS2021_00011,32.457737,0.9869977831840515,0.06768227,0.9829571625978811,0.8861538461538462,0.8861538461538462
Uformer + PathologyLoss,BraTS2021_00011,32.030277,0.9864405989646912,0.06762123,0.9639401934916447,0.5571955719557196,0.765625
Uformer + PathologyLoss,BraTS2021_00011,32.066635,0.9856557846069336,0.068231225,0.9569707401032702,0.8131313131313131,0.8341968911917098
Uformer + PathologyLoss,BraTS2021_00011,32.368843,0.9853914976119995,0.06728613,0.9770662051060147,0.9226361031518625,0.9190751445086706
Uformer + PathologyLoss,BraTS2021_00011,31.980423,0.9822080135345459,0.070395716,0.9838565022421525,0.9023746701846965,0.9047619047619048
Uformer + PathologyLoss,BraTS2021_00011,32.288315,0.9820917248725891,0.06975114,0.9893428063943162,0.8888888888888888,0.9042553191489362
Uformer + PathologyLoss,BraTS2021_00011,32.10402,0.9801930785179138,0.07035794,0.9799086757990868,0.8661417322834646,0.868421052631579
Uformer + PathologyLoss,BraTS2021_00011,32.02501,0.9796963334083557,0.07106317,0.9860171402796571,0.9173789173789174,0.9279538904899135
Uformer + PathologyLoss,BraTS2021_00011,32.3377,0.979691743850708,0.07016365,0.9873060648801129,0.9118541033434651,0.9118541033434651
Uformer + PathologyLoss,BraTS2021_00011,32.166523,0.9793475270271301,0.0717235,0.976657329598506,0.8303030303030303,0.8535825545171339
Uformer + PathologyLoss,BraTS2021_00011,32.09309,0.9770357608795166,0.073814765,0.9829517778860205,0.8012820512820513,0.8064516129032258
Uformer + PathologyLoss,BraTS2021_00011,32.108013,0.9780805706977844,0.074191734,0.9852116267210607,0.8632478632478633,0.8632478632478633
Uformer + PathologyLoss,BraTS2021_00011,31.879671,0.976670503616333,0.07482586,0.9610532089961602,0.8383838383838383,0.8383838383838383
Uformer + PathologyLoss,BraTS2021_00011,31.772919,0.9773602485656738,0.07470796,0.9730033745781778,0.38064516129032255,0.42790697674418604
Uformer + PathologyLoss,BraTS2021_00011,31.560862,0.9755648970603943,0.07714145,0.9689877121123464,0.4423076923076923,0.5569620253164557
Uformer + PathologyLoss,BraTS2021_00011,31.473175,0.9740700721740723,0.080049396,0.9852941176470589,0.0,0.0
Uformer + PathologyLoss,BraTS2021_00011,31.226864,0.9738090634346008,0.08173381,0.979047619047619,0.0,0.0
Uformer + PathologyLoss,BraTS2021_00011,31.043175,0.9733318090438843,0.082291074,0.970873786407767,0.0,0.0
Uformer + PathologyLoss,BraTS2021_00011,31.069248,0.9716852307319641,0.08665706,0.969939879759519,0.0,0.0
Uformer + PathologyLoss,BraTS2021_00011,30.740578,0.9720538854598999,0.0879788,0.9432955303535691,0.0,0.0
Uformer + PathologyLoss,BraTS2021_00011,30.928226,0.9701975584030151,0.08984486,0.944,0.0,0.0
Uformer + PathologyLoss,BraTS2021_00011,30.884008,0.9712206125259399,0.09090494,0.9493865030674846,0.0,0.0
Uformer + PathologyLoss,BraTS2021_00011,30.784119,0.9715796113014221,0.0908313,0.952076677316294,0.0,0.0
Uformer + PathologyLoss,BraTS2021_00011,30.750565,0.9713897109031677,0.092495784,0.9494949494949495,0.0,0.0
Uformer + PathologyLoss,BraTS2021_00011,30.486652,0.9709930419921875,0.0959534,0.969807868252516,0.0,0.0
Uformer + PathologyLoss,BraTS2021_00011,30.32885,0.9698001742362976,0.100084394,0.9555774925962488,0.0,0.0
Uformer + PathologyLoss,BraTS2021_00011,29.957373,0.9709426760673523,0.10289892,0.9573991031390134,0.0,0.0
Uformer + PathologyLoss,BraTS2021_00011,30.07069,0.9738285541534424,0.10208112,0.9455006337135615,nan,nan
Uformer + PathologyLoss,BraTS2021_00011,29.842422,0.9719081521034241,0.10925748,0.8722741433021807,0.0,0.0
Uformer + PathologyLoss,BraTS2021_00011,29.77716,0.9712561368942261,0.11554926,0.8490230905861457,0.0,0.0
Uformer + PathologyLoss,BraTS2021_00011,29.539835,0.973816990852356,0.1167668,0.7583148558758315,0.0,0.0
Uformer + PathologyLoss,BraTS2021_00012,29.996391,0.9834977984428406,0.091778584,0.5981308411214953,0.0,0.0
Uformer + PathologyLoss,BraTS2021_00012,30.577993,0.9842132925987244,0.0873531,0.7827476038338658,0.0,nan
Uformer + PathologyLoss,BraTS2021_00012,30.468105,0.9858579635620117,0.084037825,0.6955848179705655,0.0,nan
Uformer + PathologyLoss,BraTS2021_00012,30.62624,0.9859849214553833,0.08503664,0.9425444596443229,0.0,nan
Uformer + PathologyLoss,BraTS2021_00012,30.706251,0.987956166267395,0.07976431,0.9174493326742462,0.0,nan
Uformer + PathologyLoss,BraTS2021_00012,30.967234,0.9878186583518982,0.078854345,0.8889719626168224,0.0,0.0
Uformer + PathologyLoss,BraTS2021_00012,30.898344,0.98828125,0.07746241,0.9410582719356999,0.0,0.0
Uformer + PathologyLoss,BraTS2021_00012,30.751305,0.98797208070755,0.07786666,0.9412806137503689,0.02889576883384933,0.0
Uformer + PathologyLoss,BraTS2021_00012,30.568039,0.9872530698776245,0.07994373,0.9754500818330606,0.016,0.0
Uformer + PathologyLoss,BraTS2021_00012,30.339382,0.987432599067688,0.080465935,0.9734915425397627,0.0,nan
Uformer + PathologyLoss,BraTS2021_00012,30.36412,0.987602710723877,0.07913337,0.9685681024447031,0.07569721115537849,0.0
Uformer + PathologyLoss,BraTS2021_00012,30.337433,0.9872990846633911,0.07895102,0.9674850696748507,0.0036363636363636364,nan
Uformer + PathologyLoss,BraTS2021_00012,30.156853,0.9862638711929321,0.080116384,0.9673688558446922,0.028738690792974985,0.0
Uformer + PathologyLoss,BraTS2021_00012,29.95345,0.9868940711021423,0.079988785,0.9722167487684729,0.0,nan
Uformer + PathologyLoss,BraTS2021_00012,30.257477,0.9859057664871216,0.07982803,0.9726454929318891,0.006628787878787879,0.0
Uformer + PathologyLoss,BraTS2021_00012,29.958563,0.9867902398109436,0.08007935,0.9733194733194733,0.0,0.0
Uformer + PathologyLoss,BraTS2021_00012,30.089043,0.9856926798820496,0.07984995,0.948713747337375,0.024555461473327687,0.0
Uformer + PathologyLoss,BraTS2021_00012,29.883305,0.9862017035484314,0.080197185,0.9702086984228134,0.011881188118811881,0.0
Uformer + PathologyLoss,BraTS2021_00012,29.796152,0.9861670136451721,0.07981316,0.9581183611532625,0.04834510970621049,0.0
Uformer + PathologyLoss,BraTS2021_00012,29.826572,0.9847679138183594,0.081877254,0.9543042452830188,0.017266187050359712,0.0
Uformer + PathologyLoss,BraTS2021_00012,29.964828,0.9857921600341797,0.080137365,0.9602206736353078,0.0069084628670120895,0.0
Uformer + PathologyLoss,BraTS2021_00012,29.69636,0.9861699938774109,0.08023509,0.9512571990448097,0.0,nan
Uformer + PathologyLoss,BraTS2021_00012,29.969265,0.986949622631073,0.07808806,0.9485304263833311,0.007161458333333333,0.0
Uformer + PathologyLoss,BraTS2021_00012,29.967812,0.9871209859848022,0.0780387,0.9356293562935629,0.0,nan
Uformer + PathologyLoss,BraTS2021_00012,30.038883,0.9884850978851318,0.074475996,0.9260700389105059,0.0,nan
Uformer + PathologyLoss,BraTS2021_00012,30.354286,0.9884289503097534,0.074599616,0.925065274151436,0.0,nan
Uformer + PathologyLoss,BraTS2021_00012,30.240768,0.9893571734428406,0.07275723,0.9208743448804806,0.00554016620498615,nan
Uformer + PathologyLoss,BraTS2021_00012,30.316046,0.989116370677948,0.07420385,0.924952380952381,0.0,nan
Uformer + PathologyLoss,BraTS2021_00012,30.576637,0.9889088273048401,0.07418799,0.9294397794209801,0.006630500301386378,0.0
Uformer + PathologyLoss,BraTS2021_00012,30.1989,0.9893580079078674,0.07277737,0.9282461538461538,0.003033060357901122,nan
Uformer + PathologyLoss,BraTS2021_00012,30.633537,0.9899485111236572,0.07097635,0.9255189255189256,0.003658536585365854,0.0
Uformer + PathologyLoss,BraTS2021_00012,30.689898,0.9896726608276367,0.07056851,0.9150920245398773,0.03028467595396729,0.0
Uformer + PathologyLoss,BraTS2021_00012,30.758589,0.9897075891494751,0.07065653,0.9181573143837295,0.008557457212713936,nan
Uformer + PathologyLoss,BraTS2021_00012,31.154285,0.9900713562965393,0.06927542,0.9264599855803893,0.037322274881516584,0.0
Uformer + PathologyLoss,BraTS2021_00012,30.912323,0.9897350668907166,0.06962568,0.9216744632361761,0.06455331412103746,0.0
Uformer + PathologyLoss,BraTS2021_00012,31.078701,0.9898819327354431,0.06955095,0.9120629996420475,0.027270089933275312,0.0
Uformer + PathologyLoss,BraTS2021_00012,30.971544,0.9905667901039124,0.068517424,0.9108841958691112,0.0,0.0
Uformer + PathologyLoss,BraTS2021_00012,31.013107,0.9902842044830322,0.06921268,0.9139472767390547,0.0,0.0
Uformer + PathologyLoss,BraTS2021_00012,30.924126,0.989323079586029,0.07113507,0.9249130938586326,0.006360219716681122,0.0
Uformer + PathologyLoss,BraTS2021_00012,31.22119,0.9900128245353699,0.068760216,0.926632004621606,0.0069124423963133645,0.0
Uformer + PathologyLoss,BraTS2021_00012,31.103476,0.9901652336120605,0.06868833,0.9112058044454682,0.0023161551823972205,0.0
Uformer + PathologyLoss,BraTS2021_00012,31.006271,0.9901602268218994,0.068296574,0.9233584991992679,0.0,0.0
Uformer + PathologyLoss,BraTS2021_00012,31.00959,0.9902401566505432,0.0679547,0.9297865053088252,0.0,0.0
Uformer + PathologyLoss,BraTS2021_00012,30.872746,0.9895156025886536,0.07047236,0.9366253271134373,0.0,nan
Uformer + PathologyLoss,BraTS2021_00012,31.004389,0.9893697500228882,0.07011224,0.9355466514024041,0.0,nan
Uformer + PathologyLoss,BraTS2021_00012,31.28138,0.9903978109359741,0.0678669,0.9377323420074349,0.0,nan
Uformer + PathologyLoss,BraTS2021_00012,31.223982,0.9898360967636108,0.0697906,0.9610328082435153,0.0,nan
Uformer + PathologyLoss,BraTS2021_00012,31.289728,0.9891099333763123,0.070656516,0.9618173030449493,0.0,0.0
Uformer + PathologyLoss,BraTS2021_00012,31.192549,0.989042341709137,0.07113649,0.964097537066536,0.001519756838905775,0.0
Uformer + PathologyLoss,BraTS2021_00012,31.144133,0.989545464515686,0.07086918,0.968919088964389,0.0,nan
Uformer + PathologyLoss,BraTS2021_00012,31.280643,0.9891435503959656,0.071143776,0.9676254353153618,0.0026678523788350376,0.0
Uformer + PathologyLoss,BraTS2021_00012,31.540548,0.9891995787620544,0.0703979,0.9721627408993576,0.04561717352415027,0.0
Uformer + PathologyLoss,BraTS2021_00012,31.256218,0.988441526889801,0.073367946,0.9663468423313762,0.06950562897699461,0.0
Uformer + PathologyLoss,BraTS2021_00012,30.873775,0.9885337948799133,0.073878236,0.9723978411719353,0.033622007131940905,0.0
Uformer + PathologyLoss,BraTS2021_00012,31.164122,0.9879371523857117,0.07558841,0.970650926381374,0.03028664142779881,0.0
Uformer + PathologyLoss,BraTS2021_00012,31.34169,0.98820960521698,0.07578101,0.9641007939247498,0.015046296296296295,0.0
Uformer + PathologyLoss,BraTS2021_00012,30.950232,0.9874746799468994,0.077498294,0.96719842265639,0.039831019915509955,0.0
Uformer + PathologyLoss,BraTS2021_00012,30.926876,0.9878382682800293,0.07862686,0.9586374695863747,0.0,0.0
Uformer + PathologyLoss,BraTS2021_00012,30.63613,0.9880143404006958,0.07938341,0.9661016949152542,0.010093727469358327,nan
Uformer + PathologyLoss,BraTS2021_00012,31.031942,0.9871098399162292,0.08157309,0.9712020033388982,0.001606425702811245,0.0
Uformer + PathologyLoss,BraTS2021_00012,30.564062,0.9875407814979553,0.08139332,0.9625508238818746,0.0,nan
Uformer + PathologyLoss,BraTS2021_00012,30.570034,0.9864228963851929,0.08441536,0.9578175149014214,0.0,nan
Uformer + PathologyLoss,BraTS2021_00012,30.538492,0.986131489276886,0.08760771,0.9621136590229312,0.0,nan
Uformer + PathologyLoss,BraTS2021_00012,30.398958,0.9852244853973389,0.09135924,0.9533437013996889,0.0,nan
Uformer + PathologyLoss,BraTS2021_00012,30.498602,0.9863216876983643,0.09110455,0.9502237136465325,0.0,nan
Uformer + PathologyLoss,BraTS2021_00012,30.128775,0.9842272400856018,0.097960845,0.9473684210526315,0.0,nan
Uformer + PathologyLoss,BraTS2021_00012,29.79213,0.9840285181999207,0.102757655,0.9622886866059818,0.0,nan
Uformer + PathologyLoss,BraTS2021_00012,30.195938,0.9854992032051086,0.10121352,0.9419002050580998,0.0,nan
Uformer + PathologyLoss,BraTS2021_00012,30.083874,0.9850988388061523,0.10691045,0.9404411764705882,0.0,nan
Uformer + PathologyLoss,BraTS2021_00012,29.710945,0.9852043390274048,0.110056914,0.9356494275562574,0.0,nan
Uformer + PathologyLoss,BraTS2021_00012,30.073544,0.9851939678192139,0.11364933,0.9426086956521739,0.0,nan
Uformer + PathologyLoss,BraTS2021_00012,30.147999,0.9855068922042847,0.117404446,0.9483521888834235,0.0,nan
Uformer + PathologyLoss,BraTS2021_00012,30.06837,0.9858821630477905,0.12064505,0.9400871459694989,0.0,nan
Uformer + PathologyLoss,BraTS2021_00012,30.445776,0.9857227206230164,0.12553142,0.9346130773845231,0.0,nan
Uformer + PathologyLoss,BraTS2021_00012,30.935272,0.9862098693847656,0.1264444,0.9350473612990527,0.0,nan
Uformer + PathologyLoss,BraTS2021_00012,30.98288,0.9862023591995239,0.13057958,0.9152542372881356,nan,nan
Uformer + PathologyLoss,BraTS2021_00012,31.055492,0.9850185513496399,0.13937661,0.9193717277486911,nan,nan
Uformer + PathologyLoss,BraTS2021_00012,31.190845,0.9848231673240662,0.14487387,0.882962962962963,nan,nan
Uformer + PathologyLoss,BraTS2021_00045,31.774054,0.9804706573486328,0.13310638,0.4703770197486535,nan,nan
Uformer + PathologyLoss,BraTS2021_00045,31.62106,0.9807801246643066,0.13074677,0.8536082474226804,nan,nan
Uformer + PathologyLoss,BraTS2021_00045,31.898586,0.9801124930381775,0.13168949,0.7465437788018433,nan,nan
Uformer + PathologyLoss,BraTS2021_00045,31.60187,0.9800988435745239,0.13019668,0.9005102040816326,nan,nan
Uformer + PathologyLoss,BraTS2021_00045,31.641853,0.9808886051177979,0.1249092,0.9002169197396963,nan,nan
Uformer + PathologyLoss,BraTS2021_00045,31.477608,0.9790787696838379,0.12715673,0.9233954451345756,0.0,0.0
Uformer + PathologyLoss,BraTS2021_00045,31.610508,0.9794930815696716,0.123369634,0.9409691629955947,0.8296296296296296,0.8296296296296296
Uformer + PathologyLoss,BraTS2021_00045,31.420727,0.9781432151794434,0.12547807,0.9570345408593092,0.9017632241813602,0.8314606741573034
Uformer + PathologyLoss,BraTS2021_00045,31.454273,0.9781332015991211,0.12386591,0.965964343598055,0.9029850746268657,0.8225806451612904
Uformer + PathologyLoss,BraTS2021_00045,31.137215,0.9779438972473145,0.12310536,0.9616888193901486,0.9123867069486404,0.8300970873786407
Uformer + PathologyLoss,BraTS2021_00045,30.564121,0.9734315276145935,0.1290489,0.961890243902439,0.9320388349514563,0.8790697674418605
Uformer + PathologyLoss,BraTS2021_00045,30.15331,0.9678871035575867,0.13312273,0.9351389878831077,0.9523809523809523,0.8779443254817987
Uformer + PathologyLoss,BraTS2021_00045,29.918945,0.9662330150604248,0.13244915,0.9471488178025035,0.9553349875930521,0.8787878787878788
Uformer + PathologyLoss,BraTS2021_00045,30.745943,0.9725633859634399,0.117569596,0.8434731246308328,0.9586776859504132,0.8179775280898877
Uformer + PathologyLoss,BraTS2021_00045,31.041622,0.9713435769081116,0.11479445,0.8974358974358975,0.9483146067415731,0.8235294117647058
Uformer + PathologyLoss,BraTS2021_00045,31.32087,0.971942126750946,0.10945897,0.9273060476481368,0.9406688241639698,0.8246628131021194
Uformer + PathologyLoss,BraTS2021_00045,31.149784,0.9735780358314514,0.1088394,0.9215339233038348,0.9644351464435147,0.8857644991212654
Uformer + PathologyLoss,BraTS2021_00045,31.090904,0.9717458486557007,0.10873041,0.9635479951397327,0.9665271966527197,0.8717948717948718
Uformer + PathologyLoss,BraTS2021_00045,31.277544,0.972582995891571,0.107853286,0.9461988304093567,0.9608040201005025,0.8902077151335311
Uformer + PathologyLoss,BraTS2021_00045,31.168827,0.9694172739982605,0.10920989,0.9651917404129794,0.9607072691552063,0.9129213483146067
Uformer + PathologyLoss,BraTS2021_00045,31.217522,0.969248354434967,0.10774517,0.9774614472123369,0.964964964964965,0.8809523809523809
Uformer + PathologyLoss,BraTS2021_00045,31.407946,0.9716285467147827,0.105889626,0.9379232505643341,0.9728601252609603,0.8742331288343558
Uformer + PathologyLoss,BraTS2021_00045,31.670818,0.9725984930992126,0.103140734,0.9738095238095238,0.9678800856531049,0.8924889543446245
Uformer + PathologyLoss,BraTS2021_00045,31.61041,0.9715058207511902,0.103652395,0.9505428226779252,0.9633620689655172,0.8445121951219512
Uformer + PathologyLoss,BraTS2021_00045,31.604118,0.9741347432136536,0.10086828,0.8900169204737732,0.9665513264129181,0.8209459459459459
Uformer + PathologyLoss,BraTS2021_00045,31.800516,0.9750786423683167,0.09947471,0.929171668667467,0.9648711943793911,0.8417618270799347
Uformer + PathologyLoss,BraTS2021_00045,31.705122,0.9726437926292419,0.10074991,0.95,0.9469790382244143,0.8156606851549756
Uformer + PathologyLoss,BraTS2021_00045,31.888397,0.9734715819358826,0.10018256,0.9590570719602978,0.940279542566709,0.8545454545454545
Uformer + PathologyLoss,BraTS2021_00045,31.934977,0.9727953672409058,0.10012894,0.9383770591824283,0.94579945799458,0.8798798798798799
Uformer + PathologyLoss,BraTS2021_00045,32.108032,0.9785221815109253,0.094836935,0.8695652173913043,0.963076923076923,0.9300813008130081
Uformer + PathologyLoss,BraTS2021_00045,32.115826,0.9746043086051941,0.09753159,0.8900584795321638,0.8194662480376766,0.760797342192691
Uformer + PathologyLoss,BraTS2021_00045,31.881084,0.9775565266609192,0.09511861,0.9393346379647749,0.7137809187279152,0.6953405017921147
Uformer + PathologyLoss,BraTS2021_00045,31.793407,0.9765985608100891,0.100514434,0.9185888738127544,0.8503937007874016,0.8503937007874016
Uformer + PathologyLoss,BraTS2021_00045,31.848507,0.9749181270599365,0.10071329,0.9654665686994857,0.0,0.0
Uformer + PathologyLoss,BraTS2021_00045,31.8796,0.977535605430603,0.09687315,0.9147516679021498,nan,nan
Uformer + PathologyLoss,BraTS2021_00045,31.697746,0.9732544422149658,0.101994164,0.9243542435424354,nan,nan
Uformer + PathologyLoss,BraTS2021_00045,31.835224,0.9707731008529663,0.10144368,0.8927738927738927,nan,nan
Uformer + PathologyLoss,BraTS2021_00045,32.019306,0.9692189693450928,0.10118779,0.7352380952380952,nan,nan
Uformer + PathologyLoss,BraTS2021_00045,32.08245,0.97266685962677,0.09957202,0.19631901840490798,nan,nan
Uformer + PathologyLoss,BraTS2021_00045,31.857185,0.9692490696907043,0.10209494,0.0,nan,nan
Uformer + PathologyLoss,BraTS2021_00045,31.975803,0.9710513353347778,0.100274935,0.0,nan,nan
Uformer + PathologyLoss,BraTS2021_00045,32.07183,0.9699401259422302,0.099306695,0.0,nan,nan
Uformer + PathologyLoss,BraTS2021_00045,32.13479,0.970429003238678,0.09878751,0.0,nan,nan
Uformer + PathologyLoss,BraTS2021_00046,32.06413,0.9791345596313477,0.08424657,0.4948453608247423,nan,nan
Uformer + PathologyLoss,BraTS2021_00046,32.25657,0.9796007871627808,0.083893724,0.9230769230769231,nan,nan
Uformer + PathologyLoss,BraTS2021_00046,32.25905,0.9795820713043213,0.084651716,0.9372937293729373,nan,nan
Uformer + PathologyLoss,BraTS2021_00046,32.17337,0.9803785681724548,0.08215844,0.9751176866173503,nan,nan
Uformer + PathologyLoss,BraTS2021_00046,32.313034,0.9808111786842346,0.08116525,0.9662783568362967,nan,nan
Uformer + PathologyLoss,BraTS2021_00046,32.107475,0.9800729155540466,0.08326192,0.9751301330248698,nan,nan
Uformer + PathologyLoss,BraTS2021_00046,32.387306,0.9789806604385376,0.08147248,0.9703745108999441,0.2857142857142857,0.2857142857142857
Uformer + PathologyLoss,BraTS2021_00046,32.264336,0.9792215824127197,0.081666626,0.9815618221258134,0.0,0.0
Uformer + PathologyLoss,BraTS2021_00046,32.19168,0.9766011834144592,0.08342624,0.9736983360171766,0.47368421052631576,0.47368421052631576
Uformer + PathologyLoss,BraTS2021_00046,32.19779,0.9790100455284119,0.08258188,0.9772125066242713,0.7023809523809523,0.7023809523809523
Uformer + PathologyLoss,BraTS2021_00046,32.00158,0.9790209531784058,0.083213344,0.9758909853249476,0.8809523809523809,0.8809523809523809
Uformer + PathologyLoss,BraTS2021_00046,32.026497,0.9797101020812988,0.083359495,0.9729448491155047,0.9147286821705426,0.9147286821705426
Uformer + PathologyLoss,BraTS2021_00046,31.6032,0.9755735397338867,0.08825876,0.9846311475409836,0.9204545454545454,0.9204545454545454
Uformer + PathologyLoss,BraTS2021_00046,31.674404,0.9774990677833557,0.08908849,0.9801121876593575,0.934375,0.9157392686804452
Uformer + PathologyLoss,BraTS2021_00046,31.265556,0.9774574041366577,0.09238136,0.9800995024875622,0.9145183175033921,0.8938053097345132
Uformer + PathologyLoss,BraTS2021_00046,31.218271,0.9759164452552795,0.092911266,0.987,0.940279542566709,0.9264705882352942
Uformer + PathologyLoss,BraTS2021_00046,30.99234,0.9769664406776428,0.09309513,0.9718172983479106,0.9142857142857143,0.8789986091794159
Uformer + PathologyLoss,BraTS2021_00046,30.816584,0.9782594442367554,0.09273092,0.9730496453900709,0.9240924092409241,0.8949522510231923
Uformer + PathologyLoss,BraTS2021_00046,30.583162,0.9773587584495544,0.09666405,0.9627243442245743,0.9138110072689511,0.8796895213454075
Uformer + PathologyLoss,BraTS2021_00046,30.573727,0.9774366021156311,0.09831227,0.979253112033195,0.9330543933054394,0.9076723016905072
Uformer + PathologyLoss,BraTS2021_00046,30.685347,0.9781222343444824,0.09745179,0.9775538250114522,0.9435897435897436,0.9193954659949622
Uformer + PathologyLoss,BraTS2021_00046,30.75116,0.9781621098518372,0.09930441,0.9771812080536912,0.9428868120456906,0.9111389236545682
Uformer + PathologyLoss,BraTS2021_00046,30.725567,0.9783338904380798,0.09994718,0.9749552772808586,0.9463722397476341,0.9206349206349206
Uformer + PathologyLoss,BraTS2021_00046,30.727156,0.9793267250061035,0.09988143,0.9747675962815405,0.948051948051948,0.925700365408039
Uformer + PathologyLoss,BraTS2021_00046,30.647184,0.976662814617157,0.10424504,0.972072072072072,0.9411764705882353,0.9304123711340206
Uformer + PathologyLoss,BraTS2021_00046,30.511585,0.9766665101051331,0.105730765,0.9735988883742474,0.9594594594594594,0.9568845618915159
Uformer + PathologyLoss,BraTS2021_00046,30.210136,0.977384626865387,0.108607434,0.9682242990654205,0.9588607594936709,0.9572107765451664
Uformer + PathologyLoss,BraTS2021_00046,29.951393,0.9767243266105652,0.109269634,0.9677098857426726,0.91005291005291,0.91005291005291
Uformer + PathologyLoss,BraTS2021_00046,29.960405,0.977705717086792,0.110646956,0.9554482018250134,0.8484848484848485,0.8484848484848485
Uformer + PathologyLoss,BraTS2021_00046,30.006884,0.976532518863678,0.115335174,0.9380087664370695,0.6142322097378277,0.6142322097378277
Uformer + PathologyLoss,BraTS2021_00046,29.692638,0.9760143160820007,0.12227925,0.9319371727748691,0.3916083916083916,0.3916083916083916
Uformer + PathologyLoss,BraTS2021_00046,29.527237,0.9750142097473145,0.12706862,0.9083969465648855,0.7448275862068966,0.7448275862068966
Uformer + PathologyLoss,BraTS2021_00046,29.707253,0.9759641289710999,0.12905952,0.9458544839255499,0.7759562841530054,0.7759562841530054
Uformer + PathologyLoss,BraTS2021_00046,29.245258,0.9744806885719299,0.13626632,0.9256198347107438,0.7551867219917012,0.7551867219917012
Uformer + PathologyLoss,BraTS2021_00046,29.775093,0.9773281812667847,0.13318154,0.9396825396825397,0.7782101167315175,0.7782101167315175
Uformer + PathologyLoss,BraTS2021_00046,29.87708,0.9783771634101868,0.13266413,0.9373493975903614,0.7651515151515151,0.7651515151515151
Uformer + PathologyLoss,BraTS2021_00046,29.672403,0.9782455563545227,0.13805485,0.9303621169916435,0.7481481481481481,0.7481481481481481
Uformer + PathologyLoss,BraTS2021_00046,29.76585,0.9779782295227051,0.1448147,0.9181380417335474,0.7899159663865546,0.7899159663865546
Uformer + PathologyLoss,BraTS2021_00046,29.73836,0.9770140647888184,0.153444,0.9386138613861386,0.6893203883495146,0.6893203883495146
Uformer + PathologyLoss,BraTS2021_00046,29.748266,0.9777079820632935,0.15531135,0.9518716577540107,0.5833333333333334,0.5833333333333334
Uformer + PathologyLoss,BraTS2021_00051,32.0405,0.9876899719238281,0.09785045,0.6947368421052632,nan,nan
Uformer + PathologyLoss,BraTS2021_00051,32.017204,0.9891851544380188,0.09209629,0.768361581920904,nan,nan
Uformer + PathologyLoss,BraTS2021_00051,31.428123,0.9866501092910767,0.100204304,0.7022375215146299,nan,nan
Uformer + PathologyLoss,BraTS2021_00051,31.11517,0.9855557084083557,0.1008224,0.6178623718887262,nan,nan
Uformer + PathologyLoss,BraTS2021_00051,30.775131,0.9847109913825989,0.10046282,0.7773584905660378,nan,nan
Uformer + PathologyLoss,BraTS2021_00051,30.845783,0.9839775562286377,0.097007826,0.7011642949547219,nan,nan
Uformer + PathologyLoss,BraTS2021_00051,30.980064,0.983444094657898,0.09414019,0.6590909090909091,nan,nan
Uformer + PathologyLoss,BraTS2021_00051,31.481113,0.9823466539382935,0.09154402,0.7776649746192893,0.0,0.0
Uformer + PathologyLoss,BraTS2021_00051,31.489248,0.9851284027099609,0.08471536,0.7653880463871543,0.0,0.0
Uformer + PathologyLoss,BraTS2021_00051,31.560871,0.9819801449775696,0.08708216,0.8861538461538462,0.0,0.0
Uformer + PathologyLoss,BraTS2021_00051,31.319065,0.9833580851554871,0.08343787,0.7973470891672808,0.0,0.0
Uformer + PathologyLoss,BraTS2021_00051,31.259449,0.9805836081504822,0.08512424,0.8146027201145312,0.0,0.0
Uformer + PathologyLoss,BraTS2021_00051,31.32491,0.9796597361564636,0.08374959,0.7266703478741027,0.10843373493975904,0.10909090909090909
Uformer + PathologyLoss,BraTS2021_00051,31.17334,0.982424795627594,0.080868214,0.7328063241106719,0.8316831683168316,0.8423236514522822
Uformer + PathologyLoss,BraTS2021_00051,31.518316,0.9827189445495605,0.07906158,0.7928954423592494,0.8476190476190476,0.8519417475728155
Uformer + PathologyLoss,BraTS2021_00051,31.589752,0.9843804836273193,0.076945886,0.8961550105964274,0.9512419503219871,0.9364928909952607
Uformer + PathologyLoss,BraTS2021_00051,31.423378,0.9844533205032349,0.076202065,0.8831442891057768,0.9412650602409639,0.897165991902834
Uformer + PathologyLoss,BraTS2021_00051,31.062689,0.9854206442832947,0.07645662,0.9167966718668746,0.9521770164168452,0.9035294117647059
Uformer + PathologyLoss,BraTS2021_00051,31.056635,0.9857985377311707,0.07554968,0.8722358722358723,0.950354609929078,0.8468606431852986
Uformer + PathologyLoss,BraTS2021_00051,31.259659,0.9850500226020813,0.07633391,0.8957334006564,0.950186799501868,0.8330757341576507
Uformer + PathologyLoss,BraTS2021_00051,31.355087,0.986534059047699,0.07362148,0.899876390605686,0.9618138424821002,0.8473520249221184
Uformer + PathologyLoss,BraTS2021_00051,31.892786,0.9871523976325989,0.07055722,0.9191016662641874,0.9503464203233256,0.8426966292134831
Uformer + PathologyLoss,BraTS2021_00051,31.850647,0.9881933331489563,0.06891594,0.9471438729556767,0.968,0.8812980358667806
Uformer + PathologyLoss,BraTS2021_00051,31.938122,0.988207221031189,0.06800268,0.926829268292683,0.9586129753914989,0.8704028021015762
Uformer + PathologyLoss,BraTS2021_00051,31.83598,0.9887175559997559,0.0679016,0.919104991394148,0.9647453833240067,0.8957055214723927
Uformer + PathologyLoss,BraTS2021_00051,32.023693,0.9886979460716248,0.06798858,0.9336523819882532,0.9489130434782609,0.8744939271255061
Uformer + PathologyLoss,BraTS2021_00051,31.86859,0.98933345079422,0.065912075,0.9231765213638325,0.9604897050639956,0.909382518043304
Uformer + PathologyLoss,BraTS2021_00051,31.729553,0.9882925152778625,0.06760976,0.9291200351108185,0.9621802002224694,0.8951486697965572
Uformer + PathologyLoss,BraTS2021_00051,31.727955,0.9878941774368286,0.068028204,0.9492983250339521,0.9787478460654796,0.911690496215307
Uformer + PathologyLoss,BraTS2021_00051,31.96159,0.9881810545921326,0.06732481,0.9154740608228981,0.9655172413793104,0.8848384424192212
Uformer + PathologyLoss,BraTS2021_00051,32.124832,0.9881122708320618,0.0668753,0.9281842818428184,0.9616279069767442,0.8911834789515488
Uformer + PathologyLoss,BraTS2021_00051,31.923782,0.9895735383033752,0.0643281,0.9142605245757108,0.96291936433196,0.8672985781990521
Uformer + PathologyLoss,BraTS2021_00051,31.829336,0.989962100982666,0.063017406,0.9039115646258503,0.9596199524940617,0.8938120702826585
Uformer + PathologyLoss,BraTS2021_00051,31.809036,0.988590657711029,0.065975055,0.9098514955030328,0.9571162212554382,0.884996191926885
Uformer + PathologyLoss,BraTS2021_00051,31.942453,0.9895829558372498,0.06406302,0.9305174234424498,0.9435173299101413,0.8805120910384068
Uformer + PathologyLoss,BraTS2021_00051,32.11182,0.9899939298629761,0.0620445,0.907267144319345,0.9595959595959596,0.9243697478991597
Uformer + PathologyLoss,BraTS2021_00051,32.116386,0.9896412491798401,0.06197791,0.9006730573118499,0.9647435897435898,0.9470198675496688
Uformer + PathologyLoss,BraTS2021_00051,32.30687,0.9912620782852173,0.059875004,0.9099154813440528,0.9405099150141643,0.9283667621776505
Uformer + PathologyLoss,BraTS2021_00051,32.46006,0.9907716512680054,0.059239313,0.9014666391241479,0.9665970772442589,0.9665970772442589
Uformer + PathologyLoss,BraTS2021_00051,32.32508,0.9913312196731567,0.05959241,0.9149330587023687,0.9712140175219024,0.9686323713927227
Uformer + PathologyLoss,BraTS2021_00051,32.27306,0.9920836091041565,0.05768352,0.9234744583581793,0.9659090909090909,0.9659090909090909
Uformer + PathologyLoss,BraTS2021_00051,32.48881,0.9924598336219788,0.057375308,0.9057750759878419,0.9378330373001776,0.9378330373001776
Uformer + PathologyLoss,BraTS2021_00051,32.505188,0.993207573890686,0.0558178,0.9165542493736751,0.9074074074074074,0.9074074074074074
Uformer + PathologyLoss,BraTS2021_00051,32.87046,0.9930704832077026,0.055838775,0.9465709728867624,0.8356164383561644,0.8413793103448276
Uformer + PathologyLoss,BraTS2021_00051,32.47129,0.9933384656906128,0.05562564,0.9490227684868023,0.0,0.0
Uformer + PathologyLoss,BraTS2021_00051,32.60386,0.993193507194519,0.0549837,0.9507866075030255,0.0,0.0
Uformer + PathologyLoss,BraTS2021_00051,32.99157,0.9937500357627869,0.053517237,0.9602484472049689,nan,nan
Uformer + PathologyLoss,BraTS2021_00051,32.750237,0.9938099980354309,0.053564303,0.929703372612759,0.0,0.0
Uformer + PathologyLoss,BraTS2021_00051,33.41897,0.9940215349197388,0.051925033,0.9364715684232452,0.0,0.0
Uformer + PathologyLoss,BraTS2021_00051,33.30391,0.9937371611595154,0.052372266,0.9518279569892473,nan,nan
Uformer + PathologyLoss,BraTS2021_00051,33.192833,0.9935417771339417,0.053124856,0.9479212253829322,nan,nan
Uformer + PathologyLoss,BraTS2021_00051,33.15421,0.9937869310379028,0.052543364,0.9691200371488274,nan,nan
Uformer + PathologyLoss,BraTS2021_00051,32.9557,0.9927873611450195,0.055148896,0.9573141486810551,nan,nan
Uformer + PathologyLoss,BraTS2021_00051,32.99173,0.9933786988258362,0.05476636,0.9702258726899384,nan,nan
Uformer + PathologyLoss,BraTS2021_00051,33.28247,0.99310702085495,0.05449021,0.9588660366870484,nan,nan
Uformer + PathologyLoss,BraTS2021_00051,32.84442,0.992594838142395,0.05626103,0.9270181709859994,nan,nan
Uformer + PathologyLoss,BraTS2021_00051,32.574013,0.9919505715370178,0.059199933,0.9401015228426396,nan,nan
Uformer + PathologyLoss,BraTS2021_00051,32.74509,0.9921133518218994,0.05750419,0.8916504854368932,nan,nan
Uformer + PathologyLoss,BraTS2021_00051,32.91806,0.9903860688209534,0.0615359,0.8938178386031147,nan,nan
Uformer + PathologyLoss,BraTS2021_00051,32.275566,0.9898326396942139,0.064588025,0.8853025936599423,nan,nan
Uformer + PathologyLoss,BraTS2021_00051,32.438732,0.9901511073112488,0.06309925,0.832089552238806,nan,nan
Uformer + PathologyLoss,BraTS2021_00051,32.26548,0.9900506138801575,0.0638671,0.8818040435458787,nan,nan
Uformer + PathologyLoss,BraTS2021_00051,32.3683,0.9887519478797913,0.06780583,0.8866666666666667,nan,nan
Uformer + PathologyLoss,BraTS2021_00051,31.97891,0.9896279573440552,0.06680902,0.8409090909090909,nan,nan
Uformer + PathologyLoss,BraTS2021_00051,31.74262,0.9891051650047302,0.06988336,0.9252873563218391,nan,nan
Uformer + PathologyLoss,BraTS2021_00059,30.282444,0.9780672788619995,0.11736522,0.038834951456310676,0.0,0.0
Uformer + PathologyLoss,BraTS2021_00059,30.384396,0.9782247543334961,0.1152646,0.22562141491395793,0.0,0.0
Uformer + PathologyLoss,BraTS2021_00059,30.374296,0.9778074026107788,0.114539236,0.6374045801526718,nan,nan
Uformer + PathologyLoss,BraTS2021_00059,30.738451,0.9788930416107178,0.10833823,0.8205128205128205,0.0,0.0
Uformer + PathologyLoss,BraTS2021_00059,30.597164,0.9792277216911316,0.10734912,0.8432327166504382,nan,nan
Uformer + PathologyLoss,BraTS2021_00059,30.913097,0.9803342819213867,0.10472921,0.901840490797546,0.0,0.0
Uformer + PathologyLoss,BraTS2021_00059,30.764626,0.9795776605606079,0.10550693,0.8989169675090253,nan,nan
Uformer + PathologyLoss,BraTS2021_00059,30.628113,0.9792997241020203,0.10618235,0.899751449875725,0.5972222222222222,0.5972222222222222
Uformer + PathologyLoss,BraTS2021_00059,30.599049,0.9778370261192322,0.10955233,0.9214175654853621,0.9,0.9
Uformer + PathologyLoss,BraTS2021_00059,30.416477,0.9786805510520935,0.10810245,0.9130763416477702,0.8972602739726028,0.8972602739726028
Uformer + PathologyLoss,BraTS2021_00059,30.222178,0.9781167507171631,0.108118944,0.9074204946996467,0.8962264150943396,0.8962264150943396
Uformer + PathologyLoss,BraTS2021_00059,30.49799,0.9803090691566467,0.105694376,0.905829596412556,0.9271255060728745,0.9249492900608519
Uformer + PathologyLoss,BraTS2021_00059,30.137194,0.9796848893165588,0.10754705,0.917799352750809,0.917910447761194,0.8793774319066148
Uformer + PathologyLoss,BraTS2021_00059,29.943096,0.9783931970596313,0.11077613,0.9247441300421433,0.911864406779661,0.8473282442748091
Uformer + PathologyLoss,BraTS2021_00059,29.200367,0.9742496609687805,0.11774934,0.9591725639629831,0.9427609427609428,0.8553719008264463
Uformer + PathologyLoss,BraTS2021_00059,29.092781,0.9724324941635132,0.11686996,0.9512428298279159,0.9025487256371814,0.8170055452865065
Uformer + PathologyLoss,BraTS2021_00059,29.188356,0.9680067896842957,0.11613138,0.9600347523892268,0.8680089485458613,0.7994987468671679
Uformer + PathologyLoss,BraTS2021_00059,29.244345,0.9673415422439575,0.11029673,0.950381679389313,0.8856031128404669,0.8583403185247276
Uformer + PathologyLoss,BraTS2021_00059,29.51315,0.9700697064399719,0.105837286,0.914535666218035,0.8921244209133025,0.8595624558927312
Uformer + PathologyLoss,BraTS2021_00059,29.360031,0.9660952091217041,0.10816064,0.9182430266110932,0.9151376146788991,0.8871165644171779
Uformer + PathologyLoss,BraTS2021_00059,29.454634,0.9661791324615479,0.10429096,0.9260450160771704,0.9426617569700158,0.9104308390022676
Uformer + PathologyLoss,BraTS2021_00059,29.177204,0.966485857963562,0.10407057,0.9441703453648403,0.9,0.8571428571428571
Uformer + PathologyLoss,BraTS2021_00059,29.474327,0.9660494923591614,0.10239614,0.9558644233113874,0.928157072735386,0.8483606557377049
Uformer + PathologyLoss,BraTS2021_00059,29.674852,0.9673336744308472,0.09693038,0.9586931155192532,0.9514223194748359,0.8761061946902655
Uformer + PathologyLoss,BraTS2021_00059,29.579529,0.9677231311798096,0.09778148,0.9349790610535597,0.9354435651811746,0.8674157303370786
Uformer + PathologyLoss,BraTS2021_00059,29.652796,0.9669950008392334,0.09549166,0.9541406945681211,0.9256265157639451,0.819902650081125
Uformer + PathologyLoss,BraTS2021_00059,29.871445,0.9660791158676147,0.09477933,0.9483243243243243,0.8971672487388436,0.7717215326497572
Uformer + PathologyLoss,BraTS2021_00059,29.83173,0.9687265157699585,0.09276011,0.93507571043352,0.9004994237418363,0.7908533184606804
Uformer + PathologyLoss,BraTS2021_00059,29.942513,0.9649513959884644,0.094075255,0.9487939060516293,0.9309119621002764,0.8171428571428572
Uformer + PathologyLoss,BraTS2021_00059,30.201185,0.9702540040016174,0.08922784,0.9316718587746625,0.9,0.8036677454153183
Uformer + PathologyLoss,BraTS2021_00059,30.063332,0.9690800309181213,0.08989507,0.9416195856873822,0.9483454398708636,0.8633011911514464
Uformer + PathologyLoss,BraTS2021_00059,30.32162,0.9705696105957031,0.08749517,0.9481171548117154,0.9028749028749029,0.7967479674796748
Uformer + PathologyLoss,BraTS2021_00059,30.369032,0.9681373238563538,0.0879655,0.9474132424952098,0.910779168348809,0.7856328392246295
Uformer + PathologyLoss,BraTS2021_00059,30.31556,0.969233512878418,0.08874918,0.9387840670859539,0.8850994721883881,0.7695749440715883
Uformer + PathologyLoss,BraTS2021_00059,30.369621,0.9680995345115662,0.088189,0.94440867138871,0.9123263888888888,0.8130563798219584
Uformer + PathologyLoss,BraTS2021_00059,30.420542,0.9713621735572815,0.08517092,0.9285714285714286,0.935933147632312,0.8370098039215687
Uformer + PathologyLoss,BraTS2021_00059,30.522062,0.9681617021560669,0.086238064,0.9538394224458543,0.9164631167562286,0.8332251784555483
Uformer + PathologyLoss,BraTS2021_00059,30.304054,0.9712448120117188,0.08511853,0.9387580299785867,0.9146090534979424,0.8371484630477436
Uformer + PathologyLoss,BraTS2021_00059,30.331173,0.9707791805267334,0.08669208,0.9442523768366465,0.9150110375275938,0.8317880794701987
Uformer + PathologyLoss,BraTS2021_00059,30.413904,0.9718188643455505,0.08577041,0.9291648447748142,0.9106933019976499,0.8575342465753425
Uformer + PathologyLoss,BraTS2021_00059,30.174213,0.96757572889328,0.08898694,0.9394427814874511,0.929903536977492,0.8876325088339223
Uformer + PathologyLoss,BraTS2021_00059,30.105953,0.9712960124015808,0.087672785,0.9385217591526595,0.912568306010929,0.8932178932178932
Uformer + PathologyLoss,BraTS2021_00059,30.281315,0.9709763526916504,0.08771523,0.9432399512789281,0.9413604378420641,0.9227091633466136
Uformer + PathologyLoss,BraTS2021_00059,30.453293,0.9712831377983093,0.08634465,0.9305555555555556,0.8643379366368806,0.8643379366368806
Uformer + PathologyLoss,BraTS2021_00059,30.524483,0.9699851274490356,0.08571839,0.9017738946253641,0.8670411985018727,0.8627819548872181
Uformer + PathologyLoss,BraTS2021_00059,30.347517,0.9726793169975281,0.08463201,0.87066415703146,0.882494004796163,0.882494004796163
Uformer + PathologyLoss,BraTS2021_00059,30.534122,0.9732147455215454,0.083381034,0.8865918487891317,0.8263795423956931,0.8263795423956931
Uformer + PathologyLoss,BraTS2021_00059,30.737747,0.9746744632720947,0.083203934,0.859987929993965,0.8501628664495114,0.8501628664495114
Uformer + PathologyLoss,BraTS2021_00059,30.931057,0.9756314754486084,0.08208807,0.887762001352265,0.7378640776699029,0.7378640776699029
Uformer + PathologyLoss,BraTS2021_00059,30.856453,0.9771113395690918,0.08091285,0.9067304407242911,0.7155635062611807,0.7155635062611807
Uformer + PathologyLoss,BraTS2021_00059,31.259563,0.978239119052887,0.07961764,0.8737737083060824,0.6174957118353345,0.6174957118353345
Uformer + PathologyLoss,BraTS2021_00059,31.480639,0.9795159101486206,0.07650291,0.9422756089422756,0.7598944591029023,0.7598944591029023
Uformer + PathologyLoss,BraTS2021_00059,31.581861,0.980743408203125,0.07438657,0.9390749601275917,0.7623318385650224,0.7623318385650224
Uformer + PathologyLoss,BraTS2021_00059,31.541346,0.9809608459472656,0.07372394,0.9445754716981132,0.35807860262008734,0.35807860262008734
Uformer + PathologyLoss,BraTS2021_00059,31.642487,0.9785255193710327,0.074768156,0.9468399291199054,0.0,0.0
Uformer + PathologyLoss,BraTS2021_00059,31.718979,0.9776113033294678,0.07468288,0.9497816593886463,0.0,0.0
Uformer + PathologyLoss,BraTS2021_00059,31.874744,0.977311909198761,0.07386669,0.9608104505465209,0.0,0.0
Uformer + PathologyLoss,BraTS2021_00059,31.711685,0.9788130521774292,0.0746172,0.9607894053492599,0.0,0.0
Uformer + PathologyLoss,BraTS2021_00059,31.799473,0.9791837930679321,0.07184146,0.9345314505776636,0.0,0.0
Uformer + PathologyLoss,BraTS2021_00059,31.82021,0.9768753051757812,0.07435405,0.9564983888292159,nan,nan
Uformer + PathologyLoss,BraTS2021_00059,31.490993,0.974239706993103,0.076351956,0.9251174357557336,0.0,0.0
Uformer + PathologyLoss,BraTS2021_00059,31.782478,0.9710924625396729,0.07663537,0.9441530391854366,0.0,0.0
Uformer + PathologyLoss,BraTS2021_00059,31.465816,0.9740173816680908,0.07713156,0.8894394549396097,0.0,0.0
Uformer + PathologyLoss,BraTS2021_00059,31.209343,0.9703198671340942,0.08034556,0.9224952741020794,nan,nan
Uformer + PathologyLoss,BraTS2021_00059,30.986767,0.9710085988044739,0.08190843,0.9136114622840287,0.0,0.0
Uformer + PathologyLoss,BraTS2021_00059,30.691298,0.9668123126029968,0.08408905,0.8210709621245103,0.0,0.0
Uformer + PathologyLoss,BraTS2021_00059,30.775373,0.9681622385978699,0.08403268,0.912008281573499,nan,nan
Uformer + PathologyLoss,BraTS2021_00059,30.64458,0.9674148559570312,0.08590901,0.922809053975624,nan,nan
Uformer + PathologyLoss,BraTS2021_00059,30.609272,0.9645071625709534,0.08789194,0.8481481481481481,nan,nan
Uformer + PathologyLoss,BraTS2021_00059,30.565062,0.9693454504013062,0.088528104,0.8168089297439265,nan,nan
Uformer + PathologyLoss,BraTS2021_00059,30.415817,0.965449869632721,0.09094687,0.835583796664019,nan,nan
Uformer + PathologyLoss,BraTS2021_00059,30.39885,0.963529109954834,0.09294718,0.8663697104677061,nan,nan
Uformer + PathologyLoss,BraTS2021_00059,30.082771,0.9667091965675354,0.09494519,0.8425787106446777,nan,nan
Uformer + PathologyLoss,BraTS2021_00059,29.924028,0.9613139629364014,0.0982005,0.7161803713527851,nan,nan
Uformer + PathologyLoss,BraTS2021_00059,29.832245,0.9629079103469849,0.10096376,0.8693009118541033,0.0,0.0
Uformer + PathologyLoss,BraTS2021_00074,31.175972,0.9673718810081482,0.1131267,0.0,nan,nan
Uformer + PathologyLoss,BraTS2021_00074,31.42437,0.9688137769699097,0.1093402,0.0,nan,nan
Uformer + PathologyLoss,BraTS2021_00074,31.454105,0.9690846800804138,0.10859798,0.25,nan,nan
Uformer + PathologyLoss,BraTS2021_00074,31.489313,0.9706252217292786,0.107022844,0.819672131147541,0.0,0.0
Uformer + PathologyLoss,BraTS2021_00074,31.629711,0.9717612862586975,0.10377071,0.8888888888888888,nan,nan
Uformer + PathologyLoss,BraTS2021_00074,31.640842,0.9731093049049377,0.10221339,0.8898678414096917,nan,nan
Uformer + PathologyLoss,BraTS2021_00074,31.786396,0.970904529094696,0.10411925,0.8970873786407767,nan,nan
Uformer + PathologyLoss,BraTS2021_00074,31.751745,0.9706869125366211,0.1033908,0.8946295037389531,nan,nan
Uformer + PathologyLoss,BraTS2021_00074,31.93385,0.9747901558876038,0.097709335,0.9308390022675737,0.7,0.7
Uformer + PathologyLoss,BraTS2021_00074,31.797543,0.9718696475028992,0.10143003,0.9509399358092618,0.8715596330275229,0.8715596330275229
Uformer + PathologyLoss,BraTS2021_00074,31.875689,0.9742625951766968,0.0963704,0.9612277867528272,0.8971428571428571,0.8939828080229226
Uformer + PathologyLoss,BraTS2021_00074,31.994438,0.9754391312599182,0.09675367,0.9514855208725085,0.8062015503875969,0.8311111111111111
Uformer + PathologyLoss,BraTS2021_00074,31.897009,0.9739170074462891,0.09755721,0.947945205479452,0.8624113475177305,0.8736462093862816
Uformer + PathologyLoss,BraTS2021_00074,32.111576,0.9750295877456665,0.09530951,0.9580374435119432,0.8810289389067524,0.8324324324324325
Uformer + PathologyLoss,BraTS2021_00074,32.1024,0.97562575340271,0.093110204,0.9434075857916917,0.8894830659536542,0.8710801393728222
Uformer + PathologyLoss,BraTS2021_00074,32.009953,0.9764735102653503,0.09363885,0.960166468489893,0.9108433734939759,0.8733264675592173
Uformer + PathologyLoss,BraTS2021_00074,32.0119,0.9750880002975464,0.09323587,0.9675965060580445,0.9219219219219219,0.839632277834525
Uformer + PathologyLoss,BraTS2021_00074,31.778433,0.9734852910041809,0.09768537,0.9356659142212189,0.8654545454545455,0.781042654028436
Uformer + PathologyLoss,BraTS2021_00074,31.844578,0.9743303656578064,0.09552733,0.9705555555555555,0.8731808731808732,0.7921300256629598
Uformer + PathologyLoss,BraTS2021_00074,31.909012,0.9759880304336548,0.093915135,0.9736417428725122,0.8099861303744799,0.7903381642512077
Uformer + PathologyLoss,BraTS2021_00074,32.067604,0.975212574005127,0.09514215,0.9716556291390729,0.856788592684439,0.8512820512820513
Uformer + PathologyLoss,BraTS2021_00074,31.955225,0.9774074554443359,0.09180362,0.9597570235383447,0.8897864974033468,0.8344051446945338
Uformer + PathologyLoss,BraTS2021_00074,31.80441,0.9760079383850098,0.09444556,0.9675471698113207,0.9034749034749034,0.8667763157894737
Uformer + PathologyLoss,BraTS2021_00074,31.954514,0.9780259728431702,0.090063624,0.9667241804288883,0.9662128088754413,0.8757396449704142
Uformer + PathologyLoss,BraTS2021_00074,31.99781,0.9791483879089355,0.089235514,0.9477969348659003,0.9147935180345008,0.8334612432847276
Uformer + PathologyLoss,BraTS2021_00074,31.91847,0.9790772199630737,0.089418024,0.9589643380556913,0.9773056494447127,0.8579465541490858
Uformer + PathologyLoss,BraTS2021_00074,31.96276,0.9802651405334473,0.08704826,0.9616051523408472,0.9763313609467456,0.904359141184125
Uformer + PathologyLoss,BraTS2021_00074,32.36484,0.9812318682670593,0.08498887,0.9506863243518048,0.9672050905531082,0.8968152866242038
Uformer + PathologyLoss,BraTS2021_00074,32.384315,0.9816507697105408,0.08539375,0.9591939546599496,0.977,0.8926470588235295
Uformer + PathologyLoss,BraTS2021_00074,32.51044,0.9828483462333679,0.08382979,0.9661142715805096,0.957688338493292,0.8610400682011935
Uformer + PathologyLoss,BraTS2021_00074,32.682766,0.9832407832145691,0.082546726,0.9747774480712166,0.9488574537540805,0.8649669499527857
Uformer + PathologyLoss,BraTS2021_00074,32.450634,0.9835215210914612,0.08192537,0.9771289537712895,0.936,0.880466472303207
Uformer + PathologyLoss,BraTS2021_00074,32.52237,0.9838532209396362,0.081109874,0.9625748502994012,0.948626045400239,0.8787878787878788
Uformer + PathologyLoss,BraTS2021_00074,32.7683,0.9831889271736145,0.081575684,0.9707688528617048,0.9384422110552764,0.8580375782881002
Uformer + PathologyLoss,BraTS2021_00074,32.792336,0.98452228307724,0.0787518,0.9716868903164406,0.927321668909825,0.7983193277310925
Uformer + PathologyLoss,BraTS2021_00074,33.102314,0.9854624271392822,0.07582557,0.9738412115649381,0.9224011713030746,0.8008849557522124
Uformer + PathologyLoss,BraTS2021_00074,32.981857,0.9830058813095093,0.0804924,0.9773288439955107,0.6172043010752688,0.6859903381642513
Uformer + PathologyLoss,BraTS2021_00074,32.93489,0.9831607341766357,0.08022528,0.9734907551793273,0.7598152424942263,0.7515723270440252
Uformer + PathologyLoss,BraTS2021_00074,33.117462,0.984454333782196,0.07662317,0.9786771105308965,0.7943078913324709,0.8028985507246377
Uformer + PathologyLoss,BraTS2021_00074,33.104824,0.9847270250320435,0.07620846,0.9783606557377049,0.8347578347578347,0.824773413897281
Uformer + PathologyLoss,BraTS2021_00074,33.345306,0.9853724837303162,0.07559799,0.9693922168780061,0.8736,0.8440065681444991
Uformer + PathologyLoss,BraTS2021_00074,33.357697,0.9837338328361511,0.07582027,0.9875930521091811,0.7236363636363636,0.7236363636363636
Uformer + PathologyLoss,BraTS2021_00074,33.211967,0.984331488609314,0.07760775,0.979821679962459,0.5866666666666667,0.5866666666666667
Uformer + PathologyLoss,BraTS2021_00074,33.56618,0.9847328662872314,0.07593733,0.985875029925784,0.18699186991869918,0.18699186991869918
Uformer + PathologyLoss,BraTS2021_00074,33.516373,0.9862790107727051,0.072414756,0.9837575757575757,0.0,0.0
Uformer + PathologyLoss,BraTS2021_00074,33.49586,0.9857850670814514,0.075017355,0.9875124875124875,0.0,0.0
Uformer + PathologyLoss,BraTS2021_00074,33.335293,0.9839159846305847,0.0770632,0.9854331714796831,0.0,0.0
Uformer + PathologyLoss,BraTS2021_00074,33.3048,0.9861927032470703,0.073737994,0.9858502701312066,nan,nan
Uformer + PathologyLoss,BraTS2021_00074,33.10948,0.985114574432373,0.077158846,0.9898145729955602,nan,nan
Uformer + PathologyLoss,BraTS2021_00074,33.00848,0.9825061559677124,0.08017306,0.9883474576271186,nan,nan
Uformer + PathologyLoss,BraTS2021_00074,33.19771,0.9843090772628784,0.076452866,0.9831685813518568,nan,nan
Uformer + PathologyLoss,BraTS2021_00074,32.83213,0.9832003712654114,0.08160037,0.9901585565882997,nan,nan
Uformer + PathologyLoss,BraTS2021_00074,32.741238,0.9818975329399109,0.08144868,0.9875916525662719,nan,nan
Uformer + PathologyLoss,BraTS2021_00074,32.690586,0.9814015030860901,0.08364608,0.9845255474452554,nan,nan
Uformer + PathologyLoss,BraTS2021_00074,32.6049,0.9809881448745728,0.08557661,0.9802611600364409,nan,nan
Uformer + PathologyLoss,BraTS2021_00074,32.59849,0.9797131419181824,0.087323286,0.9802816901408451,nan,nan
Uformer + PathologyLoss,BraTS2021_00074,32.275043,0.9800324440002441,0.08601103,0.97678916827853,nan,nan
Uformer + PathologyLoss,BraTS2021_00074,32.335827,0.9786936640739441,0.08793832,0.9816115011701771,nan,nan
Uformer + PathologyLoss,BraTS2021_00074,32.357952,0.9798821210861206,0.08627286,0.9788561525129983,nan,nan
Uformer + PathologyLoss,BraTS2021_00074,32.073586,0.9770116209983826,0.09117505,0.9812292970187707,nan,nan
Uformer + PathologyLoss,BraTS2021_00074,31.855846,0.9759724140167236,0.09408763,0.9638263665594855,0.0,0.0
Uformer + PathologyLoss,BraTS2021_00074,32.019547,0.9735620021820068,0.09787711,0.9384391662627242,nan,nan
Uformer + PathologyLoss,BraTS2021_00074,31.764034,0.9746705889701843,0.09757723,0.9421487603305785,nan,nan
Uformer + PathologyLoss,BraTS2021_00074,31.720184,0.9740616083145142,0.09754576,0.9343246592317225,nan,nan
Uformer + PathologyLoss,BraTS2021_00074,31.64344,0.9723129868507385,0.10184057,0.8970212765957447,nan,nan
Uformer + PathologyLoss,BraTS2021_00074,31.505684,0.9668691754341125,0.107685,0.706989247311828,nan,nan
Uformer + PathologyLoss,BraTS2021_00081,30.88877,0.9770585894584656,0.15100725,0.0,nan,nan
Uformer + PathologyLoss,BraTS2021_00081,30.726025,0.9771274924278259,0.14862819,0.0,nan,nan
Uformer + PathologyLoss,BraTS2021_00081,30.856068,0.977766215801239,0.14384076,0.0,nan,nan
Uformer + PathologyLoss,BraTS2021_00081,30.72922,0.9779300093650818,0.1422966,0.43186582809224316,0.0,0.0
Uformer + PathologyLoss,BraTS2021_00081,30.578663,0.9787055850028992,0.1367864,0.43575418994413406,0.0,nan
Uformer + PathologyLoss,BraTS2021_00081,30.676916,0.9799798727035522,0.13228562,0.783625730994152,0.0,nan
Uformer + PathologyLoss,BraTS2021_00081,30.959755,0.9804205298423767,0.1279479,0.8122392211404729,0.6666666666666666,0.6666666666666666
Uformer + PathologyLoss,BraTS2021_00081,31.221413,0.9816052317619324,0.12355518,0.9237379162191193,0.7142857142857143,0.7142857142857143
Uformer + PathologyLoss,BraTS2021_00081,30.849678,0.9802507758140564,0.12708145,0.8821917808219178,0.31921824104234525,0.3223684210526316
Uformer + PathologyLoss,BraTS2021_00081,30.842064,0.981382429599762,0.1231454,0.8520900321543409,0.4406779661016949,0.4588235294117647
Uformer + PathologyLoss,BraTS2021_00081,31.125257,0.9821610450744629,0.11985022,0.8957983193277311,0.631578947368421,0.631578947368421
Uformer + PathologyLoss,BraTS2021_00081,31.06874,0.9831112623214722,0.116295114,0.942215088282504,0.73125,0.73125
Uformer + PathologyLoss,BraTS2021_00081,30.722313,0.9820030927658081,0.120656595,0.9352850539291218,0.6805194805194805,0.6822916666666666
Uformer + PathologyLoss,BraTS2021_00081,30.825024,0.982050359249115,0.12058321,0.9545454545454546,0.7956403269754768,0.7956403269754768
Uformer + PathologyLoss,BraTS2021_00081,30.900517,0.9814651608467102,0.1213083,0.9746926970354303,0.7788461538461539,0.7788461538461539
Uformer + PathologyLoss,BraTS2021_00081,31.064987,0.9826551675796509,0.119298995,0.9767441860465116,0.858560794044665,0.858560794044665
Uformer + PathologyLoss,BraTS2021_00081,31.121119,0.9832585453987122,0.11729767,0.9609882964889467,0.9158878504672897,0.9158878504672897
Uformer + PathologyLoss,BraTS2021_00081,30.998009,0.9836803078651428,0.116114296,0.9768292682926829,0.9253731343283582,0.9184549356223176
Uformer + PathologyLoss,BraTS2021_00081,30.55977,0.983194887638092,0.11772482,0.9679715302491103,0.9366602687140115,0.9305019305019305
Uformer + PathologyLoss,BraTS2021_00081,30.406326,0.982245683670044,0.12093939,0.9402390438247012,0.9175257731958762,0.9175257731958762
Uformer + PathologyLoss,BraTS2021_00081,30.663128,0.9826250672340393,0.1201685,0.9549330085261876,0.9173419773095624,0.9173419773095624
Uformer + PathologyLoss,BraTS2021_00081,30.565413,0.9819066524505615,0.12108876,0.9666011787819253,0.9119496855345912,0.9119496855345912
Uformer + PathologyLoss,BraTS2021_00081,30.038311,0.9812953472137451,0.12277453,0.9617706237424547,0.9314641744548287,0.9314641744548287
Uformer + PathologyLoss,BraTS2021_00081,29.903078,0.9805768728256226,0.122975826,0.9647390691114246,0.9188361408882083,0.9188361408882083
Uformer + PathologyLoss,BraTS2021_00081,30.157352,0.9812784790992737,0.11920096,0.9595015576323987,0.92018779342723,0.92018779342723
Uformer + PathologyLoss,BraTS2021_00081,30.094671,0.9799543619155884,0.12279672,0.9196354598177299,0.9319727891156463,0.9319727891156463
Uformer + PathologyLoss,BraTS2021_00081,29.939535,0.9787916541099548,0.12439264,0.8775692582663092,0.9194991055456172,0.9194991055456172
Uformer + PathologyLoss,BraTS2021_00081,30.246178,0.9792732000350952,0.12151275,0.9562563580874873,0.9107806691449815,0.9107806691449815
Uformer + PathologyLoss,BraTS2021_00081,30.148685,0.978794515132904,0.12257123,0.902834008097166,0.8937007874015748,0.8937007874015748
Uformer + PathologyLoss,BraTS2021_00081,30.547459,0.9796224236488342,0.11833759,0.9474860335195531,0.8739837398373984,0.8739837398373984
Uformer + PathologyLoss,BraTS2021_00081,30.820202,0.9798648953437805,0.11607433,0.9211711711711712,0.865546218487395,0.865546218487395
Uformer + PathologyLoss,BraTS2021_00081,30.717525,0.9793723821640015,0.116362646,0.9523809523809523,0.8818181818181818,0.8818181818181818
Uformer + PathologyLoss,BraTS2021_00081,30.693638,0.9798791408538818,0.11450551,0.9518072289156626,0.8611764705882353,0.8476190476190476
Uformer + PathologyLoss,BraTS2021_00081,30.87734,0.9808433055877686,0.11213511,0.9633300297324083,0.8395061728395061,0.8220551378446115
Uformer + PathologyLoss,BraTS2021_00081,31.158697,0.980588436126709,0.110454306,0.958930276981853,0.848,0.848
Uformer + PathologyLoss,BraTS2021_00081,30.85255,0.9814549088478088,0.10972824,0.9470899470899471,0.7619047619047619,0.7619047619047619
Uformer + PathologyLoss,BraTS2021_00081,30.776508,0.982028067111969,0.10809425,0.9714285714285714,0.8206686930091185,0.8206686930091185
Uformer + PathologyLoss,BraTS2021_00081,30.842705,0.9816340804100037,0.10755366,0.9770603228547153,0.832,0.832
Uformer + PathologyLoss,BraTS2021_00081,30.847157,0.9819695353507996,0.10695463,0.969053934571176,0.8350515463917526,0.8350515463917526
Uformer + PathologyLoss,BraTS2021_00081,30.765306,0.9822348952293396,0.105802275,0.9727272727272728,0.7666666666666667,0.7666666666666667
Uformer + PathologyLoss,BraTS2021_00081,30.725323,0.982116162776947,0.10507535,0.9633699633699634,0.631578947368421,0.631578947368421
Uformer + PathologyLoss,BraTS2021_00081,30.635841,0.9794086813926697,0.10804176,0.9824561403508771,0.0,0.0
Uformer + PathologyLoss,BraTS2021_00081,30.893658,0.9808040261268616,0.10471107,0.9757575757575757,nan,nan
Uformer + PathologyLoss,BraTS2021_00081,30.706448,0.9798019528388977,0.10512696,0.980349344978166,nan,nan
Uformer + PathologyLoss,BraTS2021_00081,30.98234,0.9795985817909241,0.10444188,0.9652694610778443,nan,nan
Uformer + PathologyLoss,BraTS2021_00081,30.686743,0.977509081363678,0.10513532,0.9633649932157394,nan,nan
Uformer + PathologyLoss,BraTS2021_00081,30.71664,0.9748157262802124,0.108957864,0.8669354838709677,nan,nan
Uformer + PathologyLoss,BraTS2021_00081,30.71846,0.9764950275421143,0.105607264,0.9212827988338192,nan,nan
Uformer + PathologyLoss,BraTS2021_00081,30.69805,0.9751989841461182,0.10708211,0.8713692946058091,nan,nan
Uformer + PathologyLoss,BraTS2021_00081,30.717686,0.9735287427902222,0.10761228,0.5176470588235295,nan,nan
Uformer + PathologyLoss,BraTS2021_00089,30.104048,0.9583446383476257,0.10645943,0.19696969696969696,0.0,0.0
Uformer + PathologyLoss,BraTS2021_00089,30.137503,0.9629925489425659,0.10250311,0.83991683991684,0.9285714285714286,0.9285714285714286
Uformer + PathologyLoss,BraTS2021_00089,30.619257,0.9677796959877014,0.09566904,0.889922480620155,0.9496021220159151,0.9496021220159151
Uformer + PathologyLoss,BraTS2021_00089,30.80785,0.9709612727165222,0.09300315,0.7591240875912408,0.9558232931726908,0.9558232931726908
Uformer + PathologyLoss,BraTS2021_00089,30.952747,0.9723658561706543,0.0912752,0.7301038062283737,0.9674267100977199,0.9674267100977199
Uformer + PathologyLoss,BraTS2021_00089,30.967577,0.9739726781845093,0.08800266,0.7352941176470589,0.9418439716312057,0.9418439716312057
Uformer + PathologyLoss,BraTS2021_00089,31.241455,0.9767020344734192,0.086433746,0.7631241997439181,0.9524815205913411,0.9416846652267818
Uformer + PathologyLoss,BraTS2021_00089,31.231197,0.9777184724807739,0.08523379,0.7345899133978604,0.947945205479452,0.9456221198156682
Uformer + PathologyLoss,BraTS2021_00089,31.073172,0.9771273136138916,0.08616304,0.7737937140327579,0.9578860445912469,0.9535655058043118
Uformer + PathologyLoss,BraTS2021_00089,31.445915,0.9768633842468262,0.08523752,0.7864434463046142,0.9648854961832061,0.958139534883721
Uformer + PathologyLoss,BraTS2021_00089,31.252483,0.9778551459312439,0.085477106,0.7209382545705416,0.9458689458689459,0.9399855386840202
Uformer + PathologyLoss,BraTS2021_00089,31.455591,0.9779995083808899,0.08230032,0.7796018162766329,0.9451303155006858,0.9344490934449093
Uformer + PathologyLoss,BraTS2021_00089,31.637945,0.9776303172111511,0.08159314,0.8461241804859236,0.9444444444444444,0.9351535836177475
Uformer + PathologyLoss,BraTS2021_00089,31.630661,0.9792355298995972,0.081507295,0.8395931142410016,0.9461077844311377,0.9398084815321477
Uformer + PathologyLoss,BraTS2021_00089,31.837704,0.9807971119880676,0.08026623,0.934250107434465,0.9580838323353293,0.9492455418381345
Uformer + PathologyLoss,BraTS2021_00089,31.733074,0.9786475300788879,0.0842689,0.9395509499136442,0.9454061251664447,0.9230769230769231
Uformer + PathologyLoss,BraTS2021_00089,31.724113,0.9802281260490417,0.0820527,0.9620141342756183,0.9659318637274549,0.9355980184005662
Uformer + PathologyLoss,BraTS2021_00089,31.350842,0.9802096486091614,0.08369868,0.8597771801767192,0.9545163356822549,0.9094827586206896
Uformer + PathologyLoss,BraTS2021_00089,31.15749,0.9789599180221558,0.086319484,0.9299467431380581,0.94743508549715,0.9059080962800875
Uformer + PathologyLoss,BraTS2021_00089,30.926022,0.9761754870414734,0.090165734,0.9228295819935691,0.9550348321722609,0.8844984802431611
Uformer + PathologyLoss,BraTS2021_00089,30.779028,0.9767159223556519,0.0917797,0.9417515274949083,0.9541169076052797,0.8575899843505478
Uformer + PathologyLoss,BraTS2021_00089,30.530071,0.9753554463386536,0.095636554,0.958128078817734,0.9632968448164843,0.895986895986896
Uformer + PathologyLoss,BraTS2021_00089,30.49821,0.9777646064758301,0.095169954,0.9452449567723343,0.9455958549222798,0.8702290076335878
Uformer + PathologyLoss,BraTS2021_00089,30.114298,0.977975606918335,0.097860865,0.9029435163086714,0.9526982011992006,0.9121621621621622
Uformer + PathologyLoss,BraTS2021_00089,30.156391,0.9768148064613342,0.09739254,0.9264943457189014,0.9419889502762431,0.881326352530541
Uformer + PathologyLoss,BraTS2021_00089,29.726578,0.9755175709724426,0.10222987,0.9377832715286362,0.9450867052023122,0.9077490774907749
Uformer + PathologyLoss,BraTS2021_00089,29.76389,0.976356029510498,0.10353206,0.9338296112489661,0.9170243204577968,0.8850045998160073
Uformer + PathologyLoss,BraTS2021_00089,29.803875,0.9769778251647949,0.103531405,0.9260999572832123,0.899338721528288,0.8603988603988604
Uformer + PathologyLoss,BraTS2021_00089,29.76734,0.9747872948646545,0.10611222,0.9297197978870004,0.9019292604501608,0.8559498956158664
Uformer + PathologyLoss,BraTS2021_00089,29.695185,0.9744265675544739,0.10898736,0.8976897689768977,0.9107142857142857,0.8645937813440321
Uformer + PathologyLoss,BraTS2021_00089,29.710922,0.9724755883216858,0.11116174,0.9201017811704835,0.9063545150501672,0.8588120740019474
Uformer + PathologyLoss,BraTS2021_00089,29.546535,0.9718707799911499,0.11541453,0.911311736590547,0.8970976253298153,0.8486707566462167
Uformer + PathologyLoss,BraTS2021_00089,29.021723,0.9735761880874634,0.11765181,0.8448,0.895405669599218,0.8655097613882863
Uformer + PathologyLoss,BraTS2021_00089,29.233967,0.9717690944671631,0.1190575,0.8744019138755981,0.8886509635974305,0.8593576965669989
Uformer + PathologyLoss,BraTS2021_00089,28.956528,0.9735340476036072,0.12118813,0.8313479623824451,0.8620268620268621,0.8301404853128991
Uformer + PathologyLoss,BraTS2021_00089,28.827429,0.9699395895004272,0.12961982,0.8472324723247232,0.8660968660968661,0.8478581979320532
Uformer + PathologyLoss,BraTS2021_00089,28.636377,0.9710434079170227,0.13121842,0.8206429780033841,0.848381601362862,0.8309859154929577
Uformer + PathologyLoss,BraTS2021_00089,28.453655,0.9705904126167297,0.13618515,0.8369098712446352,0.8752642706131079,0.854586129753915
Uformer + PathologyLoss,BraTS2021_00089,28.549767,0.9705313444137573,0.13963586,0.8010540184453228,0.8657534246575342,0.8657534246575342
Uformer + PathologyLoss,BraTS2021_00089,28.558714,0.9716704487800598,0.14184873,0.8006535947712419,0.9111969111969112,0.9111969111969112
Uformer + PathologyLoss,BraTS2021_00089,28.664532,0.971426248550415,0.1483547,0.8412371134020619,0.7745664739884393,0.7745664739884393
Uformer + PathologyLoss,BraTS2021_00089,28.899513,0.9731962084770203,0.14813526,0.5118483412322274,0.5909090909090909,0.5909090909090909
Uformer + PathologyLoss,BraTS2021_00095,30.259172,0.9423994421958923,0.17992325,nan,nan,nan
Uformer + PathologyLoss,BraTS2021_00095,30.290201,0.9428433179855347,0.17586224,nan,nan,nan
Uformer + PathologyLoss,BraTS2021_00095,30.581127,0.944146454334259,0.16981463,0.0,nan,nan
Uformer + PathologyLoss,BraTS2021_00095,29.769897,0.9317005276679993,0.17887975,0.0,nan,nan
Uformer + PathologyLoss,BraTS2021_00095,30.19864,0.9265958070755005,0.16998598,0.6666666666666666,nan,nan
Uformer + PathologyLoss,BraTS2021_00095,30.528927,0.9250284433364868,0.16139555,0.6666666666666666,nan,nan
Uformer + PathologyLoss,BraTS2021_00095,30.825384,0.9266363978385925,0.15340853,0.0,0.0,0.0
Uformer + PathologyLoss,BraTS2021_00095,30.968187,0.9167258739471436,0.15027095,0.10256410256410256,0.10869565217391304,0.10869565217391304
Uformer + PathologyLoss,BraTS2021_00095,31.058899,0.9193156361579895,0.14796475,0.744721689059501,0.8527131782945736,0.8527131782945736
Uformer + PathologyLoss,BraTS2021_00095,31.348288,0.9266312718391418,0.14233609,0.6882845188284519,0.8422664624808576,0.8422664624808576
Uformer + PathologyLoss,BraTS2021_00095,31.461472,0.9308456778526306,0.13725989,0.9141193595342066,0.7852494577006508,0.7554038680318543
Uformer + PathologyLoss,BraTS2021_00095,31.409664,0.9378302693367004,0.13455626,0.8519099947671376,0.778702163061564,0.7358490566037735
Uformer + PathologyLoss,BraTS2021_00095,31.458717,0.9470594525337219,0.1316113,0.8764874846122281,0.7131147540983607,0.7266666666666667
Uformer + PathologyLoss,BraTS2021_00095,31.425804,0.9530766606330872,0.12682027,0.9054054054054054,0.8782287822878229,0.8
Uformer + PathologyLoss,BraTS2021_00095,31.396633,0.952540397644043,0.12989426,0.9380841121495327,0.8639676113360324,0.7786259541984732
Uformer + PathologyLoss,BraTS2021_00095,31.296255,0.9602762460708618,0.12302234,0.950432730133753,0.9551130610867364,0.8534167970787689
Uformer + PathologyLoss,BraTS2021_00095,31.296692,0.9662135243415833,0.11896902,0.9638792676892627,0.9644416718652526,0.8243243243243243
Uformer + PathologyLoss,BraTS2021_00095,31.294395,0.9655672907829285,0.12077343,0.9651644336175396,0.9719084853750362,0.8657435279951836
Uformer + PathologyLoss,BraTS2021_00095,31.2561,0.968235194683075,0.11855271,0.9738317757009346,0.9700831024930748,0.8364153627311522
Uformer + PathologyLoss,BraTS2021_00095,31.35865,0.9739657044410706,0.11345859,0.9749278899489683,0.9738579350409295,0.8310991957104558
Uformer + PathologyLoss,BraTS2021_00095,31.549877,0.9750695824623108,0.10995239,0.9570271953498027,0.982727507089456,0.8638689866939611
Uformer + PathologyLoss,BraTS2021_00095,31.362831,0.9761626124382019,0.10922453,0.9574300354749704,0.9857748939356127,0.8635394456289979
Uformer + PathologyLoss,BraTS2021_00095,31.129992,0.975009024143219,0.112775244,0.9583568871302054,0.9853872381880175,0.8773480662983425
Uformer + PathologyLoss,BraTS2021_00095,30.936031,0.9768705368041992,0.1116581,0.9737881508078995,0.9830992620804571,0.8294392523364486
Uformer + PathologyLoss,BraTS2021_00095,31.059155,0.9760494232177734,0.11418452,0.9794835514679873,0.9866102889358703,0.8581560283687943
Uformer + PathologyLoss,BraTS2021_00095,30.919949,0.9775514006614685,0.110830255,0.9819341126461212,0.9858959537572254,0.8581314878892734
Uformer + PathologyLoss,BraTS2021_00095,30.785107,0.978314995765686,0.10995742,0.9821583232288238,0.9917317409278824,0.9080459770114943
Uformer + PathologyLoss,BraTS2021_00095,30.934916,0.9783937335014343,0.11026221,0.9764001408946812,0.9879133409350057,0.8294478527607362
Uformer + PathologyLoss,BraTS2021_00095,30.931774,0.9793350696563721,0.1074558,0.9768150279235065,0.9909379247847757,0.8681983071342201
Uformer + PathologyLoss,BraTS2021_00095,30.683777,0.9794347882270813,0.10910454,0.9858289226566501,0.9913753971856559,0.8638613861386139
Uformer + PathologyLoss,BraTS2021_00095,30.888645,0.9820470809936523,0.10444381,0.970889844525306,0.9885057471264368,0.8452380952380952
Uformer + PathologyLoss,BraTS2021_00095,30.98194,0.9824545979499817,0.10194997,0.972213141549526,0.9920652913171616,0.8849765258215962
Uformer + PathologyLoss,BraTS2021_00095,30.942305,0.9806724190711975,0.10451746,0.9759349593495935,0.9918330308529946,0.8883878241262683
Uformer + PathologyLoss,BraTS2021_00095,31.161991,0.9831012487411499,0.09884556,0.9736885111946396,0.985876993166287,0.8583690987124464
Uformer + PathologyLoss,BraTS2021_00095,31.389503,0.9818717837333679,0.10186434,0.9812510370001659,0.9827505827505828,0.8471910112359551
Uformer + PathologyLoss,BraTS2021_00095,31.483076,0.9843319058418274,0.09610151,0.9763597288808068,0.9859690844233056,0.8682505399568035
Uformer + PathologyLoss,BraTS2021_00095,31.672546,0.9836133122444153,0.097235054,0.972018654230513,0.9812788718696815,0.8866995073891626
Uformer + PathologyLoss,BraTS2021_00095,31.857655,0.983786404132843,0.09539207,0.9659379766141332,0.9810462471569371,0.878286270691334
Uformer + PathologyLoss,BraTS2021_00095,31.996195,0.985450267791748,0.09146076,0.9679752066115702,0.984647961884595,0.8914956011730205
Uformer + PathologyLoss,BraTS2021_00095,32.300915,0.9845947027206421,0.09108101,0.9607703281027105,0.9847687621157574,0.900375939849624
Uformer + PathologyLoss,BraTS2021_00095,32.15236,0.9827784895896912,0.093364775,0.9559422436134765,0.9870429023898647,0.9111111111111111
Uformer + PathologyLoss,BraTS2021_00095,32.662853,0.984821081161499,0.088058904,0.9421275032151387,0.9785276073619632,0.888135593220339
Uformer + PathologyLoss,BraTS2021_00095,32.73743,0.9845661520957947,0.08787505,0.9706864564007421,0.9686666666666667,0.8578637510513036
Uformer + PathologyLoss,BraTS2021_00095,32.881874,0.982483983039856,0.089647226,0.9720438231960711,0.9746699964323938,0.906785980611484
Uformer + PathologyLoss,BraTS2021_00095,32.912136,0.9807193279266357,0.09076488,0.9715255515745804,0.9522292993630573,0.8485294117647059
Uformer + PathologyLoss,BraTS2021_00095,32.877823,0.9813857078552246,0.09040563,0.9728739002932552,0.9433453237410072,0.8516042780748663
Uformer + PathologyLoss,BraTS2021_00095,33.021828,0.9816417098045349,0.08806684,0.9768510337515462,0.8713968957871396,0.7997356245869134
Uformer + PathologyLoss,BraTS2021_00095,33.086857,0.9792397022247314,0.09042011,0.9706034038164002,0.8573426573426574,0.8323615160349854
Uformer + PathologyLoss,BraTS2021_00095,33.57317,0.9833259582519531,0.08323174,0.9763698630136987,0.7205387205387206,0.6752037252619325
Uformer + PathologyLoss,BraTS2021_00095,33.264328,0.9803599715232849,0.08853642,0.9786648313833448,0.7417475728155339,0.6882591093117408
Uformer + PathologyLoss,BraTS2021_00095,33.689796,0.9835548996925354,0.082313135,0.9872932985204526,0.4729064039408867,0.4729064039408867
Uformer + PathologyLoss,BraTS2021_00095,33.96485,0.983553409576416,0.0802082,0.9819341126461212,0.5357142857142857,0.5357142857142857
Uformer + PathologyLoss,BraTS2021_00095,33.509693,0.9836052060127258,0.08370499,0.9800796812749004,nan,nan
Uformer + PathologyLoss,BraTS2021_00095,33.882736,0.9861167073249817,0.07801281,0.987066541705717,nan,nan
Uformer + PathologyLoss,BraTS2021_00095,33.68815,0.9849020838737488,0.08152923,0.9875024796667328,nan,nan
Uformer + PathologyLoss,BraTS2021_00095,33.369556,0.9844763875007629,0.08339951,0.9876180482686254,nan,nan
Uformer + PathologyLoss,BraTS2021_00095,33.232853,0.9813671708106995,0.08989098,0.9821587867975022,nan,nan
Uformer + PathologyLoss,BraTS2021_00095,33.150677,0.9810646176338196,0.08959193,0.9822254687119552,nan,nan
Uformer + PathologyLoss,BraTS2021_00095,32.871857,0.9787048101425171,0.0939205,0.9872694206287347,nan,nan
Uformer + PathologyLoss,BraTS2021_00095,33.02405,0.9776628613471985,0.093906246,0.982147761603955,nan,nan
Uformer + PathologyLoss,BraTS2021_00095,32.736008,0.974868893623352,0.09677553,0.9743881616391576,nan,nan
Uformer + PathologyLoss,BraTS2021_00095,32.508415,0.9738826751708984,0.09972388,0.9844470046082949,nan,nan
Uformer + PathologyLoss,BraTS2021_00095,32.557053,0.975493848323822,0.09738634,0.9782673414706758,nan,nan
Uformer + PathologyLoss,BraTS2021_00095,32.196487,0.9748347997665405,0.10016689,0.9848250232270053,nan,nan
Uformer + PathologyLoss,BraTS2021_00095,31.978895,0.9691053628921509,0.106517866,0.9810958026273631,nan,nan
Uformer + PathologyLoss,BraTS2021_00095,31.725893,0.9707900285720825,0.10671151,0.9823274424808269,nan,nan
Uformer + PathologyLoss,BraTS2021_00095,31.5663,0.9673412442207336,0.109292164,0.9770723104056437,nan,nan
Uformer + PathologyLoss,BraTS2021_00095,31.624792,0.9643252491950989,0.112450704,0.9748822605965463,nan,nan
Uformer + PathologyLoss,BraTS2021_00095,31.190786,0.9568580985069275,0.12033447,0.9553047404063205,nan,nan
Uformer + PathologyLoss,BraTS2021_00095,31.066158,0.9526410698890686,0.12572603,0.9060710194730813,nan,nan
Uformer + PathologyLoss,BraTS2021_00095,30.964027,0.9485921859741211,0.12897073,0.9128127369219106,nan,nan
Uformer + PathologyLoss,BraTS2021_00095,30.884224,0.9460839033126831,0.12993777,0.8516129032258064,nan,nan
Uformer + PathologyLoss,BraTS2021_00095,30.570454,0.9417438507080078,0.13923763,0.9328358208955224,nan,nan
Uformer + PathologyLoss,BraTS2021_00095,30.51432,0.9443435668945312,0.14019464,0.8165374677002584,nan,nan
Uformer + PathologyLoss,BraTS2021_00102,31.539574,0.9850098490715027,0.08890337,0.0,0.0,0.0
Uformer + PathologyLoss,BraTS2021_00102,31.639326,0.9859062433242798,0.08752975,0.0,nan,nan
Uformer + PathologyLoss,BraTS2021_00102,31.101034,0.9843012094497681,0.091863975,0.0,nan,nan
Uformer + PathologyLoss,BraTS2021_00102,30.987015,0.9834377765655518,0.09314297,0.33109619686800895,0.0,0.0
Uformer + PathologyLoss,BraTS2021_00102,30.50592,0.9804664254188538,0.09938569,0.5112262521588946,nan,nan
Uformer + PathologyLoss,BraTS2021_00102,29.661448,0.9764342904090881,0.10527542,0.5819209039548022,0.10714285714285714,0.09009009009009009
Uformer + PathologyLoss,BraTS2021_00102,29.226187,0.9709874391555786,0.113376535,0.5507246376811594,0.043478260869565216,0.09090909090909091
Uformer + PathologyLoss,BraTS2021_00102,28.657598,0.9635104537010193,0.116349034,0.6232558139534884,0.535593220338983,0.4460431654676259
Uformer + PathologyLoss,BraTS2021_00102,28.517643,0.9600282907485962,0.11677756,0.6836215666327569,0.5518763796909493,0.5225225225225225
Uformer + PathologyLoss,BraTS2021_00102,28.958647,0.9547023177146912,0.111011386,0.9332365747460087,0.4803921568627451,0.5061511423550088
Uformer + PathologyLoss,BraTS2021_00102,28.832417,0.9557272791862488,0.107052304,0.8683274021352313,0.5604203152364273,0.5535714285714286
Uformer + PathologyLoss,BraTS2021_00102,29.584915,0.9485278725624084,0.09925471,0.9055762081784386,0.5526770293609672,0.5255198487712666
Uformer + PathologyLoss,BraTS2021_00102,29.899796,0.9491491913795471,0.09276611,0.8788300835654597,0.43137254901960786,0.36018957345971564
Uformer + PathologyLoss,BraTS2021_00102,30.413496,0.9464421272277832,0.08846308,0.892998678996037,0.31422018348623854,0.25415676959619954
Uformer + PathologyLoss,BraTS2021_00102,30.62101,0.9440521597862244,0.086395204,0.8088235294117647,0.22857142857142856,0.15675675675675677
Uformer + PathologyLoss,BraTS2021_00102,30.843548,0.9440773725509644,0.08380662,0.7494322482967449,0.17673048600883653,0.12804878048780488
Uformer + PathologyLoss,BraTS2021_00102,31.075155,0.9391250014305115,0.08093182,0.7074707470747075,0.1806981519507187,0.15418502202643172
Uformer + PathologyLoss,BraTS2021_00102,31.16634,0.938606858253479,0.08077848,0.49789915966386555,0.0,0.0
Uformer + PathologyLoss,BraTS2021_00102,30.995468,0.937410295009613,0.08088672,0.43320363164721143,0.0,0.0
Uformer + PathologyLoss,BraTS2021_00102,31.330666,0.9397757053375244,0.078554146,0.4338896020539153,0.0,0.0
Uformer + PathologyLoss,BraTS2021_00102,31.386442,0.9453794956207275,0.076493934,0.35240963855421686,0.0,0.0
Uformer + PathologyLoss,BraTS2021_00102,31.516998,0.9474712014198303,0.07634084,0.4017278617710583,0.0,0.0
Uformer + PathologyLoss,BraTS2021_00102,31.631042,0.9520454406738281,0.075066835,0.1716171617161716,0.0,0.0
Uformer + PathologyLoss,BraTS2021_00102,31.91558,0.9534777402877808,0.07323003,0.0,0.0,0.0
Uformer + PathologyLoss,BraTS2021_00108,28.872326,0.9839334487915039,0.12775455,0.21212121212121213,0.0,0.0
Uformer + PathologyLoss,BraTS2021_00108,29.00681,0.9851885437965393,0.12071251,0.38312829525483305,0.0,0.0
Uformer + PathologyLoss,BraTS2021_00108,29.171364,0.9862518906593323,0.11589763,0.3792645104120514,0.0,0.0
Uformer + PathologyLoss,BraTS2021_00108,29.546082,0.9866204857826233,0.111224286,0.32411820781696854,0.0,0.0
Uformer + PathologyLoss,BraTS2021_00108,29.373573,0.9863249063491821,0.1110105,0.3247212401414196,0.0,0.0
Uformer + PathologyLoss,BraTS2021_00108,28.487732,0.9832181334495544,0.11735157,0.3074663402692778,0.0,0.0
Uformer + PathologyLoss,BraTS2021_00108,28.305006,0.9830678701400757,0.11692652,0.3094025011579435,0.0,0.0
Uformer + PathologyLoss,BraTS2021_00108,28.45928,0.9828380942344666,0.11176376,0.3126571668063705,0.0,0.0
Uformer + PathologyLoss,BraTS2021_00108,28.319798,0.9825446009635925,0.110896245,0.3217601937828018,0.0,0.0
Uformer + PathologyLoss,BraTS2021_00108,29.152328,0.985615074634552,0.09582395,0.44170096021947874,0.0,0.0
Uformer + PathologyLoss,BraTS2021_00108,29.558441,0.9861437082290649,0.09373268,0.30873970867637746,0.0,0.0
Uformer + PathologyLoss,BraTS2021_00108,29.766283,0.9870619177818298,0.08881816,0.3295803480040942,0.0,0.0
Uformer + PathologyLoss,BraTS2021_00108,30.093681,0.9875542521476746,0.08663261,0.3766016713091922,0.10128913443830571,0.27177700348432055
Uformer + PathologyLoss,BraTS2021_00108,29.771616,0.9877346158027649,0.08654442,0.36093338351524273,0.12547819433817903,0.3745819397993311
Uformer + PathologyLoss,BraTS2021_00108,29.88876,0.9873971343040466,0.087545164,0.3872668288726683,0.1017304667016256,0.2508591065292096
Uformer + PathologyLoss,BraTS2021_00108,29.883938,0.9869956374168396,0.08821913,0.46021187484602116,0.21212121212121213,0.553072625698324
Uformer + PathologyLoss,BraTS2021_00108,29.760752,0.987587571144104,0.08767926,0.29515216393944027,0.06501698204754973,0.19436345966958213
Uformer + PathologyLoss,BraTS2021_00108,30.115908,0.9880956411361694,0.08584016,0.3451100870455709,0.12399150743099788,0.452991452991453
Uformer + PathologyLoss,BraTS2021_00108,29.967089,0.9879237413406372,0.085325,0.35543278084714547,0.08968609865470852,0.19335793357933578
Uformer + PathologyLoss,BraTS2021_00108,29.241066,0.9857270121574402,0.091000736,0.381042654028436,0.12236944660950896,0.25458052073288334
Uformer + PathologyLoss,BraTS2021_00108,28.80083,0.9839956164360046,0.09599997,0.45650240170788114,0.14432989690721648,0.4155455904334828
Uformer + PathologyLoss,BraTS2021_00108,28.781311,0.9826065897941589,0.09270173,0.520377358490566,0.8328445747800587,0.9241379310344827
Uformer + PathologyLoss,BraTS2021_00108,28.875673,0.9811708927154541,0.093383506,0.5334838224228743,0.2255758538522637,0.4555984555984556
Uformer + PathologyLoss,BraTS2021_00108,28.771442,0.9800468683242798,0.08903174,0.5124506268246608,0.19957835558678846,0.5078125
Uformer + PathologyLoss,BraTS2021_00108,28.876682,0.978391170501709,0.09008949,0.5369774919614148,0.20034246575342465,0.4201312910284464
Uformer + PathologyLoss,BraTS2021_00108,28.538807,0.9754653573036194,0.08804532,0.4070338058887677,0.06701940035273368,0.1686046511627907
Uformer + PathologyLoss,BraTS2021_00108,28.865244,0.9742315411567688,0.08729267,0.4458277753075441,0.05678591709256105,0.13236627379873073
Uformer + PathologyLoss,BraTS2021_00108,29.048882,0.9731476902961731,0.0831315,0.3199285075960679,0.047500478835472135,0.09793566970715314
Uformer + PathologyLoss,BraTS2021_00108,28.93639,0.9717751145362854,0.082889974,0.4721759413528824,0.07866868381240545,0.17233560090702948
Uformer + PathologyLoss,BraTS2021_00108,29.497194,0.9726945757865906,0.07884062,0.4015399971481534,0.09354699003897791,0.1770091556459817
Uformer + PathologyLoss,BraTS2021_00108,29.603958,0.9719852805137634,0.0774636,0.38953407023926123,0.052140636211432674,0.12603437301082113
Uformer + PathologyLoss,BraTS2021_00108,30.226501,0.9728226065635681,0.07348717,0.4771519659936238,0.09647979139504563,0.24907063197026022
Uformer + PathologyLoss,BraTS2021_00108,30.263695,0.974906325340271,0.072466716,0.525879917184265,0.15819209039548024,0.31683168316831684
Uformer + PathologyLoss,BraTS2021_00108,30.568903,0.9737088084220886,0.07074116,0.4453615054473424,0.02888700084961767,0.09819967266775777
Uformer + PathologyLoss,BraTS2021_00108,30.65644,0.9752089381217957,0.068218976,0.501977705861201,0.12213740458015267,0.15950920245398773
Uformer + PathologyLoss,BraTS2021_00108,30.610275,0.9760614037513733,0.0674296,0.5134428678117998,0.0,0.0
Uformer + PathologyLoss,BraTS2021_00108,30.679962,0.9770510792732239,0.06666351,0.4772108843537415,0.0,0.0
Uformer + PathologyLoss,BraTS2021_00108,30.65747,0.9734715223312378,0.06783163,0.6984924623115578,0.0,0.0
Uformer + PathologyLoss,BraTS2021_00108,30.630203,0.9774289727210999,0.067485064,0.5940267765190526,0.0,0.0
Uformer + PathologyLoss,BraTS2021_00108,30.847256,0.9776395559310913,0.06725472,0.5929690808979247,0.0,0.0
Uformer + PathologyLoss,BraTS2021_00108,30.882488,0.9728662371635437,0.06853739,0.6212156228333718,0.0,0.0
Uformer + PathologyLoss,BraTS2021_00108,30.912788,0.9752517342567444,0.06836447,0.5777574788764558,0.0,0.0
Uformer + PathologyLoss,BraTS2021_00108,30.691603,0.9763052463531494,0.06879676,0.49017728797316723,0.0,0.0
Uformer + PathologyLoss,BraTS2021_00108,30.788805,0.9786857962608337,0.0678903,0.454035601072909,0.0,0.0
Uformer + PathologyLoss,BraTS2021_00108,30.685505,0.9770382642745972,0.069832824,0.37295918367346936,0.0,0.0
Uformer + PathologyLoss,BraTS2021_00108,30.6599,0.9776678085327148,0.068496525,0.345594072505954,0.0,0.0
Uformer + PathologyLoss,BraTS2021_00108,30.978205,0.9763404130935669,0.06758267,0.36347087378640774,0.0,0.0
Uformer + PathologyLoss,BraTS2021_00108,31.039478,0.9778264164924622,0.06772684,0.2948577680525164,0.0,0.0
Uformer + PathologyLoss,BraTS2021_00108,31.092203,0.979202389717102,0.06659253,0.2681363752883876,0.0,0.0
Uformer + PathologyLoss,BraTS2021_00108,31.168102,0.9801968336105347,0.06624809,0.21321388577827546,0.0,0.0
Uformer + PathologyLoss,BraTS2021_00108,31.214363,0.9798997044563293,0.06575466,0.15303230682032873,0.0,0.0
Uformer + PathologyLoss,BraTS2021_00108,31.507809,0.9805763363838196,0.06589176,0.18314424635332252,0.0,0.0
Uformer + PathologyLoss,BraTS2021_00108,31.372736,0.9843032956123352,0.06321531,0.11006979062811566,0.0,0.0
Uformer + PathologyLoss,BraTS2021_00108,31.749344,0.981925904750824,0.063440375,0.16160388821385177,0.0,0.0
Uformer + PathologyLoss,BraTS2021_00108,31.880152,0.984088659286499,0.06154358,0.10585480093676815,0.0,0.0
Uformer + PathologyLoss,BraTS2021_00108,31.931309,0.983285129070282,0.06092326,0.07345511076564322,0.0,0.0
Uformer + PathologyLoss,BraTS2021_00112,30.50728,0.9861629605293274,0.096914805,0.0,0.0,0.0
Uformer + PathologyLoss,BraTS2021_00112,30.996897,0.9878329038619995,0.09033334,0.0,nan,nan
Uformer + PathologyLoss,BraTS2021_00112,31.016815,0.988930881023407,0.08603711,0.3333333333333333,nan,nan
Uformer + PathologyLoss,BraTS2021_00112,31.173542,0.9887808561325073,0.08722846,0.0,nan,nan
Uformer + PathologyLoss,BraTS2021_00112,30.901478,0.9878871440887451,0.08834967,0.0,nan,nan
Uformer + PathologyLoss,BraTS2021_00112,30.801363,0.9881604909896851,0.08903417,0.0,nan,nan
Uformer + PathologyLoss,BraTS2021_00112,30.622824,0.9876834750175476,0.090760425,0.0,nan,nan
Uformer + PathologyLoss,BraTS2021_00112,30.624943,0.98765629529953,0.090749286,0.0,nan,nan
Uformer + PathologyLoss,BraTS2021_00112,30.378168,0.9880468845367432,0.0898829,0.0,nan,nan
Uformer + PathologyLoss,BraTS2021_00112,30.596903,0.9880321025848389,0.088282004,0.0,nan,nan
Uformer + PathologyLoss,BraTS2021_00112,30.689419,0.9875863790512085,0.088897154,0.0,nan,nan
Uformer + PathologyLoss,BraTS2021_00112,30.441315,0.9877234697341919,0.08850425,0.0,nan,nan
Uformer + PathologyLoss,BraTS2021_00112,30.077915,0.9861478805541992,0.09281497,0.26851851851851855,nan,nan
Uformer + PathologyLoss,BraTS2021_00112,30.259094,0.9875711798667908,0.08915591,0.1937984496124031,nan,nan
Uformer + PathologyLoss,BraTS2021_00112,29.776222,0.9874835014343262,0.08947192,0.1829652996845426,nan,nan
Uformer + PathologyLoss,BraTS2021_00112,29.116041,0.9827152490615845,0.09837078,0.24096385542168675,nan,nan
Uformer + PathologyLoss,BraTS2021_00112,29.101276,0.9812692999839783,0.09721096,0.23552123552123552,nan,nan
Uformer + PathologyLoss,BraTS2021_00112,28.98218,0.9754883050918579,0.097142026,0.24087591240875914,nan,nan
Uformer + PathologyLoss,BraTS2021_00112,29.388325,0.9806686639785767,0.08937332,0.19897084048027444,0.0,nan
Uformer + PathologyLoss,BraTS2021_00112,30.16289,0.9844545722007751,0.079312414,0.289193302891933,0.0,nan
Uformer + PathologyLoss,BraTS2021_00112,30.417439,0.9824027419090271,0.078432724,0.36412315930388217,0.0,nan
Uformer + PathologyLoss,BraTS2021_00112,30.344921,0.9845560193061829,0.07783007,0.45929526123936815,0.0975609756097561,0.0
Uformer + PathologyLoss,BraTS2021_00112,30.507145,0.9869382381439209,0.07458894,0.5029103608847497,0.2765957446808511,0.0
Uformer + PathologyLoss,BraTS2021_00112,30.747625,0.9868028163909912,0.07155503,0.5167037861915368,0.24,0.0
Uformer + PathologyLoss,BraTS2021_00112,30.810986,0.9875971674919128,0.07040351,0.5221143473570659,0.3888888888888889,0.0
Uformer + PathologyLoss,BraTS2021_00112,31.139843,0.9886872172355652,0.067097835,0.6602316602316602,0.2361111111111111,0.0
Uformer + PathologyLoss,BraTS2021_00112,31.289854,0.9866983890533447,0.069154404,0.7006610009442871,0.0,0.0
Uformer + PathologyLoss,BraTS2021_00112,31.044294,0.9878019094467163,0.06916797,0.6886517943743938,0.0,0.0
Uformer + PathologyLoss,BraTS2021_00112,30.903286,0.9877505302429199,0.06957101,0.6797642436149313,0.0,0.0
Uformer + PathologyLoss,BraTS2021_00112,31.004877,0.98860764503479,0.06760713,0.6773226773226774,0.0,0.0
Uformer + PathologyLoss,BraTS2021_00112,31.364319,0.9876331090927124,0.06860908,0.7641509433962265,0.0,0.0
Uformer + PathologyLoss,BraTS2021_00112,31.460583,0.9890099167823792,0.06717692,0.7051671732522796,0.0,0.0
Uformer + PathologyLoss,BraTS2021_00112,31.6539,0.9896346926689148,0.065104626,0.49820359281437127,0.0,0.0
Uformer + PathologyLoss,BraTS2021_00112,31.567783,0.9896281361579895,0.0651235,0.6485310119695321,0.0,0.0
Uformer + PathologyLoss,BraTS2021_00112,31.38694,0.9894112348556519,0.06676743,0.5436893203883495,0.0,0.0
Uformer + PathologyLoss,BraTS2021_00112,31.229689,0.9892553687095642,0.06834073,0.4973544973544973,nan,nan
Uformer + PathologyLoss,BraTS2021_00112,30.76768,0.989027202129364,0.06956364,0.5570652173913043,0.0,0.0
Uformer + PathologyLoss,BraTS2021_00112,30.957253,0.9889946579933167,0.06974752,0.5574712643678161,0.0,0.0
Uformer + PathologyLoss,BraTS2021_00112,31.331263,0.990161120891571,0.06596406,0.5008403361344538,0.0,0.0
Uformer + PathologyLoss,BraTS2021_00112,31.343172,0.9895567297935486,0.06712929,0.4714548802946593,nan,nan
Uformer + PathologyLoss,BraTS2021_00112,31.692482,0.9906419515609741,0.06410148,0.39574468085106385,nan,nan
Uformer + PathologyLoss,BraTS2021_00112,31.627272,0.9906301498413086,0.06418685,0.535031847133758,nan,nan
Uformer + PathologyLoss,BraTS2021_00112,31.645105,0.9916018843650818,0.062993646,0.35475578406169667,nan,nan
Uformer + PathologyLoss,BraTS2021_00112,31.350004,0.9913626313209534,0.06517756,0.23008849557522124,nan,nan
Uformer + PathologyLoss,BraTS2021_00112,31.331581,0.990393340587616,0.067577176,0.18064516129032257,nan,nan
Uformer + PathologyLoss,BraTS2021_00112,31.856535,0.9909306764602661,0.06511608,0.11808118081180811,nan,nan
Uformer + PathologyLoss,BraTS2021_00112,31.826021,0.9915398955345154,0.06425446,0.0,nan,nan
Uformer + PathologyLoss,BraTS2021_00112,31.917353,0.9918295741081238,0.06266901,0.0,nan,nan
Uformer + PathologyLoss,BraTS2021_00112,31.832645,0.9916653633117676,0.062372107,0.03125,nan,nan
Uformer + PathologyLoss,BraTS2021_00112,31.946306,0.9915849566459656,0.062164597,0.0,nan,nan
Uformer + PathologyLoss,BraTS2021_00112,31.78028,0.9917592406272888,0.062919304,0.0,nan,nan
Uformer + PathologyLoss,BraTS2021_00112,31.990614,0.990432858467102,0.06384828,0.0,nan,nan
Uformer + PathologyLoss,BraTS2021_00112,32.05625,0.9922818541526794,0.062459312,0.0,nan,nan
Uformer + PathologyLoss,BraTS2021_00112,32.212765,0.9927549958229065,0.060648225,0.0,nan,nan
Uformer + PathologyLoss,BraTS2021_00112,32.498707,0.9909045696258545,0.061946217,0.0,nan,nan
Uformer + PathologyLoss,BraTS2021_00112,32.643887,0.9919564127922058,0.05978599,0.0,nan,nan
Uformer + PathologyLoss,BraTS2021_00112,32.60176,0.9906722903251648,0.062046573,0.0,nan,nan
Uformer + PathologyLoss,BraTS2021_00120,29.042686,0.9415448904037476,0.113700286,0.0,0.0,nan
Uformer + PathologyLoss,BraTS2021_00120,29.822659,0.9501382112503052,0.103211895,0.32085561497326204,0.4,0.06779661016949153
Uformer + PathologyLoss,BraTS2021_00120,30.895058,0.9552414417266846,0.09163043,0.5620094191522763,0.7923497267759563,0.3553299492385787
Uformer + PathologyLoss,BraTS2021_00120,31.016953,0.9585981369018555,0.08980416,0.5244019138755981,0.619105199516324,0.5980861244019139
Uformer + PathologyLoss,BraTS2021_00120,31.21148,0.9571702480316162,0.08845142,0.8754578754578755,0.8761904761904762,0.668488160291439
Uformer + PathologyLoss,BraTS2021_00120,31.199448,0.9603011608123779,0.08686964,0.8834224598930481,0.8919102651257648,0.7547481420313791
Uformer + PathologyLoss,BraTS2021_00120,31.165552,0.9602373242378235,0.086175285,0.8637372392365734,0.8210405946255003,0.7723132969034608
Uformer + PathologyLoss,BraTS2021_00120,30.90511,0.9612153172492981,0.08794378,0.875725900116144,0.8586666666666667,0.8140068886337543
Uformer + PathologyLoss,BraTS2021_00120,30.875502,0.9641826748847961,0.08741188,0.9019073569482289,0.7925754060324826,0.7883064516129032
Uformer + PathologyLoss,BraTS2021_00120,30.94152,0.9641281366348267,0.08767298,0.9206541490006057,0.8423364075537989,0.7313357034027425
Uformer + PathologyLoss,BraTS2021_00120,30.934471,0.9667966365814209,0.08509834,0.9242183359830418,0.7521367521367521,0.645842498900132
Uformer + PathologyLoss,BraTS2021_00120,31.08788,0.9697951674461365,0.0848324,0.9007263922518159,0.8236658932714617,0.7467766890149562
Uformer + PathologyLoss,BraTS2021_00120,31.15822,0.9689346551895142,0.0840062,0.8886603239907431,0.7585089141004863,0.6424384525205158
Uformer + PathologyLoss,BraTS2021_00120,31.07644,0.973097026348114,0.08176713,0.8912825651302605,0.7751572327044025,0.7057430432208407
Uformer + PathologyLoss,BraTS2021_00120,30.937578,0.9730879664421082,0.0830004,0.896752302472128,0.7787857641311933,0.6252045826513911
Uformer + PathologyLoss,BraTS2021_00120,31.064629,0.9714807271957397,0.083955854,0.9097797774094246,0.78464,0.551219512195122
Uformer + PathologyLoss,BraTS2021_00120,31.061893,0.9736100435256958,0.08219449,0.9348025711662076,0.8945609237313886,0.5859982713915298
Uformer + PathologyLoss,BraTS2021_00120,30.838657,0.9745904207229614,0.082690746,0.9087917254348848,0.8146167557932263,0.5952069716775599
Uformer + PathologyLoss,BraTS2021_00120,30.948656,0.9722267985343933,0.08467726,0.9209911173445535,0.8331877729257642,0.5987525987525988
Uformer + PathologyLoss,BraTS2021_00120,30.882534,0.9744624495506287,0.08374336,0.9122724048238354,0.8529055690072639,0.6535885167464115
Uformer + PathologyLoss,BraTS2021_00120,30.911448,0.976286768913269,0.08091174,0.970581630361554,0.848780487804878,0.6068855084067254
Uformer + PathologyLoss,BraTS2021_00120,31.137741,0.9783971309661865,0.07809163,0.9492919141160348,0.8985170107589415,0.6865813181602656
Uformer + PathologyLoss,BraTS2021_00120,30.985744,0.9774724245071411,0.08023364,0.9623655913978495,0.884593837535014,0.6581074655254399
Uformer + PathologyLoss,BraTS2021_00120,31.00296,0.9777975082397461,0.07976858,0.9619915536785952,0.8955395683453238,0.6903602726387537
Uformer + PathologyLoss,BraTS2021_00120,31.086891,0.9779019951820374,0.07904747,0.9648618784530387,0.8686534216335541,0.7297297297297297
Uformer + PathologyLoss,BraTS2021_00120,31.317041,0.9765524864196777,0.07908849,0.9684535627619678,0.9301788805539527,0.8031936127744511
Uformer + PathologyLoss,BraTS2021_00120,30.903397,0.9755995869636536,0.08093944,0.9810992830762546,0.8488678251711427,0.7284453496266123
Uformer + PathologyLoss,BraTS2021_00120,30.827835,0.9743885397911072,0.082289286,0.9840087623220153,0.8578391551584078,0.786929884275017
Uformer + PathologyLoss,BraTS2021_00120,31.301947,0.9725449681282043,0.08077238,0.9763603925066905,0.9366324683162341,0.863536316947909
Uformer + PathologyLoss,BraTS2021_00120,31.0498,0.9726510643959045,0.08160876,0.9833813427875028,0.8289473684210527,0.7776683087027915
Uformer + PathologyLoss,BraTS2021_00120,31.2322,0.9703245759010315,0.08060685,0.9842767295597484,0.8682262363044122,0.8099516240497581
Uformer + PathologyLoss,BraTS2021_00120,31.160511,0.9709781408309937,0.08171619,0.9724011039558418,0.8157134604274986,0.7703459637561779
Uformer + PathologyLoss,BraTS2021_00120,31.586163,0.9714094996452332,0.078425206,0.9747158431918348,0.8317202622541368,0.8296682817741334
Uformer + PathologyLoss,BraTS2021_00120,31.280144,0.9700732827186584,0.082479335,0.9689737470167065,0.7885326757090012,0.7570538658849395
Uformer + PathologyLoss,BraTS2021_00120,31.391186,0.9691271185874939,0.08313007,0.9691327780499756,0.7847847847847848,0.7331493890421757
Uformer + PathologyLoss,BraTS2021_00120,31.400059,0.9702960848808289,0.081936926,0.970558882235529,0.7498295841854125,0.7347611202635914
Uformer + PathologyLoss,BraTS2021_00120,31.363668,0.970350444316864,0.08268682,0.9611473272490222,0.7223427331887202,0.7647058823529411
Uformer + PathologyLoss,BraTS2021_00120,31.747568,0.9710596203804016,0.08045531,0.9504292439767378,0.8506464556397682,0.8339517625231911
Uformer + PathologyLoss,BraTS2021_00120,31.413977,0.9716447591781616,0.08353021,0.9370055669498975,0.7533964594483327,0.8211797491871807
Uformer + PathologyLoss,BraTS2021_00120,31.347515,0.9712446928024292,0.08440622,0.9138695376820772,0.8291764705882353,0.8296438883541867
Uformer + PathologyLoss,BraTS2021_00120,31.054956,0.9706352353096008,0.08567028,0.9191226867717615,0.8662880743417656,0.8800430338891877
Uformer + PathologyLoss,BraTS2021_00120,31.041454,0.9685661196708679,0.09074324,0.9220588235294118,0.7818725099601593,0.8174097664543525
Uformer + PathologyLoss,BraTS2021_00120,31.066639,0.9690860509872437,0.09113552,0.912621359223301,0.8914431673052363,0.8907563025210085
Uformer + PathologyLoss,BraTS2021_00120,30.878223,0.9687838554382324,0.09344763,0.9299820466786356,0.8865010073875084,0.8893414799728445
Uformer + PathologyLoss,BraTS2021_00120,30.509283,0.9677914977073669,0.09949549,0.8661588683351469,0.8496732026143791,0.8518791451731761
Uformer + PathologyLoss,BraTS2021_00120,30.798357,0.9709898829460144,0.097837135,0.8883248730964467,0.8013757523645744,0.8126649076517151
Uformer + PathologyLoss,BraTS2021_00120,30.94606,0.9710827469825745,0.09732622,0.9093546047860769,0.7576335877862596,0.7560270009643202
Uformer + PathologyLoss,BraTS2021_00120,30.611666,0.9711592793464661,0.10022389,0.925255704169945,0.6833855799373041,0.692390139335477
Uformer + PathologyLoss,BraTS2021_00120,30.4881,0.9721308946609497,0.10360805,0.9216241737488197,0.6278755074424899,0.6395511921458625
Uformer + PathologyLoss,BraTS2021_00120,30.816055,0.9730033874511719,0.10468976,0.8271276595744681,0.591743119266055,0.5957446808510638
Uformer + PathologyLoss,BraTS2021_00120,30.686653,0.9725602865219116,0.10909362,0.7972972972972973,0.663594470046083,0.6511627906976745
Uformer + PathologyLoss,BraTS2021_00120,30.471416,0.9736442565917969,0.11165829,0.0,0.0,0.0
Uformer + PathologyLoss,BraTS2021_00120,30.426424,0.9749017357826233,0.11361402,0.0,0.0,0.0
Uformer + PathologyLoss,BraTS2021_00120,30.343548,0.9750722646713257,0.11752648,0.0,0.0,0.0
Uformer + PathologyLoss,BraTS2021_00121,28.185764,0.9832180738449097,0.11064684,0.0,nan,nan
Uformer + PathologyLoss,BraTS2021_00121,28.488457,0.9836410880088806,0.10743472,0.0,nan,nan
Uformer + PathologyLoss,BraTS2021_00121,28.428864,0.9848971366882324,0.103008,nan,nan,nan
Uformer + PathologyLoss,BraTS2021_00121,28.701048,0.9857591986656189,0.10106818,nan,nan,nan
Uformer + PathologyLoss,BraTS2021_00121,28.76305,0.9859061241149902,0.10077803,nan,nan,nan
Uformer + PathologyLoss,BraTS2021_00121,28.605268,0.9861981272697449,0.100521155,0.0,nan,nan
Uformer + PathologyLoss,BraTS2021_00121,28.887085,0.9863871335983276,0.09903837,nan,nan,nan
Uformer + PathologyLoss,BraTS2021_00121,28.790579,0.9868804216384888,0.099053524,0.0,nan,nan
Uformer + PathologyLoss,BraTS2021_00121,28.778955,0.986258327960968,0.10135263,nan,nan,nan
Uformer + PathologyLoss,BraTS2021_00121,28.54153,0.9857348799705505,0.10308459,0.0,nan,nan
Uformer + PathologyLoss,BraTS2021_00121,28.457455,0.9859272241592407,0.10241053,0.0,nan,nan
Uformer + PathologyLoss,BraTS2021_00121,28.23756,0.9848629236221313,0.10685094,0.0,nan,nan
Uformer + PathologyLoss,BraTS2021_00121,27.715185,0.9824386835098267,0.113336615,0.0,nan,nan
Uformer + PathologyLoss,BraTS2021_00121,26.850422,0.9801041483879089,0.118569,0.0,nan,nan
Uformer + PathologyLoss,BraTS2021_00121,27.250813,0.97879558801651,0.11454555,0.0,nan,nan
Uformer + PathologyLoss,BraTS2021_00121,26.742067,0.9758175611495972,0.11789071,0.0,nan,nan
Uformer + PathologyLoss,BraTS2021_00121,27.30809,0.9777134656906128,0.10438296,0.0,nan,nan
Uformer + PathologyLoss,BraTS2021_00121,27.248747,0.9781569242477417,0.10241085,0.11724137931034483,nan,nan
Uformer + PathologyLoss,BraTS2021_00121,27.922266,0.9783006310462952,0.09534804,0.0,nan,nan
Uformer + PathologyLoss,BraTS2021_00121,27.616356,0.9780979752540588,0.09601686,0.0,nan,nan
Uformer + PathologyLoss,BraTS2021_00121,28.071516,0.9761652946472168,0.09407622,0.0,nan,nan
Uformer + PathologyLoss,BraTS2021_00121,27.764341,0.976364016532898,0.09425591,0.7554744525547445,nan,nan
Uformer + PathologyLoss,BraTS2021_00121,28.06731,0.9761022329330444,0.093279794,0.8271186440677966,nan,nan
Uformer + PathologyLoss,BraTS2021_00121,28.193863,0.976428210735321,0.09200289,0.6666666666666666,nan,nan
Uformer + PathologyLoss,BraTS2021_00121,28.378172,0.9770100712776184,0.09007197,0.36939313984168864,nan,nan
Uformer + PathologyLoss,BraTS2021_00121,28.399458,0.9763484597206116,0.08901526,0.7228070175438597,nan,nan
Uformer + PathologyLoss,BraTS2021_00121,28.504484,0.9779391288757324,0.08895904,0.6898047722342733,nan,nan
Uformer + PathologyLoss,BraTS2021_00121,28.550354,0.9773702621459961,0.087430604,0.4282115869017632,nan,nan
Uformer + PathologyLoss,BraTS2021_00121,28.776274,0.9782425761222839,0.08553468,0.4742268041237113,nan,nan
Uformer + PathologyLoss,BraTS2021_00121,28.712404,0.976519763469696,0.08679918,0.0,nan,nan
Uformer + PathologyLoss,BraTS2021_00121,28.511946,0.976852297782898,0.087482326,0.005277044854881266,nan,nan
Uformer + PathologyLoss,BraTS2021_00121,28.453342,0.9779019951820374,0.08794903,0.0,nan,nan
Uformer + PathologyLoss,BraTS2021_00121,28.443632,0.9775528311729431,0.08935522,0.0,nan,nan
Uformer + PathologyLoss,BraTS2021_00121,28.46502,0.9770291447639465,0.09081651,0.0,nan,nan
Uformer + PathologyLoss,BraTS2021_00121,28.341997,0.9764045476913452,0.09174999,0.0,nan,nan
Uformer + PathologyLoss,BraTS2021_00121,28.509205,0.9756035208702087,0.09198203,0.0,nan,nan
Uformer + PathologyLoss,BraTS2021_00121,28.43044,0.9763709902763367,0.090969324,0.117096018735363,nan,nan
Uformer + PathologyLoss,BraTS2021_00121,28.473045,0.9755107164382935,0.09204953,0.10138248847926268,nan,nan
Uformer + PathologyLoss,BraTS2021_00121,28.395536,0.9764065742492676,0.091187485,0.16414686825053995,0.0,0.0
Uformer + PathologyLoss,BraTS2021_00121,28.745975,0.9785706996917725,0.08945667,0.7882822902796272,nan,nan
Uformer + PathologyLoss,BraTS2021_00121,29.011171,0.9786832928657532,0.089623265,0.9584736251402918,nan,nan
Uformer + PathologyLoss,BraTS2021_00121,28.93099,0.981553316116333,0.08555567,0.9373007438894793,nan,nan
Uformer + PathologyLoss,BraTS2021_00121,29.09765,0.9826152324676514,0.08401065,0.9394871794871795,nan,nan
Uformer + PathologyLoss,BraTS2021_00121,29.234901,0.9830684661865234,0.082328066,0.9446640316205533,nan,nan
Uformer + PathologyLoss,BraTS2021_00121,29.385702,0.98171067237854,0.08277983,0.9156398104265403,nan,nan
Uformer + PathologyLoss,BraTS2021_00121,29.593344,0.9822700619697571,0.08066507,0.9371884346959123,nan,nan
Uformer + PathologyLoss,BraTS2021_00121,29.726322,0.982518196105957,0.07892922,0.8633776091081594,nan,nan
Uformer + PathologyLoss,BraTS2021_00121,30.10892,0.9824803471565247,0.076640114,0.7562814070351759,nan,nan
Uformer + PathologyLoss,BraTS2021_00121,30.34182,0.9816862940788269,0.07445843,0.00963855421686747,nan,nan
Uformer + PathologyLoss,BraTS2021_00121,30.219671,0.9813945293426514,0.07313067,0.9054842473745625,nan,nan
Uformer + PathologyLoss,BraTS2021_00121,30.306969,0.9810254573822021,0.07265372,0.38565022421524664,nan,nan
Uformer + PathologyLoss,BraTS2021_00121,30.705894,0.9765555262565613,0.0710213,0.6814159292035398,nan,nan
Uformer + PathologyLoss,BraTS2021_00121,30.541279,0.9775052666664124,0.07136762,0.8431372549019608,nan,nan
Uformer + PathologyLoss,BraTS2021_00121,30.459423,0.9744517803192139,0.07209782,0.5904059040590406,nan,nan
Uformer + PathologyLoss,BraTS2021_00121,30.516468,0.974554717540741,0.07371388,0.9148936170212766,0.0,0.0
Uformer + PathologyLoss,BraTS2021_00121,30.136356,0.9756451845169067,0.07531391,0.623574144486692,0.0,0.0
Uformer + PathologyLoss,BraTS2021_00121,30.037401,0.976100742816925,0.07724213,0.29213483146067415,nan,nan
Uformer + PathologyLoss,BraTS2021_00121,29.594946,0.9766380190849304,0.08025904,0.0,nan,nan
Uformer + PathologyLoss,BraTS2021_00121,29.435638,0.9735264182090759,0.08275354,0.0,nan,nan
Uformer + PathologyLoss,BraTS2021_00121,29.382786,0.9698682427406311,0.08650338,0.0,nan,nan
Uformer + PathologyLoss,BraTS2021_00121,28.973436,0.9714437127113342,0.08752876,0.0,nan,nan
Uformer + PathologyLoss,BraTS2021_00121,28.965635,0.9730141758918762,0.08983727,0.0,nan,nan
Uformer + PathologyLoss,BraTS2021_00121,29.033766,0.9706366658210754,0.091749944,0.0,nan,nan
Uformer + PathologyLoss,BraTS2021_00121,28.557621,0.9725940823554993,0.09569804,0.0,nan,nan
Uformer + PathologyLoss,BraTS2021_00121,28.340082,0.9711200594902039,0.09733299,0.0,nan,nan
Uformer + PathologyLoss,BraTS2021_00121,28.127804,0.9717754125595093,0.101616934,0.0,nan,nan
Uformer + PathologyLoss,BraTS2021_00121,28.135216,0.9721790552139282,0.10476035,0.0,nan,nan
Uformer + PathologyLoss,BraTS2021_00121,27.9453,0.9758402705192566,0.10328036,0.0,nan,nan
Uformer + PathologyLoss,BraTS2021_00121,27.896687,0.9743092656135559,0.10832768,0.0,nan,nan
Uformer + PathologyLoss,BraTS2021_00121,27.514343,0.9768362641334534,0.10954196,0.0,nan,nan
Uformer + PathologyLoss,BraTS2021_00121,27.190647,0.9753594994544983,0.11540575,0.0,nan,nan
Uformer + PathologyLoss,BraTS2021_00123,30.067154,0.9854928851127625,0.11034404,0.19337606837606838,0.0,0.0
Uformer + PathologyLoss,BraTS2021_00123,30.423595,0.9851837158203125,0.10694095,0.4230769230769231,0.0,0.0
Uformer + PathologyLoss,BraTS2021_00123,30.310057,0.9855918288230896,0.10370171,0.29545454545454547,0.0,0.0
Uformer + PathologyLoss,BraTS2021_00123,30.555048,0.9857518076896667,0.100205794,0.5601851851851852,0.0,0.0
Uformer + PathologyLoss,BraTS2021_00123,30.878832,0.9867956042289734,0.094687894,0.5109004739336492,0.0,0.0
Uformer + PathologyLoss,BraTS2021_00123,30.423487,0.9836061000823975,0.10203796,0.6748603351955307,0.0,0.0
Uformer + PathologyLoss,BraTS2021_00123,30.511581,0.9843706488609314,0.09850238,0.6526610644257703,0.0,0.0
Uformer + PathologyLoss,BraTS2021_00123,30.521446,0.9841412305831909,0.097766355,0.7817360762669343,0.0,0.0
Uformer + PathologyLoss,BraTS2021_00123,30.855595,0.9849242568016052,0.09482852,0.8244654400795625,0.0,0.0
Uformer + PathologyLoss,BraTS2021_00123,30.289183,0.983329176902771,0.09820037,0.7385512073272273,0.0,0.0
Uformer + PathologyLoss,BraTS2021_00123,30.565586,0.9852144718170166,0.09363382,0.3912769972740616,0.0,0.0
Uformer + PathologyLoss,BraTS2021_00123,31.125326,0.9863584637641907,0.08943233,0.7612803702275357,0.0,0.0
Uformer + PathologyLoss,BraTS2021_00123,31.285679,0.9869821071624756,0.08600828,0.8001582904629996,0.0,0.0
Uformer + PathologyLoss,BraTS2021_00123,31.24514,0.9861339330673218,0.08886809,0.843432289548597,0.0,0.0
Uformer + PathologyLoss,BraTS2021_00123,31.14832,0.9872137904167175,0.08608792,0.7498281786941581,0.0,0.0
Uformer + PathologyLoss,BraTS2021_00123,31.21405,0.9873442053794861,0.084743775,0.7658270932607216,0.0,0.0
Uformer + PathologyLoss,BraTS2021_00123,30.75705,0.9857732653617859,0.08785412,0.7738456353218739,0.0,0.0
Uformer + PathologyLoss,BraTS2021_00123,29.929419,0.9798644781112671,0.09652896,0.7222222222222222,0.0,0.0
Uformer + PathologyLoss,BraTS2021_00123,29.128439,0.9717813730239868,0.10148415,0.6190259444697315,0.005915215248110417,0.0062413314840499305
Uformer + PathologyLoss,BraTS2021_00123,31.059961,0.9757673144340515,0.08083223,0.8278787878787879,0.0,0.0
Uformer + PathologyLoss,BraTS2021_00123,30.329014,0.9755167365074158,0.08295502,0.5715360030080843,0.02702702702702703,0.030232558139534883
Uformer + PathologyLoss,BraTS2021_00123,30.104597,0.973442018032074,0.08581053,0.6956521739130435,0.04421768707482993,0.07231638418079096
Uformer + PathologyLoss,BraTS2021_00123,29.93595,0.9702867269515991,0.08595129,0.6895940436092891,0.053629469122426866,0.06853582554517133
Uformer + PathologyLoss,BraTS2021_00123,29.96849,0.9677378535270691,0.08435351,0.6918117343649258,0.11416589002795899,0.12945838837516513
Uformer + PathologyLoss,BraTS2021_00123,30.201653,0.969407320022583,0.079826616,0.712396185788988,0.16560509554140126,0.18734429496761335
Uformer + PathologyLoss,BraTS2021_00123,30.52397,0.9686703085899353,0.07769345,0.7124876255126573,0.19081693500298152,0.19025716077775454
Uformer + PathologyLoss,BraTS2021_00123,30.745415,0.9715180993080139,0.07359224,0.8282208588957055,0.25455394675385334,0.2943396226415094
Uformer + PathologyLoss,BraTS2021_00123,30.374157,0.9669054746627808,0.079043776,0.8119795471146822,0.25327510917030566,0.2780804150453956
Uformer + PathologyLoss,BraTS2021_00123,30.47806,0.9702888131141663,0.07419023,0.7858849992970617,0.24989858012170385,0.24983592211769853
Uformer + PathologyLoss,BraTS2021_00123,30.523857,0.9734901189804077,0.0725356,0.7684051190312371,0.2651869158878505,0.26957637997432604
Uformer + PathologyLoss,BraTS2021_00123,31.499662,0.9785775542259216,0.06442758,0.784991568296796,0.32339762322228716,0.33481349911190056
Uformer + PathologyLoss,BraTS2021_00123,31.601467,0.9798759818077087,0.06413233,0.730883301096067,0.32833787465940056,0.31827477226250234
Uformer + PathologyLoss,BraTS2021_00123,31.682446,0.9818349480628967,0.062392924,0.8034425319267073,0.4055889772947797,0.43236345074017357
Uformer + PathologyLoss,BraTS2021_00123,31.718826,0.9810957908630371,0.064756095,0.7762817897456821,0.3827183385870573,0.3595505617977528
Uformer + PathologyLoss,BraTS2021_00123,31.202816,0.9815178513526917,0.06523951,0.7305596171739998,0.33817464586695356,0.31357289997711146
Uformer + PathologyLoss,BraTS2021_00123,31.034079,0.9823195934295654,0.06585157,0.7405989334062628,0.3448405253283302,0.3310344827586207
Uformer + PathologyLoss,BraTS2021_00123,30.934093,0.9824284315109253,0.067317724,0.7642416415554599,0.36021285304952927,0.40099781727471157
Uformer + PathologyLoss,BraTS2021_00123,31.485043,0.9836063981056213,0.06523434,0.7945857504090436,0.38799749947905815,0.39145496535796764
Uformer + PathologyLoss,BraTS2021_00123,31.55327,0.9828547835350037,0.06403013,0.763631090487239,0.3606299212598425,0.35047907211296014
Uformer + PathologyLoss,BraTS2021_00123,31.118694,0.983220636844635,0.06578159,0.7714079422382671,0.3863147605083089,0.3577400557385356
Uformer + PathologyLoss,BraTS2021_00123,31.137825,0.9827449321746826,0.066382594,0.8256333830104322,0.43659711075441415,0.35765616362631286
Uformer + PathologyLoss,BraTS2021_00123,31.289497,0.9835571646690369,0.06648331,0.8271900430828147,0.4382940108892922,0.4186202277294039
Uformer + PathologyLoss,BraTS2021_00123,30.81572,0.9837895035743713,0.06870813,0.8269461077844311,0.45503275759380585,0.3542265669925244
Uformer + PathologyLoss,BraTS2021_00123,31.293306,0.9845998883247375,0.067418605,0.8253447143795141,0.41574357765731795,0.43353028064992616
Uformer + PathologyLoss,BraTS2021_00123,31.370676,0.9841158986091614,0.06684464,0.8450029922202275,0.4745626382465313,0.3464033850493653
Uformer + PathologyLoss,BraTS2021_00123,31.298597,0.985490620136261,0.06651457,0.8230323892974495,0.4272866856766835,0.398543528632903
Uformer + PathologyLoss,BraTS2021_00123,30.781982,0.9850989580154419,0.069078445,0.8661029976940815,0.48447986577181207,0.42664725154714234
Uformer + PathologyLoss,BraTS2021_00123,31.335459,0.985176682472229,0.06742255,0.8535480624056366,0.4336372847011145,0.45596707818930043
Uformer + PathologyLoss,BraTS2021_00123,31.310368,0.9851576685905457,0.067379385,0.8795997417688831,0.48588661037394454,0.3969171483622351
Uformer + PathologyLoss,BraTS2021_00123,31.435379,0.986558735370636,0.06479951,0.8898067074178093,0.4824095165780815,0.4362276692978812
Uformer + PathologyLoss,BraTS2021_00123,31.488686,0.9873829483985901,0.06373682,0.8386508659981768,0.4455017301038062,0.38707386363636365
Uformer + PathologyLoss,BraTS2021_00123,31.936548,0.9874959588050842,0.060968146,0.8528443817583451,0.46549760874516055,0.47379169503063306
Uformer + PathologyLoss,BraTS2021_00123,31.716187,0.9874047636985779,0.061720446,0.8062703342206448,0.39896476209436593,0.37602552415679125
Uformer + PathologyLoss,BraTS2021_00123,32.313602,0.9867624044418335,0.059280504,0.8718867003092952,0.4453723034098817,0.4380232244126384
Uformer + PathologyLoss,BraTS2021_00123,32.17277,0.9878969192504883,0.058627542,0.7776298268974701,0.3531524341580207,0.32517182130584193
Uformer + PathologyLoss,BraTS2021_00123,32.269123,0.9884557723999023,0.05831514,0.7679450828234592,0.3287449392712551,0.3118231046931408
Uformer + PathologyLoss,BraTS2021_00123,32.17236,0.9880850911140442,0.058150977,0.6926586478639568,0.28029197080291973,0.2603224537947306
Uformer + PathologyLoss,BraTS2021_00123,32.805054,0.9873615503311157,0.057361796,0.8963898916967509,0.41105637657361793,0.44038525406841583
Uformer + PathologyLoss,BraTS2021_00123,32.51691,0.9867599606513977,0.056615345,0.7300119331742243,0.29508196721311475,0.2922134733158355
Uformer + PathologyLoss,BraTS2021_00123,32.601196,0.9863576889038086,0.058213104,0.8134914009016531,0.32489950342870655,0.34897206114918294
Uformer + PathologyLoss,BraTS2021_00123,32.68924,0.9848738312721252,0.060366377,0.8784810126582279,0.32776311931984753,0.39617292700212614
Uformer + PathologyLoss,BraTS2021_00123,32.636383,0.9848754405975342,0.059042215,0.8716022889842633,0.23269012485811577,0.24893746205221615
Uformer + PathologyLoss,BraTS2021_00123,32.792427,0.9826847314834595,0.05952727,0.8150742037685509,0.15299973801414724,0.1706604324956166
Uformer + PathologyLoss,BraTS2021_00123,33.013256,0.9834646582603455,0.05717519,0.9318137917712961,0.16049809754410238,0.23046092184368738
Uformer + PathologyLoss,BraTS2021_00123,33.074833,0.978279709815979,0.057680435,0.9621120515921,0.1601175174439956,0.18890814558058924
Uformer + PathologyLoss,BraTS2021_00123,32.930298,0.9774507284164429,0.0571672,0.9607238330248817,0.15677143965851767,0.18214771182600817
Uformer + PathologyLoss,BraTS2021_00123,32.8144,0.9760567545890808,0.05875952,0.9727409315303713,0.17282809611829944,0.22408627920910726
Uformer + PathologyLoss,BraTS2021_00123,32.747623,0.977171003818512,0.058422565,0.9722955145118733,0.11260587942202292,0.12121212121212122
Uformer + PathologyLoss,BraTS2021_00123,32.676064,0.9769517779350281,0.0584119,0.9548618908600943,0.0,0.0
Uformer + PathologyLoss,BraTS2021_00123,32.611954,0.9773396849632263,0.060201973,0.9111505997334518,0.0,0.0
Uformer + PathologyLoss,BraTS2021_00123,32.843952,0.9758245348930359,0.060497567,0.934661161039592,0.0,0.0
Uformer + PathologyLoss,BraTS2021_00123,32.623955,0.9769408106803894,0.06118587,0.9527874099759936,0.0,0.0
Uformer + PathologyLoss,BraTS2021_00123,32.778698,0.975936233997345,0.06317404,0.9679715302491103,0.0,0.0
Uformer + PathologyLoss,BraTS2021_00123,32.117928,0.9725172519683838,0.06818929,0.9486215538847118,0.0,0.0
Uformer + PathologyLoss,BraTS2021_00123,31.994802,0.9723833203315735,0.06911881,0.9422310756972112,0.0,0.0
Uformer + PathologyLoss,BraTS2021_00123,31.553928,0.9741677045822144,0.07235679,0.9318743381574303,0.0,0.0
Uformer + PathologyLoss,BraTS2021_00123,31.665756,0.9717366099357605,0.07238433,0.9396126091910368,0.0,0.0
Uformer + PathologyLoss,BraTS2021_00123,31.825104,0.970716118812561,0.0715996,0.9314079422382672,0.0,0.0
Uformer + PathologyLoss,BraTS2021_00123,31.489065,0.9686158895492554,0.07514488,0.9198489299202686,0.0,0.0
Uformer + PathologyLoss,BraTS2021_00123,30.809826,0.9652892351150513,0.0822184,0.8864042933810375,0.0,0.0
Uformer + PathologyLoss,BraTS2021_00123,30.625515,0.9668999910354614,0.08483688,0.8096362777515352,0.0,0.0
Uformer + PathologyLoss,BraTS2021_00123,30.292019,0.9665196537971497,0.087869234,0.755066589461494,0.020446096654275093,0.0
Uformer + PathologyLoss,BraTS2021_00123,30.570454,0.9665464162826538,0.089666314,0.5093035619351409,0.007107320540156361,0.0
Uformer + PathologyLoss,BraTS2021_00123,30.161697,0.9678768515586853,0.0930728,0.7233201581027668,0.015904572564612324,0.0
Uformer + PathologyLoss,BraTS2021_00123,29.611591,0.9652308821678162,0.102877416,0.5341745531019979,0.0,0.0
Uformer + PathologyLoss,BraTS2021_00128,31.223522,0.9905062317848206,0.08170529,0.19607843137254902,0.0,0.0
Uformer + PathologyLoss,BraTS2021_00128,30.890415,0.9903170466423035,0.082156256,0.2846270928462709,0.0,0.0
Uformer + PathologyLoss,BraTS2021_00128,30.969618,0.990291953086853,0.08168707,0.4786986831913246,0.0,0.0
Uformer + PathologyLoss,BraTS2021_00128,30.996378,0.99049311876297,0.080990195,0.40404040404040403,0.0,0.0
Uformer + PathologyLoss,BraTS2021_00128,30.82184,0.990497350692749,0.081177644,0.5097294731846227,0.0,0.0
Uformer + PathologyLoss,BraTS2021_00128,30.823648,0.9905495643615723,0.08134695,0.3602919708029197,0.0,0.0
Uformer + PathologyLoss,BraTS2021_00128,30.723343,0.99089515209198,0.079802565,0.3718383311603651,0.0,0.0
Uformer + PathologyLoss,BraTS2021_00128,30.691412,0.9908395409584045,0.080187514,0.5378316410088437,0.0,0.0
Uformer + PathologyLoss,BraTS2021_00128,30.388771,0.9901752471923828,0.08169029,0.4991652754590985,0.0,0.0
Uformer + PathologyLoss,BraTS2021_00128,30.691927,0.9910100698471069,0.07836997,0.5529549444119368,0.0,0.0
Uformer + PathologyLoss,BraTS2021_00128,30.73362,0.9909302592277527,0.07804241,0.47914645974781767,0.0,0.0
Uformer + PathologyLoss,BraTS2021_00128,30.425976,0.9904593825340271,0.07879183,0.6862745098039216,0.0,0.0
Uformer + PathologyLoss,BraTS2021_00128,30.2793,0.9900900721549988,0.07962121,0.5556377991611152,0.0,0.0
Uformer + PathologyLoss,BraTS2021_00128,30.942581,0.9910998940467834,0.07390124,0.7450980392156863,0.0,0.0
Uformer + PathologyLoss,BraTS2021_00128,30.75905,0.9906545281410217,0.075572796,0.8065618591934381,0.0,0.0
Uformer + PathologyLoss,BraTS2021_00128,30.745815,0.9906609058380127,0.074821584,0.7287721441661577,0.3694581280788177,0.3817663817663818
Uformer + PathologyLoss,BraTS2021_00128,30.48573,0.9900622367858887,0.07589895,0.7399876771410967,0.4380952380952381,0.4878048780487805
Uformer + PathologyLoss,BraTS2021_00128,30.278175,0.9882471561431885,0.078778505,0.8401667824878388,0.4715261958997722,0.5421133231240429
Uformer + PathologyLoss,BraTS2021_00128,30.389898,0.988067090511322,0.07684327,0.8404696132596685,0.5351851851851852,0.6274509803921569
Uformer + PathologyLoss,BraTS2021_00128,29.709068,0.9846218824386597,0.08312287,0.8969785220240262,0.8544378698224852,0.9046321525885559
Uformer + PathologyLoss,BraTS2021_00128,29.996964,0.9860522747039795,0.07871296,0.8709110094970102,0.8236808236808236,0.841688654353562
Uformer + PathologyLoss,BraTS2021_00128,29.982178,0.9859644174575806,0.076178804,0.8649415101028004,0.8609137055837564,0.8690228690228691
Uformer + PathologyLoss,BraTS2021_00128,30.264685,0.9859170317649841,0.07526877,0.8542181433109778,0.8362989323843416,0.845096241979835
Uformer + PathologyLoss,BraTS2021_00128,30.018377,0.9835051894187927,0.07724278,0.9017298490982701,0.8991517436380773,0.8914285714285715
Uformer + PathologyLoss,BraTS2021_00128,30.465393,0.9862847328186035,0.07190392,0.7902562480227776,0.8796366389099167,0.9227053140096618
Uformer + PathologyLoss,BraTS2021_00128,29.98451,0.9829173684120178,0.07617881,0.8401438378555084,0.8858181818181818,0.8922841864018335
Uformer + PathologyLoss,BraTS2021_00128,30.587658,0.9836801886558533,0.07250062,0.8514724711907811,0.9432878679109835,0.943695479777954
Uformer + PathologyLoss,BraTS2021_00128,30.404747,0.9820215106010437,0.07326523,0.8887480190174326,0.9671179883945842,0.9262490087232356
Uformer + PathologyLoss,BraTS2021_00128,30.620625,0.9848754405975342,0.06911466,0.863810930576071,0.9573170731707317,0.9150036954915004
Uformer + PathologyLoss,BraTS2021_00128,30.445864,0.9826329946517944,0.07097279,0.9036993540810335,0.9566294919454771,0.9285714285714286
Uformer + PathologyLoss,BraTS2021_00128,30.842505,0.9827017188072205,0.06917686,0.8976510067114094,0.9533445756042721,0.9300699300699301
Uformer + PathologyLoss,BraTS2021_00128,30.71831,0.9820168614387512,0.0669626,0.8918846050148288,0.9667036625971143,0.9374149659863945
Uformer + PathologyLoss,BraTS2021_00128,31.393034,0.9842942953109741,0.063287765,0.9150714478296037,0.9526881720430107,0.9240924092409241
Uformer + PathologyLoss,BraTS2021_00128,30.96497,0.982776403427124,0.06587096,0.9169899146625291,0.9274479959411466,0.8929889298892989
Uformer + PathologyLoss,BraTS2021_00128,30.988539,0.9834892153739929,0.06531609,0.910585305105853,0.96045197740113,0.9335863377609108
Uformer + PathologyLoss,BraTS2021_00128,31.34599,0.9854607582092285,0.06137902,0.8887290167865708,0.9448584202682563,0.9065533980582524
Uformer + PathologyLoss,BraTS2021_00128,31.436586,0.9850992560386658,0.06258865,0.9067118972619336,0.9148325358851674,0.8751445086705202
Uformer + PathologyLoss,BraTS2021_00128,31.317413,0.9857012033462524,0.061137564,0.8979885057471264,0.9422222222222222,0.8969194312796208
Uformer + PathologyLoss,BraTS2021_00128,31.333862,0.984453558921814,0.06361444,0.92,0.9410589410589411,0.8973747016706444
Uformer + PathologyLoss,BraTS2021_00128,31.653519,0.9850519299507141,0.062011223,0.9472631842039491,0.9625390218522373,0.9316546762589928
Uformer + PathologyLoss,BraTS2021_00128,31.730787,0.9862057566642761,0.060453657,0.938149430974765,0.9557333333333333,0.9231678486997635
Uformer + PathologyLoss,BraTS2021_00128,31.57275,0.9869035482406616,0.06091995,0.8995238095238095,0.970262390670554,0.9372937293729373
Uformer + PathologyLoss,BraTS2021_00128,31.650984,0.9856665730476379,0.062189348,0.9457831325301205,0.9484173505275498,0.9127086007702182
Uformer + PathologyLoss,BraTS2021_00128,31.745018,0.9858819246292114,0.05959884,0.9395535490343617,0.9420118343195266,0.9285714285714286
Uformer + PathologyLoss,BraTS2021_00128,31.973135,0.9842907786369324,0.061530977,0.9412658227848101,0.956575682382134,0.9368078175895765
Uformer + PathologyLoss,BraTS2021_00128,31.756994,0.9829162359237671,0.061937317,0.9415099201236795,0.9432759719566602,0.92904953145917
Uformer + PathologyLoss,BraTS2021_00128,31.708755,0.9835970997810364,0.062139273,0.9368805425143454,0.9668313338038109,0.9544787077826725
Uformer + PathologyLoss,BraTS2021_00128,31.663612,0.983969509601593,0.060963288,0.8829599798640826,0.9477503628447025,0.9341408024224073
Uformer + PathologyLoss,BraTS2021_00128,31.7668,0.9825538992881775,0.06258552,0.9175257731958762,0.9405487804878049,0.9269442262372348
Uformer + PathologyLoss,BraTS2021_00128,31.830938,0.9830936193466187,0.06338741,0.8958622604831991,0.9060240963855422,0.8990825688073395
Uformer + PathologyLoss,BraTS2021_00128,31.93165,0.985934317111969,0.061504014,0.8419889502762431,0.895870736086176,0.8788159111933395
Uformer + PathologyLoss,BraTS2021_00128,31.732868,0.9825537800788879,0.06501431,0.8617691154422789,0.7046153846153846,0.7978142076502732
Uformer + PathologyLoss,BraTS2021_00128,31.713095,0.9819508790969849,0.06539746,0.8509691769939625,0.8980526918671249,0.8660049627791563
Uformer + PathologyLoss,BraTS2021_00128,31.455769,0.9826435446739197,0.06725672,0.8104113110539846,0.8180574555403557,0.8402366863905325
Uformer + PathologyLoss,BraTS2021_00128,31.497278,0.9810693264007568,0.07002831,0.8303635067712045,0.8825622775800712,0.8835489833641405
Uformer + PathologyLoss,BraTS2021_00128,30.653748,0.9790796637535095,0.076120995,0.7765404602821084,0.832,0.8315565031982942
Uformer + PathologyLoss,BraTS2021_00128,31.01495,0.9814979434013367,0.072844975,0.7043824701195219,0.6474820143884892,0.6343825665859564
Uformer + PathologyLoss,BraTS2021_00128,30.952484,0.9798144102096558,0.0771161,0.691468253968254,0.4,0.4031620553359684
Uformer + PathologyLoss,BraTS2021_00128,30.865433,0.9818668365478516,0.07654317,0.5544554455445545,0.4666666666666667,0.4666666666666667
Uformer + PathologyLoss,BraTS2021_00128,30.838192,0.9816348552703857,0.07914511,0.5462667517549458,0.0,0.0
Uformer + PathologyLoss,BraTS2021_00128,30.616743,0.9808312058448792,0.08334618,0.521079258010118,nan,nan
Uformer + PathologyLoss,BraTS2021_00128,30.267838,0.9798204302787781,0.08612713,0.5627476882430648,nan,nan
Uformer + PathologyLoss,BraTS2021_00128,30.184326,0.9789373278617859,0.0893511,0.5566037735849056,nan,nan
Uformer + PathologyLoss,BraTS2021_00130,30.350979,0.9799472093582153,0.11951887,0.19767441860465115,nan,nan
Uformer + PathologyLoss,BraTS2021_00130,30.41698,0.9815502166748047,0.11320282,0.6604938271604939,nan,nan
Uformer + PathologyLoss,BraTS2021_00130,30.774763,0.9822150468826294,0.11032096,0.7221006564551422,nan,nan
Uformer + PathologyLoss,BraTS2021_00130,30.601448,0.9817905426025391,0.11116391,0.7075928917609047,0.0,0.0
Uformer + PathologyLoss,BraTS2021_00130,30.905884,0.9828961491584778,0.10702602,0.7864077669902912,0.8301886792452831,0.8301886792452831
Uformer + PathologyLoss,BraTS2021_00130,30.288654,0.9796107411384583,0.114854,0.9070331447049312,0.7114093959731543,0.6938775510204082
Uformer + PathologyLoss,BraTS2021_00130,29.892773,0.978168785572052,0.11672322,0.9092105263157895,0.7402135231316725,0.616822429906542
Uformer + PathologyLoss,BraTS2021_00130,29.98917,0.9776754379272461,0.114767276,0.9463358338141951,0.852112676056338,0.7649769585253456
Uformer + PathologyLoss,BraTS2021_00130,29.051453,0.9692178964614868,0.12578984,0.9375,0.7539936102236422,0.7129629629629629
Uformer + PathologyLoss,BraTS2021_00130,29.704128,0.9708623886108398,0.11433852,0.9370774830993239,0.8997289972899729,0.7096774193548387
Uformer + PathologyLoss,BraTS2021_00130,30.053944,0.9712693095207214,0.10781183,0.930161943319838,0.7828348504551366,0.559748427672956
Uformer + PathologyLoss,BraTS2021_00130,30.033934,0.9706416130065918,0.10422858,0.9457364341085271,0.8429561200923787,0.5973154362416108
Uformer + PathologyLoss,BraTS2021_00130,30.24857,0.9701457023620605,0.10124511,0.9475587703435805,0.9024630541871921,0.5912240184757506
Uformer + PathologyLoss,BraTS2021_00130,30.470963,0.9717470407485962,0.09486029,0.9258465495070725,0.8704845814977974,0.6183953033268101
Uformer + PathologyLoss,BraTS2021_00130,30.710781,0.9709556698799133,0.09300422,0.9622186495176849,0.9206586826347305,0.5323741007194245
Uformer + PathologyLoss,BraTS2021_00130,30.925768,0.970097541809082,0.09225447,0.9682974559686889,0.8960770818995183,0.7103960396039604
Uformer + PathologyLoss,BraTS2021_00130,30.692398,0.9703941345214844,0.08838232,0.9750862399386738,0.9175050301810865,0.6958579881656805
Uformer + PathologyLoss,BraTS2021_00130,30.788483,0.966994047164917,0.09031656,0.965227359572029,0.9078104993597952,0.6105990783410138
Uformer + PathologyLoss,BraTS2021_00130,30.809717,0.9651053547859192,0.09002608,0.9659048332708879,0.8945726762320648,0.5844004656577415
Uformer + PathologyLoss,BraTS2021_00130,31.143282,0.9678106904029846,0.085702874,0.9658213891951488,0.9045848822800495,0.5838359469240049
Uformer + PathologyLoss,BraTS2021_00130,31.277124,0.9716998338699341,0.08417445,0.958044509303174,0.9250614250614251,0.6469864698646987
Uformer + PathologyLoss,BraTS2021_00130,31.41474,0.9700904488563538,0.084203206,0.9467536928890415,0.8810214741729542,0.5726681127982647
Uformer + PathologyLoss,BraTS2021_00130,31.987505,0.9742018580436707,0.07979926,0.937394247038917,0.902122641509434,0.5894495412844036
Uformer + PathologyLoss,BraTS2021_00130,31.68337,0.9769230484962463,0.07866512,0.9540155440414507,0.8832035595105673,0.5951629863301787
Uformer + PathologyLoss,BraTS2021_00130,31.648933,0.9757617712020874,0.0804525,0.9386189258312021,0.8664495114006515,0.5296367112810707
Uformer + PathologyLoss,BraTS2021_00130,31.63491,0.9783914089202881,0.07885396,0.9404686510449651,0.9127292940522512,0.649890590809628
Uformer + PathologyLoss,BraTS2021_00130,31.41038,0.9770556688308716,0.080573104,0.9385718740255691,0.8956521739130435,0.6366559485530546
Uformer + PathologyLoss,BraTS2021_00130,31.406633,0.9757737517356873,0.08177814,0.9340385812072184,0.8536460989291178,0.5932047750229569
Uformer + PathologyLoss,BraTS2021_00130,31.507664,0.9754818081855774,0.08261786,0.9429027113237639,0.9014989293361885,0.5859750240153698
Uformer + PathologyLoss,BraTS2021_00130,31.46917,0.976105272769928,0.08169647,0.9394329896907216,0.8826933193056287,0.5567620927936822
Uformer + PathologyLoss,BraTS2021_00130,31.58524,0.976318359375,0.08074519,0.9322475570032573,0.8663546541861674,0.5358851674641149
Uformer + PathologyLoss,BraTS2021_00130,31.650028,0.9756829142570496,0.08231656,0.9343936381709742,0.856396866840731,0.5776173285198556
Uformer + PathologyLoss,BraTS2021_00130,31.549854,0.9770264029502869,0.081236064,0.9518716577540107,0.9424206815511164,0.7232237539766702
Uformer + PathologyLoss,BraTS2021_00130,31.827047,0.9766825437545776,0.080886886,0.9574468085106383,0.907809747504404,0.733739837398374
Uformer + PathologyLoss,BraTS2021_00130,31.779434,0.9766172170639038,0.08152414,0.9674824002681864,0.947565543071161,0.8455958549222798
Uformer + PathologyLoss,BraTS2021_00130,31.914654,0.9775941967964172,0.08006501,0.9635135135135136,0.9452672247263362,0.842497670083877
Uformer + PathologyLoss,BraTS2021_00130,31.933939,0.9777613282203674,0.08009743,0.9710096634455182,0.9062710721510452,0.8379888268156425
Uformer + PathologyLoss,BraTS2021_00130,31.901884,0.978338360786438,0.07899025,0.958655462184874,0.9426751592356688,0.8736532810969637
Uformer + PathologyLoss,BraTS2021_00130,31.8116,0.9786481857299805,0.07985516,0.9598650927487352,0.8920657612580415,0.7960741548527808
Uformer + PathologyLoss,BraTS2021_00130,31.851225,0.9786883592605591,0.08007404,0.9553571428571429,0.8665239114917915,0.7517401392111369
Uformer + PathologyLoss,BraTS2021_00130,32.15914,0.9791345000267029,0.07887603,0.9622641509433962,0.921875,0.8284182305630027
Uformer + PathologyLoss,BraTS2021_00130,31.875542,0.9786161780357361,0.079674475,0.9677642980935875,0.9356153219233904,0.845360824742268
Uformer + PathologyLoss,BraTS2021_00130,32.20674,0.9791744947433472,0.078751676,0.9366819950477538,0.9108061749571184,0.8168557536466775
Uformer + PathologyLoss,BraTS2021_00130,32.3743,0.9817551970481873,0.07458281,0.9518935516888434,0.9508506616257089,0.8682170542635659
Uformer + PathologyLoss,BraTS2021_00130,32.64964,0.9827538132667542,0.073257074,0.9611780455153949,0.8962350780532599,0.8076923076923077
Uformer + PathologyLoss,BraTS2021_00130,32.821526,0.9838022589683533,0.072950475,0.9319516407599309,0.9098196392785571,0.7865961199294532
Uformer + PathologyLoss,BraTS2021_00130,32.824295,0.9843952655792236,0.071395345,0.9600271002710027,0.8611670020120724,0.779050736497545
Uformer + PathologyLoss,BraTS2021_00130,33.165012,0.9847874641418457,0.07150608,0.9264653641207815,0.8880105401844532,0.8456659619450317
Uformer + PathologyLoss,BraTS2021_00130,33.04908,0.9850483536720276,0.069994144,0.9541740674955596,0.8212435233160622,0.7614035087719299
Uformer + PathologyLoss,BraTS2021_00130,33.226273,0.9831038117408752,0.07217915,0.9657992565055762,0.8794992175273866,0.833976833976834
Uformer + PathologyLoss,BraTS2021_00130,33.66173,0.9842777848243713,0.068645306,0.9685009487666034,0.8950086058519794,0.8802946593001841
Uformer + PathologyLoss,BraTS2021_00130,33.733913,0.9825186133384705,0.069605745,0.9637426900584796,0.8368794326241135,0.8401486988847584
Uformer + PathologyLoss,BraTS2021_00130,33.74221,0.9815238118171692,0.06978373,0.9611307420494699,0.8752941176470588,0.835820895522388
Uformer + PathologyLoss,BraTS2021_00130,34.074627,0.9824708700180054,0.0667734,0.9632952691680261,0.42574257425742573,0.5591397849462365
Uformer + PathologyLoss,BraTS2021_00130,33.891903,0.981511652469635,0.067238756,0.9598360655737705,0.15789473684210525,0.17142857142857143
Uformer + PathologyLoss,BraTS2021_00130,33.93819,0.9793137311935425,0.06821005,0.9557302441042614,nan,nan
Uformer + PathologyLoss,BraTS2021_00130,34.21598,0.9794619083404541,0.06625724,0.9653767820773931,0.0,0.0
Uformer + PathologyLoss,BraTS2021_00130,34.113293,0.9783793091773987,0.068514846,0.9635220125786164,0.0,0.0
Uformer + PathologyLoss,BraTS2021_00130,34.174343,0.975372850894928,0.06870722,0.9689820882481432,0.0,0.0
Uformer + PathologyLoss,BraTS2021_00130,33.669884,0.9733861684799194,0.07241736,0.9685767097966729,nan,nan
Uformer + PathologyLoss,BraTS2021_00130,33.747223,0.972734272480011,0.072485216,0.9724238026124818,nan,nan
Uformer + PathologyLoss,BraTS2021_00130,33.56973,0.973818838596344,0.07463997,0.9688796680497925,nan,nan
Uformer + PathologyLoss,BraTS2021_00130,33.548264,0.9689438343048096,0.07555767,0.9706696181516326,nan,nan
Uformer + PathologyLoss,BraTS2021_00130,33.408646,0.9678613543510437,0.07943216,0.9631828978622328,nan,nan
Uformer + PathologyLoss,BraTS2021_00130,33.36884,0.9700366854667664,0.078892685,0.9607476635514018,nan,nan
Uformer + PathologyLoss,BraTS2021_00130,32.837826,0.9589921236038208,0.08530619,0.9554817275747508,nan,nan
Uformer + PathologyLoss,BraTS2021_00130,32.847584,0.957811176776886,0.08801549,0.9448476052249637,nan,nan
Uformer + PathologyLoss,BraTS2021_00130,32.475266,0.9535613059997559,0.091574855,0.8655172413793103,nan,nan
Uformer + PathologyLoss,BraTS2021_00130,32.349464,0.9571532011032104,0.09490995,0.8562564632885212,nan,nan
Uformer + PathologyLoss,BraTS2021_00130,31.967812,0.9573880434036255,0.09586541,0.8671679197994987,nan,nan
Uformer + PathologyLoss,BraTS2021_00130,32.01733,0.957069993019104,0.099635005,0.5752895752895753,nan,nan
Uformer + PathologyLoss,BraTS2021_00130,31.784155,0.9571143984794617,0.104769975,0.4370179948586118,nan,nan
Uformer + PathologyLoss,BraTS2021_00130,31.585842,0.9579726457595825,0.10705011,0.23574144486692014,nan,nan
Uformer + PathologyLoss,BraTS2021_00130,31.278822,0.9562718272209167,0.11428665,0.0,nan,nan
Uformer + PathologyLoss,BraTS2021_00130,31.282318,0.9587936997413635,0.11470625,0.0,nan,nan
Uformer + PathologyLoss,BraTS2021_00137,30.82685,0.9839653968811035,0.13041218,nan,nan,nan
Uformer + PathologyLoss,BraTS2021_00137,30.428953,0.9843106865882874,0.1268064,0.2222222222222222,0.2222222222222222,0.22727272727272727
Uformer + PathologyLoss,BraTS2021_00137,30.23483,0.9833824038505554,0.1268937,0.2684563758389262,0.2602739726027397,0.2714285714285714
Uformer + PathologyLoss,BraTS2021_00137,29.987316,0.9826578497886658,0.12714629,0.458128078817734,0.40268456375838924,0.4392156862745098
Uformer + PathologyLoss,BraTS2021_00137,29.962105,0.9816789031028748,0.1253697,0.5870967741935483,0.5870445344129555,0.634020618556701
Uformer + PathologyLoss,BraTS2021_00137,29.498833,0.9790534973144531,0.13017517,0.7255520504731862,0.652931854199683,0.6485507246376812
Uformer + PathologyLoss,BraTS2021_00137,30.230766,0.9827591180801392,0.1126775,0.8095238095238095,0.6931216931216931,0.6876971608832808
Uformer + PathologyLoss,BraTS2021_00137,30.05079,0.9819110035896301,0.11326754,0.8291098115659519,0.6887700534759358,0.6941747572815534
Uformer + PathologyLoss,BraTS2021_00137,30.889673,0.9849836230278015,0.10024922,0.8420507509062661,0.8458942632170978,0.8394768133174791
Uformer + PathologyLoss,BraTS2021_00137,31.090956,0.9863665103912354,0.09642137,0.9064532266133066,0.8409090909090909,0.8304498269896193
Uformer + PathologyLoss,BraTS2021_00137,30.965393,0.9865646958351135,0.095525935,0.9087640449438202,0.8941176470588236,0.8805815160955348
Uformer + PathologyLoss,BraTS2021_00137,31.265892,0.9875878691673279,0.09300037,0.9318085556967387,0.8828337874659401,0.8610837438423645
Uformer + PathologyLoss,BraTS2021_00137,31.383545,0.9885213971138,0.08958253,0.9266521423384169,0.868421052631579,0.8315602836879432
Uformer + PathologyLoss,BraTS2021_00137,31.287565,0.9886812567710876,0.08959007,0.9201751431458404,0.9247491638795987,0.8872727272727273
Uformer + PathologyLoss,BraTS2021_00137,31.32519,0.9892787337303162,0.08758332,0.9345430978613092,0.9218500797448166,0.8780903665814151
Uformer + PathologyLoss,BraTS2021_00137,31.365183,0.9892356991767883,0.087737985,0.9329268292682927,0.9390048154093098,0.9049621530698065
Uformer + PathologyLoss,BraTS2021_00137,31.647043,0.9903009533882141,0.085052595,0.9522968197879859,0.9046153846153846,0.8773055332798717
Uformer + PathologyLoss,BraTS2021_00137,30.906677,0.9886463284492493,0.09161853,0.9488966318234611,0.9227202472952086,0.8991121872477804
Uformer + PathologyLoss,BraTS2021_00137,29.161991,0.9821497797966003,0.10857251,0.9612756264236902,0.9605055292259084,0.9347826086956522
Uformer + PathologyLoss,BraTS2021_00137,28.77485,0.9792143702507019,0.11196441,0.9690489589195272,0.9289454001495886,0.9085123309466985
Uformer + PathologyLoss,BraTS2021_00137,28.789282,0.9784600734710693,0.10866324,0.9558591697320021,0.9252615844544095,0.9035369774919614
Uformer + PathologyLoss,BraTS2021_00137,28.546352,0.9758152961730957,0.10785137,0.9750459679537694,0.8643356643356643,0.8659003831417624
Uformer + PathologyLoss,BraTS2021_00137,29.161348,0.9767352342605591,0.097927846,0.9398067872182314,0.9059955588452998,0.897047086991221
Uformer + PathologyLoss,BraTS2021_00137,28.775785,0.9749928712844849,0.099761404,0.9594059405940594,0.9338461538461539,0.9248945147679325
Uformer + PathologyLoss,BraTS2021_00137,29.122866,0.971457302570343,0.096614525,0.9193548387096774,0.9291217257318952,0.9325259515570934
Uformer + PathologyLoss,BraTS2021_00137,29.643253,0.9745774269104004,0.08941334,0.9207631874298541,0.8027027027027027,0.925764192139738
Uformer + PathologyLoss,BraTS2021_00137,29.994041,0.974124550819397,0.08451008,0.9613349613349613,0.9332220367278798,0.940959409594096
Uformer + PathologyLoss,BraTS2021_00137,30.257719,0.9759609699249268,0.079455696,0.9702194357366771,0.6658668266346731,0.8917910447761194
Uformer + PathologyLoss,BraTS2021_00137,30.816723,0.9802369475364685,0.072474934,0.9640287769784173,0.5852823730747291,0.8906098741529526
Uformer + PathologyLoss,BraTS2021_00137,31.184633,0.981232762336731,0.06931621,0.9655694286795309,0.5198193677872553,0.8753462603878116
Uformer + PathologyLoss,BraTS2021_00137,31.101282,0.9793534874916077,0.07129687,0.9618746512925423,0.759018759018759,0.9154795821462488
Uformer + PathologyLoss,BraTS2021_00137,31.448536,0.981942892074585,0.06624233,0.979607250755287,0.46975717439293596,0.8620689655172413
Uformer + PathologyLoss,BraTS2021_00137,31.373081,0.980613112449646,0.06780096,0.9699539170506912,0.8531775018261505,0.8907563025210085
Uformer + PathologyLoss,BraTS2021_00137,31.79152,0.9811822772026062,0.065188274,0.9742268041237113,0.8695014662756598,0.9087837837837838
Uformer + PathologyLoss,BraTS2021_00137,31.817982,0.980449378490448,0.0647147,0.9770736253494874,0.5604914933837429,0.8484848484848485
Uformer + PathologyLoss,BraTS2021_00137,31.97567,0.979912519454956,0.06475461,0.9722902921771913,0.6535269709543569,0.8617886178861789
Uformer + PathologyLoss,BraTS2021_00137,31.8921,0.9792261719703674,0.06543525,0.9716051767432876,0.7943174799258802,0.8812316715542522
Uformer + PathologyLoss,BraTS2021_00137,31.809452,0.980086088180542,0.06519207,0.9772273272073512,0.7422920302501455,0.918960244648318
Uformer + PathologyLoss,BraTS2021_00137,31.92338,0.9801889061927795,0.06495225,0.9745676500508647,0.743801652892562,0.865979381443299
Uformer + PathologyLoss,BraTS2021_00137,32.029427,0.9772719740867615,0.065464966,0.9752171150180047,0.7150199885779555,0.882664647993944
Uformer + PathologyLoss,BraTS2021_00137,31.7145,0.979775071144104,0.0657433,0.9672788684821617,0.6738312735088662,0.8487031700288185
Uformer + PathologyLoss,BraTS2021_00137,31.854517,0.976929247379303,0.06609386,0.9819144243493604,0.6621124540199684,0.9029345372460497
Uformer + PathologyLoss,BraTS2021_00137,32.05067,0.9777597188949585,0.065695845,0.9768695261621378,0.6407061266874351,0.8708272859216255
Uformer + PathologyLoss,BraTS2021_00137,31.94173,0.9801777601242065,0.06468874,0.9747626765454966,0.7043731778425656,0.9204368174726989
Uformer + PathologyLoss,BraTS2021_00137,32.15979,0.9780867099761963,0.065097086,0.9779798946864529,0.8571428571428571,0.9206868356500408
Uformer + PathologyLoss,BraTS2021_00137,32.004387,0.9788452386856079,0.0652242,0.9805542051531356,0.9106382978723404,0.9201053555750659
Uformer + PathologyLoss,BraTS2021_00137,32.02283,0.9797824025154114,0.06403405,0.9773622047244095,0.913894324853229,0.9167502507522568
Uformer + PathologyLoss,BraTS2021_00137,32.093296,0.9776792526245117,0.06477841,0.9727587914809311,0.6036101083032491,0.7617295308187673
Uformer + PathologyLoss,BraTS2021_00137,32.10549,0.9783719778060913,0.06448935,0.9760204081632653,0.7220683287165282,0.9193154034229829
Uformer + PathologyLoss,BraTS2021_00137,32.180676,0.9788663983345032,0.06333013,0.9784583441474176,0.6825232678386763,0.8968481375358166
Uformer + PathologyLoss,BraTS2021_00137,32.360603,0.980631411075592,0.06219639,0.9829787234042553,0.46123260437375746,0.7625649913344887
Uformer + PathologyLoss,BraTS2021_00137,32.518364,0.978737473487854,0.061784927,0.9617749264902432,0.23496762257169287,0.5177453027139874
Uformer + PathologyLoss,BraTS2021_00137,32.78283,0.9784688353538513,0.06172415,0.9623893805309734,0.0,0.0
Uformer + PathologyLoss,BraTS2021_00137,32.802185,0.9780421853065491,0.061003596,0.9649376992176181,0.0,0.0
Uformer + PathologyLoss,BraTS2021_00137,32.88949,0.9781643152236938,0.05889969,0.9538274605103281,nan,nan
Uformer + PathologyLoss,BraTS2021_00137,32.94091,0.9770723581314087,0.060198594,0.9635366247176509,0.0,0.0
Uformer + PathologyLoss,BraTS2021_00137,32.737545,0.9752120971679688,0.060823526,0.9394145677331518,0.0,0.0
Uformer + PathologyLoss,BraTS2021_00137,32.658253,0.9749982953071594,0.06302807,0.9656432748538012,0.0,0.0
Uformer + PathologyLoss,BraTS2021_00137,32.70361,0.9729445576667786,0.062189016,0.9499806126405583,0.0,0.0
Uformer + PathologyLoss,BraTS2021_00137,32.654346,0.9716334342956543,0.06409003,0.964527027027027,0.0,0.0
Uformer + PathologyLoss,BraTS2021_00137,32.634308,0.9691022634506226,0.06432961,0.9610627576729271,0.0,0.0
Uformer + PathologyLoss,BraTS2021_00137,32.455612,0.9692575335502625,0.06446578,0.949667616334283,0.0,0.0
Uformer + PathologyLoss,BraTS2021_00137,32.85209,0.9675480723381042,0.06304983,0.9516460905349794,0.0,0.0
Uformer + PathologyLoss,BraTS2021_00137,32.72153,0.962970495223999,0.06501292,0.963407973784817,0.0,0.0
Uformer + PathologyLoss,BraTS2021_00137,32.733932,0.9574135541915894,0.06663646,0.9591346153846154,nan,nan
Uformer + PathologyLoss,BraTS2021_00137,32.663864,0.9549479484558105,0.066611275,0.9587559161595672,0.0,0.0
Uformer + PathologyLoss,BraTS2021_00137,32.47873,0.9532104134559631,0.06879151,0.9544764795144158,0.0,0.0
Uformer + PathologyLoss,BraTS2021_00137,32.433723,0.9541074633598328,0.07038823,0.9025270758122743,0.0,0.0
Uformer + PathologyLoss,BraTS2021_00137,32.10926,0.9553500413894653,0.071672,0.3881278538812785,nan,nan
