method,subject,psnr,ssim,nrmse,dice_wt,dice_tc,dice_et
PP-MAE-v2 (mask-free) [PROPOSED],BraTS2021_00002,26.048195,0.9140084385871887,0.3232801,0.006535947712418301,nan,nan
PP-MAE-v2 (mask-free) [PROPOSED],BraTS2021_00002,25.467968,0.9099074602127075,0.3261635,0.0,nan,nan
PP-MAE-v2 (mask-free) [PROPOSED],BraTS2021_00002,25.375387,0.8984081745147705,0.32842353,0.0,nan,nan
PP-MAE-v2 (mask-free) [PROPOSED],BraTS2021_00002,25.836937,0.9188589453697205,0.2953969,0.08304498269896193,nan,nan
PP-MAE-v2 (mask-free) [PROPOSED],BraTS2021_00002,25.498825,0.9156116247177124,0.2953491,0.8951048951048951,nan,nan
PP-MAE-v2 (mask-free) [PROPOSED],BraTS2021_00002,25.724909,0.9137064218521118,0.28789076,0.7244444444444444,nan,nan
PP-MAE-v2 (mask-free) [PROPOSED],BraTS2021_00002,24.782364,0.9009154438972473,0.30570158,0.8538587848932676,nan,nan
PP-MAE-v2 (mask-free) [PROPOSED],BraTS2021_00002,23.766144,0.8762617707252502,0.3307749,0.819371727748691,nan,nan
PP-MAE-v2 (mask-free) [PROPOSED],BraTS2021_00002,24.733849,0.8950941562652588,0.28718483,0.863030303030303,nan,nan
PP-MAE-v2 (mask-free) [PROPOSED],BraTS2021_00002,24.272568,0.892366349697113,0.29246244,0.8100092678405931,nan,nan
PP-MAE-v2 (mask-free) [PROPOSED],BraTS2021_00002,23.818789,0.8803750276565552,0.29741544,0.7623862487360971,nan,nan
PP-MAE-v2 (mask-free) [PROPOSED],BraTS2021_00002,24.428967,0.8895143270492554,0.27829432,0.8558797524314765,nan,nan
PP-MAE-v2 (mask-free) [PROPOSED],BraTS2021_00002,24.206736,0.8812447190284729,0.27386582,0.8823993685872139,nan,nan
PP-MAE-v2 (mask-free) [PROPOSED],BraTS2021_00002,24.252748,0.8754873871803284,0.2714734,0.8661538461538462,0.0,0.0
PP-MAE-v2 (mask-free) [PROPOSED],BraTS2021_00002,24.560444,0.8868584036827087,0.256349,0.8386206896551724,0.0,0.0
PP-MAE-v2 (mask-free) [PROPOSED],BraTS2021_00002,24.59134,0.8900936245918274,0.25021783,0.7012765957446808,nan,nan
PP-MAE-v2 (mask-free) [PROPOSED],BraTS2021_00002,24.548779,0.8802880644798279,0.25579736,0.6155129274395329,nan,nan
PP-MAE-v2 (mask-free) [PROPOSED],BraTS2021_00002,24.11615,0.8783456683158875,0.2643003,0.5535055350553506,nan,nan
PP-MAE-v2 (mask-free) [PROPOSED],BraTS2021_00002,23.713005,0.8549100756645203,0.2835304,0.15795868772782504,nan,nan
PP-MAE-v2 (mask-free) [PROPOSED],BraTS2021_00002,24.251396,0.8840072154998779,0.25508082,0.629045643153527,0.0,0.0
PP-MAE-v2 (mask-free) [PROPOSED],BraTS2021_00002,23.70928,0.8572351932525635,0.27538213,0.4231943031536114,0.0,0.0
PP-MAE-v2 (mask-free) [PROPOSED],BraTS2021_00002,23.42124,0.8424989581108093,0.2727542,0.6795413397706699,0.0,0.0
PP-MAE-v2 (mask-free) [PROPOSED],BraTS2021_00002,22.864225,0.813809871673584,0.2816046,0.7442383361439011,0.0,0.0
PP-MAE-v2 (mask-free) [PROPOSED],BraTS2021_00002,23.094799,0.8060153126716614,0.26441407,0.6836734693877551,0.0,0.0
PP-MAE-v2 (mask-free) [PROPOSED],BraTS2021_00002,24.158806,0.8357501029968262,0.24005343,0.6886205634833517,0.0,0.0
PP-MAE-v2 (mask-free) [PROPOSED],BraTS2021_00002,24.32623,0.8391704559326172,0.22889248,0.7584905660377359,0.0,0.0
PP-MAE-v2 (mask-free) [PROPOSED],BraTS2021_00002,24.010809,0.8241826295852661,0.233193,0.7808941960566509,0.0,0.0
PP-MAE-v2 (mask-free) [PROPOSED],BraTS2021_00002,23.809488,0.8265707492828369,0.2291915,0.5529081990189209,nan,nan
PP-MAE-v2 (mask-free) [PROPOSED],BraTS2021_00002,24.600464,0.8301166892051697,0.2156793,0.0,0.0,0.0
PP-MAE-v2 (mask-free) [PROPOSED],BraTS2021_00002,25.049328,0.8595532178878784,0.2001164,0.5798024848677923,0.19161676646706588,0.19161676646706588
PP-MAE-v2 (mask-free) [PROPOSED],BraTS2021_00002,24.961893,0.8530091643333435,0.20193616,0.6381418092909535,0.4282238442822384,0.4282238442822384
PP-MAE-v2 (mask-free) [PROPOSED],BraTS2021_00002,25.409563,0.8805915117263794,0.18880673,0.6489308801591248,0.5274336283185841,0.5488029465930019
PP-MAE-v2 (mask-free) [PROPOSED],BraTS2021_00002,25.188171,0.8728132247924805,0.18982154,0.5673940949935815,0.20465116279069767,0.20465116279069767
PP-MAE-v2 (mask-free) [PROPOSED],BraTS2021_00002,25.095104,0.890978991985321,0.18755005,0.9010649261422191,0.421259842519685,0.3391304347826087
PP-MAE-v2 (mask-free) [PROPOSED],BraTS2021_00002,25.055735,0.8756078481674194,0.19312112,0.5007385524372231,0.23504273504273504,0.16143497757847533
PP-MAE-v2 (mask-free) [PROPOSED],BraTS2021_00002,25.283108,0.8872040510177612,0.18692744,0.5711964249441398,0.265989847715736,0.28896473265073946
PP-MAE-v2 (mask-free) [PROPOSED],BraTS2021_00002,24.61345,0.8823077082633972,0.19052991,0.5127242386316229,0.1264069264069264,0.14943705220061412
PP-MAE-v2 (mask-free) [PROPOSED],BraTS2021_00002,24.410454,0.8706136345863342,0.20188041,0.5538847117794486,0.10008071025020178,0.1111111111111111
PP-MAE-v2 (mask-free) [PROPOSED],BraTS2021_00002,25.086462,0.8936424851417542,0.1849605,0.6768128916741272,0.545543584720862,0.44138755980861244
PP-MAE-v2 (mask-free) [PROPOSED],BraTS2021_00002,24.590603,0.8884276747703552,0.1906448,0.6761280931586608,0.7721782590587255,0.6901027582477015
PP-MAE-v2 (mask-free) [PROPOSED],BraTS2021_00002,24.906616,0.9018533825874329,0.18356505,0.8504241702634321,0.7730337078651686,0.6601239669421488
PP-MAE-v2 (mask-free) [PROPOSED],BraTS2021_00002,25.201847,0.9181519150733948,0.17551951,0.848423488573908,0.7655203215721305,0.6761710794297352
PP-MAE-v2 (mask-free) [PROPOSED],BraTS2021_00002,24.619484,0.891892671585083,0.18853596,0.7170923379174853,0.6907742234585071,0.7098515519568152
PP-MAE-v2 (mask-free) [PROPOSED],BraTS2021_00002,25.214884,0.9126884937286377,0.17195159,0.8099472494348153,0.8809201623815968,0.6459627329192547
PP-MAE-v2 (mask-free) [PROPOSED],BraTS2021_00002,25.327072,0.9210952520370483,0.17038319,0.8812542603953647,0.6286902286902287,0.4383561643835616
PP-MAE-v2 (mask-free) [PROPOSED],BraTS2021_00002,25.647926,0.925175130367279,0.16229507,0.9095951192457016,0.6415725637808448,0.5259313367421475
PP-MAE-v2 (mask-free) [PROPOSED],BraTS2021_00002,25.356884,0.9283327460289001,0.16270275,0.8529929577464789,0.7494108405341713,0.525828835774865
PP-MAE-v2 (mask-free) [PROPOSED],BraTS2021_00002,25.13053,0.9162114858627319,0.17138335,0.870231346713651,0.8637612877895563,0.6411985018726591
PP-MAE-v2 (mask-free) [PROPOSED],BraTS2021_00002,24.691565,0.9113616943359375,0.1785627,0.8699799969226035,0.7340764331210191,0.6095505617977528
PP-MAE-v2 (mask-free) [PROPOSED],BraTS2021_00002,25.057123,0.9233601093292236,0.16861744,0.9252890601838126,0.8998137802607077,0.7264957264957265
PP-MAE-v2 (mask-free) [PROPOSED],BraTS2021_00002,25.75407,0.9334880113601685,0.15729173,0.9261160367086638,0.9127565982404692,0.7387387387387387
PP-MAE-v2 (mask-free) [PROPOSED],BraTS2021_00002,25.41749,0.9283581972122192,0.16264327,0.8972670398419493,0.891996891996892,0.7002967359050445
PP-MAE-v2 (mask-free) [PROPOSED],BraTS2021_00002,25.03649,0.9324896335601807,0.16628209,0.9209872453205235,0.8588281557215887,0.5973451327433629
PP-MAE-v2 (mask-free) [PROPOSED],BraTS2021_00002,24.85341,0.9268466234207153,0.16914034,0.929493545183714,0.9087119633180492,0.7596899224806202
PP-MAE-v2 (mask-free) [PROPOSED],BraTS2021_00002,25.929613,0.9360880851745605,0.15465471,0.9166962070187876,0.8073807380738074,0.6906474820143885
PP-MAE-v2 (mask-free) [PROPOSED],BraTS2021_00002,26.16125,0.9449743032455444,0.14879154,0.917014526632159,0.851921274601687,0.7061252580867171
PP-MAE-v2 (mask-free) [PROPOSED],BraTS2021_00002,25.930307,0.942818284034729,0.15266095,0.8836796306162316,0.8204283360790774,0.6661619984859954
PP-MAE-v2 (mask-free) [PROPOSED],BraTS2021_00002,26.207916,0.9462438821792603,0.1505732,0.9371614301191766,0.7454890788224121,0.6533864541832669
PP-MAE-v2 (mask-free) [PROPOSED],BraTS2021_00002,25.734543,0.9419243931770325,0.15748924,0.9134107708553326,0.6663507109004739,0.5738562091503268
PP-MAE-v2 (mask-free) [PROPOSED],BraTS2021_00002,26.718542,0.9536279439926147,0.13979737,0.9282930631332814,0.8223911541119557,0.7101827676240209
PP-MAE-v2 (mask-free) [PROPOSED],BraTS2021_00002,26.037798,0.9468298554420471,0.1501652,0.9374652069029504,0.6635388739946381,0.6392294220665499
PP-MAE-v2 (mask-free) [PROPOSED],BraTS2021_00002,26.689789,0.9526857733726501,0.14125334,0.9440533530937384,0.5514018691588785,0.5777777777777777
PP-MAE-v2 (mask-free) [PROPOSED],BraTS2021_00002,26.984842,0.9559906125068665,0.13486394,0.9311756677714954,0.8297142857142857,0.782608695652174
PP-MAE-v2 (mask-free) [PROPOSED],BraTS2021_00002,26.394434,0.9505375027656555,0.14458321,0.9415768576290414,0.6739367502726281,0.6767295597484276
PP-MAE-v2 (mask-free) [PROPOSED],BraTS2021_00002,25.992468,0.9441885352134705,0.15622468,0.9447040498442367,0.8140556368960469,0.7906976744186046
PP-MAE-v2 (mask-free) [PROPOSED],BraTS2021_00002,26.982462,0.9460234045982361,0.14721303,0.9524191929331459,0.724233983286908,0.7376311844077961
PP-MAE-v2 (mask-free) [PROPOSED],BraTS2021_00002,26.972893,0.9461631774902344,0.14360203,0.9495849362219073,0.5399239543726235,0.6782006920415224
PP-MAE-v2 (mask-free) [PROPOSED],BraTS2021_00002,27.180359,0.9479122757911682,0.14061424,0.9490162894013117,0.7066381156316917,0.7203791469194313
PP-MAE-v2 (mask-free) [PROPOSED],BraTS2021_00002,27.352554,0.9462407231330872,0.1410304,0.9385964912280702,0.72,0.751937984496124
PP-MAE-v2 (mask-free) [PROPOSED],BraTS2021_00002,26.814941,0.9420880079269409,0.148206,0.9303994259746472,0.6211180124223602,0.6125
PP-MAE-v2 (mask-free) [PROPOSED],BraTS2021_00002,26.229246,0.9276248216629028,0.16641673,0.9200626959247649,0.7457627118644068,0.7457627118644068
PP-MAE-v2 (mask-free) [PROPOSED],BraTS2021_00002,26.237782,0.932830274105072,0.16239373,0.9467319320472214,0.0,0.0
PP-MAE-v2 (mask-free) [PROPOSED],BraTS2021_00002,26.003983,0.9249230027198792,0.16529779,0.955849178214631,nan,nan
PP-MAE-v2 (mask-free) [PROPOSED],BraTS2021_00002,25.901241,0.9276852607727051,0.16843595,0.9364525139664804,nan,nan
PP-MAE-v2 (mask-free) [PROPOSED],BraTS2021_00002,26.22504,0.935399055480957,0.16179411,0.932068311195446,nan,nan
PP-MAE-v2 (mask-free) [PROPOSED],BraTS2021_00002,25.940077,0.9276250004768372,0.17086603,0.9013507981989357,nan,nan
PP-MAE-v2 (mask-free) [PROPOSED],BraTS2021_00002,24.547527,0.8989171385765076,0.19984755,0.9375,nan,nan
PP-MAE-v2 (mask-free) [PROPOSED],BraTS2021_00002,25.180017,0.9086356163024902,0.19311321,0.9263157894736842,nan,nan
PP-MAE-v2 (mask-free) [PROPOSED],BraTS2021_00002,25.275105,0.8945505619049072,0.20001757,0.9025221540558964,nan,nan
PP-MAE-v2 (mask-free) [PROPOSED],BraTS2021_00002,24.571442,0.8833211660385132,0.21109024,0.8316981132075472,nan,nan
PP-MAE-v2 (mask-free) [PROPOSED],BraTS2021_00002,25.206821,0.8977437019348145,0.20158364,0.7601410934744268,0.0,0.0
PP-MAE-v2 (mask-free) [PROPOSED],BraTS2021_00002,24.711014,0.8825486898422241,0.2169336,0.648539778449144,0.0,0.0
PP-MAE-v2 (mask-free) [PROPOSED],BraTS2021_00002,24.489597,0.8753443360328674,0.22575408,0.6450662739322534,nan,nan
PP-MAE-v2 (mask-free) [PROPOSED],BraTS2021_00002,24.235952,0.8793062567710876,0.23016949,0.4915572232645403,nan,nan
PP-MAE-v2 (mask-free) [PROPOSED],BraTS2021_00014,25.913307,0.9282284379005432,0.29841116,0.0,nan,nan
PP-MAE-v2 (mask-free) [PROPOSED],BraTS2021_00014,25.183464,0.9195973873138428,0.30834743,0.0,nan,nan
PP-MAE-v2 (mask-free) [PROPOSED],BraTS2021_00014,25.798275,0.935924768447876,0.27651596,0.0,0.0,0.0
PP-MAE-v2 (mask-free) [PROPOSED],BraTS2021_00014,24.74218,0.9256374835968018,0.29389197,0.0,nan,nan
PP-MAE-v2 (mask-free) [PROPOSED],BraTS2021_00014,24.80799,0.925892174243927,0.28990954,0.541095890410959,0.0,0.0
PP-MAE-v2 (mask-free) [PROPOSED],BraTS2021_00014,25.306242,0.9383130073547363,0.2644141,0.4169611307420495,nan,nan
PP-MAE-v2 (mask-free) [PROPOSED],BraTS2021_00014,25.186312,0.9343949556350708,0.2689692,0.7428571428571429,nan,nan
PP-MAE-v2 (mask-free) [PROPOSED],BraTS2021_00014,24.59385,0.9323713183403015,0.2649236,0.8302752293577982,0.0,0.0
PP-MAE-v2 (mask-free) [PROPOSED],BraTS2021_00014,23.91123,0.9191097617149353,0.28694177,0.7438894792773645,0.631578947368421,0.631578947368421
PP-MAE-v2 (mask-free) [PROPOSED],BraTS2021_00014,24.64818,0.9308311343193054,0.2634156,0.5951327433628318,0.37037037037037035,0.37037037037037035
PP-MAE-v2 (mask-free) [PROPOSED],BraTS2021_00014,23.737448,0.9203227162361145,0.27971134,0.6620689655172414,0.0,0.0
PP-MAE-v2 (mask-free) [PROPOSED],BraTS2021_00014,23.331009,0.9122099280357361,0.2809514,0.5566600397614314,0.0,0.0
PP-MAE-v2 (mask-free) [PROPOSED],BraTS2021_00014,22.800499,0.9027525782585144,0.2860802,0.859504132231405,0.4838709677419355,0.4838709677419355
PP-MAE-v2 (mask-free) [PROPOSED],BraTS2021_00014,23.266554,0.9017723798751831,0.2721199,0.7807196198234895,0.3185840707964602,0.3185840707964602
PP-MAE-v2 (mask-free) [PROPOSED],BraTS2021_00014,22.97673,0.9037794470787048,0.2609308,0.8510399100618324,0.46601941747572817,0.46601941747572817
PP-MAE-v2 (mask-free) [PROPOSED],BraTS2021_00014,22.792656,0.8951155543327332,0.25681147,0.827154046997389,0.4020100502512563,0.4020100502512563
PP-MAE-v2 (mask-free) [PROPOSED],BraTS2021_00014,22.671654,0.8896899819374084,0.2533571,0.8421052631578947,0.0955223880597015,0.0955223880597015
PP-MAE-v2 (mask-free) [PROPOSED],BraTS2021_00014,22.985146,0.8877001404762268,0.23731455,0.8991799324650265,0.14583333333333334,0.14583333333333334
PP-MAE-v2 (mask-free) [PROPOSED],BraTS2021_00014,23.483494,0.8956025838851929,0.22263713,0.8717444717444718,0.09090909090909091,0.09090909090909091
PP-MAE-v2 (mask-free) [PROPOSED],BraTS2021_00014,23.009901,0.8821002840995789,0.2286861,0.8746618575293057,0.3561643835616438,0.3561643835616438
PP-MAE-v2 (mask-free) [PROPOSED],BraTS2021_00014,22.993124,0.8758437633514404,0.22807078,0.8693234476367007,0.6445783132530121,0.6465256797583081
PP-MAE-v2 (mask-free) [PROPOSED],BraTS2021_00014,23.039352,0.8785732984542847,0.22090992,0.8572739788893988,0.37057220708446864,0.366120218579235
PP-MAE-v2 (mask-free) [PROPOSED],BraTS2021_00014,23.719055,0.8877558708190918,0.20604308,0.8415922014622258,0.38095238095238093,0.38095238095238093
PP-MAE-v2 (mask-free) [PROPOSED],BraTS2021_00014,22.932108,0.8652433156967163,0.22142841,0.8088768115942029,0.6198083067092651,0.6198083067092651
PP-MAE-v2 (mask-free) [PROPOSED],BraTS2021_00014,23.131693,0.8441227078437805,0.21841584,0.551762114537445,0.0,0.0
PP-MAE-v2 (mask-free) [PROPOSED],BraTS2021_00014,23.244385,0.85258948802948,0.21101704,0.6900296150049359,0.46938775510204084,0.46938775510204084
PP-MAE-v2 (mask-free) [PROPOSED],BraTS2021_00014,23.02434,0.8466790318489075,0.21463096,0.7048543689320388,0.26540284360189575,0.26540284360189575
PP-MAE-v2 (mask-free) [PROPOSED],BraTS2021_00014,23.628223,0.8561690449714661,0.2043291,0.6786427145708582,0.757679180887372,0.757679180887372
PP-MAE-v2 (mask-free) [PROPOSED],BraTS2021_00014,23.044634,0.8725265264511108,0.20393224,0.7951699463327371,0.3795620437956204,0.3795620437956204
PP-MAE-v2 (mask-free) [PROPOSED],BraTS2021_00014,23.00013,0.8504805564880371,0.214013,0.7374461979913917,0.21739130434782608,0.21739130434782608
PP-MAE-v2 (mask-free) [PROPOSED],BraTS2021_00014,22.558119,0.8606491088867188,0.21944992,0.6531820424272323,0.5625,0.5625
PP-MAE-v2 (mask-free) [PROPOSED],BraTS2021_00014,23.247091,0.8649271726608276,0.20272137,0.7453531598513011,0.31654676258992803,0.31654676258992803
PP-MAE-v2 (mask-free) [PROPOSED],BraTS2021_00014,23.302109,0.8747495412826538,0.20410632,0.772501130710086,0.06153846153846154,0.06153846153846154
PP-MAE-v2 (mask-free) [PROPOSED],BraTS2021_00014,22.392086,0.865129828453064,0.21599352,0.7823795180722891,0.0,0.0
PP-MAE-v2 (mask-free) [PROPOSED],BraTS2021_00014,22.517387,0.8563603758811951,0.21966626,0.8269927536231884,nan,nan
PP-MAE-v2 (mask-free) [PROPOSED],BraTS2021_00014,22.789196,0.8507145643234253,0.21986131,0.6792452830188679,0.0,0.0
PP-MAE-v2 (mask-free) [PROPOSED],BraTS2021_00014,23.51352,0.8798543214797974,0.2020401,0.8281444582814446,0.0,0.0
PP-MAE-v2 (mask-free) [PROPOSED],BraTS2021_00014,22.664673,0.8572891354560852,0.22074135,0.6826446280991736,nan,nan
PP-MAE-v2 (mask-free) [PROPOSED],BraTS2021_00014,22.475863,0.8668097257614136,0.21664934,0.8686679174484052,nan,nan
PP-MAE-v2 (mask-free) [PROPOSED],BraTS2021_00014,22.541985,0.868314802646637,0.21983904,0.07465618860510806,nan,nan
PP-MAE-v2 (mask-free) [PROPOSED],BraTS2021_00014,23.463762,0.8896958231925964,0.19545054,0.8359486447931527,0.0,0.0
PP-MAE-v2 (mask-free) [PROPOSED],BraTS2021_00014,23.547268,0.8884198069572449,0.19924144,0.0,nan,nan
PP-MAE-v2 (mask-free) [PROPOSED],BraTS2021_00014,23.720345,0.8924038410186768,0.19160189,0.0,nan,nan
PP-MAE-v2 (mask-free) [PROPOSED],BraTS2021_00016,21.113201,0.8748791217803955,0.27733573,0.0,nan,nan
PP-MAE-v2 (mask-free) [PROPOSED],BraTS2021_00016,20.736341,0.8704801797866821,0.28523356,0.0,nan,nan
PP-MAE-v2 (mask-free) [PROPOSED],BraTS2021_00016,19.833076,0.842482328414917,0.31015328,0.0,nan,nan
PP-MAE-v2 (mask-free) [PROPOSED],BraTS2021_00016,20.928482,0.8664249777793884,0.2760446,0.0,nan,nan
PP-MAE-v2 (mask-free) [PROPOSED],BraTS2021_00016,20.210382,0.8385680913925171,0.29368606,0.0,nan,nan
PP-MAE-v2 (mask-free) [PROPOSED],BraTS2021_00016,21.086771,0.8691916465759277,0.25699064,0.0,nan,nan
PP-MAE-v2 (mask-free) [PROPOSED],BraTS2021_00016,20.171074,0.8283235430717468,0.28134438,0.0,nan,nan
PP-MAE-v2 (mask-free) [PROPOSED],BraTS2021_00016,19.828972,0.8132943511009216,0.28908867,0.6384615384615384,nan,nan
PP-MAE-v2 (mask-free) [PROPOSED],BraTS2021_00016,20.27875,0.8395809531211853,0.26646933,0.33451957295373663,nan,nan
PP-MAE-v2 (mask-free) [PROPOSED],BraTS2021_00016,19.780542,0.8328031301498413,0.27710798,0.18991097922848665,nan,nan
PP-MAE-v2 (mask-free) [PROPOSED],BraTS2021_00016,19.380789,0.8111804723739624,0.29031253,0.6878612716763006,0.0,0.0
PP-MAE-v2 (mask-free) [PROPOSED],BraTS2021_00016,20.283213,0.8510521650314331,0.26502886,0.518840579710145,nan,nan
PP-MAE-v2 (mask-free) [PROPOSED],BraTS2021_00016,20.721672,0.8486849069595337,0.25207892,0.8763136620856912,0.16774193548387098,0.16774193548387098
PP-MAE-v2 (mask-free) [PROPOSED],BraTS2021_00016,19.377241,0.826784074306488,0.2745541,0.8957154405820533,0.0,0.0
PP-MAE-v2 (mask-free) [PROPOSED],BraTS2021_00016,19.92253,0.8343113660812378,0.26637718,0.8426150121065376,0.7329842931937173,0.7272727272727273
PP-MAE-v2 (mask-free) [PROPOSED],BraTS2021_00016,20.006882,0.8396975994110107,0.26018408,0.88125,0.8629032258064516,0.851063829787234
PP-MAE-v2 (mask-free) [PROPOSED],BraTS2021_00016,19.974472,0.8391242027282715,0.26179668,0.8465189873417721,0.45323741007194246,0.5121951219512195
PP-MAE-v2 (mask-free) [PROPOSED],BraTS2021_00016,18.660843,0.7877079844474792,0.29343462,0.9356089992242048,0.4856512141280353,0.47368421052631576
PP-MAE-v2 (mask-free) [PROPOSED],BraTS2021_00016,18.132519,0.7752596735954285,0.31048596,0.9228441754916793,0.675,0.5816023738872403
PP-MAE-v2 (mask-free) [PROPOSED],BraTS2021_00016,18.95602,0.8020454049110413,0.2837113,0.9368968077208611,0.7074380165289256,0.43434343434343436
PP-MAE-v2 (mask-free) [PROPOSED],BraTS2021_00016,19.575687,0.8300737142562866,0.26588112,0.9075511644318984,0.7661016949152543,0.532051282051282
PP-MAE-v2 (mask-free) [PROPOSED],BraTS2021_00016,18.610863,0.8205029368400574,0.2825593,0.8538283062645011,0.224,0.3431372549019608
PP-MAE-v2 (mask-free) [PROPOSED],BraTS2021_00016,19.094984,0.7960630655288696,0.28261682,0.8993288590604027,0.6879150066401063,0.46092184368737477
PP-MAE-v2 (mask-free) [PROPOSED],BraTS2021_00016,19.757507,0.8275251388549805,0.25934613,0.8942307692307693,0.7370786516853932,0.508411214953271
PP-MAE-v2 (mask-free) [PROPOSED],BraTS2021_00016,18.47668,0.7937665581703186,0.28989753,0.9139710942876806,0.8052287581699347,0.44321329639889195
PP-MAE-v2 (mask-free) [PROPOSED],BraTS2021_00016,18.767143,0.8032317161560059,0.27975157,0.8642131979695431,0.8464328899637243,0.6173469387755102
PP-MAE-v2 (mask-free) [PROPOSED],BraTS2021_00016,18.11125,0.7933736443519592,0.2974419,0.881621975147155,0.8745837957824639,0.6459627329192547
PP-MAE-v2 (mask-free) [PROPOSED],BraTS2021_00016,17.881569,0.7584560513496399,0.3061589,0.8800530152418821,0.8835616438356164,0.6345381526104418
PP-MAE-v2 (mask-free) [PROPOSED],BraTS2021_00016,18.333004,0.7748835682868958,0.29593295,0.9199739752765127,0.8927477017364658,0.7074074074074074
PP-MAE-v2 (mask-free) [PROPOSED],BraTS2021_00016,18.629623,0.7781460881233215,0.29109854,0.9405477621910487,0.8435072142064373,0.5320388349514563
PP-MAE-v2 (mask-free) [PROPOSED],BraTS2021_00016,18.924768,0.8064608573913574,0.27901757,0.9046653144016227,0.9049049049049049,0.6954813359528488
PP-MAE-v2 (mask-free) [PROPOSED],BraTS2021_00016,17.503185,0.7547748684883118,0.32031626,0.9033210332103321,0.935659760087241,0.7477477477477478
PP-MAE-v2 (mask-free) [PROPOSED],BraTS2021_00016,18.481077,0.7947806715965271,0.28962103,0.9294964028776979,0.7552083333333334,0.46475195822454307
PP-MAE-v2 (mask-free) [PROPOSED],BraTS2021_00016,18.25634,0.7906748652458191,0.2923957,0.9027355623100304,0.908246225319396,0.6666666666666666
PP-MAE-v2 (mask-free) [PROPOSED],BraTS2021_00016,17.386295,0.7698442935943604,0.31387374,0.9147034930950447,0.9415971394517283,0.7851239669421488
PP-MAE-v2 (mask-free) [PROPOSED],BraTS2021_00016,19.201855,0.831615686416626,0.26550367,0.8930722891566265,0.9433051869722557,0.7941176470588235
PP-MAE-v2 (mask-free) [PROPOSED],BraTS2021_00016,17.342915,0.7726023197174072,0.31344056,0.9246963562753037,0.5709515859766278,0.3914081145584726
PP-MAE-v2 (mask-free) [PROPOSED],BraTS2021_00016,17.475075,0.7969567179679871,0.3097082,0.900093370681606,0.6351084812623274,0.6324324324324324
PP-MAE-v2 (mask-free) [PROPOSED],BraTS2021_00016,18.147657,0.8259204626083374,0.28422046,0.9371534195933456,0.8387096774193549,0.7409200968523002
PP-MAE-v2 (mask-free) [PROPOSED],BraTS2021_00016,18.552269,0.824805498123169,0.28161234,0.9511961722488038,0.8713692946058091,0.7859078590785907
PP-MAE-v2 (mask-free) [PROPOSED],BraTS2021_00016,18.667109,0.8320207595825195,0.2763018,0.8275862068965517,0.7405405405405405,0.6305084745762712
PP-MAE-v2 (mask-free) [PROPOSED],BraTS2021_00016,18.295616,0.8299375772476196,0.27795112,0.9468405215646941,0.6991869918699187,0.7017543859649122
PP-MAE-v2 (mask-free) [PROPOSED],BraTS2021_00016,18.797058,0.8361524343490601,0.2726549,0.8125,0.6626506024096386,0.6626506024096386
PP-MAE-v2 (mask-free) [PROPOSED],BraTS2021_00016,20.057833,0.8628381490707397,0.24121803,0.4214162348877375,0.0,0.0
PP-MAE-v2 (mask-free) [PROPOSED],BraTS2021_00016,19.90001,0.8461542129516602,0.24777165,0.7647867950481431,0.0,0.0
PP-MAE-v2 (mask-free) [PROPOSED],BraTS2021_00016,18.86338,0.8322060704231262,0.26729,0.7267355982274741,nan,nan
PP-MAE-v2 (mask-free) [PROPOSED],BraTS2021_00016,19.441563,0.8483760356903076,0.25510266,0.7811550151975684,nan,nan
PP-MAE-v2 (mask-free) [PROPOSED],BraTS2021_00016,19.318916,0.8354312181472778,0.26092574,0.0,nan,nan
PP-MAE-v2 (mask-free) [PROPOSED],BraTS2021_00016,20.92185,0.8781095743179321,0.22359872,0.0,nan,nan
PP-MAE-v2 (mask-free) [PROPOSED],BraTS2021_00016,19.6821,0.8382804989814758,0.25301585,0.0,nan,nan
PP-MAE-v2 (mask-free) [PROPOSED],BraTS2021_00016,20.15726,0.8489340543746948,0.2462768,0.0,nan,nan
PP-MAE-v2 (mask-free) [PROPOSED],BraTS2021_00016,21.23704,0.8715522289276123,0.22392112,0.0,nan,nan
PP-MAE-v2 (mask-free) [PROPOSED],BraTS2021_00016,20.380768,0.8495387434959412,0.2415944,0.0,nan,nan
PP-MAE-v2 (mask-free) [PROPOSED],BraTS2021_00021,25.784044,0.8824607133865356,0.27920955,0.0,nan,nan
PP-MAE-v2 (mask-free) [PROPOSED],BraTS2021_00021,25.732594,0.8786482810974121,0.27884725,0.0,nan,nan
PP-MAE-v2 (mask-free) [PROPOSED],BraTS2021_00021,25.85905,0.8871864676475525,0.26290664,0.0,nan,nan
PP-MAE-v2 (mask-free) [PROPOSED],BraTS2021_00021,25.853245,0.8832278251647949,0.26686484,0.0,nan,nan
PP-MAE-v2 (mask-free) [PROPOSED],BraTS2021_00021,26.277973,0.8922668099403381,0.25504127,0.0,nan,nan
PP-MAE-v2 (mask-free) [PROPOSED],BraTS2021_00021,25.91565,0.8796482086181641,0.26231343,0.0,nan,nan
PP-MAE-v2 (mask-free) [PROPOSED],BraTS2021_00021,25.299572,0.8633304834365845,0.27985305,0.0,nan,nan
PP-MAE-v2 (mask-free) [PROPOSED],BraTS2021_00021,24.89663,0.8421861529350281,0.2882395,0.3971176941553243,0.0,0.0
PP-MAE-v2 (mask-free) [PROPOSED],BraTS2021_00021,24.99872,0.8349679112434387,0.2770814,0.2838522809558291,0.0,0.0
PP-MAE-v2 (mask-free) [PROPOSED],BraTS2021_00021,25.369005,0.8356364369392395,0.2522734,0.48602673147023084,0.0,0.0
PP-MAE-v2 (mask-free) [PROPOSED],BraTS2021_00021,25.029682,0.8069532513618469,0.2574055,0.23228803716608595,0.0,0.0
PP-MAE-v2 (mask-free) [PROPOSED],BraTS2021_00021,25.226124,0.8063943386077881,0.24457903,0.1610468042274786,nan,nan
PP-MAE-v2 (mask-free) [PROPOSED],BraTS2021_00021,25.92471,0.8325991034507751,0.22760865,0.14103653355989804,nan,nan
PP-MAE-v2 (mask-free) [PROPOSED],BraTS2021_00021,25.266703,0.7918462157249451,0.23685125,0.2894736842105263,0.0,0.0
PP-MAE-v2 (mask-free) [PROPOSED],BraTS2021_00021,25.68815,0.8010421395301819,0.22367221,0.1708706265256306,nan,nan
PP-MAE-v2 (mask-free) [PROPOSED],BraTS2021_00021,25.996552,0.7871097922325134,0.22604762,0.0,nan,nan
PP-MAE-v2 (mask-free) [PROPOSED],BraTS2021_00021,25.800243,0.7639431357383728,0.22681299,0.0,nan,nan
PP-MAE-v2 (mask-free) [PROPOSED],BraTS2021_00021,26.092777,0.7937635779380798,0.21137169,0.032490974729241874,nan,nan
PP-MAE-v2 (mask-free) [PROPOSED],BraTS2021_00021,26.084946,0.7786429524421692,0.2127976,0.0,nan,nan
PP-MAE-v2 (mask-free) [PROPOSED],BraTS2021_00021,26.299366,0.7783037424087524,0.21135178,0.06287683031869079,0.0,0.0
PP-MAE-v2 (mask-free) [PROPOSED],BraTS2021_00021,26.82498,0.8172770142555237,0.19416374,0.0,nan,nan
PP-MAE-v2 (mask-free) [PROPOSED],BraTS2021_00021,26.880363,0.8155466318130493,0.19643879,0.0,nan,nan
PP-MAE-v2 (mask-free) [PROPOSED],BraTS2021_00021,26.929218,0.803963303565979,0.1954371,0.0,nan,nan
PP-MAE-v2 (mask-free) [PROPOSED],BraTS2021_00021,26.359083,0.7960382699966431,0.20328635,0.0,nan,nan
PP-MAE-v2 (mask-free) [PROPOSED],BraTS2021_00021,26.158096,0.7844783663749695,0.2120717,0.08264462809917356,0.0,0.0
PP-MAE-v2 (mask-free) [PROPOSED],BraTS2021_00021,26.45376,0.807145893573761,0.20221955,0.0,nan,nan
PP-MAE-v2 (mask-free) [PROPOSED],BraTS2021_00021,26.36995,0.809317946434021,0.19788732,0.19446640316205532,0.0,0.0
PP-MAE-v2 (mask-free) [PROPOSED],BraTS2021_00021,26.165878,0.8164185285568237,0.20518571,0.26726604004903964,0.29508196721311475,0.29508196721311475
PP-MAE-v2 (mask-free) [PROPOSED],BraTS2021_00021,26.044926,0.795444667339325,0.2099459,0.21870047543581617,0.41604010025062654,0.39185750636132316
PP-MAE-v2 (mask-free) [PROPOSED],BraTS2021_00021,25.687838,0.7843381762504578,0.21956933,0.24397590361445784,0.6903073286052009,0.6903073286052009
PP-MAE-v2 (mask-free) [PROPOSED],BraTS2021_00021,25.401596,0.7836551666259766,0.21826066,0.052393857271906055,0.0,0.0
PP-MAE-v2 (mask-free) [PROPOSED],BraTS2021_00021,26.376503,0.8266658186912537,0.20129836,0.5288175876411171,0.490272373540856,0.4385593220338983
PP-MAE-v2 (mask-free) [PROPOSED],BraTS2021_00021,25.529709,0.7969895005226135,0.21592535,0.44801574286651363,0.6386363636363637,0.6472019464720195
PP-MAE-v2 (mask-free) [PROPOSED],BraTS2021_00021,26.123417,0.822310209274292,0.20476681,0.40534682080924855,0.4444444444444444,0.3777403035413153
PP-MAE-v2 (mask-free) [PROPOSED],BraTS2021_00021,25.440033,0.7976936101913452,0.21741147,0.6191358024691358,0.5402405180388529,0.525679758308157
PP-MAE-v2 (mask-free) [PROPOSED],BraTS2021_00021,26.349815,0.8363805413246155,0.20084411,0.4177121771217712,0.14573643410852713,0.14736842105263157
PP-MAE-v2 (mask-free) [PROPOSED],BraTS2021_00021,26.1841,0.8402521014213562,0.19833773,0.3603455368161251,0.6282853566958698,0.615595075239398
PP-MAE-v2 (mask-free) [PROPOSED],BraTS2021_00021,26.25699,0.8386318683624268,0.19816765,0.45888801879404856,0.5590643274853802,0.5873221216041398
PP-MAE-v2 (mask-free) [PROPOSED],BraTS2021_00021,26.212948,0.8498896956443787,0.20093752,0.46266605588639487,0.344311377245509,0.3616
PP-MAE-v2 (mask-free) [PROPOSED],BraTS2021_00021,25.857718,0.8319841623306274,0.2061376,0.475,0.5301837270341208,0.5360230547550432
PP-MAE-v2 (mask-free) [PROPOSED],BraTS2021_00021,26.248703,0.8659705519676208,0.1974041,0.616880591209646,0.5056433408577878,0.5005959475566151
PP-MAE-v2 (mask-free) [PROPOSED],BraTS2021_00021,26.82225,0.8822361826896667,0.18513416,0.30128205128205127,0.4605263157894737,0.4645390070921986
PP-MAE-v2 (mask-free) [PROPOSED],BraTS2021_00021,26.863121,0.8886617422103882,0.18178955,0.26867545511613306,0.44652908067542213,0.49072164948453606
PP-MAE-v2 (mask-free) [PROPOSED],BraTS2021_00021,26.726473,0.8860249519348145,0.18569405,0.22652329749103942,0.0,0.0
PP-MAE-v2 (mask-free) [PROPOSED],BraTS2021_00021,26.381676,0.8792226314544678,0.19101225,0.0,0.0,0.0
PP-MAE-v2 (mask-free) [PROPOSED],BraTS2021_00021,27.77046,0.9094500541687012,0.16746908,0.0056022408963585435,0.0,0.0
PP-MAE-v2 (mask-free) [PROPOSED],BraTS2021_00021,27.710419,0.9175183176994324,0.16523488,0.0,nan,nan
PP-MAE-v2 (mask-free) [PROPOSED],BraTS2021_00021,27.757341,0.9229090213775635,0.16037928,0.0,nan,nan
PP-MAE-v2 (mask-free) [PROPOSED],BraTS2021_00021,27.319973,0.9178489446640015,0.17194244,0.0,nan,nan
PP-MAE-v2 (mask-free) [PROPOSED],BraTS2021_00021,27.69657,0.9205980896949768,0.16370705,0.0,nan,nan
PP-MAE-v2 (mask-free) [PROPOSED],BraTS2021_00021,27.663383,0.9252977967262268,0.1707608,0.0,nan,nan
PP-MAE-v2 (mask-free) [PROPOSED],BraTS2021_00021,28.569992,0.9299332499504089,0.15238935,0.0,nan,nan
PP-MAE-v2 (mask-free) [PROPOSED],BraTS2021_00021,28.625885,0.9274868369102478,0.15099902,0.0,nan,nan
PP-MAE-v2 (mask-free) [PROPOSED],BraTS2021_00021,28.534538,0.9233657717704773,0.15146634,0.0,nan,nan
PP-MAE-v2 (mask-free) [PROPOSED],BraTS2021_00021,29.31639,0.9270399212837219,0.1402945,0.5271084337349398,0.0,0.0
PP-MAE-v2 (mask-free) [PROPOSED],BraTS2021_00021,29.03746,0.9144773483276367,0.14516169,0.6358974358974359,0.0,0.0
PP-MAE-v2 (mask-free) [PROPOSED],BraTS2021_00021,29.207737,0.898278534412384,0.14777136,0.0,nan,nan
PP-MAE-v2 (mask-free) [PROPOSED],BraTS2021_00021,29.106815,0.8833330273628235,0.14766417,0.0,nan,nan
PP-MAE-v2 (mask-free) [PROPOSED],BraTS2021_00021,29.730015,0.8930936455726624,0.13721605,0.3592814371257485,nan,nan
PP-MAE-v2 (mask-free) [PROPOSED],BraTS2021_00021,30.09716,0.9008381366729736,0.13171092,0.0,nan,nan
PP-MAE-v2 (mask-free) [PROPOSED],BraTS2021_00021,29.86519,0.8794593811035156,0.13891524,0.36199095022624433,nan,nan
PP-MAE-v2 (mask-free) [PROPOSED],BraTS2021_00056,25.722607,0.9222438335418701,0.28410292,0.0,0.0,0.0
PP-MAE-v2 (mask-free) [PROPOSED],BraTS2021_00056,25.269707,0.9207755327224731,0.28750265,0.0,0.0,0.0
PP-MAE-v2 (mask-free) [PROPOSED],BraTS2021_00056,25.517426,0.9194299578666687,0.27038178,0.28346456692913385,0.0,0.0
PP-MAE-v2 (mask-free) [PROPOSED],BraTS2021_00056,25.825064,0.9274898171424866,0.25589186,0.0,0.0,0.0
PP-MAE-v2 (mask-free) [PROPOSED],BraTS2021_00056,25.211143,0.9163869023323059,0.2656654,0.5834738617200674,0.48484848484848486,0.48484848484848486
PP-MAE-v2 (mask-free) [PROPOSED],BraTS2021_00056,24.86311,0.9112717509269714,0.2650745,0.44385026737967914,0.37924865831842575,0.37924865831842575
PP-MAE-v2 (mask-free) [PROPOSED],BraTS2021_00056,25.241413,0.9092897176742554,0.25527778,0.5904139433551199,0.41471571906354515,0.4166666666666667
PP-MAE-v2 (mask-free) [PROPOSED],BraTS2021_00056,25.025257,0.906238317489624,0.2460265,0.18204488778054864,0.03316749585406302,0.03418803418803419
PP-MAE-v2 (mask-free) [PROPOSED],BraTS2021_00056,25.304996,0.9080162644386292,0.23664373,0.809322033898305,0.6559546313799622,0.6259220231822972
PP-MAE-v2 (mask-free) [PROPOSED],BraTS2021_00056,25.107105,0.91021728515625,0.22999701,0.8710843373493976,0.5905923344947736,0.587360594795539
PP-MAE-v2 (mask-free) [PROPOSED],BraTS2021_00056,24.64769,0.9004413485527039,0.23994182,0.8214477211796246,0.6781529979324604,0.6318114874815906
PP-MAE-v2 (mask-free) [PROPOSED],BraTS2021_00056,24.673235,0.904728353023529,0.2275243,0.9016949152542373,0.8450057405281286,0.8173190984578885
PP-MAE-v2 (mask-free) [PROPOSED],BraTS2021_00056,24.558834,0.8960704803466797,0.2348677,0.927960927960928,0.9075785582255084,0.8780251694094869
PP-MAE-v2 (mask-free) [PROPOSED],BraTS2021_00056,25.369087,0.910035252571106,0.21383336,0.8972348328518366,0.8935546875,0.8542766631467793
PP-MAE-v2 (mask-free) [PROPOSED],BraTS2021_00056,25.179405,0.9109461903572083,0.21235324,0.8691950464396285,0.898360655737705,0.834971546818417
PP-MAE-v2 (mask-free) [PROPOSED],BraTS2021_00056,24.729357,0.9048340916633606,0.21982475,0.8573374191351719,0.8698979591836735,0.815028901734104
PP-MAE-v2 (mask-free) [PROPOSED],BraTS2021_00056,24.425568,0.8985788822174072,0.22857076,0.9591894173937517,0.9067077872012336,0.8391915641476274
PP-MAE-v2 (mask-free) [PROPOSED],BraTS2021_00056,24.74408,0.907707929611206,0.22124043,0.9316526610644258,0.8485515218188485,0.760539629005059
PP-MAE-v2 (mask-free) [PROPOSED],BraTS2021_00056,24.586933,0.9143272638320923,0.2126993,0.9644410335124073,0.8888888888888888,0.8314332247557004
PP-MAE-v2 (mask-free) [PROPOSED],BraTS2021_00056,24.158945,0.9046429395675659,0.22460036,0.9629097870303901,0.899505766062603,0.841100076394194
PP-MAE-v2 (mask-free) [PROPOSED],BraTS2021_00056,24.143307,0.8997694253921509,0.22677663,0.9591499409681228,0.899869109947644,0.8609221466364324
PP-MAE-v2 (mask-free) [PROPOSED],BraTS2021_00056,23.611347,0.881793737411499,0.23532361,0.9620193441849493,0.9255663430420712,0.8652427184466019
PP-MAE-v2 (mask-free) [PROPOSED],BraTS2021_00056,24.02353,0.8820826411247253,0.22027165,0.967058281501958,0.912314635718891,0.8434749330271718
PP-MAE-v2 (mask-free) [PROPOSED],BraTS2021_00056,23.908375,0.8636710047721863,0.21842228,0.9628036981294346,0.8957020057306591,0.8213689482470785
PP-MAE-v2 (mask-free) [PROPOSED],BraTS2021_00056,23.900902,0.8551536798477173,0.218429,0.974860956618465,0.9338993329290479,0.846820809248555
PP-MAE-v2 (mask-free) [PROPOSED],BraTS2021_00056,23.76744,0.8706582188606262,0.21281683,0.941908713692946,0.9332939787485242,0.8312727272727273
PP-MAE-v2 (mask-free) [PROPOSED],BraTS2021_00056,24.260061,0.8709073066711426,0.2061997,0.9632239594802907,0.9221592603638533,0.8564249820531228
PP-MAE-v2 (mask-free) [PROPOSED],BraTS2021_00056,24.431156,0.8846395015716553,0.20026627,0.96331096196868,0.8987223434091617,0.8447387785136129
PP-MAE-v2 (mask-free) [PROPOSED],BraTS2021_00056,24.44968,0.8820756673812866,0.19548255,0.9583333333333334,0.8885202388852024,0.8486866444691084
PP-MAE-v2 (mask-free) [PROPOSED],BraTS2021_00056,24.645567,0.8856500387191772,0.19353291,0.940462817344417,0.8786637251812165,0.831732479544646
PP-MAE-v2 (mask-free) [PROPOSED],BraTS2021_00056,24.909225,0.8918107748031616,0.18671632,0.9370760233918128,0.875696949819613,0.8207831325301205
PP-MAE-v2 (mask-free) [PROPOSED],BraTS2021_00056,24.929573,0.8862074613571167,0.18842411,0.9313376098835828,0.90801393728223,0.8534307754770605
PP-MAE-v2 (mask-free) [PROPOSED],BraTS2021_00056,24.68396,0.8865116834640503,0.19123219,0.9709618874773139,0.9520811472542847,0.8978805394990366
PP-MAE-v2 (mask-free) [PROPOSED],BraTS2021_00056,24.6103,0.8834080696105957,0.18812184,0.9489543512480324,0.8817733990147784,0.8181089743589743
PP-MAE-v2 (mask-free) [PROPOSED],BraTS2021_00056,23.979893,0.8713773488998413,0.19923738,0.9427060379021596,0.9084328628302569,0.8741564112743152
PP-MAE-v2 (mask-free) [PROPOSED],BraTS2021_00056,25.04262,0.9042818546295166,0.18053904,0.9358226371061844,0.8958915037893898,0.807886290692343
PP-MAE-v2 (mask-free) [PROPOSED],BraTS2021_00056,24.991838,0.8924188017845154,0.1800381,0.9606337013922227,0.9380305602716469,0.8587570621468926
PP-MAE-v2 (mask-free) [PROPOSED],BraTS2021_00056,24.967045,0.9027212262153625,0.17660132,0.9545454545454546,0.8807424593967518,0.8235908141962421
PP-MAE-v2 (mask-free) [PROPOSED],BraTS2021_00056,25.072178,0.9080310463905334,0.17711134,0.9504483246814536,0.9154228855721394,0.8669527896995708
PP-MAE-v2 (mask-free) [PROPOSED],BraTS2021_00056,24.921198,0.9113630652427673,0.17414238,0.9740593596634728,0.896065766294774,0.8590522478736331
PP-MAE-v2 (mask-free) [PROPOSED],BraTS2021_00056,24.905577,0.9192867279052734,0.17603065,0.9590482727064745,0.8056300268096515,0.7642163661581137
PP-MAE-v2 (mask-free) [PROPOSED],BraTS2021_00056,24.829807,0.9126684069633484,0.18000175,0.9632614363593268,0.8534151957022257,0.7989949748743719
PP-MAE-v2 (mask-free) [PROPOSED],BraTS2021_00056,25.197342,0.9256369471549988,0.17046018,0.9592693162182178,0.8860510805500982,0.8621041879468846
PP-MAE-v2 (mask-free) [PROPOSED],BraTS2021_00056,25.277706,0.9285702705383301,0.16611716,0.9435084241823588,0.6454413892908828,0.6454413892908828
PP-MAE-v2 (mask-free) [PROPOSED],BraTS2021_00056,24.963303,0.9225371479988098,0.17319722,0.9473684210526315,0.6072727272727273,0.6179775280898876
PP-MAE-v2 (mask-free) [PROPOSED],BraTS2021_00056,25.780476,0.929894208908081,0.16179302,0.930791788856305,0.30434782608695654,0.30434782608695654
PP-MAE-v2 (mask-free) [PROPOSED],BraTS2021_00056,24.691126,0.9171006083488464,0.17642926,0.9433633459192564,0.0,0.0
PP-MAE-v2 (mask-free) [PROPOSED],BraTS2021_00056,24.917763,0.9175944328308105,0.17444414,0.9462094998427178,nan,nan
PP-MAE-v2 (mask-free) [PROPOSED],BraTS2021_00056,25.954086,0.9298452734947205,0.15885915,0.9348914858096828,0.0,0.0
PP-MAE-v2 (mask-free) [PROPOSED],BraTS2021_00056,25.872654,0.9310557842254639,0.15782098,0.8910818713450293,0.0,0.0
PP-MAE-v2 (mask-free) [PROPOSED],BraTS2021_00056,26.24826,0.9366167783737183,0.15419298,0.8761467889908257,nan,nan
PP-MAE-v2 (mask-free) [PROPOSED],BraTS2021_00056,25.941504,0.9296432137489319,0.15980758,0.8192219679633868,0.0,0.0
PP-MAE-v2 (mask-free) [PROPOSED],BraTS2021_00056,25.674992,0.9256890416145325,0.17052062,0.746268656716418,0.0,0.0
PP-MAE-v2 (mask-free) [PROPOSED],BraTS2021_00056,26.39208,0.9357781410217285,0.15779503,0.7354838709677419,0.0,0.0
PP-MAE-v2 (mask-free) [PROPOSED],BraTS2021_00056,26.85529,0.9441234469413757,0.14524552,0.4744897959183674,0.0,0.0
PP-MAE-v2 (mask-free) [PROPOSED],BraTS2021_00056,27.352354,0.9416026473045349,0.14248557,0.0,nan,nan
PP-MAE-v2 (mask-free) [PROPOSED],BraTS2021_00061,26.081333,0.9202473759651184,0.23591022,0.0,0.0,0.0
PP-MAE-v2 (mask-free) [PROPOSED],BraTS2021_00061,26.287195,0.9101648330688477,0.23407869,0.12280701754385964,0.0,0.0
PP-MAE-v2 (mask-free) [PROPOSED],BraTS2021_00061,26.508583,0.9259548783302307,0.21760604,0.0,0.0,0.0
PP-MAE-v2 (mask-free) [PROPOSED],BraTS2021_00061,26.269796,0.9161069989204407,0.22515187,0.0,0.0,0.0
PP-MAE-v2 (mask-free) [PROPOSED],BraTS2021_00061,26.19747,0.9129640460014343,0.22528496,0.0,0.0,0.0
PP-MAE-v2 (mask-free) [PROPOSED],BraTS2021_00061,26.550278,0.9292095303535461,0.20756964,0.3162393162393162,0.5828571428571429,0.32558139534883723
PP-MAE-v2 (mask-free) [PROPOSED],BraTS2021_00061,26.226776,0.9275774359703064,0.21076773,0.3492723492723493,0.0,0.0
PP-MAE-v2 (mask-free) [PROPOSED],BraTS2021_00061,26.23074,0.9263877868652344,0.20963712,0.4459016393442623,0.0,0.0
PP-MAE-v2 (mask-free) [PROPOSED],BraTS2021_00061,26.48697,0.9385817646980286,0.20040926,0.4205020920502092,0.6224066390041494,0.4
PP-MAE-v2 (mask-free) [PROPOSED],BraTS2021_00061,25.822987,0.9231042265892029,0.21648592,0.26332970620239393,0.53125,0.35664335664335667
PP-MAE-v2 (mask-free) [PROPOSED],BraTS2021_00061,25.465944,0.9125998616218567,0.22751524,0.1414364640883978,0.07119741100323625,0.0830188679245283
PP-MAE-v2 (mask-free) [PROPOSED],BraTS2021_00061,24.538467,0.8906688690185547,0.24715671,0.5085034013605442,0.4870259481037924,0.4558139534883721
PP-MAE-v2 (mask-free) [PROPOSED],BraTS2021_00061,24.871868,0.8911917805671692,0.23087995,0.6026615969581749,0.7138263665594855,0.5525291828793775
PP-MAE-v2 (mask-free) [PROPOSED],BraTS2021_00061,25.120556,0.8877363801002502,0.2194807,0.4896073903002309,0.4588045234248788,0.24034334763948498
PP-MAE-v2 (mask-free) [PROPOSED],BraTS2021_00061,25.255554,0.878200113773346,0.2175102,0.8549382716049383,0.7489082969432315,0.5394190871369294
PP-MAE-v2 (mask-free) [PROPOSED],BraTS2021_00061,24.443253,0.8712610602378845,0.22316203,0.8364688856729378,0.8048289738430584,0.5669291338582677
PP-MAE-v2 (mask-free) [PROPOSED],BraTS2021_00061,24.378166,0.8655173778533936,0.2243873,0.7861089187056038,0.3715415019762846,0.35772357723577236
PP-MAE-v2 (mask-free) [PROPOSED],BraTS2021_00061,24.488056,0.8784650564193726,0.21768907,0.86743711760707,0.828436018957346,0.5283018867924528
PP-MAE-v2 (mask-free) [PROPOSED],BraTS2021_00061,25.189907,0.8964296579360962,0.20147106,0.7740940632228219,0.8150406504065041,0.35294117647058826
PP-MAE-v2 (mask-free) [PROPOSED],BraTS2021_00061,24.640112,0.893480122089386,0.20935768,0.8788300835654597,0.8335078534031414,0.4639175257731959
PP-MAE-v2 (mask-free) [PROPOSED],BraTS2021_00061,24.76839,0.8910433650016785,0.20875454,0.7588039867109635,0.902,0.5342019543973942
PP-MAE-v2 (mask-free) [PROPOSED],BraTS2021_00061,24.992075,0.8965713381767273,0.2020909,0.7703488372093024,0.834061135371179,0.5350089766606823
PP-MAE-v2 (mask-free) [PROPOSED],BraTS2021_00061,24.677757,0.898258626461029,0.19975471,0.8054226475279107,0.46781789638932497,0.3865546218487395
PP-MAE-v2 (mask-free) [PROPOSED],BraTS2021_00061,24.882421,0.8948127031326294,0.20295252,0.7750677506775068,0.5,0.5187165775401069
PP-MAE-v2 (mask-free) [PROPOSED],BraTS2021_00061,24.79815,0.891167402267456,0.2040795,0.8712871287128713,0.7861271676300579,0.47540983606557374
PP-MAE-v2 (mask-free) [PROPOSED],BraTS2021_00061,25.137026,0.8923790454864502,0.19989052,0.8289738430583501,0.561122244488978,0.5885416666666666
PP-MAE-v2 (mask-free) [PROPOSED],BraTS2021_00061,25.52226,0.888889729976654,0.1945757,0.7087980173482032,0.655,0.6096866096866097
PP-MAE-v2 (mask-free) [PROPOSED],BraTS2021_00061,25.869946,0.9062116146087646,0.18719043,0.5956204379562043,0.20754716981132076,0.22
PP-MAE-v2 (mask-free) [PROPOSED],BraTS2021_00061,25.454777,0.9028440713882446,0.18901531,0.8026490066225166,0.584,0.584
PP-MAE-v2 (mask-free) [PROPOSED],BraTS2021_00061,25.483398,0.9013670682907104,0.18824342,0.7764705882352941,0.14814814814814814,0.14814814814814814
PP-MAE-v2 (mask-free) [PROPOSED],BraTS2021_00061,25.867422,0.9015217423439026,0.18688929,0.0,0.0,0.0
PP-MAE-v2 (mask-free) [PROPOSED],BraTS2021_00061,26.454449,0.9179510474205017,0.17092672,0.6138107416879796,nan,nan
PP-MAE-v2 (mask-free) [PROPOSED],BraTS2021_00061,26.709827,0.9271805286407471,0.16812617,0.0,nan,nan
PP-MAE-v2 (mask-free) [PROPOSED],BraTS2021_00061,26.74694,0.9239452481269836,0.16627303,0.0,nan,nan
PP-MAE-v2 (mask-free) [PROPOSED],BraTS2021_00062,23.289165,0.8823409676551819,0.23104173,0.5112994350282486,nan,nan
PP-MAE-v2 (mask-free) [PROPOSED],BraTS2021_00062,22.54164,0.8690095543861389,0.24304795,0.49411764705882355,nan,nan
PP-MAE-v2 (mask-free) [PROPOSED],BraTS2021_00062,23.004446,0.8856139779090881,0.23115326,0.7256153144940748,nan,nan
PP-MAE-v2 (mask-free) [PROPOSED],BraTS2021_00062,22.988394,0.8838059306144714,0.22351782,0.7765042979942693,nan,nan
PP-MAE-v2 (mask-free) [PROPOSED],BraTS2021_00062,23.551538,0.9019309878349304,0.2058503,0.8930635838150289,nan,nan
PP-MAE-v2 (mask-free) [PROPOSED],BraTS2021_00062,24.180553,0.9115606546401978,0.19555181,0.7105126877265665,0.0,0.0
PP-MAE-v2 (mask-free) [PROPOSED],BraTS2021_00062,23.80698,0.9057258367538452,0.20218016,0.8847926267281107,nan,nan
PP-MAE-v2 (mask-free) [PROPOSED],BraTS2021_00062,23.84711,0.9034351110458374,0.19710937,0.8251078102539531,nan,nan
PP-MAE-v2 (mask-free) [PROPOSED],BraTS2021_00062,23.66849,0.9105073809623718,0.19329007,0.8480626904658249,nan,nan
PP-MAE-v2 (mask-free) [PROPOSED],BraTS2021_00062,24.826395,0.9307748079299927,0.17251793,0.9227674979887369,0.0,0.0
PP-MAE-v2 (mask-free) [PROPOSED],BraTS2021_00062,24.174622,0.9236764907836914,0.17934069,0.8408163265306122,0.0,0.0
PP-MAE-v2 (mask-free) [PROPOSED],BraTS2021_00062,24.772827,0.9346623420715332,0.17007884,0.8966725043782837,nan,nan
PP-MAE-v2 (mask-free) [PROPOSED],BraTS2021_00062,23.918144,0.9245213270187378,0.18473257,0.8835800807537012,nan,nan
PP-MAE-v2 (mask-free) [PROPOSED],BraTS2021_00062,24.069769,0.9257654547691345,0.18177673,0.8952007835455436,nan,nan
PP-MAE-v2 (mask-free) [PROPOSED],BraTS2021_00062,23.46981,0.9203908443450928,0.1882912,0.9084967320261438,nan,nan
PP-MAE-v2 (mask-free) [PROPOSED],BraTS2021_00062,24.814245,0.9373512864112854,0.16607739,0.9574759945130316,nan,nan
PP-MAE-v2 (mask-free) [PROPOSED],BraTS2021_00062,24.216293,0.9336766004562378,0.1713753,0.9059720457433291,0.0,0.0
PP-MAE-v2 (mask-free) [PROPOSED],BraTS2021_00062,23.84472,0.9265388250350952,0.18220818,0.9149326805385557,0.17094017094017094,0.7368421052631579
PP-MAE-v2 (mask-free) [PROPOSED],BraTS2021_00062,23.906908,0.9261842370033264,0.17885266,0.9018705035971223,0.0,0.0
PP-MAE-v2 (mask-free) [PROPOSED],BraTS2021_00062,23.728304,0.9261958599090576,0.18110807,0.9204052098408104,0.34782608695652173,0.0
PP-MAE-v2 (mask-free) [PROPOSED],BraTS2021_00062,23.357313,0.9247291684150696,0.18536508,0.9438730531883632,0.0,0.0
PP-MAE-v2 (mask-free) [PROPOSED],BraTS2021_00062,23.273966,0.9246895909309387,0.18540119,0.9124756876910253,0.0,0.0
PP-MAE-v2 (mask-free) [PROPOSED],BraTS2021_00062,24.012157,0.9330371618270874,0.17475653,0.959696261682243,0.2073170731707317,0.0
PP-MAE-v2 (mask-free) [PROPOSED],BraTS2021_00062,24.522417,0.9418850541114807,0.1637585,0.9564459930313589,0.0,0.0
PP-MAE-v2 (mask-free) [PROPOSED],BraTS2021_00062,23.930159,0.9361473917961121,0.17147487,0.9453394706559264,0.0,0.0
PP-MAE-v2 (mask-free) [PROPOSED],BraTS2021_00062,24.485909,0.9414186477661133,0.16417022,0.9585014409221903,0.16143497757847533,0.2857142857142857
PP-MAE-v2 (mask-free) [PROPOSED],BraTS2021_00062,23.415558,0.9360024333000183,0.17764273,0.9651128701260627,0.0,0.0
PP-MAE-v2 (mask-free) [PROPOSED],BraTS2021_00062,24.226482,0.9447023868560791,0.16578966,0.9460080413555428,0.08396946564885496,0.0
PP-MAE-v2 (mask-free) [PROPOSED],BraTS2021_00062,25.484806,0.9545701146125793,0.14902508,0.946969696969697,0.05357142857142857,0.0
PP-MAE-v2 (mask-free) [PROPOSED],BraTS2021_00062,24.964539,0.9481021165847778,0.15822971,0.9348851840201321,0.0,nan
PP-MAE-v2 (mask-free) [PROPOSED],BraTS2021_00062,25.267971,0.9537551403045654,0.15196319,0.9554140127388535,nan,nan
PP-MAE-v2 (mask-free) [PROPOSED],BraTS2021_00062,24.274004,0.9416067600250244,0.16838798,0.943011397720456,0.0,nan
PP-MAE-v2 (mask-free) [PROPOSED],BraTS2021_00062,25.085045,0.9519164562225342,0.15204976,0.9594272076372315,0.0,nan
PP-MAE-v2 (mask-free) [PROPOSED],BraTS2021_00062,24.737457,0.9498547911643982,0.1589225,0.9592383219279976,nan,nan
PP-MAE-v2 (mask-free) [PROPOSED],BraTS2021_00062,25.850704,0.9607888460159302,0.14004274,0.9570840681951793,0.0,nan
PP-MAE-v2 (mask-free) [PROPOSED],BraTS2021_00062,25.368382,0.9560678601264954,0.14867578,0.9549602590521048,nan,nan
PP-MAE-v2 (mask-free) [PROPOSED],BraTS2021_00062,26.192028,0.9619852304458618,0.13618913,0.9398939304655274,nan,nan
PP-MAE-v2 (mask-free) [PROPOSED],BraTS2021_00062,25.622293,0.957933247089386,0.14410657,0.9113413932066782,0.0,nan
PP-MAE-v2 (mask-free) [PROPOSED],BraTS2021_00062,25.073761,0.9475448727607727,0.15718128,0.9312704552216602,nan,nan
PP-MAE-v2 (mask-free) [PROPOSED],BraTS2021_00062,25.105656,0.9473212957382202,0.15363105,0.8899242865463017,nan,nan
PP-MAE-v2 (mask-free) [PROPOSED],BraTS2021_00062,25.772758,0.9480876922607422,0.14816494,0.8839811542991755,nan,nan
PP-MAE-v2 (mask-free) [PROPOSED],BraTS2021_00062,25.954702,0.9500627517700195,0.14338663,0.8797862867319679,0.0,nan
PP-MAE-v2 (mask-free) [PROPOSED],BraTS2021_00062,26.492382,0.9511570930480957,0.13782345,0.8737097753491196,0.0,0.0
PP-MAE-v2 (mask-free) [PROPOSED],BraTS2021_00062,26.194004,0.9549541473388672,0.13709278,0.8562980484920165,0.0,nan
PP-MAE-v2 (mask-free) [PROPOSED],BraTS2021_00062,25.603935,0.9425268769264221,0.15370801,0.9136526555881395,0.0,0.0
PP-MAE-v2 (mask-free) [PROPOSED],BraTS2021_00062,25.415146,0.9413475394248962,0.15710923,0.8744939271255061,nan,nan
PP-MAE-v2 (mask-free) [PROPOSED],BraTS2021_00062,25.679943,0.9439221024513245,0.15657209,0.920863309352518,nan,nan
PP-MAE-v2 (mask-free) [PROPOSED],BraTS2021_00062,26.268478,0.9529117345809937,0.14367852,0.9043031470777135,0.0,nan
PP-MAE-v2 (mask-free) [PROPOSED],BraTS2021_00062,26.083797,0.9550134539604187,0.14216943,0.9562542720437457,nan,nan
PP-MAE-v2 (mask-free) [PROPOSED],BraTS2021_00062,25.52078,0.9476696848869324,0.15379444,0.9338284942606347,nan,nan
PP-MAE-v2 (mask-free) [PROPOSED],BraTS2021_00062,26.522112,0.9559758305549622,0.14106728,0.935595567867036,nan,nan
PP-MAE-v2 (mask-free) [PROPOSED],BraTS2021_00062,25.681862,0.9491139054298401,0.1550494,0.9431939978563773,nan,nan
PP-MAE-v2 (mask-free) [PROPOSED],BraTS2021_00062,24.687233,0.9347087740898132,0.17538074,0.8807718814610613,nan,nan
PP-MAE-v2 (mask-free) [PROPOSED],BraTS2021_00062,25.306889,0.9404377937316895,0.1668285,0.9200156067108857,nan,nan
PP-MAE-v2 (mask-free) [PROPOSED],BraTS2021_00062,25.061726,0.936008632183075,0.17069148,0.9366138448707256,0.0,0.0
PP-MAE-v2 (mask-free) [PROPOSED],BraTS2021_00062,25.289991,0.9376710653305054,0.1736663,0.9400086318515322,nan,nan
PP-MAE-v2 (mask-free) [PROPOSED],BraTS2021_00062,24.960014,0.9427606463432312,0.1729865,0.9066780821917808,nan,nan
PP-MAE-v2 (mask-free) [PROPOSED],BraTS2021_00062,25.20896,0.9443023800849915,0.17157996,0.8958880139982502,nan,nan
PP-MAE-v2 (mask-free) [PROPOSED],BraTS2021_00062,25.058784,0.9408700466156006,0.1784819,0.9065958388667552,nan,nan
PP-MAE-v2 (mask-free) [PROPOSED],BraTS2021_00062,25.133747,0.9421951174736023,0.1795135,0.8694528220594572,nan,nan
PP-MAE-v2 (mask-free) [PROPOSED],BraTS2021_00062,25.355919,0.9440610408782959,0.17784673,0.8516579406631762,nan,nan
PP-MAE-v2 (mask-free) [PROPOSED],BraTS2021_00062,24.896473,0.9409402012825012,0.18657589,0.8615245827695084,nan,nan
PP-MAE-v2 (mask-free) [PROPOSED],BraTS2021_00062,24.23216,0.936703085899353,0.19929275,0.905458089668616,nan,nan
PP-MAE-v2 (mask-free) [PROPOSED],BraTS2021_00062,24.37541,0.933627188205719,0.20593545,0.9066534260178749,0.0,0.0
PP-MAE-v2 (mask-free) [PROPOSED],BraTS2021_00062,24.978584,0.9381389021873474,0.20316303,0.8922279792746114,nan,nan
PP-MAE-v2 (mask-free) [PROPOSED],BraTS2021_00062,24.944857,0.9387578368186951,0.20470461,0.8848684210526315,nan,nan
PP-MAE-v2 (mask-free) [PROPOSED],BraTS2021_00062,24.885586,0.9382056593894958,0.21013787,0.8501783590963139,0.0,0.0
PP-MAE-v2 (mask-free) [PROPOSED],BraTS2021_00062,24.079689,0.931747555732727,0.23040645,0.8684034736138945,0.0,0.0
PP-MAE-v2 (mask-free) [PROPOSED],BraTS2021_00062,23.799192,0.925714373588562,0.2454568,0.9152288072018004,nan,nan
PP-MAE-v2 (mask-free) [PROPOSED],BraTS2021_00062,24.401833,0.9338012337684631,0.24119322,0.8788638262322472,0.0,0.0
PP-MAE-v2 (mask-free) [PROPOSED],BraTS2021_00062,24.797684,0.9413180947303772,0.23331329,0.8731060606060606,nan,nan
PP-MAE-v2 (mask-free) [PROPOSED],BraTS2021_00062,25.12365,0.9413610696792603,0.2401045,0.8111888111888111,0.0,0.0
PP-MAE-v2 (mask-free) [PROPOSED],BraTS2021_00062,24.585325,0.9319547414779663,0.26337355,0.7761194029850746,0.0,0.0
PP-MAE-v2 (mask-free) [PROPOSED],BraTS2021_00062,24.832632,0.930503785610199,0.2737288,0.6467289719626168,0.0,0.0
PP-MAE-v2 (mask-free) [PROPOSED],BraTS2021_00066,25.162758,0.8868265151977539,0.18663721,0.8472222222222222,nan,nan
PP-MAE-v2 (mask-free) [PROPOSED],BraTS2021_00066,25.231178,0.8951889276504517,0.18539941,0.8259587020648967,nan,nan
PP-MAE-v2 (mask-free) [PROPOSED],BraTS2021_00066,25.089039,0.8910274505615234,0.18893059,0.943089430894309,nan,nan
PP-MAE-v2 (mask-free) [PROPOSED],BraTS2021_00066,25.17397,0.8973406553268433,0.18592703,0.9328859060402684,nan,nan
PP-MAE-v2 (mask-free) [PROPOSED],BraTS2021_00066,24.631994,0.8894160985946655,0.19331875,0.9553956834532374,nan,nan
PP-MAE-v2 (mask-free) [PROPOSED],BraTS2021_00066,24.781168,0.8959398865699768,0.18962198,0.945321992709599,nan,nan
PP-MAE-v2 (mask-free) [PROPOSED],BraTS2021_00066,24.371832,0.8974860906600952,0.1926634,0.9270142180094787,nan,nan
PP-MAE-v2 (mask-free) [PROPOSED],BraTS2021_00066,24.783478,0.9154375791549683,0.1799232,0.9388429752066115,nan,nan
PP-MAE-v2 (mask-free) [PROPOSED],BraTS2021_00066,24.52528,0.9138473868370056,0.18560293,0.9598765432098766,nan,nan
PP-MAE-v2 (mask-free) [PROPOSED],BraTS2021_00066,25.244902,0.9183014631271362,0.17484158,0.9621318373071529,0.0,0.0
PP-MAE-v2 (mask-free) [PROPOSED],BraTS2021_00066,24.945642,0.9170024991035461,0.18169062,0.9366925064599483,0.8191489361702128,0.8191489361702128
PP-MAE-v2 (mask-free) [PROPOSED],BraTS2021_00066,24.645102,0.911655068397522,0.18201818,0.9508196721311475,0.9309309309309309,0.9079754601226994
PP-MAE-v2 (mask-free) [PROPOSED],BraTS2021_00066,24.13866,0.9096894264221191,0.18732233,0.9576968272620446,0.9375,0.852760736196319
PP-MAE-v2 (mask-free) [PROPOSED],BraTS2021_00066,24.567177,0.9148088693618774,0.18456647,0.9421203438395416,0.9506172839506173,0.8579881656804734
PP-MAE-v2 (mask-free) [PROPOSED],BraTS2021_00066,24.48494,0.9189766645431519,0.17983301,0.9497459062676454,0.9284403669724771,0.8478260869565217
PP-MAE-v2 (mask-free) [PROPOSED],BraTS2021_00066,24.723324,0.9226642847061157,0.17966126,0.9457700650759219,0.9079754601226994,0.7623762376237624
PP-MAE-v2 (mask-free) [PROPOSED],BraTS2021_00066,24.75232,0.9278294444084167,0.17788048,0.9560269011898603,0.3690773067331671,0.47547169811320755
PP-MAE-v2 (mask-free) [PROPOSED],BraTS2021_00066,24.699589,0.933638870716095,0.17066729,0.958374628344896,0.8161888701517707,0.662613981762918
PP-MAE-v2 (mask-free) [PROPOSED],BraTS2021_00066,25.429634,0.9396457672119141,0.16333583,0.9330073349633252,0.9628571428571429,0.8483412322274881
PP-MAE-v2 (mask-free) [PROPOSED],BraTS2021_00066,25.077923,0.9384288787841797,0.16367938,0.9617383089277279,0.7323529411764705,0.5433255269320844
PP-MAE-v2 (mask-free) [PROPOSED],BraTS2021_00066,25.169313,0.938950777053833,0.16351561,0.9450980392156862,0.9258741258741259,0.7788018433179723
PP-MAE-v2 (mask-free) [PROPOSED],BraTS2021_00066,24.758375,0.9284518957138062,0.17651507,0.9450121654501217,0.8302469135802469,0.5652173913043478
PP-MAE-v2 (mask-free) [PROPOSED],BraTS2021_00066,25.388319,0.9386539459228516,0.16090237,0.9378313253012048,0.928,0.8410852713178295
PP-MAE-v2 (mask-free) [PROPOSED],BraTS2021_00066,26.031654,0.9422754049301147,0.15436842,0.9660774008600096,0.08762886597938144,0.10116731517509728
PP-MAE-v2 (mask-free) [PROPOSED],BraTS2021_00066,25.979275,0.9363595247268677,0.15595536,0.9613935969868174,0.8313253012048193,0.6752767527675276
PP-MAE-v2 (mask-free) [PROPOSED],BraTS2021_00066,26.088488,0.9340499043464661,0.15334988,0.9388888888888889,0.8794701986754967,0.7420634920634921
PP-MAE-v2 (mask-free) [PROPOSED],BraTS2021_00066,25.973267,0.9277631640434265,0.15733434,0.9338446788111218,0.8377483443708609,0.765661252900232
PP-MAE-v2 (mask-free) [PROPOSED],BraTS2021_00066,25.821554,0.9204745888710022,0.15608269,0.9429906542056075,0.9279279279279279,0.779874213836478
PP-MAE-v2 (mask-free) [PROPOSED],BraTS2021_00066,25.802711,0.9181666970252991,0.16173154,0.8958241758241758,0.5823389021479713,0.554016620498615
PP-MAE-v2 (mask-free) [PROPOSED],BraTS2021_00066,25.732235,0.9183074831962585,0.1581114,0.7880239520958083,0.8571428571428571,0.7276595744680852
PP-MAE-v2 (mask-free) [PROPOSED],BraTS2021_00066,25.610176,0.9115431904792786,0.16335718,0.9013557737260403,0.7702702702702703,0.7597254004576659
PP-MAE-v2 (mask-free) [PROPOSED],BraTS2021_00066,26.038013,0.9124637842178345,0.16453215,0.9070339399901624,0.8545454545454545,0.8545454545454545
PP-MAE-v2 (mask-free) [PROPOSED],BraTS2021_00066,25.39169,0.9117408990859985,0.17021343,0.9293598233995585,0.7397260273972602,0.7397260273972602
PP-MAE-v2 (mask-free) [PROPOSED],BraTS2021_00066,25.639631,0.9140071272850037,0.1675822,0.9084380610412927,0.19047619047619047,0.19047619047619047
PP-MAE-v2 (mask-free) [PROPOSED],BraTS2021_00066,25.97924,0.9080840945243835,0.16625085,0.9341692789968652,0.0,0.0
PP-MAE-v2 (mask-free) [PROPOSED],BraTS2021_00066,25.081356,0.9059196710586548,0.17369826,0.908835904628331,0.0,0.0
PP-MAE-v2 (mask-free) [PROPOSED],BraTS2021_00066,25.405094,0.9036988019943237,0.17478527,0.910266774454325,nan,nan
PP-MAE-v2 (mask-free) [PROPOSED],BraTS2021_00066,24.84741,0.9034338593482971,0.18295614,0.9011194029850746,0.0,0.0
PP-MAE-v2 (mask-free) [PROPOSED],BraTS2021_00066,24.46703,0.8843123316764832,0.19710775,0.9182530795072789,nan,nan
PP-MAE-v2 (mask-free) [PROPOSED],BraTS2021_00066,24.37279,0.8795831799507141,0.19954911,0.9321824907521579,0.0,0.0
PP-MAE-v2 (mask-free) [PROPOSED],BraTS2021_00066,24.298765,0.8828507661819458,0.19958808,0.9164179104477612,nan,nan
PP-MAE-v2 (mask-free) [PROPOSED],BraTS2021_00066,23.915821,0.8737427592277527,0.20926957,0.9489291598023064,nan,nan
PP-MAE-v2 (mask-free) [PROPOSED],BraTS2021_00066,23.247139,0.8575606346130371,0.22812332,0.9301533219761499,nan,nan
PP-MAE-v2 (mask-free) [PROPOSED],BraTS2021_00066,23.458996,0.8716852068901062,0.22339518,0.911660777385159,nan,nan
PP-MAE-v2 (mask-free) [PROPOSED],BraTS2021_00066,23.161762,0.8597288131713867,0.23254874,0.90234375,nan,nan
PP-MAE-v2 (mask-free) [PROPOSED],BraTS2021_00066,23.758667,0.8740264773368835,0.22313297,0.8862275449101796,nan,nan
PP-MAE-v2 (mask-free) [PROPOSED],BraTS2021_00066,23.57834,0.8660296201705933,0.23346265,0.8747044917257684,nan,nan
PP-MAE-v2 (mask-free) [PROPOSED],BraTS2021_00066,23.293304,0.8627614378929138,0.23652773,0.0,nan,nan
PP-MAE-v2 (mask-free) [PROPOSED],BraTS2021_00066,23.61078,0.8621809482574463,0.23536596,0.8590163934426229,0.0,0.0
PP-MAE-v2 (mask-free) [PROPOSED],BraTS2021_00071,27.07874,0.9464125037193298,0.17559904,nan,nan,nan
PP-MAE-v2 (mask-free) [PROPOSED],BraTS2021_00071,25.980158,0.9290865063667297,0.1996455,nan,nan,nan
PP-MAE-v2 (mask-free) [PROPOSED],BraTS2021_00071,26.026344,0.9298238754272461,0.19950032,nan,nan,nan
PP-MAE-v2 (mask-free) [PROPOSED],BraTS2021_00071,26.01576,0.9355775713920593,0.19749404,nan,nan,nan
PP-MAE-v2 (mask-free) [PROPOSED],BraTS2021_00071,26.406075,0.9306996464729309,0.20130819,nan,nan,nan
PP-MAE-v2 (mask-free) [PROPOSED],BraTS2021_00071,25.948603,0.9254661798477173,0.20655777,0.0,nan,nan
PP-MAE-v2 (mask-free) [PROPOSED],BraTS2021_00071,25.482647,0.9129453897476196,0.21644132,0.0,nan,nan
PP-MAE-v2 (mask-free) [PROPOSED],BraTS2021_00071,24.736046,0.8883721232414246,0.2358696,0.0,nan,nan
PP-MAE-v2 (mask-free) [PROPOSED],BraTS2021_00071,25.707642,0.9046754837036133,0.20910919,0.0,nan,nan
PP-MAE-v2 (mask-free) [PROPOSED],BraTS2021_00071,25.931736,0.908279538154602,0.19993997,0.8117249154453213,nan,nan
PP-MAE-v2 (mask-free) [PROPOSED],BraTS2021_00071,25.73602,0.9096180200576782,0.19842762,0.8720626631853786,0.0,0.0
PP-MAE-v2 (mask-free) [PROPOSED],BraTS2021_00071,25.65884,0.9101006984710693,0.19576195,0.8768115942028986,0.39603960396039606,0.39603960396039606
PP-MAE-v2 (mask-free) [PROPOSED],BraTS2021_00071,25.117252,0.8959440588951111,0.20121539,0.9294605809128631,0.7019867549668874,0.7019867549668874
PP-MAE-v2 (mask-free) [PROPOSED],BraTS2021_00071,24.70166,0.8863314986228943,0.20991474,0.9175920514319111,0.5312977099236641,0.5193199381761978
PP-MAE-v2 (mask-free) [PROPOSED],BraTS2021_00071,25.28897,0.8959919214248657,0.1968219,0.8716931216931217,0.797153024911032,0.7550644567219152
PP-MAE-v2 (mask-free) [PROPOSED],BraTS2021_00071,25.174124,0.8990480303764343,0.20064539,0.8573446327683616,0.7607142857142857,0.7550200803212851
PP-MAE-v2 (mask-free) [PROPOSED],BraTS2021_00071,26.051575,0.9188148379325867,0.17942442,0.8791848617176128,0.6845425867507886,0.6774193548387096
PP-MAE-v2 (mask-free) [PROPOSED],BraTS2021_00071,25.339226,0.9001970887184143,0.19576097,0.9044862518089725,0.589018302828619,0.5991902834008097
PP-MAE-v2 (mask-free) [PROPOSED],BraTS2021_00071,25.308128,0.9096666574478149,0.19525227,0.9085501858736059,0.6540642722117203,0.6583541147132169
PP-MAE-v2 (mask-free) [PROPOSED],BraTS2021_00071,25.194077,0.9087985754013062,0.19787662,0.8938906752411575,0.9033333333333333,0.7193460490463215
PP-MAE-v2 (mask-free) [PROPOSED],BraTS2021_00071,25.52,0.9168931245803833,0.19023414,0.9115977291159773,0.9281437125748503,0.819672131147541
PP-MAE-v2 (mask-free) [PROPOSED],BraTS2021_00071,25.439003,0.9125688076019287,0.19441184,0.9139414802065404,0.9286846275752774,0.8125
PP-MAE-v2 (mask-free) [PROPOSED],BraTS2021_00071,25.209332,0.908443808555603,0.19554757,0.8970331588132635,0.9241773962804005,0.8221709006928406
PP-MAE-v2 (mask-free) [PROPOSED],BraTS2021_00071,25.36926,0.9070920348167419,0.19960114,0.8737511353315168,0.7389162561576355,0.6787564766839378
PP-MAE-v2 (mask-free) [PROPOSED],BraTS2021_00071,25.59834,0.914049506187439,0.18791784,0.9089332176929749,0.6918032786885245,0.5824742268041238
PP-MAE-v2 (mask-free) [PROPOSED],BraTS2021_00071,25.468555,0.901127278804779,0.19697581,0.8660801564027371,0.8531684698608965,0.7339901477832512
PP-MAE-v2 (mask-free) [PROPOSED],BraTS2021_00071,25.401485,0.9023563265800476,0.19263932,0.8982725527831094,0.8753117206982544,0.7509727626459144
PP-MAE-v2 (mask-free) [PROPOSED],BraTS2021_00071,25.541924,0.9023714065551758,0.19112411,0.8584995251661919,0.826629680998613,0.6824644549763034
PP-MAE-v2 (mask-free) [PROPOSED],BraTS2021_00071,25.283993,0.9098471999168396,0.19232617,0.9026717557251909,0.8674698795180723,0.7590361445783133
PP-MAE-v2 (mask-free) [PROPOSED],BraTS2021_00071,25.408361,0.9035579562187195,0.1958649,0.8738828202581926,0.5471698113207547,0.4932249322493225
PP-MAE-v2 (mask-free) [PROPOSED],BraTS2021_00071,25.567598,0.907892644405365,0.188007,0.932,0.9213793103448276,0.8571428571428571
PP-MAE-v2 (mask-free) [PROPOSED],BraTS2021_00071,24.864132,0.8887423872947693,0.20090403,0.9627450980392157,0.9310344827586207,0.8896210873146623
PP-MAE-v2 (mask-free) [PROPOSED],BraTS2021_00071,25.102451,0.9088547825813293,0.19637775,0.9373776908023483,0.9088050314465409,0.8659420289855072
PP-MAE-v2 (mask-free) [PROPOSED],BraTS2021_00071,25.028996,0.8983643651008606,0.20423879,0.9544072948328267,0.8417391304347827,0.8099808061420346
PP-MAE-v2 (mask-free) [PROPOSED],BraTS2021_00071,25.082233,0.9121299386024475,0.19621491,0.9407191448007775,0.8571428571428571,0.7973856209150327
PP-MAE-v2 (mask-free) [PROPOSED],BraTS2021_00071,24.663883,0.9015949964523315,0.2096086,0.9035714285714286,0.864963503649635,0.8095238095238095
PP-MAE-v2 (mask-free) [PROPOSED],BraTS2021_00071,24.267426,0.8902162313461304,0.22093669,0.9560117302052786,0.7626168224299066,0.6529680365296804
PP-MAE-v2 (mask-free) [PROPOSED],BraTS2021_00071,24.211142,0.9057292342185974,0.21864125,0.9052631578947369,0.708994708994709,0.6143790849673203
PP-MAE-v2 (mask-free) [PROPOSED],BraTS2021_00071,24.011515,0.894138753414154,0.22602755,0.8886910062333037,0.609375,0.6108108108108108
PP-MAE-v2 (mask-free) [PROPOSED],BraTS2021_00071,23.722876,0.8897097706794739,0.23171093,0.8942202835332607,0.041379310344827586,0.04285714285714286
PP-MAE-v2 (mask-free) [PROPOSED],BraTS2021_00071,23.59008,0.8897731900215149,0.235115,0.9533898305084746,0.272,0.2764227642276423
PP-MAE-v2 (mask-free) [PROPOSED],BraTS2021_00071,23.662903,0.8978418707847595,0.23464893,0.7742749054224464,0.0,0.0
PP-MAE-v2 (mask-free) [PROPOSED],BraTS2021_00071,23.793549,0.8990816473960876,0.22871749,0.9220636663007684,0.0,0.0
PP-MAE-v2 (mask-free) [PROPOSED],BraTS2021_00071,24.12358,0.9009656310081482,0.22472242,0.7911227154046997,0.0,0.0
PP-MAE-v2 (mask-free) [PROPOSED],BraTS2021_00071,24.061909,0.9147014617919922,0.21700992,0.8017751479289941,0.0,0.0
PP-MAE-v2 (mask-free) [PROPOSED],BraTS2021_00071,23.99696,0.9033089280128479,0.2202302,0.8467374810318664,nan,nan
PP-MAE-v2 (mask-free) [PROPOSED],BraTS2021_00071,24.693043,0.9177306294441223,0.2055683,0.8771929824561403,nan,nan
PP-MAE-v2 (mask-free) [PROPOSED],BraTS2021_00071,24.567299,0.9173101186752319,0.21042292,0.7724867724867724,nan,nan
PP-MAE-v2 (mask-free) [PROPOSED],BraTS2021_00071,23.384344,0.8815305829048157,0.24250418,0.79491833030853,nan,nan
PP-MAE-v2 (mask-free) [PROPOSED],BraTS2021_00071,24.469494,0.9113898277282715,0.21003762,0.8360957642725598,nan,nan
PP-MAE-v2 (mask-free) [PROPOSED],BraTS2021_00071,24.407001,0.9112846255302429,0.21187244,0.855595667870036,nan,nan
PP-MAE-v2 (mask-free) [PROPOSED],BraTS2021_00071,24.834097,0.9139032363891602,0.20253274,0.8318965517241379,nan,nan
PP-MAE-v2 (mask-free) [PROPOSED],BraTS2021_00071,24.676815,0.9107547402381897,0.20626566,0.8840864440078585,nan,nan
PP-MAE-v2 (mask-free) [PROPOSED],BraTS2021_00071,25.391768,0.920444130897522,0.19096823,0.808695652173913,nan,nan
PP-MAE-v2 (mask-free) [PROPOSED],BraTS2021_00071,25.845375,0.9241136312484741,0.17706381,0.8496732026143791,nan,nan
PP-MAE-v2 (mask-free) [PROPOSED],BraTS2021_00071,27.35303,0.9390243291854858,0.1525613,0.8685968819599109,nan,nan
PP-MAE-v2 (mask-free) [PROPOSED],BraTS2021_00071,27.213144,0.9403561353683472,0.15095791,0.5652173913043478,nan,nan
PP-MAE-v2 (mask-free) [PROPOSED],BraTS2021_00071,27.187502,0.9388785362243652,0.15153429,0.6,nan,nan
PP-MAE-v2 (mask-free) [PROPOSED],BraTS2021_00071,28.331013,0.9441932439804077,0.13750085,0.44144144144144143,nan,nan
PP-MAE-v2 (mask-free) [PROPOSED],BraTS2021_00071,28.127625,0.9426265358924866,0.13656104,0.0,nan,nan
PP-MAE-v2 (mask-free) [PROPOSED],BraTS2021_00071,27.466217,0.9408848881721497,0.14785677,0.0,nan,nan
PP-MAE-v2 (mask-free) [PROPOSED],BraTS2021_00071,28.013842,0.9435192942619324,0.14049415,0.0,nan,nan
PP-MAE-v2 (mask-free) [PROPOSED],BraTS2021_00071,28.454573,0.9465025663375854,0.13474053,0.0,nan,nan
PP-MAE-v2 (mask-free) [PROPOSED],BraTS2021_00074,26.339443,0.889827311038971,0.19963917,0.0,nan,nan
PP-MAE-v2 (mask-free) [PROPOSED],BraTS2021_00074,26.516842,0.907376766204834,0.19396938,0.0,nan,nan
PP-MAE-v2 (mask-free) [PROPOSED],BraTS2021_00074,27.080917,0.9024667143821716,0.18086372,0.0,nan,nan
PP-MAE-v2 (mask-free) [PROPOSED],BraTS2021_00074,26.738203,0.908759355545044,0.18688667,0.0,nan,nan
PP-MAE-v2 (mask-free) [PROPOSED],BraTS2021_00074,26.418112,0.9020243287086487,0.19587839,0.1223021582733813,nan,nan
PP-MAE-v2 (mask-free) [PROPOSED],BraTS2021_00074,26.317446,0.9065642952919006,0.19982737,0.5687022900763359,nan,nan
PP-MAE-v2 (mask-free) [PROPOSED],BraTS2021_00074,27.339642,0.9195120930671692,0.17167544,0.7075812274368231,nan,nan
PP-MAE-v2 (mask-free) [PROPOSED],BraTS2021_00074,26.65234,0.9143294095993042,0.18517175,0.7859375,nan,nan
PP-MAE-v2 (mask-free) [PROPOSED],BraTS2021_00074,27.453737,0.9213894605636597,0.16902657,0.845,0.0,0.0
PP-MAE-v2 (mask-free) [PROPOSED],BraTS2021_00074,25.374624,0.8842744827270508,0.2138786,0.8597194388777555,0.4087193460490463,0.4087193460490463
PP-MAE-v2 (mask-free) [PROPOSED],BraTS2021_00074,27.523497,0.9242254495620728,0.16624834,0.9342941924544298,0.7091412742382271,0.7405247813411079
PP-MAE-v2 (mask-free) [PROPOSED],BraTS2021_00074,26.078316,0.9175957441329956,0.18910612,0.8795081967213115,0.42597402597402595,0.42105263157894735
PP-MAE-v2 (mask-free) [PROPOSED],BraTS2021_00074,26.799465,0.9257622361183167,0.17085436,0.8986241853729182,0.3832599118942731,0.3273657289002558
PP-MAE-v2 (mask-free) [PROPOSED],BraTS2021_00074,26.469257,0.9210407137870789,0.1813562,0.8608045567817729,0.1839080459770115,0.21904761904761905
PP-MAE-v2 (mask-free) [PROPOSED],BraTS2021_00074,26.180191,0.9154809713363647,0.18581909,0.9481174029054255,0.6245530393325387,0.5470588235294118
PP-MAE-v2 (mask-free) [PROPOSED],BraTS2021_00074,26.085571,0.9163554310798645,0.18659025,0.9564705882352941,0.8511705685618729,0.7710084033613446
PP-MAE-v2 (mask-free) [PROPOSED],BraTS2021_00074,26.008694,0.9205427169799805,0.18975,0.9536009109023627,0.8548256285482563,0.774869109947644
PP-MAE-v2 (mask-free) [PROPOSED],BraTS2021_00074,27.210934,0.9238531589508057,0.16434965,0.9415057374755108,0.8840892728581713,0.799650043744532
PP-MAE-v2 (mask-free) [PROPOSED],BraTS2021_00074,26.868793,0.9259562492370605,0.1701926,0.9675433687744823,0.6915739268680445,0.6265286923800565
PP-MAE-v2 (mask-free) [PROPOSED],BraTS2021_00074,26.901276,0.9286471009254456,0.16498162,0.9503122454520772,0.8525226390685641,0.7642857142857142
PP-MAE-v2 (mask-free) [PROPOSED],BraTS2021_00074,26.774685,0.9251899123191833,0.16567001,0.9741540101252332,0.8011142061281337,0.7776838546069316
PP-MAE-v2 (mask-free) [PROPOSED],BraTS2021_00074,26.044155,0.9222841262817383,0.17929347,0.9655172413793104,0.8737238044062332,0.7433070866141732
PP-MAE-v2 (mask-free) [PROPOSED],BraTS2021_00074,27.252447,0.9397342205047607,0.15568219,0.9663376360415085,0.8262295081967214,0.6935483870967742
PP-MAE-v2 (mask-free) [PROPOSED],BraTS2021_00074,26.50773,0.9304597973823547,0.16841073,0.9557796741660202,0.9272070211667527,0.7873900293255132
PP-MAE-v2 (mask-free) [PROPOSED],BraTS2021_00074,27.030027,0.9317195415496826,0.16252787,0.968994202167885,0.8871715610510046,0.7377777777777778
PP-MAE-v2 (mask-free) [PROPOSED],BraTS2021_00074,27.223473,0.9358946084976196,0.156482,0.9766390354182366,0.9416419386745796,0.7857641311933008
PP-MAE-v2 (mask-free) [PROPOSED],BraTS2021_00074,26.784359,0.9364868998527527,0.16408214,0.9503250975292588,0.9460500963391136,0.8048010107391029
PP-MAE-v2 (mask-free) [PROPOSED],BraTS2021_00074,26.829464,0.9373543858528137,0.16341825,0.9642397736043221,0.9534192269573836,0.8427919112850619
PP-MAE-v2 (mask-free) [PROPOSED],BraTS2021_00074,27.77812,0.9470253586769104,0.1459553,0.9527330340639029,0.9527127924340468,0.8431654676258993
PP-MAE-v2 (mask-free) [PROPOSED],BraTS2021_00074,26.630096,0.940954864025116,0.1623,0.9743975903614458,0.9567053854276664,0.7959697732997482
PP-MAE-v2 (mask-free) [PROPOSED],BraTS2021_00074,27.048756,0.9425014853477478,0.15607637,0.9663716814159292,0.9411129119394922,0.7081967213114754
PP-MAE-v2 (mask-free) [PROPOSED],BraTS2021_00074,26.13288,0.9364540576934814,0.17700712,0.9006194451925666,0.6652452025586354,0.5543766578249337
PP-MAE-v2 (mask-free) [PROPOSED],BraTS2021_00074,27.611105,0.9504751563072205,0.14482735,0.9530469530469531,0.9505962521294719,0.8210116731517509
PP-MAE-v2 (mask-free) [PROPOSED],BraTS2021_00074,27.407177,0.9440087080001831,0.15332738,0.9308685743226133,0.9094462540716612,0.8509719222462203
PP-MAE-v2 (mask-free) [PROPOSED],BraTS2021_00074,28.260527,0.9566572904586792,0.13572767,0.9437927663734116,0.8906030855539971,0.5997693194925029
PP-MAE-v2 (mask-free) [PROPOSED],BraTS2021_00074,26.419706,0.9429656863212585,0.16424824,0.9654857142857143,0.5650857719475277,0.26151012891344383
PP-MAE-v2 (mask-free) [PROPOSED],BraTS2021_00074,28.025778,0.9535406827926636,0.13947521,0.9813776082566749,0.8322981366459627,0.3296296296296296
PP-MAE-v2 (mask-free) [PROPOSED],BraTS2021_00074,28.320694,0.9559940695762634,0.13606444,0.9488623563865736,0.5800756620428752,0.5296167247386759
PP-MAE-v2 (mask-free) [PROPOSED],BraTS2021_00074,27.162113,0.9456332921981812,0.15460713,0.9771528998242531,0.6838407494145199,0.7382352941176471
PP-MAE-v2 (mask-free) [PROPOSED],BraTS2021_00074,28.297905,0.9578580856323242,0.13243757,0.9715565509518477,0.775330396475771,0.7297297297297297
PP-MAE-v2 (mask-free) [PROPOSED],BraTS2021_00074,27.8866,0.9523109197616577,0.13722338,0.9696157283288651,0.7506426735218509,0.7619047619047619
PP-MAE-v2 (mask-free) [PROPOSED],BraTS2021_00074,26.530956,0.9434798359870911,0.16337588,0.9766606822262118,0.7125984251968503,0.6623376623376623
PP-MAE-v2 (mask-free) [PROPOSED],BraTS2021_00074,27.760439,0.9484473466873169,0.14366816,0.9678931333489571,0.36607142857142855,0.4356955380577428
PP-MAE-v2 (mask-free) [PROPOSED],BraTS2021_00074,27.556072,0.9543989300727844,0.14576034,0.9758337361043983,0.3453815261044177,0.10138248847926268
PP-MAE-v2 (mask-free) [PROPOSED],BraTS2021_00074,28.63103,0.955846905708313,0.13336581,0.9701529972410333,0.18274111675126903,0.014285714285714285
PP-MAE-v2 (mask-free) [PROPOSED],BraTS2021_00074,28.847086,0.9601506590843201,0.12911525,0.980550644102046,0.3595505617977528,0.0
PP-MAE-v2 (mask-free) [PROPOSED],BraTS2021_00074,28.205336,0.9531758427619934,0.13812089,0.9835317963009881,0.1016949152542373,0.0
PP-MAE-v2 (mask-free) [PROPOSED],BraTS2021_00074,26.74747,0.9473418593406677,0.16048513,0.9796131730266597,0.0,nan
PP-MAE-v2 (mask-free) [PROPOSED],BraTS2021_00074,28.515139,0.9534912705421448,0.13164614,0.9830949284785435,0.0,nan
PP-MAE-v2 (mask-free) [PROPOSED],BraTS2021_00074,28.829002,0.957852303981781,0.12806606,0.9849802371541502,0.0,nan
PP-MAE-v2 (mask-free) [PROPOSED],BraTS2021_00074,27.032259,0.9404022097587585,0.15715785,0.9821910415542364,0.0,nan
PP-MAE-v2 (mask-free) [PROPOSED],BraTS2021_00074,25.996635,0.9323457479476929,0.1772802,0.9731843575418995,nan,nan
PP-MAE-v2 (mask-free) [PROPOSED],BraTS2021_00074,28.278477,0.9505283832550049,0.13926989,0.975609756097561,0.0,0.0
PP-MAE-v2 (mask-free) [PROPOSED],BraTS2021_00074,27.186798,0.9367989301681519,0.16098103,0.9706390328151986,0.0,nan
PP-MAE-v2 (mask-free) [PROPOSED],BraTS2021_00074,26.352268,0.9302297234535217,0.17633735,0.9748297305300563,nan,nan
PP-MAE-v2 (mask-free) [PROPOSED],BraTS2021_00074,27.100317,0.9387375116348267,0.1561309,0.9777914867365823,nan,nan
PP-MAE-v2 (mask-free) [PROPOSED],BraTS2021_00074,26.748642,0.9257155060768127,0.16874127,0.9636650868878357,nan,nan
PP-MAE-v2 (mask-free) [PROPOSED],BraTS2021_00074,27.831114,0.9424404501914978,0.142895,0.9622579586478504,0.0,0.0
PP-MAE-v2 (mask-free) [PROPOSED],BraTS2021_00074,27.002563,0.9305129051208496,0.16218491,0.9463629684055841,nan,nan
PP-MAE-v2 (mask-free) [PROPOSED],BraTS2021_00074,27.08987,0.9301095604896545,0.16432555,0.9681289838770154,0.0,0.0
PP-MAE-v2 (mask-free) [PROPOSED],BraTS2021_00074,27.256256,0.9197933673858643,0.16178983,0.9614121510673235,0.0,0.0
PP-MAE-v2 (mask-free) [PROPOSED],BraTS2021_00074,26.166716,0.9141961336135864,0.18522643,0.9454545454545454,nan,nan
PP-MAE-v2 (mask-free) [PROPOSED],BraTS2021_00074,26.223087,0.915619432926178,0.182578,0.9413055403181568,nan,nan
PP-MAE-v2 (mask-free) [PROPOSED],BraTS2021_00074,26.688725,0.9188709855079651,0.17662355,0.878345498783455,nan,nan
PP-MAE-v2 (mask-free) [PROPOSED],BraTS2021_00074,25.795452,0.9059445858001709,0.19867742,0.7957405614714425,nan,nan
PP-MAE-v2 (mask-free) [PROPOSED],BraTS2021_00074,26.547983,0.9054967761039734,0.18399332,0.7667087011349306,0.0,0.0
PP-MAE-v2 (mask-free) [PROPOSED],BraTS2021_00085,27.16583,0.9156811237335205,0.15675181,0.0,nan,nan
PP-MAE-v2 (mask-free) [PROPOSED],BraTS2021_00085,27.084673,0.9048473238945007,0.15864019,0.41916167664670656,0.0,0.0
PP-MAE-v2 (mask-free) [PROPOSED],BraTS2021_00085,27.522392,0.9183372259140015,0.15358889,0.0,nan,nan
PP-MAE-v2 (mask-free) [PROPOSED],BraTS2021_00085,27.686882,0.9183768033981323,0.14763987,0.6311010215664018,nan,nan
PP-MAE-v2 (mask-free) [PROPOSED],BraTS2021_00085,27.461979,0.9104741811752319,0.15071723,0.44501278772378516,0.0,0.0
PP-MAE-v2 (mask-free) [PROPOSED],BraTS2021_00085,26.790802,0.914176344871521,0.1580059,0.8364222401289283,0.0,0.0
PP-MAE-v2 (mask-free) [PROPOSED],BraTS2021_00085,27.621662,0.9300486445426941,0.14201443,0.860248447204969,0.0,0.0
PP-MAE-v2 (mask-free) [PROPOSED],BraTS2021_00085,27.497528,0.9289809465408325,0.14551097,0.9231974921630094,0.0,0.0
PP-MAE-v2 (mask-free) [PROPOSED],BraTS2021_00085,27.490213,0.9209362864494324,0.14620838,0.8297872340425532,0.0,0.0
PP-MAE-v2 (mask-free) [PROPOSED],BraTS2021_00085,27.583628,0.9337635636329651,0.14450763,0.851520572450805,0.0,0.0
PP-MAE-v2 (mask-free) [PROPOSED],BraTS2021_00085,27.764755,0.9401112794876099,0.13854897,0.9007444168734491,0.0,0.0
PP-MAE-v2 (mask-free) [PROPOSED],BraTS2021_00085,27.31434,0.9331092834472656,0.14520738,0.8670588235294118,0.0,0.0
PP-MAE-v2 (mask-free) [PROPOSED],BraTS2021_00085,27.532557,0.9457381963729858,0.13859627,0.875,0.0,0.0
PP-MAE-v2 (mask-free) [PROPOSED],BraTS2021_00085,27.516361,0.9383180141448975,0.14126533,0.909706546275395,0.0,0.0
PP-MAE-v2 (mask-free) [PROPOSED],BraTS2021_00085,28.741629,0.9513219594955444,0.12543154,0.8484149855907781,nan,nan
PP-MAE-v2 (mask-free) [PROPOSED],BraTS2021_00085,27.667933,0.9480139017105103,0.13449271,0.9264853977844915,0.0,0.0
PP-MAE-v2 (mask-free) [PROPOSED],BraTS2021_00085,28.713873,0.9559268951416016,0.12069504,0.8894709271870089,0.0,0.0
PP-MAE-v2 (mask-free) [PROPOSED],BraTS2021_00085,28.219975,0.9469101428985596,0.12730916,0.9191919191919192,0.5344827586206896,0.40816326530612246
PP-MAE-v2 (mask-free) [PROPOSED],BraTS2021_00085,27.28471,0.9433590173721313,0.13752499,0.911983032873807,0.19004524886877827,0.2098360655737705
PP-MAE-v2 (mask-free) [PROPOSED],BraTS2021_00085,27.434042,0.9481937885284424,0.13485269,0.9110169491525424,0.4716981132075472,0.4397905759162304
PP-MAE-v2 (mask-free) [PROPOSED],BraTS2021_00085,27.69981,0.9519085884094238,0.13195828,0.9222941720629048,0.21070234113712374,0.2907268170426065
PP-MAE-v2 (mask-free) [PROPOSED],BraTS2021_00085,27.577906,0.9509931802749634,0.13550617,0.8985360928823827,0.3341176470588235,0.48360655737704916
PP-MAE-v2 (mask-free) [PROPOSED],BraTS2021_00085,27.708939,0.9565193057060242,0.12977676,0.9070450097847358,0.3850267379679144,0.4114285714285714
PP-MAE-v2 (mask-free) [PROPOSED],BraTS2021_00085,27.535353,0.9502331018447876,0.13434821,0.8708780294000794,0.24078624078624078,0.21081081081081082
PP-MAE-v2 (mask-free) [PROPOSED],BraTS2021_00085,27.420723,0.9456406831741333,0.13590248,0.9285714285714286,0.27692307692307694,0.21176470588235294
PP-MAE-v2 (mask-free) [PROPOSED],BraTS2021_00085,27.816763,0.9478419423103333,0.13436781,0.9106029106029107,0.3155339805825243,0.20967741935483872
PP-MAE-v2 (mask-free) [PROPOSED],BraTS2021_00085,27.23349,0.9459945559501648,0.13784046,0.9143098353735754,0.20242914979757085,0.16071428571428573
PP-MAE-v2 (mask-free) [PROPOSED],BraTS2021_00085,26.732252,0.9380065202713013,0.14875214,0.8928098808998677,0.391812865497076,0.2847222222222222
PP-MAE-v2 (mask-free) [PROPOSED],BraTS2021_00085,26.773056,0.9325582385063171,0.15112369,0.857286432160804,0.5706371191135734,0.3698630136986301
PP-MAE-v2 (mask-free) [PROPOSED],BraTS2021_00085,25.86938,0.9219521284103394,0.16116552,0.9523381294964028,0.422680412371134,0.44621513944223107
PP-MAE-v2 (mask-free) [PROPOSED],BraTS2021_00085,26.067654,0.927671492099762,0.16170762,0.8821917808219178,0.36890243902439024,0.32754342431761785
PP-MAE-v2 (mask-free) [PROPOSED],BraTS2021_00085,25.765705,0.9194375872612,0.16772527,0.91417361451692,0.36464088397790057,0.3902439024390244
PP-MAE-v2 (mask-free) [PROPOSED],BraTS2021_00085,25.633507,0.9190561771392822,0.16888557,0.9180804653417354,0.39086294416243655,0.31137724550898205
PP-MAE-v2 (mask-free) [PROPOSED],BraTS2021_00085,25.148203,0.916883647441864,0.17486683,0.900398406374502,0.7281553398058253,0.6190476190476191
PP-MAE-v2 (mask-free) [PROPOSED],BraTS2021_00085,25.187866,0.9148772358894348,0.1817359,0.9402985074626866,0.6878306878306878,0.5095541401273885
PP-MAE-v2 (mask-free) [PROPOSED],BraTS2021_00085,24.875853,0.9133346080780029,0.1849009,0.9152380952380952,0.5614035087719298,0.5066666666666667
PP-MAE-v2 (mask-free) [PROPOSED],BraTS2021_00085,24.122139,0.8976498246192932,0.20158808,0.9101796407185628,0.6271186440677966,0.6808510638297872
PP-MAE-v2 (mask-free) [PROPOSED],BraTS2021_00085,23.611834,0.8841532468795776,0.21451071,0.907098121085595,0.232,0.18421052631578946
PP-MAE-v2 (mask-free) [PROPOSED],BraTS2021_00085,24.20486,0.9084408283233643,0.1977804,0.9195767195767196,0.21014492753623187,0.12556053811659193
PP-MAE-v2 (mask-free) [PROPOSED],BraTS2021_00085,23.976383,0.8972657322883606,0.20907828,0.9455470737913486,0.17266187050359713,0.0625
PP-MAE-v2 (mask-free) [PROPOSED],BraTS2021_00085,23.982677,0.8999575972557068,0.21041499,0.9298701298701298,0.1411764705882353,0.07792207792207792
PP-MAE-v2 (mask-free) [PROPOSED],BraTS2021_00085,23.617332,0.9018838405609131,0.21736038,0.9351851851851852,0.27848101265822783,0.23376623376623376
PP-MAE-v2 (mask-free) [PROPOSED],BraTS2021_00085,23.157764,0.8987134695053101,0.22878341,0.9348697394789579,0.16,0.16494845360824742
PP-MAE-v2 (mask-free) [PROPOSED],BraTS2021_00085,22.628414,0.8842544555664062,0.24917683,0.9221932114882506,0.03018867924528302,0.03319502074688797
PP-MAE-v2 (mask-free) [PROPOSED],BraTS2021_00085,22.244799,0.8843520879745483,0.2615377,0.9204737732656514,0.0,0.0
PP-MAE-v2 (mask-free) [PROPOSED],BraTS2021_00085,22.38387,0.8913500905036926,0.26279163,0.9067599067599068,0.06666666666666667,0.06896551724137931
PP-MAE-v2 (mask-free) [PROPOSED],BraTS2021_00085,22.575533,0.8948521614074707,0.26681513,0.9358407079646017,0.0,0.0
PP-MAE-v2 (mask-free) [PROPOSED],BraTS2021_00085,22.645185,0.900372326374054,0.2660338,0.9451575262543758,0.0,0.0
PP-MAE-v2 (mask-free) [PROPOSED],BraTS2021_00085,21.695068,0.8842490315437317,0.2940068,0.9045454545454545,0.0,0.0
PP-MAE-v2 (mask-free) [PROPOSED],BraTS2021_00085,21.856121,0.890813410282135,0.29378983,0.9082628497072218,0.019417475728155338,0.0
PP-MAE-v2 (mask-free) [PROPOSED],BraTS2021_00085,22.15904,0.8935337066650391,0.2964041,0.9296187683284457,0.0,0.0
PP-MAE-v2 (mask-free) [PROPOSED],BraTS2021_00085,22.12363,0.8969631791114807,0.30378512,0.942162615255658,0.0,0.0
PP-MAE-v2 (mask-free) [PROPOSED],BraTS2021_00085,21.924442,0.8881949186325073,0.32486865,0.8618556701030928,0.0,0.0
PP-MAE-v2 (mask-free) [PROPOSED],BraTS2021_00085,22.021362,0.883842945098877,0.34305274,0.8469387755102041,0.0,0.0
PP-MAE-v2 (mask-free) [PROPOSED],BraTS2021_00085,21.555767,0.8566609621047974,0.3813218,0.7925801011804384,0.0,0.0
PP-MAE-v2 (mask-free) [PROPOSED],BraTS2021_00085,21.37913,0.8338759541511536,0.41382325,0.7228260869565217,nan,nan
PP-MAE-v2 (mask-free) [PROPOSED],BraTS2021_00085,22.039635,0.860267162322998,0.4009871,0.49504950495049505,nan,nan
PP-MAE-v2 (mask-free) [PROPOSED],BraTS2021_00087,24.774714,0.9208367466926575,0.28660834,0.7763157894736842,nan,nan
PP-MAE-v2 (mask-free) [PROPOSED],BraTS2021_00087,24.53222,0.9226524233818054,0.27958202,0.7331536388140162,nan,nan
PP-MAE-v2 (mask-free) [PROPOSED],BraTS2021_00087,24.588823,0.9253973960876465,0.27472284,0.7354838709677419,nan,nan
PP-MAE-v2 (mask-free) [PROPOSED],BraTS2021_00087,24.168512,0.9186365604400635,0.28128096,0.8202531645569621,nan,nan
PP-MAE-v2 (mask-free) [PROPOSED],BraTS2021_00087,24.589052,0.9297645688056946,0.2589537,0.8969072164948454,nan,nan
PP-MAE-v2 (mask-free) [PROPOSED],BraTS2021_00087,23.76978,0.9217774868011475,0.27011296,0.9222797927461139,0.0,0.0
PP-MAE-v2 (mask-free) [PROPOSED],BraTS2021_00087,24.549713,0.9279053807258606,0.256397,0.8560885608856088,0.0,0.0
PP-MAE-v2 (mask-free) [PROPOSED],BraTS2021_00087,24.13432,0.9256027340888977,0.2561477,0.8731744811683321,0.0,0.0
PP-MAE-v2 (mask-free) [PROPOSED],BraTS2021_00087,24.332787,0.9311492443084717,0.24007054,0.8417639429312581,0.5968586387434555,0.5968586387434555
PP-MAE-v2 (mask-free) [PROPOSED],BraTS2021_00087,24.580997,0.9353809952735901,0.22499688,0.8344370860927153,0.60790273556231,0.59375
PP-MAE-v2 (mask-free) [PROPOSED],BraTS2021_00087,24.512922,0.9300204515457153,0.22868857,0.8532637075718016,0.8016194331983806,0.6946386946386947
PP-MAE-v2 (mask-free) [PROPOSED],BraTS2021_00087,24.592783,0.9353829622268677,0.21581349,0.8358061325420376,0.6485507246376812,0.6172839506172839
PP-MAE-v2 (mask-free) [PROPOSED],BraTS2021_00087,24.161034,0.9241361618041992,0.228185,0.8379006038086391,0.8249336870026526,0.7337662337662337
PP-MAE-v2 (mask-free) [PROPOSED],BraTS2021_00087,24.789465,0.9346354007720947,0.20840181,0.9034543844109831,0.8291203235591507,0.7251908396946565
PP-MAE-v2 (mask-free) [PROPOSED],BraTS2021_00087,24.355898,0.9250786304473877,0.22022896,0.8855881172219991,0.7768969422423556,0.6698412698412698
PP-MAE-v2 (mask-free) [PROPOSED],BraTS2021_00087,23.930204,0.9159231781959534,0.22867185,0.8643785404865045,0.9039145907473309,0.7503234152652005
PP-MAE-v2 (mask-free) [PROPOSED],BraTS2021_00087,23.76001,0.9051598310470581,0.23748717,0.870843989769821,0.8810500410172273,0.7296248382923674
PP-MAE-v2 (mask-free) [PROPOSED],BraTS2021_00087,22.944338,0.8939504027366638,0.2449445,0.8921815889029003,0.8642160540135033,0.7293577981651376
PP-MAE-v2 (mask-free) [PROPOSED],BraTS2021_00087,23.398296,0.8884302973747253,0.23094909,0.8881789137380192,0.9026315789473685,0.7956989247311828
PP-MAE-v2 (mask-free) [PROPOSED],BraTS2021_00087,24.21909,0.9085645079612732,0.20103157,0.8899970665884424,0.905829596412556,0.7521008403361344
PP-MAE-v2 (mask-free) [PROPOSED],BraTS2021_00087,24.395935,0.9049038887023926,0.19841333,0.9104796822487015,0.8612836438923396,0.7386759581881533
PP-MAE-v2 (mask-free) [PROPOSED],BraTS2021_00087,24.214718,0.8955697417259216,0.2037303,0.8653846153846154,0.9058894960534305,0.7674418604651163
PP-MAE-v2 (mask-free) [PROPOSED],BraTS2021_00087,23.995104,0.8998944163322449,0.1993039,0.8983050847457628,0.8426339285714286,0.6962127316680097
PP-MAE-v2 (mask-free) [PROPOSED],BraTS2021_00087,24.649126,0.9035346508026123,0.18847816,0.821825205214872,0.7661691542288557,0.6508313539192399
PP-MAE-v2 (mask-free) [PROPOSED],BraTS2021_00087,24.14216,0.8875423669815063,0.20361856,0.899311075781664,0.7543160690571049,0.6432637571157496
PP-MAE-v2 (mask-free) [PROPOSED],BraTS2021_00087,24.694221,0.905835747718811,0.184651,0.8790045009266614,0.8801955990220048,0.7254740313272877
PP-MAE-v2 (mask-free) [PROPOSED],BraTS2021_00087,25.165384,0.9043880105018616,0.18014057,0.9142699115044248,0.9147690305790501,0.8181818181818182
PP-MAE-v2 (mask-free) [PROPOSED],BraTS2021_00087,24.887407,0.8888939619064331,0.18839636,0.925088531735222,0.8573178199632578,0.7398568019093079
PP-MAE-v2 (mask-free) [PROPOSED],BraTS2021_00087,25.198524,0.9130653738975525,0.17376328,0.8938005390835579,0.7635366689513365,0.6794759825327511
PP-MAE-v2 (mask-free) [PROPOSED],BraTS2021_00087,25.020412,0.8932631611824036,0.18206109,0.906257982120051,0.8180803571428571,0.7343441001977588
PP-MAE-v2 (mask-free) [PROPOSED],BraTS2021_00087,25.522612,0.9000884294509888,0.17398928,0.8874939642684694,0.7447698744769874,0.689900426742532
PP-MAE-v2 (mask-free) [PROPOSED],BraTS2021_00087,25.416506,0.9092689156532288,0.16982844,0.8733477529440038,0.8074935400516796,0.7443267776096822
PP-MAE-v2 (mask-free) [PROPOSED],BraTS2021_00087,25.828955,0.9210000038146973,0.15870865,0.9040380047505938,0.6982578397212543,0.6388443017656501
PP-MAE-v2 (mask-free) [PROPOSED],BraTS2021_00087,25.61811,0.9120224714279175,0.16369101,0.8927498927498928,0.728587319243604,0.6847090663058186
PP-MAE-v2 (mask-free) [PROPOSED],BraTS2021_00087,26.642511,0.9352217316627502,0.14627744,0.8969359331476323,0.6938472942920682,0.6204986149584487
PP-MAE-v2 (mask-free) [PROPOSED],BraTS2021_00087,26.12427,0.9370507597923279,0.15241586,0.8823305407463823,0.650137741046832,0.5134788189987163
PP-MAE-v2 (mask-free) [PROPOSED],BraTS2021_00087,26.05603,0.9257216453552246,0.15904532,0.9213990221887928,0.529320987654321,0.4439252336448598
PP-MAE-v2 (mask-free) [PROPOSED],BraTS2021_00087,26.088898,0.9322930574417114,0.15258387,0.901189860320745,0.47394957983193275,0.4117647058823529
PP-MAE-v2 (mask-free) [PROPOSED],BraTS2021_00087,25.83565,0.9275425672531128,0.15742168,0.9023051591657519,0.565680473372781,0.535475234270415
PP-MAE-v2 (mask-free) [PROPOSED],BraTS2021_00087,24.876545,0.9266265630722046,0.1670681,0.954465231203671,0.35138121546961326,0.488245931283906
PP-MAE-v2 (mask-free) [PROPOSED],BraTS2021_00087,24.787008,0.9230202436447144,0.16777362,0.950187466523835,0.26720647773279355,0.3743119266055046
PP-MAE-v2 (mask-free) [PROPOSED],BraTS2021_00087,23.999157,0.9051917195320129,0.19388226,0.9567868029406491,0.44881889763779526,0.4523809523809524
PP-MAE-v2 (mask-free) [PROPOSED],BraTS2021_00087,25.355057,0.9278548359870911,0.16398694,0.9277837068658841,0.2191780821917808,0.2924281984334204
PP-MAE-v2 (mask-free) [PROPOSED],BraTS2021_00087,25.328882,0.9259807467460632,0.16263443,0.9,0.1844380403458213,0.2601626016260163
PP-MAE-v2 (mask-free) [PROPOSED],BraTS2021_00087,25.448196,0.9264099597930908,0.1619174,0.9062092112623532,0.031746031746031744,0.05309734513274336
PP-MAE-v2 (mask-free) [PROPOSED],BraTS2021_00087,25.424793,0.9233019948005676,0.16437644,0.9104829210836278,0.0,0.0
PP-MAE-v2 (mask-free) [PROPOSED],BraTS2021_00087,25.09851,0.9312843084335327,0.1640724,0.860885839051778,0.0,0.0
PP-MAE-v2 (mask-free) [PROPOSED],BraTS2021_00087,24.678013,0.9184883236885071,0.17682014,0.9181739879414298,0.0,0.0
PP-MAE-v2 (mask-free) [PROPOSED],BraTS2021_00087,25.126236,0.9196695685386658,0.16939667,0.8762497222839369,0.0,0.0
PP-MAE-v2 (mask-free) [PROPOSED],BraTS2021_00087,24.948101,0.9280884861946106,0.16662976,0.8915944743619761,nan,nan
PP-MAE-v2 (mask-free) [PROPOSED],BraTS2021_00087,25.815723,0.9335305690765381,0.15399966,0.8831293496520278,0.0,0.0
PP-MAE-v2 (mask-free) [PROPOSED],BraTS2021_00087,25.457527,0.9376704096794128,0.15710898,0.9108635097493036,0.0,0.0
PP-MAE-v2 (mask-free) [PROPOSED],BraTS2021_00087,25.214388,0.9302297830581665,0.16223949,0.8119594761551767,0.0,0.0
PP-MAE-v2 (mask-free) [PROPOSED],BraTS2021_00087,25.249254,0.9297842383384705,0.16444233,0.9025539300768659,0.0,0.0
PP-MAE-v2 (mask-free) [PROPOSED],BraTS2021_00087,25.139826,0.9285440444946289,0.16565777,0.8717948717948718,0.0,0.0
PP-MAE-v2 (mask-free) [PROPOSED],BraTS2021_00087,25.728819,0.936714768409729,0.15433966,0.911983032873807,0.0,0.0
PP-MAE-v2 (mask-free) [PROPOSED],BraTS2021_00087,25.260277,0.9391602277755737,0.15733302,0.8967112024665982,0.0,0.0
PP-MAE-v2 (mask-free) [PROPOSED],BraTS2021_00087,26.144241,0.9424800276756287,0.15003467,0.892457700028678,0.0,0.0
PP-MAE-v2 (mask-free) [PROPOSED],BraTS2021_00087,25.623158,0.937434732913971,0.15351744,0.8750694058856191,0.08174386920980926,0.07692307692307693
PP-MAE-v2 (mask-free) [PROPOSED],BraTS2021_00087,25.911518,0.9457857608795166,0.14558662,0.8902915539525098,0.0,0.0
PP-MAE-v2 (mask-free) [PROPOSED],BraTS2021_00087,26.13174,0.9376583695411682,0.1509306,0.8401559454191033,0.0,0.0
PP-MAE-v2 (mask-free) [PROPOSED],BraTS2021_00087,27.050287,0.951734721660614,0.13382408,0.8734567901234568,0.0,0.0
PP-MAE-v2 (mask-free) [PROPOSED],BraTS2021_00087,26.364119,0.944577693939209,0.14636227,0.8179012345679012,0.0,0.0
PP-MAE-v2 (mask-free) [PROPOSED],BraTS2021_00087,27.261131,0.949660062789917,0.1327374,0.8729609490855166,0.0,0.0
PP-MAE-v2 (mask-free) [PROPOSED],BraTS2021_00087,27.838463,0.9433570504188538,0.13020264,0.8447653429602888,nan,nan
PP-MAE-v2 (mask-free) [PROPOSED],BraTS2021_00087,27.712534,0.9520081877708435,0.12658311,0.780327868852459,nan,nan
PP-MAE-v2 (mask-free) [PROPOSED],BraTS2021_00087,27.991558,0.9519301652908325,0.1259546,0.8503787878787878,nan,nan
PP-MAE-v2 (mask-free) [PROPOSED],BraTS2021_00087,28.116299,0.9546324610710144,0.12201158,0.8741865509761388,nan,nan
PP-MAE-v2 (mask-free) [PROPOSED],BraTS2021_00087,27.713184,0.9409080743789673,0.1363995,0.8215568862275449,nan,nan
PP-MAE-v2 (mask-free) [PROPOSED],BraTS2021_00087,28.246527,0.9481881260871887,0.1261675,0.7056737588652482,nan,nan
PP-MAE-v2 (mask-free) [PROPOSED],BraTS2021_00087,27.78016,0.9501964449882507,0.13169657,0.7402799377916018,nan,nan
PP-MAE-v2 (mask-free) [PROPOSED],BraTS2021_00087,27.324236,0.9370052218437195,0.1417884,0.6218487394957983,nan,nan
PP-MAE-v2 (mask-free) [PROPOSED],BraTS2021_00099,24.026546,0.8543489575386047,0.23683709,0.6928104575163399,0.0,0.0
PP-MAE-v2 (mask-free) [PROPOSED],BraTS2021_00099,24.21719,0.8518564105033875,0.23315865,0.6774193548387096,nan,nan
PP-MAE-v2 (mask-free) [PROPOSED],BraTS2021_00099,24.08112,0.8267362713813782,0.2354705,0.7142857142857143,nan,nan
PP-MAE-v2 (mask-free) [PROPOSED],BraTS2021_00099,24.51951,0.8596673607826233,0.22339112,0.0,nan,nan
PP-MAE-v2 (mask-free) [PROPOSED],BraTS2021_00099,24.320374,0.8478507995605469,0.22589672,0.6414141414141414,0.0,0.0
PP-MAE-v2 (mask-free) [PROPOSED],BraTS2021_00099,24.293797,0.8455452919006348,0.22213054,0.6582809224318659,0.0,0.0
PP-MAE-v2 (mask-free) [PROPOSED],BraTS2021_00099,24.890549,0.8629043698310852,0.21108489,0.7303543913713405,0.0,0.0
PP-MAE-v2 (mask-free) [PROPOSED],BraTS2021_00099,24.12643,0.8369542360305786,0.2225408,0.18101545253863136,nan,nan
PP-MAE-v2 (mask-free) [PROPOSED],BraTS2021_00099,24.766571,0.854254424571991,0.21319939,0.6086956521739131,0.0,0.0
PP-MAE-v2 (mask-free) [PROPOSED],BraTS2021_00099,24.419346,0.8444983959197998,0.21591358,0.3417085427135678,0.0,0.0
PP-MAE-v2 (mask-free) [PROPOSED],BraTS2021_00099,24.542772,0.8559717535972595,0.21054292,0.8056155507559395,0.35390946502057613,0.35390946502057613
PP-MAE-v2 (mask-free) [PROPOSED],BraTS2021_00099,24.493341,0.8635042905807495,0.20650059,0.802158273381295,0.2978723404255319,0.2978723404255319
PP-MAE-v2 (mask-free) [PROPOSED],BraTS2021_00099,24.747345,0.8536906242370605,0.20487927,0.8508946322067594,0.7169811320754716,0.7169811320754716
PP-MAE-v2 (mask-free) [PROPOSED],BraTS2021_00099,24.636662,0.8596069812774658,0.20315388,0.8905982905982905,0.6192893401015228,0.6192893401015228
PP-MAE-v2 (mask-free) [PROPOSED],BraTS2021_00099,23.956837,0.8219906091690063,0.22083662,0.8702559576345984,0.4700854700854701,0.4700854700854701
PP-MAE-v2 (mask-free) [PROPOSED],BraTS2021_00099,23.908485,0.8380157947540283,0.22054295,0.9161073825503355,0.6906474820143885,0.6906474820143885
PP-MAE-v2 (mask-free) [PROPOSED],BraTS2021_00099,23.630356,0.8432102203369141,0.2201228,0.8558692421991084,0.24666666666666667,0.2596491228070175
PP-MAE-v2 (mask-free) [PROPOSED],BraTS2021_00099,23.867489,0.8372541069984436,0.2201738,0.8489326765188834,0.24390243902439024,0.24390243902439024
PP-MAE-v2 (mask-free) [PROPOSED],BraTS2021_00099,24.501373,0.8776631355285645,0.19949964,0.8396009209516501,0.0,0.0
PP-MAE-v2 (mask-free) [PROPOSED],BraTS2021_00099,24.454977,0.877501368522644,0.20460233,0.8571428571428571,0.0,0.0
PP-MAE-v2 (mask-free) [PROPOSED],BraTS2021_00099,24.1444,0.8707915544509888,0.20833384,0.7531683765841883,0.0,0.0
PP-MAE-v2 (mask-free) [PROPOSED],BraTS2021_00099,24.185514,0.8897512555122375,0.20374271,0.8627684964200477,0.17801047120418848,0.17801047120418848
PP-MAE-v2 (mask-free) [PROPOSED],BraTS2021_00099,24.385536,0.899394154548645,0.1949664,0.7760857304004513,0.0,0.0
PP-MAE-v2 (mask-free) [PROPOSED],BraTS2021_00099,24.416634,0.905707836151123,0.19159816,0.808754559666493,0.0,0.0
PP-MAE-v2 (mask-free) [PROPOSED],BraTS2021_00099,24.231874,0.9023709893226624,0.197725,0.7533234859675036,0.4044943820224719,0.4044943820224719
PP-MAE-v2 (mask-free) [PROPOSED],BraTS2021_00099,25.050745,0.9149144291877747,0.18259975,0.7165109034267912,0.0,0.0
PP-MAE-v2 (mask-free) [PROPOSED],BraTS2021_00099,24.973269,0.9224422574043274,0.18148284,0.7112676056338029,0.2436548223350254,0.2436548223350254
PP-MAE-v2 (mask-free) [PROPOSED],BraTS2021_00099,24.916386,0.923531711101532,0.17553422,0.6625939849624061,0.4542124542124542,0.46441947565543074
PP-MAE-v2 (mask-free) [PROPOSED],BraTS2021_00099,24.736984,0.925555944442749,0.17957489,0.6952946550936501,0.6629834254143646,0.7142857142857143
PP-MAE-v2 (mask-free) [PROPOSED],BraTS2021_00099,25.901344,0.9379158020019531,0.1631514,0.7183856502242153,0.7703180212014135,0.6098901098901099
PP-MAE-v2 (mask-free) [PROPOSED],BraTS2021_00099,25.710701,0.9388900399208069,0.16207272,0.8208317139525846,0.7708703374777975,0.45791245791245794
PP-MAE-v2 (mask-free) [PROPOSED],BraTS2021_00099,25.852394,0.9349913597106934,0.16281623,0.8176881303335919,0.9010654490106544,0.757396449704142
PP-MAE-v2 (mask-free) [PROPOSED],BraTS2021_00099,25.372128,0.9317596554756165,0.17112868,0.8822188449848024,0.9281437125748503,0.7295081967213115
PP-MAE-v2 (mask-free) [PROPOSED],BraTS2021_00099,25.197325,0.9246917963027954,0.1735728,0.8704912401236689,0.8282138794084186,0.6027397260273972
PP-MAE-v2 (mask-free) [PROPOSED],BraTS2021_00099,24.920637,0.9115089774131775,0.18291818,0.7869711718457506,0.8526785714285714,0.6545454545454545
PP-MAE-v2 (mask-free) [PROPOSED],BraTS2021_00099,24.942799,0.8975873589515686,0.18480511,0.8465327775672603,0.7266121707538601,0.5250836120401338
PP-MAE-v2 (mask-free) [PROPOSED],BraTS2021_00099,25.293205,0.9127340316772461,0.17288755,0.8041085840058694,0.799184505606524,0.5436105476673428
PP-MAE-v2 (mask-free) [PROPOSED],BraTS2021_00099,24.752695,0.8902142643928528,0.1876346,0.8329029878273699,0.6212238574748257,0.3936781609195402
PP-MAE-v2 (mask-free) [PROPOSED],BraTS2021_00099,24.638784,0.889609158039093,0.19178067,0.8831908831908832,0.7267857142857143,0.5816733067729084
PP-MAE-v2 (mask-free) [PROPOSED],BraTS2021_00099,24.629232,0.8954841494560242,0.18908583,0.8804071246819338,0.8706998813760379,0.6149425287356322
PP-MAE-v2 (mask-free) [PROPOSED],BraTS2021_00099,24.312876,0.8824102878570557,0.20050544,0.9033162073797291,0.9287469287469288,0.7471910112359551
PP-MAE-v2 (mask-free) [PROPOSED],BraTS2021_00099,24.098927,0.8885068297386169,0.1982331,0.9115839243498818,0.9179487179487179,0.7349397590361446
PP-MAE-v2 (mask-free) [PROPOSED],BraTS2021_00099,24.53416,0.8980702757835388,0.18886654,0.9124218051831993,0.841743119266055,0.6272727272727273
PP-MAE-v2 (mask-free) [PROPOSED],BraTS2021_00099,24.515411,0.8923861980438232,0.19373183,0.9142026175472613,0.8250591016548463,0.6318181818181818
PP-MAE-v2 (mask-free) [PROPOSED],BraTS2021_00099,23.93953,0.8846818804740906,0.20327085,0.907258064516129,0.859481582537517,0.7049180327868853
PP-MAE-v2 (mask-free) [PROPOSED],BraTS2021_00099,23.981638,0.8940789699554443,0.1996698,0.9282051282051282,0.9015691868758916,0.7398843930635838
PP-MAE-v2 (mask-free) [PROPOSED],BraTS2021_00099,23.72114,0.8835940957069397,0.2094732,0.9019390581717451,0.82642089093702,0.6646884272997032
PP-MAE-v2 (mask-free) [PROPOSED],BraTS2021_00099,23.790009,0.8865132927894592,0.21073647,0.9068736141906873,0.7684069611780455,0.5885057471264368
PP-MAE-v2 (mask-free) [PROPOSED],BraTS2021_00099,23.07678,0.8725470304489136,0.22994493,0.9192200557103064,0.4785714285714286,0.410958904109589
PP-MAE-v2 (mask-free) [PROPOSED],BraTS2021_00099,23.306805,0.8805049061775208,0.22858483,0.8398791540785498,0.7317073170731707,0.6709677419354839
PP-MAE-v2 (mask-free) [PROPOSED],BraTS2021_00099,23.124332,0.8770553469657898,0.23606014,0.9036544850498339,0.7827715355805244,0.6759776536312849
PP-MAE-v2 (mask-free) [PROPOSED],BraTS2021_00099,22.764324,0.8763860464096069,0.24091695,0.7370659107016301,0.375,0.543778801843318
PP-MAE-v2 (mask-free) [PROPOSED],BraTS2021_00099,22.788637,0.873990535736084,0.24866511,0.8344784509681449,0.4660633484162896,0.4
PP-MAE-v2 (mask-free) [PROPOSED],BraTS2021_00099,22.620712,0.8713383674621582,0.25302556,0.8979357798165137,0.596078431372549,0.5274151436031331
PP-MAE-v2 (mask-free) [PROPOSED],BraTS2021_00099,23.02984,0.8881190419197083,0.24663112,0.9196261682242991,0.7886435331230284,0.7014925373134329
PP-MAE-v2 (mask-free) [PROPOSED],BraTS2021_00099,23.322842,0.9044893980026245,0.23448141,0.929845422116528,0.5795454545454546,0.5637583892617449
PP-MAE-v2 (mask-free) [PROPOSED],BraTS2021_00099,23.19796,0.9014133214950562,0.24220818,0.9416873449131513,0.8622754491017964,0.8622754491017964
PP-MAE-v2 (mask-free) [PROPOSED],BraTS2021_00099,22.842773,0.8931031823158264,0.25662434,0.9498777506112469,0.3185840707964602,0.3185840707964602
PP-MAE-v2 (mask-free) [PROPOSED],BraTS2021_00099,23.097298,0.9022578597068787,0.250902,0.9358730158730159,0.47619047619047616,0.47619047619047616
PP-MAE-v2 (mask-free) [PROPOSED],BraTS2021_00099,22.640419,0.9024258255958557,0.25881732,0.9453333333333334,nan,nan
PP-MAE-v2 (mask-free) [PROPOSED],BraTS2021_00099,22.43122,0.8920312523841858,0.27802947,0.9510006901311249,nan,nan
PP-MAE-v2 (mask-free) [PROPOSED],BraTS2021_00099,22.724468,0.9041852355003357,0.26711783,0.9433681073025335,nan,nan
PP-MAE-v2 (mask-free) [PROPOSED],BraTS2021_00099,22.122616,0.8971632719039917,0.28981325,0.9350039154267815,0.0,0.0
PP-MAE-v2 (mask-free) [PROPOSED],BraTS2021_00099,21.838839,0.8808588981628418,0.31431878,0.9427168576104746,0.0,0.0
PP-MAE-v2 (mask-free) [PROPOSED],BraTS2021_00099,22.818947,0.9031333923339844,0.29363236,0.9201451905626135,0.0,0.0
PP-MAE-v2 (mask-free) [PROPOSED],BraTS2021_00099,22.38532,0.8947173953056335,0.31345007,0.938894277400582,0.0,0.0
PP-MAE-v2 (mask-free) [PROPOSED],BraTS2021_00099,22.980808,0.9077915549278259,0.3060447,0.8722669735327964,nan,nan
PP-MAE-v2 (mask-free) [PROPOSED],BraTS2021_00099,23.782034,0.9181952476501465,0.29504976,0.8994708994708994,nan,nan
PP-MAE-v2 (mask-free) [PROPOSED],BraTS2021_00099,23.801088,0.9189897179603577,0.3030756,0.919732441471572,0.0,0.0
PP-MAE-v2 (mask-free) [PROPOSED],BraTS2021_00099,23.802242,0.9114992618560791,0.31833017,0.8421052631578947,nan,nan
PP-MAE-v2 (mask-free) [PROPOSED],BraTS2021_00099,23.713081,0.9007211327552795,0.33867812,0.8681318681318682,nan,nan
PP-MAE-v2 (mask-free) [PROPOSED],BraTS2021_00104,27.391953,0.8488728404045105,0.10925649,0.0,0.0,0.0
PP-MAE-v2 (mask-free) [PROPOSED],BraTS2021_00104,27.075737,0.8151710033416748,0.1142585,0.6618705035971223,0.6823529411764706,0.6107594936708861
PP-MAE-v2 (mask-free) [PROPOSED],BraTS2021_00104,27.24717,0.8488547801971436,0.11273866,0.8917910447761194,0.8395303326810176,0.8034557235421166
PP-MAE-v2 (mask-free) [PROPOSED],BraTS2021_00104,26.234674,0.8455994725227356,0.119996294,0.899380066762041,0.9113475177304965,0.9007352941176471
PP-MAE-v2 (mask-free) [PROPOSED],BraTS2021_00104,26.011036,0.8520943522453308,0.12373225,0.885233644859813,0.8097165991902834,0.8136300417246175
PP-MAE-v2 (mask-free) [PROPOSED],BraTS2021_00104,26.782097,0.8793461322784424,0.11160082,0.9357195032870709,0.8424153166421208,0.8421875
PP-MAE-v2 (mask-free) [PROPOSED],BraTS2021_00104,27.619423,0.8909112215042114,0.102677375,0.937984496124031,0.8938977460142936,0.8465227817745803
PP-MAE-v2 (mask-free) [PROPOSED],BraTS2021_00104,27.530926,0.8890691995620728,0.10355661,0.9205069124423964,0.8551174124944617,0.8388295401764979
PP-MAE-v2 (mask-free) [PROPOSED],BraTS2021_00104,27.115175,0.890442967414856,0.10576627,0.8300744878957169,0.9165551093261937,0.8984819734345351
PP-MAE-v2 (mask-free) [PROPOSED],BraTS2021_00104,26.851933,0.8884595036506653,0.11021597,0.872183908045977,0.8406909788867563,0.783355947535052
PP-MAE-v2 (mask-free) [PROPOSED],BraTS2021_00104,26.465775,0.8879256248474121,0.11439228,0.9139198482333413,0.8423076923076923,0.7221972084646555
PP-MAE-v2 (mask-free) [PROPOSED],BraTS2021_00104,25.231647,0.8716512322425842,0.13200638,0.890744920993228,0.7945304066210868,0.6888788833858622
PP-MAE-v2 (mask-free) [PROPOSED],BraTS2021_00104,25.75119,0.8818105459213257,0.12125989,0.8783841856467555,0.820853743876837,0.7057280279842588
PP-MAE-v2 (mask-free) [PROPOSED],BraTS2021_00104,26.691904,0.904308557510376,0.11127039,0.9194147193710417,0.8325391422736556,0.7162865146058424
PP-MAE-v2 (mask-free) [PROPOSED],BraTS2021_00104,26.001055,0.8897526264190674,0.11827144,0.9348238768192364,0.8958701023649841,0.8314310798946444
PP-MAE-v2 (mask-free) [PROPOSED],BraTS2021_00104,25.250454,0.8923771977424622,0.12510864,0.8791082068037671,0.8192695214105793,0.8078040680780407
PP-MAE-v2 (mask-free) [PROPOSED],BraTS2021_00104,25.107285,0.8934962153434753,0.1267271,0.9070805043646945,0.8695366414722313,0.8153967007069913
PP-MAE-v2 (mask-free) [PROPOSED],BraTS2021_00104,25.852795,0.9039073586463928,0.11731814,0.9265713726258077,0.8861578266494179,0.8489984591679507
PP-MAE-v2 (mask-free) [PROPOSED],BraTS2021_00104,25.47644,0.8953796029090881,0.120813444,0.915787454440821,0.8682464454976303,0.834980988593156
PP-MAE-v2 (mask-free) [PROPOSED],BraTS2021_00104,25.51792,0.8780907988548279,0.12506478,0.9022239263803681,0.8803390935767851,0.8525714285714285
PP-MAE-v2 (mask-free) [PROPOSED],BraTS2021_00104,26.167097,0.9006798267364502,0.114075415,0.9010317157050057,0.8051795173631549,0.7582454947296838
PP-MAE-v2 (mask-free) [PROPOSED],BraTS2021_00104,26.197536,0.9054604768753052,0.11544627,0.9093774625689519,0.8173018753781004,0.7556008146639511
PP-MAE-v2 (mask-free) [PROPOSED],BraTS2021_00104,26.300987,0.898178219795227,0.11926032,0.8979591836734694,0.792831105710814,0.763302752293578
PP-MAE-v2 (mask-free) [PROPOSED],BraTS2021_00104,25.723572,0.8892298936843872,0.1264823,0.9057750759878419,0.8321560713084426,0.7853881278538812
PP-MAE-v2 (mask-free) [PROPOSED],BraTS2021_00104,25.401676,0.888927161693573,0.13189057,0.8899063475546306,0.8355428161949122,0.7826475849731663
PP-MAE-v2 (mask-free) [PROPOSED],BraTS2021_00104,25.729698,0.8888721466064453,0.12888671,0.8751866865799018,0.8081661386835621,0.7469879518072289
PP-MAE-v2 (mask-free) [PROPOSED],BraTS2021_00104,25.95727,0.8975136876106262,0.12516803,0.8904772884482361,0.7720042417815483,0.739240506329114
PP-MAE-v2 (mask-free) [PROPOSED],BraTS2021_00104,25.65011,0.8958486914634705,0.13054645,0.8584195672624647,0.9244001810774106,0.8691258211217787
PP-MAE-v2 (mask-free) [PROPOSED],BraTS2021_00104,24.901173,0.888092577457428,0.14171712,0.8850192061459667,0.810126582278481,0.7994376757263355
PP-MAE-v2 (mask-free) [PROPOSED],BraTS2021_00104,24.750145,0.8944079875946045,0.1439807,0.8690163072067333,0.8687323943661972,0.8002680965147453
PP-MAE-v2 (mask-free) [PROPOSED],BraTS2021_00104,24.510406,0.8942911624908447,0.15000673,0.8866628506010303,0.9257907542579076,0.8837209302325582
PP-MAE-v2 (mask-free) [PROPOSED],BraTS2021_00104,24.66721,0.9012335538864136,0.15065664,0.8800234672924612,0.9107373868046572,0.852198990627253
PP-MAE-v2 (mask-free) [PROPOSED],BraTS2021_00104,23.709375,0.8943899273872375,0.16562502,0.8715350223546945,0.7282110091743119,0.8234442836468886
PP-MAE-v2 (mask-free) [PROPOSED],BraTS2021_00104,24.433243,0.9156538248062134,0.1555471,0.9003458032065388,0.8587650816181689,0.809943865276664
PP-MAE-v2 (mask-free) [PROPOSED],BraTS2021_00104,24.078657,0.9169481992721558,0.16623521,0.8630523346913194,0.8228317272053373,0.7828162291169452
PP-MAE-v2 (mask-free) [PROPOSED],BraTS2021_00104,24.207523,0.923576831817627,0.16871312,0.8577023498694517,0.6389918458117124,0.5292529252925292
PP-MAE-v2 (mask-free) [PROPOSED],BraTS2021_00104,23.94416,0.9250028133392334,0.17933908,0.8415944540727903,0.47438752783964366,0.4214765100671141
PP-MAE-v2 (mask-free) [PROPOSED],BraTS2021_00104,23.791218,0.9286676645278931,0.18667376,0.930709307093071,0.5432098765432098,0.4703476482617587
PP-MAE-v2 (mask-free) [PROPOSED],BraTS2021_00104,23.482681,0.9326589703559875,0.19188209,0.9248704663212435,0.5885167464114832,0.5272206303724928
PP-MAE-v2 (mask-free) [PROPOSED],BraTS2021_00104,24.24819,0.9445617198944092,0.1874668,0.9075551384326607,0.49063670411985016,0.34285714285714286
PP-MAE-v2 (mask-free) [PROPOSED],BraTS2021_00104,23.993084,0.944886326789856,0.19873717,0.9418960244648318,0.5882352941176471,0.5612244897959183
PP-MAE-v2 (mask-free) [PROPOSED],BraTS2021_00104,23.965635,0.9510899186134338,0.2017066,0.8914167528438469,0.2480916030534351,0.2776349614395887
PP-MAE-v2 (mask-free) [PROPOSED],BraTS2021_00104,23.676308,0.9485028386116028,0.22248782,0.8782458165031737,0.10931174089068826,0.1021021021021021
PP-MAE-v2 (mask-free) [PROPOSED],BraTS2021_00104,24.713055,0.9585049152374268,0.21018325,0.9145527369826435,0.0,0.0
PP-MAE-v2 (mask-free) [PROPOSED],BraTS2021_00104,24.258215,0.9552736878395081,0.23075818,0.9298737727910238,0.0,0.0
PP-MAE-v2 (mask-free) [PROPOSED],BraTS2021_00104,23.754982,0.9431598782539368,0.27313998,0.8922585794094174,0.0,0.0
PP-MAE-v2 (mask-free) [PROPOSED],BraTS2021_00104,24.196247,0.9429898262023926,0.28574207,0.9103869653767821,0.0,0.0
PP-MAE-v2 (mask-free) [PROPOSED],BraTS2021_00104,25.558958,0.950329601764679,0.27460203,0.8516483516483516,0.0,0.0
PP-MAE-v2 (mask-free) [PROPOSED],BraTS2021_00104,25.693758,0.9380121827125549,0.3156209,0.6746987951807228,0.0,0.0
PP-MAE-v2 (mask-free) [PROPOSED],BraTS2021_00106,24.250898,0.9014864563941956,0.17108877,0.28780487804878047,nan,nan
PP-MAE-v2 (mask-free) [PROPOSED],BraTS2021_00106,23.887985,0.8913693428039551,0.16936086,0.5562913907284768,nan,nan
PP-MAE-v2 (mask-free) [PROPOSED],BraTS2021_00106,24.002598,0.8906562924385071,0.1688646,0.7242105263157895,nan,nan
PP-MAE-v2 (mask-free) [PROPOSED],BraTS2021_00106,23.968819,0.8666378855705261,0.16622518,0.5817307692307693,nan,nan
PP-MAE-v2 (mask-free) [PROPOSED],BraTS2021_00106,24.547434,0.8755345940589905,0.15444177,0.6308169596690796,nan,nan
PP-MAE-v2 (mask-free) [PROPOSED],BraTS2021_00106,24.612152,0.855031430721283,0.14847526,0.6011396011396012,0.0,0.0
PP-MAE-v2 (mask-free) [PROPOSED],BraTS2021_00106,25.070745,0.8424092531204224,0.1420568,0.4079907798693815,nan,nan
PP-MAE-v2 (mask-free) [PROPOSED],BraTS2021_00106,25.872698,0.856624186038971,0.13030921,0.680623973727422,0.0,0.0
PP-MAE-v2 (mask-free) [PROPOSED],BraTS2021_00106,25.396069,0.8351646661758423,0.1341729,0.5590933621154884,0.19222903885480572,0.2243436754176611
PP-MAE-v2 (mask-free) [PROPOSED],BraTS2021_00106,24.8288,0.8311249613761902,0.13699062,0.5968109339407744,0.0,0.0
PP-MAE-v2 (mask-free) [PROPOSED],BraTS2021_00106,25.628965,0.8567777276039124,0.1278245,0.6857272520989335,0.2724867724867725,0.338409475465313
PP-MAE-v2 (mask-free) [PROPOSED],BraTS2021_00106,25.332607,0.8663211464881897,0.12662642,0.7695070844142886,0.39827586206896554,0.4225352112676056
PP-MAE-v2 (mask-free) [PROPOSED],BraTS2021_00106,25.359194,0.8863569498062134,0.12458945,0.6664514045850823,0.0,0.0
PP-MAE-v2 (mask-free) [PROPOSED],BraTS2021_00106,25.70214,0.8990207314491272,0.12014271,0.8187092095721538,0.4508764777823074,0.47351209941138
PP-MAE-v2 (mask-free) [PROPOSED],BraTS2021_00106,25.858469,0.910355806350708,0.118585095,0.7967562088190573,0.15618661257606492,0.1873479318734793
PP-MAE-v2 (mask-free) [PROPOSED],BraTS2021_00106,25.22976,0.8990018963813782,0.1279062,0.7696485623003195,0.3129318854886476,0.3227799227799228
PP-MAE-v2 (mask-free) [PROPOSED],BraTS2021_00106,25.015705,0.9137842655181885,0.12443756,0.7647809442790302,0.3719262295081967,0.517829457364341
PP-MAE-v2 (mask-free) [PROPOSED],BraTS2021_00106,25.209972,0.9173269271850586,0.1233612,0.8089729119638827,0.5797101449275363,0.5253576072821846
PP-MAE-v2 (mask-free) [PROPOSED],BraTS2021_00106,25.20627,0.9154306054115295,0.122815706,0.8532122712890357,0.3552330022918258,0.31585518102372034
PP-MAE-v2 (mask-free) [PROPOSED],BraTS2021_00106,26.235779,0.9267653822898865,0.11132991,0.8490206746463548,0.3249146757679181,0.35294117647058826
PP-MAE-v2 (mask-free) [PROPOSED],BraTS2021_00106,25.785732,0.9212397933006287,0.11568197,0.8965909090909091,0.31687388987566606,0.3442240373395566
PP-MAE-v2 (mask-free) [PROPOSED],BraTS2021_00106,25.815533,0.9154158234596252,0.1143582,0.8576092415871421,0.2567991631799163,0.3296500920810313
PP-MAE-v2 (mask-free) [PROPOSED],BraTS2021_00106,24.858942,0.9073939323425293,0.12478229,0.8574470602153081,0.5740410347903657,0.5133928571428571
PP-MAE-v2 (mask-free) [PROPOSED],BraTS2021_00106,25.874537,0.9220383167266846,0.11350095,0.8806941431670282,0.575590806086112,0.5121615419917394
PP-MAE-v2 (mask-free) [PROPOSED],BraTS2021_00106,25.218826,0.9160887598991394,0.11708982,0.9055229142185663,0.4941338854382333,0.4131568391496189
PP-MAE-v2 (mask-free) [PROPOSED],BraTS2021_00106,25.299253,0.90680992603302,0.12226482,0.9180781195990322,0.6457531814146197,0.5275310834813499
PP-MAE-v2 (mask-free) [PROPOSED],BraTS2021_00106,25.40307,0.9207928776741028,0.11545758,0.9019043401240036,0.614354066985646,0.42146725750861647
PP-MAE-v2 (mask-free) [PROPOSED],BraTS2021_00106,25.640842,0.9214762449264526,0.11294886,0.930458342741025,0.5610417797069994,0.6856617647058824
PP-MAE-v2 (mask-free) [PROPOSED],BraTS2021_00106,24.729326,0.9102368354797363,0.12504314,0.8923276701655665,0.5636129979805398,0.694572543455126
PP-MAE-v2 (mask-free) [PROPOSED],BraTS2021_00106,25.570955,0.922402024269104,0.11351049,0.9182922751086835,0.5445311082894976,0.6463033668864977
PP-MAE-v2 (mask-free) [PROPOSED],BraTS2021_00106,25.282526,0.9113568067550659,0.120247945,0.9257014590347924,0.6008510638297873,0.5240847784200385
PP-MAE-v2 (mask-free) [PROPOSED],BraTS2021_00106,24.198769,0.9158990979194641,0.12889583,0.9040767386091128,0.5790006069188752,0.6298131910026687
PP-MAE-v2 (mask-free) [PROPOSED],BraTS2021_00106,24.82606,0.9087374210357666,0.12501693,0.9167761717038984,0.6065292096219931,0.6487788097695218
PP-MAE-v2 (mask-free) [PROPOSED],BraTS2021_00106,24.398489,0.9023945331573486,0.13218388,0.923911814584511,0.49469681809085453,0.5561268209083119
PP-MAE-v2 (mask-free) [PROPOSED],BraTS2021_00106,24.459036,0.9087712168693542,0.1259419,0.9216992464781042,0.5416586860754645,0.6054351565187478
PP-MAE-v2 (mask-free) [PROPOSED],BraTS2021_00106,24.406666,0.922324001789093,0.12596746,0.9254352348625863,0.6568601230275475,0.65
PP-MAE-v2 (mask-free) [PROPOSED],BraTS2021_00106,24.700668,0.9202561974525452,0.12523846,0.9322709163346613,0.5641998734977862,0.6599457153935634
PP-MAE-v2 (mask-free) [PROPOSED],BraTS2021_00106,24.863525,0.9177550673484802,0.12364738,0.925575101488498,0.5329712955779674,0.6517759062614427
PP-MAE-v2 (mask-free) [PROPOSED],BraTS2021_00106,24.762482,0.9236301779747009,0.123540916,0.9137173259310664,0.6842678279804029,0.6864330637915543
PP-MAE-v2 (mask-free) [PROPOSED],BraTS2021_00106,24.495586,0.9123781323432922,0.12927149,0.9068108605614358,0.5170899369868245,0.5560302333223792
PP-MAE-v2 (mask-free) [PROPOSED],BraTS2021_00106,24.680708,0.9063305258750916,0.12845908,0.922228879568604,0.5749113475177305,0.6415094339622641
PP-MAE-v2 (mask-free) [PROPOSED],BraTS2021_00106,24.067421,0.9088578820228577,0.1340975,0.8787174721189591,0.6197384066587396,0.66015625
PP-MAE-v2 (mask-free) [PROPOSED],BraTS2021_00106,24.936008,0.9262623190879822,0.12400722,0.9177627535341119,0.5564116675839296,0.5388655462184874
PP-MAE-v2 (mask-free) [PROPOSED],BraTS2021_00106,25.056944,0.9191639423370361,0.12434473,0.8954900781719783,0.6137446132909957,0.6568941823179111
PP-MAE-v2 (mask-free) [PROPOSED],BraTS2021_00106,25.66967,0.927977979183197,0.117205426,0.9021766965428937,0.4431567328918322,0.5510835913312694
PP-MAE-v2 (mask-free) [PROPOSED],BraTS2021_00106,25.042212,0.9303496479988098,0.12203565,0.9048855905998763,0.554004854368932,0.5834482758620689
PP-MAE-v2 (mask-free) [PROPOSED],BraTS2021_00106,24.687702,0.9271507263183594,0.12954536,0.9044853577165451,0.4064693317058285,0.46984924623115576
PP-MAE-v2 (mask-free) [PROPOSED],BraTS2021_00106,24.543697,0.9198047518730164,0.13342017,0.9200492004920049,0.5284728213977566,0.5046125461254612
PP-MAE-v2 (mask-free) [PROPOSED],BraTS2021_00106,25.12864,0.929473340511322,0.12577425,0.8899532990061071,0.5367940673131774,0.6099667774086379
PP-MAE-v2 (mask-free) [PROPOSED],BraTS2021_00106,25.387527,0.9329774379730225,0.124091834,0.8686229148910264,0.5218469166408429,0.547683923705722
PP-MAE-v2 (mask-free) [PROPOSED],BraTS2021_00106,25.288582,0.923031210899353,0.1283452,0.906988694758479,0.49733071087384095,0.5371850030731408
PP-MAE-v2 (mask-free) [PROPOSED],BraTS2021_00106,25.667665,0.932797372341156,0.12523954,0.8965883446170184,0.6501108647450111,0.6327077747989276
PP-MAE-v2 (mask-free) [PROPOSED],BraTS2021_00106,24.86759,0.9219019412994385,0.13659637,0.8868603754178452,0.48356164383561645,0.49519890260631
PP-MAE-v2 (mask-free) [PROPOSED],BraTS2021_00106,24.156979,0.9153125882148743,0.14580818,0.8854279523293608,0.41047188106011634,0.36142857142857143
PP-MAE-v2 (mask-free) [PROPOSED],BraTS2021_00106,24.499609,0.9168892502784729,0.14419532,0.9049315068493151,0.7610976594027441,0.6204564666103127
PP-MAE-v2 (mask-free) [PROPOSED],BraTS2021_00106,24.808695,0.91795814037323,0.14622194,0.9154100244147637,0.3584691170898067,0.35255889520714867
PP-MAE-v2 (mask-free) [PROPOSED],BraTS2021_00106,24.939056,0.9242144823074341,0.14781114,0.9071119725659759,0.39783491204330174,0.44384546271338726
PP-MAE-v2 (mask-free) [PROPOSED],BraTS2021_00106,24.548233,0.9263942837715149,0.15693437,0.8701095461658842,0.5603781693167168,0.46682279469164717
PP-MAE-v2 (mask-free) [PROPOSED],BraTS2021_00106,24.287823,0.9297125935554504,0.15993732,0.8810235958790296,0.5842558425584256,0.41294005708848713
PP-MAE-v2 (mask-free) [PROPOSED],BraTS2021_00106,23.76151,0.9238269925117493,0.17584717,0.8584555575189963,0.44842562432138977,0.4128787878787879
PP-MAE-v2 (mask-free) [PROPOSED],BraTS2021_00106,23.955658,0.9305461645126343,0.18136355,0.8456101190476191,0.2200895713371721,0.26948480845442535
PP-MAE-v2 (mask-free) [PROPOSED],BraTS2021_00106,23.975256,0.9369959831237793,0.18000492,0.8355501813784765,0.1830065359477124,0.14847161572052403
PP-MAE-v2 (mask-free) [PROPOSED],BraTS2021_00106,23.64402,0.9356679916381836,0.19777675,0.8373345299528832,0.529045643153527,0.4574780058651026
PP-MAE-v2 (mask-free) [PROPOSED],BraTS2021_00106,23.446877,0.9338404536247253,0.21124487,0.8015762633286972,0.4487678339818418,0.32825719120135366
PP-MAE-v2 (mask-free) [PROPOSED],BraTS2021_00106,23.807337,0.9415554404258728,0.2119177,0.8212846009137329,0.16447368421052633,0.10572687224669604
PP-MAE-v2 (mask-free) [PROPOSED],BraTS2021_00106,23.885115,0.9438769221305847,0.21920273,0.831351021652943,0.39775910364145656,0.27986348122866894
PP-MAE-v2 (mask-free) [PROPOSED],BraTS2021_00106,23.953674,0.9466130137443542,0.22890933,0.7903947903947904,0.0962566844919786,0.0
PP-MAE-v2 (mask-free) [PROPOSED],BraTS2021_00106,23.692572,0.9411745071411133,0.25554478,0.6130742049469965,0.0,0.0
PP-MAE-v2 (mask-free) [PROPOSED],BraTS2021_00106,24.559422,0.9452700018882751,0.25829837,0.6353741496598639,0.0,0.0
PP-MAE-v2 (mask-free) [PROPOSED],BraTS2021_00106,24.095984,0.9312097430229187,0.30420566,0.47364280094413846,0.0,0.0
PP-MAE-v2 (mask-free) [PROPOSED],BraTS2021_00106,25.387907,0.9381311535835266,0.2990513,0.4240400667779633,0.0,0.0
PP-MAE-v2 (mask-free) [PROPOSED],BraTS2021_00107,25.695934,0.8402055501937866,0.14688246,0.0,0.0,0.0
PP-MAE-v2 (mask-free) [PROPOSED],BraTS2021_00107,26.504782,0.85184645652771,0.13412078,0.0,0.0,0.0
PP-MAE-v2 (mask-free) [PROPOSED],BraTS2021_00107,26.678474,0.846371591091156,0.13220172,0.6935201401050788,0.6244343891402715,0.5227272727272727
PP-MAE-v2 (mask-free) [PROPOSED],BraTS2021_00107,26.929674,0.8295255303382874,0.13104017,0.7788018433179723,0.8291666666666667,0.8
PP-MAE-v2 (mask-free) [PROPOSED],BraTS2021_00107,26.80635,0.8336239457130432,0.1291732,0.8614718614718615,0.8194945848375451,0.8031496062992126
PP-MAE-v2 (mask-free) [PROPOSED],BraTS2021_00107,27.604769,0.8553537130355835,0.117655456,0.8252252252252252,0.8275862068965517,0.8206785137318255
PP-MAE-v2 (mask-free) [PROPOSED],BraTS2021_00107,27.35359,0.8691365718841553,0.12062816,0.7891891891891892,0.7226277372262774,0.7696551724137931
PP-MAE-v2 (mask-free) [PROPOSED],BraTS2021_00107,27.24506,0.8783264756202698,0.120569974,0.8844036697247707,0.7502958579881657,0.7690288713910761
PP-MAE-v2 (mask-free) [PROPOSED],BraTS2021_00107,27.271564,0.8709187507629395,0.118292406,0.9049429657794676,0.8528678304239401,0.8556566970091027
PP-MAE-v2 (mask-free) [PROPOSED],BraTS2021_00107,27.178469,0.869981050491333,0.118242726,0.91365171249397,0.6914344685242518,0.7458432304038005
PP-MAE-v2 (mask-free) [PROPOSED],BraTS2021_00107,26.87267,0.8631806373596191,0.119257785,0.9421329507412721,0.8751289989680082,0.8734602463605823
PP-MAE-v2 (mask-free) [PROPOSED],BraTS2021_00107,26.997799,0.8774819374084473,0.11755597,0.9466495945369184,0.8032638259292838,0.8577728776185226
PP-MAE-v2 (mask-free) [PROPOSED],BraTS2021_00107,27.659397,0.8832693099975586,0.115584865,0.9437265527303043,0.7733131159969674,0.8417132216014898
PP-MAE-v2 (mask-free) [PROPOSED],BraTS2021_00107,26.861536,0.8714625239372253,0.121389054,0.9372197309417041,0.7468175388967468,0.7831541218637993
PP-MAE-v2 (mask-free) [PROPOSED],BraTS2021_00107,27.079384,0.8795401453971863,0.11690046,0.945176960444136,0.7222222222222222,0.7959927140255009
PP-MAE-v2 (mask-free) [PROPOSED],BraTS2021_00107,27.111916,0.8963161110877991,0.11593437,0.967870155680689,0.7525150905432596,0.8703898840885143
PP-MAE-v2 (mask-free) [PROPOSED],BraTS2021_00107,26.845295,0.8961922526359558,0.11785388,0.966789667896679,0.7673202614379085,0.8266166822867854
PP-MAE-v2 (mask-free) [PROPOSED],BraTS2021_00107,26.759853,0.9042706489562988,0.11795448,0.9729408266428784,0.9195046439628483,0.9090909090909091
PP-MAE-v2 (mask-free) [PROPOSED],BraTS2021_00107,26.915466,0.905899167060852,0.117876686,0.9778172138420586,0.6451271186440678,0.7603027754415476
PP-MAE-v2 (mask-free) [PROPOSED],BraTS2021_00107,27.148308,0.9215225577354431,0.113183826,0.9582097600431383,0.5887984681665869,0.7300813008130081
PP-MAE-v2 (mask-free) [PROPOSED],BraTS2021_00107,27.12261,0.9221741557121277,0.11206234,0.9754940711462451,0.6093986862051541,0.7497879558948262
PP-MAE-v2 (mask-free) [PROPOSED],BraTS2021_00107,27.43923,0.9277570247650146,0.10872193,0.974927421483241,0.6596528143082588,0.8626692456479691
PP-MAE-v2 (mask-free) [PROPOSED],BraTS2021_00107,26.61855,0.9204460978507996,0.1189492,0.9799794661190965,0.6093906093906094,0.733446519524618
PP-MAE-v2 (mask-free) [PROPOSED],BraTS2021_00107,27.081423,0.9316332340240479,0.113147795,0.9819476226798881,0.6206896551724138,0.8302972195589645
PP-MAE-v2 (mask-free) [PROPOSED],BraTS2021_00107,26.730999,0.9238792061805725,0.11663741,0.9735528942115769,0.5670053217223029,0.6961240310077519
PP-MAE-v2 (mask-free) [PROPOSED],BraTS2021_00107,27.287117,0.9329037666320801,0.10715139,0.9689807976366323,0.5687894992707827,0.7774294670846394
PP-MAE-v2 (mask-free) [PROPOSED],BraTS2021_00107,26.810322,0.9263193011283875,0.11460567,0.9456469456469456,0.4423602969910121,0.6244622003687769
PP-MAE-v2 (mask-free) [PROPOSED],BraTS2021_00107,27.21697,0.9287213683128357,0.108327806,0.9508196721311475,0.45251160827353315,0.6716016150740243
PP-MAE-v2 (mask-free) [PROPOSED],BraTS2021_00107,27.63797,0.9305824637413025,0.10280407,0.971358024691358,0.5425311203319502,0.8326105810928014
PP-MAE-v2 (mask-free) [PROPOSED],BraTS2021_00107,27.73204,0.9233344793319702,0.104699835,0.9564158753347942,0.4884393063583815,0.7283950617283951
PP-MAE-v2 (mask-free) [PROPOSED],BraTS2021_00107,27.32866,0.9207860231399536,0.10813972,0.9669625246548323,0.5547619047619048,0.7523892267593397
PP-MAE-v2 (mask-free) [PROPOSED],BraTS2021_00107,28.138456,0.9325225949287415,0.09865321,0.9560736196319018,0.513126491646778,0.8580645161290322
PP-MAE-v2 (mask-free) [PROPOSED],BraTS2021_00107,27.757318,0.9246777296066284,0.104335934,0.9122807017543859,0.3856298317417008,0.5654761904761905
PP-MAE-v2 (mask-free) [PROPOSED],BraTS2021_00107,28.092651,0.9316104054450989,0.10104977,0.9477575160177427,0.4842233009708738,0.817432273262662
PP-MAE-v2 (mask-free) [PROPOSED],BraTS2021_00107,28.36788,0.9284412860870361,0.09711837,0.9349633251833741,0.34017595307917886,0.48443579766536965
PP-MAE-v2 (mask-free) [PROPOSED],BraTS2021_00107,28.472395,0.9314271807670593,0.09696894,0.9585423818325851,0.1988227599738391,0.40569395017793597
PP-MAE-v2 (mask-free) [PROPOSED],BraTS2021_00107,28.304186,0.9205465316772461,0.10189343,0.9572027972027972,0.06700655498907501,0.15577889447236182
PP-MAE-v2 (mask-free) [PROPOSED],BraTS2021_00107,27.642849,0.9147495031356812,0.10858088,0.9561057962858751,0.0,0.0
PP-MAE-v2 (mask-free) [PROPOSED],BraTS2021_00107,27.962833,0.9280813336372375,0.10482653,0.9701448418563405,0.0,0.0
PP-MAE-v2 (mask-free) [PROPOSED],BraTS2021_00107,27.451307,0.9246670007705688,0.10978438,0.9564449676280165,0.0,0.0
PP-MAE-v2 (mask-free) [PROPOSED],BraTS2021_00107,28.583302,0.9304386377334595,0.099698305,0.9673645320197044,0.0,0.0
PP-MAE-v2 (mask-free) [PROPOSED],BraTS2021_00107,27.639835,0.9026055335998535,0.1136262,0.9447619047619048,0.0,0.0
PP-MAE-v2 (mask-free) [PROPOSED],BraTS2021_00107,27.664333,0.9074580073356628,0.10947767,0.8429951690821256,0.0,0.0
PP-MAE-v2 (mask-free) [PROPOSED],BraTS2021_00107,27.427204,0.888464093208313,0.115453914,0.9479285442797415,0.0,0.0
PP-MAE-v2 (mask-free) [PROPOSED],BraTS2021_00107,27.487446,0.8904430866241455,0.11602642,0.939381774387796,0.0,0.0
PP-MAE-v2 (mask-free) [PROPOSED],BraTS2021_00107,27.74279,0.9104629755020142,0.11310401,0.917319408181027,0.0,0.0
PP-MAE-v2 (mask-free) [PROPOSED],BraTS2021_00107,27.203314,0.8855862617492676,0.123577595,0.8604651162790697,0.0,0.0
PP-MAE-v2 (mask-free) [PROPOSED],BraTS2021_00107,26.971832,0.8961039185523987,0.12537074,0.7681522283425137,0.0,0.0
PP-MAE-v2 (mask-free) [PROPOSED],BraTS2021_00107,27.21936,0.9062824249267578,0.12464347,0.7639366827253957,0.0,0.0
PP-MAE-v2 (mask-free) [PROPOSED],BraTS2021_00107,27.612309,0.9093369841575623,0.1232574,0.6902985074626866,nan,nan
PP-MAE-v2 (mask-free) [PROPOSED],BraTS2021_00107,26.198767,0.9076021909713745,0.1429673,0.47866419294990725,nan,nan
PP-MAE-v2 (mask-free) [PROPOSED],BraTS2021_00107,26.44548,0.9124070405960083,0.13860267,0.5876777251184834,nan,nan
PP-MAE-v2 (mask-free) [PROPOSED],BraTS2021_00110,21.235228,0.8416436314582825,0.18964925,0.3235955056179775,nan,nan
PP-MAE-v2 (mask-free) [PROPOSED],BraTS2021_00110,21.86383,0.8545976281166077,0.1798655,0.4849921011058452,nan,nan
PP-MAE-v2 (mask-free) [PROPOSED],BraTS2021_00110,22.436764,0.8722001314163208,0.16816963,0.5043885313048566,nan,nan
PP-MAE-v2 (mask-free) [PROPOSED],BraTS2021_00110,20.96795,0.8547267317771912,0.19022956,0.6199756394640682,nan,nan
PP-MAE-v2 (mask-free) [PROPOSED],BraTS2021_00110,21.1437,0.851873517036438,0.19160087,0.6925837320574163,nan,nan
PP-MAE-v2 (mask-free) [PROPOSED],BraTS2021_00110,21.215633,0.8598951697349548,0.19065523,0.7115063924402446,nan,nan
PP-MAE-v2 (mask-free) [PROPOSED],BraTS2021_00110,22.201183,0.8882182240486145,0.16921087,0.7281368821292775,nan,nan
PP-MAE-v2 (mask-free) [PROPOSED],BraTS2021_00110,21.922815,0.8917147517204285,0.17385112,0.7711340206185567,0.0,0.0
PP-MAE-v2 (mask-free) [PROPOSED],BraTS2021_00110,21.212904,0.8884938955307007,0.18234894,0.7959680222453945,nan,nan
PP-MAE-v2 (mask-free) [PROPOSED],BraTS2021_00110,21.26853,0.8849668502807617,0.1839719,0.833834837846874,0.0,0.0
PP-MAE-v2 (mask-free) [PROPOSED],BraTS2021_00110,20.654573,0.8853431344032288,0.19148207,0.7273221075502444,0.0,0.0
PP-MAE-v2 (mask-free) [PROPOSED],BraTS2021_00110,21.787016,0.8895806074142456,0.1727127,0.7939936775553214,0.0,0.0
PP-MAE-v2 (mask-free) [PROPOSED],BraTS2021_00110,20.573557,0.8670559525489807,0.19491012,0.8123620309050773,nan,nan
PP-MAE-v2 (mask-free) [PROPOSED],BraTS2021_00110,21.28597,0.876750648021698,0.17740093,0.7928780707685373,0.0,0.0
PP-MAE-v2 (mask-free) [PROPOSED],BraTS2021_00110,21.421227,0.8592142462730408,0.17705114,0.8016655708963402,0.0,0.0
PP-MAE-v2 (mask-free) [PROPOSED],BraTS2021_00110,20.911297,0.8420787453651428,0.18537666,0.8224377899620413,0.5846153846153846,0.56
PP-MAE-v2 (mask-free) [PROPOSED],BraTS2021_00110,21.609049,0.8512027263641357,0.1719941,0.8006986221618475,0.4099722991689751,0.45
PP-MAE-v2 (mask-free) [PROPOSED],BraTS2021_00110,21.237541,0.8676295876502991,0.17855272,0.8247814519194223,0.5882352941176471,0.5897435897435898
PP-MAE-v2 (mask-free) [PROPOSED],BraTS2021_00110,21.717012,0.8881927728652954,0.16598424,0.8186565820277327,0.4738372093023256,0.5506216696269982
PP-MAE-v2 (mask-free) [PROPOSED],BraTS2021_00110,21.86472,0.8820890188217163,0.16312478,0.8071356445641198,0.4798206278026906,0.6497622820919176
PP-MAE-v2 (mask-free) [PROPOSED],BraTS2021_00110,22.213306,0.8820515871047974,0.16256195,0.8057207134822433,0.38,0.7198641765704584
PP-MAE-v2 (mask-free) [PROPOSED],BraTS2021_00110,20.917683,0.8554370999336243,0.18218805,0.8120300751879699,0.26651609260304915,0.477124183006536
PP-MAE-v2 (mask-free) [PROPOSED],BraTS2021_00110,20.979683,0.8695221543312073,0.17689909,0.8645561357702349,0.448,0.7300275482093664
PP-MAE-v2 (mask-free) [PROPOSED],BraTS2021_00110,21.079823,0.8861033320426941,0.17641206,0.8881546340657526,0.8513341804320204,0.8429319371727748
PP-MAE-v2 (mask-free) [PROPOSED],BraTS2021_00110,21.08693,0.8799448013305664,0.17476861,0.8766370250606306,0.6491228070175439,0.7578947368421053
PP-MAE-v2 (mask-free) [PROPOSED],BraTS2021_00110,20.728954,0.8918946981430054,0.18059675,0.8684839789574367,0.7893231649189705,0.807733619763695
PP-MAE-v2 (mask-free) [PROPOSED],BraTS2021_00110,21.34296,0.8907183408737183,0.171368,0.8604577240940877,0.43036750483558994,0.6687598116169545
PP-MAE-v2 (mask-free) [PROPOSED],BraTS2021_00110,20.795145,0.8707495331764221,0.18765976,0.9061127997298211,0.7788983708301008,0.8841285296981499
PP-MAE-v2 (mask-free) [PROPOSED],BraTS2021_00110,19.61475,0.8461286425590515,0.21380661,0.9006085192697769,0.591304347826087,0.7692307692307693
PP-MAE-v2 (mask-free) [PROPOSED],BraTS2021_00110,20.781507,0.8751680254936218,0.18956152,0.8863062152602325,0.7393431167016072,0.7972136222910217
PP-MAE-v2 (mask-free) [PROPOSED],BraTS2021_00110,20.02798,0.8727163076400757,0.20372953,0.8475024809791598,0.74,0.8132530120481928
PP-MAE-v2 (mask-free) [PROPOSED],BraTS2021_00110,21.07731,0.8872869610786438,0.19059794,0.882937211777226,0.6609294320137694,0.7877927608232789
PP-MAE-v2 (mask-free) [PROPOSED],BraTS2021_00110,20.075932,0.8808202147483826,0.20806663,0.8812751923781605,0.742749054224464,0.8176555716353111
PP-MAE-v2 (mask-free) [PROPOSED],BraTS2021_00110,20.37872,0.8853183388710022,0.20472877,0.8607964925100475,0.7422934648581998,0.7918367346938775
PP-MAE-v2 (mask-free) [PROPOSED],BraTS2021_00110,19.707125,0.8819912672042847,0.21717271,0.8610031464001481,0.7184822521419829,0.7845303867403315
PP-MAE-v2 (mask-free) [PROPOSED],BraTS2021_00110,19.889893,0.8754915595054626,0.221504,0.9092717867091126,0.8164642375168691,0.8761329305135952
PP-MAE-v2 (mask-free) [PROPOSED],BraTS2021_00110,20.449932,0.9033884406089783,0.20377721,0.8776691279185791,0.8053156146179402,0.8976744186046511
PP-MAE-v2 (mask-free) [PROPOSED],BraTS2021_00110,20.438196,0.9037801623344421,0.21290043,0.8663386633866339,0.8681088625261689,0.8851251840942562
PP-MAE-v2 (mask-free) [PROPOSED],BraTS2021_00110,19.837582,0.8875232338905334,0.23061423,0.8839538428042674,0.6775898520084567,0.7931713722915299
PP-MAE-v2 (mask-free) [PROPOSED],BraTS2021_00110,19.867899,0.8971723914146423,0.22905567,0.8394032470381746,0.6992143658810326,0.767948717948718
PP-MAE-v2 (mask-free) [PROPOSED],BraTS2021_00110,20.813297,0.9180552959442139,0.21208638,0.8181197359435466,0.731042654028436,0.830110497237569
PP-MAE-v2 (mask-free) [PROPOSED],BraTS2021_00110,20.812027,0.9137545824050903,0.22347869,0.8623762376237624,0.8742094167252283,0.8804185351270553
PP-MAE-v2 (mask-free) [PROPOSED],BraTS2021_00110,20.433138,0.9166548848152161,0.2302778,0.8686496446433272,0.7428571428571429,0.7743694614860259
PP-MAE-v2 (mask-free) [PROPOSED],BraTS2021_00110,20.48129,0.9148847460746765,0.240323,0.8374331550802139,0.8749003984063745,0.8741721854304636
PP-MAE-v2 (mask-free) [PROPOSED],BraTS2021_00110,21.026495,0.9285305142402649,0.23096935,0.8194956078209125,0.6471663619744058,0.7101754385964912
PP-MAE-v2 (mask-free) [PROPOSED],BraTS2021_00110,21.497444,0.9350447654724121,0.22490379,0.8208630859981372,0.7130044843049327,0.7820069204152249
PP-MAE-v2 (mask-free) [PROPOSED],BraTS2021_00110,22.224295,0.9416806101799011,0.22510529,0.8376669009135629,0.5636363636363636,0.641313742437338
PP-MAE-v2 (mask-free) [PROPOSED],BraTS2021_00110,21.743744,0.9369252324104309,0.23677422,0.8049060942889996,0.6489675516224189,0.7665847665847666
PP-MAE-v2 (mask-free) [PROPOSED],BraTS2021_00110,20.927553,0.9238355755805969,0.2685246,0.8375378405650857,0.7978910369068541,0.8627450980392157
PP-MAE-v2 (mask-free) [PROPOSED],BraTS2021_00110,21.244736,0.9253613948822021,0.27512056,0.8517200474495848,0.8623376623376623,0.8793565683646113
PP-MAE-v2 (mask-free) [PROPOSED],BraTS2021_00110,22.01353,0.9338955283164978,0.2692247,0.7442528735632183,0.7813953488372093,0.8290155440414507
PP-MAE-v2 (mask-free) [PROPOSED],BraTS2021_00110,22.380768,0.9336017966270447,0.27876684,0.8212765957446808,0.72,0.7157894736842105
PP-MAE-v2 (mask-free) [PROPOSED],BraTS2021_00110,22.066292,0.918281078338623,0.32961303,0.796875,0.0,0.0
PP-MAE-v2 (mask-free) [PROPOSED],BraTS2021_00110,22.735197,0.9190654754638672,0.33916244,0.7851851851851852,0.0,0.0
PP-MAE-v2 (mask-free) [PROPOSED],BraTS2021_00110,23.853008,0.9189708232879639,0.34419784,0.7323340471092077,0.0,0.0
PP-MAE-v2 (mask-free) [PROPOSED],BraTS2021_00110,24.456484,0.9057542085647583,0.38180408,0.6792452830188679,0.0,0.0
PP-MAE-v2 (mask-free) [PROPOSED],BraTS2021_00112,24.38668,0.9436911344528198,0.19051792,0.0,nan,nan
PP-MAE-v2 (mask-free) [PROPOSED],BraTS2021_00112,25.23696,0.9492595195770264,0.17680544,0.0,nan,nan
PP-MAE-v2 (mask-free) [PROPOSED],BraTS2021_00112,25.32441,0.9548149704933167,0.16587855,0.0,nan,nan
PP-MAE-v2 (mask-free) [PROPOSED],BraTS2021_00112,25.519464,0.9563279747962952,0.1645526,0.0,nan,nan
PP-MAE-v2 (mask-free) [PROPOSED],BraTS2021_00112,25.85413,0.9597390294075012,0.15952815,0.0,nan,nan
PP-MAE-v2 (mask-free) [PROPOSED],BraTS2021_00112,24.360674,0.9465630650520325,0.17949277,0.0,nan,nan
PP-MAE-v2 (mask-free) [PROPOSED],BraTS2021_00112,25.677977,0.956920862197876,0.16063064,0.0,nan,nan
PP-MAE-v2 (mask-free) [PROPOSED],BraTS2021_00112,23.94656,0.9449663162231445,0.18481421,0.0,nan,nan
PP-MAE-v2 (mask-free) [PROPOSED],BraTS2021_00112,24.962845,0.9504492282867432,0.17202875,0.0,nan,nan
PP-MAE-v2 (mask-free) [PROPOSED],BraTS2021_00112,24.731539,0.9480198621749878,0.17393681,0.0,nan,nan
PP-MAE-v2 (mask-free) [PROPOSED],BraTS2021_00112,23.91656,0.9416553974151611,0.18680102,0.0,nan,nan
PP-MAE-v2 (mask-free) [PROPOSED],BraTS2021_00112,23.299238,0.9353533387184143,0.19504695,0.0,nan,nan
PP-MAE-v2 (mask-free) [PROPOSED],BraTS2021_00112,24.667572,0.9465198516845703,0.17422721,0.0,nan,nan
PP-MAE-v2 (mask-free) [PROPOSED],BraTS2021_00112,22.59003,0.9182412624359131,0.21129145,0.0743801652892562,nan,nan
PP-MAE-v2 (mask-free) [PROPOSED],BraTS2021_00112,21.8209,0.911191463470459,0.22542939,0.06060606060606061,nan,nan
PP-MAE-v2 (mask-free) [PROPOSED],BraTS2021_00112,22.475758,0.9112493991851807,0.21070215,0.07712082262210797,nan,nan
PP-MAE-v2 (mask-free) [PROPOSED],BraTS2021_00112,22.14534,0.9036996960639954,0.21203539,0.0,nan,nan
PP-MAE-v2 (mask-free) [PROPOSED],BraTS2021_00112,23.357365,0.9026700854301453,0.18444005,0.10510948905109489,nan,nan
PP-MAE-v2 (mask-free) [PROPOSED],BraTS2021_00112,23.347176,0.8910763263702393,0.18160392,0.17739975698663427,0.0,nan
PP-MAE-v2 (mask-free) [PROPOSED],BraTS2021_00112,23.191013,0.8953100442886353,0.1813473,0.3532934131736527,0.0,nan
PP-MAE-v2 (mask-free) [PROPOSED],BraTS2021_00112,23.650438,0.9012581706047058,0.17401811,0.010101010101010102,0.0,nan
PP-MAE-v2 (mask-free) [PROPOSED],BraTS2021_00112,23.152626,0.909199595451355,0.17670423,0.47815533980582525,0.0,0.0
PP-MAE-v2 (mask-free) [PROPOSED],BraTS2021_00112,22.668663,0.9041112661361694,0.18116982,0.4506024096385542,0.0,nan
PP-MAE-v2 (mask-free) [PROPOSED],BraTS2021_00112,24.4034,0.9245486855506897,0.15549552,0.4583333333333333,0.0,nan
PP-MAE-v2 (mask-free) [PROPOSED],BraTS2021_00112,22.86852,0.9125263094902039,0.17825693,0.702247191011236,0.0,nan
PP-MAE-v2 (mask-free) [PROPOSED],BraTS2021_00112,22.823189,0.9107804298400879,0.17682232,0.6666666666666666,0.0,nan
PP-MAE-v2 (mask-free) [PROPOSED],BraTS2021_00112,23.138151,0.9041897654533386,0.17440346,0.764797507788162,nan,nan
PP-MAE-v2 (mask-free) [PROPOSED],BraTS2021_00112,23.648024,0.9123590588569641,0.16585146,0.8142981691368788,0.0,0.0
PP-MAE-v2 (mask-free) [PROPOSED],BraTS2021_00112,23.935213,0.922428548336029,0.15974022,0.7866786678667866,0.0,0.0
PP-MAE-v2 (mask-free) [PROPOSED],BraTS2021_00112,21.633057,0.8824740648269653,0.20036012,0.8556962025316456,0.0,0.0
PP-MAE-v2 (mask-free) [PROPOSED],BraTS2021_00112,23.717567,0.9224770665168762,0.16444573,0.7977941176470589,0.0,0.0
PP-MAE-v2 (mask-free) [PROPOSED],BraTS2021_00112,21.302357,0.8758792281150818,0.20665844,0.7993421052631579,0.0,0.0
PP-MAE-v2 (mask-free) [PROPOSED],BraTS2021_00112,22.977076,0.912483274936676,0.17464097,0.850632911392405,0.0,0.0
PP-MAE-v2 (mask-free) [PROPOSED],BraTS2021_00112,23.855726,0.915997326374054,0.16309533,0.8317152103559871,0.0,0.0
PP-MAE-v2 (mask-free) [PROPOSED],BraTS2021_00112,24.408329,0.9311118721961975,0.15374146,0.7788104089219331,nan,nan
PP-MAE-v2 (mask-free) [PROPOSED],BraTS2021_00112,24.5739,0.9281888008117676,0.1512006,0.7852084972462627,0.0,0.0
PP-MAE-v2 (mask-free) [PROPOSED],BraTS2021_00112,22.99421,0.9211013913154602,0.17530918,0.611764705882353,nan,nan
PP-MAE-v2 (mask-free) [PROPOSED],BraTS2021_00112,21.553902,0.886653482913971,0.2021,0.7382297551789078,nan,nan
PP-MAE-v2 (mask-free) [PROPOSED],BraTS2021_00112,24.569012,0.9372963309288025,0.15094227,0.6970091027308193,nan,nan
PP-MAE-v2 (mask-free) [PROPOSED],BraTS2021_00112,22.29396,0.9134261608123779,0.18429165,0.7356643356643356,0.0,0.0
PP-MAE-v2 (mask-free) [PROPOSED],BraTS2021_00112,22.86644,0.9216609597206116,0.17360212,0.31446540880503143,nan,nan
PP-MAE-v2 (mask-free) [PROPOSED],BraTS2021_00112,23.163784,0.924450695514679,0.16914284,0.3170731707317073,nan,nan
PP-MAE-v2 (mask-free) [PROPOSED],BraTS2021_00112,23.642921,0.9320660829544067,0.16321161,0.41277641277641275,0.0,0.0
PP-MAE-v2 (mask-free) [PROPOSED],BraTS2021_00112,24.504753,0.9436047077178955,0.15176822,0.7382297551789078,nan,nan
PP-MAE-v2 (mask-free) [PROPOSED],BraTS2021_00112,23.421839,0.9279606938362122,0.16724741,0.6310904872389791,nan,nan
PP-MAE-v2 (mask-free) [PROPOSED],BraTS2021_00112,24.385588,0.9416857957839966,0.15173157,0.5521126760563381,nan,nan
PP-MAE-v2 (mask-free) [PROPOSED],BraTS2021_00112,23.561247,0.9411155581474304,0.16170698,0.4876543209876543,nan,nan
PP-MAE-v2 (mask-free) [PROPOSED],BraTS2021_00112,23.576721,0.9344754219055176,0.16280119,0.6934097421203438,nan,nan
PP-MAE-v2 (mask-free) [PROPOSED],BraTS2021_00112,24.207811,0.9367668032646179,0.15584157,0.0,nan,nan
PP-MAE-v2 (mask-free) [PROPOSED],BraTS2021_00112,23.880747,0.9338219165802002,0.15886256,0.0,nan,nan
PP-MAE-v2 (mask-free) [PROPOSED],BraTS2021_00112,24.606325,0.9408855438232422,0.1489361,0.0,nan,nan
PP-MAE-v2 (mask-free) [PROPOSED],BraTS2021_00112,24.506012,0.943260133266449,0.14914927,0.0,nan,nan
PP-MAE-v2 (mask-free) [PROPOSED],BraTS2021_00112,24.08839,0.9371152520179749,0.15682375,0.0,nan,nan
PP-MAE-v2 (mask-free) [PROPOSED],BraTS2021_00112,25.548084,0.9512538909912109,0.13675949,0.0,nan,nan
PP-MAE-v2 (mask-free) [PROPOSED],BraTS2021_00112,26.014242,0.9549863338470459,0.12885755,0.0,nan,nan
PP-MAE-v2 (mask-free) [PROPOSED],BraTS2021_00112,23.100918,0.9214457869529724,0.17235838,0.0,nan,nan
PP-MAE-v2 (mask-free) [PROPOSED],BraTS2021_00112,26.04863,0.9527066946029663,0.12814113,0.0,nan,nan
PP-MAE-v2 (mask-free) [PROPOSED],BraTS2021_00128,25.121342,0.9627838134765625,0.15822497,0.15793848711554448,nan,nan
PP-MAE-v2 (mask-free) [PROPOSED],BraTS2021_00128,24.944672,0.9615082144737244,0.16134025,0.2423849643551523,0.0,0.0
PP-MAE-v2 (mask-free) [PROPOSED],BraTS2021_00128,24.229218,0.9541752338409424,0.1738663,0.377008652657602,0.0,0.0
PP-MAE-v2 (mask-free) [PROPOSED],BraTS2021_00128,25.255125,0.9632626175880432,0.15790206,0.46589018302828616,0.0,0.0
PP-MAE-v2 (mask-free) [PROPOSED],BraTS2021_00128,24.692413,0.9606906771659851,0.16135432,0.5547520661157025,0.0,0.0
PP-MAE-v2 (mask-free) [PROPOSED],BraTS2021_00128,24.705227,0.9592154622077942,0.1632625,0.6570820021299254,0.0,0.0
PP-MAE-v2 (mask-free) [PROPOSED],BraTS2021_00128,24.426842,0.9598162174224854,0.1639144,0.4676943260085274,0.0,0.0
PP-MAE-v2 (mask-free) [PROPOSED],BraTS2021_00128,23.714603,0.9523769021034241,0.17485979,0.7608897126969416,0.0,0.0
PP-MAE-v2 (mask-free) [PROPOSED],BraTS2021_00128,24.56444,0.9585138559341431,0.1627613,0.7490605427974948,0.0,0.0
PP-MAE-v2 (mask-free) [PROPOSED],BraTS2021_00128,24.28438,0.9552888870239258,0.16754773,0.8196010407632264,0.0,0.0
PP-MAE-v2 (mask-free) [PROPOSED],BraTS2021_00128,24.24913,0.9556252956390381,0.16631742,0.866286716352477,0.0,0.0
PP-MAE-v2 (mask-free) [PROPOSED],BraTS2021_00128,24.229057,0.9569659233093262,0.1630226,0.8955839867932315,0.0,0.0
PP-MAE-v2 (mask-free) [PROPOSED],BraTS2021_00128,24.496613,0.9594458341598511,0.1578531,0.8533535430087155,0.0,0.0
PP-MAE-v2 (mask-free) [PROPOSED],BraTS2021_00128,24.60574,0.9596723318099976,0.15343747,0.8864244741873805,0.0,0.0
PP-MAE-v2 (mask-free) [PROPOSED],BraTS2021_00128,24.385052,0.9568576812744141,0.15655409,0.8718138160325083,0.11428571428571428,0.1218274111675127
PP-MAE-v2 (mask-free) [PROPOSED],BraTS2021_00128,24.0948,0.9529621601104736,0.16021824,0.8386643233743409,0.005714285714285714,0.006993006993006993
PP-MAE-v2 (mask-free) [PROPOSED],BraTS2021_00128,24.34705,0.953053891658783,0.15831663,0.9334889148191365,0.40054869684499317,0.3956043956043956
PP-MAE-v2 (mask-free) [PROPOSED],BraTS2021_00128,24.495506,0.953123152256012,0.15230145,0.9281598155973876,0.47780126849894294,0.5748031496062992
PP-MAE-v2 (mask-free) [PROPOSED],BraTS2021_00128,23.866388,0.9475252628326416,0.16190532,0.9164156626506024,0.662883087400681,0.6509274873524452
PP-MAE-v2 (mask-free) [PROPOSED],BraTS2021_00128,23.697824,0.9373326897621155,0.16495581,0.9283559577677225,0.6301369863013698,0.5128205128205128
PP-MAE-v2 (mask-free) [PROPOSED],BraTS2021_00128,24.011768,0.9403596520423889,0.15642793,0.7835443037974683,0.8139754485363551,0.8571428571428571
PP-MAE-v2 (mask-free) [PROPOSED],BraTS2021_00128,23.686789,0.9346306920051575,0.16016671,0.7625,0.6437086092715232,0.6555183946488294
PP-MAE-v2 (mask-free) [PROPOSED],BraTS2021_00128,24.280146,0.9383219480514526,0.15243432,0.8745934224792193,0.7350427350427351,0.7121609798775154
PP-MAE-v2 (mask-free) [PROPOSED],BraTS2021_00128,23.8838,0.9339820742607117,0.15631655,0.8812949640287769,0.7827426810477658,0.7959558823529411
PP-MAE-v2 (mask-free) [PROPOSED],BraTS2021_00128,23.928698,0.9350923895835876,0.1530619,0.8335001668335001,0.692588092345079,0.6451612903225806
PP-MAE-v2 (mask-free) [PROPOSED],BraTS2021_00128,23.045254,0.9184206128120422,0.1642423,0.8653198653198653,0.7858520900321544,0.75
PP-MAE-v2 (mask-free) [PROPOSED],BraTS2021_00128,23.844797,0.9223732352256775,0.15352722,0.8398104265402844,0.6821862348178138,0.6637426900584795
PP-MAE-v2 (mask-free) [PROPOSED],BraTS2021_00128,24.876663,0.9318611025810242,0.13689148,0.8757026858213617,0.7956204379562044,0.7979139504563233
PP-MAE-v2 (mask-free) [PROPOSED],BraTS2021_00128,24.872086,0.9321126341819763,0.13783996,0.8577295394543855,0.9419035846724351,0.9197080291970803
PP-MAE-v2 (mask-free) [PROPOSED],BraTS2021_00128,24.627123,0.9194453358650208,0.14159796,0.8870317002881845,0.9189497716894978,0.8143074581430746
PP-MAE-v2 (mask-free) [PROPOSED],BraTS2021_00128,25.017054,0.9257152676582336,0.13529181,0.9231212208465304,0.8057416267942584,0.8194174757281554
PP-MAE-v2 (mask-free) [PROPOSED],BraTS2021_00128,25.08102,0.9209204912185669,0.1338728,0.8639331418124837,0.733500417710944,0.7692307692307693
PP-MAE-v2 (mask-free) [PROPOSED],BraTS2021_00128,24.781826,0.9324737787246704,0.13390814,0.9126109169131487,0.9294736842105263,0.9046679815910585
PP-MAE-v2 (mask-free) [PROPOSED],BraTS2021_00128,24.77576,0.9290833473205566,0.13452457,0.9080665813060179,0.8772946859903382,0.8470588235294118
PP-MAE-v2 (mask-free) [PROPOSED],BraTS2021_00128,24.58211,0.9242008924484253,0.13726972,0.9309905780494016,0.935965848452508,0.8835978835978836
PP-MAE-v2 (mask-free) [PROPOSED],BraTS2021_00128,25.397926,0.9415095448493958,0.12474697,0.9351501387837496,0.9029535864978903,0.837573385518591
PP-MAE-v2 (mask-free) [PROPOSED],BraTS2021_00128,25.082104,0.934894323348999,0.12995774,0.9045201837080009,0.8767881864328565,0.8349514563106796
PP-MAE-v2 (mask-free) [PROPOSED],BraTS2021_00128,25.33578,0.9364781975746155,0.12809387,0.9370314842578711,0.9201741654571843,0.8313090418353576
PP-MAE-v2 (mask-free) [PROPOSED],BraTS2021_00128,25.087431,0.9403096437454224,0.12678115,0.8985231062410671,0.9575569358178054,0.8729851708575113
PP-MAE-v2 (mask-free) [PROPOSED],BraTS2021_00128,24.967693,0.9391331076622009,0.13029915,0.9212445308701993,0.921025641025641,0.8732042473454091
PP-MAE-v2 (mask-free) [PROPOSED],BraTS2021_00128,25.54333,0.9417111873626709,0.12488236,0.931237721021611,0.8785638859556494,0.8228004956629492
PP-MAE-v2 (mask-free) [PROPOSED],BraTS2021_00128,25.213352,0.9483925700187683,0.12520939,0.9158787878787878,0.9292479108635098,0.8265635074145713
PP-MAE-v2 (mask-free) [PROPOSED],BraTS2021_00128,25.652203,0.9478614926338196,0.120888785,0.9460205874968617,0.8752759381898455,0.851150202976996
PP-MAE-v2 (mask-free) [PROPOSED],BraTS2021_00128,26.237696,0.9464100003242493,0.11701603,0.9416792357968828,0.8824858757062147,0.836436170212766
PP-MAE-v2 (mask-free) [PROPOSED],BraTS2021_00128,26.235119,0.9442939758300781,0.11734459,0.9341708542713568,0.8452579034941764,0.8936170212765957
PP-MAE-v2 (mask-free) [PROPOSED],BraTS2021_00128,25.939255,0.9374359250068665,0.12130167,0.9178598342125094,0.7477203647416414,0.7982289690069576
PP-MAE-v2 (mask-free) [PROPOSED],BraTS2021_00128,25.594952,0.935165524482727,0.123065434,0.870576829859428,0.8183401044689496,0.8208307501549907
PP-MAE-v2 (mask-free) [PROPOSED],BraTS2021_00128,26.557915,0.9378679990768433,0.114137,0.8876518218623481,0.650197628458498,0.7072997873848335
PP-MAE-v2 (mask-free) [PROPOSED],BraTS2021_00128,26.16288,0.9285364747047424,0.12000618,0.8834900731452455,0.7440729483282674,0.7427293064876958
PP-MAE-v2 (mask-free) [PROPOSED],BraTS2021_00128,25.080187,0.9208978414535522,0.13272218,0.8819026790595954,0.5985169491525424,0.6882352941176471
PP-MAE-v2 (mask-free) [PROPOSED],BraTS2021_00128,25.934505,0.9321193695068359,0.12530346,0.8461965574680733,0.7147862648913805,0.7495908346972177
PP-MAE-v2 (mask-free) [PROPOSED],BraTS2021_00128,27.005592,0.9462520480155945,0.11211227,0.8664455833584565,0.8566073102155577,0.7611168562564633
PP-MAE-v2 (mask-free) [PROPOSED],BraTS2021_00128,25.723484,0.9275381565093994,0.12815642,0.836875,0.7796278158667973,0.7022411953041622
PP-MAE-v2 (mask-free) [PROPOSED],BraTS2021_00128,25.977762,0.9348112344741821,0.1250189,0.8161812297734627,0.7326315789473684,0.6822085889570552
PP-MAE-v2 (mask-free) [PROPOSED],BraTS2021_00128,26.45854,0.9409444332122803,0.12414369,0.779003677699766,0.6612685560053981,0.6409495548961425
PP-MAE-v2 (mask-free) [PROPOSED],BraTS2021_00128,26.504793,0.9399825930595398,0.12497902,0.7802690582959642,0.6666666666666666,0.6690647482014388
PP-MAE-v2 (mask-free) [PROPOSED],BraTS2021_00128,25.761059,0.9331157207489014,0.13809183,0.7055067837190743,0.2552204176334107,0.25943396226415094
PP-MAE-v2 (mask-free) [PROPOSED],BraTS2021_00128,25.362999,0.9324072003364563,0.14146054,0.617634027470093,0.3445378151260504,0.351931330472103
PP-MAE-v2 (mask-free) [PROPOSED],BraTS2021_00128,25.802614,0.9284050464630127,0.13973105,0.6418269230769231,0.0,0.0
PP-MAE-v2 (mask-free) [PROPOSED],BraTS2021_00128,25.061216,0.9261651635169983,0.14990494,0.5576547231270358,0.0,0.0
PP-MAE-v2 (mask-free) [PROPOSED],BraTS2021_00128,25.009527,0.9271100163459778,0.15633534,0.5754451733833177,nan,nan
PP-MAE-v2 (mask-free) [PROPOSED],BraTS2021_00128,24.77254,0.9224230051040649,0.16227214,0.3908256880733945,0.0,0.0
PP-MAE-v2 (mask-free) [PROPOSED],BraTS2021_00128,24.956524,0.9298579096794128,0.16145872,0.5342706502636204,nan,nan
PP-MAE-v2 (mask-free) [PROPOSED],BraTS2021_00130,24.874065,0.9254446625709534,0.22465378,0.6116838487972509,0.0,0.0
PP-MAE-v2 (mask-free) [PROPOSED],BraTS2021_00130,24.915764,0.9302396774291992,0.21645862,0.725314183123878,nan,nan
PP-MAE-v2 (mask-free) [PROPOSED],BraTS2021_00130,24.827042,0.934299111366272,0.21184309,0.7598870056497176,0.0,0.0
PP-MAE-v2 (mask-free) [PROPOSED],BraTS2021_00130,24.659695,0.9268707036972046,0.22089751,0.8,0.0,0.0
PP-MAE-v2 (mask-free) [PROPOSED],BraTS2021_00130,25.00776,0.9323063492774963,0.21212573,0.7755532139093783,0.0,0.0
PP-MAE-v2 (mask-free) [PROPOSED],BraTS2021_00130,24.291174,0.9158830642700195,0.22867662,0.8398268398268398,0.6521739130434783,0.6323529411764706
PP-MAE-v2 (mask-free) [PROPOSED],BraTS2021_00130,23.99419,0.9113851189613342,0.22951064,0.8753246753246753,0.46586345381526106,0.45528455284552843
PP-MAE-v2 (mask-free) [PROPOSED],BraTS2021_00130,24.439745,0.9181984066963196,0.21438359,0.9380234505862647,0.6124031007751938,0.5993485342019544
PP-MAE-v2 (mask-free) [PROPOSED],BraTS2021_00130,24.545757,0.911186158657074,0.21131954,0.928194297782471,0.6752136752136753,0.6451612903225806
PP-MAE-v2 (mask-free) [PROPOSED],BraTS2021_00130,23.906723,0.8856037259101868,0.21592006,0.9320866141732284,0.7882037533512064,0.5978260869565217
PP-MAE-v2 (mask-free) [PROPOSED],BraTS2021_00130,24.667599,0.894504189491272,0.19601673,0.9428962996802193,0.6271050521251003,0.3350253807106599
PP-MAE-v2 (mask-free) [PROPOSED],BraTS2021_00130,24.711617,0.887212336063385,0.19187054,0.9440214957456337,0.6717123935666982,0.32558139534883723
PP-MAE-v2 (mask-free) [PROPOSED],BraTS2021_00130,24.687548,0.8796626329421997,0.18865164,0.9496402877697842,0.7491349480968859,0.4260355029585799
PP-MAE-v2 (mask-free) [PROPOSED],BraTS2021_00130,24.480583,0.8652681112289429,0.1900538,0.9125102207686018,0.7701863354037267,0.4850498338870432
PP-MAE-v2 (mask-free) [PROPOSED],BraTS2021_00130,24.71113,0.8698203563690186,0.18207854,0.893026941362916,0.5184210526315789,0.34232121922626024
PP-MAE-v2 (mask-free) [PROPOSED],BraTS2021_00130,25.299303,0.8858129382133484,0.17328206,0.9469753547423451,0.7247502774694784,0.5590778097982709
PP-MAE-v2 (mask-free) [PROPOSED],BraTS2021_00130,24.309727,0.8272321820259094,0.19386257,0.9434512951477563,0.7135416666666666,0.4946058091286307
PP-MAE-v2 (mask-free) [PROPOSED],BraTS2021_00130,24.825073,0.8572032451629639,0.17711699,0.9326241134751773,0.7752870420995079,0.47005444646098005
PP-MAE-v2 (mask-free) [PROPOSED],BraTS2021_00130,25.290993,0.8539304137229919,0.17228325,0.9375896700143472,0.780993992353905,0.4945164506480558
PP-MAE-v2 (mask-free) [PROPOSED],BraTS2021_00130,24.822186,0.8485274314880371,0.17230695,0.903464513958964,0.7543500511770727,0.4525939177101968
PP-MAE-v2 (mask-free) [PROPOSED],BraTS2021_00130,25.189045,0.8518257141113281,0.17040364,0.9095709570957096,0.7333333333333333,0.49198868991517436
PP-MAE-v2 (mask-free) [PROPOSED],BraTS2021_00130,25.41316,0.869641900062561,0.16512746,0.920280612244898,0.7173699705593719,0.45454545454545453
PP-MAE-v2 (mask-free) [PROPOSED],BraTS2021_00130,25.214455,0.8802252411842346,0.1653862,0.9258542875564152,0.7339727410398789,0.45411542100283825
PP-MAE-v2 (mask-free) [PROPOSED],BraTS2021_00130,25.270012,0.8759028315544128,0.16521452,0.9322242760320394,0.8255275347400927,0.56797583081571
PP-MAE-v2 (mask-free) [PROPOSED],BraTS2021_00130,25.64465,0.8833829164505005,0.16431113,0.949691658552418,0.8423739629865986,0.5390835579514824
PP-MAE-v2 (mask-free) [PROPOSED],BraTS2021_00130,25.260942,0.8745246529579163,0.16846316,0.9314907380182299,0.7678328032712404,0.5054263565891473
PP-MAE-v2 (mask-free) [PROPOSED],BraTS2021_00130,24.720728,0.8750084638595581,0.17264995,0.9316877152698049,0.7632058287795993,0.5335658238884046
PP-MAE-v2 (mask-free) [PROPOSED],BraTS2021_00130,25.070438,0.8833832740783691,0.16576824,0.9473053892215569,0.8390578999018645,0.5808636748518204
PP-MAE-v2 (mask-free) [PROPOSED],BraTS2021_00130,25.143969,0.886074423789978,0.16721855,0.9383166210878152,0.8317214700193424,0.48828420256991684
PP-MAE-v2 (mask-free) [PROPOSED],BraTS2021_00130,25.554092,0.8890368938446045,0.16505784,0.9239297813366184,0.7614678899082569,0.44807849550286183
PP-MAE-v2 (mask-free) [PROPOSED],BraTS2021_00130,25.251657,0.8887232542037964,0.16534138,0.9274119448698316,0.8467299051422865,0.4740740740740741
PP-MAE-v2 (mask-free) [PROPOSED],BraTS2021_00130,25.060787,0.8820802569389343,0.17291406,0.9387755102040817,0.9195530726256983,0.611764705882353
PP-MAE-v2 (mask-free) [PROPOSED],BraTS2021_00130,25.251667,0.8859608769416809,0.16607298,0.9070072036673216,0.6345123258306538,0.5291557876414273
PP-MAE-v2 (mask-free) [PROPOSED],BraTS2021_00130,25.051025,0.8771578669548035,0.17443036,0.9289959336878324,0.7023041474654378,0.5574755822689706
PP-MAE-v2 (mask-free) [PROPOSED],BraTS2021_00130,25.469818,0.8903617858886719,0.16540357,0.9634794156706508,0.950186799501868,0.7894736842105263
PP-MAE-v2 (mask-free) [PROPOSED],BraTS2021_00130,25.958101,0.9040241241455078,0.15752017,0.9553686934023286,0.8511137162954279,0.7137254901960784
PP-MAE-v2 (mask-free) [PROPOSED],BraTS2021_00130,26.133718,0.9071831703186035,0.15585099,0.964534305601591,0.8280329799764429,0.7180685358255452
PP-MAE-v2 (mask-free) [PROPOSED],BraTS2021_00130,25.3672,0.8899098038673401,0.1664946,0.949635730123535,0.7326086956521739,0.7380191693290735
PP-MAE-v2 (mask-free) [PROPOSED],BraTS2021_00130,26.164394,0.9069221615791321,0.15801392,0.9755620723362659,0.8258575197889182,0.6907838070628768
PP-MAE-v2 (mask-free) [PROPOSED],BraTS2021_00130,25.763046,0.9047286510467529,0.16286851,0.9516023544800524,0.705403834979663,0.5933098591549296
PP-MAE-v2 (mask-free) [PROPOSED],BraTS2021_00130,25.136269,0.8954979777336121,0.17279622,0.9648005363727791,0.7509529860228716,0.5903846153846154
PP-MAE-v2 (mask-free) [PROPOSED],BraTS2021_00130,25.852734,0.9080802202224731,0.15914701,0.9415223783077425,0.7111935683364254,0.5592233009708738
PP-MAE-v2 (mask-free) [PROPOSED],BraTS2021_00130,25.504333,0.90067458152771,0.16708268,0.9325474787164375,0.6128482092097783,0.43485915492957744
PP-MAE-v2 (mask-free) [PROPOSED],BraTS2021_00130,26.07405,0.9150109887123108,0.15661347,0.9459369817578773,0.7338129496402878,0.5618811881188119
PP-MAE-v2 (mask-free) [PROPOSED],BraTS2021_00130,26.412888,0.9238606691360474,0.15529713,0.9576298184135075,0.6394822006472491,0.47150837988826816
PP-MAE-v2 (mask-free) [PROPOSED],BraTS2021_00130,26.929035,0.9392777681350708,0.14403601,0.9515870471304906,0.6449326718639263,0.5254237288135594
PP-MAE-v2 (mask-free) [PROPOSED],BraTS2021_00130,26.300756,0.9255487322807312,0.15581791,0.9551954242135366,0.5184304399524375,0.4467680608365019
PP-MAE-v2 (mask-free) [PROPOSED],BraTS2021_00130,26.770365,0.9421036243438721,0.14433983,0.9504694075752671,0.5741626794258373,0.5283474065138721
PP-MAE-v2 (mask-free) [PROPOSED],BraTS2021_00130,26.51667,0.9341666102409363,0.1517467,0.9424292845257903,0.5161839863713799,0.47863247863247865
PP-MAE-v2 (mask-free) [PROPOSED],BraTS2021_00130,26.477512,0.930846095085144,0.15527172,0.9365456396335257,0.506405425772419,0.49411764705882355
PP-MAE-v2 (mask-free) [PROPOSED],BraTS2021_00130,26.336267,0.9258343577384949,0.1575663,0.9472934472934473,0.5408062930186824,0.6282051282051282
PP-MAE-v2 (mask-free) [PROPOSED],BraTS2021_00130,27.041662,0.925701916217804,0.1459149,0.9411329137356534,0.41228070175438597,0.3961218836565097
PP-MAE-v2 (mask-free) [PROPOSED],BraTS2021_00130,27.179588,0.9251829981803894,0.14142711,0.9533756061171205,0.37093690248565964,0.36619718309859156
PP-MAE-v2 (mask-free) [PROPOSED],BraTS2021_00130,26.898685,0.9225213527679443,0.15067305,0.9182115594329335,0.19465977605512488,0.11467116357504216
PP-MAE-v2 (mask-free) [PROPOSED],BraTS2021_00130,27.925508,0.9186843633651733,0.13451877,0.9720986655883542,0.028513238289205704,0.012578616352201259
PP-MAE-v2 (mask-free) [PROPOSED],BraTS2021_00130,28.097485,0.9171940684318542,0.13479222,0.9592476489028213,0.0,0.0
PP-MAE-v2 (mask-free) [PROPOSED],BraTS2021_00130,27.643698,0.9090091586112976,0.14171582,0.9775678866587958,0.0,0.0
PP-MAE-v2 (mask-free) [PROPOSED],BraTS2021_00130,28.098566,0.9198101162910461,0.135872,0.9716369529983793,0.0,0.0
PP-MAE-v2 (mask-free) [PROPOSED],BraTS2021_00130,27.649153,0.9000414609909058,0.14537555,0.9655737704918033,0.0,0.0
PP-MAE-v2 (mask-free) [PROPOSED],BraTS2021_00130,27.685741,0.9102890491485596,0.14427485,0.9787234042553191,0.0,0.0
PP-MAE-v2 (mask-free) [PROPOSED],BraTS2021_00130,27.243559,0.8953439593315125,0.1534655,0.9623430962343096,0.0,0.0
PP-MAE-v2 (mask-free) [PROPOSED],BraTS2021_00130,28.067911,0.901128351688385,0.13867512,0.9455066921606119,0.0,0.0
PP-MAE-v2 (mask-free) [PROPOSED],BraTS2021_00130,28.104486,0.8933073878288269,0.14457543,0.9495884773662552,0.0,0.0
PP-MAE-v2 (mask-free) [PROPOSED],BraTS2021_00130,27.370117,0.8791012167930603,0.15581529,0.9390642002176278,0.0,0.0
PP-MAE-v2 (mask-free) [PROPOSED],BraTS2021_00130,26.546558,0.8367529511451721,0.17210968,0.9251247920133111,0.0,0.0
PP-MAE-v2 (mask-free) [PROPOSED],BraTS2021_00130,27.057314,0.8782631158828735,0.16648604,0.9721871049304678,0.0,0.0
PP-MAE-v2 (mask-free) [PROPOSED],BraTS2021_00130,27.378567,0.8792611956596375,0.15766923,0.9383202099737533,0.0,0.0
PP-MAE-v2 (mask-free) [PROPOSED],BraTS2021_00130,27.236717,0.8724456429481506,0.16572875,0.9375470278404816,0.0,0.0
PP-MAE-v2 (mask-free) [PROPOSED],BraTS2021_00130,27.322329,0.8777818083763123,0.16786695,0.6437346437346437,0.0,0.0
PP-MAE-v2 (mask-free) [PROPOSED],BraTS2021_00130,27.162277,0.8554385900497437,0.17525119,0.8693693693693694,0.0,0.0
PP-MAE-v2 (mask-free) [PROPOSED],BraTS2021_00130,27.345112,0.8700401186943054,0.17337878,0.8080495356037152,0.0,0.0
PP-MAE-v2 (mask-free) [PROPOSED],BraTS2021_00130,27.106504,0.8792521357536316,0.17671193,0.0,nan,nan
PP-MAE-v2 (mask-free) [PROPOSED],BraTS2021_00130,27.446327,0.8870925307273865,0.17343822,0.0,nan,nan
PP-MAE-v2 (mask-free) [PROPOSED],BraTS2021_00130,26.810667,0.8906405568122864,0.18726072,0.0,nan,nan
PP-MAE-v2 (mask-free) [PROPOSED],BraTS2021_00130,26.576134,0.874674379825592,0.20036685,0.0,nan,nan
PP-MAE-v1 (mask-gated),BraTS2021_00002,27.14938,0.9370707869529724,0.2851682,0.0,nan,nan
PP-MAE-v1 (mask-gated),BraTS2021_00002,27.524132,0.9429219961166382,0.26479858,0.0,nan,nan
PP-MAE-v1 (mask-gated),BraTS2021_00002,27.016846,0.9406320452690125,0.269786,0.7845528455284553,nan,nan
PP-MAE-v1 (mask-gated),BraTS2021_00002,27.07157,0.9402170777320862,0.2618854,0.9147005444646098,nan,nan
PP-MAE-v1 (mask-gated),BraTS2021_00002,27.529419,0.947539210319519,0.2402657,0.9045045045045045,nan,nan
PP-MAE-v1 (mask-gated),BraTS2021_00002,26.586237,0.9384607672691345,0.25071904,0.8846153846153846,nan,nan
PP-MAE-v1 (mask-gated),BraTS2021_00002,26.231432,0.9326478838920593,0.25570178,0.8843283582089553,nan,nan
PP-MAE-v1 (mask-gated),BraTS2021_00002,25.413006,0.9240607619285583,0.26813745,0.9326683291770573,nan,nan
PP-MAE-v1 (mask-gated),BraTS2021_00002,25.589321,0.9245281219482422,0.25709307,0.9129464285714286,nan,nan
PP-MAE-v1 (mask-gated),BraTS2021_00002,26.42429,0.934806764125824,0.22839274,0.833976833976834,nan,nan
PP-MAE-v1 (mask-gated),BraTS2021_00002,25.896242,0.9289349317550659,0.23838209,0.9151670951156813,nan,nan
PP-MAE-v1 (mask-gated),BraTS2021_00002,26.299854,0.9337213039398193,0.22225109,0.9322709163346613,nan,nan
PP-MAE-v1 (mask-gated),BraTS2021_00002,26.24842,0.9317689538002014,0.22000109,0.918918918918919,nan,nan
PP-MAE-v1 (mask-gated),BraTS2021_00002,25.773487,0.9196507334709167,0.2326244,0.9411764705882353,nan,nan
PP-MAE-v1 (mask-gated),BraTS2021_00002,26.990208,0.935279369354248,0.199359,0.882938026013772,nan,nan
PP-MAE-v1 (mask-gated),BraTS2021_00002,26.650578,0.9343124628067017,0.19837473,0.8436018957345972,nan,nan
PP-MAE-v1 (mask-gated),BraTS2021_00002,26.745426,0.936202883720398,0.19280998,0.6781045751633987,nan,nan
PP-MAE-v1 (mask-gated),BraTS2021_00002,26.402817,0.9295100569725037,0.2036917,0.6907838070628768,nan,nan
PP-MAE-v1 (mask-gated),BraTS2021_00002,26.12932,0.924763023853302,0.21274316,0.6293706293706294,nan,nan
PP-MAE-v1 (mask-gated),BraTS2021_00002,25.584734,0.9214427471160889,0.21707068,0.322360953461975,nan,nan
PP-MAE-v1 (mask-gated),BraTS2021_00002,24.827732,0.8986566066741943,0.2415056,0.36363636363636365,nan,nan
PP-MAE-v1 (mask-gated),BraTS2021_00002,25.119091,0.9036605358123779,0.22408229,0.7908533184606804,nan,nan
PP-MAE-v1 (mask-gated),BraTS2021_00002,24.547062,0.8879708647727966,0.23169544,0.8324873096446701,0.0,0.0
PP-MAE-v1 (mask-gated),BraTS2021_00002,25.955357,0.9063722491264343,0.19317457,0.8344941956882256,0.0,0.0
PP-MAE-v1 (mask-gated),BraTS2021_00002,26.25307,0.9040130376815796,0.18476413,0.7820466786355476,0.0,0.0
PP-MAE-v1 (mask-gated),BraTS2021_00002,26.450203,0.9088925123214722,0.17805271,0.5433040824112934,nan,nan
PP-MAE-v1 (mask-gated),BraTS2021_00002,26.56427,0.8997219800949097,0.17730638,0.6731946144430845,nan,nan
PP-MAE-v1 (mask-gated),BraTS2021_00002,26.72225,0.9148299098014832,0.16664195,0.6782115869017632,nan,nan
PP-MAE-v1 (mask-gated),BraTS2021_00002,27.243471,0.9195689558982849,0.15850468,0.5694682675814752,0.0,0.0
PP-MAE-v1 (mask-gated),BraTS2021_00002,27.372383,0.9255825877189636,0.15421428,0.6400240384615384,0.43157894736842106,0.43157894736842106
PP-MAE-v1 (mask-gated),BraTS2021_00002,27.408201,0.9225338697433472,0.15555413,0.47613143211407316,0.0,0.0
PP-MAE-v1 (mask-gated),BraTS2021_00002,27.348103,0.9340268969535828,0.14938062,0.7181022570244127,0.23218997361477572,0.23218997361477572
PP-MAE-v1 (mask-gated),BraTS2021_00002,27.355959,0.9307661652565002,0.15100598,0.617698671346202,0.7777777777777778,0.7777777777777778
PP-MAE-v1 (mask-gated),BraTS2021_00002,26.791847,0.9342762231826782,0.1572679,0.9219047619047619,0.5836734693877551,0.5855758880516685
PP-MAE-v1 (mask-gated),BraTS2021_00002,27.193382,0.9338478446006775,0.15009962,0.7607237243342143,0.5736434108527132,0.5637823371989296
PP-MAE-v1 (mask-gated),BraTS2021_00002,26.296474,0.9273037314414978,0.16167334,0.7289113193943764,0.5568814638027049,0.51138353765324
PP-MAE-v1 (mask-gated),BraTS2021_00002,26.677801,0.9333911538124084,0.15181968,0.7419582891481089,0.5667539267015707,0.4470774091627172
PP-MAE-v1 (mask-gated),BraTS2021_00002,27.29419,0.9410629868507385,0.14214154,0.8157939332316556,0.8250758341759353,0.7330873308733087
PP-MAE-v1 (mask-gated),BraTS2021_00002,26.963703,0.9410064220428467,0.15036234,0.7794990112063283,0.7686134641105662,0.6998892580287929
PP-MAE-v1 (mask-gated),BraTS2021_00002,27.274721,0.9422786235809326,0.14186805,0.8388416745357256,0.8698105602579606,0.779746835443038
PP-MAE-v1 (mask-gated),BraTS2021_00002,27.172493,0.9474958777427673,0.14193514,0.9241455959988886,0.9114680612626074,0.8313253012048193
PP-MAE-v1 (mask-gated),BraTS2021_00002,27.455677,0.9524716138839722,0.13274153,0.8565285939515551,0.921583850931677,0.7755610972568578
PP-MAE-v1 (mask-gated),BraTS2021_00002,27.380617,0.9533835053443909,0.13373521,0.8662715049877114,0.9492780451684562,0.7950872656755009
PP-MAE-v1 (mask-gated),BraTS2021_00002,27.580814,0.9500320553779602,0.13306408,0.9007004532344458,0.9601449275362319,0.8224811514736121
PP-MAE-v1 (mask-gated),BraTS2021_00002,27.828424,0.9543474316596985,0.12956463,0.9066950618927193,0.9344729344729344,0.7593880389429764
PP-MAE-v1 (mask-gated),BraTS2021_00002,26.797916,0.9540154933929443,0.14054191,0.9577353522053983,0.9338721528288023,0.7278063096111519
PP-MAE-v1 (mask-gated),BraTS2021_00002,27.40133,0.9571509957313538,0.12835355,0.9497266302173624,0.945280940139552,0.7563909774436091
PP-MAE-v1 (mask-gated),BraTS2021_00002,27.901043,0.9574390649795532,0.12518683,0.9024822695035462,0.9502262443438914,0.7916986933128363
PP-MAE-v1 (mask-gated),BraTS2021_00002,27.46365,0.9542822241783142,0.13117012,0.9267791636096845,0.9265619291194739,0.7971830985915493
PP-MAE-v1 (mask-gated),BraTS2021_00002,27.53232,0.9548814296722412,0.12890859,0.9251393282120801,0.9342560553633218,0.7773851590106007
PP-MAE-v1 (mask-gated),BraTS2021_00002,27.768108,0.9592199921607971,0.12522957,0.9216802585013079,0.9446876243533625,0.7714987714987716
PP-MAE-v1 (mask-gated),BraTS2021_00002,27.397528,0.9564005732536316,0.12821065,0.9429939749729647,0.9478226755590428,0.8062593144560357
PP-MAE-v1 (mask-gated),BraTS2021_00002,27.795979,0.959930419921875,0.12367151,0.938563786675312,0.9414225941422594,0.8077786088257293
PP-MAE-v1 (mask-gated),BraTS2021_00002,28.032642,0.9605046510696411,0.12079992,0.9259694477085781,0.9304721030042918,0.8159057437407953
PP-MAE-v1 (mask-gated),BraTS2021_00002,27.73005,0.960153341293335,0.12390226,0.9366088300979213,0.944874715261959,0.8257142857142857
PP-MAE-v1 (mask-gated),BraTS2021_00002,28.043102,0.9650221467018127,0.11948936,0.9182093571188152,0.9318403115871471,0.8147100424328148
PP-MAE-v1 (mask-gated),BraTS2021_00002,27.96598,0.9645819067955017,0.12166913,0.9321595028482651,0.9155080213903743,0.8212765957446808
PP-MAE-v1 (mask-gated),BraTS2021_00002,27.710741,0.9658454656600952,0.12180303,0.9341402634389463,0.9297820823244553,0.8329092451229856
PP-MAE-v1 (mask-gated),BraTS2021_00002,28.622555,0.9715262055397034,0.11264707,0.9389230213227322,0.9247168554297135,0.845943482224248
PP-MAE-v1 (mask-gated),BraTS2021_00002,28.899271,0.9730967879295349,0.10981393,0.9461077844311377,0.9151234567901234,0.8380765456329735
PP-MAE-v1 (mask-gated),BraTS2021_00002,28.179636,0.9712034463882446,0.11515493,0.9303500541320823,0.9066901408450704,0.832807570977918
PP-MAE-v1 (mask-gated),BraTS2021_00002,29.265917,0.9746115207672119,0.10559795,0.9638376383763838,0.8877755511022044,0.8587443946188341
PP-MAE-v1 (mask-gated),BraTS2021_00002,28.81741,0.974297285079956,0.11266213,0.9569852941176471,0.8717948717948718,0.8439620081411127
PP-MAE-v1 (mask-gated),BraTS2021_00002,29.304428,0.9746217727661133,0.10645613,0.9647544056992876,0.8888888888888888,0.859375
PP-MAE-v1 (mask-gated),BraTS2021_00002,27.795918,0.966720461845398,0.12888402,0.9529411764705882,0.9102362204724409,0.886986301369863
PP-MAE-v1 (mask-gated),BraTS2021_00002,28.95813,0.9695901274681091,0.109819375,0.9505882352941176,0.8538899430740038,0.8376753507014028
PP-MAE-v1 (mask-gated),BraTS2021_00002,28.757591,0.966078519821167,0.11469463,0.9484744392806628,0.8344086021505376,0.8283752860411899
PP-MAE-v1 (mask-gated),BraTS2021_00002,29.410397,0.9649724960327148,0.11345336,0.9649502379922111,0.8033240997229917,0.7854984894259819
PP-MAE-v1 (mask-gated),BraTS2021_00002,29.733408,0.9633198380470276,0.10974024,0.9415569415569416,0.8448844884488449,0.8158844765342961
PP-MAE-v1 (mask-gated),BraTS2021_00002,29.31164,0.9646639823913574,0.11537564,0.9395777723853433,0.8571428571428571,0.8512820512820513
PP-MAE-v1 (mask-gated),BraTS2021_00002,28.8715,0.961256742477417,0.117878154,0.9406846093545859,0.9586776859504132,0.9586776859504132
PP-MAE-v1 (mask-gated),BraTS2021_00002,28.462534,0.9598692059516907,0.12264171,0.9571596244131455,0.0,0.0
PP-MAE-v1 (mask-gated),BraTS2021_00002,28.446674,0.9600169062614441,0.12552375,0.9424764380890478,nan,nan
PP-MAE-v1 (mask-gated),BraTS2021_00002,28.057775,0.9571282267570496,0.1294618,0.9329162321863051,nan,nan
PP-MAE-v1 (mask-gated),BraTS2021_00002,28.3095,0.9546384811401367,0.13095218,0.9619124797406807,nan,nan
PP-MAE-v1 (mask-gated),BraTS2021_00002,28.175812,0.9517399072647095,0.13696663,0.9578947368421052,nan,nan
PP-MAE-v1 (mask-gated),BraTS2021_00002,27.859495,0.9460575580596924,0.14364645,0.947,nan,nan
PP-MAE-v1 (mask-gated),BraTS2021_00002,27.190952,0.945171594619751,0.14995484,0.9394904458598726,nan,nan
PP-MAE-v1 (mask-gated),BraTS2021_00002,27.434612,0.9388836026191711,0.15275778,0.9401709401709402,nan,nan
PP-MAE-v1 (mask-gated),BraTS2021_00002,26.964157,0.9374420046806335,0.15700783,0.9369057908383751,nan,nan
PP-MAE-v1 (mask-gated),BraTS2021_00002,27.132254,0.93522047996521,0.1606677,0.9460093896713615,nan,nan
PP-MAE-v1 (mask-gated),BraTS2021_00002,26.54973,0.9335346221923828,0.17061505,0.7824074074074074,nan,nan
PP-MAE-v1 (mask-gated),BraTS2021_00002,27.023258,0.9338341951370239,0.17125733,0.9294117647058824,nan,nan
PP-MAE-v1 (mask-gated),BraTS2021_00002,26.924055,0.9340912103652954,0.17320503,0.8253968253968254,nan,nan
PP-MAE-v1 (mask-gated),BraTS2021_00014,27.420328,0.9539677500724792,0.24683937,0.0,nan,nan
PP-MAE-v1 (mask-gated),BraTS2021_00014,27.31501,0.9552285075187683,0.23811135,0.25,nan,nan
PP-MAE-v1 (mask-gated),BraTS2021_00014,27.344152,0.9611411690711975,0.23093991,0.0,nan,nan
PP-MAE-v1 (mask-gated),BraTS2021_00014,27.150915,0.960577666759491,0.22713777,0.18233618233618235,nan,nan
PP-MAE-v1 (mask-gated),BraTS2021_00014,27.481203,0.9635818004608154,0.21552096,0.1504950495049505,nan,nan
PP-MAE-v1 (mask-gated),BraTS2021_00014,26.501797,0.9584876298904419,0.22900806,0.18705035971223022,nan,nan
PP-MAE-v1 (mask-gated),BraTS2021_00014,26.112343,0.9578983783721924,0.23171455,0.7311827956989247,nan,nan
PP-MAE-v1 (mask-gated),BraTS2021_00014,26.280674,0.9582831859588623,0.2281344,0.7010804321728692,nan,nan
PP-MAE-v1 (mask-gated),BraTS2021_00014,25.801006,0.953672468662262,0.23278077,0.5490943755958055,0.0,0.0
PP-MAE-v1 (mask-gated),BraTS2021_00014,26.064686,0.9576725959777832,0.22026911,0.6640866873065016,0.0,0.0
PP-MAE-v1 (mask-gated),BraTS2021_00014,24.698517,0.9458854794502258,0.24620692,0.7514843087362172,0.38461538461538464,0.38461538461538464
PP-MAE-v1 (mask-gated),BraTS2021_00014,24.375565,0.9421247839927673,0.24869077,0.8562737642585552,0.42424242424242425,0.42424242424242425
PP-MAE-v1 (mask-gated),BraTS2021_00014,24.370985,0.9390060901641846,0.23880938,0.844566712517194,0.8378378378378378,0.8378378378378378
PP-MAE-v1 (mask-gated),BraTS2021_00014,24.72151,0.9416118860244751,0.22334582,0.8833231521075138,0.673469387755102,0.673469387755102
PP-MAE-v1 (mask-gated),BraTS2021_00014,23.77866,0.93111652135849,0.23728566,0.8491978609625669,0.7755102040816326,0.7755102040816326
PP-MAE-v1 (mask-gated),BraTS2021_00014,24.444336,0.9386550784111023,0.21131851,0.8737166324435318,0.6597938144329897,0.6597938144329897
PP-MAE-v1 (mask-gated),BraTS2021_00014,24.22601,0.9273971915245056,0.21813817,0.9062811565304087,0.48034934497816595,0.5116279069767442
PP-MAE-v1 (mask-gated),BraTS2021_00014,23.908035,0.923707902431488,0.21093763,0.9211845102505695,0.7769784172661871,0.7769784172661871
PP-MAE-v1 (mask-gated),BraTS2021_00014,24.968512,0.9277779459953308,0.19241996,0.9153463105477592,0.8053097345132744,0.8053097345132744
PP-MAE-v1 (mask-gated),BraTS2021_00014,24.984352,0.9339801073074341,0.18328036,0.888030888030888,0.7507692307692307,0.7507692307692307
PP-MAE-v1 (mask-gated),BraTS2021_00014,25.262892,0.9309641122817993,0.1772849,0.9064810787298826,0.7204610951008645,0.7167630057803468
PP-MAE-v1 (mask-gated),BraTS2021_00014,25.391182,0.9398477077484131,0.16744454,0.8707375099127677,0.7692307692307693,0.7657142857142857
PP-MAE-v1 (mask-gated),BraTS2021_00014,25.29348,0.9413765072822571,0.16610673,0.8962158111652304,0.7168458781362007,0.7168458781362007
PP-MAE-v1 (mask-gated),BraTS2021_00014,25.177383,0.9322658777236938,0.16996105,0.8784099766173032,0.8518518518518519,0.8518518518518519
PP-MAE-v1 (mask-gated),BraTS2021_00014,25.662928,0.9280255436897278,0.16159095,0.8771220695230396,0.8362369337979094,0.8362369337979094
PP-MAE-v1 (mask-gated),BraTS2021_00014,25.606102,0.9251919984817505,0.16037408,0.8271979211779992,0.85,0.85
PP-MAE-v1 (mask-gated),BraTS2021_00014,25.963364,0.9274733662605286,0.1558234,0.9097560975609756,0.8604651162790697,0.8604651162790697
PP-MAE-v1 (mask-gated),BraTS2021_00014,26.170681,0.932523250579834,0.15054192,0.8638853771597135,0.900398406374502,0.900398406374502
PP-MAE-v1 (mask-gated),BraTS2021_00014,26.061384,0.9408312439918518,0.14530075,0.8798017348203222,0.7669902912621359,0.7669902912621359
PP-MAE-v1 (mask-gated),BraTS2021_00014,26.134903,0.9396408200263977,0.14543027,0.905103668261563,0.6530612244897959,0.6631578947368421
PP-MAE-v1 (mask-gated),BraTS2021_00014,26.587196,0.9392054080963135,0.14246118,0.8351363046300303,0.7612903225806451,0.7612903225806451
PP-MAE-v1 (mask-gated),BraTS2021_00014,26.36676,0.9450204372406006,0.1412321,0.8601079286010793,0.6666666666666666,0.6666666666666666
PP-MAE-v1 (mask-gated),BraTS2021_00014,26.268158,0.9449917674064636,0.14379664,0.8490245971162002,0.0,0.0
PP-MAE-v1 (mask-gated),BraTS2021_00014,26.14318,0.9445638656616211,0.14432484,0.901419878296146,nan,nan
PP-MAE-v1 (mask-gated),BraTS2021_00014,26.024757,0.9407262206077576,0.14768316,0.8760757314974182,0.0,0.0
PP-MAE-v1 (mask-gated),BraTS2021_00014,25.721588,0.9394615888595581,0.15116349,0.844311377245509,0.0,0.0
PP-MAE-v1 (mask-gated),BraTS2021_00014,25.652092,0.9407516717910767,0.15214774,0.8594730238393977,0.0,0.0
PP-MAE-v1 (mask-gated),BraTS2021_00014,25.800255,0.9467607736587524,0.14716652,0.8056648308418568,nan,nan
PP-MAE-v1 (mask-gated),BraTS2021_00014,25.861187,0.9435648918151855,0.15232475,0.8346613545816733,nan,nan
PP-MAE-v1 (mask-gated),BraTS2021_00014,26.273249,0.9464724063873291,0.14668106,0.8574712643678161,nan,nan
PP-MAE-v1 (mask-gated),BraTS2021_00014,26.080496,0.9474049210548401,0.14646304,0.15319148936170213,nan,nan
PP-MAE-v1 (mask-gated),BraTS2021_00014,26.118324,0.9516978859901428,0.14288642,0.5326370757180157,nan,nan
PP-MAE-v1 (mask-gated),BraTS2021_00014,26.238375,0.9498528242111206,0.14245763,0.4689655172413793,nan,nan
PP-MAE-v1 (mask-gated),BraTS2021_00016,25.911444,0.9654837250709534,0.15960781,0.0,nan,nan
PP-MAE-v1 (mask-gated),BraTS2021_00016,25.899548,0.9621889591217041,0.16346204,0.0,nan,nan
PP-MAE-v1 (mask-gated),BraTS2021_00016,23.780716,0.945561408996582,0.1949385,0.0,nan,nan
PP-MAE-v1 (mask-gated),BraTS2021_00016,24.889605,0.9510539174079895,0.1762481,0.0,nan,nan
PP-MAE-v1 (mask-gated),BraTS2021_00016,24.857677,0.9508818984031677,0.17027682,0.16666666666666666,nan,nan
PP-MAE-v1 (mask-gated),BraTS2021_00016,24.470802,0.9512856006622314,0.17112754,0.0,nan,nan
PP-MAE-v1 (mask-gated),BraTS2021_00016,24.608803,0.9441659450531006,0.17370349,0.3184713375796178,nan,nan
PP-MAE-v1 (mask-gated),BraTS2021_00016,24.93448,0.9485943913459778,0.16519469,0.0,nan,nan
PP-MAE-v1 (mask-gated),BraTS2021_00016,25.20506,0.9524789452552795,0.15603612,0.0,nan,nan
PP-MAE-v1 (mask-gated),BraTS2021_00016,25.14727,0.9571843147277832,0.15252022,0.4358974358974359,nan,nan
PP-MAE-v1 (mask-gated),BraTS2021_00016,25.285969,0.9565083980560303,0.14987181,0.7298136645962733,nan,nan
PP-MAE-v1 (mask-gated),BraTS2021_00016,25.447607,0.9604693055152893,0.14524284,0.7612121212121212,nan,nan
PP-MAE-v1 (mask-gated),BraTS2021_00016,24.88527,0.960321307182312,0.14802265,0.9238665526090676,0.0,0.0
PP-MAE-v1 (mask-gated),BraTS2021_00016,25.94015,0.9637117385864258,0.13673638,0.8852988691437803,0.8349514563106796,0.8349514563106796
PP-MAE-v1 (mask-gated),BraTS2021_00016,24.582174,0.9582850933074951,0.1506581,0.8437001594896332,0.7722772277227723,0.7474747474747475
PP-MAE-v1 (mask-gated),BraTS2021_00016,24.853647,0.9563705921173096,0.15061007,0.9266281945589447,0.9285714285714286,0.8851063829787233
PP-MAE-v1 (mask-gated),BraTS2021_00016,24.473343,0.9580593705177307,0.15105674,0.9134532990574121,0.8932038834951457,0.8278388278388278
PP-MAE-v1 (mask-gated),BraTS2021_00016,25.11584,0.9571247100830078,0.14543231,0.8936170212765957,0.9172932330827067,0.7936507936507936
PP-MAE-v1 (mask-gated),BraTS2021_00016,25.09002,0.9611496329307556,0.14163403,0.8765534382767192,0.8913043478260869,0.7914110429447853
PP-MAE-v1 (mask-gated),BraTS2021_00016,24.930374,0.9592456817626953,0.14259408,0.8739095955590801,0.8764478764478765,0.7604790419161677
PP-MAE-v1 (mask-gated),BraTS2021_00016,23.814413,0.9536550045013428,0.15724136,0.801948051948052,0.9013157894736842,0.7005988023952096
PP-MAE-v1 (mask-gated),BraTS2021_00016,24.593592,0.9561575055122375,0.14925268,0.8484375,0.869983948635634,0.7921348314606742
PP-MAE-v1 (mask-gated),BraTS2021_00016,23.868773,0.950061023235321,0.16056693,0.8934240362811792,0.9317269076305221,0.7281553398058253
PP-MAE-v1 (mask-gated),BraTS2021_00016,24.857689,0.9587123394012451,0.14499775,0.8921875,0.90956749672346,0.738544474393531
PP-MAE-v1 (mask-gated),BraTS2021_00016,24.339933,0.9536390900611877,0.15183114,0.9199395770392749,0.9344660194174758,0.7726027397260274
PP-MAE-v1 (mask-gated),BraTS2021_00016,24.209393,0.9520131349563599,0.15202701,0.8951965065502183,0.926829268292683,0.7513513513513513
PP-MAE-v1 (mask-gated),BraTS2021_00016,23.215942,0.9516680240631104,0.16338193,0.9137199434229137,0.9399773499433749,0.7631578947368421
PP-MAE-v1 (mask-gated),BraTS2021_00016,24.591513,0.9575415253639221,0.14651573,0.898876404494382,0.9651293588301463,0.8434782608695652
PP-MAE-v1 (mask-gated),BraTS2021_00016,24.042665,0.953266978263855,0.1544077,0.927246790299572,0.9551912568306011,0.8132780082987552
PP-MAE-v1 (mask-gated),BraTS2021_00016,23.686941,0.9552854299545288,0.1556497,0.9449275362318841,0.9522799575821845,0.7886178861788617
PP-MAE-v1 (mask-gated),BraTS2021_00016,22.991234,0.9455079436302185,0.1740398,0.9276218611521418,0.9633620689655172,0.7873684210526316
PP-MAE-v1 (mask-gated),BraTS2021_00016,23.732424,0.9528062343597412,0.15722282,0.9314242652599849,0.9583778014941302,0.8008565310492506
PP-MAE-v1 (mask-gated),BraTS2021_00016,23.601492,0.9539945125579834,0.1609564,0.9385898407884761,0.9671052631578947,0.789980732177264
PP-MAE-v1 (mask-gated),BraTS2021_00016,22.962868,0.9534350037574768,0.16579361,0.9245283018867925,0.9662162162162162,0.8233009708737864
PP-MAE-v1 (mask-gated),BraTS2021_00016,22.324604,0.9480341076850891,0.17728937,0.8995780590717299,0.9771359807460891,0.8295454545454546
PP-MAE-v1 (mask-gated),BraTS2021_00016,23.34707,0.9552935361862183,0.16211261,0.8902546093064091,0.9615384615384616,0.8405797101449275
PP-MAE-v1 (mask-gated),BraTS2021_00016,23.230055,0.9561069011688232,0.16245535,0.9349736379613357,0.9513513513513514,0.8657314629258517
PP-MAE-v1 (mask-gated),BraTS2021_00016,24.534126,0.9629361629486084,0.14170985,0.9351851851851852,0.9519519519519519,0.8916666666666667
PP-MAE-v1 (mask-gated),BraTS2021_00016,23.909641,0.9645528197288513,0.14800574,0.9184466019417475,0.948073701842546,0.8869179600886918
PP-MAE-v1 (mask-gated),BraTS2021_00016,23.71106,0.9635211229324341,0.15137878,0.9166666666666666,0.9119373776908023,0.825
PP-MAE-v1 (mask-gated),BraTS2021_00016,25.489637,0.9714801907539368,0.12773632,0.9166666666666666,0.9587155963302753,0.9055555555555556
PP-MAE-v1 (mask-gated),BraTS2021_00016,24.439306,0.9690467715263367,0.13923843,0.8600223964165733,0.8956228956228957,0.8763250883392226
PP-MAE-v1 (mask-gated),BraTS2021_00016,24.592838,0.9682090878486633,0.13982545,0.80440097799511,0.8556701030927835,0.8556701030927835
PP-MAE-v1 (mask-gated),BraTS2021_00016,24.732883,0.968073308467865,0.13992241,0.7078651685393258,0.7258064516129032,0.7258064516129032
PP-MAE-v1 (mask-gated),BraTS2021_00016,23.930431,0.9663711786270142,0.14604315,0.0,0.0,0.0
PP-MAE-v1 (mask-gated),BraTS2021_00016,24.365685,0.9674686193466187,0.1407079,0.8254397834912043,nan,nan
PP-MAE-v1 (mask-gated),BraTS2021_00016,25.793589,0.9723060131072998,0.12500189,0.6875,nan,nan
PP-MAE-v1 (mask-gated),BraTS2021_00016,25.50561,0.9710564017295837,0.12866029,0.7551724137931034,nan,nan
PP-MAE-v1 (mask-gated),BraTS2021_00016,24.061016,0.9626162648200989,0.15034804,0.0,nan,nan
PP-MAE-v1 (mask-gated),BraTS2021_00016,24.961145,0.9661872982978821,0.1368336,0.0,nan,nan
PP-MAE-v1 (mask-gated),BraTS2021_00016,23.730625,0.95716792345047,0.15711941,0.0,nan,nan
PP-MAE-v1 (mask-gated),BraTS2021_00016,24.423311,0.9549264907836914,0.15318304,0.0,nan,nan
PP-MAE-v1 (mask-gated),BraTS2021_00016,25.362686,0.9609522223472595,0.13893437,0.0,nan,nan
PP-MAE-v1 (mask-gated),BraTS2021_00021,26.760563,0.9099471569061279,0.24819037,0.0,nan,nan
PP-MAE-v1 (mask-gated),BraTS2021_00021,27.226713,0.9206451177597046,0.22988616,0.0,nan,nan
PP-MAE-v1 (mask-gated),BraTS2021_00021,27.060526,0.912186324596405,0.23388107,0.0,nan,nan
PP-MAE-v1 (mask-gated),BraTS2021_00021,27.407063,0.9113587141036987,0.22832336,0.03481012658227848,nan,nan
PP-MAE-v1 (mask-gated),BraTS2021_00021,26.67352,0.8998485207557678,0.24519382,0.04927211646136618,nan,nan
PP-MAE-v1 (mask-gated),BraTS2021_00021,27.297485,0.916136622428894,0.22313419,0.0,nan,nan
PP-MAE-v1 (mask-gated),BraTS2021_00021,26.893396,0.9101359844207764,0.22909847,0.33459357277882795,nan,nan
PP-MAE-v1 (mask-gated),BraTS2021_00021,25.958006,0.8794837594032288,0.25589782,0.024896265560165973,nan,nan
PP-MAE-v1 (mask-gated),BraTS2021_00021,25.554686,0.8579651117324829,0.2663745,0.2306501547987616,nan,nan
PP-MAE-v1 (mask-gated),BraTS2021_00021,25.71582,0.8599082231521606,0.24930446,0.47560222359481164,nan,nan
PP-MAE-v1 (mask-gated),BraTS2021_00021,27.038376,0.8849544525146484,0.20468196,0.1281094527363184,nan,nan
PP-MAE-v1 (mask-gated),BraTS2021_00021,26.902203,0.8769493699073792,0.2051549,0.2653352353780314,nan,nan
PP-MAE-v1 (mask-gated),BraTS2021_00021,26.360916,0.859197199344635,0.21565546,0.29965688143347313,nan,nan
PP-MAE-v1 (mask-gated),BraTS2021_00021,26.96862,0.8708652853965759,0.19613741,0.38675213675213677,nan,nan
PP-MAE-v1 (mask-gated),BraTS2021_00021,27.205566,0.8693496584892273,0.19111575,0.2047808764940239,nan,nan
PP-MAE-v1 (mask-gated),BraTS2021_00021,27.085035,0.8613406419754028,0.19721675,0.22485690923957483,nan,nan
PP-MAE-v1 (mask-gated),BraTS2021_00021,27.921337,0.8769890666007996,0.17559995,0.0,nan,nan
PP-MAE-v1 (mask-gated),BraTS2021_00021,27.40129,0.8643250465393066,0.18360046,0.2509992006394884,nan,nan
PP-MAE-v1 (mask-gated),BraTS2021_00021,28.038261,0.8838270306587219,0.1677141,0.05012744265080714,nan,nan
PP-MAE-v1 (mask-gated),BraTS2021_00021,28.823862,0.8940155506134033,0.15352297,0.0,nan,nan
PP-MAE-v1 (mask-gated),BraTS2021_00021,28.653877,0.8800604343414307,0.16229732,0.0026490066225165563,nan,nan
PP-MAE-v1 (mask-gated),BraTS2021_00021,28.689587,0.8871214985847473,0.16219307,0.03428571428571429,nan,nan
PP-MAE-v1 (mask-gated),BraTS2021_00021,28.84413,0.8903471827507019,0.15722631,0.22025316455696203,nan,nan
PP-MAE-v1 (mask-gated),BraTS2021_00021,28.24704,0.8858385682106018,0.16444737,0.33626962849482955,nan,nan
PP-MAE-v1 (mask-gated),BraTS2021_00021,28.055725,0.8930239081382751,0.16661659,0.4734133790737564,0.0,0.0
PP-MAE-v1 (mask-gated),BraTS2021_00021,27.92411,0.8910067677497864,0.17396311,0.3590677348871085,0.0,0.0
PP-MAE-v1 (mask-gated),BraTS2021_00021,28.24347,0.8958412408828735,0.16183932,0.37106017191977075,0.0,0.0
PP-MAE-v1 (mask-gated),BraTS2021_00021,27.99179,0.8948649764060974,0.16677947,0.3201267828843106,0.0,0.0
PP-MAE-v1 (mask-gated),BraTS2021_00021,27.9846,0.8935002088546753,0.16484566,0.38816738816738816,0.0,0.0
PP-MAE-v1 (mask-gated),BraTS2021_00021,27.983686,0.8983199000358582,0.16394609,0.3901060070671378,0.0,0.0
PP-MAE-v1 (mask-gated),BraTS2021_00021,28.212833,0.8989368081092834,0.15804213,0.46351014595941614,0.03543307086614173,0.03711340206185567
PP-MAE-v1 (mask-gated),BraTS2021_00021,27.815327,0.8970445394515991,0.16872846,0.56353591160221,0.0,0.0
PP-MAE-v1 (mask-gated),BraTS2021_00021,28.110914,0.8896570205688477,0.16506176,0.29180209461899603,0.0,0.0
PP-MAE-v1 (mask-gated),BraTS2021_00021,27.81623,0.8928863406181335,0.1676792,0.6326845844918134,0.08671328671328671,0.09523809523809523
PP-MAE-v1 (mask-gated),BraTS2021_00021,27.714493,0.8926922082901001,0.16832115,0.6385062748699112,0.050445103857566766,0.057724957555178265
PP-MAE-v1 (mask-gated),BraTS2021_00021,27.606134,0.8974593281745911,0.16731153,0.37329286798179057,0.0,0.0
PP-MAE-v1 (mask-gated),BraTS2021_00021,28.150848,0.9045104384422302,0.16040653,0.47049749325106055,0.1702127659574468,0.1935483870967742
PP-MAE-v1 (mask-gated),BraTS2021_00021,27.639715,0.9041777849197388,0.16984494,0.48804934464148036,0.021212121212121213,0.02413793103448276
PP-MAE-v1 (mask-gated),BraTS2021_00021,28.250538,0.9070193767547607,0.16140272,0.36603221083455345,0.07851239669421488,0.08616780045351474
PP-MAE-v1 (mask-gated),BraTS2021_00021,27.063906,0.9054354429244995,0.17914796,0.5173611111111112,0.010416666666666666,0.011787819253438114
PP-MAE-v1 (mask-gated),BraTS2021_00021,27.90604,0.9178705811500549,0.15811557,0.5826017557861133,0.14109347442680775,0.15384615384615385
PP-MAE-v1 (mask-gated),BraTS2021_00021,27.56397,0.9145205020904541,0.17115952,0.58070253445976,0.19646365422396855,0.21505376344086022
PP-MAE-v1 (mask-gated),BraTS2021_00021,28.001299,0.9243705868721008,0.15899856,0.4425580079230334,0.07588075880758807,0.08099688473520249
PP-MAE-v1 (mask-gated),BraTS2021_00021,28.224308,0.9322844743728638,0.15413941,0.3619550858652576,0.10079575596816977,0.11176470588235295
PP-MAE-v1 (mask-gated),BraTS2021_00021,28.198622,0.9374897480010986,0.151863,0.3923566878980892,0.18032786885245902,0.14375
PP-MAE-v1 (mask-gated),BraTS2021_00021,28.430298,0.9380226731300354,0.15062551,0.23032311516155757,0.0,0.0
PP-MAE-v1 (mask-gated),BraTS2021_00021,28.85888,0.9441123008728027,0.14317434,0.0,nan,nan
PP-MAE-v1 (mask-gated),BraTS2021_00021,28.496674,0.9368147253990173,0.15515748,0.0,nan,nan
PP-MAE-v1 (mask-gated),BraTS2021_00021,28.289265,0.9452053308486938,0.15348913,0.0,nan,nan
PP-MAE-v1 (mask-gated),BraTS2021_00021,29.156282,0.9492603540420532,0.13747075,0.0,nan,nan
PP-MAE-v1 (mask-gated),BraTS2021_00021,28.448647,0.9373888373374939,0.1564065,0.0,nan,nan
PP-MAE-v1 (mask-gated),BraTS2021_00021,28.50409,0.9389734268188477,0.15218328,0.0,nan,nan
PP-MAE-v1 (mask-gated),BraTS2021_00021,28.443974,0.944782018661499,0.15175927,0.0,nan,nan
PP-MAE-v1 (mask-gated),BraTS2021_00021,28.54188,0.9392775893211365,0.14974834,0.0,nan,nan
PP-MAE-v1 (mask-gated),BraTS2021_00021,30.535645,0.9468584656715393,0.12209173,0.0,nan,nan
PP-MAE-v1 (mask-gated),BraTS2021_00021,30.674976,0.9436380863189697,0.119056925,0.0,nan,nan
PP-MAE-v1 (mask-gated),BraTS2021_00021,30.925028,0.9391142725944519,0.11712043,0.0,nan,nan
PP-MAE-v1 (mask-gated),BraTS2021_00021,31.26354,0.9259073734283447,0.116217665,0.0,nan,nan
PP-MAE-v1 (mask-gated),BraTS2021_00021,31.45384,0.9169098734855652,0.1145961,0.0,nan,nan
PP-MAE-v1 (mask-gated),BraTS2021_00021,31.724527,0.911771833896637,0.11109412,0.0,nan,nan
PP-MAE-v1 (mask-gated),BraTS2021_00021,31.560574,0.9282287359237671,0.10947681,0.0,nan,nan
PP-MAE-v1 (mask-gated),BraTS2021_00056,27.15089,0.9431754350662231,0.24392822,0.0,0.0,0.0
PP-MAE-v1 (mask-gated),BraTS2021_00056,26.574207,0.9456276297569275,0.24107115,0.4583333333333333,0.0,0.0
PP-MAE-v1 (mask-gated),BraTS2021_00056,26.423054,0.9373023509979248,0.2509731,0.28720626631853785,0.0,0.0
PP-MAE-v1 (mask-gated),BraTS2021_00056,26.65143,0.9466977715492249,0.22664882,0.14814814814814814,0.0,0.0
PP-MAE-v1 (mask-gated),BraTS2021_00056,25.85785,0.9304291009902954,0.2474668,0.1596244131455399,0.19631901840490798,0.19631901840490798
PP-MAE-v1 (mask-gated),BraTS2021_00056,25.751606,0.9328457713127136,0.23843166,0.7046413502109705,0.28680688336520077,0.28680688336520077
PP-MAE-v1 (mask-gated),BraTS2021_00056,26.918175,0.9423880577087402,0.20648322,0.764378478664193,0.4166666666666667,0.43029259896729777
PP-MAE-v1 (mask-gated),BraTS2021_00056,26.581257,0.9371901750564575,0.20334722,0.7332185886402753,0.3633879781420765,0.3500717360114778
PP-MAE-v1 (mask-gated),BraTS2021_00056,25.870754,0.9267411231994629,0.2170487,0.8666666666666667,0.5738045738045738,0.5888888888888889
PP-MAE-v1 (mask-gated),BraTS2021_00056,26.541136,0.9370259046554565,0.19422808,0.8560558021559924,0.49904397705544934,0.5080971659919028
PP-MAE-v1 (mask-gated),BraTS2021_00056,25.92089,0.9270584583282471,0.20425528,0.8726534753932014,0.7148541114058355,0.6889818688981869
PP-MAE-v1 (mask-gated),BraTS2021_00056,25.854502,0.9221189022064209,0.20434318,0.9411214953271028,0.8558404558404559,0.8469626168224299
PP-MAE-v1 (mask-gated),BraTS2021_00056,26.366262,0.9279168844223022,0.19851239,0.9561920808761584,0.9074355083459787,0.8514851485148515
PP-MAE-v1 (mask-gated),BraTS2021_00056,26.2579,0.9276436567306519,0.19327869,0.9243765084473049,0.8664296597257491,0.8560687432867884
PP-MAE-v1 (mask-gated),BraTS2021_00056,26.80524,0.9390798807144165,0.17841722,0.9101663585951941,0.9137291280148423,0.8615542974781266
PP-MAE-v1 (mask-gated),BraTS2021_00056,26.893322,0.9376088976860046,0.17807999,0.9113251411491199,0.8739279588336192,0.8604097189137685
PP-MAE-v1 (mask-gated),BraTS2021_00056,26.132357,0.9354029893875122,0.18409058,0.9578262100198132,0.9200310559006211,0.8589454709328527
PP-MAE-v1 (mask-gated),BraTS2021_00056,26.312668,0.9377015829086304,0.18043828,0.9598490972783617,0.8598726114649682,0.8037296037296038
PP-MAE-v1 (mask-gated),BraTS2021_00056,25.998402,0.9352881908416748,0.18623906,0.9760644998740237,0.8916876574307305,0.847926267281106
PP-MAE-v1 (mask-gated),BraTS2021_00056,26.207825,0.9407907724380493,0.17847039,0.9619000494804553,0.8932778932778933,0.8518372184907151
PP-MAE-v1 (mask-gated),BraTS2021_00056,25.856941,0.9386898875236511,0.18131053,0.9780987884436161,0.9188464118041583,0.8904649330181245
PP-MAE-v1 (mask-gated),BraTS2021_00056,25.051098,0.921934962272644,0.19642842,0.9735253135160241,0.9308423467715503,0.8741092636579573
PP-MAE-v1 (mask-gated),BraTS2021_00056,24.423813,0.900215208530426,0.21032414,0.9798140167838512,0.9321872015281757,0.884990253411306
PP-MAE-v1 (mask-gated),BraTS2021_00056,25.898188,0.9150906801223755,0.17656371,0.9797843665768194,0.8895292987512008,0.8577929465301479
PP-MAE-v1 (mask-gated),BraTS2021_00056,25.857046,0.9188141822814941,0.16934682,0.9782135076252724,0.9209946490399749,0.8599146294140474
PP-MAE-v1 (mask-gated),BraTS2021_00056,26.443195,0.9254778027534485,0.16116326,0.9777583951155692,0.9459791282995703,0.8941954445260838
PP-MAE-v1 (mask-gated),BraTS2021_00056,26.124672,0.9158808588981628,0.16848114,0.9768991559306974,0.9158415841584159,0.8833819241982507
PP-MAE-v1 (mask-gated),BraTS2021_00056,26.100723,0.9225142002105713,0.16342378,0.972912469218715,0.9168015539009389,0.8947968097227497
PP-MAE-v1 (mask-gated),BraTS2021_00056,25.823475,0.924436092376709,0.16508703,0.9728526924788607,0.9206453737240698,0.8911994058670628
PP-MAE-v1 (mask-gated),BraTS2021_00056,26.01063,0.9208899736404419,0.161606,0.9583710407239819,0.9342148760330579,0.8833208676140614
PP-MAE-v1 (mask-gated),BraTS2021_00056,26.011986,0.9261638522148132,0.16144097,0.9363346975898136,0.8876039031441995,0.830300465509945
PP-MAE-v1 (mask-gated),BraTS2021_00056,26.57671,0.9283262491226196,0.15521322,0.9545036764705882,0.9111111111111111,0.8715083798882681
PP-MAE-v1 (mask-gated),BraTS2021_00056,26.640938,0.9244484305381775,0.15282361,0.9636858828869723,0.936026936026936,0.8979760429574556
PP-MAE-v1 (mask-gated),BraTS2021_00056,26.133707,0.9316787123680115,0.15668792,0.9697377269670477,0.935251798561151,0.902713987473904
PP-MAE-v1 (mask-gated),BraTS2021_00056,26.635422,0.9310289025306702,0.14792387,0.9674482130662417,0.9213217938630999,0.8919982509838216
PP-MAE-v1 (mask-gated),BraTS2021_00056,27.818657,0.9453659653663635,0.13119762,0.9602299952084331,0.9449348465741908,0.8798165137614679
PP-MAE-v1 (mask-gated),BraTS2021_00056,27.354477,0.9448495507240295,0.13964798,0.9598267981717585,0.9497872340425532,0.8792134831460674
PP-MAE-v1 (mask-gated),BraTS2021_00056,27.239363,0.9450327754020691,0.13603985,0.9718539195161665,0.95817843866171,0.9018435475834579
PP-MAE-v1 (mask-gated),BraTS2021_00056,27.459064,0.9445900321006775,0.13329425,0.9799159271368519,0.9336760925449872,0.8555617044825677
PP-MAE-v1 (mask-gated),BraTS2021_00056,27.4415,0.9501628875732422,0.12976812,0.9816321785631249,0.9019362898188632,0.8426596445029625
PP-MAE-v1 (mask-gated),BraTS2021_00056,27.007923,0.9531343579292297,0.1377299,0.980733082706767,0.9304029304029304,0.8964474678760394
PP-MAE-v1 (mask-gated),BraTS2021_00056,27.399063,0.9532636404037476,0.12898363,0.9714970059880239,0.9523809523809523,0.928695652173913
PP-MAE-v1 (mask-gated),BraTS2021_00056,27.46272,0.9561375975608826,0.13328743,0.9643206256109482,0.9399585921325052,0.9006479481641468
PP-MAE-v1 (mask-gated),BraTS2021_00056,27.384602,0.9538863301277161,0.13069634,0.9680479281078382,0.8795355587808418,0.9116279069767442
PP-MAE-v1 (mask-gated),BraTS2021_00056,27.912176,0.9596976637840271,0.1246042,0.9613577023498695,0.8291316526610645,0.8291316526610645
PP-MAE-v1 (mask-gated),BraTS2021_00056,27.47433,0.9529572129249573,0.12884161,0.9446857804807414,0.0,0.0
PP-MAE-v1 (mask-gated),BraTS2021_00056,27.544403,0.9566761255264282,0.12784168,0.9677224736048265,nan,nan
PP-MAE-v1 (mask-gated),BraTS2021_00056,27.559456,0.9528131484985352,0.13061434,0.9440203562340967,nan,nan
PP-MAE-v1 (mask-gated),BraTS2021_00056,27.683153,0.9522807598114014,0.13277574,0.9558260869565217,nan,nan
PP-MAE-v1 (mask-gated),BraTS2021_00056,27.99608,0.9596251845359802,0.12262029,0.9533560864618885,nan,nan
PP-MAE-v1 (mask-gated),BraTS2021_00056,28.390455,0.9593287706375122,0.12139306,0.9078947368421053,nan,nan
PP-MAE-v1 (mask-gated),BraTS2021_00056,28.229755,0.9570879340171814,0.12383441,0.8442330558858502,nan,nan
PP-MAE-v1 (mask-gated),BraTS2021_00056,28.389973,0.9617806077003479,0.12300569,0.8088467614533965,nan,nan
PP-MAE-v1 (mask-gated),BraTS2021_00056,28.821478,0.9591444134712219,0.1200334,0.7922705314009661,nan,nan
PP-MAE-v1 (mask-gated),BraTS2021_00056,28.216715,0.9574866890907288,0.123928495,0.6094808126410836,nan,nan
PP-MAE-v1 (mask-gated),BraTS2021_00056,29.162392,0.9595252871513367,0.11660817,0.037267080745341616,nan,nan
PP-MAE-v1 (mask-gated),BraTS2021_00061,26.954746,0.9391387701034546,0.21103698,0.0,0.0,0.0
PP-MAE-v1 (mask-gated),BraTS2021_00061,27.815645,0.9496641755104065,0.18873845,0.0,0.0,0.0
PP-MAE-v1 (mask-gated),BraTS2021_00061,27.783539,0.9499005079269409,0.18476552,0.0,0.0,0.0
PP-MAE-v1 (mask-gated),BraTS2021_00061,28.491974,0.951932966709137,0.17325577,0.0,0.0,0.0
PP-MAE-v1 (mask-gated),BraTS2021_00061,28.224442,0.9503329396247864,0.17495638,0.16966580976863754,0.0,0.0
PP-MAE-v1 (mask-gated),BraTS2021_00061,28.396978,0.9591386318206787,0.16472752,0.5205992509363296,0.6111111111111112,0.5970149253731343
PP-MAE-v1 (mask-gated),BraTS2021_00061,28.071978,0.9521232843399048,0.17274033,0.49335863377609107,0.1111111111111111,0.14814814814814814
PP-MAE-v1 (mask-gated),BraTS2021_00061,27.850554,0.9530985951423645,0.17389786,0.47096774193548385,0.13432835820895522,0.20454545454545456
PP-MAE-v1 (mask-gated),BraTS2021_00061,28.097572,0.956707775592804,0.16809246,0.5118110236220472,0.267515923566879,0.27586206896551724
PP-MAE-v1 (mask-gated),BraTS2021_00061,26.85532,0.9437046647071838,0.19079894,0.6282894736842105,0.5396145610278372,0.4801864801864802
PP-MAE-v1 (mask-gated),BraTS2021_00061,26.319578,0.9371581673622131,0.20033877,0.5980066445182725,0.43523316062176165,0.4619883040935672
PP-MAE-v1 (mask-gated),BraTS2021_00061,26.22691,0.9276260137557983,0.20290367,0.7285921625544267,0.6971080669710806,0.6143344709897611
PP-MAE-v1 (mask-gated),BraTS2021_00061,26.395456,0.9269992113113403,0.19358385,0.27058823529411763,0.16744186046511628,0.2236024844720497
PP-MAE-v1 (mask-gated),BraTS2021_00061,26.357859,0.9127947688102722,0.19201691,0.5153234960272418,0.08588957055214724,0.125
PP-MAE-v1 (mask-gated),BraTS2021_00061,26.107521,0.9116082191467285,0.1887649,0.615686274509804,0.3438485804416404,0.4852607709750567
PP-MAE-v1 (mask-gated),BraTS2021_00061,25.591614,0.9058099389076233,0.1943859,0.753968253968254,0.34433285509325684,0.5010706638115632
PP-MAE-v1 (mask-gated),BraTS2021_00061,25.271473,0.8985848426818848,0.19780757,0.7901430842607313,0.2329803328290469,0.38071065989847713
PP-MAE-v1 (mask-gated),BraTS2021_00061,25.172695,0.8807069063186646,0.204839,0.7957639939485628,0.3281907433380084,0.4821002386634845
PP-MAE-v1 (mask-gated),BraTS2021_00061,25.39548,0.9036943316459656,0.19283776,0.7405112316034083,0.3217391304347826,0.48578811369509045
PP-MAE-v1 (mask-gated),BraTS2021_00061,25.657341,0.905142068862915,0.18877295,0.8521485797523671,0.4521497919556172,0.5806451612903226
PP-MAE-v1 (mask-gated),BraTS2021_00061,25.258768,0.9045774936676025,0.19205342,0.7545327754532776,0.37104072398190047,0.4823848238482385
PP-MAE-v1 (mask-gated),BraTS2021_00061,25.503187,0.9153071045875549,0.185663,0.7557251908396947,0.4471299093655589,0.5851063829787234
PP-MAE-v1 (mask-gated),BraTS2021_00061,25.880384,0.9108991026878357,0.1843037,0.7896440129449838,0.3495798319327731,0.5015873015873016
PP-MAE-v1 (mask-gated),BraTS2021_00061,25.94506,0.9142990708351135,0.17922449,0.8405063291139241,0.4714946070878274,0.5601965601965602
PP-MAE-v1 (mask-gated),BraTS2021_00061,25.831835,0.9143571257591248,0.18177061,0.8423963133640553,0.4319419237749546,0.5423728813559322
PP-MAE-v1 (mask-gated),BraTS2021_00061,26.500317,0.9165478944778442,0.17228904,0.7670329670329671,0.4753747323340471,0.5568181818181818
PP-MAE-v1 (mask-gated),BraTS2021_00061,27.116644,0.9421420693397522,0.15716432,0.7443519619500595,0.6539379474940334,0.6432432432432432
PP-MAE-v1 (mask-gated),BraTS2021_00061,27.868141,0.9465548396110535,0.14319311,0.5829725829725829,0.589041095890411,0.55
PP-MAE-v1 (mask-gated),BraTS2021_00061,28.158321,0.9444593787193298,0.14436997,0.8185328185328186,0.6666666666666666,0.6666666666666666
PP-MAE-v1 (mask-gated),BraTS2021_00061,28.16555,0.9466381072998047,0.14124915,0.3562753036437247,0.05405405405405406,0.05405405405405406
PP-MAE-v1 (mask-gated),BraTS2021_00061,28.128702,0.9508390426635742,0.13886723,0.7210440456769984,0.0,0.0
PP-MAE-v1 (mask-gated),BraTS2021_00061,28.358814,0.953584611415863,0.13870911,0.7814569536423841,0.0,0.0
PP-MAE-v1 (mask-gated),BraTS2021_00061,28.461124,0.9451003670692444,0.14168857,0.7867036011080333,nan,nan
PP-MAE-v1 (mask-gated),BraTS2021_00061,28.709429,0.9483343958854675,0.1352833,0.7243589743589743,nan,nan
PP-MAE-v1 (mask-gated),BraTS2021_00062,24.687363,0.9276215434074402,0.18971354,0.5013850415512465,nan,nan
PP-MAE-v1 (mask-gated),BraTS2021_00062,24.850487,0.9227631092071533,0.1937443,0.7893258426966292,nan,nan
PP-MAE-v1 (mask-gated),BraTS2021_00062,25.089733,0.931028425693512,0.17982894,0.8175182481751825,nan,nan
PP-MAE-v1 (mask-gated),BraTS2021_00062,24.706785,0.9266241788864136,0.184236,0.8566929133858268,nan,nan
PP-MAE-v1 (mask-gated),BraTS2021_00062,25.213238,0.9349787831306458,0.17497261,0.9376443418013857,nan,nan
PP-MAE-v1 (mask-gated),BraTS2021_00062,26.040373,0.9429361820220947,0.15992151,0.9111405835543767,nan,nan
PP-MAE-v1 (mask-gated),BraTS2021_00062,25.69872,0.9436483383178711,0.16050772,0.9341389728096676,nan,nan
PP-MAE-v1 (mask-gated),BraTS2021_00062,26.206959,0.9535184502601624,0.14768165,0.9219934994582882,nan,nan
PP-MAE-v1 (mask-gated),BraTS2021_00062,26.64433,0.9522762894630432,0.14382347,0.8837420526793823,nan,nan
PP-MAE-v1 (mask-gated),BraTS2021_00062,26.395475,0.9547029137611389,0.14320908,0.8816545384909996,nan,nan
PP-MAE-v1 (mask-gated),BraTS2021_00062,26.388407,0.9583598375320435,0.13982736,0.8497765555173599,nan,nan
PP-MAE-v1 (mask-gated),BraTS2021_00062,27.017487,0.9617711901664734,0.13211791,0.9369501466275659,nan,nan
PP-MAE-v1 (mask-gated),BraTS2021_00062,26.62172,0.9589396715164185,0.13990405,0.9077082613204286,nan,nan
PP-MAE-v1 (mask-gated),BraTS2021_00062,26.157305,0.9578732252120972,0.13826796,0.9106609099966788,nan,nan
PP-MAE-v1 (mask-gated),BraTS2021_00062,26.33437,0.9586078524589539,0.13982,0.9471890971039182,nan,nan
PP-MAE-v1 (mask-gated),BraTS2021_00062,26.014954,0.9580580592155457,0.14194824,0.95471569628873,nan,nan
PP-MAE-v1 (mask-gated),BraTS2021_00062,26.417198,0.9565057754516602,0.13990128,0.9534650150652829,0.0,0.0
PP-MAE-v1 (mask-gated),BraTS2021_00062,26.355804,0.9596648812294006,0.13666773,0.9363835788154183,0.0,0.0
PP-MAE-v1 (mask-gated),BraTS2021_00062,26.248825,0.9577265977859497,0.13894054,0.9453006950740405,0.0,0.0
PP-MAE-v1 (mask-gated),BraTS2021_00062,25.440008,0.9545069932937622,0.148856,0.9619482496194824,0.4827586206896552,0.4827586206896552
PP-MAE-v1 (mask-gated),BraTS2021_00062,25.224894,0.9520638585090637,0.153217,0.9520426287744227,0.20320855614973263,0.8
PP-MAE-v1 (mask-gated),BraTS2021_00062,25.848257,0.9575059413909912,0.1408287,0.9601640304628002,0.0,0.0
PP-MAE-v1 (mask-gated),BraTS2021_00062,25.637161,0.9602123498916626,0.1419384,0.976634131913635,0.0,0.0
PP-MAE-v1 (mask-gated),BraTS2021_00062,24.859169,0.953356921672821,0.15256613,0.960767218831735,0.2524271844660194,0.0
PP-MAE-v1 (mask-gated),BraTS2021_00062,26.238138,0.9636328220367432,0.13358551,0.9656992084432717,0.22535211267605634,0.47619047619047616
PP-MAE-v1 (mask-gated),BraTS2021_00062,26.119728,0.9622273445129395,0.13688584,0.9682493445965628,0.24489795918367346,0.10526315789473684
PP-MAE-v1 (mask-gated),BraTS2021_00062,25.591103,0.9609695672988892,0.1420624,0.9634823254455156,0.0,0.0
PP-MAE-v1 (mask-gated),BraTS2021_00062,25.495546,0.9620317220687866,0.14407367,0.9746495675514465,0.0,0.0
PP-MAE-v1 (mask-gated),BraTS2021_00062,26.348583,0.9671187996864319,0.13317184,0.9702850212249848,0.0,0.0
PP-MAE-v1 (mask-gated),BraTS2021_00062,26.394203,0.9675934910774231,0.1306996,0.9553626782393057,nan,nan
PP-MAE-v1 (mask-gated),BraTS2021_00062,25.67357,0.9634706377983093,0.14136344,0.9518987341772152,0.0,nan
PP-MAE-v1 (mask-gated),BraTS2021_00062,27.086506,0.9709144830703735,0.12292803,0.9707455174583203,0.0,nan
PP-MAE-v1 (mask-gated),BraTS2021_00062,25.996403,0.9666016697883606,0.13370939,0.9569860575496886,nan,nan
PP-MAE-v1 (mask-gated),BraTS2021_00062,26.539324,0.9690138101577759,0.12779991,0.9609236234458259,0.0,nan
PP-MAE-v1 (mask-gated),BraTS2021_00062,25.582636,0.9654831290245056,0.13950168,0.9365994236311239,0.0,nan
PP-MAE-v1 (mask-gated),BraTS2021_00062,26.664764,0.9688572883605957,0.13023397,0.9601427721594289,0.0,nan
PP-MAE-v1 (mask-gated),BraTS2021_00062,25.94494,0.9659819006919861,0.13537577,0.9189034837235865,0.0,nan
PP-MAE-v1 (mask-gated),BraTS2021_00062,26.903727,0.9685598611831665,0.12478622,0.9237929028504944,0.0,nan
PP-MAE-v1 (mask-gated),BraTS2021_00062,26.87542,0.9680699110031128,0.124672934,0.9090380703283929,0.0,nan
PP-MAE-v1 (mask-gated),BraTS2021_00062,26.988047,0.9690492153167725,0.12407235,0.8938027349432645,nan,nan
PP-MAE-v1 (mask-gated),BraTS2021_00062,27.705357,0.9705102443695068,0.11512846,0.9001196172248804,nan,nan
PP-MAE-v1 (mask-gated),BraTS2021_00062,28.324327,0.9691908955574036,0.11290999,0.9081348592638416,0.0,nan
PP-MAE-v1 (mask-gated),BraTS2021_00062,28.112936,0.9677902460098267,0.11456067,0.8811188811188811,nan,nan
PP-MAE-v1 (mask-gated),BraTS2021_00062,28.26585,0.9716919660568237,0.11101056,0.924120116241524,nan,nan
PP-MAE-v1 (mask-gated),BraTS2021_00062,28.449379,0.9705708622932434,0.11072469,0.9366080318619316,nan,nan
PP-MAE-v1 (mask-gated),BraTS2021_00062,27.16206,0.9647400379180908,0.12559238,0.9101486748545572,nan,nan
PP-MAE-v1 (mask-gated),BraTS2021_00062,27.338127,0.9645727872848511,0.12280093,0.9319615001659476,0.0,nan
PP-MAE-v1 (mask-gated),BraTS2021_00062,27.577765,0.9666216969490051,0.12126959,0.9126277612924497,0.0,nan
PP-MAE-v1 (mask-gated),BraTS2021_00062,27.240429,0.9662335515022278,0.12508242,0.9162851536952257,nan,nan
PP-MAE-v1 (mask-gated),BraTS2021_00062,27.86317,0.9691174626350403,0.119212046,0.9144189144189144,nan,nan
PP-MAE-v1 (mask-gated),BraTS2021_00062,26.896332,0.962846577167511,0.13080053,0.9057609057609057,nan,nan
PP-MAE-v1 (mask-gated),BraTS2021_00062,27.658293,0.9672849774360657,0.1232756,0.9301509301509302,nan,nan
PP-MAE-v1 (mask-gated),BraTS2021_00062,27.592993,0.9666580557823181,0.12581044,0.9038393800634026,nan,nan
PP-MAE-v1 (mask-gated),BraTS2021_00062,27.53827,0.96518874168396,0.12928522,0.9301242236024845,nan,nan
PP-MAE-v1 (mask-gated),BraTS2021_00062,27.082996,0.9613897204399109,0.13685039,0.8708317362974319,nan,nan
PP-MAE-v1 (mask-gated),BraTS2021_00062,27.171698,0.9632425308227539,0.13628253,0.910609857978279,nan,nan
PP-MAE-v1 (mask-gated),BraTS2021_00062,26.77645,0.9587826728820801,0.14469367,0.8554021121039805,nan,nan
PP-MAE-v1 (mask-gated),BraTS2021_00062,26.771734,0.9606020450592041,0.14525205,0.9387387387387387,nan,nan
PP-MAE-v1 (mask-gated),BraTS2021_00062,26.811092,0.9622536301612854,0.1453568,0.8945770065075922,nan,nan
PP-MAE-v1 (mask-gated),BraTS2021_00062,26.98639,0.9649345278739929,0.1417326,0.9292929292929293,nan,nan
PP-MAE-v1 (mask-gated),BraTS2021_00062,27.198523,0.9651113152503967,0.14229167,0.9411764705882353,nan,nan
PP-MAE-v1 (mask-gated),BraTS2021_00062,27.008984,0.9637921452522278,0.1489856,0.8732394366197183,nan,nan
PP-MAE-v1 (mask-gated),BraTS2021_00062,26.236038,0.9589421153068542,0.16326244,0.8779803646563815,nan,nan
PP-MAE-v1 (mask-gated),BraTS2021_00062,26.630638,0.9607882499694824,0.16166268,0.91921726041144,0.0,0.0
PP-MAE-v1 (mask-gated),BraTS2021_00062,26.380848,0.961172342300415,0.16417594,0.9310710498409331,nan,nan
PP-MAE-v1 (mask-gated),BraTS2021_00062,26.441895,0.9595050811767578,0.17097104,0.9145444255800792,nan,nan
PP-MAE-v1 (mask-gated),BraTS2021_00062,26.562042,0.9624218940734863,0.17020336,0.8762019230769231,0.0,0.0
PP-MAE-v1 (mask-gated),BraTS2021_00062,25.713486,0.9546014070510864,0.18959394,0.8830811554332875,nan,nan
PP-MAE-v1 (mask-gated),BraTS2021_00062,26.519073,0.9591023921966553,0.18688993,0.9287925696594427,0.0,0.0
PP-MAE-v1 (mask-gated),BraTS2021_00062,25.86973,0.9565643072128296,0.20119986,0.934612031386225,nan,nan
PP-MAE-v1 (mask-gated),BraTS2021_00062,26.168941,0.9564841389656067,0.20289648,0.9391124871001032,nan,nan
PP-MAE-v1 (mask-gated),BraTS2021_00062,26.778381,0.9648220539093018,0.19163972,0.8928176795580111,nan,nan
PP-MAE-v1 (mask-gated),BraTS2021_00062,26.464764,0.9574776291847229,0.21681748,0.8067444876783398,0.0,0.0
PP-MAE-v1 (mask-gated),BraTS2021_00062,26.735722,0.9594445824623108,0.21705894,0.48548812664907653,0.0,0.0
PP-MAE-v1 (mask-gated),BraTS2021_00066,26.584032,0.9176145792007446,0.1615734,0.8905660377358491,nan,nan
PP-MAE-v1 (mask-gated),BraTS2021_00066,26.189974,0.923394501209259,0.16367212,0.8854166666666666,nan,nan
PP-MAE-v1 (mask-gated),BraTS2021_00066,26.653156,0.9251717925071716,0.15932916,0.9230769230769231,nan,nan
PP-MAE-v1 (mask-gated),BraTS2021_00066,26.478624,0.9329306483268738,0.15499596,0.9649415692821369,nan,nan
PP-MAE-v1 (mask-gated),BraTS2021_00066,26.894127,0.9370890855789185,0.15079753,0.9442896935933147,nan,nan
PP-MAE-v1 (mask-gated),BraTS2021_00066,26.722672,0.9400508403778076,0.15165843,0.9303944315545244,nan,nan
PP-MAE-v1 (mask-gated),BraTS2021_00066,26.959358,0.9446873068809509,0.1446123,0.9540566959921799,nan,nan
PP-MAE-v1 (mask-gated),BraTS2021_00066,26.705122,0.9464043378829956,0.14497808,0.9215358931552587,nan,nan
PP-MAE-v1 (mask-gated),BraTS2021_00066,26.677458,0.9494099020957947,0.1447066,0.9488939740655988,nan,nan
PP-MAE-v1 (mask-gated),BraTS2021_00066,26.939949,0.9488178491592407,0.14283806,0.9628070175438597,0.0,0.0
PP-MAE-v1 (mask-gated),BraTS2021_00066,26.571634,0.9475871324539185,0.14553553,0.9457364341085271,0.7528089887640449,0.7528089887640449
PP-MAE-v1 (mask-gated),BraTS2021_00066,25.997566,0.9440682530403137,0.15382917,0.9486873508353222,0.8838709677419355,0.8677966101694915
PP-MAE-v1 (mask-gated),BraTS2021_00066,26.062244,0.9442790150642395,0.15665697,0.9470588235294117,0.946078431372549,0.9024390243902439
PP-MAE-v1 (mask-gated),BraTS2021_00066,26.145824,0.9462013244628906,0.14991474,0.9451428571428572,0.9664694280078896,0.9135135135135135
PP-MAE-v1 (mask-gated),BraTS2021_00066,26.076193,0.9435438513755798,0.15373918,0.9627933600457927,0.9447236180904522,0.8585365853658536
PP-MAE-v1 (mask-gated),BraTS2021_00066,25.973267,0.947429358959198,0.15214454,0.9646931015752308,0.9458128078817734,0.8489583333333334
PP-MAE-v1 (mask-gated),BraTS2021_00066,25.876749,0.9516264200210571,0.14961977,0.9475292919001528,0.9307568438003221,0.8352272727272727
PP-MAE-v1 (mask-gated),BraTS2021_00066,26.549568,0.9565522074699402,0.14018412,0.9405989199803633,0.9515418502202643,0.8292682926829268
PP-MAE-v1 (mask-gated),BraTS2021_00066,26.780525,0.9601319432258606,0.13901407,0.9253132832080201,0.9627507163323782,0.8461538461538461
PP-MAE-v1 (mask-gated),BraTS2021_00066,26.979313,0.9634003043174744,0.13264354,0.9528487229862476,0.9003021148036254,0.7838479809976246
PP-MAE-v1 (mask-gated),BraTS2021_00066,26.896683,0.9603192806243896,0.13552837,0.9663906478324403,0.9400544959128065,0.825531914893617
PP-MAE-v1 (mask-gated),BraTS2021_00066,26.420834,0.9572905898094177,0.14006546,0.9662162162162162,0.847457627118644,0.762589928057554
PP-MAE-v1 (mask-gated),BraTS2021_00066,26.782476,0.9580748081207275,0.136174,0.975771971496437,0.8856729377713459,0.802660753880266
PP-MAE-v1 (mask-gated),BraTS2021_00066,26.828861,0.9570000767707825,0.13682967,0.9741419840150447,0.8584474885844748,0.6938775510204082
PP-MAE-v1 (mask-gated),BraTS2021_00066,27.734444,0.958858072757721,0.12522338,0.9650215620507906,0.9489655172413793,0.8113207547169812
PP-MAE-v1 (mask-gated),BraTS2021_00066,27.272055,0.9571316242218018,0.1288352,0.9629282027217269,0.9727403156384505,0.9017857142857143
PP-MAE-v1 (mask-gated),BraTS2021_00066,27.658752,0.955524206161499,0.12827323,0.9600367478180983,0.9777117384843982,0.8764044943820225
PP-MAE-v1 (mask-gated),BraTS2021_00066,27.122776,0.9444635510444641,0.13846248,0.9439635535307517,0.9379084967320261,0.822429906542056
PP-MAE-v1 (mask-gated),BraTS2021_00066,27.726658,0.9473352432250977,0.13140684,0.9550982226379794,0.8065173116089613,0.7135678391959799
PP-MAE-v1 (mask-gated),BraTS2021_00066,27.649437,0.947300374507904,0.1318126,0.9440366972477064,0.8456659619450317,0.7547169811320755
PP-MAE-v1 (mask-gated),BraTS2021_00066,27.769907,0.9446022510528564,0.13139124,0.9398686205154119,0.9395348837209302,0.9345794392523364
PP-MAE-v1 (mask-gated),BraTS2021_00066,27.641123,0.9480895400047302,0.13009827,0.9514963880288958,0.9221556886227545,0.9221556886227545
PP-MAE-v1 (mask-gated),BraTS2021_00066,27.441214,0.9451526999473572,0.13253707,0.9312169312169312,0.7023809523809523,0.7023809523809523
PP-MAE-v1 (mask-gated),BraTS2021_00066,26.847256,0.9379827976226807,0.14651114,0.9290399522957663,0.15,0.15
PP-MAE-v1 (mask-gated),BraTS2021_00066,27.50368,0.9403613209724426,0.13668792,0.930601454064772,nan,nan
PP-MAE-v1 (mask-gated),BraTS2021_00066,26.89599,0.9381566643714905,0.14583738,0.9307359307359307,nan,nan
PP-MAE-v1 (mask-gated),BraTS2021_00066,26.649912,0.9302991628646851,0.15207784,0.9060869565217391,nan,nan
PP-MAE-v1 (mask-gated),BraTS2021_00066,26.209309,0.9277340769767761,0.1593279,0.9219712525667351,nan,nan
PP-MAE-v1 (mask-gated),BraTS2021_00066,26.303783,0.9300353527069092,0.15849899,0.903448275862069,nan,nan
PP-MAE-v1 (mask-gated),BraTS2021_00066,26.22047,0.9209851622581482,0.16602337,0.884318766066838,nan,nan
PP-MAE-v1 (mask-gated),BraTS2021_00066,25.804623,0.9201200008392334,0.17095508,0.9170437405731523,nan,nan
PP-MAE-v1 (mask-gated),BraTS2021_00066,25.355972,0.918917715549469,0.17672972,0.9376,nan,nan
PP-MAE-v1 (mask-gated),BraTS2021_00066,25.75331,0.9262284636497498,0.17070737,0.9448275862068966,nan,nan
PP-MAE-v1 (mask-gated),BraTS2021_00066,25.790321,0.9188897609710693,0.17720345,0.8896672504378283,nan,nan
PP-MAE-v1 (mask-gated),BraTS2021_00066,25.765789,0.9207374453544617,0.18013543,0.9284332688588007,nan,nan
PP-MAE-v1 (mask-gated),BraTS2021_00066,25.431871,0.9142151474952698,0.18506122,0.9276595744680851,nan,nan
PP-MAE-v1 (mask-gated),BraTS2021_00066,25.324356,0.9174714684486389,0.18654509,0.89086859688196,nan,nan
PP-MAE-v1 (mask-gated),BraTS2021_00066,25.284203,0.9118161201477051,0.1916252,0.9025641025641026,nan,nan
PP-MAE-v1 (mask-gated),BraTS2021_00066,25.101189,0.9158439040184021,0.1961049,0.8909090909090909,nan,nan
PP-MAE-v1 (mask-gated),BraTS2021_00071,29.04383,0.9623827338218689,0.14785346,nan,nan,nan
PP-MAE-v1 (mask-gated),BraTS2021_00071,28.713266,0.9598782658576965,0.15361504,nan,nan,nan
PP-MAE-v1 (mask-gated),BraTS2021_00071,28.683922,0.9606655240058899,0.15291521,nan,nan,nan
PP-MAE-v1 (mask-gated),BraTS2021_00071,28.348328,0.957902193069458,0.1570308,nan,nan,nan
PP-MAE-v1 (mask-gated),BraTS2021_00071,28.339252,0.9566888213157654,0.1604044,nan,nan,nan
PP-MAE-v1 (mask-gated),BraTS2021_00071,27.881937,0.9489913582801819,0.16918623,0.0,nan,nan
PP-MAE-v1 (mask-gated),BraTS2021_00071,26.90259,0.9399014711380005,0.18114404,0.0,nan,nan
PP-MAE-v1 (mask-gated),BraTS2021_00071,27.134296,0.9431713819503784,0.17293826,0.0,nan,nan
PP-MAE-v1 (mask-gated),BraTS2021_00071,27.462143,0.9425418376922607,0.16325195,0.06788511749347259,nan,nan
PP-MAE-v1 (mask-gated),BraTS2021_00071,27.279236,0.9399648904800415,0.1666924,0.661498708010336,nan,nan
PP-MAE-v1 (mask-gated),BraTS2021_00071,27.561535,0.9423151016235352,0.16036615,0.9092526690391459,0.0,0.0
PP-MAE-v1 (mask-gated),BraTS2021_00071,27.372322,0.9378096461296082,0.16229469,0.8626543209876543,0.0,0.0
PP-MAE-v1 (mask-gated),BraTS2021_00071,27.44178,0.9444586634635925,0.15560183,0.936197094125079,0.7311827956989247,0.7311827956989247
PP-MAE-v1 (mask-gated),BraTS2021_00071,27.233467,0.9392935037612915,0.15944333,0.9478315524827152,0.9343434343434344,0.9333333333333333
PP-MAE-v1 (mask-gated),BraTS2021_00071,26.747387,0.9371277689933777,0.16831452,0.8963210702341137,0.7636986301369864,0.7646017699115044
PP-MAE-v1 (mask-gated),BraTS2021_00071,26.753256,0.943612813949585,0.16493243,0.9084836339345357,0.8522550544323484,0.7913669064748201
PP-MAE-v1 (mask-gated),BraTS2021_00071,27.179403,0.9418437480926514,0.16200761,0.9044943820224719,0.849925705794948,0.7785714285714286
PP-MAE-v1 (mask-gated),BraTS2021_00071,27.403957,0.9449170231819153,0.15366866,0.924872355944566,0.8991097922848664,0.8210116731517509
PP-MAE-v1 (mask-gated),BraTS2021_00071,27.243233,0.9459046125411987,0.15627111,0.9142011834319527,0.8732394366197183,0.7692307692307693
PP-MAE-v1 (mask-gated),BraTS2021_00071,27.157858,0.9452369213104248,0.16177231,0.9284064665127021,0.9025787965616046,0.7815126050420168
PP-MAE-v1 (mask-gated),BraTS2021_00071,26.812288,0.9446693062782288,0.1656167,0.9419953596287703,0.9018492176386913,0.7891440501043842
PP-MAE-v1 (mask-gated),BraTS2021_00071,27.03745,0.9439475536346436,0.16173285,0.9207419898819561,0.9190751445086706,0.8232758620689655
PP-MAE-v1 (mask-gated),BraTS2021_00071,27.345928,0.9459832310676575,0.15560307,0.9160035366931919,0.9288824383164006,0.8181818181818182
PP-MAE-v1 (mask-gated),BraTS2021_00071,26.839523,0.9475930333137512,0.16428599,0.9084745762711864,0.9243697478991597,0.8112798264642083
PP-MAE-v1 (mask-gated),BraTS2021_00071,26.960344,0.9477313756942749,0.16207865,0.9233576642335767,0.9526542324246772,0.8466819221967964
PP-MAE-v1 (mask-gated),BraTS2021_00071,27.774088,0.9467831254005432,0.1488154,0.9122486288848263,0.946236559139785,0.8410462776659959
PP-MAE-v1 (mask-gated),BraTS2021_00071,27.445795,0.9391489624977112,0.15453826,0.9366391184573003,0.9493333333333334,0.8486140724946695
PP-MAE-v1 (mask-gated),BraTS2021_00071,27.23845,0.9440577626228333,0.15594813,0.9085768143261075,0.9479305740987984,0.860125260960334
PP-MAE-v1 (mask-gated),BraTS2021_00071,26.911716,0.9451009035110474,0.1594768,0.9069767441860465,0.9459084604715673,0.8695652173913043
PP-MAE-v1 (mask-gated),BraTS2021_00071,27.062132,0.947493314743042,0.15780261,0.8861788617886179,0.9514285714285714,0.8677685950413223
PP-MAE-v1 (mask-gated),BraTS2021_00071,27.356031,0.9430807828903198,0.15662545,0.9213483146067416,0.9577464788732394,0.9019607843137255
PP-MAE-v1 (mask-gated),BraTS2021_00071,27.351776,0.9447394609451294,0.15088968,0.9530612244897959,0.9446808510638298,0.8973509933774835
PP-MAE-v1 (mask-gated),BraTS2021_00071,26.878914,0.9464644193649292,0.15909362,0.9449901768172888,0.948301329394387,0.9202037351443124
PP-MAE-v1 (mask-gated),BraTS2021_00071,26.762018,0.9409521818161011,0.16219881,0.9409448818897638,0.9491525423728814,0.9090909090909091
PP-MAE-v1 (mask-gated),BraTS2021_00071,26.498434,0.9453687071800232,0.16505086,0.9474708171206225,0.9445378151260504,0.9013539651837524
PP-MAE-v1 (mask-gated),BraTS2021_00071,26.918827,0.9442930221557617,0.16154447,0.9380530973451328,0.948339483394834,0.8959660297239915
PP-MAE-v1 (mask-gated),BraTS2021_00071,26.558397,0.9384241104125977,0.16761501,0.9662487945998072,0.9254901960784314,0.8629213483146068
PP-MAE-v1 (mask-gated),BraTS2021_00071,26.311745,0.9431113004684448,0.16883102,0.9556840077071291,0.9267241379310345,0.8857142857142857
PP-MAE-v1 (mask-gated),BraTS2021_00071,26.305105,0.9471272826194763,0.16868132,0.9588235294117647,0.9287598944591029,0.8975069252077562
PP-MAE-v1 (mask-gated),BraTS2021_00071,25.963428,0.9495147466659546,0.17523432,0.8606485539000877,0.6602564102564102,0.6579804560260586
PP-MAE-v1 (mask-gated),BraTS2021_00071,26.27453,0.9414907097816467,0.17361929,0.9230769230769231,0.659217877094972,0.6440677966101694
PP-MAE-v1 (mask-gated),BraTS2021_00071,26.07571,0.9439147114753723,0.17623448,0.8917050691244239,0.0,0.0
PP-MAE-v1 (mask-gated),BraTS2021_00071,26.452671,0.9550268650054932,0.16187589,0.9546961325966851,0.0,0.0
PP-MAE-v1 (mask-gated),BraTS2021_00071,26.415104,0.9485120177268982,0.16886868,0.8721227621483376,0.0,0.0
PP-MAE-v1 (mask-gated),BraTS2021_00071,26.187477,0.9535594582557678,0.17232479,0.9148936170212766,0.0,0.0
PP-MAE-v1 (mask-gated),BraTS2021_00071,26.184542,0.9420122504234314,0.17629316,0.8702290076335878,nan,nan
PP-MAE-v1 (mask-gated),BraTS2021_00071,26.630272,0.9545214772224426,0.16358544,0.8275862068965517,nan,nan
PP-MAE-v1 (mask-gated),BraTS2021_00071,25.691998,0.9490038156509399,0.18338464,0.8845528455284553,nan,nan
PP-MAE-v1 (mask-gated),BraTS2021_00071,26.086391,0.952786386013031,0.17258447,0.8555758683729433,nan,nan
PP-MAE-v1 (mask-gated),BraTS2021_00071,26.159327,0.9478747844696045,0.18018536,0.8362235067437379,nan,nan
PP-MAE-v1 (mask-gated),BraTS2021_00071,27.2929,0.9527716636657715,0.15452538,0.848,nan,nan
PP-MAE-v1 (mask-gated),BraTS2021_00071,27.400103,0.9568876624107361,0.14651784,0.874274661508704,nan,nan
PP-MAE-v1 (mask-gated),BraTS2021_00071,27.472193,0.9585779905319214,0.14513499,0.8344086021505376,nan,nan
PP-MAE-v1 (mask-gated),BraTS2021_00071,27.358494,0.9556314945220947,0.15055713,0.8458333333333333,nan,nan
PP-MAE-v1 (mask-gated),BraTS2021_00071,28.742744,0.9603235125541687,0.1280772,0.911340206185567,nan,nan
PP-MAE-v1 (mask-gated),BraTS2021_00071,28.35396,0.9576799869537354,0.13349311,0.8169014084507042,nan,nan
PP-MAE-v1 (mask-gated),BraTS2021_00071,27.951504,0.959185779094696,0.14213182,0.7810026385224275,nan,nan
PP-MAE-v1 (mask-gated),BraTS2021_00071,29.113445,0.9587270021438599,0.12598363,0.05555555555555555,nan,nan
PP-MAE-v1 (mask-gated),BraTS2021_00071,29.978458,0.9630820155143738,0.11115653,0.0,nan,nan
PP-MAE-v1 (mask-gated),BraTS2021_00071,29.853163,0.9624338746070862,0.11501895,0.0,nan,nan
PP-MAE-v1 (mask-gated),BraTS2021_00071,29.765217,0.9633621573448181,0.11255939,0.0,nan,nan
PP-MAE-v1 (mask-gated),BraTS2021_00071,29.75693,0.9630866050720215,0.11275214,0.0,nan,nan
PP-MAE-v1 (mask-gated),BraTS2021_00071,29.831106,0.9648157358169556,0.111798875,0.0,nan,nan
PP-MAE-v1 (mask-gated),BraTS2021_00074,28.514648,0.9353052377700806,0.15376471,0.0,nan,nan
PP-MAE-v1 (mask-gated),BraTS2021_00074,28.962303,0.9369130730628967,0.14455147,0.0,nan,nan
PP-MAE-v1 (mask-gated),BraTS2021_00074,29.314896,0.9453729391098022,0.14316785,0.1111111111111111,nan,nan
PP-MAE-v1 (mask-gated),BraTS2021_00074,28.79845,0.9442349672317505,0.14654113,0.5303030303030303,nan,nan
PP-MAE-v1 (mask-gated),BraTS2021_00074,28.747078,0.9471256732940674,0.14484675,0.8541666666666666,nan,nan
PP-MAE-v1 (mask-gated),BraTS2021_00074,28.84186,0.9482263326644897,0.14311498,0.9053497942386831,nan,nan
PP-MAE-v1 (mask-gated),BraTS2021_00074,29.056608,0.9496663808822632,0.14140086,0.8755102040816326,nan,nan
PP-MAE-v1 (mask-gated),BraTS2021_00074,29.271114,0.9480734467506409,0.13874654,0.8662873399715505,nan,nan
PP-MAE-v1 (mask-gated),BraTS2021_00074,29.285528,0.9480875134468079,0.13615581,0.8762949421084705,0.0,0.0
PP-MAE-v1 (mask-gated),BraTS2021_00074,28.692314,0.9553666114807129,0.14415158,0.9001490312965723,0.8333333333333334,0.8333333333333334
PP-MAE-v1 (mask-gated),BraTS2021_00074,29.190329,0.9558224081993103,0.13197888,0.9433333333333334,0.7721518987341772,0.8013245033112583
PP-MAE-v1 (mask-gated),BraTS2021_00074,29.197844,0.9578789472579956,0.132558,0.9511077158135982,0.777120315581854,0.8181818181818182
PP-MAE-v1 (mask-gated),BraTS2021_00074,28.784533,0.9535336494445801,0.13857545,0.9620168067226891,0.8185907046476761,0.8178571428571428
PP-MAE-v1 (mask-gated),BraTS2021_00074,29.535063,0.959470808506012,0.12789656,0.9709677419354839,0.8718487394957983,0.847457627118644
PP-MAE-v1 (mask-gated),BraTS2021_00074,28.93136,0.9572633504867554,0.13325484,0.9694656488549618,0.8864468864468864,0.8797250859106529
PP-MAE-v1 (mask-gated),BraTS2021_00074,28.21886,0.9498283863067627,0.14219311,0.9734771203730691,0.9019607843137255,0.8622754491017964
PP-MAE-v1 (mask-gated),BraTS2021_00074,28.456125,0.9510825276374817,0.14317666,0.9640205596801827,0.8924731182795699,0.8275193798449613
PP-MAE-v1 (mask-gated),BraTS2021_00074,29.0052,0.9560516476631165,0.12994973,0.9578774617067833,0.8717201166180758,0.8104693140794224
PP-MAE-v1 (mask-gated),BraTS2021_00074,28.992216,0.9545238614082336,0.12982446,0.976130300477394,0.8699360341151386,0.8108108108108109
PP-MAE-v1 (mask-gated),BraTS2021_00074,27.860067,0.9480469822883606,0.15162183,0.9686994063680519,0.9135034225264468,0.8315217391304348
PP-MAE-v1 (mask-gated),BraTS2021_00074,28.209742,0.9519529342651367,0.14143951,0.9775784753363229,0.8870090634441088,0.8225108225108225
PP-MAE-v1 (mask-gated),BraTS2021_00074,28.607157,0.9548822045326233,0.13573064,0.9776521962496789,0.9314159292035398,0.829153605015674
PP-MAE-v1 (mask-gated),BraTS2021_00074,29.601997,0.9627795815467834,0.11901172,0.9819384380564742,0.9423692636072573,0.8323977546110666
PP-MAE-v1 (mask-gated),BraTS2021_00074,29.179092,0.9600608348846436,0.1294412,0.9762815608263198,0.9434737923946557,0.8399106478034252
PP-MAE-v1 (mask-gated),BraTS2021_00074,28.109884,0.9590213298797607,0.14273928,0.9814585908529048,0.9438775510204082,0.8287878787878787
PP-MAE-v1 (mask-gated),BraTS2021_00074,28.26885,0.9601272344589233,0.1356125,0.9834917458729364,0.9533169533169533,0.8312208138759173
PP-MAE-v1 (mask-gated),BraTS2021_00074,29.112776,0.9610592126846313,0.12525627,0.9729319504174045,0.9666832421680756,0.8769128409846972
PP-MAE-v1 (mask-gated),BraTS2021_00074,29.362047,0.9665333032608032,0.11735254,0.9757698132256436,0.9676133532635774,0.8647540983606558
PP-MAE-v1 (mask-gated),BraTS2021_00074,28.395538,0.9612056016921997,0.13704042,0.9747513389441469,0.9785322016974538,0.9043097151205259
PP-MAE-v1 (mask-gated),BraTS2021_00074,28.77342,0.9632797241210938,0.12957938,0.9840949255238576,0.9729166666666667,0.9035012809564474
PP-MAE-v1 (mask-gated),BraTS2021_00074,29.09487,0.9656789898872375,0.12509283,0.9736842105263158,0.9682966147232671,0.8439306358381503
PP-MAE-v1 (mask-gated),BraTS2021_00074,28.769533,0.9648381471633911,0.12935817,0.964456768338795,0.9581447963800905,0.8367768595041323
PP-MAE-v1 (mask-gated),BraTS2021_00074,28.27602,0.9596384763717651,0.1350453,0.976467674015358,0.9707602339181286,0.8751289989680082
PP-MAE-v1 (mask-gated),BraTS2021_00074,28.567059,0.9604572653770447,0.13257977,0.9729990356798457,0.9597523219814241,0.8447729672650475
PP-MAE-v1 (mask-gated),BraTS2021_00074,29.471903,0.9691728353500366,0.118155904,0.9793427230046948,0.9560585885486018,0.799081515499426
PP-MAE-v1 (mask-gated),BraTS2021_00074,28.076473,0.9613981246948242,0.13881917,0.98058690744921,0.94620486366986,0.7783132530120482
PP-MAE-v1 (mask-gated),BraTS2021_00074,29.719183,0.9724898934364319,0.11251148,0.9805050952591936,0.9094017094017094,0.7346326836581709
PP-MAE-v1 (mask-gated),BraTS2021_00074,28.961628,0.9653278589248657,0.12511384,0.985809312638581,0.9125248508946322,0.8258426966292135
PP-MAE-v1 (mask-gated),BraTS2021_00074,28.259098,0.9672573208808899,0.1326327,0.9817301342725071,0.8360450563204005,0.819718309859155
PP-MAE-v1 (mask-gated),BraTS2021_00074,27.48949,0.9612345099449158,0.14447127,0.977787552232241,0.8645533141210374,0.8425787106446777
PP-MAE-v1 (mask-gated),BraTS2021_00074,28.272818,0.9659884572029114,0.13534304,0.9854304635761589,0.784251968503937,0.7687400318979266
PP-MAE-v1 (mask-gated),BraTS2021_00074,29.011646,0.9677838087081909,0.122115746,0.9778968519758875,0.831758034026465,0.7906066536203522
PP-MAE-v1 (mask-gated),BraTS2021_00074,29.386805,0.9671032428741455,0.1185691,0.980172614882202,0.8323471400394478,0.8227571115973742
PP-MAE-v1 (mask-gated),BraTS2021_00074,29.08189,0.9666611552238464,0.12500714,0.9796978281397545,0.32,0.32
PP-MAE-v1 (mask-gated),BraTS2021_00074,29.53211,0.9719661474227905,0.11615346,0.9745177423195999,0.0,0.0
PP-MAE-v1 (mask-gated),BraTS2021_00074,29.768093,0.972442626953125,0.11278657,0.9847385539154366,0.33043478260869563,0.0
PP-MAE-v1 (mask-gated),BraTS2021_00074,28.92214,0.9701264500617981,0.1254477,0.9901290812452543,0.0,0.0
PP-MAE-v1 (mask-gated),BraTS2021_00074,29.227661,0.9671068787574768,0.12119715,0.9815056004167751,0.0,nan
PP-MAE-v1 (mask-gated),BraTS2021_00074,28.707878,0.9634280204772949,0.12878272,0.987460815047022,nan,nan
PP-MAE-v1 (mask-gated),BraTS2021_00074,28.2677,0.9631150364875793,0.1392113,0.9889064976228209,nan,nan
PP-MAE-v1 (mask-gated),BraTS2021_00074,29.015572,0.9657453894615173,0.12676565,0.9856153436334576,nan,nan
PP-MAE-v1 (mask-gated),BraTS2021_00074,29.89267,0.9691452383995056,0.11219047,0.9874863982589771,nan,nan
PP-MAE-v1 (mask-gated),BraTS2021_00074,29.47898,0.965077817440033,0.1196287,0.981491867638811,nan,nan
PP-MAE-v1 (mask-gated),BraTS2021_00074,28.790852,0.9636088013648987,0.12794538,0.9791963522371046,nan,nan
PP-MAE-v1 (mask-gated),BraTS2021_00074,29.00422,0.962461531162262,0.12637994,0.9781194559432289,nan,nan
PP-MAE-v1 (mask-gated),BraTS2021_00074,29.231241,0.9633854031562805,0.124625124,0.9751914241960183,nan,nan
PP-MAE-v1 (mask-gated),BraTS2021_00074,28.641272,0.9602289199829102,0.13688384,0.97024,nan,nan
PP-MAE-v1 (mask-gated),BraTS2021_00074,29.083431,0.9599184393882751,0.12686855,0.9808959156785244,nan,nan
PP-MAE-v1 (mask-gated),BraTS2021_00074,29.430851,0.9606319665908813,0.122083016,0.972183588317107,nan,nan
PP-MAE-v1 (mask-gated),BraTS2021_00074,29.300177,0.9575461745262146,0.12893173,0.9749262536873157,nan,nan
PP-MAE-v1 (mask-gated),BraTS2021_00074,29.624905,0.9559984803199768,0.12580346,0.9694002447980417,nan,nan
PP-MAE-v1 (mask-gated),BraTS2021_00074,29.516502,0.954180121421814,0.12709327,0.9537126325940212,nan,nan
PP-MAE-v1 (mask-gated),BraTS2021_00074,29.043655,0.949675977230072,0.13298422,0.9313142239048134,nan,nan
PP-MAE-v1 (mask-gated),BraTS2021_00074,29.627943,0.9547895193099976,0.12728871,0.9024081115335868,nan,nan
PP-MAE-v1 (mask-gated),BraTS2021_00074,28.905933,0.9511224031448364,0.13618992,0.8625954198473282,nan,nan
PP-MAE-v1 (mask-gated),BraTS2021_00074,29.029997,0.947547972202301,0.13789114,0.6587436332767402,nan,nan
PP-MAE-v1 (mask-gated),BraTS2021_00085,29.351862,0.9518525004386902,0.12269059,0.3295880149812734,nan,nan
PP-MAE-v1 (mask-gated),BraTS2021_00085,28.994596,0.9399905204772949,0.12781996,0.18840579710144928,nan,nan
PP-MAE-v1 (mask-gated),BraTS2021_00085,29.331915,0.9492965936660767,0.1210238,0.3674321503131524,nan,nan
PP-MAE-v1 (mask-gated),BraTS2021_00085,29.183647,0.9531913995742798,0.1238611,0.22263450834879406,nan,nan
PP-MAE-v1 (mask-gated),BraTS2021_00085,29.332659,0.9470786452293396,0.1215567,0.06030150753768844,nan,nan
PP-MAE-v1 (mask-gated),BraTS2021_00085,29.736597,0.9542503356933594,0.11576453,0.26170798898071623,nan,nan
PP-MAE-v1 (mask-gated),BraTS2021_00085,29.547,0.953925371170044,0.11610299,0.8047662694775435,nan,nan
PP-MAE-v1 (mask-gated),BraTS2021_00085,29.48145,0.9527359008789062,0.11804167,0.9169960474308301,nan,nan
PP-MAE-v1 (mask-gated),BraTS2021_00085,29.147861,0.9583851099014282,0.11447167,0.9486999297259311,nan,nan
PP-MAE-v1 (mask-gated),BraTS2021_00085,29.668913,0.9600873589515686,0.112035595,0.9246717346233587,nan,nan
PP-MAE-v1 (mask-gated),BraTS2021_00085,29.850922,0.9637131094932556,0.1081939,0.9165580182529335,nan,nan
PP-MAE-v1 (mask-gated),BraTS2021_00085,29.64451,0.9643855690956116,0.111803524,0.884020618556701,nan,nan
PP-MAE-v1 (mask-gated),BraTS2021_00085,29.459269,0.9653241038322449,0.11343137,0.8575063613231552,nan,nan
PP-MAE-v1 (mask-gated),BraTS2021_00085,29.928844,0.969235897064209,0.10524591,0.878078078078078,nan,nan
PP-MAE-v1 (mask-gated),BraTS2021_00085,30.532642,0.9720371961593628,0.09814464,0.889406286379511,nan,nan
PP-MAE-v1 (mask-gated),BraTS2021_00085,30.5997,0.971345841884613,0.098834895,0.886986301369863,0.0,nan
PP-MAE-v1 (mask-gated),BraTS2021_00085,30.82172,0.971989631652832,0.09512667,0.8882586500283608,0.0,0.0
PP-MAE-v1 (mask-gated),BraTS2021_00085,30.11017,0.9719047546386719,0.10153125,0.9313464608834486,0.2222222222222222,0.13333333333333333
PP-MAE-v1 (mask-gated),BraTS2021_00085,29.968624,0.9701210260391235,0.10272594,0.9082872928176795,0.5233644859813084,0.5652173913043478
PP-MAE-v1 (mask-gated),BraTS2021_00085,29.555088,0.9709376692771912,0.10646153,0.9241306638566913,0.6194690265486725,0.6470588235294118
PP-MAE-v1 (mask-gated),BraTS2021_00085,30.553713,0.9744606018066406,0.09635569,0.9386317907444668,0.7567567567567568,0.7735849056603774
PP-MAE-v1 (mask-gated),BraTS2021_00085,30.229786,0.9748859405517578,0.0967329,0.9132602193419741,0.8235294117647058,0.8888888888888888
PP-MAE-v1 (mask-gated),BraTS2021_00085,30.254654,0.9713438749313354,0.09940929,0.9123661148977604,0.8461538461538461,0.8461538461538461
PP-MAE-v1 (mask-gated),BraTS2021_00085,29.003578,0.9656575918197632,0.11606069,0.9107312440645774,0.8333333333333334,0.7835051546391752
PP-MAE-v1 (mask-gated),BraTS2021_00085,28.595524,0.9653485417366028,0.1192866,0.9019607843137255,0.5542168674698795,0.8076923076923077
PP-MAE-v1 (mask-gated),BraTS2021_00085,29.483273,0.9707527756690979,0.106099024,0.9118673647469459,0.5523809523809524,0.6774193548387096
PP-MAE-v1 (mask-gated),BraTS2021_00085,29.118416,0.966504693031311,0.110398896,0.887434554973822,0.3793103448275862,0.5135135135135135
PP-MAE-v1 (mask-gated),BraTS2021_00085,28.125446,0.9590820670127869,0.123570666,0.9134532990574121,0.4122137404580153,0.6233766233766234
PP-MAE-v1 (mask-gated),BraTS2021_00085,28.385468,0.9591119885444641,0.11923211,0.926391382405745,0.5287356321839081,0.6608695652173913
PP-MAE-v1 (mask-gated),BraTS2021_00085,28.565228,0.962417483329773,0.11975851,0.9116101290014333,0.5957446808510638,0.6766917293233082
PP-MAE-v1 (mask-gated),BraTS2021_00085,28.072552,0.9560282230377197,0.12638032,0.8413001912045889,0.6341463414634146,0.6170212765957447
PP-MAE-v1 (mask-gated),BraTS2021_00085,28.002165,0.956075131893158,0.1286866,0.9126026074360213,0.2097902097902098,0.3058823529411765
PP-MAE-v1 (mask-gated),BraTS2021_00085,27.312105,0.9449597001075745,0.13885057,0.930164888457808,0.61,0.7183098591549296
PP-MAE-v1 (mask-gated),BraTS2021_00085,27.034286,0.9464529752731323,0.14126238,0.865210442194992,0.7486033519553073,0.7092198581560284
PP-MAE-v1 (mask-gated),BraTS2021_00085,26.804134,0.9402498006820679,0.1480298,0.8921620199894792,0.802547770700637,0.656
PP-MAE-v1 (mask-gated),BraTS2021_00085,26.438599,0.9363100528717041,0.15639186,0.9136316337148803,0.7619047619047619,0.7238095238095238
PP-MAE-v1 (mask-gated),BraTS2021_00085,26.4653,0.9416640996932983,0.1534479,0.9170679507758159,0.6601941747572816,0.759493670886076
PP-MAE-v1 (mask-gated),BraTS2021_00085,26.544619,0.9445564150810242,0.1528971,0.9048378522062732,0.44776119402985076,0.5833333333333334
PP-MAE-v1 (mask-gated),BraTS2021_00085,25.887201,0.9399073123931885,0.16174856,0.9122055674518201,0.0975609756097561,0.0
PP-MAE-v1 (mask-gated),BraTS2021_00085,25.939888,0.939324140548706,0.16547425,0.8986595174262735,0.0,0.0
PP-MAE-v1 (mask-gated),BraTS2021_00085,25.638647,0.942173957824707,0.16964106,0.9086134453781513,0.0,0.0
PP-MAE-v1 (mask-gated),BraTS2021_00085,25.974281,0.9401050209999084,0.17233762,0.9055793991416309,0.8571428571428571,0.9473684210526315
PP-MAE-v1 (mask-gated),BraTS2021_00085,25.51552,0.9423061013221741,0.17644277,0.8826446280991735,0.5263157894736842,0.45714285714285713
PP-MAE-v1 (mask-gated),BraTS2021_00085,24.943373,0.936491072177887,0.18815026,0.8660399529964747,0.0,0.0
PP-MAE-v1 (mask-gated),BraTS2021_00085,24.711956,0.9349706172943115,0.19889185,0.9130434782608695,0.0,0.0
PP-MAE-v1 (mask-gated),BraTS2021_00085,24.846518,0.9351572394371033,0.20517342,0.9058347775852109,0.0,0.0
PP-MAE-v1 (mask-gated),BraTS2021_00085,24.541456,0.9407703280448914,0.2045937,0.9422850412249706,0.0,nan
PP-MAE-v1 (mask-gated),BraTS2021_00085,25.034336,0.9443833231925964,0.20637779,0.9490101979604079,nan,nan
PP-MAE-v1 (mask-gated),BraTS2021_00085,24.28236,0.9395555853843689,0.21691996,0.9346278317152104,nan,nan
PP-MAE-v1 (mask-gated),BraTS2021_00085,24.58982,0.9460612535476685,0.21446505,0.9231863442389758,0.0,nan
PP-MAE-v1 (mask-gated),BraTS2021_00085,24.36884,0.9441403150558472,0.22206344,0.9123351435221102,nan,nan
PP-MAE-v1 (mask-gated),BraTS2021_00085,24.444788,0.9444007873535156,0.23260744,0.9125874125874126,0.0,0.0
PP-MAE-v1 (mask-gated),BraTS2021_00085,23.831718,0.9361178874969482,0.25830194,0.8789531079607416,0.0,0.0
PP-MAE-v1 (mask-gated),BraTS2021_00085,23.882864,0.9348957538604736,0.27320668,0.8632138114209827,0.0,0.0
PP-MAE-v1 (mask-gated),BraTS2021_00085,24.659779,0.9353185892105103,0.27131328,0.8670886075949367,0.0,0.0
PP-MAE-v1 (mask-gated),BraTS2021_00085,23.804548,0.9231828451156616,0.31398442,0.9022222222222223,nan,nan
PP-MAE-v1 (mask-gated),BraTS2021_00085,24.568153,0.9271959066390991,0.31277296,0.8060836501901141,nan,nan
PP-MAE-v1 (mask-gated),BraTS2021_00087,26.496471,0.9535254240036011,0.22956325,0.803921568627451,nan,nan
PP-MAE-v1 (mask-gated),BraTS2021_00087,25.963692,0.9495159983634949,0.23726398,0.793713163064833,nan,nan
PP-MAE-v1 (mask-gated),BraTS2021_00087,26.10408,0.9526354074478149,0.22667573,0.9096385542168675,nan,nan
PP-MAE-v1 (mask-gated),BraTS2021_00087,25.658998,0.949388861656189,0.23000744,0.8944723618090452,nan,nan
PP-MAE-v1 (mask-gated),BraTS2021_00087,26.500605,0.9552329182624817,0.2131237,0.8986415882967607,nan,nan
PP-MAE-v1 (mask-gated),BraTS2021_00087,26.051228,0.953978955745697,0.21446273,0.8705673758865248,0.0,0.0
PP-MAE-v1 (mask-gated),BraTS2021_00087,26.24228,0.9545970559120178,0.20705952,0.905,0.0,0.0
PP-MAE-v1 (mask-gated),BraTS2021_00087,26.080122,0.9525513648986816,0.20585015,0.9060205580029369,0.0,0.0
PP-MAE-v1 (mask-gated),BraTS2021_00087,25.943596,0.9559876918792725,0.1993834,0.8909825033647375,0.2733812949640288,0.2733812949640288
PP-MAE-v1 (mask-gated),BraTS2021_00087,26.081255,0.9507758021354675,0.20002387,0.9053549190535491,0.7192429022082019,0.6818181818181818
PP-MAE-v1 (mask-gated),BraTS2021_00087,26.039114,0.9553101062774658,0.1887583,0.8769819573537452,0.7638888888888888,0.6511627906976745
PP-MAE-v1 (mask-gated),BraTS2021_00087,26.042316,0.9535719752311707,0.18789402,0.8684080827994086,0.8151986183074266,0.702258726899384
PP-MAE-v1 (mask-gated),BraTS2021_00087,26.494888,0.9542937278747559,0.17932619,0.8923512747875354,0.9112582781456954,0.8224
PP-MAE-v1 (mask-gated),BraTS2021_00087,25.94402,0.9528472423553467,0.18143828,0.8887063655030801,0.9191583610188261,0.8389830508474576
PP-MAE-v1 (mask-gated),BraTS2021_00087,26.104279,0.9524958729743958,0.17901975,0.8282901932191031,0.9465020576131687,0.8610271903323263
PP-MAE-v1 (mask-gated),BraTS2021_00087,26.0751,0.9492960572242737,0.17933857,0.8592642591967601,0.9426987060998152,0.8328611898016998
PP-MAE-v1 (mask-gated),BraTS2021_00087,24.83156,0.934557318687439,0.2022603,0.90112,0.9246629659000793,0.7984886649874056
PP-MAE-v1 (mask-gated),BraTS2021_00087,24.46657,0.9266166090965271,0.20768268,0.8892215568862275,0.92992700729927,0.8285714285714286
PP-MAE-v1 (mask-gated),BraTS2021_00087,25.294722,0.9327443838119507,0.18096276,0.9087099670757258,0.9616724738675958,0.8898488120950324
PP-MAE-v1 (mask-gated),BraTS2021_00087,25.975613,0.9386551380157471,0.16749893,0.8961076968100673,0.9345156889495225,0.8385650224215246
PP-MAE-v1 (mask-gated),BraTS2021_00087,26.618633,0.939274787902832,0.15766314,0.9267267267267267,0.9448410123296561,0.839344262295082
PP-MAE-v1 (mask-gated),BraTS2021_00087,26.00119,0.9373595118522644,0.16030274,0.9265504429837096,0.9281045751633987,0.8358531317494601
PP-MAE-v1 (mask-gated),BraTS2021_00087,26.482334,0.9424561262130737,0.15444942,0.9376973873097905,0.9266666666666666,0.8877952755905512
PP-MAE-v1 (mask-gated),BraTS2021_00087,26.32554,0.9415808916091919,0.15635872,0.9151991330262801,0.839142091152815,0.7729789590254706
PP-MAE-v1 (mask-gated),BraTS2021_00087,26.706017,0.9377123713493347,0.15181996,0.9391491653204093,0.9429467084639498,0.8657276995305164
PP-MAE-v1 (mask-gated),BraTS2021_00087,26.923704,0.9399678707122803,0.14792652,0.9283078545071165,0.8535620052770448,0.7801683816651076
PP-MAE-v1 (mask-gated),BraTS2021_00087,26.708416,0.9425349235534668,0.14640242,0.9217847769028872,0.8782435129740519,0.8029064486830154
PP-MAE-v1 (mask-gated),BraTS2021_00087,27.2303,0.9416968822479248,0.1405245,0.9242463958060289,0.8201936376210235,0.7789855072463768
PP-MAE-v1 (mask-gated),BraTS2021_00087,27.650482,0.9436782598495483,0.13441269,0.9290666666666667,0.9043367346938775,0.8414239482200647
PP-MAE-v1 (mask-gated),BraTS2021_00087,27.85837,0.9410674571990967,0.13355288,0.942701581540057,0.9114713216957606,0.8342085521380345
PP-MAE-v1 (mask-gated),BraTS2021_00087,27.88745,0.955045223236084,0.12665603,0.9567567567567568,0.8216516308119362,0.7386934673366834
PP-MAE-v1 (mask-gated),BraTS2021_00087,27.835995,0.9500293135643005,0.12966122,0.9496299832895679,0.87146529562982,0.7815384615384615
PP-MAE-v1 (mask-gated),BraTS2021_00087,27.900547,0.9510943293571472,0.12867934,0.9444825222755312,0.8726027397260274,0.782608695652174
PP-MAE-v1 (mask-gated),BraTS2021_00087,27.951887,0.9542816877365112,0.12536143,0.9229534510433387,0.8807718814610613,0.7764705882352941
PP-MAE-v1 (mask-gated),BraTS2021_00087,27.993645,0.9567800760269165,0.12315592,0.9337964854924398,0.8351331893448524,0.7400555041628122
PP-MAE-v1 (mask-gated),BraTS2021_00087,28.162407,0.9552035331726074,0.123630054,0.9130349043581147,0.6246472248353716,0.5926892950391645
PP-MAE-v1 (mask-gated),BraTS2021_00087,27.86603,0.9576663970947266,0.12496184,0.9471373696725809,0.8284182305630027,0.807495741056218
PP-MAE-v1 (mask-gated),BraTS2021_00087,27.38621,0.9542399644851685,0.12856446,0.9349284031176364,0.8419354838709677,0.8037735849056604
PP-MAE-v1 (mask-gated),BraTS2021_00087,27.8208,0.9627684950828552,0.12206591,0.9263301500682128,0.804,0.7526881720430108
PP-MAE-v1 (mask-gated),BraTS2021_00087,27.562065,0.9562997221946716,0.12756677,0.9665174574753805,0.7482014388489209,0.7254901960784313
PP-MAE-v1 (mask-gated),BraTS2021_00087,27.462091,0.9569784998893738,0.12925188,0.964033977950479,0.4,0.4
PP-MAE-v1 (mask-gated),BraTS2021_00087,27.373592,0.9553141593933105,0.12943615,0.9451118092773979,0.4666666666666667,0.47297297297297297
PP-MAE-v1 (mask-gated),BraTS2021_00087,27.200453,0.9539387226104736,0.13086993,0.9472733838931022,0.5737704918032787,0.5737704918032787
PP-MAE-v1 (mask-gated),BraTS2021_00087,27.662422,0.9570160508155823,0.12839642,0.9493600445186422,0.9117647058823529,0.9117647058823529
PP-MAE-v1 (mask-gated),BraTS2021_00087,27.087479,0.9594541192054749,0.1296731,0.9333333333333333,0.6285714285714286,0.6376811594202898
PP-MAE-v1 (mask-gated),BraTS2021_00087,27.722347,0.9602205753326416,0.12573095,0.9385983047343395,0.0,0.0
PP-MAE-v1 (mask-gated),BraTS2021_00087,26.746714,0.9563955068588257,0.13549764,0.9047217537942664,0.0,0.0
PP-MAE-v1 (mask-gated),BraTS2021_00087,26.846992,0.958362340927124,0.13588116,0.9349192100538599,nan,nan
PP-MAE-v1 (mask-gated),BraTS2021_00087,27.118126,0.9597293734550476,0.13134639,0.9268747088961341,nan,nan
PP-MAE-v1 (mask-gated),BraTS2021_00087,27.287333,0.96158766746521,0.12927653,0.9251573793425041,nan,nan
PP-MAE-v1 (mask-gated),BraTS2021_00087,27.366179,0.959865391254425,0.12963136,0.8822504356484939,nan,nan
PP-MAE-v1 (mask-gated),BraTS2021_00087,27.690208,0.9598216414451599,0.123631656,0.8826556870818322,nan,nan
PP-MAE-v1 (mask-gated),BraTS2021_00087,27.913828,0.9618775844573975,0.122150026,0.9005208333333333,nan,nan
PP-MAE-v1 (mask-gated),BraTS2021_00087,27.480057,0.9637760519981384,0.12619406,0.920951650038373,0.0,0.0
PP-MAE-v1 (mask-gated),BraTS2021_00087,27.342003,0.9626197814941406,0.124084495,0.9092339979013642,0.0,0.0
PP-MAE-v1 (mask-gated),BraTS2021_00087,28.38187,0.9674528241157532,0.11477651,0.9375485877170251,0.28169014084507044,0.28169014084507044
PP-MAE-v1 (mask-gated),BraTS2021_00087,28.43914,0.9689551591873169,0.11308648,0.933115823817292,0.0,0.0
PP-MAE-v1 (mask-gated),BraTS2021_00087,27.547934,0.9644733667373657,0.122624464,0.9227000544365814,0.0,0.0
PP-MAE-v1 (mask-gated),BraTS2021_00087,27.457993,0.9632889032363892,0.12240963,0.9148812970469021,0.1951219512195122,0.19801980198019803
PP-MAE-v1 (mask-gated),BraTS2021_00087,28.0694,0.9682869911193848,0.11568717,0.9202226345083488,0.0,0.0
PP-MAE-v1 (mask-gated),BraTS2021_00087,28.613102,0.9687709808349609,0.11276215,0.9078903928689337,0.0,0.0
PP-MAE-v1 (mask-gated),BraTS2021_00087,28.641054,0.9644864201545715,0.1135068,0.9230194319880418,0.582089552238806,0.6031746031746031
PP-MAE-v1 (mask-gated),BraTS2021_00087,29.147673,0.9675553441047668,0.10665779,0.9036251105216623,0.6213592233009708,0.6213592233009708
PP-MAE-v1 (mask-gated),BraTS2021_00087,28.831417,0.9645559787750244,0.11041574,0.9115779189057157,0.19047619047619047,0.19047619047619047
PP-MAE-v1 (mask-gated),BraTS2021_00087,29.179531,0.9648749232292175,0.10876771,0.8969298245614035,nan,nan
PP-MAE-v1 (mask-gated),BraTS2021_00087,29.773836,0.9678830504417419,0.10230633,0.9093588798820929,nan,nan
PP-MAE-v1 (mask-gated),BraTS2021_00087,29.998028,0.968691349029541,0.09985985,0.8727615457115928,nan,nan
PP-MAE-v1 (mask-gated),BraTS2021_00087,30.410421,0.967115044593811,0.09862119,0.9048128342245989,nan,nan
PP-MAE-v1 (mask-gated),BraTS2021_00087,30.0519,0.9660736322402954,0.101789035,0.8665158371040724,nan,nan
PP-MAE-v1 (mask-gated),BraTS2021_00087,30.41998,0.9686225652694702,0.10011759,0.8843537414965986,nan,nan
PP-MAE-v1 (mask-gated),BraTS2021_00087,30.215399,0.966060996055603,0.098985836,0.8410596026490066,nan,nan
PP-MAE-v1 (mask-gated),BraTS2021_00087,30.2538,0.9623446464538574,0.10191001,0.0,nan,nan
PP-MAE-v1 (mask-gated),BraTS2021_00099,26.195229,0.9139294028282166,0.18860075,0.8555555555555555,nan,nan
PP-MAE-v1 (mask-gated),BraTS2021_00099,26.369656,0.9164512157440186,0.18259579,0.7662337662337663,nan,nan
PP-MAE-v1 (mask-gated),BraTS2021_00099,26.324064,0.9116756916046143,0.17965418,0.7956989247311828,nan,nan
PP-MAE-v1 (mask-gated),BraTS2021_00099,26.41227,0.9113935232162476,0.17704722,0.743455497382199,nan,nan
PP-MAE-v1 (mask-gated),BraTS2021_00099,26.439249,0.9117480516433716,0.1751869,0.622356495468278,nan,nan
PP-MAE-v1 (mask-gated),BraTS2021_00099,26.537268,0.9164248108863831,0.1708964,0.6623376623376623,nan,nan
PP-MAE-v1 (mask-gated),BraTS2021_00099,26.798164,0.9181918501853943,0.1634128,0.5,0.0,0.0
PP-MAE-v1 (mask-gated),BraTS2021_00099,27.009068,0.9206128716468811,0.16508155,0.5425531914893617,nan,nan
PP-MAE-v1 (mask-gated),BraTS2021_00099,26.593445,0.9138402938842773,0.16633762,0.7144906743185079,0.6666666666666666,0.6666666666666666
PP-MAE-v1 (mask-gated),BraTS2021_00099,26.73185,0.9224179983139038,0.16198735,0.789289871944121,0.7222222222222222,0.7222222222222222
PP-MAE-v1 (mask-gated),BraTS2021_00099,26.881126,0.9132360219955444,0.16314092,0.8295218295218295,0.6461538461538462,0.6461538461538462
PP-MAE-v1 (mask-gated),BraTS2021_00099,27.092602,0.9162589907646179,0.15851912,0.879074658254469,0.6081081081081081,0.6081081081081081
PP-MAE-v1 (mask-gated),BraTS2021_00099,27.242432,0.9207806587219238,0.15575925,0.89272030651341,0.48717948717948717,0.48717948717948717
PP-MAE-v1 (mask-gated),BraTS2021_00099,27.17112,0.9257229566574097,0.1528874,0.8850902184235517,0.8194444444444444,0.8194444444444444
PP-MAE-v1 (mask-gated),BraTS2021_00099,27.020758,0.917169451713562,0.15875186,0.8584995251661919,0.6918238993710691,0.6918238993710691
PP-MAE-v1 (mask-gated),BraTS2021_00099,26.629662,0.9184911847114563,0.15949938,0.9079307201458523,0.6575342465753424,0.6575342465753424
PP-MAE-v1 (mask-gated),BraTS2021_00099,26.161821,0.9147564172744751,0.1647367,0.8667287977632805,0.8181818181818182,0.8181818181818182
PP-MAE-v1 (mask-gated),BraTS2021_00099,26.88779,0.9232593774795532,0.15700097,0.89,0.43478260869565216,0.43478260869565216
PP-MAE-v1 (mask-gated),BraTS2021_00099,26.41553,0.9264503717422485,0.1600743,0.9027667984189723,0.0,0.0
PP-MAE-v1 (mask-gated),BraTS2021_00099,26.630775,0.9288077354431152,0.15610014,0.881588999236058,nan,nan
PP-MAE-v1 (mask-gated),BraTS2021_00099,26.667294,0.9354708194732666,0.15223572,0.7768800497203232,nan,nan
PP-MAE-v1 (mask-gated),BraTS2021_00099,26.655521,0.9363796710968018,0.15440796,0.8205453392517438,0.0,0.0
PP-MAE-v1 (mask-gated),BraTS2021_00099,26.164673,0.9368343353271484,0.15682566,0.8140350877192982,0.03636363636363636,0.03636363636363636
PP-MAE-v1 (mask-gated),BraTS2021_00099,26.569733,0.937103807926178,0.15424165,0.7946480511925538,0.5094339622641509,0.5094339622641509
PP-MAE-v1 (mask-gated),BraTS2021_00099,26.698637,0.9429721236228943,0.15141271,0.7590113285272915,0.5656565656565656,0.5656565656565656
PP-MAE-v1 (mask-gated),BraTS2021_00099,27.104597,0.948395848274231,0.14433627,0.7083333333333334,0.0,0.0
PP-MAE-v1 (mask-gated),BraTS2021_00099,27.338087,0.9565883278846741,0.1350938,0.7457446808510638,0.125,0.125
PP-MAE-v1 (mask-gated),BraTS2021_00099,27.452719,0.9584798216819763,0.1329191,0.712776176753122,0.43601895734597157,0.44878048780487806
PP-MAE-v1 (mask-gated),BraTS2021_00099,27.913723,0.9617761373519897,0.12943144,0.6601752677702045,0.7621776504297995,0.8212927756653993
PP-MAE-v1 (mask-gated),BraTS2021_00099,27.587677,0.9594780206680298,0.13102132,0.7205029013539652,0.7247956403269755,0.5643564356435643
PP-MAE-v1 (mask-gated),BraTS2021_00099,27.640553,0.9608213901519775,0.13208196,0.8833922261484098,0.9113043478260869,0.7975460122699386
PP-MAE-v1 (mask-gated),BraTS2021_00099,27.617504,0.9600716233253479,0.13081707,0.8365498227648681,0.9339774557165862,0.819672131147541
PP-MAE-v1 (mask-gated),BraTS2021_00099,27.559814,0.9598099589347839,0.1297929,0.8751458576429405,0.947209653092006,0.8300395256916996
PP-MAE-v1 (mask-gated),BraTS2021_00099,27.44379,0.9552794694900513,0.136276,0.8190263842437755,0.9172320217096337,0.75
PP-MAE-v1 (mask-gated),BraTS2021_00099,27.09173,0.9448811411857605,0.14525308,0.780929866036249,0.9381443298969072,0.7912772585669782
PP-MAE-v1 (mask-gated),BraTS2021_00099,27.366903,0.9475157856941223,0.13983732,0.8089540717869549,0.9442467378410438,0.8337874659400545
PP-MAE-v1 (mask-gated),BraTS2021_00099,27.627268,0.9446662068367004,0.13752593,0.8129132633216647,0.9388235294117647,0.8022922636103151
PP-MAE-v1 (mask-gated),BraTS2021_00099,27.680285,0.9418753981590271,0.13638406,0.8512195121951219,0.9455864570737605,0.803680981595092
PP-MAE-v1 (mask-gated),BraTS2021_00099,27.276918,0.9401580691337585,0.1409598,0.8912399492170969,0.9468599033816425,0.8231511254019293
PP-MAE-v1 (mask-gated),BraTS2021_00099,27.065037,0.9395875334739685,0.14292768,0.9217954650624711,0.9314359637774903,0.7372262773722628
PP-MAE-v1 (mask-gated),BraTS2021_00099,26.947317,0.9414135217666626,0.14309281,0.9173553719008265,0.9018567639257294,0.7346938775510204
PP-MAE-v1 (mask-gated),BraTS2021_00099,26.838045,0.9339929819107056,0.15314223,0.9441860465116279,0.9674902470741222,0.8616352201257862
PP-MAE-v1 (mask-gated),BraTS2021_00099,26.92933,0.9435155391693115,0.14586647,0.9200779727095516,0.9280677009873061,0.7611940298507462
PP-MAE-v1 (mask-gated),BraTS2021_00099,26.74243,0.9400017857551575,0.14933853,0.9436893203883495,0.9603399433427762,0.8382838283828383
PP-MAE-v1 (mask-gated),BraTS2021_00099,26.249485,0.9399486184120178,0.1531911,0.9218989280245024,0.9525222551928784,0.8316831683168316
PP-MAE-v1 (mask-gated),BraTS2021_00099,26.157948,0.9317377805709839,0.16335937,0.9212860310421286,0.9293233082706767,0.7792207792207793
PP-MAE-v1 (mask-gated),BraTS2021_00099,26.21046,0.9349477291107178,0.16255644,0.835909631391201,0.7769516728624535,0.7301587301587301
PP-MAE-v1 (mask-gated),BraTS2021_00099,26.231007,0.9388571381568909,0.15900019,0.8979357798165137,0.8986013986013986,0.7659574468085106
PP-MAE-v1 (mask-gated),BraTS2021_00099,25.81672,0.9360185861587524,0.16840644,0.9404761904761905,0.9194991055456172,0.7985865724381626
PP-MAE-v1 (mask-gated),BraTS2021_00099,25.243921,0.9340305328369141,0.17719306,0.8985176738882554,0.816414686825054,0.7398373983739838
PP-MAE-v1 (mask-gated),BraTS2021_00099,25.374432,0.9366310238838196,0.17576472,0.8126614987080103,0.46200607902735563,0.4782608695652174
PP-MAE-v1 (mask-gated),BraTS2021_00099,25.342869,0.9368801116943359,0.1773032,0.8792152053954629,0.48366013071895425,0.5604395604395604
PP-MAE-v1 (mask-gated),BraTS2021_00099,25.847044,0.9407730102539062,0.1739848,0.8510084580351334,0.41353383458646614,0.4942528735632184
PP-MAE-v1 (mask-gated),BraTS2021_00099,25.527117,0.9355862736701965,0.18728207,0.9115646258503401,0.30493273542600896,0.34615384615384615
PP-MAE-v1 (mask-gated),BraTS2021_00099,25.233288,0.9399253129959106,0.18746054,0.9313253012048193,0.1111111111111111,0.14634146341463414
PP-MAE-v1 (mask-gated),BraTS2021_00099,25.252722,0.9439780712127686,0.18713596,0.9337313432835821,0.6077348066298343,0.6012269938650306
PP-MAE-v1 (mask-gated),BraTS2021_00099,25.335003,0.9403514862060547,0.1934138,0.9341538461538461,0.8588957055214724,0.8588957055214724
PP-MAE-v1 (mask-gated),BraTS2021_00099,24.992626,0.944537878036499,0.19439194,0.9288343558282208,0.7291666666666666,0.7291666666666666
PP-MAE-v1 (mask-gated),BraTS2021_00099,25.260384,0.9455060362815857,0.1938541,0.9674054758800521,0.0,0.0
PP-MAE-v1 (mask-gated),BraTS2021_00099,24.735783,0.9433148503303528,0.20221038,0.9612817089452603,nan,nan
PP-MAE-v1 (mask-gated),BraTS2021_00099,24.644861,0.9412535429000854,0.2123403,0.9574759945130316,nan,nan
PP-MAE-v1 (mask-gated),BraTS2021_00099,24.820778,0.9447169899940491,0.21096048,0.9554140127388535,nan,nan
PP-MAE-v1 (mask-gated),BraTS2021_00099,24.837711,0.941257119178772,0.22420171,0.9440894568690096,nan,nan
PP-MAE-v1 (mask-gated),BraTS2021_00099,24.332514,0.9382529258728027,0.23579302,0.9635157545605307,nan,nan
PP-MAE-v1 (mask-gated),BraTS2021_00099,24.95883,0.9470159411430359,0.23082183,0.9528049866429208,nan,nan
PP-MAE-v1 (mask-gated),BraTS2021_00099,24.75934,0.9468558430671692,0.23725614,0.9369544131910766,nan,nan
PP-MAE-v1 (mask-gated),BraTS2021_00099,25.3809,0.9516161680221558,0.23292416,0.9236111111111112,nan,nan
PP-MAE-v1 (mask-gated),BraTS2021_00099,25.138662,0.9462924599647522,0.24646816,0.9243937232524965,nan,nan
PP-MAE-v1 (mask-gated),BraTS2021_00099,25.147554,0.9467695951461792,0.25583014,0.9154929577464789,nan,nan
PP-MAE-v1 (mask-gated),BraTS2021_00099,25.723644,0.9489837288856506,0.25486588,0.9024943310657596,nan,nan
PP-MAE-v1 (mask-gated),BraTS2021_00099,26.292162,0.9551199674606323,0.2490023,0.87,nan,nan
PP-MAE-v1 (mask-gated),BraTS2021_00104,29.569399,0.9136737585067749,0.08649015,0.10919540229885058,0.0,0.0
PP-MAE-v1 (mask-gated),BraTS2021_00104,29.994642,0.9210880398750305,0.082130276,0.8396946564885496,0.5432525951557093,0.5666041275797373
PP-MAE-v1 (mask-gated),BraTS2021_00104,29.387358,0.9217219948768616,0.08645587,0.9257907542579076,0.9145129224652088,0.9136842105263158
PP-MAE-v1 (mask-gated),BraTS2021_00104,29.201662,0.9264413118362427,0.086576246,0.9238820171265462,0.8983666061705989,0.8991674375578168
PP-MAE-v1 (mask-gated),BraTS2021_00104,29.093052,0.9340685606002808,0.086224176,0.9491249491249492,0.9671592775041051,0.9625935162094763
PP-MAE-v1 (mask-gated),BraTS2021_00104,28.718756,0.9312633275985718,0.08943008,0.9354957611500184,0.9366715758468336,0.9493087557603687
PP-MAE-v1 (mask-gated),BraTS2021_00104,30.11081,0.9453708529472351,0.07583668,0.9307116104868914,0.940130409010077,0.9319899244332494
PP-MAE-v1 (mask-gated),BraTS2021_00104,29.93271,0.9470698833465576,0.07530899,0.9184307084391758,0.955407483341876,0.9421221864951769
PP-MAE-v1 (mask-gated),BraTS2021_00104,29.906048,0.9480187892913818,0.07700832,0.9264475743348983,0.953660797034291,0.9169499757163672
PP-MAE-v1 (mask-gated),BraTS2021_00104,29.242971,0.9406766891479492,0.083408624,0.9190499272903538,0.9607493309545049,0.8878552971576228
PP-MAE-v1 (mask-gated),BraTS2021_00104,29.454987,0.9436392784118652,0.08293665,0.9344894026974951,0.9575492341356674,0.8654467168998924
PP-MAE-v1 (mask-gated),BraTS2021_00104,29.770447,0.9507574439048767,0.07962666,0.9479713603818616,0.9629629629629629,0.8759291023441966
PP-MAE-v1 (mask-gated),BraTS2021_00104,28.583324,0.9427894949913025,0.08796914,0.9319444444444445,0.950366151342555,0.8508002065049045
PP-MAE-v1 (mask-gated),BraTS2021_00104,29.112738,0.9475582838058472,0.08287674,0.9532163742690059,0.9588607594936709,0.8858307849133538
PP-MAE-v1 (mask-gated),BraTS2021_00104,27.251297,0.9375373125076294,0.098470874,0.9466437177280551,0.9676190476190476,0.896519285042333
PP-MAE-v1 (mask-gated),BraTS2021_00104,27.942554,0.9409523606300354,0.09409207,0.9523610530714585,0.9503493931592497,0.8952042628774423
PP-MAE-v1 (mask-gated),BraTS2021_00104,28.446627,0.9471344351768494,0.08969712,0.9418462789751931,0.9522461973823841,0.8849189862899876
PP-MAE-v1 (mask-gated),BraTS2021_00104,28.25731,0.9405019283294678,0.09078977,0.9412935323383085,0.9523146536721198,0.8971126474176494
PP-MAE-v1 (mask-gated),BraTS2021_00104,27.246477,0.9412218332290649,0.10127507,0.9559951554299556,0.9517193469954845,0.8931419457735247
PP-MAE-v1 (mask-gated),BraTS2021_00104,27.758698,0.9481748342514038,0.09503371,0.9545913218970736,0.9536191145467322,0.8943154523618895
PP-MAE-v1 (mask-gated),BraTS2021_00104,29.101608,0.9497438073158264,0.08419688,0.9439551641313051,0.9523146536721198,0.8887103254319003
PP-MAE-v1 (mask-gated),BraTS2021_00104,28.96678,0.9466907382011414,0.08707299,0.9445350734094616,0.9475177304964539,0.8937217890849405
PP-MAE-v1 (mask-gated),BraTS2021_00104,28.695469,0.9456608891487122,0.08818507,0.9541208220884367,0.9381294964028777,0.8772077375946173
PP-MAE-v1 (mask-gated),BraTS2021_00104,28.488504,0.942007839679718,0.09349736,0.954564937848264,0.9169117647058823,0.8557522123893805
PP-MAE-v1 (mask-gated),BraTS2021_00104,27.74038,0.9357296824455261,0.105076335,0.9482758620689655,0.9312252964426877,0.8632395732298739
PP-MAE-v1 (mask-gated),BraTS2021_00104,27.54927,0.9387038350105286,0.10068799,0.935064935064935,0.9232623543591804,0.8459302325581395
PP-MAE-v1 (mask-gated),BraTS2021_00104,27.919834,0.9415265917778015,0.09867029,0.9201247301511154,0.9456179775280898,0.8944357774310973
PP-MAE-v1 (mask-gated),BraTS2021_00104,28.016966,0.9423530101776123,0.10031079,0.937435367114788,0.9249329758713136,0.8686964795432921
PP-MAE-v1 (mask-gated),BraTS2021_00104,27.432129,0.9411749839782715,0.10617835,0.9261923794297895,0.9276681841173495,0.908008658008658
PP-MAE-v1 (mask-gated),BraTS2021_00104,27.036562,0.940444827079773,0.111206785,0.9397868049553443,0.91711389385808,0.8813131313131313
PP-MAE-v1 (mask-gated),BraTS2021_00104,25.94514,0.933586061000824,0.12688965,0.9504462911665128,0.9274486094316807,0.8646112600536193
PP-MAE-v1 (mask-gated),BraTS2021_00104,26.368992,0.9408732056617737,0.12046689,0.9180327868852459,0.9249492900608519,0.8824833702882483
PP-MAE-v1 (mask-gated),BraTS2021_00104,26.182133,0.9458900094032288,0.123179205,0.9491744901262544,0.9312406576980568,0.9098039215686274
PP-MAE-v1 (mask-gated),BraTS2021_00104,26.36296,0.9446295499801636,0.12681656,0.944793388429752,0.9271317829457364,0.8887083671811535
PP-MAE-v1 (mask-gated),BraTS2021_00104,26.099642,0.9484785795211792,0.12994002,0.9331976941336046,0.8898094449047225,0.8430335097001763
PP-MAE-v1 (mask-gated),BraTS2021_00104,25.69823,0.9463210105895996,0.14237617,0.9492158327109783,0.8925081433224755,0.7761966364812419
PP-MAE-v1 (mask-gated),BraTS2021_00104,25.016272,0.9457653164863586,0.15675892,0.9671132764920828,0.7982062780269058,0.7642276422764228
PP-MAE-v1 (mask-gated),BraTS2021_00104,25.079458,0.9485030174255371,0.16066658,0.9640718562874252,0.8906666666666667,0.7581699346405228
PP-MAE-v1 (mask-gated),BraTS2021_00104,25.208101,0.9553684592247009,0.15964815,0.9462647444298821,0.8253968253968254,0.8866995073891626
PP-MAE-v1 (mask-gated),BraTS2021_00104,25.55809,0.9590451121330261,0.16097608,0.9503135552339604,0.7692307692307693,0.8390804597701149
PP-MAE-v1 (mask-gated),BraTS2021_00104,24.951035,0.9579035043716431,0.17319097,0.9311950336264874,0.6268656716417911,0.75
PP-MAE-v1 (mask-gated),BraTS2021_00104,25.825115,0.9669095873832703,0.16545196,0.9138998311761396,0.0,0.0
PP-MAE-v1 (mask-gated),BraTS2021_00104,24.766064,0.9588218331336975,0.19247453,0.9411042944785276,0.0,0.0
PP-MAE-v1 (mask-gated),BraTS2021_00104,24.889172,0.959258496761322,0.20083962,0.9629629629629629,nan,nan
PP-MAE-v1 (mask-gated),BraTS2021_00104,24.709583,0.953632652759552,0.22316267,0.9535211267605633,nan,nan
PP-MAE-v1 (mask-gated),BraTS2021_00104,25.148624,0.9549126029014587,0.2268015,0.9422294548413345,nan,nan
PP-MAE-v1 (mask-gated),BraTS2021_00104,25.454987,0.9453230500221252,0.2514259,0.9348044132397192,nan,nan
PP-MAE-v1 (mask-gated),BraTS2021_00104,25.488985,0.9304819703102112,0.27914518,0.9105691056910569,nan,nan
PP-MAE-v1 (mask-gated),BraTS2021_00104,26.898241,0.9476469159126282,0.27525815,0.8318181818181818,nan,nan
PP-MAE-v1 (mask-gated),BraTS2021_00106,25.057854,0.9154002666473389,0.15697041,0.6758620689655173,nan,nan
PP-MAE-v1 (mask-gated),BraTS2021_00106,25.439796,0.9222064018249512,0.14304404,0.3733826247689464,nan,nan
PP-MAE-v1 (mask-gated),BraTS2021_00106,25.802982,0.9255520701408386,0.13557012,0.5296950240770465,nan,nan
PP-MAE-v1 (mask-gated),BraTS2021_00106,25.881613,0.9138941168785095,0.13383685,0.5130183220829315,nan,nan
PP-MAE-v1 (mask-gated),BraTS2021_00106,26.094273,0.9128239154815674,0.12837212,0.6751968503937008,nan,nan
PP-MAE-v1 (mask-gated),BraTS2021_00106,26.390636,0.9018823504447937,0.12373255,0.49649532710280375,nan,nan
PP-MAE-v1 (mask-gated),BraTS2021_00106,26.09552,0.8871018290519714,0.122163065,0.5404858299595142,nan,nan
PP-MAE-v1 (mask-gated),BraTS2021_00106,26.81471,0.892912745475769,0.116351075,0.5927762039660056,0.0,0.0
PP-MAE-v1 (mask-gated),BraTS2021_00106,27.429317,0.8993669748306274,0.107434295,0.731951393852752,0.0872093023255814,0.09646302250803858
PP-MAE-v1 (mask-gated),BraTS2021_00106,27.557533,0.9032750129699707,0.10420944,0.7877604166666666,0.0,0.0
PP-MAE-v1 (mask-gated),BraTS2021_00106,26.261936,0.8928906917572021,0.11428949,0.7908784659238145,0.4132231404958678,0.4552058111380145
PP-MAE-v1 (mask-gated),BraTS2021_00106,27.233269,0.9136639833450317,0.10235502,0.8779268015458058,0.5489749430523918,0.5729166666666666
PP-MAE-v1 (mask-gated),BraTS2021_00106,27.890839,0.9322448372840881,0.097843535,0.8518057285180572,0.0,0.0
PP-MAE-v1 (mask-gated),BraTS2021_00106,26.890526,0.9202046990394592,0.106155515,0.8773089636398989,0.5776997366110623,0.6053719008264463
PP-MAE-v1 (mask-gated),BraTS2021_00106,27.479362,0.9372367262840271,0.09652665,0.8192444519735728,0.6939090208172706,0.6301369863013698
PP-MAE-v1 (mask-gated),BraTS2021_00106,26.804132,0.9354991316795349,0.10333049,0.7723551637279596,0.5512934879571811,0.4077201447527141
PP-MAE-v1 (mask-gated),BraTS2021_00106,27.645714,0.9498072266578674,0.09401525,0.815725561627201,0.6614173228346457,0.6432953549517967
PP-MAE-v1 (mask-gated),BraTS2021_00106,25.796581,0.9254016280174255,0.11439468,0.8694985431682257,0.4273927392739274,0.4065372829417773
PP-MAE-v1 (mask-gated),BraTS2021_00106,26.559885,0.9399880766868591,0.10548054,0.8561662564943943,0.5866228070175439,0.6237942122186495
PP-MAE-v1 (mask-gated),BraTS2021_00106,26.814732,0.9456172585487366,0.10060312,0.8512312769738513,0.287598944591029,0.27892234548335976
PP-MAE-v1 (mask-gated),BraTS2021_00106,26.869133,0.941143274307251,0.10097596,0.8936797000535619,0.5176848874598071,0.4478003939592909
PP-MAE-v1 (mask-gated),BraTS2021_00106,27.60396,0.9494860768318176,0.093538806,0.9197918056853063,0.5271925526702597,0.3965623081645181
PP-MAE-v1 (mask-gated),BraTS2021_00106,26.918344,0.9425913095474243,0.09845313,0.8839470166484384,0.7508854781582054,0.5154639175257731
PP-MAE-v1 (mask-gated),BraTS2021_00106,25.810167,0.9324747323989868,0.110130005,0.8954545454545455,0.8944904573280519,0.7515808491418248
PP-MAE-v1 (mask-gated),BraTS2021_00106,27.349678,0.940150260925293,0.095771916,0.9180448364571848,0.7574434299325129,0.5457364341085271
PP-MAE-v1 (mask-gated),BraTS2021_00106,27.039633,0.9373878836631775,0.0975332,0.9241569800897687,0.9519872813990461,0.8472
PP-MAE-v1 (mask-gated),BraTS2021_00106,26.550072,0.9309777617454529,0.10535926,0.9463356973995272,0.9131299734748011,0.7218181818181818
PP-MAE-v1 (mask-gated),BraTS2021_00106,27.063728,0.9395670890808105,0.09607636,0.9178690344062154,0.9605346912794398,0.8291245791245792
PP-MAE-v1 (mask-gated),BraTS2021_00106,27.130945,0.941651463508606,0.09617108,0.9475620975160993,0.9624012638230648,0.8637282652648605
PP-MAE-v1 (mask-gated),BraTS2021_00106,25.988455,0.9370456337928772,0.108124904,0.9176941019660113,0.9384663931839697,0.8543771043771043
PP-MAE-v1 (mask-gated),BraTS2021_00106,26.399153,0.9327185153961182,0.10503483,0.919879986665185,0.9114166933162776,0.8350377945753669
PP-MAE-v1 (mask-gated),BraTS2021_00106,26.190788,0.934507429599762,0.106030874,0.9392978482446206,0.9311118231336111,0.858776946766388
PP-MAE-v1 (mask-gated),BraTS2021_00106,25.56852,0.9246388673782349,0.113252245,0.9468060922937032,0.9268136784915308,0.8594890510948905
PP-MAE-v1 (mask-gated),BraTS2021_00106,25.382748,0.9287309050559998,0.114132434,0.9388807895031961,0.8856874412777952,0.8313725490196079
PP-MAE-v1 (mask-gated),BraTS2021_00106,25.372036,0.9259811043739319,0.115250215,0.9543019943019942,0.8925039872408294,0.8375056895766955
PP-MAE-v1 (mask-gated),BraTS2021_00106,25.970451,0.9337853789329529,0.108057834,0.948848814789611,0.8635897435897436,0.7596741344195519
PP-MAE-v1 (mask-gated),BraTS2021_00106,25.61253,0.9246392846107483,0.11449982,0.9539719626168224,0.9060514877967235,0.8363806844819504
PP-MAE-v1 (mask-gated),BraTS2021_00106,25.114132,0.9260273575782776,0.11976518,0.9486063742208632,0.9039070749736009,0.8183206106870229
PP-MAE-v1 (mask-gated),BraTS2021_00106,25.877512,0.9291582703590393,0.11350214,0.9481931937785054,0.9385934819897084,0.8579881656804734
PP-MAE-v1 (mask-gated),BraTS2021_00106,25.10024,0.9259878396987915,0.11959287,0.9531821506949525,0.9278131634819533,0.8289260658391797
PP-MAE-v1 (mask-gated),BraTS2021_00106,25.29177,0.9222673177719116,0.121119685,0.9343666747396464,0.9389312977099237,0.8565400843881856
PP-MAE-v1 (mask-gated),BraTS2021_00106,25.575293,0.9214579463005066,0.11711626,0.9497568881685575,0.9574319609211445,0.8226652675760755
PP-MAE-v1 (mask-gated),BraTS2021_00106,24.789516,0.9178366661071777,0.12786454,0.9626545217957059,0.9019756838905775,0.7932080048514251
PP-MAE-v1 (mask-gated),BraTS2021_00106,26.162956,0.9308009743690491,0.111312784,0.9675299066649139,0.9461593682699211,0.7898465171192444
PP-MAE-v1 (mask-gated),BraTS2021_00106,25.091047,0.9235041737556458,0.12376003,0.9466327827191868,0.9365079365079365,0.8336380255941499
PP-MAE-v1 (mask-gated),BraTS2021_00106,25.072311,0.9260477423667908,0.1235929,0.9483699099327667,0.9705569350833629,0.8410976388002552
PP-MAE-v1 (mask-gated),BraTS2021_00106,25.89368,0.9319238662719727,0.11716662,0.9358990378608022,0.9338959212376934,0.8154340836012862
PP-MAE-v1 (mask-gated),BraTS2021_00106,26.37522,0.9434356093406677,0.11170998,0.9460252647696823,0.9540316503391107,0.8
PP-MAE-v1 (mask-gated),BraTS2021_00106,26.396946,0.9434043169021606,0.1103427,0.9349023535302955,0.9121073067419696,0.8187290969899665
PP-MAE-v1 (mask-gated),BraTS2021_00106,25.709467,0.9395928978919983,0.11822209,0.9033608272805613,0.9668721109399075,0.816
PP-MAE-v1 (mask-gated),BraTS2021_00106,25.950779,0.9408940076828003,0.11804899,0.9397303727200634,0.7689393939393939,0.7929433611884865
PP-MAE-v1 (mask-gated),BraTS2021_00106,25.582779,0.9413096308708191,0.12122967,0.9357749469214437,0.8497267759562842,0.7715231788079471
PP-MAE-v1 (mask-gated),BraTS2021_00106,26.107033,0.9410125017166138,0.11803651,0.9234770704996578,0.8095723014256619,0.7981900452488688
PP-MAE-v1 (mask-gated),BraTS2021_00106,25.965408,0.9405929446220398,0.1237367,0.8926360163351337,0.9149676777722526,0.813844714686623
PP-MAE-v1 (mask-gated),BraTS2021_00106,25.580252,0.936267077922821,0.1277399,0.9161825726141078,0.9492537313432836,0.7521079258010118
PP-MAE-v1 (mask-gated),BraTS2021_00106,25.776814,0.936037540435791,0.13036992,0.918942731277533,0.6339410939691444,0.6466165413533834
PP-MAE-v1 (mask-gated),BraTS2021_00106,25.47821,0.9412575364112854,0.13623518,0.9062776304155614,0.9399887829500841,0.6989351403678606
PP-MAE-v1 (mask-gated),BraTS2021_00106,25.343658,0.94223952293396,0.1381078,0.8926518564548703,0.8994845360824743,0.7101947308132875
PP-MAE-v1 (mask-gated),BraTS2021_00106,25.417946,0.9462747573852539,0.14484441,0.8869338546757901,0.7952380952380952,0.6675461741424802
PP-MAE-v1 (mask-gated),BraTS2021_00106,25.120037,0.9452580809593201,0.15178563,0.8694894580937446,0.5861344537815126,0.4789762340036563
PP-MAE-v1 (mask-gated),BraTS2021_00106,24.913174,0.9467843770980835,0.16062176,0.8425135764158262,0.41424802110817943,0.5011494252873563
PP-MAE-v1 (mask-gated),BraTS2021_00106,24.232655,0.9466515183448792,0.17347921,0.8418491484184915,0.7780612244897959,0.5904761904761905
PP-MAE-v1 (mask-gated),BraTS2021_00106,24.559757,0.9483149647712708,0.17630097,0.8335268168098444,0.13259668508287292,0.23232323232323232
PP-MAE-v1 (mask-gated),BraTS2021_00106,24.073915,0.9433754682540894,0.19626147,0.8614365766683647,0.5340909090909091,0.6521739130434783
PP-MAE-v1 (mask-gated),BraTS2021_00106,24.713505,0.9561454057693481,0.18522078,0.8316299085529855,0.0,0.0
PP-MAE-v1 (mask-gated),BraTS2021_00106,24.809008,0.9546061754226685,0.20673782,0.8352538150109,0.0,0.0
PP-MAE-v1 (mask-gated),BraTS2021_00106,24.890274,0.9542146325111389,0.21029113,0.7715179968701096,0.0,0.0
PP-MAE-v1 (mask-gated),BraTS2021_00106,24.734234,0.9521098732948303,0.22989674,0.6672985781990521,0.0,nan
PP-MAE-v1 (mask-gated),BraTS2021_00106,25.518883,0.9532127976417542,0.23384412,0.7135377711293942,nan,nan
PP-MAE-v1 (mask-gated),BraTS2021_00106,25.43727,0.9453983902931213,0.2648578,0.7909604519774012,nan,nan
PP-MAE-v1 (mask-gated),BraTS2021_00106,26.011543,0.9451107978820801,0.27385592,0.6172839506172839,nan,nan
PP-MAE-v1 (mask-gated),BraTS2021_00107,27.639196,0.906578540802002,0.11737089,0.0,0.0,0.0
PP-MAE-v1 (mask-gated),BraTS2021_00107,27.200468,0.90217524766922,0.12709618,0.19047619047619047,0.0,0.0
PP-MAE-v1 (mask-gated),BraTS2021_00107,28.368711,0.9053825736045837,0.10774619,0.1568627450980392,0.0,0.0
PP-MAE-v1 (mask-gated),BraTS2021_00107,27.92997,0.8909898996353149,0.11285182,0.7962962962962963,0.8938053097345132,0.8481675392670157
PP-MAE-v1 (mask-gated),BraTS2021_00107,28.68068,0.9075285792350769,0.10047903,0.7818696883852692,0.894927536231884,0.8957055214723927
PP-MAE-v1 (mask-gated),BraTS2021_00107,27.596409,0.9140368103981018,0.11760387,0.7714502657555049,0.9307568438003221,0.925531914893617
PP-MAE-v1 (mask-gated),BraTS2021_00107,28.644825,0.9156347513198853,0.099312015,0.8833819241982507,0.9088277858176556,0.9369951534733441
PP-MAE-v1 (mask-gated),BraTS2021_00107,28.216106,0.9218968749046326,0.10716406,0.9218054672600127,0.9359886201991465,0.946875
PP-MAE-v1 (mask-gated),BraTS2021_00107,28.014574,0.9261325597763062,0.10989523,0.9392935982339956,0.9080932784636488,0.9431137724550899
PP-MAE-v1 (mask-gated),BraTS2021_00107,28.797878,0.9309137463569641,0.09850084,0.9340446168768186,0.8293736501079914,0.9428950863213812
PP-MAE-v1 (mask-gated),BraTS2021_00107,29.089172,0.931031346321106,0.094006866,0.9631728045325779,0.9182530795072789,0.9245982694684796
PP-MAE-v1 (mask-gated),BraTS2021_00107,29.17673,0.9355780482292175,0.09315512,0.9645941278065631,0.8650580875781948,0.9368191721132898
PP-MAE-v1 (mask-gated),BraTS2021_00107,29.221554,0.932890772819519,0.09286421,0.9587378640776699,0.8802083333333334,0.9581589958158996
PP-MAE-v1 (mask-gated),BraTS2021_00107,28.710363,0.9341409802436829,0.09901127,0.9514563106796117,0.8717532467532467,0.9249743062692704
PP-MAE-v1 (mask-gated),BraTS2021_00107,28.831593,0.9370357990264893,0.09542479,0.9486193638587906,0.8398467432950192,0.9135538954108858
PP-MAE-v1 (mask-gated),BraTS2021_00107,28.85332,0.938021183013916,0.09253323,0.9780361757105943,0.8728943338437979,0.9328782707622298
PP-MAE-v1 (mask-gated),BraTS2021_00107,28.571445,0.94214928150177,0.096563146,0.98033093974399,0.9215070643642073,0.9348739495798319
PP-MAE-v1 (mask-gated),BraTS2021_00107,29.1973,0.9468546509742737,0.09022134,0.9827742520398912,0.7949901120632828,0.9375661375661376
PP-MAE-v1 (mask-gated),BraTS2021_00107,29.208002,0.9520263075828552,0.08772276,0.9844711397597422,0.7620237351655216,0.9286452947259566
PP-MAE-v1 (mask-gated),BraTS2021_00107,28.919369,0.9522600769996643,0.09271616,0.9823479966377137,0.8573426573426574,0.9248197734294542
PP-MAE-v1 (mask-gated),BraTS2021_00107,28.931353,0.9549378156661987,0.09192145,0.9845820935893969,0.8530872959545777,0.9224318658280922
PP-MAE-v1 (mask-gated),BraTS2021_00107,29.19682,0.9606429934501648,0.089079134,0.9834948912758711,0.7786069651741293,0.9305263157894736
PP-MAE-v1 (mask-gated),BraTS2021_00107,29.01244,0.9580764770507812,0.088097624,0.989402946497803,0.8819695872556119,0.9186295503211992
PP-MAE-v1 (mask-gated),BraTS2021_00107,28.784506,0.9601695537567139,0.09545428,0.9889374839207615,0.8067114093959732,0.9287991498405951
PP-MAE-v1 (mask-gated),BraTS2021_00107,29.50258,0.9625496864318848,0.08425131,0.9858942065491184,0.8294409058740269,0.9192422731804586
PP-MAE-v1 (mask-gated),BraTS2021_00107,29.054443,0.9597009420394897,0.090244986,0.9873481781376519,0.8563049853372434,0.9318394024276377
PP-MAE-v1 (mask-gated),BraTS2021_00107,29.619005,0.9649268984794617,0.08443961,0.9879638916750251,0.7001239157372986,0.9507299270072993
PP-MAE-v1 (mask-gated),BraTS2021_00107,30.244486,0.9666650891304016,0.077225976,0.9894736842105263,0.6982478909798832,0.9515096065873742
PP-MAE-v1 (mask-gated),BraTS2021_00107,29.942352,0.9650270938873291,0.07961214,0.9771485345255837,0.6785260482846251,0.9561830574488802
PP-MAE-v1 (mask-gated),BraTS2021_00107,30.031025,0.9633574485778809,0.07893448,0.9832290362953692,0.8032,0.9364754098360656
PP-MAE-v1 (mask-gated),BraTS2021_00107,30.164677,0.9590753316879272,0.07826663,0.9785214785214785,0.6401098901098901,0.933911159263272
PP-MAE-v1 (mask-gated),BraTS2021_00107,30.34197,0.9619967937469482,0.07747444,0.9784569138276553,0.8068181818181818,0.9502369668246445
PP-MAE-v1 (mask-gated),BraTS2021_00107,30.082895,0.9627485871315002,0.08118355,0.983206106870229,0.6785425101214575,0.9276073619631902
PP-MAE-v1 (mask-gated),BraTS2021_00107,30.382858,0.9595198035240173,0.07725757,0.9755600814663951,0.5841874084919473,0.9299191374663073
PP-MAE-v1 (mask-gated),BraTS2021_00107,30.333492,0.9612371921539307,0.07944496,0.9773445732349842,0.6673058485139022,0.7662082514734774
PP-MAE-v1 (mask-gated),BraTS2021_00107,30.655119,0.9592540860176086,0.07837556,0.9669056811913955,0.32340425531914896,0.7476038338658147
PP-MAE-v1 (mask-gated),BraTS2021_00107,30.42558,0.9636717438697815,0.07824343,0.972972972972973,0.16055846422338568,0.5825242718446602
PP-MAE-v1 (mask-gated),BraTS2021_00107,29.79393,0.953618586063385,0.08407681,0.9869590989922941,0.0,nan
PP-MAE-v1 (mask-gated),BraTS2021_00107,30.050499,0.960098147392273,0.08211816,0.9744793194485186,0.0,nan
PP-MAE-v1 (mask-gated),BraTS2021_00107,30.45274,0.9635623097419739,0.07993604,0.9835566382460414,0.0,nan
PP-MAE-v1 (mask-gated),BraTS2021_00107,29.115444,0.9544023871421814,0.09509765,0.9779297482126205,0.0,nan
PP-MAE-v1 (mask-gated),BraTS2021_00107,29.407045,0.9427695870399475,0.09188736,0.9678061732492532,0.0,0.0
PP-MAE-v1 (mask-gated),BraTS2021_00107,29.148949,0.950397789478302,0.093528606,0.9607775078097883,0.0,nan
PP-MAE-v1 (mask-gated),BraTS2021_00107,28.526134,0.9411828517913818,0.104460366,0.9593679458239278,nan,nan
PP-MAE-v1 (mask-gated),BraTS2021_00107,29.431665,0.9401289820671082,0.094006486,0.9517241379310345,nan,nan
PP-MAE-v1 (mask-gated),BraTS2021_00107,29.040203,0.9433638453483582,0.097393215,0.9486597001363016,nan,nan
PP-MAE-v1 (mask-gated),BraTS2021_00107,28.667854,0.9375853538513184,0.1035993,0.9196474857439088,nan,nan
PP-MAE-v1 (mask-gated),BraTS2021_00107,28.568602,0.9359519481658936,0.10528039,0.8669108669108669,nan,nan
PP-MAE-v1 (mask-gated),BraTS2021_00107,27.290054,0.9331471920013428,0.12652063,0.837413684871312,nan,nan
PP-MAE-v1 (mask-gated),BraTS2021_00107,27.679758,0.9248343706130981,0.12274653,0.7893738140417458,nan,nan
PP-MAE-v1 (mask-gated),BraTS2021_00107,27.58436,0.9381015300750732,0.122264646,0.803921568627451,nan,nan
PP-MAE-v1 (mask-gated),BraTS2021_00107,27.090004,0.9362559914588928,0.1326483,0.32407407407407407,nan,nan
PP-MAE-v1 (mask-gated),BraTS2021_00110,25.494764,0.941457986831665,0.11543526,0.391304347826087,nan,nan
PP-MAE-v1 (mask-gated),BraTS2021_00110,24.875772,0.939301609992981,0.123652406,0.42374051069703245,nan,nan
PP-MAE-v1 (mask-gated),BraTS2021_00110,25.867022,0.9500112533569336,0.11288611,0.6343612334801763,nan,nan
PP-MAE-v1 (mask-gated),BraTS2021_00110,25.584259,0.9497503638267517,0.115543224,0.5981416957026713,nan,nan
PP-MAE-v1 (mask-gated),BraTS2021_00110,25.540386,0.9494957327842712,0.11555738,0.6766917293233082,nan,nan
PP-MAE-v1 (mask-gated),BraTS2021_00110,25.08823,0.95567387342453,0.11904732,0.6533945890760592,nan,nan
PP-MAE-v1 (mask-gated),BraTS2021_00110,25.163227,0.9551411867141724,0.1179622,0.7133182844243793,nan,nan
PP-MAE-v1 (mask-gated),BraTS2021_00110,25.214388,0.9579877257347107,0.11656412,0.7435697583787997,nan,nan
PP-MAE-v1 (mask-gated),BraTS2021_00110,26.017807,0.9629557132720947,0.10833332,0.7589403973509934,nan,nan
PP-MAE-v1 (mask-gated),BraTS2021_00110,25.640182,0.9622396230697632,0.109740786,0.8255968169761273,nan,nan
PP-MAE-v1 (mask-gated),BraTS2021_00110,25.289457,0.9613480567932129,0.11147048,0.7677752293577982,nan,nan
PP-MAE-v1 (mask-gated),BraTS2021_00110,25.515621,0.9608309268951416,0.110327244,0.8250137136588042,nan,nan
PP-MAE-v1 (mask-gated),BraTS2021_00110,25.856493,0.9620720744132996,0.106122315,0.849308047155305,nan,nan
PP-MAE-v1 (mask-gated),BraTS2021_00110,25.272799,0.9580703377723694,0.11202862,0.8511774702597718,nan,nan
PP-MAE-v1 (mask-gated),BraTS2021_00110,25.827492,0.9587732553482056,0.106396824,0.8296095689460619,0.0,0.0
PP-MAE-v1 (mask-gated),BraTS2021_00110,26.21087,0.9563711285591125,0.101446755,0.7998364342670211,0.8051948051948052,0.8055555555555556
PP-MAE-v1 (mask-gated),BraTS2021_00110,25.35734,0.95122230052948,0.11126806,0.7930835734870317,0.8426395939086294,0.8290155440414507
PP-MAE-v1 (mask-gated),BraTS2021_00110,25.868547,0.9449266195297241,0.106643245,0.7967688635946393,0.9144981412639405,0.9104477611940298
PP-MAE-v1 (mask-gated),BraTS2021_00110,25.890196,0.9480368494987488,0.10507752,0.7632639355271995,0.928,0.9418282548476454
PP-MAE-v1 (mask-gated),BraTS2021_00110,25.131557,0.9495503306388855,0.11280933,0.7849427168576105,0.9383259911894273,0.9230769230769231
PP-MAE-v1 (mask-gated),BraTS2021_00110,25.746557,0.9538129568099976,0.10620365,0.8491109229466554,0.9317738791423001,0.927710843373494
PP-MAE-v1 (mask-gated),BraTS2021_00110,24.679434,0.9483716487884521,0.11767663,0.8410123296560675,0.945054945054945,0.9453860640301318
PP-MAE-v1 (mask-gated),BraTS2021_00110,23.290543,0.9383344054222107,0.13662179,0.8774428618747929,0.9527027027027027,0.9426086956521739
PP-MAE-v1 (mask-gated),BraTS2021_00110,24.257402,0.9462876915931702,0.12274041,0.8583745808717866,0.9430656934306569,0.9357249626307922
PP-MAE-v1 (mask-gated),BraTS2021_00110,24.536877,0.9485226273536682,0.1204877,0.8889617844841725,0.9453125,0.9326287978863936
PP-MAE-v1 (mask-gated),BraTS2021_00110,23.825512,0.9474722146987915,0.1284663,0.9064891846921797,0.9384800965018094,0.9343246592317225
PP-MAE-v1 (mask-gated),BraTS2021_00110,24.359066,0.9514952898025513,0.12443004,0.8928100263852242,0.9353778751369113,0.9447576099210823
PP-MAE-v1 (mask-gated),BraTS2021_00110,22.973413,0.9395796060562134,0.14341474,0.8713868139006171,0.9516957862281603,0.9576271186440678
PP-MAE-v1 (mask-gated),BraTS2021_00110,23.670872,0.9436199069023132,0.13460907,0.8364207221350078,0.9319066147859922,0.9464105156723963
PP-MAE-v1 (mask-gated),BraTS2021_00110,24.101307,0.9490721821784973,0.1289365,0.8404408241494968,0.9527340129749768,0.9553656220322887
PP-MAE-v1 (mask-gated),BraTS2021_00110,24.274097,0.9498406648635864,0.12842134,0.8640809443507589,0.9588080631025416,0.9569120287253142
PP-MAE-v1 (mask-gated),BraTS2021_00110,22.771915,0.9447851181030273,0.14987355,0.8827806348643377,0.9605488850771869,0.9660574412532638
PP-MAE-v1 (mask-gated),BraTS2021_00110,23.31606,0.9477619528770447,0.14362606,0.8618527145672819,0.9487179487179487,0.9540329575021682
PP-MAE-v1 (mask-gated),BraTS2021_00110,22.800673,0.9443380832672119,0.15363954,0.8708187026427647,0.9559322033898305,0.9545064377682403
PP-MAE-v1 (mask-gated),BraTS2021_00110,22.944925,0.9480833411216736,0.1515129,0.8576696165191741,0.9542048293089093,0.9604043807919124
PP-MAE-v1 (mask-gated),BraTS2021_00110,22.941092,0.9463578462600708,0.15359937,0.8619388909845341,0.9635157545605307,0.9672544080604534
PP-MAE-v1 (mask-gated),BraTS2021_00110,24.062485,0.953778862953186,0.1433045,0.8702018203403245,0.9686242960579243,0.967266775777414
PP-MAE-v1 (mask-gated),BraTS2021_00110,23.175299,0.9519822001457214,0.15304531,0.8482537133681253,0.9705648369132857,0.9678972712680578
PP-MAE-v1 (mask-gated),BraTS2021_00110,22.988407,0.9508132338523865,0.15940878,0.8502617801047121,0.9727201870615745,0.9650793650793651
PP-MAE-v1 (mask-gated),BraTS2021_00110,22.761898,0.9502612948417664,0.16428198,0.8442188879082083,0.9625,0.9554140127388535
PP-MAE-v1 (mask-gated),BraTS2021_00110,23.105442,0.9530454874038696,0.16494322,0.8243119266055046,0.9588607594936709,0.9591673338670936
PP-MAE-v1 (mask-gated),BraTS2021_00110,23.310287,0.9584105014801025,0.16137809,0.7910142954390742,0.9454841334418226,0.9493775933609958
PP-MAE-v1 (mask-gated),BraTS2021_00110,22.630054,0.9535412192344666,0.17977805,0.8503054989816701,0.9679595278246206,0.9698535745047373
PP-MAE-v1 (mask-gated),BraTS2021_00110,22.79379,0.9562571048736572,0.1774313,0.8311688311688312,0.968833481745325,0.973803071364047
PP-MAE-v1 (mask-gated),BraTS2021_00110,23.73741,0.9621308445930481,0.17281826,0.8315123634272571,0.9504373177842566,0.9573835480673935
PP-MAE-v1 (mask-gated),BraTS2021_00110,23.828587,0.9646020531654358,0.17161484,0.8027660853878533,0.9550321199143469,0.9564270152505446
PP-MAE-v1 (mask-gated),BraTS2021_00110,23.942797,0.9642002582550049,0.17837168,0.8135593220338984,0.9224904701397713,0.9298701298701298
PP-MAE-v1 (mask-gated),BraTS2021_00110,24.401012,0.9670314192771912,0.17493203,0.8201941747572815,0.9387144992526159,0.9420731707317073
PP-MAE-v1 (mask-gated),BraTS2021_00110,24.41745,0.965670108795166,0.18557703,0.7598442232799654,0.9004524886877828,0.9145496535796767
PP-MAE-v1 (mask-gated),BraTS2021_00110,24.584972,0.96353679895401,0.1947878,0.7755319148936171,0.8849557522123894,0.9009009009009009
PP-MAE-v1 (mask-gated),BraTS2021_00110,24.279236,0.9603660702705383,0.20950356,0.6649517684887459,0.5555555555555556,0.5797101449275363
PP-MAE-v1 (mask-gated),BraTS2021_00110,24.721994,0.9589319229125977,0.21900693,0.7170506912442396,0.5714285714285714,0.6153846153846154
PP-MAE-v1 (mask-gated),BraTS2021_00110,24.39959,0.9490980505943298,0.24924816,0.6862170087976539,0.0,0.0
PP-MAE-v1 (mask-gated),BraTS2021_00110,25.22994,0.9525666236877441,0.25266552,0.7216174183514774,nan,nan
PP-MAE-v1 (mask-gated),BraTS2021_00110,25.341463,0.9413139820098877,0.28423578,0.6690647482014388,nan,nan
PP-MAE-v1 (mask-gated),BraTS2021_00110,25.486658,0.9158062934875488,0.34062707,0.7923497267759563,nan,nan
PP-MAE-v1 (mask-gated),BraTS2021_00112,25.375198,0.9631228446960449,0.1674909,0.0,nan,nan
PP-MAE-v1 (mask-gated),BraTS2021_00112,25.278702,0.9653992056846619,0.16769919,0.0,nan,nan
PP-MAE-v1 (mask-gated),BraTS2021_00112,25.286293,0.9620087146759033,0.17351249,0.0,nan,nan
PP-MAE-v1 (mask-gated),BraTS2021_00112,26.282423,0.9727253913879395,0.15189525,0.0,nan,nan
PP-MAE-v1 (mask-gated),BraTS2021_00112,26.014847,0.9695732593536377,0.15685047,0.0,nan,nan
PP-MAE-v1 (mask-gated),BraTS2021_00112,26.514618,0.9723947048187256,0.14214113,0.0,nan,nan
PP-MAE-v1 (mask-gated),BraTS2021_00112,26.14087,0.9687225222587585,0.15247998,0.0,nan,nan
PP-MAE-v1 (mask-gated),BraTS2021_00112,26.003586,0.9714602828025818,0.15350077,0.0,nan,nan
PP-MAE-v1 (mask-gated),BraTS2021_00112,25.885994,0.9689033627510071,0.15331766,0.0,nan,nan
PP-MAE-v1 (mask-gated),BraTS2021_00112,25.84382,0.9720446467399597,0.14909859,0.0,nan,nan
PP-MAE-v1 (mask-gated),BraTS2021_00112,26.74361,0.9751089811325073,0.13463122,0.0,nan,nan
PP-MAE-v1 (mask-gated),BraTS2021_00112,27.042427,0.9742735624313354,0.13298652,0.0,nan,nan
PP-MAE-v1 (mask-gated),BraTS2021_00112,24.913914,0.9644044637680054,0.16877075,0.0,nan,nan
PP-MAE-v1 (mask-gated),BraTS2021_00112,24.515217,0.9634236693382263,0.17130487,0.006535947712418301,nan,nan
PP-MAE-v1 (mask-gated),BraTS2021_00112,24.995058,0.963481605052948,0.15799078,0.03389830508474576,nan,nan
PP-MAE-v1 (mask-gated),BraTS2021_00112,24.795427,0.9610888957977295,0.15978841,0.252,nan,nan
PP-MAE-v1 (mask-gated),BraTS2021_00112,24.72111,0.9562478065490723,0.15615049,0.23892100192678228,nan,nan
PP-MAE-v1 (mask-gated),BraTS2021_00112,24.704779,0.9515044093132019,0.15509738,0.21150278293135436,nan,nan
PP-MAE-v1 (mask-gated),BraTS2021_00112,25.980953,0.9534527659416199,0.13709249,0.32142857142857145,0.0,nan
PP-MAE-v1 (mask-gated),BraTS2021_00112,25.736706,0.962823212146759,0.13071933,0.2049586776859504,0.0,nan
PP-MAE-v1 (mask-gated),BraTS2021_00112,26.27078,0.9616214036941528,0.12613593,0.3983739837398374,0.0,nan
PP-MAE-v1 (mask-gated),BraTS2021_00112,25.770496,0.9612240195274353,0.13053945,0.4307692307692308,0.0,nan
PP-MAE-v1 (mask-gated),BraTS2021_00112,26.587332,0.9610461592674255,0.1197535,0.6291179596174282,0.0,nan
PP-MAE-v1 (mask-gated),BraTS2021_00112,26.235527,0.9662737250328064,0.12150404,0.40479041916167663,0.0,nan
PP-MAE-v1 (mask-gated),BraTS2021_00112,26.123226,0.9642753005027771,0.12763055,0.5729166666666666,0.0,nan
PP-MAE-v1 (mask-gated),BraTS2021_00112,25.370272,0.9618717432022095,0.1355636,0.5930470347648262,0.0,nan
PP-MAE-v1 (mask-gated),BraTS2021_00112,25.932133,0.9629052877426147,0.12688772,0.5626975763962065,nan,nan
PP-MAE-v1 (mask-gated),BraTS2021_00112,26.166658,0.9671590328216553,0.119952805,0.7284644194756554,nan,nan
PP-MAE-v1 (mask-gated),BraTS2021_00112,25.829695,0.9616891741752625,0.12519512,0.8106194690265487,nan,nan
PP-MAE-v1 (mask-gated),BraTS2021_00112,26.129051,0.9667091965675354,0.12122072,0.8003581020590869,nan,nan
PP-MAE-v1 (mask-gated),BraTS2021_00112,25.057219,0.9649754762649536,0.13528986,0.6993006993006993,nan,nan
PP-MAE-v1 (mask-gated),BraTS2021_00112,26.307295,0.9671891927719116,0.119266815,0.8354203935599285,nan,nan
PP-MAE-v1 (mask-gated),BraTS2021_00112,25.53955,0.9663861393928528,0.1337314,0.7928772258669166,nan,nan
PP-MAE-v1 (mask-gated),BraTS2021_00112,26.980053,0.9736915826797485,0.10849199,0.7570422535211268,nan,nan
PP-MAE-v1 (mask-gated),BraTS2021_00112,26.07688,0.9628946781158447,0.12687844,0.8117073170731708,nan,nan
PP-MAE-v1 (mask-gated),BraTS2021_00112,25.421932,0.9615831971168518,0.13363025,0.7558386411889597,nan,nan
PP-MAE-v1 (mask-gated),BraTS2021_00112,25.729122,0.9688333868980408,0.12900603,0.6674907292954264,nan,nan
PP-MAE-v1 (mask-gated),BraTS2021_00112,26.882267,0.9738839864730835,0.1109752,0.6246575342465753,nan,nan
PP-MAE-v1 (mask-gated),BraTS2021_00112,25.64226,0.9637912511825562,0.13189991,0.7469879518072289,nan,nan
PP-MAE-v1 (mask-gated),BraTS2021_00112,24.495022,0.9606596827507019,0.15113188,0.4742647058823529,nan,nan
PP-MAE-v1 (mask-gated),BraTS2021_00112,27.201962,0.976327121257782,0.106206454,0.503968253968254,nan,nan
PP-MAE-v1 (mask-gated),BraTS2021_00112,27.175282,0.9755000472068787,0.10646926,0.5129310344827587,nan,nan
PP-MAE-v1 (mask-gated),BraTS2021_00112,26.048866,0.9649039506912231,0.124088146,0.45410628019323673,nan,nan
PP-MAE-v1 (mask-gated),BraTS2021_00112,25.125559,0.9619545936584473,0.13828777,0.5,nan,nan
PP-MAE-v1 (mask-gated),BraTS2021_00112,26.932993,0.9762357473373413,0.10701358,0.12624584717607973,nan,nan
PP-MAE-v1 (mask-gated),BraTS2021_00112,26.673422,0.9711718559265137,0.115242235,0.6027397260273972,nan,nan
PP-MAE-v1 (mask-gated),BraTS2021_00112,25.674084,0.9675844311714172,0.12741496,0.27611940298507465,nan,nan
PP-MAE-v1 (mask-gated),BraTS2021_00112,26.81054,0.9700464010238647,0.115459844,0.0,nan,nan
PP-MAE-v1 (mask-gated),BraTS2021_00112,28.39716,0.979236900806427,0.094727844,0.11940298507462686,nan,nan
PP-MAE-v1 (mask-gated),BraTS2021_00112,28.241695,0.9815425276756287,0.09534279,0.0,nan,nan
PP-MAE-v1 (mask-gated),BraTS2021_00112,27.242067,0.9772789478302002,0.11109171,0.0,nan,nan
PP-MAE-v1 (mask-gated),BraTS2021_00112,27.91075,0.9799268841743469,0.09713363,0.0,nan,nan
PP-MAE-v1 (mask-gated),BraTS2021_00112,28.179073,0.9797937870025635,0.09911397,0.0,nan,nan
PP-MAE-v1 (mask-gated),BraTS2021_00112,27.549587,0.9785487055778503,0.10691966,0.0,nan,nan
PP-MAE-v1 (mask-gated),BraTS2021_00112,25.962978,0.970345139503479,0.12908562,0.0,nan,nan
PP-MAE-v1 (mask-gated),BraTS2021_00112,26.799297,0.9724327921867371,0.120970055,0.0,nan,nan
PP-MAE-v1 (mask-gated),BraTS2021_00112,27.268372,0.9768113493919373,0.11063797,0.0,nan,nan
PP-MAE-v1 (mask-gated),BraTS2021_00128,26.682356,0.9748397469520569,0.13269478,0.2594033722438392,nan,nan
PP-MAE-v1 (mask-gated),BraTS2021_00128,26.392145,0.973653256893158,0.13647975,0.43287037037037035,nan,nan
PP-MAE-v1 (mask-gated),BraTS2021_00128,27.073372,0.9756364226341248,0.12914288,0.5902578796561605,nan,nan
PP-MAE-v1 (mask-gated),BraTS2021_00128,26.443935,0.973307192325592,0.13525882,0.6199261992619927,nan,nan
PP-MAE-v1 (mask-gated),BraTS2021_00128,26.36958,0.9728072285652161,0.13669434,0.7321063394683026,nan,nan
PP-MAE-v1 (mask-gated),BraTS2021_00128,25.65635,0.9688416123390198,0.14475664,0.808120497707924,nan,nan
PP-MAE-v1 (mask-gated),BraTS2021_00128,26.02235,0.9718747138977051,0.13731515,0.7708108108108108,0.0,0.0
PP-MAE-v1 (mask-gated),BraTS2021_00128,25.258797,0.9684684872627258,0.14462942,0.8503366131538063,nan,nan
PP-MAE-v1 (mask-gated),BraTS2021_00128,26.295488,0.9714595675468445,0.13665879,0.870873786407767,0.0,0.0
PP-MAE-v1 (mask-gated),BraTS2021_00128,25.601501,0.9689602851867676,0.14223135,0.8926713947990543,nan,nan
PP-MAE-v1 (mask-gated),BraTS2021_00128,25.435947,0.9677600264549255,0.14522491,0.8770528184642699,nan,nan
PP-MAE-v1 (mask-gated),BraTS2021_00128,25.81004,0.9684907793998718,0.13848662,0.8886158886158886,nan,nan
PP-MAE-v1 (mask-gated),BraTS2021_00128,25.716095,0.9682077169418335,0.13975424,0.9022435897435898,nan,nan
PP-MAE-v1 (mask-gated),BraTS2021_00128,25.380463,0.966372549533844,0.13980548,0.9301765650080257,0.0,0.0
PP-MAE-v1 (mask-gated),BraTS2021_00128,24.436543,0.9593398571014404,0.15550275,0.9413641802951735,0.0,0.0
PP-MAE-v1 (mask-gated),BraTS2021_00128,25.178204,0.9626874923706055,0.14315875,0.9117309896828429,0.509090909090909,0.5436893203883495
PP-MAE-v1 (mask-gated),BraTS2021_00128,24.890835,0.9594781398773193,0.1462362,0.9295665634674922,0.3425414364640884,0.389937106918239
PP-MAE-v1 (mask-gated),BraTS2021_00128,24.744722,0.9554381370544434,0.14965676,0.9541864139020537,0.569620253164557,0.6111111111111112
PP-MAE-v1 (mask-gated),BraTS2021_00128,24.064041,0.950477123260498,0.15676124,0.9160707564922845,0.6837606837606838,0.6743119266055045
PP-MAE-v1 (mask-gated),BraTS2021_00128,23.95681,0.946289598941803,0.15830478,0.9541925465838509,0.672566371681416,0.6741573033707865
PP-MAE-v1 (mask-gated),BraTS2021_00128,25.080673,0.9510313868522644,0.14097363,0.9102941176470588,0.5379537953795379,0.5433333333333333
PP-MAE-v1 (mask-gated),BraTS2021_00128,24.148455,0.944981038570404,0.15005495,0.932009167303285,0.529500756429652,0.5319148936170213
PP-MAE-v1 (mask-gated),BraTS2021_00128,24.975138,0.9450799226760864,0.14053637,0.9289827255278311,0.8263337116912599,0.832183908045977
PP-MAE-v1 (mask-gated),BraTS2021_00128,24.394663,0.9401574730873108,0.1474738,0.9165731387953611,0.9367816091954023,0.8553459119496856
PP-MAE-v1 (mask-gated),BraTS2021_00128,25.42484,0.9465152621269226,0.13496181,0.9047446577327055,0.9199632014719411,0.8582600195503421
PP-MAE-v1 (mask-gated),BraTS2021_00128,24.76677,0.9351472854614258,0.14189886,0.8831615120274914,0.9120974760661444,0.7593152064451159
PP-MAE-v1 (mask-gated),BraTS2021_00128,25.572538,0.9431347846984863,0.12970063,0.9366548042704627,0.9532567049808429,0.9002601908065915
PP-MAE-v1 (mask-gated),BraTS2021_00128,24.78193,0.9333610534667969,0.13635682,0.9198949441891004,0.9085714285714286,0.8763250883392226
PP-MAE-v1 (mask-gated),BraTS2021_00128,25.256935,0.9362848401069641,0.13129616,0.900523560209424,0.9114266396213658,0.8704487722269263
PP-MAE-v1 (mask-gated),BraTS2021_00128,24.376225,0.9302845597267151,0.1427456,0.9058269570335491,0.895364238410596,0.8571428571428571
PP-MAE-v1 (mask-gated),BraTS2021_00128,25.564888,0.9341402649879456,0.12853397,0.904480135249366,0.9342517219787101,0.8997594226142742
PP-MAE-v1 (mask-gated),BraTS2021_00128,25.890133,0.9333391189575195,0.12167639,0.9048140043763676,0.9580130100532229,0.9322289156626506
PP-MAE-v1 (mask-gated),BraTS2021_00128,25.375242,0.9283014535903931,0.12754604,0.8790468790468791,0.9619377162629758,0.9274725274725275
PP-MAE-v1 (mask-gated),BraTS2021_00128,24.600014,0.9273850321769714,0.13682659,0.934141201264489,0.9576031656302996,0.9231894659839064
PP-MAE-v1 (mask-gated),BraTS2021_00128,24.185324,0.9235910773277283,0.14041145,0.9513400988810825,0.9679173463839043,0.9350282485875706
PP-MAE-v1 (mask-gated),BraTS2021_00128,24.66007,0.9321032166481018,0.13415211,0.9415650406504065,0.9799154334038055,0.9329647546648238
PP-MAE-v1 (mask-gated),BraTS2021_00128,24.27541,0.9312737584114075,0.13954125,0.9357339334833709,0.9781798829164449,0.9432672590567327
PP-MAE-v1 (mask-gated),BraTS2021_00128,24.5573,0.9323855042457581,0.13298449,0.9503294475418145,0.9873817034700315,0.9376285126799178
PP-MAE-v1 (mask-gated),BraTS2021_00128,24.666286,0.9328483939170837,0.13533387,0.9318181818181818,0.9645002730748226,0.8508124076809453
PP-MAE-v1 (mask-gated),BraTS2021_00128,24.907986,0.9333094358444214,0.1304022,0.939514129895885,0.9593314763231198,0.8469241773962805
PP-MAE-v1 (mask-gated),BraTS2021_00128,25.059158,0.933375895023346,0.12888952,0.9522852837769965,0.9510086455331412,0.8420300214438885
PP-MAE-v1 (mask-gated),BraTS2021_00128,24.541075,0.9372957944869995,0.13577375,0.9518770471151423,0.984033116499113,0.8537490720118782
PP-MAE-v1 (mask-gated),BraTS2021_00128,25.656002,0.9395083785057068,0.12370685,0.9507948523845572,0.9795158286778398,0.9012435991221653
PP-MAE-v1 (mask-gated),BraTS2021_00128,26.213722,0.9401070475578308,0.11930476,0.9531806615776082,0.9873417721518988,0.9240596167494677
PP-MAE-v1 (mask-gated),BraTS2021_00128,26.028948,0.9359432458877563,0.12018463,0.959731543624161,0.9877022653721683,0.9563994374120957
PP-MAE-v1 (mask-gated),BraTS2021_00128,26.44328,0.9399868249893188,0.11582913,0.9290617848970252,0.9698630136986301,0.922272047832586
PP-MAE-v1 (mask-gated),BraTS2021_00128,25.419386,0.939181923866272,0.12762891,0.9425347677774862,0.9736279401282965,0.8987138263665595
PP-MAE-v1 (mask-gated),BraTS2021_00128,26.80536,0.940751850605011,0.11296975,0.9435180204410973,0.9687261632341724,0.8999144568006844
PP-MAE-v1 (mask-gated),BraTS2021_00128,26.412724,0.9448280334472656,0.11553933,0.8923482849604222,0.9578163771712159,0.8687615526802218
PP-MAE-v1 (mask-gated),BraTS2021_00128,26.227598,0.9325106739997864,0.11986178,0.9254159495123351,0.945264986967854,0.8727272727272727
PP-MAE-v1 (mask-gated),BraTS2021_00128,27.169632,0.9458283185958862,0.1100812,0.8809248554913295,0.9308943089430894,0.8520578420467185
PP-MAE-v1 (mask-gated),BraTS2021_00128,26.447227,0.9432189464569092,0.11722854,0.8748858447488584,0.9049180327868852,0.8433451118963486
PP-MAE-v1 (mask-gated),BraTS2021_00128,27.142601,0.9468144774436951,0.11275425,0.8797634691195795,0.8494318181818182,0.8148148148148148
PP-MAE-v1 (mask-gated),BraTS2021_00128,26.644173,0.9481757283210754,0.11665146,0.8342705921270261,0.8641975308641975,0.8969072164948454
PP-MAE-v1 (mask-gated),BraTS2021_00128,26.973263,0.9494915008544922,0.11307078,0.8268275372604684,0.8805031446540881,0.8009259259259259
PP-MAE-v1 (mask-gated),BraTS2021_00128,26.70932,0.9531825184822083,0.1188215,0.7555074033947273,0.6332288401253918,0.6412698412698413
PP-MAE-v1 (mask-gated),BraTS2021_00128,26.324734,0.9468570947647095,0.1235819,0.7311827956989247,0.625,0.6363636363636364
PP-MAE-v1 (mask-gated),BraTS2021_00128,26.91247,0.9476105570793152,0.119757794,0.6833333333333333,0.0,0.0
PP-MAE-v1 (mask-gated),BraTS2021_00128,27.004786,0.955801248550415,0.11902354,0.5805751492132393,0.0,0.0
PP-MAE-v1 (mask-gated),BraTS2021_00128,27.061098,0.9551628232002258,0.12121775,0.6782884310618067,nan,nan
PP-MAE-v1 (mask-gated),BraTS2021_00128,26.488085,0.9496408104896545,0.1304592,0.575955265610438,nan,nan
PP-MAE-v1 (mask-gated),BraTS2021_00128,26.688757,0.957858681678772,0.12888704,0.43204868154158216,nan,nan
PP-MAE-v1 (mask-gated),BraTS2021_00128,26.668386,0.9577524662017822,0.13241579,0.5812619502868069,nan,nan
PP-MAE-v1 (mask-gated),BraTS2021_00130,25.367775,0.9476578831672668,0.20816661,0.7946666666666666,nan,nan
PP-MAE-v1 (mask-gated),BraTS2021_00130,26.256353,0.9524191617965698,0.18880282,0.8167770419426048,nan,nan
PP-MAE-v1 (mask-gated),BraTS2021_00130,26.281717,0.9543749094009399,0.18662499,0.8446069469835467,nan,nan
PP-MAE-v1 (mask-gated),BraTS2021_00130,26.413315,0.95550936460495,0.17992233,0.8187134502923976,0.0,0.0
PP-MAE-v1 (mask-gated),BraTS2021_00130,26.121044,0.9551260471343994,0.18809111,0.8555678059536935,0.0,0.0
PP-MAE-v1 (mask-gated),BraTS2021_00130,25.47432,0.9451717138290405,0.19891545,0.8846153846153846,0.6,0.5641025641025641
PP-MAE-v1 (mask-gated),BraTS2021_00130,24.89667,0.9377809166908264,0.21170466,0.866225165562914,0.38666666666666666,0.47058823529411764
PP-MAE-v1 (mask-gated),BraTS2021_00130,24.265764,0.927049458026886,0.22209929,0.9339305711086227,0.8683127572016461,0.8257372654155496
PP-MAE-v1 (mask-gated),BraTS2021_00130,25.024254,0.9321688413619995,0.19792147,0.9448568398727466,0.6504065040650406,0.7083333333333334
PP-MAE-v1 (mask-gated),BraTS2021_00130,24.861643,0.9288285970687866,0.19356638,0.9361287176986836,0.8803418803418803,0.7840531561461794
PP-MAE-v1 (mask-gated),BraTS2021_00130,24.683048,0.9265404343605042,0.2000927,0.948076923076923,0.7280575539568346,0.7242798353909465
PP-MAE-v1 (mask-gated),BraTS2021_00130,25.1989,0.9316754341125488,0.18279824,0.969187675070028,0.9433106575963719,0.7071428571428572
PP-MAE-v1 (mask-gated),BraTS2021_00130,25.63216,0.9298743605613708,0.16793591,0.9466316710411199,0.9459459459459459,0.6666666666666666
PP-MAE-v1 (mask-gated),BraTS2021_00130,25.152939,0.9310119152069092,0.17520745,0.9182911654914973,0.9013035381750466,0.7183462532299741
PP-MAE-v1 (mask-gated),BraTS2021_00130,25.22805,0.9220113754272461,0.1757388,0.9726651480637813,0.9501557632398754,0.7153024911032029
PP-MAE-v1 (mask-gated),BraTS2021_00130,25.113178,0.9205077886581421,0.17380436,0.9668318719024018,0.943042537851478,0.7887700534759359
PP-MAE-v1 (mask-gated),BraTS2021_00130,25.00695,0.9117929339408875,0.17814839,0.9767619047619047,0.9351535836177475,0.7471698113207547
PP-MAE-v1 (mask-gated),BraTS2021_00130,25.657595,0.9079878926277161,0.16531472,0.968691059977367,0.9408637873754153,0.7280575539568346
PP-MAE-v1 (mask-gated),BraTS2021_00130,24.618769,0.9021676778793335,0.17822711,0.9659863945578231,0.9361147327249022,0.7142857142857143
PP-MAE-v1 (mask-gated),BraTS2021_00130,25.900673,0.9092175364494324,0.15496224,0.9665211062590975,0.9611586570111915,0.7100977198697068
PP-MAE-v1 (mask-gated),BraTS2021_00130,25.905815,0.915829062461853,0.15495975,0.9582743988684582,0.9579081632653061,0.7267080745341615
PP-MAE-v1 (mask-gated),BraTS2021_00130,26.675213,0.9197843670845032,0.14593007,0.9559877175025588,0.9505703422053232,0.7366818873668188
PP-MAE-v1 (mask-gated),BraTS2021_00130,25.706936,0.919809103012085,0.16295885,0.9520938023450586,0.8032305433186491,0.7065026362038664
PP-MAE-v1 (mask-gated),BraTS2021_00130,26.448391,0.9242010116577148,0.14473495,0.9556291390728476,0.9630526953361599,0.779291553133515
PP-MAE-v1 (mask-gated),BraTS2021_00130,25.47646,0.9247366189956665,0.1635382,0.9558028616852147,0.9045045045045045,0.7666151468315301
PP-MAE-v1 (mask-gated),BraTS2021_00130,25.482376,0.9345538020133972,0.16090384,0.9572388515577276,0.9546237794371051,0.7686567164179104
PP-MAE-v1 (mask-gated),BraTS2021_00130,25.46996,0.919655978679657,0.16116945,0.9374805598755832,0.9047619047619048,0.7381275440976933
PP-MAE-v1 (mask-gated),BraTS2021_00130,25.350506,0.9357297420501709,0.16052139,0.9624885635864593,0.9593589009730967,0.7169811320754716
PP-MAE-v1 (mask-gated),BraTS2021_00130,25.016119,0.9341212511062622,0.16982974,0.9413218035824583,0.9260115606936417,0.7115628970775095
PP-MAE-v1 (mask-gated),BraTS2021_00130,25.957968,0.9364088773727417,0.1593436,0.9564660691421255,0.9552407932011332,0.708507670850767
PP-MAE-v1 (mask-gated),BraTS2021_00130,25.855545,0.9354767799377441,0.15535499,0.9643430774172823,0.9527603870233352,0.710997442455243
PP-MAE-v1 (mask-gated),BraTS2021_00130,26.021938,0.9397422075271606,0.15446322,0.959819993571199,0.953421506612996,0.7548076923076923
PP-MAE-v1 (mask-gated),BraTS2021_00130,26.121273,0.9376145601272583,0.15529703,0.9695780176643768,0.9708383961117861,0.7935779816513762
PP-MAE-v1 (mask-gated),BraTS2021_00130,25.355247,0.9386536478996277,0.16493486,0.9711880867594691,0.963055729492799,0.790547798066595
PP-MAE-v1 (mask-gated),BraTS2021_00130,25.606901,0.9395574927330017,0.16494726,0.9736413927757891,0.9728331177231565,0.86282722513089
PP-MAE-v1 (mask-gated),BraTS2021_00130,25.15527,0.9403373003005981,0.17418341,0.9707717569786535,0.9614604462474645,0.8827586206896552
PP-MAE-v1 (mask-gated),BraTS2021_00130,24.823742,0.9341918230056763,0.17672893,0.9749267339628785,0.9440993788819876,0.8681010289990645
PP-MAE-v1 (mask-gated),BraTS2021_00130,25.22083,0.9377641081809998,0.17203099,0.9585194639438417,0.969786293294031,0.9036027263875365
PP-MAE-v1 (mask-gated),BraTS2021_00130,25.9067,0.9437630772590637,0.16308862,0.9727242852448242,0.9680436477007015,0.887115165336374
PP-MAE-v1 (mask-gated),BraTS2021_00130,25.84161,0.946165919303894,0.1606889,0.972268626795857,0.9762878168438267,0.8962765957446809
PP-MAE-v1 (mask-gated),BraTS2021_00130,25.938023,0.9441744685173035,0.16168015,0.969553450608931,0.9576271186440678,0.8662790697674418
PP-MAE-v1 (mask-gated),BraTS2021_00130,25.883602,0.9426133632659912,0.16131915,0.9649540660088466,0.9661590524534687,0.8773006134969326
PP-MAE-v1 (mask-gated),BraTS2021_00130,25.217764,0.9428410530090332,0.17174767,0.9605829744948658,0.9688644688644689,0.875219683655536
PP-MAE-v1 (mask-gated),BraTS2021_00130,25.918562,0.951522171497345,0.1556395,0.9700096742986134,0.9577735124760077,0.8522727272727273
PP-MAE-v1 (mask-gated),BraTS2021_00130,25.51748,0.9490345120429993,0.16510199,0.9658064516129032,0.9548133595284872,0.8555555555555555
PP-MAE-v1 (mask-gated),BraTS2021_00130,26.822525,0.959300696849823,0.14232153,0.975072839106507,0.9563365282215123,0.8479087452471483
PP-MAE-v1 (mask-gated),BraTS2021_00130,25.712654,0.9536238312721252,0.16716674,0.9697368421052631,0.9482948294829483,0.8759124087591241
PP-MAE-v1 (mask-gated),BraTS2021_00130,25.480755,0.9491105675697327,0.16912885,0.9643452182605798,0.9088699878493317,0.7985480943738656
PP-MAE-v1 (mask-gated),BraTS2021_00130,25.869654,0.9525781869888306,0.16750488,0.9626840123245464,0.891358024691358,0.8546712802768166
PP-MAE-v1 (mask-gated),BraTS2021_00130,24.9925,0.9527618885040283,0.18010542,0.9632995456134219,0.9128630705394191,0.8732394366197183
PP-MAE-v1 (mask-gated),BraTS2021_00130,26.90781,0.9544287323951721,0.14616752,0.974188790560472,0.9156193895870736,0.9007633587786259
PP-MAE-v1 (mask-gated),BraTS2021_00130,25.758974,0.9495104551315308,0.17272444,0.9775280898876404,0.9458917835671342,0.9381663113006397
PP-MAE-v1 (mask-gated),BraTS2021_00130,26.17987,0.9494321942329407,0.16119803,0.9646790733004178,0.7822222222222223,0.7297297297297297
PP-MAE-v1 (mask-gated),BraTS2021_00130,26.105751,0.9303455948829651,0.17099853,0.9706000805477245,0.3,0.6461538461538462
PP-MAE-v1 (mask-gated),BraTS2021_00130,26.541737,0.9479010701179504,0.15686218,0.9751602564102564,0.0,0.0
PP-MAE-v1 (mask-gated),BraTS2021_00130,26.282713,0.9429575800895691,0.1664028,0.9680032401782098,0.0,0.0
PP-MAE-v1 (mask-gated),BraTS2021_00130,25.586517,0.9433990716934204,0.18254471,0.9641985353946297,0.0,0.0
PP-MAE-v1 (mask-gated),BraTS2021_00130,25.99964,0.9361647963523865,0.17552201,0.9833129833129833,nan,nan
PP-MAE-v1 (mask-gated),BraTS2021_00130,27.017565,0.9288182854652405,0.1573103,0.9815687955422203,nan,nan
PP-MAE-v1 (mask-gated),BraTS2021_00130,26.711838,0.9328338503837585,0.1643683,0.9817371937639198,0.0,0.0
PP-MAE-v1 (mask-gated),BraTS2021_00130,26.18787,0.9318095445632935,0.16866095,0.9838709677419355,nan,nan
PP-MAE-v1 (mask-gated),BraTS2021_00130,27.36599,0.9284740686416626,0.15553063,0.9773895169578622,0.0,0.0
PP-MAE-v1 (mask-gated),BraTS2021_00130,25.864565,0.9197258353233337,0.1845799,0.9742747673782156,0.0,0.0
PP-MAE-v1 (mask-gated),BraTS2021_00130,26.485382,0.9260327219963074,0.16863883,0.9872685185185185,0.0,nan
PP-MAE-v1 (mask-gated),BraTS2021_00130,27.832851,0.9272692799568176,0.15446731,0.9767726161369193,0.0,0.0
PP-MAE-v1 (mask-gated),BraTS2021_00130,27.626945,0.9133555889129639,0.15718482,0.9787234042553191,0.0,0.0
PP-MAE-v1 (mask-gated),BraTS2021_00130,25.71326,0.9096622467041016,0.19203947,0.9616677874915938,0.0,0.0
PP-MAE-v1 (mask-gated),BraTS2021_00130,28.12453,0.916263997554779,0.14535402,0.94351630867144,nan,nan
PP-MAE-v1 (mask-gated),BraTS2021_00130,26.681232,0.9053655862808228,0.18053602,0.9216921692169217,0.0,0.0
PP-MAE-v1 (mask-gated),BraTS2021_00130,25.977156,0.9086741209030151,0.19589774,0.8897149938042132,nan,nan
PP-MAE-v1 (mask-gated),BraTS2021_00130,27.193392,0.9097537398338318,0.17090207,0.71875,nan,nan
PP-MAE-v1 (mask-gated),BraTS2021_00130,24.581524,0.9004862308502197,0.23800409,0.8692449355432781,nan,nan
PP-MAE-v1 (mask-gated),BraTS2021_00130,26.469933,0.8915600180625916,0.19724676,0.008583690987124463,nan,nan
PP-MAE-v1 (mask-gated),BraTS2021_00130,26.32004,0.913159966468811,0.20370021,0.0,nan,nan
PP-MAE-v1 (mask-gated),BraTS2021_00130,25.781425,0.9062050580978394,0.2192589,0.0,nan,nan
SwinIR-lite (L1),BraTS2021_00002,32.70463,0.9812942743301392,0.15214951,0.0,nan,nan
SwinIR-lite (L1),BraTS2021_00002,32.449364,0.9823691844940186,0.14576913,0.0,nan,nan
SwinIR-lite (L1),BraTS2021_00002,32.43526,0.9819356203079224,0.14436677,0.0,nan,nan
SwinIR-lite (L1),BraTS2021_00002,32.387108,0.9815930128097534,0.14299662,0.0,nan,nan
SwinIR-lite (L1),BraTS2021_00002,31.967623,0.9804748296737671,0.14433606,0.032467532467532464,nan,nan
SwinIR-lite (L1),BraTS2021_00002,31.755074,0.9816012978553772,0.13721405,0.2857142857142857,nan,nan
SwinIR-lite (L1),BraTS2021_00002,31.424507,0.979069709777832,0.14291504,0.8466257668711656,nan,nan
SwinIR-lite (L1),BraTS2021_00002,31.163208,0.9794804453849792,0.1378633,0.8722826086956522,nan,nan
SwinIR-lite (L1),BraTS2021_00002,31.090218,0.9769241809844971,0.13991167,0.7608695652173914,nan,nan
SwinIR-lite (L1),BraTS2021_00002,31.388893,0.9780464768409729,0.13358228,0.7772020725388601,nan,nan
SwinIR-lite (L1),BraTS2021_00002,31.059143,0.9783827662467957,0.13000494,0.9332176929748482,nan,nan
SwinIR-lite (L1),BraTS2021_00002,31.249043,0.9777806997299194,0.12648955,0.852343059239611,nan,nan
SwinIR-lite (L1),BraTS2021_00002,31.123589,0.976753830909729,0.12473527,0.8808545603944125,nan,nan
SwinIR-lite (L1),BraTS2021_00002,30.783339,0.9744952917098999,0.1271769,0.9263657957244655,nan,nan
SwinIR-lite (L1),BraTS2021_00002,31.061947,0.975593090057373,0.12301713,0.8497246262785209,nan,nan
SwinIR-lite (L1),BraTS2021_00002,31.00025,0.9737594127655029,0.12450951,0.0,nan,nan
SwinIR-lite (L1),BraTS2021_00002,31.058619,0.9738385677337646,0.12309117,0.2663802363050483,nan,nan
SwinIR-lite (L1),BraTS2021_00002,30.685268,0.9722259640693665,0.12671873,0.007947019867549669,nan,nan
SwinIR-lite (L1),BraTS2021_00002,30.429678,0.9733952283859253,0.12425831,0.46403242147923,nan,nan
SwinIR-lite (L1),BraTS2021_00002,30.455513,0.9720560312271118,0.12586844,0.530938123752495,0.0,0.0
SwinIR-lite (L1),BraTS2021_00002,30.103924,0.9701166152954102,0.12688275,0.018134715025906734,nan,nan
SwinIR-lite (L1),BraTS2021_00002,30.171894,0.9672653079032898,0.12659639,0.1668145519077196,nan,nan
SwinIR-lite (L1),BraTS2021_00002,30.087831,0.9667060375213623,0.12159458,0.8130745658835546,0.0,0.0
SwinIR-lite (L1),BraTS2021_00002,30.503443,0.9672070741653442,0.11339949,0.7107806691449814,0.0,0.0
SwinIR-lite (L1),BraTS2021_00002,30.481281,0.9651765823364258,0.11365584,0.3565593464680442,0.0,0.0
SwinIR-lite (L1),BraTS2021_00002,30.422695,0.9619945287704468,0.11272856,0.30031659882406153,0.0,0.0
SwinIR-lite (L1),BraTS2021_00002,30.424212,0.9659645557403564,0.107832775,0.376657824933687,nan,nan
SwinIR-lite (L1),BraTS2021_00002,30.478725,0.9636642932891846,0.1063228,0.1007532956685499,nan,nan
SwinIR-lite (L1),BraTS2021_00002,30.781452,0.9645782709121704,0.10462899,0.36545381847261094,0.0,0.0
SwinIR-lite (L1),BraTS2021_00002,30.953884,0.9663092494010925,0.10043274,0.2583201267828843,0.0,0.0
SwinIR-lite (L1),BraTS2021_00002,30.913609,0.9672864079475403,0.09954836,0.20030816640986132,0.0,0.0
SwinIR-lite (L1),BraTS2021_00002,31.343164,0.9716326594352722,0.09464182,0.16609235010337697,0.0,0.0
SwinIR-lite (L1),BraTS2021_00002,31.358156,0.9740753769874573,0.09354801,0.26793048973143757,0.0,0.0
SwinIR-lite (L1),BraTS2021_00002,31.595095,0.9754517078399658,0.09071976,0.20609756097560974,0.0,0.0
SwinIR-lite (L1),BraTS2021_00002,31.143934,0.9735521674156189,0.094522536,0.5703564727954972,0.29327902240325865,0.30148619957537154
SwinIR-lite (L1),BraTS2021_00002,31.289585,0.9741642475128174,0.09284461,0.45961369622475856,0.21935483870967742,0.2354368932038835
SwinIR-lite (L1),BraTS2021_00002,31.230412,0.9757459759712219,0.091477305,0.3224431818181818,0.0,0.0
SwinIR-lite (L1),BraTS2021_00002,31.378204,0.9752243757247925,0.0899686,0.6412573673870334,0.21515151515151515,0.24355555555555555
SwinIR-lite (L1),BraTS2021_00002,31.267565,0.9765962362289429,0.09048921,0.5395127748068924,0.05710206995003569,0.06401384083044982
SwinIR-lite (L1),BraTS2021_00002,30.825289,0.9752978086471558,0.09245094,0.6962384669978708,0.46111111111111114,0.5316455696202531
SwinIR-lite (L1),BraTS2021_00002,31.18308,0.9769821166992188,0.09012232,0.6032151991231275,0.42374727668845313,0.4581560283687943
SwinIR-lite (L1),BraTS2021_00002,31.345446,0.977983832359314,0.089448504,0.5787401574803149,0.3104554201411161,0.41968430826369546
SwinIR-lite (L1),BraTS2021_00002,31.455736,0.9811810255050659,0.085528776,0.8124144226380648,0.3639683505782106,0.5438931297709924
SwinIR-lite (L1),BraTS2021_00002,31.495235,0.9802659153938293,0.08572549,0.7755291209640043,0.5281199785752544,0.657439446366782
SwinIR-lite (L1),BraTS2021_00002,31.35998,0.9807487726211548,0.08396546,0.7922561429635145,0.687015503875969,0.7294727744165946
SwinIR-lite (L1),BraTS2021_00002,31.567087,0.982856035232544,0.08182012,0.8193529059316956,0.4538595473012188,0.6432865731462926
SwinIR-lite (L1),BraTS2021_00002,31.194437,0.9815184473991394,0.08304474,0.85155215536266,0.5988928032209361,0.6531302876480541
SwinIR-lite (L1),BraTS2021_00002,31.480106,0.9815095663070679,0.08325,0.810705596107056,0.8570183086312119,0.7202118270079435
SwinIR-lite (L1),BraTS2021_00002,31.42286,0.9828274250030518,0.08239929,0.8426266176705544,0.8683522231909329,0.7127962085308057
SwinIR-lite (L1),BraTS2021_00002,31.062122,0.9811980724334717,0.08537194,0.8765807587642068,0.7251575375666505,0.7159663865546219
SwinIR-lite (L1),BraTS2021_00002,31.26564,0.9816531538963318,0.08340869,0.8902221501540457,0.936837975676736,0.8081761006289309
SwinIR-lite (L1),BraTS2021_00002,31.353548,0.9825237989425659,0.083091274,0.8953835934905348,0.9412244897959183,0.7977707006369427
SwinIR-lite (L1),BraTS2021_00002,31.514107,0.9840114116668701,0.0807571,0.8999486916367367,0.9034608378870674,0.7688356164383562
SwinIR-lite (L1),BraTS2021_00002,31.34084,0.9843050241470337,0.07935171,0.9034506796793308,0.8950531668978271,0.7850622406639004
SwinIR-lite (L1),BraTS2021_00002,31.901903,0.9846196174621582,0.07911706,0.8938299055030573,0.8414207103551776,0.7228177641653905
SwinIR-lite (L1),BraTS2021_00002,31.849287,0.9859054088592529,0.076942004,0.9017440856501467,0.7800829875518672,0.7184145334434352
SwinIR-lite (L1),BraTS2021_00002,32.059586,0.9861706495285034,0.07649543,0.8995792939454911,0.9007803790412486,0.7876039304610734
SwinIR-lite (L1),BraTS2021_00002,32.30715,0.9876320958137512,0.07338441,0.907280890103455,0.8160676532769556,0.782851817334576
SwinIR-lite (L1),BraTS2021_00002,32.433178,0.9877268671989441,0.074280806,0.928303377444203,0.6936708860759494,0.7654822335025381
SwinIR-lite (L1),BraTS2021_00002,32.230225,0.9878557920455933,0.07439667,0.9211568938193344,0.535483870967742,0.6186335403726708
SwinIR-lite (L1),BraTS2021_00002,32.39444,0.9868707656860352,0.07546975,0.9259039715471251,0.8818342151675485,0.812957157784744
SwinIR-lite (L1),BraTS2021_00002,32.614433,0.9883696436882019,0.07209215,0.9389226100151745,0.8451977401129943,0.8015267175572519
SwinIR-lite (L1),BraTS2021_00002,32.50632,0.9877949357032776,0.07293682,0.9564053537284894,0.912621359223301,0.8741542625169147
SwinIR-lite (L1),BraTS2021_00002,32.37246,0.985823392868042,0.07611297,0.9536345776031434,0.8653295128939829,0.834920634920635
SwinIR-lite (L1),BraTS2021_00002,32.363995,0.9862797260284424,0.07650524,0.9757611014155517,0.8429752066115702,0.8150807899461401
SwinIR-lite (L1),BraTS2021_00002,32.444836,0.9861822128295898,0.07602327,0.9613237639553429,0.8766114180478821,0.8604206500956023
SwinIR-lite (L1),BraTS2021_00002,32.207993,0.9849929809570312,0.077104166,0.9620462046204621,0.8583690987124464,0.8352668213457076
SwinIR-lite (L1),BraTS2021_00002,32.45752,0.9843684434890747,0.07731893,0.9619921363040629,0.798941798941799,0.8158640226628895
SwinIR-lite (L1),BraTS2021_00002,32.338547,0.9816485643386841,0.08049964,0.9488350845134764,0.7127272727272728,0.7384615384615385
SwinIR-lite (L1),BraTS2021_00002,31.93327,0.982300341129303,0.08010452,0.9405405405405406,0.7956989247311828,0.7891891891891892
SwinIR-lite (L1),BraTS2021_00002,31.836493,0.9824289083480835,0.082767986,0.9502357255107386,0.09375,0.09375
SwinIR-lite (L1),BraTS2021_00002,31.834217,0.9811505675315857,0.08407126,0.9613683279268652,0.0,0.0
SwinIR-lite (L1),BraTS2021_00002,31.926208,0.9811899662017822,0.08472815,0.9596827495042961,nan,nan
SwinIR-lite (L1),BraTS2021_00002,31.605541,0.9814425110816956,0.08642299,0.9732620320855615,nan,nan
SwinIR-lite (L1),BraTS2021_00002,31.427385,0.9772582650184631,0.09214623,0.9701076125946593,nan,nan
SwinIR-lite (L1),BraTS2021_00002,31.52189,0.9806037545204163,0.08927177,0.9715271786022434,nan,nan
SwinIR-lite (L1),BraTS2021_00002,31.398502,0.9796040654182434,0.09066931,0.9736328125,nan,nan
SwinIR-lite (L1),BraTS2021_00002,31.190203,0.9756693840026855,0.0979006,0.9485903814262023,nan,nan
SwinIR-lite (L1),BraTS2021_00002,31.159258,0.9751388430595398,0.097499244,0.9632063074901446,nan,nan
SwinIR-lite (L1),BraTS2021_00002,30.849686,0.9727576375007629,0.10420422,0.9474621549421193,nan,nan
SwinIR-lite (L1),BraTS2021_00002,30.649338,0.9742147922515869,0.10348054,0.9250814332247557,nan,nan
SwinIR-lite (L1),BraTS2021_00002,30.94982,0.9730834364891052,0.10622284,0.9560117302052786,nan,nan
SwinIR-lite (L1),BraTS2021_00002,30.764742,0.9722211360931396,0.10938834,0.9142857142857143,nan,nan
SwinIR-lite (L1),BraTS2021_00002,30.606081,0.9718797206878662,0.11264657,0.8367346938775511,nan,nan
SwinIR-lite (L1),BraTS2021_00014,32.226364,0.9858258962631226,0.14152786,0.48739495798319327,nan,nan
SwinIR-lite (L1),BraTS2021_00014,32.144646,0.9863349199295044,0.1354798,0.06763285024154589,nan,nan
SwinIR-lite (L1),BraTS2021_00014,31.942356,0.9862397909164429,0.13435788,0.0,nan,nan
SwinIR-lite (L1),BraTS2021_00014,31.926846,0.986129641532898,0.13277628,0.0498220640569395,nan,nan
SwinIR-lite (L1),BraTS2021_00014,31.766174,0.9865278005599976,0.12899438,0.0,nan,nan
SwinIR-lite (L1),BraTS2021_00014,32.108456,0.9872328042984009,0.12390953,0.31718061674008813,nan,nan
SwinIR-lite (L1),BraTS2021_00014,31.939934,0.9872857332229614,0.121873796,0.7219917012448133,nan,nan
SwinIR-lite (L1),BraTS2021_00014,31.35537,0.9869541525840759,0.12275542,0.5875542691751086,nan,nan
SwinIR-lite (L1),BraTS2021_00014,31.060204,0.9868537783622742,0.12259275,0.8426294820717132,0.0,0.0
SwinIR-lite (L1),BraTS2021_00014,30.874989,0.9855573773384094,0.12556006,0.7155778894472362,0.0,0.0
SwinIR-lite (L1),BraTS2021_00014,30.205488,0.9835430383682251,0.130598,0.7903364969801553,0.0,0.0
SwinIR-lite (L1),BraTS2021_00014,30.244007,0.9828919172286987,0.12814566,0.8588235294117647,0.0,0.0
SwinIR-lite (L1),BraTS2021_00014,30.152151,0.9817549586296082,0.12560253,0.8767313019390581,0.3,0.3
SwinIR-lite (L1),BraTS2021_00014,29.722233,0.9810205101966858,0.12371377,0.8695652173913043,0.0,0.0
SwinIR-lite (L1),BraTS2021_00014,29.682785,0.9794792532920837,0.120734245,0.8471001757469244,0.0,0.0
SwinIR-lite (L1),BraTS2021_00014,29.734913,0.9787595868110657,0.11801945,0.8938005390835579,0.0,0.0
SwinIR-lite (L1),BraTS2021_00014,29.562471,0.9779811501502991,0.11567447,0.8855975485188968,0.0,0.0
SwinIR-lite (L1),BraTS2021_00014,29.408215,0.9745416641235352,0.11626592,0.8279914529914529,0.0,0.0
SwinIR-lite (L1),BraTS2021_00014,29.570366,0.9758240580558777,0.111761644,0.8986866791744841,0.02040816326530612,0.02040816326530612
SwinIR-lite (L1),BraTS2021_00014,29.37724,0.9735682010650635,0.1111687,0.6697674418604651,0.05825242718446602,0.05825242718446602
SwinIR-lite (L1),BraTS2021_00014,29.414785,0.9707827568054199,0.11234356,0.8598726114649682,0.4166666666666667,0.41825095057034223
SwinIR-lite (L1),BraTS2021_00014,29.43686,0.9736964702606201,0.10810684,0.8647281921618205,0.4453125,0.4392156862745098
SwinIR-lite (L1),BraTS2021_00014,29.550064,0.9700264930725098,0.108336195,0.8321616871704746,0.6206896551724138,0.6206896551724138
SwinIR-lite (L1),BraTS2021_00014,29.35204,0.9710553884506226,0.10525237,0.8235815602836879,0.5086206896551724,0.5086206896551724
SwinIR-lite (L1),BraTS2021_00014,29.516521,0.9721212387084961,0.10160967,0.7640977443609023,0.547085201793722,0.547085201793722
SwinIR-lite (L1),BraTS2021_00014,29.478146,0.9688081741333008,0.10320501,0.798372513562387,0.5074626865671642,0.5074626865671642
SwinIR-lite (L1),BraTS2021_00014,29.364922,0.9679961800575256,0.104172416,0.7443860487338748,0.8193832599118943,0.8193832599118943
SwinIR-lite (L1),BraTS2021_00014,29.381056,0.9689121246337891,0.10296163,0.8389349628982977,0.5586592178770949,0.5586592178770949
SwinIR-lite (L1),BraTS2021_00014,29.46313,0.9711765646934509,0.09933234,0.8237410071942446,0.037037037037037035,0.037037037037037035
SwinIR-lite (L1),BraTS2021_00014,29.7388,0.9715093374252319,0.09835037,0.7760223048327137,0.42857142857142855,0.42857142857142855
SwinIR-lite (L1),BraTS2021_00014,29.48292,0.9697955250740051,0.101977736,0.631955079122001,0.10126582278481013,0.10126582278481013
SwinIR-lite (L1),BraTS2021_00014,29.484116,0.9701446294784546,0.10019984,0.7964285714285714,0.0,0.0
SwinIR-lite (L1),BraTS2021_00014,29.683855,0.9732668995857239,0.09686907,0.6803118908382066,0.0,0.0
SwinIR-lite (L1),BraTS2021_00014,29.573488,0.9727689623832703,0.096631944,0.7597189695550352,nan,nan
SwinIR-lite (L1),BraTS2021_00014,29.77562,0.9742844104766846,0.09622618,0.8251748251748252,0.0,0.0
SwinIR-lite (L1),BraTS2021_00014,29.541676,0.9703248739242554,0.10064239,0.834597875569044,0.0,0.0
SwinIR-lite (L1),BraTS2021_00014,29.680994,0.9747321605682373,0.09597632,0.8121368624919303,nan,nan
SwinIR-lite (L1),BraTS2021_00014,29.476357,0.975350022315979,0.09654259,0.8252356780275562,nan,nan
SwinIR-lite (L1),BraTS2021_00014,29.750593,0.9767135977745056,0.09465961,0.8404740200546946,nan,nan
SwinIR-lite (L1),BraTS2021_00014,29.964258,0.9770602583885193,0.09414023,0.8441558441558441,nan,nan
SwinIR-lite (L1),BraTS2021_00014,30.282583,0.9781767129898071,0.09244877,0.06265060240963856,nan,nan
SwinIR-lite (L1),BraTS2021_00014,30.061413,0.9784312844276428,0.09111448,0.0,nan,nan
SwinIR-lite (L1),BraTS2021_00014,30.019905,0.979196310043335,0.09090763,0.0,nan,nan
SwinIR-lite (L1),BraTS2021_00016,30.162899,0.9860713481903076,0.10071676,0.0,nan,nan
SwinIR-lite (L1),BraTS2021_00016,29.524605,0.985939621925354,0.10130034,0.0,nan,nan
SwinIR-lite (L1),BraTS2021_00016,29.277454,0.9836865663528442,0.106977396,0.0,nan,nan
SwinIR-lite (L1),BraTS2021_00016,29.025629,0.9828544855117798,0.10657494,0.0,nan,nan
SwinIR-lite (L1),BraTS2021_00016,28.932102,0.9830561280250549,0.10425054,0.0,nan,nan
SwinIR-lite (L1),BraTS2021_00016,29.225233,0.980833113193512,0.104167946,0.0,nan,nan
SwinIR-lite (L1),BraTS2021_00016,29.133545,0.981550931930542,0.102275304,0.0,nan,nan
SwinIR-lite (L1),BraTS2021_00016,29.234753,0.9821245670318604,0.100267425,0.08648648648648649,nan,nan
SwinIR-lite (L1),BraTS2021_00016,29.064035,0.9821218848228455,0.09909791,0.40273037542662116,nan,nan
SwinIR-lite (L1),BraTS2021_00016,29.004744,0.9830023646354675,0.09671214,0.0,nan,nan
SwinIR-lite (L1),BraTS2021_00016,29.2975,0.9838690161705017,0.093513645,0.7634730538922155,nan,nan
SwinIR-lite (L1),BraTS2021_00016,29.125927,0.9829975366592407,0.09360145,0.8585657370517928,nan,nan
SwinIR-lite (L1),BraTS2021_00016,29.38,0.9849356412887573,0.089698784,0.8793522267206477,0.52,0.52
SwinIR-lite (L1),BraTS2021_00016,29.499104,0.9855141639709473,0.087687775,0.889745566692367,0.2608695652173913,0.2608695652173913
SwinIR-lite (L1),BraTS2021_00016,29.42144,0.9836171865463257,0.08953953,0.8718830610490111,0.7810650887573964,0.7636363636363637
SwinIR-lite (L1),BraTS2021_00016,29.231998,0.9840314388275146,0.09065531,0.8926174496644296,0.8127853881278538,0.7766990291262136
SwinIR-lite (L1),BraTS2021_00016,29.26648,0.9846265912055969,0.08827564,0.9124270225187656,0.7509025270758123,0.7364016736401674
SwinIR-lite (L1),BraTS2021_00016,29.29446,0.9851850867271423,0.08630428,0.8911055694098088,0.5838926174496645,0.6302521008403361
SwinIR-lite (L1),BraTS2021_00016,29.396236,0.9863740801811218,0.08468723,0.883495145631068,0.3778501628664495,0.4642857142857143
SwinIR-lite (L1),BraTS2021_00016,29.196136,0.986016035079956,0.085429415,0.8312958435207825,0.4124293785310734,0.5470085470085471
SwinIR-lite (L1),BraTS2021_00016,29.356014,0.9844606518745422,0.0871807,0.8605341246290801,0.266304347826087,0.38235294117647056
SwinIR-lite (L1),BraTS2021_00016,28.991142,0.9855924844741821,0.085234836,0.7639123102866779,0.10764872521246459,0.18888888888888888
SwinIR-lite (L1),BraTS2021_00016,29.05468,0.986325204372406,0.085441865,0.877488514548239,0.2837209302325581,0.453781512605042
SwinIR-lite (L1),BraTS2021_00016,28.92914,0.9864976406097412,0.08594644,0.884493670886076,0.19770114942528735,0.3696682464454976
SwinIR-lite (L1),BraTS2021_00016,29.019375,0.9845860600471497,0.08669843,0.8999258710155671,0.13211845102505695,0.28125
SwinIR-lite (L1),BraTS2021_00016,28.85344,0.9855436682701111,0.08656436,0.9066091954022989,0.6581875993640699,0.6319444444444444
SwinIR-lite (L1),BraTS2021_00016,29.014204,0.9859506487846375,0.08548234,0.9177304964539007,0.8822055137844611,0.776595744680851
SwinIR-lite (L1),BraTS2021_00016,29.217737,0.9848456978797913,0.086437024,0.9192634560906515,0.7326732673267327,0.7005649717514124
SwinIR-lite (L1),BraTS2021_00016,28.785944,0.9854937195777893,0.08636943,0.9239681390296887,0.7758389261744967,0.6781609195402298
SwinIR-lite (L1),BraTS2021_00016,28.998665,0.9847229719161987,0.08784738,0.9250185597624351,0.7723035952063915,0.6421052631578947
SwinIR-lite (L1),BraTS2021_00016,28.66198,0.9856454730033875,0.08797722,0.9049079754601227,0.6908077994428969,0.6558265582655827
SwinIR-lite (L1),BraTS2021_00016,28.891058,0.9846591949462891,0.08715482,0.9045383411580594,0.6589928057553956,0.5481927710843374
SwinIR-lite (L1),BraTS2021_00016,28.900099,0.9851300120353699,0.08727054,0.8879935535858179,0.96,0.8064516129032258
SwinIR-lite (L1),BraTS2021_00016,28.705452,0.9864826798439026,0.08602242,0.8792672772689425,0.9243902439024391,0.7439613526570048
SwinIR-lite (L1),BraTS2021_00016,29.322437,0.9867037534713745,0.08357953,0.89666951323655,0.891218872870249,0.6717171717171717
SwinIR-lite (L1),BraTS2021_00016,29.40631,0.9875718355178833,0.08098635,0.8962510897994769,0.8904109589041096,0.7172413793103448
SwinIR-lite (L1),BraTS2021_00016,29.754248,0.9879474639892578,0.07991661,0.8963636363636364,0.9088277858176556,0.8008658008658008
SwinIR-lite (L1),BraTS2021_00016,29.803751,0.9885283708572388,0.07715682,0.9139072847682119,0.8376068376068376,0.7635467980295566
SwinIR-lite (L1),BraTS2021_00016,30.137327,0.9890515208244324,0.07471195,0.875882946518668,0.821969696969697,0.7871287128712872
SwinIR-lite (L1),BraTS2021_00016,30.472103,0.9903439879417419,0.07131875,0.9199594731509625,0.5796344647519582,0.5751633986928104
SwinIR-lite (L1),BraTS2021_00016,30.579597,0.9909543991088867,0.069993764,0.850828729281768,0.29770992366412213,0.35454545454545455
SwinIR-lite (L1),BraTS2021_00016,30.571405,0.991137683391571,0.06913909,0.7428571428571429,0.2608695652173913,0.2823529411764706
SwinIR-lite (L1),BraTS2021_00016,30.92969,0.9916839599609375,0.0679745,0.8150851581508516,0.4897959183673469,0.4897959183673469
SwinIR-lite (L1),BraTS2021_00016,30.83704,0.9906918406486511,0.06904059,0.33211678832116787,0.0,0.0
SwinIR-lite (L1),BraTS2021_00016,30.664597,0.9914898872375488,0.06894744,0.0,0.0,0.0
SwinIR-lite (L1),BraTS2021_00016,30.877087,0.9899924397468567,0.07063997,0.3947858472998138,nan,nan
SwinIR-lite (L1),BraTS2021_00016,30.830307,0.9899774193763733,0.07021426,0.6438356164383562,nan,nan
SwinIR-lite (L1),BraTS2021_00016,30.793226,0.990021824836731,0.07082687,0.0,nan,nan
SwinIR-lite (L1),BraTS2021_00016,30.625816,0.9898951053619385,0.07136592,0.09554140127388536,nan,nan
SwinIR-lite (L1),BraTS2021_00016,30.552505,0.9889976382255554,0.07334495,0.32967032967032966,nan,nan
SwinIR-lite (L1),BraTS2021_00016,30.363243,0.9876430034637451,0.07672482,0.0,nan,nan
SwinIR-lite (L1),BraTS2021_00016,29.993801,0.9862193465232849,0.0798612,0.0,nan,nan
SwinIR-lite (L1),BraTS2021_00016,29.760643,0.9857434034347534,0.082349084,0.0,nan,nan
SwinIR-lite (L1),BraTS2021_00021,31.317085,0.9680233001708984,0.14961165,0.0,nan,nan
SwinIR-lite (L1),BraTS2021_00021,31.361029,0.970007061958313,0.1410029,0.0,nan,nan
SwinIR-lite (L1),BraTS2021_00021,31.501434,0.9678518176078796,0.14166602,0.0,nan,nan
SwinIR-lite (L1),BraTS2021_00021,31.430017,0.9669349789619446,0.14115128,0.0,nan,nan
SwinIR-lite (L1),BraTS2021_00021,31.76088,0.9679536819458008,0.13731574,0.0,nan,nan
SwinIR-lite (L1),BraTS2021_00021,31.088343,0.9651430249214172,0.14349599,0.0,nan,nan
SwinIR-lite (L1),BraTS2021_00021,31.372337,0.9649267792701721,0.13896853,0.0,nan,nan
SwinIR-lite (L1),BraTS2021_00021,30.670395,0.9588178992271423,0.14771034,0.0,nan,nan
SwinIR-lite (L1),BraTS2021_00021,30.697468,0.95509934425354,0.14394225,0.0,nan,nan
SwinIR-lite (L1),BraTS2021_00021,30.554588,0.9496611952781677,0.1434073,0.0,nan,nan
SwinIR-lite (L1),BraTS2021_00021,30.77204,0.9481787085533142,0.13756585,0.0,nan,nan
SwinIR-lite (L1),BraTS2021_00021,30.914305,0.947106122970581,0.1316379,0.0,nan,nan
SwinIR-lite (L1),BraTS2021_00021,30.98237,0.9455271363258362,0.12867194,0.0,nan,nan
SwinIR-lite (L1),BraTS2021_00021,30.876043,0.9434568881988525,0.12761101,0.0,nan,nan
SwinIR-lite (L1),BraTS2021_00021,30.867725,0.9484140872955322,0.12246577,0.18878580072609924,nan,nan
SwinIR-lite (L1),BraTS2021_00021,31.16163,0.9397050738334656,0.124313526,0.11411149825783973,nan,nan
SwinIR-lite (L1),BraTS2021_00021,31.256325,0.9406874179840088,0.12040131,0.0,nan,nan
SwinIR-lite (L1),BraTS2021_00021,31.287954,0.9471244215965271,0.116018586,0.0,nan,nan
SwinIR-lite (L1),BraTS2021_00021,30.977612,0.9425483345985413,0.11784141,0.0026109660574412533,nan,nan
SwinIR-lite (L1),BraTS2021_00021,31.474216,0.9420461058616638,0.11523492,0.0,nan,nan
SwinIR-lite (L1),BraTS2021_00021,31.478954,0.9435718059539795,0.113563865,0.0008837825894829872,nan,nan
SwinIR-lite (L1),BraTS2021_00021,31.419127,0.9382664561271667,0.11646387,0.0,nan,nan
SwinIR-lite (L1),BraTS2021_00021,31.625576,0.9454552531242371,0.11088948,0.0,nan,nan
SwinIR-lite (L1),BraTS2021_00021,31.628796,0.9412967562675476,0.11604709,0.0,nan,nan
SwinIR-lite (L1),BraTS2021_00021,31.522793,0.9482222199440002,0.11185817,0.0036231884057971015,nan,nan
SwinIR-lite (L1),BraTS2021_00021,31.415188,0.9452463388442993,0.11431565,0.025416301489921123,nan,nan
SwinIR-lite (L1),BraTS2021_00021,31.557102,0.9508203268051147,0.11052904,0.28797587636637767,0.0,0.0
SwinIR-lite (L1),BraTS2021_00021,31.440487,0.9513513445854187,0.11116122,0.2827055488051843,0.04395604395604396,0.04395604395604396
SwinIR-lite (L1),BraTS2021_00021,31.394882,0.9474219679832458,0.11248265,0.33345766505035435,0.10084033613445378,0.10256410256410256
SwinIR-lite (L1),BraTS2021_00021,31.463339,0.9481001496315002,0.11302041,0.16512283527990335,0.0,0.0
SwinIR-lite (L1),BraTS2021_00021,31.472445,0.9495343565940857,0.112004295,0.2959747434885556,0.039473684210526314,0.04157043879907621
SwinIR-lite (L1),BraTS2021_00021,31.545,0.9524218440055847,0.109736465,0.3389374579690652,0.01697792869269949,0.01968503937007874
SwinIR-lite (L1),BraTS2021_00021,31.532057,0.9535042643547058,0.109469116,0.34151472650771386,0.0,0.0
SwinIR-lite (L1),BraTS2021_00021,31.767849,0.9533615708351135,0.109932706,0.29849595063632856,0.0,0.0
SwinIR-lite (L1),BraTS2021_00021,31.674545,0.9535201787948608,0.10966106,0.42882625758116305,0.044709388971684055,0.051194539249146756
SwinIR-lite (L1),BraTS2021_00021,31.600422,0.953590989112854,0.11098384,0.2554922701383238,0.0,0.0
SwinIR-lite (L1),BraTS2021_00021,31.612675,0.9556679129600525,0.10856071,0.3692434210526316,0.15087719298245614,0.17131474103585656
SwinIR-lite (L1),BraTS2021_00021,31.505215,0.9555119276046753,0.108751245,0.28583916083916083,0.0,0.0
SwinIR-lite (L1),BraTS2021_00021,31.359097,0.9574125409126282,0.10879958,0.5218543046357615,0.2032967032967033,0.21605839416058395
SwinIR-lite (L1),BraTS2021_00021,31.319,0.9574072957038879,0.11073647,0.3771971496437055,0.07531380753138076,0.08759124087591241
SwinIR-lite (L1),BraTS2021_00021,31.53938,0.9614207744598389,0.10823832,0.2345924453280318,0.0,0.0
SwinIR-lite (L1),BraTS2021_00021,31.763813,0.9648036360740662,0.10455486,0.3847328244274809,0.03547671840354767,0.03931203931203931
SwinIR-lite (L1),BraTS2021_00021,31.780666,0.9687431454658508,0.10021276,0.297029702970297,0.0,0.0
SwinIR-lite (L1),BraTS2021_00021,31.917099,0.9687905311584473,0.10115063,0.30199039121482496,0.2144927536231884,0.24025974025974026
SwinIR-lite (L1),BraTS2021_00021,31.929825,0.9664155840873718,0.10192637,0.35355512067840833,0.22448979591836735,0.2254335260115607
SwinIR-lite (L1),BraTS2021_00021,32.270523,0.9723995923995972,0.09761564,0.0056022408963585435,0.0,0.0
SwinIR-lite (L1),BraTS2021_00021,32.418552,0.9745740294456482,0.09342808,0.0,nan,nan
SwinIR-lite (L1),BraTS2021_00021,32.77234,0.9746295213699341,0.09297193,0.0,nan,nan
SwinIR-lite (L1),BraTS2021_00021,32.55223,0.9751272201538086,0.09248332,0.0,nan,nan
SwinIR-lite (L1),BraTS2021_00021,32.66561,0.9753227233886719,0.09317177,0.0,nan,nan
SwinIR-lite (L1),BraTS2021_00021,32.88125,0.9746212959289551,0.09096138,0.0,nan,nan
SwinIR-lite (L1),BraTS2021_00021,32.8952,0.9716009497642517,0.09418994,0.0,nan,nan
SwinIR-lite (L1),BraTS2021_00021,32.882145,0.9723842144012451,0.090920486,0.0,nan,nan
SwinIR-lite (L1),BraTS2021_00021,33.268837,0.971518874168396,0.08836839,0.0,nan,nan
SwinIR-lite (L1),BraTS2021_00021,33.235218,0.9703168272972107,0.089557596,0.0,nan,nan
SwinIR-lite (L1),BraTS2021_00021,33.08971,0.9660573601722717,0.09203781,0.0,nan,nan
SwinIR-lite (L1),BraTS2021_00021,33.142612,0.9616013765335083,0.09009324,0.0,nan,nan
SwinIR-lite (L1),BraTS2021_00021,33.196594,0.9600167870521545,0.08980401,0.0,nan,nan
SwinIR-lite (L1),BraTS2021_00021,33.128044,0.9521257281303406,0.093893535,0.0,nan,nan
SwinIR-lite (L1),BraTS2021_00021,32.96029,0.9429951310157776,0.09521299,0.0,nan,nan
SwinIR-lite (L1),BraTS2021_00021,33.124996,0.9520078301429749,0.09087299,0.0,nan,nan
SwinIR-lite (L1),BraTS2021_00056,32.121124,0.9822583794593811,0.13738644,0.0,0.0,0.0
SwinIR-lite (L1),BraTS2021_00056,31.530458,0.9806740283966064,0.14029983,0.4249084249084249,0.14814814814814814,0.14814814814814814
SwinIR-lite (L1),BraTS2021_00056,31.659918,0.980748176574707,0.13673496,0.4116222760290557,0.0653061224489796,0.0653061224489796
SwinIR-lite (L1),BraTS2021_00056,31.364908,0.9798313975334167,0.13690671,0.3870967741935484,0.17261904761904762,0.17261904761904762
SwinIR-lite (L1),BraTS2021_00056,31.12524,0.9788533449172974,0.13550471,0.6113074204946997,0.40217391304347827,0.40217391304347827
SwinIR-lite (L1),BraTS2021_00056,31.02919,0.9779570698738098,0.13259007,0.7856365614798694,0.42328042328042326,0.4148936170212766
SwinIR-lite (L1),BraTS2021_00056,30.961475,0.9779019951820374,0.12759447,0.7776708373435997,0.30633802816901406,0.3155963302752294
SwinIR-lite (L1),BraTS2021_00056,30.763283,0.9770277738571167,0.12552607,0.8334624322230829,0.5783132530120482,0.5254237288135594
SwinIR-lite (L1),BraTS2021_00056,30.703299,0.9772361516952515,0.12224831,0.8200138985406532,0.4372842347525892,0.4713216957605985
SwinIR-lite (L1),BraTS2021_00056,30.773909,0.9761306643486023,0.120585054,0.8856269113149847,0.5807033363390441,0.5733333333333334
SwinIR-lite (L1),BraTS2021_00056,30.797337,0.9769495725631714,0.117113605,0.884437596302003,0.6730769230769231,0.6590584878744651
SwinIR-lite (L1),BraTS2021_00056,30.62234,0.9750983715057373,0.11856455,0.9423887587822014,0.8494252873563218,0.7590966122961104
SwinIR-lite (L1),BraTS2021_00056,30.552097,0.9760121703147888,0.11536507,0.9490196078431372,0.8397609994568169,0.784452296819788
SwinIR-lite (L1),BraTS2021_00056,30.428038,0.975265383720398,0.11511591,0.9248979591836735,0.8608115048793015,0.8115124153498872
SwinIR-lite (L1),BraTS2021_00056,30.675713,0.9741814732551575,0.11588795,0.9046728971962616,0.8950118764845606,0.8470835522858644
SwinIR-lite (L1),BraTS2021_00056,30.816826,0.9759395122528076,0.1117605,0.9194719471947195,0.8769961156668106,0.8331688055281342
SwinIR-lite (L1),BraTS2021_00056,30.821278,0.9784577488899231,0.10575649,0.9164142943670502,0.8795811518324608,0.8233117483811286
SwinIR-lite (L1),BraTS2021_00056,30.635368,0.9779971241950989,0.10804348,0.9395711500974658,0.8462770216172938,0.7850815850815851
SwinIR-lite (L1),BraTS2021_00056,30.476135,0.9768053293228149,0.110152036,0.9606052700234803,0.8913509649749821,0.8544093178036606
SwinIR-lite (L1),BraTS2021_00056,30.28133,0.9767158627510071,0.11096072,0.9361485627066904,0.8849247988807275,0.8418511066398391
SwinIR-lite (L1),BraTS2021_00056,30.343922,0.977099597454071,0.10971581,0.9770848098275455,0.9134228187919463,0.8723489395758304
SwinIR-lite (L1),BraTS2021_00056,29.816076,0.9733701348304749,0.11223798,0.9732101616628176,0.9462504023173479,0.8932963109877033
SwinIR-lite (L1),BraTS2021_00056,29.725998,0.9682924747467041,0.11520852,0.9673384294649062,0.9221789883268483,0.8720156555772994
SwinIR-lite (L1),BraTS2021_00056,29.593582,0.9674522280693054,0.112558454,0.979194934418815,0.9043533523991103,0.8506891271056661
SwinIR-lite (L1),BraTS2021_00056,29.671556,0.9660348296165466,0.111108564,0.9825491495471614,0.9191222570532915,0.8383798662996461
SwinIR-lite (L1),BraTS2021_00056,29.58422,0.9651672840118408,0.11042886,0.9706275033377837,0.9324618736383442,0.8913202042304887
SwinIR-lite (L1),BraTS2021_00056,29.548971,0.9684125781059265,0.10690754,0.970895356587425,0.9095477386934674,0.8686103748580083
SwinIR-lite (L1),BraTS2021_00056,29.927853,0.9670935273170471,0.1076422,0.9574759945130316,0.9319948186528497,0.9102810935695033
SwinIR-lite (L1),BraTS2021_00056,29.756191,0.9700899124145508,0.10377672,0.9752397947802811,0.8988074957410562,0.8660990712074303
SwinIR-lite (L1),BraTS2021_00056,29.988224,0.9692226648330688,0.10323924,0.9644012944983819,0.905777166437414,0.8574784651527017
SwinIR-lite (L1),BraTS2021_00056,30.173643,0.9703105688095093,0.10066172,0.9466729589428976,0.9071803852889667,0.843229389149936
SwinIR-lite (L1),BraTS2021_00056,30.390934,0.9718801379203796,0.098690465,0.9354078264969354,0.8290993071593533,0.8053016453382084
SwinIR-lite (L1),BraTS2021_00056,30.408142,0.9710780382156372,0.0962859,0.9696132596685083,0.9321851453175457,0.907309105757452
SwinIR-lite (L1),BraTS2021_00056,30.458317,0.970598042011261,0.09635215,0.9657759024847632,0.9212504946576969,0.8796573875802998
SwinIR-lite (L1),BraTS2021_00056,30.75814,0.972041130065918,0.09405359,0.9761960876738157,0.9191385615603413,0.863697705802969
SwinIR-lite (L1),BraTS2021_00056,30.58079,0.9740945100784302,0.09255163,0.9650717703349282,0.9549027720314439,0.8708487084870848
SwinIR-lite (L1),BraTS2021_00056,31.10793,0.9759128093719482,0.08927068,0.9553549646255184,0.9463667820069204,0.8488089450656295
SwinIR-lite (L1),BraTS2021_00056,31.021387,0.974629282951355,0.09043733,0.9485081809432147,0.9416705552963136,0.8525937339496662
SwinIR-lite (L1),BraTS2021_00056,31.036755,0.9770942330360413,0.08726825,0.97117202268431,0.8664495114006515,0.7944412275622467
SwinIR-lite (L1),BraTS2021_00056,31.121521,0.9795322418212891,0.08454366,0.9774859287054409,0.8984025559105431,0.8413978494623656
SwinIR-lite (L1),BraTS2021_00056,31.322004,0.9805720448493958,0.082931384,0.973241771252664,0.9473684210526315,0.9157509157509157
SwinIR-lite (L1),BraTS2021_00056,31.36258,0.9808623790740967,0.08352101,0.9764962442452144,0.9180616740088106,0.8846503178928247
SwinIR-lite (L1),BraTS2021_00056,31.42857,0.9806405305862427,0.08545526,0.9586155003762227,0.8886389201349831,0.8772727272727273
SwinIR-lite (L1),BraTS2021_00056,31.161642,0.9815918803215027,0.08507277,0.9714285714285714,0.8552631578947368,0.8552631578947368
SwinIR-lite (L1),BraTS2021_00056,31.206264,0.980306088924408,0.0852167,0.9540748606318025,0.7989276139410187,0.7989276139410187
SwinIR-lite (L1),BraTS2021_00056,31.363342,0.9804680347442627,0.08557186,0.9336478914774403,0.42857142857142855,0.42857142857142855
SwinIR-lite (L1),BraTS2021_00056,30.907705,0.9817026853561401,0.08594026,0.9694189602446484,nan,nan
SwinIR-lite (L1),BraTS2021_00056,31.005194,0.9819040894508362,0.0846776,0.9712092130518234,nan,nan
SwinIR-lite (L1),BraTS2021_00056,31.24716,0.9818696975708008,0.08539316,0.9585348997926745,nan,nan
SwinIR-lite (L1),BraTS2021_00056,31.446295,0.9809640645980835,0.08445066,0.9618497109826589,nan,nan
SwinIR-lite (L1),BraTS2021_00056,31.673021,0.982994556427002,0.08154621,0.9404815992730577,nan,nan
SwinIR-lite (L1),BraTS2021_00056,31.775822,0.9827554225921631,0.08144315,0.8752665245202559,nan,nan
SwinIR-lite (L1),BraTS2021_00056,31.554224,0.9810996055603027,0.084325835,0.7418586179507546,nan,nan
SwinIR-lite (L1),BraTS2021_00056,31.795904,0.9824132323265076,0.08342982,0.8177777777777778,nan,nan
SwinIR-lite (L1),BraTS2021_00056,32.015793,0.9828836917877197,0.08137396,0.5464190981432361,nan,nan
SwinIR-lite (L1),BraTS2021_00056,31.926643,0.9825636744499207,0.08139729,0.20481927710843373,nan,nan
SwinIR-lite (L1),BraTS2021_00061,31.279871,0.9756676554679871,0.1314299,0.0,0.0,0.0
SwinIR-lite (L1),BraTS2021_00061,31.533316,0.9751830697059631,0.12871443,0.0,0.0,0.0
SwinIR-lite (L1),BraTS2021_00061,31.337406,0.9765380024909973,0.12408787,0.047619047619047616,0.18421052631578946,0.21875
SwinIR-lite (L1),BraTS2021_00061,31.565582,0.9777448177337646,0.119962096,0.1320754716981132,0.3333333333333333,0.3711340206185567
SwinIR-lite (L1),BraTS2021_00061,31.594868,0.9777297377586365,0.11943958,0.2591687041564792,0.017241379310344827,0.025974025974025976
SwinIR-lite (L1),BraTS2021_00061,31.533802,0.9776611328125,0.11886275,0.35490605427974947,0.047244094488188976,0.07407407407407407
SwinIR-lite (L1),BraTS2021_00061,31.358006,0.9795464873313904,0.11433554,0.5131086142322098,0.5308641975308642,0.42735042735042733
SwinIR-lite (L1),BraTS2021_00061,31.510965,0.9787518978118896,0.11677407,0.43305785123966944,0.35526315789473684,0.3018867924528302
SwinIR-lite (L1),BraTS2021_00061,31.039932,0.9784273505210876,0.118168,0.4716599190283401,0.5,0.40816326530612246
SwinIR-lite (L1),BraTS2021_00061,31.107702,0.9781793355941772,0.116885915,0.4260355029585799,0.2537313432835821,0.2905982905982906
SwinIR-lite (L1),BraTS2021_00061,30.378448,0.9699869751930237,0.13084291,0.511504424778761,0.7393939393939394,0.6829268292682927
SwinIR-lite (L1),BraTS2021_00061,30.38973,0.9702284932136536,0.12562688,0.7351891506067095,0.7863247863247863,0.7194928684627575
SwinIR-lite (L1),BraTS2021_00061,30.369877,0.9687423706054688,0.12239338,0.769742310889443,0.7295208655332303,0.6938775510204082
SwinIR-lite (L1),BraTS2021_00061,30.233295,0.9694417715072632,0.11775701,0.7844588344125809,0.5482388973966309,0.484
SwinIR-lite (L1),BraTS2021_00061,30.27877,0.9682174921035767,0.11858876,0.7404103479036575,0.2908496732026144,0.3627684964200477
SwinIR-lite (L1),BraTS2021_00061,30.084461,0.9655658602714539,0.11833467,0.79232693911593,0.6481257557436517,0.4355108877721943
SwinIR-lite (L1),BraTS2021_00061,30.357172,0.9685562252998352,0.11319964,0.694300518134715,0.15481832543443919,0.04918032786885246
SwinIR-lite (L1),BraTS2021_00061,30.00718,0.9712504744529724,0.11087073,0.7247329498767461,0.4350132625994695,0.2608695652173913
SwinIR-lite (L1),BraTS2021_00061,30.523052,0.973578155040741,0.10713175,0.7020408163265306,0.22427035330261136,0.15517241379310345
SwinIR-lite (L1),BraTS2021_00061,30.479069,0.9732771515846252,0.10653027,0.7657232704402516,0.3433734939759036,0.21965317919075145
SwinIR-lite (L1),BraTS2021_00061,30.63961,0.9744051098823547,0.10555888,0.713859910581222,0.22635135135135134,0.24161073825503357
SwinIR-lite (L1),BraTS2021_00061,30.731485,0.974790096282959,0.103655264,0.7317460317460317,0.0,0.0
SwinIR-lite (L1),BraTS2021_00061,30.536457,0.9751777648925781,0.10337489,0.7605633802816901,0.09375,0.1724137931034483
SwinIR-lite (L1),BraTS2021_00061,30.647661,0.9744993448257446,0.10365415,0.8173913043478261,0.263653483992467,0.4013840830449827
SwinIR-lite (L1),BraTS2021_00061,30.687258,0.975920557975769,0.10232572,0.7915057915057915,0.2821576763485477,0.4013840830449827
SwinIR-lite (L1),BraTS2021_00061,30.695545,0.9739043712615967,0.10496937,0.7081891580161477,0.011461318051575931,0.017094017094017096
SwinIR-lite (L1),BraTS2021_00061,30.83947,0.9703910946846008,0.10684307,0.7048567870485679,0.4887640449438202,0.5146579804560261
SwinIR-lite (L1),BraTS2021_00061,31.13138,0.973274290561676,0.100726,0.71875,0.641399416909621,0.6465256797583081
SwinIR-lite (L1),BraTS2021_00061,31.056065,0.9757146239280701,0.10013865,0.7041420118343196,0.6387434554973822,0.6387434554973822
SwinIR-lite (L1),BraTS2021_00061,30.979416,0.9729693531990051,0.103398636,0.3665987780040733,0.0,0.0
SwinIR-lite (L1),BraTS2021_00061,30.965317,0.9721717834472656,0.103121445,0.5380116959064327,0.0,0.0
SwinIR-lite (L1),BraTS2021_00061,31.02182,0.9731663465499878,0.10235528,0.5644768856447688,0.0,0.0
SwinIR-lite (L1),BraTS2021_00061,31.246002,0.975969135761261,0.09700751,0.13852813852813853,nan,nan
SwinIR-lite (L1),BraTS2021_00061,31.406128,0.9708231091499329,0.100565165,0.466403162055336,nan,nan
SwinIR-lite (L1),BraTS2021_00062,29.10028,0.9737485647201538,0.1130557,0.6817325800376648,nan,nan
SwinIR-lite (L1),BraTS2021_00062,29.202559,0.9741178750991821,0.1115757,0.8181818181818182,nan,nan
SwinIR-lite (L1),BraTS2021_00062,29.376585,0.9739888906478882,0.10959739,0.8190279214064116,nan,nan
SwinIR-lite (L1),BraTS2021_00062,29.577482,0.9734371900558472,0.108263426,0.8411214953271028,nan,nan
SwinIR-lite (L1),BraTS2021_00062,29.941704,0.9766566753387451,0.101871274,0.9213649851632048,nan,nan
SwinIR-lite (L1),BraTS2021_00062,29.772642,0.9765457510948181,0.10048091,0.9185580774365821,nan,nan
SwinIR-lite (L1),BraTS2021_00062,29.762943,0.9780426025390625,0.09796946,0.925,nan,nan
SwinIR-lite (L1),BraTS2021_00062,29.917755,0.9787247776985168,0.097402826,0.9169329073482428,nan,nan
SwinIR-lite (L1),BraTS2021_00062,30.244234,0.9809467196464539,0.09162963,0.8977900552486188,nan,nan
SwinIR-lite (L1),BraTS2021_00062,30.354958,0.982814371585846,0.089692704,0.9093787099327265,nan,nan
SwinIR-lite (L1),BraTS2021_00062,30.470554,0.9834316372871399,0.08782818,0.9388530193695405,nan,nan
SwinIR-lite (L1),BraTS2021_00062,30.169725,0.9839389324188232,0.08737977,0.9085106382978724,nan,nan
SwinIR-lite (L1),BraTS2021_00062,30.44595,0.9834302067756653,0.088042475,0.9291784702549575,nan,nan
SwinIR-lite (L1),BraTS2021_00062,30.406559,0.9837526082992554,0.088207126,0.9617140850017563,nan,nan
SwinIR-lite (L1),BraTS2021_00062,30.482544,0.9841170310974121,0.08632329,0.9609671848013817,nan,nan
SwinIR-lite (L1),BraTS2021_00062,30.540533,0.9835949540138245,0.087056994,0.9668737060041408,nan,nan
SwinIR-lite (L1),BraTS2021_00062,30.137535,0.9836829304695129,0.08754384,0.9465648854961832,0.0,0.0
SwinIR-lite (L1),BraTS2021_00062,30.132698,0.9842439889907837,0.087311685,0.9469108972368829,0.0,0.0
SwinIR-lite (L1),BraTS2021_00062,30.118446,0.9837517142295837,0.08781836,0.9675425038639877,0.0,0.0
SwinIR-lite (L1),BraTS2021_00062,29.786114,0.9834713935852051,0.08837423,0.965496368038741,0.4444444444444444,0.75
SwinIR-lite (L1),BraTS2021_00062,30.23298,0.983652651309967,0.08676252,0.9745762711864406,0.0,0.0
SwinIR-lite (L1),BraTS2021_00062,30.199017,0.9836487770080566,0.08702971,0.9771581133194898,0.0,0.0
SwinIR-lite (L1),BraTS2021_00062,30.138674,0.9856948852539062,0.08463905,0.9747356051703878,0.0,0.0
SwinIR-lite (L1),BraTS2021_00062,30.353874,0.9849297404289246,0.08557918,0.981925925925926,0.0,0.0
SwinIR-lite (L1),BraTS2021_00062,30.4991,0.9863967895507812,0.08174356,0.9699445579223811,0.0,0.0
SwinIR-lite (L1),BraTS2021_00062,30.561865,0.9876358509063721,0.079825774,0.9608683233361897,0.13636363636363635,0.36363636363636365
SwinIR-lite (L1),BraTS2021_00062,30.735674,0.9869393110275269,0.080763,0.9656377402446127,0.1452513966480447,0.6086956521739131
SwinIR-lite (L1),BraTS2021_00062,30.93508,0.9882046580314636,0.07800756,0.9618409554325663,0.0,0.0
SwinIR-lite (L1),BraTS2021_00062,31.132906,0.9894456267356873,0.075528175,0.9595545134818289,0.06896551724137931,0.0
SwinIR-lite (L1),BraTS2021_00062,30.887371,0.9884941577911377,0.07749717,0.9670807453416149,nan,nan
SwinIR-lite (L1),BraTS2021_00062,31.445387,0.9898169040679932,0.07426475,0.9713375796178344,nan,nan
SwinIR-lite (L1),BraTS2021_00062,31.429441,0.990325927734375,0.07197608,0.9764373232799246,nan,nan
SwinIR-lite (L1),BraTS2021_00062,31.597235,0.9901025891304016,0.07209618,0.9733817301875378,nan,nan
SwinIR-lite (L1),BraTS2021_00062,31.256245,0.9903795719146729,0.071906745,0.9567774184063511,nan,nan
SwinIR-lite (L1),BraTS2021_00062,31.882683,0.9904927611351013,0.07038002,0.9697514225816113,0.0,nan
SwinIR-lite (L1),BraTS2021_00062,31.196852,0.9899057745933533,0.07412514,0.9672033392963626,nan,nan
SwinIR-lite (L1),BraTS2021_00062,31.729134,0.9896869659423828,0.07320649,0.9756997846816364,nan,nan
SwinIR-lite (L1),BraTS2021_00062,31.493988,0.9899472594261169,0.07236616,0.9360447981137636,nan,nan
SwinIR-lite (L1),BraTS2021_00062,31.417467,0.9884802103042603,0.07508045,0.9412470023980816,nan,nan
SwinIR-lite (L1),BraTS2021_00062,31.288807,0.9870964288711548,0.0764737,0.9206833435021354,0.0,nan
SwinIR-lite (L1),BraTS2021_00062,31.666626,0.9876657128334045,0.07510974,0.9258454855724481,nan,nan
SwinIR-lite (L1),BraTS2021_00062,31.721373,0.987288236618042,0.073875085,0.9041184041184042,nan,nan
SwinIR-lite (L1),BraTS2021_00062,31.75882,0.9876668453216553,0.073734134,0.9287326668816511,nan,nan
SwinIR-lite (L1),BraTS2021_00062,31.715553,0.9869738221168518,0.07504501,0.9339805825242719,nan,nan
SwinIR-lite (L1),BraTS2021_00062,31.614983,0.985478937625885,0.0773085,0.9379979217180464,nan,nan
SwinIR-lite (L1),BraTS2021_00062,31.78131,0.9857161641120911,0.077351,0.9367533380182712,nan,nan
SwinIR-lite (L1),BraTS2021_00062,31.337435,0.9858577847480774,0.079135045,0.9421319796954315,nan,nan
SwinIR-lite (L1),BraTS2021_00062,31.198835,0.9853416681289673,0.080457285,0.9544527532290958,nan,nan
SwinIR-lite (L1),BraTS2021_00062,31.202435,0.9864513874053955,0.07904581,0.9528013582342955,nan,nan
SwinIR-lite (L1),BraTS2021_00062,31.318138,0.9867085218429565,0.07856784,0.960668290985033,nan,nan
SwinIR-lite (L1),BraTS2021_00062,31.517384,0.9863467216491699,0.080128096,0.9537491240364401,nan,nan
SwinIR-lite (L1),BraTS2021_00062,31.312588,0.9863379597663879,0.08063996,0.936334857544847,nan,nan
SwinIR-lite (L1),BraTS2021_00062,31.391104,0.9843772649765015,0.08450933,0.9524172059383327,nan,nan
SwinIR-lite (L1),BraTS2021_00062,31.053629,0.9843641519546509,0.08601714,0.9252446183953034,nan,nan
SwinIR-lite (L1),BraTS2021_00062,30.670036,0.98445725440979,0.08800017,0.9353921170255993,nan,nan
SwinIR-lite (L1),BraTS2021_00062,30.67438,0.9838980436325073,0.090667516,0.9201838696197242,nan,nan
SwinIR-lite (L1),BraTS2021_00062,30.732119,0.9845883250236511,0.09083,0.9448398576512456,nan,nan
SwinIR-lite (L1),BraTS2021_00062,30.709446,0.9850861430168152,0.091218024,0.9474165523548239,nan,nan
SwinIR-lite (L1),BraTS2021_00062,30.493166,0.984220564365387,0.095540084,0.9583718778908418,nan,nan
SwinIR-lite (L1),BraTS2021_00062,30.67167,0.9836496710777283,0.09633867,0.9698443579766537,nan,nan
SwinIR-lite (L1),BraTS2021_00062,30.733177,0.9838403463363647,0.096728876,0.9442307692307692,nan,nan
SwinIR-lite (L1),BraTS2021_00062,30.399065,0.984639048576355,0.097555384,0.9163911195087387,nan,nan
SwinIR-lite (L1),BraTS2021_00062,30.466099,0.9825471639633179,0.104086645,0.9318746892093486,nan,nan
SwinIR-lite (L1),BraTS2021_00062,30.202782,0.9831590056419373,0.10548724,0.9248613212304589,nan,nan
SwinIR-lite (L1),BraTS2021_00062,30.27916,0.9829167127609253,0.10783708,0.927038626609442,nan,nan
SwinIR-lite (L1),BraTS2021_00062,30.449984,0.9846506118774414,0.10662142,0.9049471928849361,nan,nan
SwinIR-lite (L1),BraTS2021_00062,30.592134,0.9838177561759949,0.1107405,0.916613621896881,nan,nan
SwinIR-lite (L1),BraTS2021_00062,30.248516,0.9836311936378479,0.11495327,0.9174964438122333,nan,nan
SwinIR-lite (L1),BraTS2021_00062,30.4564,0.9843789935112,0.11584273,0.9279141104294478,nan,nan
SwinIR-lite (L1),BraTS2021_00062,30.65777,0.9849464893341064,0.11734862,0.9208510638297872,nan,nan
SwinIR-lite (L1),BraTS2021_00062,30.892904,0.9850513339042664,0.119933285,0.9266862170087976,nan,nan
SwinIR-lite (L1),BraTS2021_00062,30.96027,0.9861282706260681,0.11948922,0.8945054945054945,nan,nan
SwinIR-lite (L1),BraTS2021_00062,31.365925,0.9861595630645752,0.12226725,0.8959537572254336,nan,nan
SwinIR-lite (L1),BraTS2021_00062,31.376848,0.9853147864341736,0.12930836,0.7449392712550608,nan,nan
SwinIR-lite (L1),BraTS2021_00066,30.271366,0.9673373699188232,0.10462689,0.8837209302325582,nan,nan
SwinIR-lite (L1),BraTS2021_00066,30.427181,0.9689428210258484,0.10347447,0.9230769230769231,nan,nan
SwinIR-lite (L1),BraTS2021_00066,30.366087,0.9690954089164734,0.10283901,0.9447852760736196,nan,nan
SwinIR-lite (L1),BraTS2021_00066,30.497381,0.9723447561264038,0.10048067,0.9556313993174061,nan,nan
SwinIR-lite (L1),BraTS2021_00066,30.497448,0.9740990400314331,0.09772345,0.9717514124293786,nan,nan
SwinIR-lite (L1),BraTS2021_00066,30.539476,0.9725862145423889,0.09968927,0.9644171779141104,nan,nan
SwinIR-lite (L1),BraTS2021_00066,30.262735,0.9743991494178772,0.09827501,0.9601554907677357,nan,nan
SwinIR-lite (L1),BraTS2021_00066,30.501884,0.9771817326545715,0.09434572,0.9750215331610681,nan,nan
SwinIR-lite (L1),BraTS2021_00066,30.53171,0.9779855012893677,0.09307333,0.9711613406079501,nan,nan
SwinIR-lite (L1),BraTS2021_00066,30.48483,0.9783338904380798,0.09306787,0.9719626168224299,0.0,0.0
SwinIR-lite (L1),BraTS2021_00066,30.59226,0.9762951135635376,0.095752805,0.968561872909699,0.7666666666666667,0.7666666666666667
SwinIR-lite (L1),BraTS2021_00066,30.415838,0.977996289730072,0.09442925,0.9571603427172583,0.7063197026022305,0.7099236641221374
SwinIR-lite (L1),BraTS2021_00066,30.251545,0.9781450629234314,0.09459879,0.963841138114997,0.9458128078817734,0.8861538461538462
SwinIR-lite (L1),BraTS2021_00066,30.017004,0.9782496094703674,0.09451352,0.9581881533101045,0.6260387811634349,0.6783216783216783
SwinIR-lite (L1),BraTS2021_00066,29.998438,0.9782853722572327,0.09530052,0.9643463497453311,0.4155124653739612,0.5328467153284672
SwinIR-lite (L1),BraTS2021_00066,30.20468,0.9785779714584351,0.09488207,0.9656319290465631,0.16766467065868262,0.23423423423423423
SwinIR-lite (L1),BraTS2021_00066,30.225677,0.9801955223083496,0.09295615,0.9713690786048933,0.8650519031141869,0.8163265306122449
SwinIR-lite (L1),BraTS2021_00066,30.362286,0.9815027713775635,0.09160873,0.9639149777558083,0.22797927461139897,0.3467741935483871
SwinIR-lite (L1),BraTS2021_00066,30.86771,0.9826139211654663,0.08913349,0.9627118644067797,0.47161572052401746,0.4913494809688581
SwinIR-lite (L1),BraTS2021_00066,30.779213,0.9841455817222595,0.08660921,0.9615945551774429,0.28776978417266186,0.37800687285223367
SwinIR-lite (L1),BraTS2021_00066,30.77709,0.9827502965927124,0.08802497,0.9750367107195301,0.22966507177033493,0.2578397212543554
SwinIR-lite (L1),BraTS2021_00066,30.64505,0.9829143285751343,0.08689692,0.9807507218479307,0.4703476482617587,0.5706214689265536
SwinIR-lite (L1),BraTS2021_00066,30.73899,0.9826723337173462,0.08638991,0.9662921348314607,0.5622641509433962,0.55
SwinIR-lite (L1),BraTS2021_00066,30.773445,0.9816194772720337,0.08736197,0.975932043416706,0.135678391959799,0.1992619926199262
SwinIR-lite (L1),BraTS2021_00066,30.877575,0.9805260896682739,0.08711637,0.9748934154429181,0.34782608695652173,0.46511627906976744
SwinIR-lite (L1),BraTS2021_00066,31.25188,0.9800428748130798,0.08598962,0.9679579148732664,0.2912621359223301,0.39057239057239057
SwinIR-lite (L1),BraTS2021_00066,30.973263,0.9798693060874939,0.08607448,0.9704251386321626,0.268733850129199,0.34812286689419797
SwinIR-lite (L1),BraTS2021_00066,31.02811,0.9762927293777466,0.088591374,0.9683340982101881,0.2084507042253521,0.26618705035971224
SwinIR-lite (L1),BraTS2021_00066,30.86234,0.9774928689002991,0.087640375,0.9729481889041725,0.07308970099667775,0.08461538461538462
SwinIR-lite (L1),BraTS2021_00066,31.135239,0.977054238319397,0.08667538,0.9648711943793911,0.0,0.0
SwinIR-lite (L1),BraTS2021_00066,30.90748,0.9765552878379822,0.090186514,0.9286713286713286,0.5678233438485805,0.5714285714285714
SwinIR-lite (L1),BraTS2021_00066,31.033524,0.9740105867385864,0.09206456,0.9633074935400516,0.5783132530120482,0.5783132530120482
SwinIR-lite (L1),BraTS2021_00066,30.77614,0.9729887843132019,0.09250708,0.9637479085331846,0.5068493150684932,0.5068493150684932
SwinIR-lite (L1),BraTS2021_00066,30.807747,0.9711238741874695,0.09425651,0.9413942011104257,0.0,0.0
SwinIR-lite (L1),BraTS2021_00066,30.69867,0.9751911759376526,0.092435874,0.9442970822281167,nan,nan
SwinIR-lite (L1),BraTS2021_00066,30.647034,0.9705145359039307,0.0957274,0.9375951293759512,nan,nan
SwinIR-lite (L1),BraTS2021_00066,30.469173,0.9707026481628418,0.09890313,0.9187772925764193,nan,nan
SwinIR-lite (L1),BraTS2021_00066,30.015236,0.9701834917068481,0.10130029,0.9364613880742912,nan,nan
SwinIR-lite (L1),BraTS2021_00066,29.809597,0.9693263173103333,0.10411014,0.9451754385964912,nan,nan
SwinIR-lite (L1),BraTS2021_00066,29.990244,0.9674277901649475,0.10810767,0.9083665338645418,nan,nan
SwinIR-lite (L1),BraTS2021_00066,29.794964,0.964885950088501,0.10929417,0.9329268292682927,nan,nan
SwinIR-lite (L1),BraTS2021_00066,29.57888,0.9684268832206726,0.1082432,0.9389067524115756,nan,nan
SwinIR-lite (L1),BraTS2021_00066,29.47358,0.9674921631813049,0.113183916,0.9543147208121827,nan,nan
SwinIR-lite (L1),BraTS2021_00066,29.661098,0.9692221879959106,0.11006369,0.9361702127659575,nan,nan
SwinIR-lite (L1),BraTS2021_00066,29.856857,0.9688493609428406,0.1129119,0.926829268292683,nan,nan
SwinIR-lite (L1),BraTS2021_00066,29.771463,0.9685177206993103,0.112592876,0.9290322580645162,nan,nan
SwinIR-lite (L1),BraTS2021_00066,29.600803,0.9669134020805359,0.1176608,0.955503512880562,nan,nan
SwinIR-lite (L1),BraTS2021_00066,29.561758,0.969155490398407,0.11670278,0.9354005167958657,nan,nan
SwinIR-lite (L1),BraTS2021_00066,29.447317,0.9691272974014282,0.11803955,0.8757062146892656,nan,nan
SwinIR-lite (L1),BraTS2021_00071,31.80562,0.9822575449943542,0.10288734,nan,nan,nan
SwinIR-lite (L1),BraTS2021_00071,31.65517,0.9806928634643555,0.10622275,nan,nan,nan
SwinIR-lite (L1),BraTS2021_00071,31.348074,0.9787148237228394,0.10986559,nan,nan,nan
SwinIR-lite (L1),BraTS2021_00071,31.180214,0.9792872667312622,0.11103839,nan,nan,nan
SwinIR-lite (L1),BraTS2021_00071,31.073624,0.9771386384963989,0.11501373,nan,nan,nan
SwinIR-lite (L1),BraTS2021_00071,30.940353,0.9759927988052368,0.11644881,0.0,nan,nan
SwinIR-lite (L1),BraTS2021_00071,30.76443,0.9747898578643799,0.11577528,0.0,nan,nan
SwinIR-lite (L1),BraTS2021_00071,30.660751,0.9746219515800476,0.114890754,0.0,nan,nan
SwinIR-lite (L1),BraTS2021_00071,30.9256,0.9754121899604797,0.10865667,0.16625916870415647,nan,nan
SwinIR-lite (L1),BraTS2021_00071,31.006863,0.9727720022201538,0.11065464,0.72,nan,nan
SwinIR-lite (L1),BraTS2021_00071,31.006165,0.9754406809806824,0.10502229,0.9028268551236749,0.0,0.0
SwinIR-lite (L1),BraTS2021_00071,30.641947,0.972641110420227,0.1080086,0.8654434250764526,0.0,0.0
SwinIR-lite (L1),BraTS2021_00071,30.713741,0.9712414145469666,0.108590275,0.9356499356499357,0.4387755102040816,0.4387755102040816
SwinIR-lite (L1),BraTS2021_00071,30.635052,0.9691498279571533,0.11043193,0.9113428943937418,0.8900804289544236,0.888283378746594
SwinIR-lite (L1),BraTS2021_00071,30.618965,0.9716511964797974,0.10813568,0.8666666666666667,0.7122302158273381,0.6979362101313321
SwinIR-lite (L1),BraTS2021_00071,30.901493,0.972070038318634,0.104661435,0.8777698355968548,0.7717569786535303,0.7382297551789078
SwinIR-lite (L1),BraTS2021_00071,31.15567,0.9741769433021545,0.10180786,0.9089595375722543,0.7412353923205343,0.718562874251497
SwinIR-lite (L1),BraTS2021_00071,31.085646,0.9727016091346741,0.10158812,0.8941877794336811,0.8325925925925926,0.758095238095238
SwinIR-lite (L1),BraTS2021_00071,31.234835,0.9749040007591248,0.09981129,0.8960843373493976,0.9283489096573209,0.8298368298368298
SwinIR-lite (L1),BraTS2021_00071,31.39399,0.9748071432113647,0.10001961,0.8832236842105263,0.9127906976744186,0.8017429193899782
SwinIR-lite (L1),BraTS2021_00071,31.483488,0.9776497483253479,0.096412085,0.9337641357027464,0.9235294117647059,0.8243243243243243
SwinIR-lite (L1),BraTS2021_00071,31.407831,0.9763569831848145,0.09698075,0.934199837530463,0.9246676514032496,0.832579185520362
SwinIR-lite (L1),BraTS2021_00071,31.288813,0.977943480014801,0.09579422,0.9078014184397163,0.9237410071942446,0.8280542986425339
SwinIR-lite (L1),BraTS2021_00071,31.546585,0.9770546555519104,0.09676877,0.926056338028169,0.9321533923303835,0.7980769230769231
SwinIR-lite (L1),BraTS2021_00071,31.41574,0.9763013124465942,0.09807848,0.8928909952606635,0.93646408839779,0.8326180257510729
SwinIR-lite (L1),BraTS2021_00071,31.320156,0.975232720375061,0.09809261,0.9077490774907749,0.9367429340511441,0.8484848484848485
SwinIR-lite (L1),BraTS2021_00071,31.366764,0.9742910861968994,0.09839711,0.9239332096474954,0.9055627425614489,0.7855711422845691
SwinIR-lite (L1),BraTS2021_00071,31.201962,0.9738057255744934,0.09897483,0.9389243391066545,0.8660968660968661,0.8018223234624146
SwinIR-lite (L1),BraTS2021_00071,31.433973,0.9757800698280334,0.096999645,0.8583247156153051,0.9315476190476191,0.8792270531400966
SwinIR-lite (L1),BraTS2021_00071,31.373535,0.9771754145622253,0.095223084,0.9161793372319688,0.9177489177489178,0.8546637744034707
SwinIR-lite (L1),BraTS2021_00071,31.46907,0.9764485359191895,0.09607136,0.9219562955254943,0.9327485380116959,0.8872458410351202
SwinIR-lite (L1),BraTS2021_00071,31.406197,0.9776177406311035,0.09483951,0.9347826086956522,0.9333333333333333,0.893542757417103
SwinIR-lite (L1),BraTS2021_00071,31.334133,0.9779858589172363,0.09442642,0.9662698412698413,0.9451219512195121,0.9209138840070299
SwinIR-lite (L1),BraTS2021_00071,31.366957,0.9774267673492432,0.09646734,0.9495365602471678,0.9458128078817734,0.9045801526717557
SwinIR-lite (L1),BraTS2021_00071,31.34227,0.976364016532898,0.09755654,0.9205366357069144,0.9473684210526315,0.9134808853118712
SwinIR-lite (L1),BraTS2021_00071,31.383148,0.9764682054519653,0.09902771,0.9342359767891683,0.9127272727272727,0.8770491803278688
SwinIR-lite (L1),BraTS2021_00071,31.259916,0.977729082107544,0.09689791,0.9620253164556962,0.9243027888446215,0.8578088578088578
SwinIR-lite (L1),BraTS2021_00071,31.478579,0.9802805185317993,0.09291402,0.9692765113974232,0.7586206896551724,0.7138643067846607
SwinIR-lite (L1),BraTS2021_00071,31.69944,0.9804138541221619,0.092104405,0.9813542688910697,0.6925566343042071,0.6529209621993127
SwinIR-lite (L1),BraTS2021_00071,31.84406,0.9817817807197571,0.08985905,0.9684638860630722,0.6046511627906976,0.6
SwinIR-lite (L1),BraTS2021_00071,32.36882,0.9829855561256409,0.0870912,0.9424083769633508,0.5064935064935064,0.5131578947368421
SwinIR-lite (L1),BraTS2021_00071,32.248684,0.9832585453987122,0.086588554,0.9524838012958964,0.3076923076923077,0.3076923076923077
SwinIR-lite (L1),BraTS2021_00071,32.478893,0.984488308429718,0.08386582,0.9345372460496614,0.0,0.0
SwinIR-lite (L1),BraTS2021_00071,32.766506,0.9850728511810303,0.08324722,0.8053691275167785,0.0,0.0
SwinIR-lite (L1),BraTS2021_00071,32.58287,0.986079752445221,0.08088647,0.8910344827586207,0.0,0.0
SwinIR-lite (L1),BraTS2021_00071,32.973743,0.9856081008911133,0.08088197,0.8482003129890454,nan,nan
SwinIR-lite (L1),BraTS2021_00071,33.07495,0.9864959716796875,0.07929381,0.8553054662379421,nan,nan
SwinIR-lite (L1),BraTS2021_00071,33.265232,0.9861917495727539,0.079318486,0.8305084745762712,nan,nan
SwinIR-lite (L1),BraTS2021_00071,32.908127,0.9867697358131409,0.07882829,0.7984644913627639,nan,nan
SwinIR-lite (L1),BraTS2021_00071,33.096935,0.986041784286499,0.07941195,0.8647619047619047,nan,nan
SwinIR-lite (L1),BraTS2021_00071,33.117172,0.9855053424835205,0.08085118,0.845360824742268,nan,nan
SwinIR-lite (L1),BraTS2021_00071,32.855553,0.9845370054244995,0.08129668,0.8875739644970414,nan,nan
SwinIR-lite (L1),BraTS2021_00071,32.60453,0.9839308261871338,0.08262074,0.8657314629258517,nan,nan
SwinIR-lite (L1),BraTS2021_00071,32.788795,0.9841988682746887,0.08181745,0.8816326530612245,nan,nan
SwinIR-lite (L1),BraTS2021_00071,32.847866,0.9846130609512329,0.079505205,0.8261851015801355,nan,nan
SwinIR-lite (L1),BraTS2021_00071,32.80238,0.9813920855522156,0.08227753,0.8571428571428571,nan,nan
SwinIR-lite (L1),BraTS2021_00071,32.834927,0.982668936252594,0.08050182,0.7445652173913043,nan,nan
SwinIR-lite (L1),BraTS2021_00071,32.650887,0.9824492335319519,0.08016753,0.45018450184501846,nan,nan
SwinIR-lite (L1),BraTS2021_00071,32.60131,0.9811844229698181,0.08120158,0.3285024154589372,nan,nan
SwinIR-lite (L1),BraTS2021_00071,32.630054,0.9787136912345886,0.08317266,0.0,nan,nan
SwinIR-lite (L1),BraTS2021_00071,32.11042,0.9809564352035522,0.08382291,0.0,nan,nan
SwinIR-lite (L1),BraTS2021_00071,31.968323,0.9793299436569214,0.08680668,0.0,nan,nan
SwinIR-lite (L1),BraTS2021_00071,32.19449,0.9797048568725586,0.085595116,0.0,nan,nan
SwinIR-lite (L1),BraTS2021_00074,31.168098,0.9651707410812378,0.11288986,0.0,nan,nan
SwinIR-lite (L1),BraTS2021_00074,31.305588,0.9643076062202454,0.113449566,0.0,nan,nan
SwinIR-lite (L1),BraTS2021_00074,31.359224,0.964748203754425,0.11140894,0.11320754716981132,0.0,0.0
SwinIR-lite (L1),BraTS2021_00074,31.7831,0.9660014510154724,0.10944389,0.041025641025641026,nan,nan
SwinIR-lite (L1),BraTS2021_00074,31.732563,0.9701228737831116,0.10476098,0.7688679245283019,nan,nan
SwinIR-lite (L1),BraTS2021_00074,31.764593,0.9721286296844482,0.10341,0.8390092879256966,nan,nan
SwinIR-lite (L1),BraTS2021_00074,31.685665,0.9728497266769409,0.100759625,0.870020964360587,nan,nan
SwinIR-lite (L1),BraTS2021_00074,31.761356,0.9720182418823242,0.09976754,0.8742004264392325,nan,nan
SwinIR-lite (L1),BraTS2021_00074,31.95414,0.9713066220283508,0.10121997,0.8472843450479233,0.2465753424657534,0.2465753424657534
SwinIR-lite (L1),BraTS2021_00074,31.692268,0.9694132208824158,0.102637455,0.8973460190285428,0.8075117370892019,0.8075117370892019
SwinIR-lite (L1),BraTS2021_00074,32.086655,0.9749504923820496,0.096557446,0.9371573175875159,0.7865853658536586,0.8152866242038217
SwinIR-lite (L1),BraTS2021_00074,31.831463,0.9735608100891113,0.09870996,0.9492947007243614,0.7478991596638656,0.7769784172661871
SwinIR-lite (L1),BraTS2021_00074,31.862028,0.9722112417221069,0.099708654,0.9240014139271827,0.7925696594427245,0.7940630797773655
SwinIR-lite (L1),BraTS2021_00074,31.535309,0.9739636778831482,0.09734038,0.9506697157791572,0.8009535160905841,0.7647907647907648
SwinIR-lite (L1),BraTS2021_00074,31.790611,0.9726359248161316,0.09924279,0.9418215047212914,0.8762278978388998,0.8295589988081049
SwinIR-lite (L1),BraTS2021_00074,31.723522,0.9736761450767517,0.09755845,0.9658273381294964,0.8845829823083403,0.8436516264428122
SwinIR-lite (L1),BraTS2021_00074,31.629152,0.9724097847938538,0.09957475,0.9502602660497398,0.8750994431185362,0.8166160081053698
SwinIR-lite (L1),BraTS2021_00074,31.451263,0.9710685014724731,0.10049476,0.9354838709677419,0.8588588588588588,0.7929759704251387
SwinIR-lite (L1),BraTS2021_00074,31.586971,0.9739293456077576,0.09690286,0.9725601131541726,0.8314937454010302,0.7530434782608696
SwinIR-lite (L1),BraTS2021_00074,31.574108,0.9747806787490845,0.09511982,0.9677069199457259,0.7958333333333333,0.7858472998137802
SwinIR-lite (L1),BraTS2021_00074,31.52358,0.9745845794677734,0.09508879,0.9730603448275862,0.8157724628312863,0.8090671316477768
SwinIR-lite (L1),BraTS2021_00074,31.784695,0.9759266376495361,0.09379752,0.968421052631579,0.8493647912885662,0.7724252491694352
SwinIR-lite (L1),BraTS2021_00074,31.816124,0.9762730002403259,0.093022965,0.976530612244898,0.9076923076923077,0.7801652892561983
SwinIR-lite (L1),BraTS2021_00074,31.858751,0.9760910868644714,0.09276979,0.9715311618363683,0.9347258485639687,0.794766966475879
SwinIR-lite (L1),BraTS2021_00074,31.713737,0.9777150750160217,0.08998886,0.9734688817257625,0.9374682257244534,0.780373831775701
SwinIR-lite (L1),BraTS2021_00074,31.734684,0.9769382476806641,0.09235001,0.975485188968335,0.9455095862764884,0.779182156133829
SwinIR-lite (L1),BraTS2021_00074,31.958036,0.9782067537307739,0.089617245,0.97994414826098,0.9501525940996948,0.8126760563380282
SwinIR-lite (L1),BraTS2021_00074,32.00641,0.9769182205200195,0.09220222,0.9621508744453146,0.9702380952380952,0.8797886393659181
SwinIR-lite (L1),BraTS2021_00074,32.13698,0.9795180559158325,0.08835705,0.9613821138211383,0.9601226993865031,0.8586466165413534
SwinIR-lite (L1),BraTS2021_00074,32.136665,0.9798310399055481,0.08759041,0.9745173745173745,0.9678756476683937,0.8834870075440067
SwinIR-lite (L1),BraTS2021_00074,32.22737,0.9801326394081116,0.08856139,0.9743198576150521,0.9540481400437637,0.8011869436201781
SwinIR-lite (L1),BraTS2021_00074,32.275677,0.9807734489440918,0.087038256,0.9545918367346938,0.9625069949636262,0.8151260504201681
SwinIR-lite (L1),BraTS2021_00074,32.208,0.9810909032821655,0.085528366,0.9462586783234764,0.9420989143546441,0.8258064516129032
SwinIR-lite (L1),BraTS2021_00074,32.198692,0.9815977811813354,0.08488154,0.9582494969818913,0.9420012746972594,0.7836538461538461
SwinIR-lite (L1),BraTS2021_00074,32.404503,0.9825896620750427,0.08271266,0.9612856099342586,0.8946996466431095,0.7446300715990454
SwinIR-lite (L1),BraTS2021_00074,32.655376,0.9828738570213318,0.081740454,0.9671600370027752,0.8410757946210269,0.6380027739251041
SwinIR-lite (L1),BraTS2021_00074,32.55631,0.9823275804519653,0.08160476,0.9741282339707537,0.8041237113402062,0.6188034188034188
SwinIR-lite (L1),BraTS2021_00074,32.5385,0.982875406742096,0.080349,0.9773534635879219,0.837108953613808,0.6892109500805152
SwinIR-lite (L1),BraTS2021_00074,32.548656,0.9829228520393372,0.08063174,0.9856146469049695,0.6538461538461539,0.5779967159277504
SwinIR-lite (L1),BraTS2021_00074,32.721035,0.9827255010604858,0.079944156,0.9865668354987888,0.7841409691629956,0.7673343605546995
SwinIR-lite (L1),BraTS2021_00074,32.980133,0.9835359454154968,0.07811166,0.9814487632508834,0.6650717703349283,0.7875
SwinIR-lite (L1),BraTS2021_00074,32.990097,0.9837416410446167,0.07725879,0.9827036868456986,0.7364185110663984,0.6778947368421052
SwinIR-lite (L1),BraTS2021_00074,33.07618,0.9812824726104736,0.080717035,0.9802631578947368,0.5141388174807198,0.5141388174807198
SwinIR-lite (L1),BraTS2021_00074,32.91221,0.9835283160209656,0.078097634,0.9854796477029278,0.21333333333333335,0.21333333333333335
SwinIR-lite (L1),BraTS2021_00074,33.12123,0.9850269556045532,0.07617592,0.9902912621359223,0.0,0.0
SwinIR-lite (L1),BraTS2021_00074,32.89689,0.9838730096817017,0.07821205,0.9851347946586042,0.47619047619047616,0.0
SwinIR-lite (L1),BraTS2021_00074,32.86798,0.9819271564483643,0.08148016,0.9835897435897436,0.38596491228070173,0.0
SwinIR-lite (L1),BraTS2021_00074,32.79052,0.9818326234817505,0.08171239,0.9848721961398018,0.0,nan
SwinIR-lite (L1),BraTS2021_00074,32.756695,0.981920599937439,0.081226125,0.9872476089266737,0.0,nan
SwinIR-lite (L1),BraTS2021_00074,32.713142,0.9823890328407288,0.08231936,0.9901674196120117,nan,nan
SwinIR-lite (L1),BraTS2021_00074,32.731113,0.982316792011261,0.08172648,0.9881081081081081,0.0,nan
SwinIR-lite (L1),BraTS2021_00074,32.584145,0.9815087914466858,0.08338938,0.9871479354662291,nan,nan
SwinIR-lite (L1),BraTS2021_00074,32.614677,0.9811014533042908,0.08314073,0.9878770792218776,nan,nan
SwinIR-lite (L1),BraTS2021_00074,32.36369,0.9789897203445435,0.087383494,0.9845526085689303,nan,nan
SwinIR-lite (L1),BraTS2021_00074,32.236607,0.9776312112808228,0.08864663,0.9780487804878049,nan,nan
SwinIR-lite (L1),BraTS2021_00074,32.11766,0.979588508605957,0.086294405,0.9741650913673598,nan,nan
SwinIR-lite (L1),BraTS2021_00074,32.08351,0.9789496064186096,0.08774099,0.9656526005888125,nan,nan
SwinIR-lite (L1),BraTS2021_00074,32.067352,0.9759926795959473,0.09231151,0.9671682626538988,nan,nan
SwinIR-lite (L1),BraTS2021_00074,32.11709,0.9761334657669067,0.09070933,0.9704521181915272,nan,nan
SwinIR-lite (L1),BraTS2021_00074,31.904839,0.9757052063941956,0.092835575,0.974726518294983,nan,nan
SwinIR-lite (L1),BraTS2021_00074,32.017246,0.9732838869094849,0.09660441,0.9535864978902954,nan,nan
SwinIR-lite (L1),BraTS2021_00074,31.679752,0.9716874361038208,0.09802006,0.9640776699029127,nan,nan
SwinIR-lite (L1),BraTS2021_00074,31.703176,0.9712017774581909,0.10058095,0.9646924829157175,nan,nan
SwinIR-lite (L1),BraTS2021_00074,31.50033,0.9716154932975769,0.09947026,0.9414858645627876,nan,nan
SwinIR-lite (L1),BraTS2021_00074,31.606958,0.9686077237129211,0.10479379,0.8759124087591241,nan,nan
SwinIR-lite (L1),BraTS2021_00074,31.234636,0.9699035286903381,0.105411015,0.5693430656934306,nan,nan
SwinIR-lite (L1),BraTS2021_00085,32.151573,0.9748601317405701,0.08722235,0.4645161290322581,nan,nan
SwinIR-lite (L1),BraTS2021_00085,32.35898,0.9745714664459229,0.08724287,0.0,nan,nan
SwinIR-lite (L1),BraTS2021_00085,32.304996,0.9760239720344543,0.086692855,0.33698030634573306,nan,nan
SwinIR-lite (L1),BraTS2021_00085,32.430027,0.9740946292877197,0.08551794,0.0,nan,nan
SwinIR-lite (L1),BraTS2021_00085,32.268158,0.97291499376297,0.08801876,0.34522111269614836,nan,nan
SwinIR-lite (L1),BraTS2021_00085,32.397667,0.9756109118461609,0.08565667,0.520138089758343,nan,nan
SwinIR-lite (L1),BraTS2021_00085,32.47718,0.9762441515922546,0.08558977,0.8825622775800712,0.0,0.0
SwinIR-lite (L1),BraTS2021_00085,32.42004,0.9768132567405701,0.08335224,0.9321340964840557,nan,nan
SwinIR-lite (L1),BraTS2021_00085,32.424805,0.9789558053016663,0.082255416,0.9406593406593406,nan,nan
SwinIR-lite (L1),BraTS2021_00085,32.603867,0.9798882007598877,0.081076466,0.9112508735150244,nan,nan
SwinIR-lite (L1),BraTS2021_00085,32.419106,0.9810530543327332,0.08048726,0.8996036988110965,nan,nan
SwinIR-lite (L1),BraTS2021_00085,32.86182,0.9831441640853882,0.07695277,0.8741302972802024,nan,nan
SwinIR-lite (L1),BraTS2021_00085,32.661736,0.9827045202255249,0.0778432,0.8832731648616126,nan,nan
SwinIR-lite (L1),BraTS2021_00085,32.906307,0.9840874075889587,0.0753468,0.845223700120919,nan,nan
SwinIR-lite (L1),BraTS2021_00085,33.156,0.9837584495544434,0.075174816,0.8315982853643601,nan,nan
SwinIR-lite (L1),BraTS2021_00085,33.309708,0.9842130541801453,0.07353395,0.8007380073800738,0.0,nan
SwinIR-lite (L1),BraTS2021_00085,33.362053,0.9845515489578247,0.07287937,0.8711727325245523,0.0,0.0
SwinIR-lite (L1),BraTS2021_00085,32.804485,0.9841842651367188,0.07415615,0.922566371681416,0.0,0.0
SwinIR-lite (L1),BraTS2021_00085,32.60169,0.9844114780426025,0.07501286,0.9272030651340997,0.12658227848101267,0.15625
SwinIR-lite (L1),BraTS2021_00085,32.85392,0.9839406609535217,0.07446126,0.9149623250807319,0.48936170212765956,0.5301204819277109
SwinIR-lite (L1),BraTS2021_00085,32.633224,0.9834257960319519,0.077792935,0.8923884514435696,0.75,0.7663551401869159
SwinIR-lite (L1),BraTS2021_00085,32.518673,0.9844236969947815,0.07580702,0.9135188866799204,0.72,0.8113207547169812
SwinIR-lite (L1),BraTS2021_00085,32.455498,0.9827940464019775,0.077815704,0.8947113051916545,0.5,0.5
SwinIR-lite (L1),BraTS2021_00085,32.5746,0.982987105846405,0.077679016,0.9061913696060038,0.48484848484848486,0.5818181818181818
SwinIR-lite (L1),BraTS2021_00085,32.30038,0.9840967059135437,0.07670836,0.8999064546304958,0.0,0.0
SwinIR-lite (L1),BraTS2021_00085,32.058777,0.9819846153259277,0.07999976,0.8791946308724832,0.0,0.0
SwinIR-lite (L1),BraTS2021_00085,31.785496,0.981658935546875,0.08193475,0.8638132295719845,0.0,0.0
SwinIR-lite (L1),BraTS2021_00085,31.538916,0.9790586233139038,0.08594756,0.8586903003446578,0.11764705882352941,0.25
SwinIR-lite (L1),BraTS2021_00085,31.156956,0.9766362309455872,0.09089277,0.8289405684754522,0.0,0.0
SwinIR-lite (L1),BraTS2021_00085,31.092098,0.9785140156745911,0.08874837,0.8744372186093047,0.0,0.0
SwinIR-lite (L1),BraTS2021_00085,30.817549,0.9764366745948792,0.09411329,0.8727825646224024,0.0,0.0
SwinIR-lite (L1),BraTS2021_00085,30.570366,0.9762888550758362,0.0942258,0.8709841917389087,0.0,0.0
SwinIR-lite (L1),BraTS2021_00085,30.513613,0.9750624895095825,0.0960121,0.9104627766599598,0.48936170212765956,0.6153846153846154
SwinIR-lite (L1),BraTS2021_00085,30.3178,0.9732179045677185,0.09902647,0.8872574724698479,0.5945945945945946,0.6909090909090909
SwinIR-lite (L1),BraTS2021_00085,30.30197,0.9746869802474976,0.09903407,0.8787878787878788,0.30434782608695654,0.4666666666666667
SwinIR-lite (L1),BraTS2021_00085,30.159676,0.9731245636940002,0.10230617,0.9046849757673667,0.5490196078431373,0.5432098765432098
SwinIR-lite (L1),BraTS2021_00085,29.996155,0.9724416732788086,0.105741814,0.9089912280701754,0.3,0.32142857142857145
SwinIR-lite (L1),BraTS2021_00085,29.887798,0.9742679595947266,0.104991816,0.8904788112272978,0.0,0.0
SwinIR-lite (L1),BraTS2021_00085,29.633324,0.9735050797462463,0.10805535,0.8829026937877955,0.0,0.0
SwinIR-lite (L1),BraTS2021_00085,29.546906,0.9742479920387268,0.10851811,0.8851388132825259,0.0,0.0
SwinIR-lite (L1),BraTS2021_00085,29.515306,0.9748330116271973,0.1106018,0.9188619599578504,0.0,0.0
SwinIR-lite (L1),BraTS2021_00085,29.40493,0.9741370677947998,0.11327027,0.8928765633496466,0.46153846153846156,0.5
SwinIR-lite (L1),BraTS2021_00085,29.290749,0.9765726923942566,0.11243385,0.8953744493392071,0.0,0.0
SwinIR-lite (L1),BraTS2021_00085,29.116657,0.9755198359489441,0.11814672,0.916289592760181,0.0,0.0
SwinIR-lite (L1),BraTS2021_00085,29.215002,0.977421224117279,0.118640184,0.8908246225319396,0.0,0.0
SwinIR-lite (L1),BraTS2021_00085,29.520826,0.9789239168167114,0.11896686,0.9217491369390104,0.0,0.0
SwinIR-lite (L1),BraTS2021_00085,29.12661,0.9781708717346191,0.12338847,0.9364985163204748,0.0,nan
SwinIR-lite (L1),BraTS2021_00085,29.267227,0.9805611371994019,0.12214163,0.9325771896660365,nan,nan
SwinIR-lite (L1),BraTS2021_00085,29.399704,0.9798078536987305,0.12772025,0.9568527918781726,nan,nan
SwinIR-lite (L1),BraTS2021_00085,29.151299,0.9822941422462463,0.12358769,0.9437109103544128,0.0,0.0
SwinIR-lite (L1),BraTS2021_00085,29.337732,0.9822349548339844,0.12688771,0.93202416918429,0.0,0.0
SwinIR-lite (L1),BraTS2021_00085,29.353178,0.9817028045654297,0.13347666,0.927763272410792,0.0,0.0
SwinIR-lite (L1),BraTS2021_00085,29.24155,0.9814557433128357,0.13862467,0.9176954732510288,0.0,0.0
SwinIR-lite (L1),BraTS2021_00085,29.715382,0.9811252355575562,0.14429702,0.8757539203860072,0.0,0.0
SwinIR-lite (L1),BraTS2021_00085,29.440672,0.9794269800186157,0.15531746,0.8706624605678234,0.0,nan
SwinIR-lite (L1),BraTS2021_00085,29.933834,0.9801676869392395,0.15757443,0.8097560975609757,nan,nan
SwinIR-lite (L1),BraTS2021_00085,30.239914,0.9798665642738342,0.16425444,0.7938931297709924,nan,nan
SwinIR-lite (L1),BraTS2021_00087,31.21424,0.9846540093421936,0.13356215,0.8059701492537313,nan,nan
SwinIR-lite (L1),BraTS2021_00087,31.33081,0.9848018288612366,0.13011359,0.8170426065162907,nan,nan
SwinIR-lite (L1),BraTS2021_00087,31.298697,0.9856613874435425,0.12423903,0.8650519031141869,nan,nan
SwinIR-lite (L1),BraTS2021_00087,30.983799,0.9848278164863586,0.12593587,0.9036144578313253,nan,nan
SwinIR-lite (L1),BraTS2021_00087,31.229626,0.9863156080245972,0.11732217,0.9069767441860465,nan,nan
SwinIR-lite (L1),BraTS2021_00087,31.350496,0.9857382774353027,0.11775873,0.9192660550458716,0.0,0.0
SwinIR-lite (L1),BraTS2021_00087,31.142853,0.9852520227432251,0.11776403,0.9157254561251086,0.0,0.0
SwinIR-lite (L1),BraTS2021_00087,30.803299,0.9842153787612915,0.118626654,0.9066265060240963,0.0,0.0
SwinIR-lite (L1),BraTS2021_00087,30.750496,0.9837818741798401,0.1177879,0.9011142061281338,0.04878048780487805,0.04878048780487805
SwinIR-lite (L1),BraTS2021_00087,30.934793,0.9839037656784058,0.114391334,0.9108653220559532,0.48507462686567165,0.44787644787644787
SwinIR-lite (L1),BraTS2021_00087,30.51707,0.9831928610801697,0.114566,0.91711389385808,0.19661016949152543,0.1328125
SwinIR-lite (L1),BraTS2021_00087,30.242,0.9826593995094299,0.11459568,0.8850457782299085,0.21164021164021163,0.25157232704402516
SwinIR-lite (L1),BraTS2021_00087,30.176857,0.9810692071914673,0.11569772,0.9102021626704279,0.8041237113402062,0.7298747763864043
SwinIR-lite (L1),BraTS2021_00087,30.094698,0.9806374311447144,0.114257745,0.912478336221837,0.7876447876447876,0.6666666666666666
SwinIR-lite (L1),BraTS2021_00087,30.377762,0.9800118803977966,0.11403551,0.882282996432818,0.9362591431556949,0.8180494905385735
SwinIR-lite (L1),BraTS2021_00087,29.99481,0.9804240465164185,0.112270996,0.883704974271012,0.9187675070028011,0.7806354009077155
SwinIR-lite (L1),BraTS2021_00087,29.681683,0.978653073310852,0.11395104,0.8955887019993652,0.9014567266495287,0.7573099415204678
SwinIR-lite (L1),BraTS2021_00087,29.249304,0.9740858674049377,0.11822027,0.9230769230769231,0.9177018633540373,0.8297055057618438
SwinIR-lite (L1),BraTS2021_00087,29.499748,0.9709935784339905,0.11705671,0.9441845961958216,0.8244392884764115,0.7215189873417721
SwinIR-lite (L1),BraTS2021_00087,29.641846,0.9719857573509216,0.110004954,0.9344009855251001,0.9395790902919212,0.830939226519337
SwinIR-lite (L1),BraTS2021_00087,29.56849,0.9732947945594788,0.1072183,0.9299598889231718,0.9242219215155616,0.8286384976525821
SwinIR-lite (L1),BraTS2021_00087,29.570705,0.9725896120071411,0.10694013,0.934040047114252,0.8839471855455178,0.8158192090395481
SwinIR-lite (L1),BraTS2021_00087,29.639032,0.9723756313323975,0.10463231,0.9376992176180817,0.8934081346423562,0.8350951374207188
SwinIR-lite (L1),BraTS2021_00087,29.743435,0.9693374633789062,0.10751588,0.9258528333803214,0.8510354041416166,0.7272727272727273
SwinIR-lite (L1),BraTS2021_00087,29.974854,0.9718921780586243,0.10365895,0.9327158812312721,0.8832764505119454,0.8115631691648822
SwinIR-lite (L1),BraTS2021_00087,30.058157,0.974504828453064,0.09863704,0.9360573096312019,0.796736913664174,0.7193515704154002
SwinIR-lite (L1),BraTS2021_00087,30.156744,0.9727612733840942,0.099420704,0.9159510798855062,0.7837116154873164,0.6971201588877854
SwinIR-lite (L1),BraTS2021_00087,30.145216,0.9719745516777039,0.097397104,0.9474246063517481,0.8014035087719298,0.7778819119025304
SwinIR-lite (L1),BraTS2021_00087,30.651524,0.9723095297813416,0.09601086,0.9159354656099632,0.7371556217423678,0.7481751824817519
SwinIR-lite (L1),BraTS2021_00087,30.612675,0.9706752896308899,0.09563268,0.9356315647724213,0.8136986301369863,0.7171806167400882
SwinIR-lite (L1),BraTS2021_00087,30.488468,0.9704745411872864,0.09671257,0.9273969137364028,0.7335285505124451,0.6654708520179372
SwinIR-lite (L1),BraTS2021_00087,30.498009,0.9720849990844727,0.09488684,0.9294949987801903,0.6403861625100563,0.5294705294705294
SwinIR-lite (L1),BraTS2021_00087,30.87053,0.975620448589325,0.09076911,0.9333651779316934,0.7296875,0.6423076923076924
SwinIR-lite (L1),BraTS2021_00087,31.18914,0.976321280002594,0.08908369,0.9180765805877115,0.6532751091703056,0.6036960985626283
SwinIR-lite (L1),BraTS2021_00087,31.151234,0.9768940210342407,0.08728112,0.9200596887657216,0.5415384615384615,0.5353535353535354
SwinIR-lite (L1),BraTS2021_00087,31.11307,0.9790013432502747,0.085663736,0.9267515923566879,0.39855072463768115,0.4567627494456763
SwinIR-lite (L1),BraTS2021_00087,31.090977,0.9806777834892273,0.08531065,0.9482852476864453,0.46520874751491054,0.45823389021479716
SwinIR-lite (L1),BraTS2021_00087,31.170637,0.9808367490768433,0.08472664,0.936101083032491,0.0,0.0
SwinIR-lite (L1),BraTS2021_00087,31.287033,0.9792353510856628,0.0844068,0.9151138716356108,0.132890365448505,0.1444043321299639
SwinIR-lite (L1),BraTS2021_00087,31.362179,0.9806933999061584,0.083929345,0.9674093168845517,0.02030456852791878,0.020942408376963352
SwinIR-lite (L1),BraTS2021_00087,31.278952,0.9799168109893799,0.08484581,0.962453531598513,0.44660194174757284,0.44660194174757284
SwinIR-lite (L1),BraTS2021_00087,30.966776,0.9802455306053162,0.085294485,0.9427609427609428,0.3283582089552239,0.3333333333333333
SwinIR-lite (L1),BraTS2021_00087,31.027716,0.9811578392982483,0.08398342,0.9370446478610125,0.6407766990291263,0.6407766990291263
SwinIR-lite (L1),BraTS2021_00087,31.056631,0.9797698259353638,0.08600344,0.9336910693752396,0.5,0.5
SwinIR-lite (L1),BraTS2021_00087,30.84396,0.9819198846817017,0.084133,0.9218720152817574,0.0,0.0
SwinIR-lite (L1),BraTS2021_00087,30.821512,0.9813632369041443,0.08530815,0.9366883116883117,0.0,0.0
SwinIR-lite (L1),BraTS2021_00087,30.921152,0.9808750748634338,0.08548778,0.9302122073944432,0.0,0.0
SwinIR-lite (L1),BraTS2021_00087,30.791615,0.9814678430557251,0.08525067,0.9045826876245295,nan,nan
SwinIR-lite (L1),BraTS2021_00087,30.885677,0.9810624718666077,0.086342975,0.932492408315814,nan,nan
SwinIR-lite (L1),BraTS2021_00087,30.933416,0.9824186563491821,0.0849969,0.926702804619373,nan,nan
SwinIR-lite (L1),BraTS2021_00087,30.888931,0.9831361770629883,0.08313237,0.8783649052841476,nan,nan
SwinIR-lite (L1),BraTS2021_00087,30.968073,0.9829565286636353,0.08334042,0.8925373134328358,0.0,0.0
SwinIR-lite (L1),BraTS2021_00087,31.15307,0.9833484292030334,0.08235908,0.8904356792987883,0.0,0.0
SwinIR-lite (L1),BraTS2021_00087,31.279339,0.9823243021965027,0.08308563,0.9021882414974954,0.0,0.0
SwinIR-lite (L1),BraTS2021_00087,31.14506,0.9844222664833069,0.08005038,0.9088575096277278,0.0,0.0
SwinIR-lite (L1),BraTS2021_00087,31.221827,0.985123872756958,0.07891636,0.9122157588577472,0.0,0.0
SwinIR-lite (L1),BraTS2021_00087,31.597775,0.9858016967773438,0.077499874,0.9289704708699122,0.0,0.0
SwinIR-lite (L1),BraTS2021_00087,31.694553,0.9844604134559631,0.07763334,0.9070783571220506,0.0,0.0
SwinIR-lite (L1),BraTS2021_00087,31.548594,0.9848772883415222,0.07937164,0.916767922235723,0.0,0.0
SwinIR-lite (L1),BraTS2021_00087,31.457663,0.983971893787384,0.07972642,0.9193282844912742,0.0,0.0
SwinIR-lite (L1),BraTS2021_00087,31.85207,0.9842065572738647,0.077698134,0.9193324061196105,0.0,0.0
SwinIR-lite (L1),BraTS2021_00087,31.876965,0.9841778874397278,0.076728016,0.91725768321513,0.5343511450381679,0.5365853658536586
SwinIR-lite (L1),BraTS2021_00087,32.217136,0.9836771488189697,0.076495215,0.9061517736865738,0.0,0.0
SwinIR-lite (L1),BraTS2021_00087,32.14299,0.9830400943756104,0.07650265,0.8805815160955348,0.0,0.0
SwinIR-lite (L1),BraTS2021_00087,32.189117,0.9824197888374329,0.07703034,0.8513853904282116,nan,nan
SwinIR-lite (L1),BraTS2021_00087,32.109764,0.9798316359519958,0.07996424,0.8073701842546064,nan,nan
SwinIR-lite (L1),BraTS2021_00087,31.81705,0.9785876274108887,0.08103481,0.8288659793814434,nan,nan
SwinIR-lite (L1),BraTS2021_00087,31.86883,0.9781888127326965,0.0817406,0.8722943722943723,nan,nan
SwinIR-lite (L1),BraTS2021_00087,32.274708,0.9786442518234253,0.079992935,0.8929503916449086,nan,nan
SwinIR-lite (L1),BraTS2021_00087,32.20372,0.9797523617744446,0.08111569,0.8458015267175573,nan,nan
SwinIR-lite (L1),BraTS2021_00087,31.997118,0.9790371060371399,0.08148962,0.7655367231638418,nan,nan
SwinIR-lite (L1),BraTS2021_00087,31.99729,0.9782959222793579,0.081429936,0.0,nan,nan
SwinIR-lite (L1),BraTS2021_00099,29.920977,0.9643874168395996,0.12242309,0.09195402298850575,nan,nan
SwinIR-lite (L1),BraTS2021_00099,29.89708,0.9639337658882141,0.119667865,0.8557692307692307,nan,nan
SwinIR-lite (L1),BraTS2021_00099,29.918926,0.9632354378700256,0.12033676,0.8444444444444444,nan,nan
SwinIR-lite (L1),BraTS2021_00099,30.121374,0.9647411108016968,0.11454911,0.7954545454545454,0.0,0.0
SwinIR-lite (L1),BraTS2021_00099,30.347298,0.964428186416626,0.111874804,0.7838479809976246,0.0,0.0
SwinIR-lite (L1),BraTS2021_00099,30.39452,0.9646835923194885,0.112409,0.7317073170731707,nan,nan
SwinIR-lite (L1),BraTS2021_00099,30.517803,0.9647111296653748,0.110646404,0.7348484848484849,0.0,0.0
SwinIR-lite (L1),BraTS2021_00099,30.463154,0.9689348936080933,0.10741458,0.659016393442623,nan,nan
SwinIR-lite (L1),BraTS2021_00099,30.623108,0.9668858647346497,0.10591178,0.5993788819875776,0.20689655172413793,0.20689655172413793
SwinIR-lite (L1),BraTS2021_00099,30.609318,0.9683379530906677,0.105151795,0.660574412532637,0.0,0.0
SwinIR-lite (L1),BraTS2021_00099,30.443506,0.9681670665740967,0.10487898,0.8065573770491803,0.6776859504132231,0.6776859504132231
SwinIR-lite (L1),BraTS2021_00099,30.393097,0.967118501663208,0.10388115,0.8528225806451613,0.6163522012578616,0.6163522012578616
SwinIR-lite (L1),BraTS2021_00099,30.71947,0.9692960381507874,0.1018885,0.879245283018868,0.5846153846153846,0.5846153846153846
SwinIR-lite (L1),BraTS2021_00099,30.67439,0.9668424129486084,0.10355405,0.8886827458256029,0.5922330097087378,0.5922330097087378
SwinIR-lite (L1),BraTS2021_00099,30.599361,0.9678770303726196,0.102556325,0.8969258589511754,0.5314009661835749,0.5314009661835749
SwinIR-lite (L1),BraTS2021_00099,30.411137,0.9677601456642151,0.10408727,0.917098445595855,0.588957055214724,0.588957055214724
SwinIR-lite (L1),BraTS2021_00099,30.418846,0.9703351855278015,0.100707255,0.9137489325362937,0.6818181818181818,0.6818181818181818
SwinIR-lite (L1),BraTS2021_00099,30.451138,0.9704374074935913,0.102880076,0.8836065573770492,0.5507246376811594,0.5507246376811594
SwinIR-lite (L1),BraTS2021_00099,29.943254,0.9711275100708008,0.102018066,0.8868217054263566,nan,nan
SwinIR-lite (L1),BraTS2021_00099,30.281393,0.9729216694831848,0.099895015,0.8693659281894576,0.0,0.0
SwinIR-lite (L1),BraTS2021_00099,30.317474,0.9749032258987427,0.09930725,0.7802197802197802,nan,nan
SwinIR-lite (L1),BraTS2021_00099,30.51278,0.975386917591095,0.09716753,0.8207663782447466,0.0,0.0
SwinIR-lite (L1),BraTS2021_00099,30.8821,0.9780661463737488,0.093608655,0.7848251333728512,0.0,0.0
SwinIR-lite (L1),BraTS2021_00099,31.046335,0.9784713983535767,0.092254914,0.7876359473382942,0.3655913978494624,0.3655913978494624
SwinIR-lite (L1),BraTS2021_00099,30.736252,0.9796348214149475,0.09113188,0.7619047619047619,0.7326732673267327,0.7326732673267327
SwinIR-lite (L1),BraTS2021_00099,31.182667,0.9806202054023743,0.090933144,0.7327852004110997,0.0,0.0
SwinIR-lite (L1),BraTS2021_00099,31.32785,0.9809767007827759,0.08897819,0.7713841368584758,0.0,0.0
SwinIR-lite (L1),BraTS2021_00099,31.160994,0.9820628762245178,0.087801,0.6884920634920635,0.17679558011049723,0.18285714285714286
SwinIR-lite (L1),BraTS2021_00099,31.46219,0.9837046265602112,0.085156664,0.6774193548387096,0.2096069868995633,0.3037974683544304
SwinIR-lite (L1),BraTS2021_00099,31.50307,0.9839550852775574,0.084172316,0.7484890748489075,0.37966101694915255,0.5360824742268041
SwinIR-lite (L1),BraTS2021_00099,31.40728,0.9836084246635437,0.08541476,0.8730600875447672,0.906896551724138,0.7647058823529411
SwinIR-lite (L1),BraTS2021_00099,31.528336,0.9841541051864624,0.08246156,0.8643022359290671,0.8652482269503546,0.7404580152671756
SwinIR-lite (L1),BraTS2021_00099,31.291443,0.98307865858078,0.08548755,0.885900883595851,0.9070146818923328,0.7053140096618358
SwinIR-lite (L1),BraTS2021_00099,31.194874,0.9826388955116272,0.08558572,0.8660779985283297,0.9204052098408104,0.7626459143968871
SwinIR-lite (L1),BraTS2021_00099,31.297094,0.9813223481178284,0.08744371,0.7963978073610023,0.7296416938110749,0.36
SwinIR-lite (L1),BraTS2021_00099,31.221087,0.977613091468811,0.090914614,0.8068803752931978,0.9212283044058746,0.7608695652173914
SwinIR-lite (L1),BraTS2021_00099,31.0778,0.9772104024887085,0.09081794,0.819560272934041,0.878581173260573,0.6033057851239669
SwinIR-lite (L1),BraTS2021_00099,31.132223,0.9756979942321777,0.0918581,0.8191098407513271,0.9011857707509882,0.6973180076628352
SwinIR-lite (L1),BraTS2021_00099,30.99247,0.9758583903312683,0.09259678,0.8998316498316499,0.8906666666666667,0.652542372881356
SwinIR-lite (L1),BraTS2021_00099,30.728977,0.9755971431732178,0.09354457,0.9208371246587808,0.8458274398868458,0.5777777777777777
SwinIR-lite (L1),BraTS2021_00099,30.696915,0.9760785102844238,0.09186477,0.9041353383458647,0.7932098765432098,0.441025641025641
SwinIR-lite (L1),BraTS2021_00099,30.68105,0.9742093086242676,0.09458491,0.902569074163839,0.7866242038216561,0.5283018867924528
SwinIR-lite (L1),BraTS2021_00099,30.351812,0.9730918407440186,0.0994222,0.9042709867452136,0.6868327402135231,0.48756218905472637
SwinIR-lite (L1),BraTS2021_00099,30.41648,0.9751598834991455,0.09775324,0.8697033898305084,0.5810276679841897,0.4577114427860697
SwinIR-lite (L1),BraTS2021_00099,30.43607,0.9763551950454712,0.096862815,0.8743455497382199,0.8,0.6147540983606558
SwinIR-lite (L1),BraTS2021_00099,30.049212,0.9751155376434326,0.100322135,0.9300106044538706,0.8646864686468647,0.6771653543307087
SwinIR-lite (L1),BraTS2021_00099,30.086481,0.9756618142127991,0.10038968,0.8445229681978799,0.509090909090909,0.4953271028037383
SwinIR-lite (L1),BraTS2021_00099,29.978964,0.9755531549453735,0.1042314,0.8300060496067756,0.6436285097192225,0.5471698113207547
SwinIR-lite (L1),BraTS2021_00099,29.897272,0.9769255518913269,0.10288404,0.8387096774193549,0.48717948717948717,0.49760765550239233
SwinIR-lite (L1),BraTS2021_00099,29.648607,0.9763699769973755,0.10645204,0.8477611940298507,0.4972375690607735,0.40217391304347827
SwinIR-lite (L1),BraTS2021_00099,29.909225,0.9760336875915527,0.107196644,0.8543331284572834,0.7058823529411765,0.4581005586592179
SwinIR-lite (L1),BraTS2021_00099,29.965412,0.9785144329071045,0.10509437,0.8339869281045752,0.06722689075630252,0.0
SwinIR-lite (L1),BraTS2021_00099,30.137249,0.9782217144966125,0.10819928,0.8582941571524513,0.0,0.0
SwinIR-lite (L1),BraTS2021_00099,30.151905,0.9791043996810913,0.108735055,0.911487758945386,0.0,0.0
SwinIR-lite (L1),BraTS2021_00099,29.997757,0.9794179201126099,0.10881179,0.9537322640345466,0.0,0.0
SwinIR-lite (L1),BraTS2021_00099,29.67372,0.9805837869644165,0.10998513,0.9500301023479831,0.12030075187969924,0.1391304347826087
SwinIR-lite (L1),BraTS2021_00099,29.9752,0.9817330241203308,0.10958323,0.9611351017890192,0.39655172413793105,0.39655172413793105
SwinIR-lite (L1),BraTS2021_00099,30.095577,0.9807115793228149,0.114204645,0.9655612244897959,0.35135135135135137,0.35135135135135137
SwinIR-lite (L1),BraTS2021_00099,29.856379,0.9828447699546814,0.1112108,0.9595894804361771,0.0,0.0
SwinIR-lite (L1),BraTS2021_00099,29.761116,0.9828624725341797,0.113650344,0.9642857142857143,nan,nan
SwinIR-lite (L1),BraTS2021_00099,29.941032,0.9832766056060791,0.11519575,0.9702833448514168,nan,nan
SwinIR-lite (L1),BraTS2021_00099,29.862318,0.9823914170265198,0.12042495,0.9643636363636363,nan,nan
SwinIR-lite (L1),BraTS2021_00099,29.768547,0.9840559363365173,0.11940251,0.9749430523917996,nan,nan
SwinIR-lite (L1),BraTS2021_00099,30.040415,0.9836910367012024,0.12410992,0.9642560266001663,nan,nan
SwinIR-lite (L1),BraTS2021_00099,30.194881,0.9850727915763855,0.12278935,0.9560538116591928,nan,nan
SwinIR-lite (L1),BraTS2021_00099,30.357555,0.9853174686431885,0.12537128,0.967032967032967,nan,nan
SwinIR-lite (L1),BraTS2021_00099,30.613228,0.985678493976593,0.12680674,0.9488054607508533,nan,nan
SwinIR-lite (L1),BraTS2021_00099,30.707031,0.9868168234825134,0.12504046,0.9310344827586207,nan,nan
SwinIR-lite (L1),BraTS2021_00099,31.06661,0.9858880043029785,0.13280322,0.9367088607594937,nan,nan
SwinIR-lite (L1),BraTS2021_00099,31.46917,0.9869725704193115,0.13166352,0.9287257019438445,nan,nan
SwinIR-lite (L1),BraTS2021_00099,31.410168,0.9861661195755005,0.13842583,0.9248554913294798,nan,nan
SwinIR-lite (L1),BraTS2021_00104,31.787449,0.9497371315956116,0.066638954,0.14124293785310735,0.0,0.0
SwinIR-lite (L1),BraTS2021_00104,31.868,0.9450644850730896,0.066115476,0.8651315789473685,0.6143790849673203,0.5714285714285714
SwinIR-lite (L1),BraTS2021_00104,31.824356,0.9550786018371582,0.06483831,0.8916967509025271,0.7198067632850241,0.6905710491367862
SwinIR-lite (L1),BraTS2021_00104,31.884212,0.9581841230392456,0.06413978,0.9354838709677419,0.9521322889469104,0.9466192170818505
SwinIR-lite (L1),BraTS2021_00104,31.533985,0.9644886255264282,0.063730836,0.8783638320775027,0.9735537190082645,0.9565217391304348
SwinIR-lite (L1),BraTS2021_00104,31.770079,0.9653450846672058,0.062501,0.9152542372881356,0.9315274642588413,0.9462875197472354
SwinIR-lite (L1),BraTS2021_00104,32.17736,0.9656903147697449,0.059786603,0.8742028985507246,0.9220623501199041,0.9094437257438551
SwinIR-lite (L1),BraTS2021_00104,32.28391,0.9676899909973145,0.059312955,0.8631358154168851,0.9543568464730291,0.888631090487239
SwinIR-lite (L1),BraTS2021_00104,32.30912,0.9691260457038879,0.058631893,0.8910399602879127,0.948339483394834,0.9162995594713657
SwinIR-lite (L1),BraTS2021_00104,32.039574,0.9677940607070923,0.060531225,0.9422598307615729,0.9574090505767524,0.8871635610766045
SwinIR-lite (L1),BraTS2021_00104,31.768343,0.9710829854011536,0.06338701,0.9374250779189642,0.9510061242344707,0.8716548334243582
SwinIR-lite (L1),BraTS2021_00104,31.534235,0.9683828353881836,0.06530035,0.9235445405658171,0.9484092863284609,0.8530544854155201
SwinIR-lite (L1),BraTS2021_00104,31.617558,0.9724718332290649,0.0630108,0.9110415735359857,0.9354066985645934,0.8319201995012468
SwinIR-lite (L1),BraTS2021_00104,31.731108,0.9729744791984558,0.061443515,0.9586407332886207,0.9450292397660819,0.8654509610645639
SwinIR-lite (L1),BraTS2021_00104,31.584148,0.9737110137939453,0.062438376,0.9488831615120275,0.9368304396010344,0.8688152519291875
SwinIR-lite (L1),BraTS2021_00104,31.198734,0.9716269373893738,0.06334601,0.9561920808761584,0.9347277316985214,0.873202614379085
SwinIR-lite (L1),BraTS2021_00104,30.722181,0.9715936779975891,0.06586766,0.9290554005579912,0.9468122578372666,0.8835474513054289
SwinIR-lite (L1),BraTS2021_00104,30.806015,0.9715129733085632,0.06570882,0.9306267244777296,0.959915611814346,0.9087136929460581
SwinIR-lite (L1),BraTS2021_00104,30.661203,0.9707504510879517,0.06745707,0.9398777843485118,0.948976049982645,0.8947368421052632
SwinIR-lite (L1),BraTS2021_00104,31.398518,0.9735255837440491,0.06406887,0.9537223340040242,0.9413805064169268,0.8873801916932907
SwinIR-lite (L1),BraTS2021_00104,31.474628,0.9749765992164612,0.06312366,0.9404263797569237,0.9578355586788475,0.8983120625771922
SwinIR-lite (L1),BraTS2021_00104,31.211567,0.9729546904563904,0.06383252,0.9320739549839229,0.945031712473573,0.8976377952755905
SwinIR-lite (L1),BraTS2021_00104,31.261414,0.9724230170249939,0.06725415,0.9532864820173625,0.9520295202952029,0.8998676665196295
SwinIR-lite (L1),BraTS2021_00104,30.800232,0.9680603742599487,0.07151299,0.9490445859872612,0.946219797349961,0.8986742424242424
SwinIR-lite (L1),BraTS2021_00104,30.509567,0.9692224264144897,0.07278754,0.9173959445037353,0.9297124600638977,0.8860887096774194
SwinIR-lite (L1),BraTS2021_00104,30.773338,0.9684208631515503,0.07192895,0.9463663803111214,0.9392580513656746,0.8677932405566601
SwinIR-lite (L1),BraTS2021_00104,30.992653,0.97016841173172,0.07070833,0.935052298710776,0.9272649936197362,0.8736637512147716
SwinIR-lite (L1),BraTS2021_00104,30.681896,0.9704500436782837,0.07302993,0.8998769987699877,0.9101271372205173,0.8849129593810445
SwinIR-lite (L1),BraTS2021_00104,30.551851,0.9719107747077942,0.07426369,0.9239766081871345,0.910941475826972,0.8888888888888888
SwinIR-lite (L1),BraTS2021_00104,29.823051,0.9711087942123413,0.07806379,0.8815090329436769,0.8606513614522157,0.8608187134502924
SwinIR-lite (L1),BraTS2021_00104,30.009575,0.9731388688087463,0.07926973,0.8787454494539345,0.944,0.8959778085991679
SwinIR-lite (L1),BraTS2021_00104,29.952248,0.9742555618286133,0.08054167,0.919975565058033,0.9231824417009602,0.9028400597907325
SwinIR-lite (L1),BraTS2021_00104,30.377846,0.977480411529541,0.07887088,0.951948051948052,0.9284132841328413,0.9058365758754864
SwinIR-lite (L1),BraTS2021_00104,30.538147,0.9795711040496826,0.0788343,0.9673024523160763,0.9120370370370371,0.8845843422114609
SwinIR-lite (L1),BraTS2021_00104,30.186804,0.9804988503456116,0.08304577,0.9706513958482462,0.8465298142717498,0.8108695652173913
SwinIR-lite (L1),BraTS2021_00104,30.086521,0.9826194047927856,0.08336594,0.9126682775284778,0.8677884615384616,0.8062678062678063
SwinIR-lite (L1),BraTS2021_00104,29.977917,0.9834806323051453,0.08757136,0.9500396510705789,0.8390022675736961,0.8082901554404145
SwinIR-lite (L1),BraTS2021_00104,29.795439,0.9837464094161987,0.091888465,0.9568928723858301,0.8511904761904762,0.7851851851851852
SwinIR-lite (L1),BraTS2021_00104,30.507729,0.9874262809753418,0.08686559,0.9451219512195121,0.9022556390977443,0.8687782805429864
SwinIR-lite (L1),BraTS2021_00104,30.73968,0.9891222715377808,0.08530373,0.9321016166281755,0.8659003831417624,0.7777777777777778
SwinIR-lite (L1),BraTS2021_00104,30.860777,0.9898500442504883,0.08781141,0.947,0.7692307692307693,0.8059701492537313
SwinIR-lite (L1),BraTS2021_00104,30.661509,0.9899349808692932,0.092752814,0.9277310924369748,0.7115384615384616,0.8043478260869565
SwinIR-lite (L1),BraTS2021_00104,30.921535,0.9907541871070862,0.09509505,0.9459459459459459,0.0,0.0
SwinIR-lite (L1),BraTS2021_00104,31.002417,0.990412712097168,0.10246477,0.9615877080665813,nan,nan
SwinIR-lite (L1),BraTS2021_00104,31.434671,0.9914997220039368,0.102393,0.9510682288077188,nan,nan
SwinIR-lite (L1),BraTS2021_00104,32.444424,0.9928649663925171,0.098369256,0.9419054996127033,nan,nan
SwinIR-lite (L1),BraTS2021_00104,33.202347,0.9926856756210327,0.104888216,0.9280920421860019,nan,nan
SwinIR-lite (L1),BraTS2021_00104,33.78421,0.9927685260772705,0.10699837,0.8861689106487148,nan,nan
SwinIR-lite (L1),BraTS2021_00104,34.39255,0.9917266964912415,0.11785912,0.7635658914728682,nan,nan
SwinIR-lite (L1),BraTS2021_00106,29.487085,0.9731943607330322,0.09099125,0.20382165605095542,nan,nan
SwinIR-lite (L1),BraTS2021_00106,29.75405,0.9716516137123108,0.087602384,0.33700787401574805,0.0,0.0
SwinIR-lite (L1),BraTS2021_00106,29.803928,0.9725303649902344,0.08451455,0.4368098159509202,nan,nan
SwinIR-lite (L1),BraTS2021_00106,29.92947,0.9658476114273071,0.0852607,0.5838779956427015,nan,nan
SwinIR-lite (L1),BraTS2021_00106,30.198368,0.966320812702179,0.08232403,0.6232813932172319,nan,nan
SwinIR-lite (L1),BraTS2021_00106,30.20901,0.9591290354728699,0.078933395,0.535175879396985,nan,nan
SwinIR-lite (L1),BraTS2021_00106,30.68034,0.9646832346916199,0.07238044,0.33722029624960603,nan,nan
SwinIR-lite (L1),BraTS2021_00106,30.833826,0.957614004611969,0.071575895,0.6345565749235474,0.060836501901140684,0.06374501992031872
SwinIR-lite (L1),BraTS2021_00106,30.979736,0.9629099369049072,0.069285385,0.4983667755482968,0.0,0.0
SwinIR-lite (L1),BraTS2021_00106,31.216763,0.964093804359436,0.0679493,0.6240409207161125,0.0,0.0
SwinIR-lite (L1),BraTS2021_00106,31.278831,0.9650797843933105,0.0665162,0.7443860487338748,0.0,0.0
SwinIR-lite (L1),BraTS2021_00106,32.015614,0.9731910228729248,0.05882409,0.7171197648787656,0.01557632398753894,0.018083182640144666
SwinIR-lite (L1),BraTS2021_00106,32.000767,0.9765084385871887,0.05970848,0.777610818933133,0.0,0.0
SwinIR-lite (L1),BraTS2021_00106,32.231174,0.9779196381568909,0.057508286,0.7710280373831776,0.22535211267605634,0.24836601307189543
SwinIR-lite (L1),BraTS2021_00106,32.089188,0.9808443188667297,0.057661057,0.7996001999000499,0.28223350253807106,0.30900243309002434
SwinIR-lite (L1),BraTS2021_00106,31.813263,0.9815084338188171,0.058225997,0.7929586563307494,0.2,0.24064171122994651
SwinIR-lite (L1),BraTS2021_00106,32.044216,0.9832870960235596,0.056065027,0.8077969174977334,0.23939679547596607,0.2593856655290102
SwinIR-lite (L1),BraTS2021_00106,32.151913,0.9832460284233093,0.056429617,0.8281361241634629,0.0063025210084033615,0.007772020725388601
SwinIR-lite (L1),BraTS2021_00106,32.209385,0.9834794998168945,0.054153223,0.839814200398142,0.2817089452603471,0.1634782608695652
SwinIR-lite (L1),BraTS2021_00106,32.244705,0.9845240116119385,0.054212905,0.8625964178323964,0.2073255010366275,0.13644214162348878
SwinIR-lite (L1),BraTS2021_00106,32.302067,0.9837268590927124,0.055025175,0.9099282134633617,0.16,0.11906677393403058
SwinIR-lite (L1),BraTS2021_00106,32.206635,0.9839364886283875,0.05379308,0.8987801712950947,0.2169249106078665,0.1303724928366762
SwinIR-lite (L1),BraTS2021_00106,32.22613,0.9837391376495361,0.053944837,0.8835154044433534,0.273957769355712,0.17503217503217502
SwinIR-lite (L1),BraTS2021_00106,32.07128,0.9831604361534119,0.054107815,0.913812291331767,0.45561826577732173,0.2550161812297735
SwinIR-lite (L1),BraTS2021_00106,32.2223,0.9824545979499817,0.0543157,0.8998726704479685,0.3591363875724065,0.18574231523871812
SwinIR-lite (L1),BraTS2021_00106,31.997173,0.982822597026825,0.054215733,0.9038071637756251,0.589181940098346,0.3658823529411765
SwinIR-lite (L1),BraTS2021_00106,32.00629,0.9830660820007324,0.054922607,0.9400451145672564,0.5151092515109251,0.3132380360472343
SwinIR-lite (L1),BraTS2021_00106,32.16323,0.9820905923843384,0.055326052,0.9341344518762045,0.4192096048024012,0.2473404255319149
SwinIR-lite (L1),BraTS2021_00106,31.979683,0.9816073775291443,0.05508785,0.9159928122192273,0.8900414937759336,0.6932153392330384
SwinIR-lite (L1),BraTS2021_00106,31.800001,0.9815889000892639,0.055963445,0.9322246269506778,0.7460404150737302,0.7750349324639031
SwinIR-lite (L1),BraTS2021_00106,31.727694,0.9842418432235718,0.056451716,0.9286928919623626,0.8493738819320215,0.6330690826727067
SwinIR-lite (L1),BraTS2021_00106,31.848356,0.9838400483131409,0.055678383,0.9098495662677062,0.8170028818443804,0.5985915492957746
SwinIR-lite (L1),BraTS2021_00106,31.933083,0.9844231009483337,0.055238314,0.9222271321254971,0.7745839636913767,0.5811863391252247
SwinIR-lite (L1),BraTS2021_00106,31.806175,0.9843658208847046,0.05510548,0.9399412960036125,0.8845671267252195,0.844150110375276
SwinIR-lite (L1),BraTS2021_00106,31.470282,0.9850993156433105,0.0571717,0.9416439600363307,0.8653780942692438,0.7751243781094528
SwinIR-lite (L1),BraTS2021_00106,31.667194,0.9848982691764832,0.05604903,0.9488766620816139,0.8403303509979353,0.7581227436823105
SwinIR-lite (L1),BraTS2021_00106,31.368492,0.9849583506584167,0.058247764,0.9459334565619224,0.8627858627858628,0.771156735102654
SwinIR-lite (L1),BraTS2021_00106,31.552776,0.9821785688400269,0.058268905,0.945813953488372,0.9290633608815427,0.8205128205128205
SwinIR-lite (L1),BraTS2021_00106,31.546202,0.9843616485595703,0.057952657,0.9558577905034598,0.8897581792318634,0.7714748784440842
SwinIR-lite (L1),BraTS2021_00106,31.847145,0.9854594469070435,0.05717589,0.9612154150197628,0.8379416282642089,0.7553444180522565
SwinIR-lite (L1),BraTS2021_00106,31.578066,0.985338568687439,0.056666777,0.9417073170731707,0.833596214511041,0.812687013764213
SwinIR-lite (L1),BraTS2021_00106,31.647274,0.9855580925941467,0.056698617,0.9530758585985658,0.853448275862069,0.7857142857142857
SwinIR-lite (L1),BraTS2021_00106,31.631891,0.9859331250190735,0.05756691,0.9376552409339295,0.8678815489749431,0.8254545454545454
SwinIR-lite (L1),BraTS2021_00106,31.897287,0.9855799674987793,0.057780586,0.9510507766610103,0.7241226121723678,0.7191176470588235
SwinIR-lite (L1),BraTS2021_00106,31.762045,0.9854313135147095,0.05825049,0.9607663036346936,0.7734806629834254,0.7687861271676301
SwinIR-lite (L1),BraTS2021_00106,31.72881,0.9855619668960571,0.05824225,0.9439337045189693,0.6725417439703154,0.685337726523888
SwinIR-lite (L1),BraTS2021_00106,31.71755,0.9848566651344299,0.059336774,0.9492643328259767,0.9161098737936154,0.8288633461047255
SwinIR-lite (L1),BraTS2021_00106,31.57274,0.9832230806350708,0.061763674,0.9350321685379084,0.6892655367231638,0.7585644371941273
SwinIR-lite (L1),BraTS2021_00106,31.744268,0.984295666217804,0.06039883,0.9547557840616967,0.8603398259428098,0.82
SwinIR-lite (L1),BraTS2021_00106,31.589054,0.983269214630127,0.062279437,0.9455207385255493,0.8072183098591549,0.7900852052672347
SwinIR-lite (L1),BraTS2021_00106,31.312296,0.9816969633102417,0.06560798,0.9423791821561338,0.6652564780539397,0.7714016933207902
SwinIR-lite (L1),BraTS2021_00106,31.460766,0.9847951531410217,0.06395109,0.9143675169182718,0.7997997997997998,0.8019607843137255
SwinIR-lite (L1),BraTS2021_00106,31.44819,0.9830682277679443,0.0653262,0.9232004281509232,0.6178266178266179,0.7486631016042781
SwinIR-lite (L1),BraTS2021_00106,31.360096,0.9826028347015381,0.06678817,0.9300689461094696,0.5461901550910316,0.7220902612826603
SwinIR-lite (L1),BraTS2021_00106,31.107918,0.9813998937606812,0.06947152,0.9341954022988506,0.5335215243472125,0.7082833133253301
SwinIR-lite (L1),BraTS2021_00106,31.014507,0.9818832278251648,0.07251486,0.9341281669150522,0.4013104013104013,0.5459940652818991
SwinIR-lite (L1),BraTS2021_00106,31.052643,0.984275758266449,0.071917064,0.9246013314754606,0.2924976258309592,0.41681901279707495
SwinIR-lite (L1),BraTS2021_00106,30.789186,0.9843318462371826,0.07469501,0.900523560209424,0.3946360153256705,0.5152057245080501
SwinIR-lite (L1),BraTS2021_00106,30.714947,0.984793484210968,0.076956555,0.8917069914900717,0.5260115606936416,0.5524475524475524
SwinIR-lite (L1),BraTS2021_00106,30.455257,0.9856132864952087,0.078529865,0.8631542340462528,0.3308641975308642,0.35
SwinIR-lite (L1),BraTS2021_00106,30.52354,0.9852914214134216,0.08363525,0.8625646923519263,0.03289473684210526,0.03858520900321544
SwinIR-lite (L1),BraTS2021_00106,30.675657,0.9868471622467041,0.08405337,0.8674091195629334,0.4223385689354276,0.37960339943342775
SwinIR-lite (L1),BraTS2021_00106,30.754404,0.9874265193939209,0.087753,0.8748510131108462,0.0,0.0
SwinIR-lite (L1),BraTS2021_00106,30.865025,0.9884454607963562,0.08888369,0.880020597322348,0.21830985915492956,0.37037037037037035
SwinIR-lite (L1),BraTS2021_00106,30.749287,0.988786518573761,0.09313122,0.8653311074012242,0.0,0.0
SwinIR-lite (L1),BraTS2021_00106,31.083115,0.9887657761573792,0.09929279,0.8541666666666666,0.0,0.0
SwinIR-lite (L1),BraTS2021_00106,31.24247,0.9890041947364807,0.103976026,0.7519260400616333,0.0,0.0
SwinIR-lite (L1),BraTS2021_00106,31.299116,0.9894943237304688,0.10798168,0.7149321266968326,0.0,nan
SwinIR-lite (L1),BraTS2021_00106,32.124687,0.9910760521888733,0.1042797,0.6694736842105263,nan,nan
SwinIR-lite (L1),BraTS2021_00106,32.557747,0.9896809458732605,0.11701488,0.6055226824457594,nan,nan
SwinIR-lite (L1),BraTS2021_00106,33.102795,0.989909827709198,0.12015132,0.7177700348432056,nan,nan
SwinIR-lite (L1),BraTS2021_00107,31.402725,0.959244430065155,0.0767571,0.0,0.0,0.0
SwinIR-lite (L1),BraTS2021_00107,31.424923,0.950885534286499,0.07821214,0.0,0.0,0.0
SwinIR-lite (L1),BraTS2021_00107,31.61266,0.9495075941085815,0.07705695,0.8657314629258517,0.05042016806722689,0.0
SwinIR-lite (L1),BraTS2021_00107,31.572708,0.9476242661476135,0.07425104,0.851994851994852,0.6022727272727273,0.36885245901639346
SwinIR-lite (L1),BraTS2021_00107,31.731281,0.9475205540657043,0.07257839,0.8740416210295728,0.8588957055214724,0.835214446952596
SwinIR-lite (L1),BraTS2021_00107,31.930754,0.9488962888717651,0.070941836,0.87151841868823,0.8860759493670886,0.898876404494382
SwinIR-lite (L1),BraTS2021_00107,32.092377,0.9547361135482788,0.06978148,0.8794740686632578,0.9248895434462445,0.9207920792079208
SwinIR-lite (L1),BraTS2021_00107,32.11571,0.9551404714584351,0.069117494,0.9544863459037711,0.9248554913294798,0.9128367670364501
SwinIR-lite (L1),BraTS2021_00107,32.046745,0.9563503265380859,0.06983077,0.9381327334083239,0.9108367626886146,0.9305135951661632
SwinIR-lite (L1),BraTS2021_00107,32.18393,0.958247721195221,0.068540476,0.9690402476780186,0.9178255372945638,0.9456066945606695
SwinIR-lite (L1),BraTS2021_00107,32.19474,0.9601892232894897,0.06635829,0.9720885466794995,0.9148936170212766,0.9509803921568627
SwinIR-lite (L1),BraTS2021_00107,32.261917,0.9637317657470703,0.06545999,0.9636761487964989,0.8668555240793201,0.9366515837104072
SwinIR-lite (L1),BraTS2021_00107,32.14864,0.9661322832107544,0.06585886,0.9469850263051396,0.878645343367827,0.9261744966442953
SwinIR-lite (L1),BraTS2021_00107,32.10061,0.9628816843032837,0.06642073,0.9455782312925171,0.8998330550918197,0.9409326424870467
SwinIR-lite (L1),BraTS2021_00107,32.0688,0.9679111242294312,0.06682792,0.9553824362606232,0.8861788617886179,0.944254835039818
SwinIR-lite (L1),BraTS2021_00107,31.921787,0.9674378633499146,0.0658829,0.9770039421813403,0.9002473206924979,0.9169510807736063
SwinIR-lite (L1),BraTS2021_00107,32.18677,0.9697501063346863,0.06533606,0.9792843691148776,0.8791208791208791,0.9169435215946844
SwinIR-lite (L1),BraTS2021_00107,32.182957,0.9734940528869629,0.063850574,0.9856925418569255,0.9203125,0.9305263157894736
SwinIR-lite (L1),BraTS2021_00107,32.06963,0.9751169085502625,0.06301469,0.9831199068684517,0.9125188536953243,0.9313929313929314
SwinIR-lite (L1),BraTS2021_00107,32.143883,0.9766735434532166,0.06234654,0.9790960451977401,0.8864628820960698,0.9163265306122449
SwinIR-lite (L1),BraTS2021_00107,32.180832,0.9781048893928528,0.06276088,0.9836867862969005,0.7517198248905566,0.911340206185567
SwinIR-lite (L1),BraTS2021_00107,32.280716,0.9798048734664917,0.061880644,0.9889705882352942,0.879382889200561,0.93125
SwinIR-lite (L1),BraTS2021_00107,32.09909,0.9788172841072083,0.06272937,0.9869519832985386,0.8541374474053296,0.9142857142857143
SwinIR-lite (L1),BraTS2021_00107,32.11311,0.9809014797210693,0.06099727,0.9887640449438202,0.8368495077355836,0.9106203995793901
SwinIR-lite (L1),BraTS2021_00107,32.370728,0.9810710549354553,0.060518134,0.9885815782796245,0.8121968121968122,0.9103448275862069
SwinIR-lite (L1),BraTS2021_00107,32.448105,0.9811630249023438,0.05816847,0.991141483168818,0.8758465011286681,0.9194139194139194
SwinIR-lite (L1),BraTS2021_00107,32.615555,0.9800887107849121,0.060192365,0.989685534591195,0.8348214285714286,0.9450945094509451
SwinIR-lite (L1),BraTS2021_00107,32.786663,0.9814174771308899,0.05691135,0.9902083856389656,0.7910447761194029,0.9572490706319703
SwinIR-lite (L1),BraTS2021_00107,32.666508,0.9789364337921143,0.057691738,0.9881701485023912,0.7817781043350478,0.9519230769230769
SwinIR-lite (L1),BraTS2021_00107,32.631638,0.9788104891777039,0.058717214,0.9862258953168044,0.6769025367156208,0.9700722394220846
SwinIR-lite (L1),BraTS2021_00107,32.85908,0.9772235155105591,0.05759464,0.9903651115618661,0.6966292134831461,0.9485213581599123
SwinIR-lite (L1),BraTS2021_00107,32.855907,0.9781574606895447,0.056912567,0.9834087481146304,0.7508710801393729,0.9710144927536232
SwinIR-lite (L1),BraTS2021_00107,32.967075,0.9773545265197754,0.057086784,0.9655860349127182,0.5932678821879382,0.9586983729662077
SwinIR-lite (L1),BraTS2021_00107,33.095085,0.9796213507652283,0.05624274,0.9612518628912071,0.8313891834570519,0.8442367601246106
SwinIR-lite (L1),BraTS2021_00107,33.117405,0.9756194353103638,0.05735925,0.9706569722150091,0.6230975828111012,0.7012987012987013
SwinIR-lite (L1),BraTS2021_00107,33.081543,0.97806316614151,0.05609384,0.9729585006693441,0.4108761329305136,0.2127659574468085
SwinIR-lite (L1),BraTS2021_00107,33.09969,0.9771126508712769,0.058028035,0.9715747583854463,0.04405286343612335,0.0
SwinIR-lite (L1),BraTS2021_00107,32.832268,0.9756718873977661,0.059631284,0.9839228295819936,0.0,nan
SwinIR-lite (L1),BraTS2021_00107,32.872936,0.9770987033843994,0.059057705,0.9839094159713945,0.0,nan
SwinIR-lite (L1),BraTS2021_00107,33.014553,0.97344571352005,0.0599462,0.9722135497970652,0.0,0.0
SwinIR-lite (L1),BraTS2021_00107,33.024975,0.976374089717865,0.0593659,0.9760646565122785,0.0,nan
SwinIR-lite (L1),BraTS2021_00107,32.786896,0.9695640802383423,0.06300879,0.95578231292517,0.0,nan
SwinIR-lite (L1),BraTS2021_00107,32.72554,0.9667831063270569,0.063677065,0.9750812567713976,0.0,nan
SwinIR-lite (L1),BraTS2021_00107,32.570095,0.9653222560882568,0.06500425,0.9673151750972763,nan,nan
SwinIR-lite (L1),BraTS2021_00107,32.299686,0.9674662351608276,0.06525099,0.955810147299509,nan,nan
SwinIR-lite (L1),BraTS2021_00107,32.483856,0.966832160949707,0.06652203,0.9292035398230089,nan,nan
SwinIR-lite (L1),BraTS2021_00107,32.538715,0.968190610408783,0.06691482,0.9341728677733258,nan,nan
SwinIR-lite (L1),BraTS2021_00107,32.10263,0.9680399298667908,0.06945818,0.8949554896142433,nan,nan
SwinIR-lite (L1),BraTS2021_00107,32.110508,0.9699379801750183,0.070530854,0.9154437456324249,nan,nan
SwinIR-lite (L1),BraTS2021_00107,31.936462,0.9674177765846252,0.07465019,0.7983706720977597,nan,nan
SwinIR-lite (L1),BraTS2021_00107,31.890297,0.9708951115608215,0.07605228,0.34763948497854075,nan,nan
SwinIR-lite (L1),BraTS2021_00107,31.730452,0.9747048020362854,0.07536365,0.0,nan,nan
SwinIR-lite (L1),BraTS2021_00110,29.89484,0.9785773158073425,0.06924251,0.2381679389312977,nan,nan
SwinIR-lite (L1),BraTS2021_00110,30.026123,0.9802644848823547,0.06841366,0.3755150088287228,nan,nan
SwinIR-lite (L1),BraTS2021_00110,30.203041,0.9803037047386169,0.0680191,0.5260011954572624,nan,nan
SwinIR-lite (L1),BraTS2021_00110,30.249222,0.9810541868209839,0.06683887,0.6136498516320474,nan,nan
SwinIR-lite (L1),BraTS2021_00110,30.484545,0.9824495315551758,0.065924875,0.6925795053003534,nan,nan
SwinIR-lite (L1),BraTS2021_00110,30.645056,0.9842971563339233,0.06420679,0.6751054852320675,nan,nan
SwinIR-lite (L1),BraTS2021_00110,30.753832,0.9850529432296753,0.063516565,0.6732588134135855,nan,nan
SwinIR-lite (L1),BraTS2021_00110,30.859043,0.9857653379440308,0.063552916,0.7806451612903226,nan,nan
SwinIR-lite (L1),BraTS2021_00110,31.007195,0.986803412437439,0.06112917,0.7868177136972193,nan,nan
SwinIR-lite (L1),BraTS2021_00110,31.05562,0.988332211971283,0.05997515,0.8212051366480079,nan,nan
SwinIR-lite (L1),BraTS2021_00110,31.282785,0.9876314997673035,0.05950266,0.7649402390438247,nan,nan
SwinIR-lite (L1),BraTS2021_00110,31.186687,0.988750159740448,0.056298792,0.7533632286995515,nan,nan
SwinIR-lite (L1),BraTS2021_00110,31.019114,0.9879007935523987,0.05707505,0.768589298123697,0.0,nan
SwinIR-lite (L1),BraTS2021_00110,31.318796,0.9871788620948792,0.056872286,0.7767719143298741,0.0,nan
SwinIR-lite (L1),BraTS2021_00110,30.957964,0.9860938787460327,0.059127092,0.7757422615287429,0.0,0.0
SwinIR-lite (L1),BraTS2021_00110,31.369781,0.9855450391769409,0.056849133,0.7811501597444089,0.5915492957746479,0.6060606060606061
SwinIR-lite (L1),BraTS2021_00110,30.82637,0.9857533574104309,0.05862376,0.7106214494749526,0.9152542372881356,0.9017341040462428
SwinIR-lite (L1),BraTS2021_00110,30.994183,0.9847510457038879,0.05823244,0.7230923025658114,0.9328358208955224,0.9363295880149812
SwinIR-lite (L1),BraTS2021_00110,30.643478,0.9847207069396973,0.059592336,0.7459796521168363,0.9329758713136729,0.9415041782729805
SwinIR-lite (L1),BraTS2021_00110,30.263002,0.9836175441741943,0.06165662,0.7388692035125558,0.956140350877193,0.9414414414414415
SwinIR-lite (L1),BraTS2021_00110,30.260736,0.9845779538154602,0.06074306,0.7801462579741715,0.9307692307692308,0.9227722772277228
SwinIR-lite (L1),BraTS2021_00110,29.820877,0.9845403432846069,0.06285348,0.739198631113646,0.9290780141843972,0.9216757741347905
SwinIR-lite (L1),BraTS2021_00110,30.338749,0.9850755929946899,0.061138,0.8052895576835385,0.9373996789727127,0.9174917491749175
SwinIR-lite (L1),BraTS2021_00110,30.287289,0.9857034683227539,0.060768444,0.8298857672121025,0.9342857142857143,0.9210526315789473
SwinIR-lite (L1),BraTS2021_00110,30.282513,0.9856268763542175,0.062206157,0.8643392316276104,0.954248366013072,0.9466666666666667
SwinIR-lite (L1),BraTS2021_00110,30.541866,0.9856866002082825,0.060670234,0.852715604946001,0.954171562867215,0.9384800965018094
SwinIR-lite (L1),BraTS2021_00110,30.046581,0.9860254526138306,0.06279059,0.8162219206995326,0.9429824561403509,0.9435665914221218
SwinIR-lite (L1),BraTS2021_00110,29.977325,0.9849591851234436,0.06453223,0.8944824137356227,0.953307392996109,0.9435483870967742
SwinIR-lite (L1),BraTS2021_00110,29.931938,0.9843013286590576,0.06657652,0.8532991672005125,0.9530956848030019,0.9532163742690059
SwinIR-lite (L1),BraTS2021_00110,29.594028,0.9852679967880249,0.06666256,0.8602256007846983,0.9642857142857143,0.9501359927470535
SwinIR-lite (L1),BraTS2021_00110,29.4907,0.9859610795974731,0.068633564,0.8592990105651518,0.9748482220294883,0.9621145374449339
SwinIR-lite (L1),BraTS2021_00110,30.01617,0.9865785241127014,0.06733735,0.8695196506550218,0.9580536912751678,0.9580838323353293
SwinIR-lite (L1),BraTS2021_00110,29.413094,0.9868054986000061,0.06933762,0.8443040196594699,0.9563786008230453,0.9539748953974896
SwinIR-lite (L1),BraTS2021_00110,29.665966,0.9866660237312317,0.070458174,0.8589135982500912,0.9673202614379085,0.9660876757650951
SwinIR-lite (L1),BraTS2021_00110,29.355797,0.9862655997276306,0.07351621,0.8501461988304093,0.9636216653193209,0.9598689598689598
SwinIR-lite (L1),BraTS2021_00110,29.471252,0.9865350723266602,0.07490156,0.8675018982536067,0.9665851670741646,0.9686468646864687
SwinIR-lite (L1),BraTS2021_00110,29.32598,0.9879182577133179,0.07445776,0.8388327293534236,0.9636075949367089,0.9621882542236525
SwinIR-lite (L1),BraTS2021_00110,29.34145,0.9883106350898743,0.07566212,0.8516727126158807,0.9676400947119179,0.9633757961783439
SwinIR-lite (L1),BraTS2021_00110,29.57145,0.9883208274841309,0.0769825,0.849194729136164,0.9664324746291959,0.9627870150435471
SwinIR-lite (L1),BraTS2021_00110,29.72309,0.9893738031387329,0.07599677,0.8299349240780911,0.9573973663826492,0.955153422501967
SwinIR-lite (L1),BraTS2021_00110,29.390862,0.9891387820243835,0.07957285,0.8207353277003883,0.9655712050078247,0.9564528899445764
SwinIR-lite (L1),BraTS2021_00110,29.555548,0.9903527498245239,0.07892362,0.800459242250287,0.9728,0.964110929853181
SwinIR-lite (L1),BraTS2021_00110,29.742224,0.9907339811325073,0.079932064,0.8128342245989305,0.969243557772236,0.9711375212224108
SwinIR-lite (L1),BraTS2021_00110,29.742077,0.9915187954902649,0.07932915,0.7857679779503883,0.9596491228070175,0.9572953736654805
SwinIR-lite (L1),BraTS2021_00110,30.109951,0.9915897846221924,0.08270474,0.8348227154799654,0.9541984732824428,0.953307392996109
SwinIR-lite (L1),BraTS2021_00110,30.20988,0.9923934936523438,0.08118639,0.7852941176470588,0.9565217391304348,0.959051724137931
SwinIR-lite (L1),BraTS2021_00110,30.35334,0.9922711849212646,0.08542091,0.7931375783569778,0.9286608260325406,0.9348659003831418
SwinIR-lite (L1),BraTS2021_00110,30.980251,0.9931060075759888,0.08313183,0.811491538764266,0.884310618066561,0.8849270664505673
SwinIR-lite (L1),BraTS2021_00110,30.26332,0.99183589220047,0.09375431,0.7695652173913043,0.9344978165938864,0.9395973154362416
SwinIR-lite (L1),BraTS2021_00110,30.860668,0.9924601912498474,0.092327416,0.7745790331341662,0.8297213622291022,0.8380952380952381
SwinIR-lite (L1),BraTS2021_00110,31.30172,0.992538332939148,0.096455604,0.7168141592920354,0.0,0.0
SwinIR-lite (L1),BraTS2021_00110,31.062384,0.9918258190155029,0.10348013,0.5937031484257871,0.0,0.0
SwinIR-lite (L1),BraTS2021_00110,31.722572,0.9918461441993713,0.10888945,0.5729166666666666,0.0,0.0
SwinIR-lite (L1),BraTS2021_00110,32.244057,0.991387665271759,0.114012234,0.6998491704374057,nan,nan
SwinIR-lite (L1),BraTS2021_00110,33.31691,0.9913967847824097,0.118570596,0.6678571428571428,nan,nan
SwinIR-lite (L1),BraTS2021_00110,32.902046,0.9875771403312683,0.14561112,0.736318407960199,nan,nan
SwinIR-lite (L1),BraTS2021_00112,32.120052,0.9908987879753113,0.08017646,0.0,nan,nan
SwinIR-lite (L1),BraTS2021_00112,32.316917,0.9915505647659302,0.076312646,0.0,nan,nan
SwinIR-lite (L1),BraTS2021_00112,32.55976,0.9916141033172607,0.07534493,0.0,nan,nan
SwinIR-lite (L1),BraTS2021_00112,32.52415,0.992052435874939,0.072939314,0.0,nan,nan
SwinIR-lite (L1),BraTS2021_00112,32.467743,0.992182731628418,0.07315584,0.0,nan,nan
SwinIR-lite (L1),BraTS2021_00112,32.272892,0.9911550283432007,0.075289264,0.0,nan,nan
SwinIR-lite (L1),BraTS2021_00112,31.774738,0.9907931089401245,0.07832683,0.0,nan,nan
SwinIR-lite (L1),BraTS2021_00112,32.04437,0.9912921190261841,0.07547255,0.0,nan,nan
SwinIR-lite (L1),BraTS2021_00112,31.92303,0.9907931089401245,0.07789841,0.0,nan,nan
SwinIR-lite (L1),BraTS2021_00112,32.068336,0.9915968775749207,0.07537737,0.0,nan,nan
SwinIR-lite (L1),BraTS2021_00112,31.944971,0.9909374117851257,0.07534609,0.0,nan,nan
SwinIR-lite (L1),BraTS2021_00112,31.47835,0.9905568957328796,0.07835008,0.0,nan,nan
SwinIR-lite (L1),BraTS2021_00112,31.099373,0.9894115328788757,0.08204803,0.0,nan,nan
SwinIR-lite (L1),BraTS2021_00112,30.714788,0.9897671937942505,0.08092647,0.0,nan,nan
SwinIR-lite (L1),BraTS2021_00112,30.7749,0.9891161322593689,0.08165076,0.014018691588785047,nan,nan
SwinIR-lite (L1),BraTS2021_00112,30.282583,0.9867134094238281,0.08529299,0.2505050505050505,nan,nan
SwinIR-lite (L1),BraTS2021_00112,30.381546,0.9877054691314697,0.08130013,0.1037567084078712,nan,nan
SwinIR-lite (L1),BraTS2021_00112,30.02577,0.9843493700027466,0.083008,0.11023622047244094,nan,nan
SwinIR-lite (L1),BraTS2021_00112,30.762764,0.9840681552886963,0.07595556,0.2947067238912732,0.0,nan
SwinIR-lite (L1),BraTS2021_00112,30.8134,0.9861249923706055,0.07258781,0.28730822873082285,0.0,nan
SwinIR-lite (L1),BraTS2021_00112,30.54853,0.9847028255462646,0.075100794,0.3870967741935484,0.0,nan
SwinIR-lite (L1),BraTS2021_00112,30.558214,0.9854333996772766,0.07359599,0.4713216957605985,0.0,nan
SwinIR-lite (L1),BraTS2021_00112,30.872253,0.9862505197525024,0.07222786,0.6534031413612565,0.0,0.0
SwinIR-lite (L1),BraTS2021_00112,31.088364,0.9880840182304382,0.06773477,0.647118301314459,0.0,nan
SwinIR-lite (L1),BraTS2021_00112,31.679003,0.9879287481307983,0.066265084,0.7150735294117647,0.0,nan
SwinIR-lite (L1),BraTS2021_00112,32.083294,0.9892523884773254,0.06329054,0.7531305903398927,0.0,nan
SwinIR-lite (L1),BraTS2021_00112,31.765852,0.9898527264595032,0.06297856,0.7853403141361257,nan,nan
SwinIR-lite (L1),BraTS2021_00112,31.581438,0.9892868995666504,0.06480803,0.7018867924528301,nan,nan
SwinIR-lite (L1),BraTS2021_00112,31.270786,0.9883371591567993,0.06627574,0.7887082976903336,nan,nan
SwinIR-lite (L1),BraTS2021_00112,31.383701,0.9886598587036133,0.06571294,0.7848990342405618,nan,nan
SwinIR-lite (L1),BraTS2021_00112,31.556835,0.9901419878005981,0.062924884,0.8082901554404145,nan,nan
SwinIR-lite (L1),BraTS2021_00112,31.982119,0.9881465435028076,0.06390787,0.8481848184818482,nan,nan
SwinIR-lite (L1),BraTS2021_00112,32.09525,0.9886481165885925,0.062159713,0.7770334928229665,nan,nan
SwinIR-lite (L1),BraTS2021_00112,32.210503,0.98920077085495,0.061956868,0.8650858544562551,0.0,0.0
SwinIR-lite (L1),BraTS2021_00112,31.906956,0.9902457594871521,0.06245744,0.809478672985782,nan,nan
SwinIR-lite (L1),BraTS2021_00112,31.608044,0.9888837933540344,0.065646455,0.7419354838709677,nan,nan
SwinIR-lite (L1),BraTS2021_00112,31.516981,0.9880925416946411,0.067290954,0.8325074331020813,nan,nan
SwinIR-lite (L1),BraTS2021_00112,31.691723,0.9892482161521912,0.06587019,0.7289940828402367,nan,nan
SwinIR-lite (L1),BraTS2021_00112,32.048992,0.989417314529419,0.064735256,0.7885572139303483,nan,nan
SwinIR-lite (L1),BraTS2021_00112,32.079033,0.991504430770874,0.05990162,0.5820642978003384,nan,nan
SwinIR-lite (L1),BraTS2021_00112,32.34591,0.9921215176582336,0.058541022,0.5871886120996441,nan,nan
SwinIR-lite (L1),BraTS2021_00112,32.525627,0.9907255172729492,0.059981138,0.642023346303502,nan,nan
SwinIR-lite (L1),BraTS2021_00112,32.58516,0.9921885132789612,0.05819667,0.358974358974359,nan,nan
SwinIR-lite (L1),BraTS2021_00112,32.20077,0.9914770126342773,0.06133999,0.3286908077994429,nan,nan
SwinIR-lite (L1),BraTS2021_00112,32.1728,0.9926853775978088,0.059530023,0.18064516129032257,nan,nan
SwinIR-lite (L1),BraTS2021_00112,32.46205,0.9925438165664673,0.05814459,0.3223684210526316,nan,nan
SwinIR-lite (L1),BraTS2021_00112,32.745396,0.9923065304756165,0.05759727,0.22988505747126436,nan,nan
SwinIR-lite (L1),BraTS2021_00112,32.73143,0.9928431510925293,0.05643227,0.0,nan,nan
SwinIR-lite (L1),BraTS2021_00112,32.892326,0.9932491183280945,0.055174336,0.0,nan,nan
SwinIR-lite (L1),BraTS2021_00112,33.17524,0.992751955986023,0.055296,0.0,nan,nan
SwinIR-lite (L1),BraTS2021_00112,32.875134,0.992195188999176,0.056580167,0.0,nan,nan
SwinIR-lite (L1),BraTS2021_00112,32.85232,0.9926628470420837,0.05702027,0.0,nan,nan
SwinIR-lite (L1),BraTS2021_00112,33.071842,0.9930263757705688,0.056155916,0.0,nan,nan
SwinIR-lite (L1),BraTS2021_00112,33.45029,0.9926453232765198,0.055047333,0.0,nan,nan
SwinIR-lite (L1),BraTS2021_00112,33.231216,0.9928144812583923,0.054212634,0.0,nan,nan
SwinIR-lite (L1),BraTS2021_00112,33.266876,0.9920572638511658,0.05620967,0.0,nan,nan
SwinIR-lite (L1),BraTS2021_00112,33.22196,0.9919735193252563,0.055846687,0.0,nan,nan
SwinIR-lite (L1),BraTS2021_00128,32.209938,0.9926930665969849,0.07231234,0.20202020202020202,nan,nan
SwinIR-lite (L1),BraTS2021_00128,32.207123,0.9924119710922241,0.07233393,0.338768115942029,nan,nan
SwinIR-lite (L1),BraTS2021_00128,31.806297,0.9924707412719727,0.072774485,0.4530791788856305,0.0,0.0
SwinIR-lite (L1),BraTS2021_00128,31.767109,0.992196261882782,0.073866084,0.5577689243027888,0.0,0.0
SwinIR-lite (L1),BraTS2021_00128,31.33923,0.9919241070747375,0.07592149,0.5104562737642585,0.0,0.0
SwinIR-lite (L1),BraTS2021_00128,31.50523,0.9918999671936035,0.07543701,0.6364105208870552,0.0,0.0
SwinIR-lite (L1),BraTS2021_00128,31.62935,0.9920183420181274,0.073926814,0.7462061747776033,0.0,0.0
SwinIR-lite (L1),BraTS2021_00128,30.911919,0.9916483759880066,0.07562732,0.6672084518488419,0.0,0.0
SwinIR-lite (L1),BraTS2021_00128,30.974796,0.9911662340164185,0.07721829,0.7931034482758621,0.0,0.0
SwinIR-lite (L1),BraTS2021_00128,30.980225,0.9913246631622314,0.07609748,0.7934508816120907,0.0,0.0
SwinIR-lite (L1),BraTS2021_00128,30.989384,0.9912183284759521,0.075709365,0.8323504633529908,0.0,0.0
SwinIR-lite (L1),BraTS2021_00128,30.729607,0.9911410808563232,0.076438576,0.6770670826833073,0.0,0.0
SwinIR-lite (L1),BraTS2021_00128,30.671873,0.99040287733078,0.078009374,0.8950715421303657,0.0,0.0
SwinIR-lite (L1),BraTS2021_00128,31.05377,0.9910070300102234,0.07389789,0.8770336738554673,0.0,0.0
SwinIR-lite (L1),BraTS2021_00128,30.594917,0.9910215139389038,0.07447273,0.8038147138964578,0.0,0.0
SwinIR-lite (L1),BraTS2021_00128,30.993053,0.9910027384757996,0.0723326,0.8555037647902474,0.0,0.0
SwinIR-lite (L1),BraTS2021_00128,30.808193,0.9905869364738464,0.073259056,0.8139613690274483,0.4041095890410959,0.48360655737704916
SwinIR-lite (L1),BraTS2021_00128,30.890411,0.9891902804374695,0.07431303,0.8912642830814597,0.5922077922077922,0.6325301204819277
SwinIR-lite (L1),BraTS2021_00128,30.920704,0.989353597164154,0.073328875,0.8831640058055152,0.6637362637362637,0.6729411764705883
SwinIR-lite (L1),BraTS2021_00128,30.673368,0.9879791736602783,0.07430878,0.8956743002544529,0.6523297491039427,0.6616541353383458
SwinIR-lite (L1),BraTS2021_00128,30.800812,0.9877837300300598,0.07183365,0.918057100482017,0.8021390374331551,0.7917241379310345
SwinIR-lite (L1),BraTS2021_00128,30.821434,0.9867449402809143,0.07214333,0.9186746987951807,0.8428571428571429,0.8209500609013398
SwinIR-lite (L1),BraTS2021_00128,30.869114,0.9863575100898743,0.07171625,0.8996282527881041,0.8836206896551724,0.8854961832061069
SwinIR-lite (L1),BraTS2021_00128,30.68481,0.9862140417098999,0.07135514,0.8263069139966274,0.7898230088495575,0.788826815642458
SwinIR-lite (L1),BraTS2021_00128,30.919369,0.9861658811569214,0.06908103,0.8155403199477637,0.8831646734130635,0.8483091787439614
SwinIR-lite (L1),BraTS2021_00128,30.728783,0.9846091866493225,0.071080975,0.8261009321761491,0.8140417457305503,0.6997885835095138
SwinIR-lite (L1),BraTS2021_00128,30.973825,0.9857744574546814,0.06847359,0.8199753390875463,0.863406408094435,0.7256281407035176
SwinIR-lite (L1),BraTS2021_00128,30.779665,0.9844335913658142,0.068949565,0.8370149253731344,0.9055283414975507,0.897071129707113
SwinIR-lite (L1),BraTS2021_00128,30.83361,0.9852756857872009,0.067955166,0.8273910582908885,0.9290407358738502,0.8957154405820533
SwinIR-lite (L1),BraTS2021_00128,31.186075,0.982508659362793,0.06701512,0.913895486935867,0.956575682382134,0.9073634204275535
SwinIR-lite (L1),BraTS2021_00128,31.04059,0.9839040637016296,0.066066325,0.9083191850594228,0.9532595325953259,0.9000799360511591
SwinIR-lite (L1),BraTS2021_00128,30.73185,0.9812987446784973,0.0670667,0.8859132297803963,0.9672131147540983,0.9330357142857143
SwinIR-lite (L1),BraTS2021_00128,31.505365,0.9832518100738525,0.06278884,0.9150714478296037,0.9762979683972912,0.9481165600568585
SwinIR-lite (L1),BraTS2021_00128,30.939524,0.9832046627998352,0.064778194,0.9004570848146267,0.9799457994579945,0.9591280653950953
SwinIR-lite (L1),BraTS2021_00128,31.184187,0.983261227607727,0.06430111,0.9290978398983482,0.9754825247782994,0.9512516469038208
SwinIR-lite (L1),BraTS2021_00128,31.484957,0.9845573902130127,0.061803613,0.9234986294542736,0.976353126642144,0.9458917835671342
SwinIR-lite (L1),BraTS2021_00128,31.544746,0.9846751689910889,0.062177964,0.9451881788330386,0.9818934299017071,0.9223433242506812
SwinIR-lite (L1),BraTS2021_00128,31.441494,0.9861061573028564,0.061374485,0.9379689844922461,0.981549815498155,0.8816738816738817
SwinIR-lite (L1),BraTS2021_00128,31.343296,0.9859185218811035,0.062264457,0.9327398615232443,0.9741468459152016,0.9069148936170213
SwinIR-lite (L1),BraTS2021_00128,31.359865,0.9850835204124451,0.06276448,0.9376546264225631,0.9491903964265773,0.8077496274217586
SwinIR-lite (L1),BraTS2021_00128,31.563883,0.9860841035842896,0.060897805,0.9437531110004977,0.9584269662921349,0.8917112299465241
SwinIR-lite (L1),BraTS2021_00128,31.703846,0.9849624633789062,0.06147481,0.9557298254490261,0.9774078478002378,0.8959081119885139
SwinIR-lite (L1),BraTS2021_00128,31.343414,0.9847943782806396,0.062273275,0.9340604858701042,0.9835866261398176,0.9433701657458563
SwinIR-lite (L1),BraTS2021_00128,31.480606,0.9853886365890503,0.062222973,0.9240256536753824,0.98328173374613,0.9554817275747508
SwinIR-lite (L1),BraTS2021_00128,31.603853,0.9839569926261902,0.062430233,0.9306633291614518,0.9804941482444733,0.9424307036247335
SwinIR-lite (L1),BraTS2021_00128,31.762913,0.9836885333061218,0.061766908,0.9345268542199489,0.978275181040158,0.9586545199719692
SwinIR-lite (L1),BraTS2021_00128,31.664131,0.9832043647766113,0.0623246,0.9137624014245739,0.9746121297602257,0.9554716981132075
SwinIR-lite (L1),BraTS2021_00128,31.76801,0.9851546883583069,0.061815593,0.8890015205271161,0.9743975903614458,0.9493975903614458
SwinIR-lite (L1),BraTS2021_00128,31.846191,0.9819417595863342,0.06314971,0.9091397849462366,0.9601949634443542,0.8743169398907104
SwinIR-lite (L1),BraTS2021_00128,31.55719,0.9844229817390442,0.062495034,0.8616452991452992,0.9263746505125815,0.7878128400435256
SwinIR-lite (L1),BraTS2021_00128,31.544567,0.9837526082992554,0.06435416,0.8478442280945758,0.9068062827225131,0.7666263603385731
SwinIR-lite (L1),BraTS2021_00128,31.915438,0.9811949729919434,0.064294435,0.8933789244637861,0.8734793187347932,0.8031704095112285
SwinIR-lite (L1),BraTS2021_00128,31.774002,0.9827717542648315,0.06535407,0.8504287075261988,0.8326180257510729,0.8018575851393189
SwinIR-lite (L1),BraTS2021_00128,31.84113,0.9847652316093445,0.06394446,0.8188311688311688,0.7643979057591623,0.7913385826771654
SwinIR-lite (L1),BraTS2021_00128,31.840023,0.9824057817459106,0.06676804,0.8417630057803468,0.7338129496402878,0.6509186351706037
SwinIR-lite (L1),BraTS2021_00128,31.425325,0.9812397956848145,0.072573885,0.8278591214879304,0.19491525423728814,0.19827586206896552
SwinIR-lite (L1),BraTS2021_00128,31.483038,0.982742965221405,0.06948013,0.7382045929018789,0.07042253521126761,0.07246376811594203
SwinIR-lite (L1),BraTS2021_00128,31.18037,0.9830405116081238,0.071649395,0.6365296803652968,0.0,0.0
SwinIR-lite (L1),BraTS2021_00128,31.260319,0.9836259484291077,0.07270879,0.5793178126691932,0.0,0.0
SwinIR-lite (L1),BraTS2021_00128,31.539078,0.9827666282653809,0.074201606,0.666147859922179,nan,nan
SwinIR-lite (L1),BraTS2021_00128,31.208572,0.9816885590553284,0.07788582,0.6011673151750972,nan,nan
SwinIR-lite (L1),BraTS2021_00128,30.93055,0.9818568825721741,0.08032349,0.5468549422336328,nan,nan
SwinIR-lite (L1),BraTS2021_00128,31.000694,0.982067346572876,0.08235885,0.6201232032854209,nan,nan
SwinIR-lite (L1),BraTS2021_00130,31.474188,0.9855238199234009,0.10192177,0.8646864686468647,nan,nan
SwinIR-lite (L1),BraTS2021_00130,31.54312,0.9843848943710327,0.10337982,0.8883374689826302,nan,nan
SwinIR-lite (L1),BraTS2021_00130,32.03077,0.985547661781311,0.09897449,0.8126232741617357,nan,nan
SwinIR-lite (L1),BraTS2021_00130,31.901691,0.9865233898162842,0.09433156,0.8776595744680851,0.0,0.0
SwinIR-lite (L1),BraTS2021_00130,31.709854,0.985876739025116,0.09687589,0.8018867924528302,0.7346938775510204,0.7346938775510204
SwinIR-lite (L1),BraTS2021_00130,31.320728,0.9844045639038086,0.10045253,0.9086576648133439,0.8484848484848485,0.8307692307692308
SwinIR-lite (L1),BraTS2021_00130,31.377808,0.9827887415885925,0.10377511,0.897986577181208,0.6243386243386243,0.5915492957746479
SwinIR-lite (L1),BraTS2021_00130,30.918987,0.9814472198486328,0.10320024,0.9541809851088202,0.7843137254901961,0.7165775401069518
SwinIR-lite (L1),BraTS2021_00130,30.368776,0.9777021408081055,0.10676098,0.9546436285097192,0.89375,0.7941176470588235
SwinIR-lite (L1),BraTS2021_00130,30.346373,0.9750404953956604,0.10526229,0.9484643414888079,0.8722222222222222,0.7572815533980582
SwinIR-lite (L1),BraTS2021_00130,30.661518,0.975311815738678,0.09943165,0.9580487804878048,0.6728723404255319,0.7049808429118773
SwinIR-lite (L1),BraTS2021_00130,30.891752,0.9762254953384399,0.094239555,0.9519230769230769,0.8624277456647399,0.5858585858585859
SwinIR-lite (L1),BraTS2021_00130,30.816267,0.9727734923362732,0.09609725,0.939297124600639,0.8645720476706392,0.6447368421052632
SwinIR-lite (L1),BraTS2021_00130,30.651157,0.972200334072113,0.09232683,0.9439135853759867,0.8874656907593779,0.7036144578313253
SwinIR-lite (L1),BraTS2021_00130,30.996218,0.9712634086608887,0.09187409,0.9733124018838305,0.9276466108149276,0.6950092421441775
SwinIR-lite (L1),BraTS2021_00130,31.114525,0.9731954336166382,0.08619251,0.9794970986460348,0.9457700650759219,0.801641586867305
SwinIR-lite (L1),BraTS2021_00130,30.904827,0.971670389175415,0.087750375,0.973604826546003,0.9249492900608519,0.7688243064729194
SwinIR-lite (L1),BraTS2021_00130,30.893087,0.9675807952880859,0.08865252,0.9757009345794393,0.9078104993597952,0.7016574585635359
SwinIR-lite (L1),BraTS2021_00130,31.177425,0.9694272875785828,0.08579353,0.9743396226415094,0.9408672798948752,0.7370030581039755
SwinIR-lite (L1),BraTS2021_00130,31.522816,0.9714950919151306,0.0807739,0.9734708916728076,0.9426176660219213,0.7336377473363774
SwinIR-lite (L1),BraTS2021_00130,31.199501,0.9707959294319153,0.08329001,0.9599141016463851,0.9539432176656152,0.7444608567208272
SwinIR-lite (L1),BraTS2021_00130,31.456196,0.97091144323349,0.080815375,0.9685577580314423,0.9405204460966543,0.7243243243243244
SwinIR-lite (L1),BraTS2021_00130,31.73606,0.9733660817146301,0.07929802,0.9704220671319376,0.9503722084367245,0.7587253414264037
SwinIR-lite (L1),BraTS2021_00130,31.691906,0.9756181240081787,0.079162076,0.9658758531036724,0.9359430604982206,0.7532097004279601
SwinIR-lite (L1),BraTS2021_00130,31.56143,0.9759891033172607,0.07917794,0.9694656488549618,0.9403590040532716,0.739010989010989
SwinIR-lite (L1),BraTS2021_00130,31.652157,0.9779850244522095,0.07924416,0.9600742804085423,0.9439728353140917,0.8081841432225064
SwinIR-lite (L1),BraTS2021_00130,31.30145,0.9759498834609985,0.081448115,0.9591146633876422,0.9388670779584969,0.7339901477832512
SwinIR-lite (L1),BraTS2021_00130,31.428104,0.97496497631073,0.08276278,0.945054945054945,0.9550881182490051,0.7358708189158016
SwinIR-lite (L1),BraTS2021_00130,31.513731,0.9775642156600952,0.080758765,0.9487097801847723,0.9550369948776323,0.7480916030534351
SwinIR-lite (L1),BraTS2021_00130,31.503334,0.9743119478225708,0.08206396,0.9503007280785059,0.9489624228827819,0.6915629322268326
SwinIR-lite (L1),BraTS2021_00130,31.640757,0.9743825793266296,0.08197067,0.9519509835536923,0.9333333333333333,0.6754807692307693
SwinIR-lite (L1),BraTS2021_00130,31.51209,0.9749058485031128,0.08242399,0.9556650246305419,0.9583333333333334,0.7303102625298329
SwinIR-lite (L1),BraTS2021_00130,31.816113,0.975442111492157,0.08305097,0.9636302969636303,0.9680915111378687,0.816374269005848
SwinIR-lite (L1),BraTS2021_00130,31.724928,0.977796733379364,0.08014838,0.9699967029343884,0.9598997493734336,0.8257309941520468
SwinIR-lite (L1),BraTS2021_00130,31.73607,0.9762431383132935,0.08131653,0.9680213191205863,0.9679947746570868,0.9074285714285715
SwinIR-lite (L1),BraTS2021_00130,31.880066,0.9761193990707397,0.08170517,0.9654246391406512,0.9596231493943472,0.8957055214723927
SwinIR-lite (L1),BraTS2021_00130,31.81144,0.9762389063835144,0.082316376,0.9766370516617309,0.9547383309759547,0.8904382470119522
SwinIR-lite (L1),BraTS2021_00130,32.0155,0.9772558808326721,0.079813346,0.9735624586913417,0.9651076466221232,0.9199594731509625
SwinIR-lite (L1),BraTS2021_00130,32.053436,0.9787818193435669,0.077657126,0.970461334218387,0.965682362330407,0.8738095238095238
SwinIR-lite (L1),BraTS2021_00130,32.12852,0.97890704870224,0.077452384,0.9713901043419724,0.9710504549214226,0.9073305670816044
SwinIR-lite (L1),BraTS2021_00130,31.867699,0.9777047634124756,0.08025306,0.957688338493292,0.9694915254237289,0.8971684053651267
SwinIR-lite (L1),BraTS2021_00130,31.932623,0.9776265025138855,0.07978261,0.9700310024112987,0.9715271786022434,0.9006410256410257
SwinIR-lite (L1),BraTS2021_00130,32.129616,0.9796018600463867,0.07880936,0.951551063088184,0.9696969696969697,0.907103825136612
SwinIR-lite (L1),BraTS2021_00130,32.384808,0.9807759523391724,0.075881355,0.9606458123107972,0.9551954242135366,0.8767123287671232
SwinIR-lite (L1),BraTS2021_00130,32.569904,0.9818712472915649,0.07483056,0.9592039800995025,0.9425511197663097,0.8604206500956023
SwinIR-lite (L1),BraTS2021_00130,32.765465,0.9824040532112122,0.07452126,0.9667653833497861,0.9240506329113924,0.8379446640316206
SwinIR-lite (L1),BraTS2021_00130,32.937424,0.9849898815155029,0.07016228,0.9744440756720876,0.9488888888888889,0.8884758364312267
SwinIR-lite (L1),BraTS2021_00130,32.934116,0.9845820665359497,0.0721308,0.9626328419609188,0.9321382842509603,0.8760683760683761
SwinIR-lite (L1),BraTS2021_00130,33.034676,0.9844478964805603,0.070181265,0.9690140845070423,0.9152542372881356,0.8740157480314961
SwinIR-lite (L1),BraTS2021_00130,33.153088,0.9818249344825745,0.07316189,0.9716181349060081,0.9112781954887218,0.8612612612612612
SwinIR-lite (L1),BraTS2021_00130,33.26698,0.9817825555801392,0.07216671,0.9775112443778111,0.9130434782608695,0.875968992248062
SwinIR-lite (L1),BraTS2021_00130,33.30214,0.9809730648994446,0.071214475,0.9774378585086042,0.7829181494661922,0.8693790149892934
SwinIR-lite (L1),BraTS2021_00130,33.705654,0.9821335077285767,0.06870409,0.9642289348171701,0.7066246056782335,0.7142857142857143
SwinIR-lite (L1),BraTS2021_00130,33.794098,0.979351282119751,0.07014272,0.9384679782335705,0.017543859649122806,0.05128205128205128
SwinIR-lite (L1),BraTS2021_00130,33.89321,0.977620005607605,0.071162045,0.9491104675217211,0.0,0.0
SwinIR-lite (L1),BraTS2021_00130,33.88207,0.9778869152069092,0.0692266,0.9364406779661016,nan,nan
SwinIR-lite (L1),BraTS2021_00130,33.931404,0.9776402711868286,0.06943663,0.9267879813796022,nan,nan
SwinIR-lite (L1),BraTS2021_00130,33.93035,0.9734577536582947,0.06952723,0.9547185780787135,nan,nan
SwinIR-lite (L1),BraTS2021_00130,33.81902,0.9750701785087585,0.06979114,0.9626044874615046,0.0,0.0
SwinIR-lite (L1),BraTS2021_00130,33.864315,0.9743025302886963,0.070731156,0.9854413102820746,0.0,0.0
SwinIR-lite (L1),BraTS2021_00130,33.810123,0.9744042158126831,0.07135376,0.9783757808745795,0.0,nan
SwinIR-lite (L1),BraTS2021_00130,33.555054,0.9692727327346802,0.07514211,0.9800715380684721,0.0,nan
SwinIR-lite (L1),BraTS2021_00130,33.691486,0.9725787043571472,0.07496018,0.9642058165548099,0.0,0.0
SwinIR-lite (L1),BraTS2021_00130,33.367966,0.9681439995765686,0.07791729,0.9625668449197861,0.0,nan
SwinIR-lite (L1),BraTS2021_00130,33.2115,0.9669180512428284,0.07991548,0.9482976040353089,0.0,0.0
SwinIR-lite (L1),BraTS2021_00130,32.98606,0.9588669538497925,0.08479064,0.945260347129506,0.0,nan
SwinIR-lite (L1),BraTS2021_00130,33.012115,0.9600977897644043,0.08499367,0.8660436137071651,nan,nan
SwinIR-lite (L1),BraTS2021_00130,32.912735,0.9566081166267395,0.08865083,0.8047445255474452,nan,nan
SwinIR-lite (L1),BraTS2021_00130,32.857964,0.9616369605064392,0.08837344,0.8565531475748194,nan,nan
SwinIR-lite (L1),BraTS2021_00130,32.52928,0.958762526512146,0.092209816,0.6331811263318112,nan,nan
SwinIR-lite (L1),BraTS2021_00130,32.470695,0.9597212672233582,0.095181204,0.12213740458015267,nan,nan
SwinIR-lite (L1),BraTS2021_00130,32.35167,0.9625130295753479,0.097193964,0.019543973941368076,nan,nan
SwinIR-lite (L1),BraTS2021_00130,32.046337,0.9594994783401489,0.10445652,0.0,nan,nan
SwinIR-lite (L1),BraTS2021_00130,32.1147,0.9654186964035034,0.10176363,0.0,nan,nan
SwinIR-lite (L1),BraTS2021_00130,32.024303,0.9635665416717529,0.10610317,0.0,nan,nan
Uformer-lite (L1),BraTS2021_00002,32.384506,0.9803841710090637,0.1567855,0.0,nan,nan
Uformer-lite (L1),BraTS2021_00002,32.24089,0.9811291694641113,0.1510953,0.0,nan,nan
Uformer-lite (L1),BraTS2021_00002,31.680584,0.9787822961807251,0.15693168,0.0,nan,nan
Uformer-lite (L1),BraTS2021_00002,32.135395,0.9803406596183777,0.14749572,0.789587852494577,nan,nan
Uformer-lite (L1),BraTS2021_00002,31.550379,0.9791106581687927,0.14998925,0.8953068592057761,nan,nan
Uformer-lite (L1),BraTS2021_00002,31.564962,0.9795100688934326,0.14503194,0.5196850393700787,nan,nan
Uformer-lite (L1),BraTS2021_00002,30.820946,0.9767855405807495,0.15063593,0.8690909090909091,nan,nan
Uformer-lite (L1),BraTS2021_00002,30.830273,0.9765608310699463,0.14622144,0.8684582743988685,nan,nan
Uformer-lite (L1),BraTS2021_00002,30.510405,0.9750733971595764,0.1455406,0.9228998849252014,nan,nan
Uformer-lite (L1),BraTS2021_00002,30.935295,0.9769772291183472,0.13541394,0.8733705772811918,nan,nan
Uformer-lite (L1),BraTS2021_00002,30.629902,0.9755899310112,0.13704601,0.9018901890189019,nan,nan
Uformer-lite (L1),BraTS2021_00002,30.874733,0.9760982394218445,0.13008893,0.8730703259005146,nan,nan
Uformer-lite (L1),BraTS2021_00002,31.036366,0.973598837852478,0.13205229,0.8115687992988606,nan,nan
Uformer-lite (L1),BraTS2021_00002,30.779865,0.9723207950592041,0.13115913,0.8864954432477217,nan,nan
Uformer-lite (L1),BraTS2021_00002,31.130724,0.975854218006134,0.122469306,0.8962906888720666,nan,nan
Uformer-lite (L1),BraTS2021_00002,30.938738,0.9748576879501343,0.12330547,0.7413194444444444,nan,nan
Uformer-lite (L1),BraTS2021_00002,30.822275,0.9726170897483826,0.12607789,0.6161702127659574,nan,nan
Uformer-lite (L1),BraTS2021_00002,30.407381,0.9716739654541016,0.12853147,0.7063758389261745,nan,nan
Uformer-lite (L1),BraTS2021_00002,30.441988,0.9715157747268677,0.12786916,0.0,nan,nan
Uformer-lite (L1),BraTS2021_00002,30.232027,0.9702137112617493,0.12847503,0.10182767624020887,nan,nan
Uformer-lite (L1),BraTS2021_00002,29.891798,0.9677951335906982,0.13236818,0.6632478632478632,nan,nan
Uformer-lite (L1),BraTS2021_00002,29.828312,0.964955747127533,0.13106887,0.7611940298507462,nan,nan
Uformer-lite (L1),BraTS2021_00002,29.911318,0.9629137516021729,0.12786686,0.7706131078224101,0.0,0.0
Uformer-lite (L1),BraTS2021_00002,30.273518,0.9647780060768127,0.11910527,0.7665045170257123,0.0,0.0
Uformer-lite (L1),BraTS2021_00002,30.485035,0.9634869694709778,0.11641206,0.7433948606587043,0.0,0.0
Uformer-lite (L1),BraTS2021_00002,30.75281,0.9647000432014465,0.11027402,0.722502522704339,0.0,0.0
Uformer-lite (L1),BraTS2021_00002,30.88766,0.9649984240531921,0.106761746,0.5726552179656539,nan,nan
Uformer-lite (L1),BraTS2021_00002,30.728874,0.9626020789146423,0.106854,0.2663811563169165,nan,nan
Uformer-lite (L1),BraTS2021_00002,30.855587,0.9624807834625244,0.10510298,0.3870967741935484,0.0,0.0
Uformer-lite (L1),BraTS2021_00002,31.13268,0.9635826945304871,0.10189363,0.14658803706823925,0.0,0.0
Uformer-lite (L1),BraTS2021_00002,31.335344,0.9683823585510254,0.09704224,0.6224899598393574,0.21649484536082475,0.21649484536082475
Uformer-lite (L1),BraTS2021_00002,31.336773,0.9718599915504456,0.09311683,0.23915203709837696,0.0,0.0
Uformer-lite (L1),BraTS2021_00002,31.605442,0.9740700125694275,0.09042689,0.2753850990254637,0.0,0.0
Uformer-lite (L1),BraTS2021_00002,31.667116,0.9743940234184265,0.090812206,0.16354556803995007,0.0,0.0
Uformer-lite (L1),BraTS2021_00002,31.554302,0.973067045211792,0.09354463,0.25578703703703703,0.0,0.0
Uformer-lite (L1),BraTS2021_00002,31.3019,0.9758029580116272,0.08989786,0.5620139173147769,0.21767241379310345,0.20924574209245742
Uformer-lite (L1),BraTS2021_00002,31.613117,0.9754295945167542,0.08979055,0.4779254179168453,0.1825938566552901,0.193158953722334
Uformer-lite (L1),BraTS2021_00002,31.569834,0.977936863899231,0.08670201,0.5897488258117215,0.14516129032258066,0.14354066985645933
Uformer-lite (L1),BraTS2021_00002,31.68873,0.9796313047409058,0.0849619,0.6110692771084337,0.1445126107702795,0.15384615384615385
Uformer-lite (L1),BraTS2021_00002,31.539162,0.9782449007034302,0.08769179,0.6990222222222222,0.44192634560906513,0.4207533759772566
Uformer-lite (L1),BraTS2021_00002,31.541319,0.9786405563354492,0.085905425,0.5310278578290105,0.14838709677419354,0.18739352640545145
Uformer-lite (L1),BraTS2021_00002,31.731441,0.9797917008399963,0.0849597,0.6766467065868264,0.3148502230720204,0.43014705882352944
Uformer-lite (L1),BraTS2021_00002,31.858585,0.9830107092857361,0.08115401,0.8146800121322414,0.563395225464191,0.5615314494074749
Uformer-lite (L1),BraTS2021_00002,32.002182,0.9835207462310791,0.08025115,0.751101321585903,0.3363691560412872,0.4921135646687697
Uformer-lite (L1),BraTS2021_00002,31.713799,0.9839680790901184,0.0790161,0.8502876385575978,0.8495499357051007,0.7456445993031359
Uformer-lite (L1),BraTS2021_00002,31.806759,0.9842568039894104,0.078300886,0.8541392904073587,0.7292659675881792,0.6506717850287908
Uformer-lite (L1),BraTS2021_00002,31.77398,0.9834938049316406,0.07943752,0.843819393042191,0.8534009294465569,0.6910798122065728
Uformer-lite (L1),BraTS2021_00002,31.73749,0.9842255115509033,0.079619266,0.8513345747982619,0.8559027777777778,0.7378277153558053
Uformer-lite (L1),BraTS2021_00002,31.530989,0.9846543073654175,0.078675464,0.8990881458966565,0.8234758871701547,0.671090047393365
Uformer-lite (L1),BraTS2021_00002,31.80215,0.9839964509010315,0.07970587,0.8454320987654321,0.8029602220166513,0.6749760306807286
Uformer-lite (L1),BraTS2021_00002,31.684536,0.9835788011550903,0.07926827,0.8521855188521855,0.890249234805422,0.7395437262357415
Uformer-lite (L1),BraTS2021_00002,31.740444,0.9845322966575623,0.07847601,0.8798254447801276,0.8327067669172933,0.7822222222222223
Uformer-lite (L1),BraTS2021_00002,31.586132,0.9850261807441711,0.077340424,0.9361207897793263,0.932396839332748,0.8082644628099174
Uformer-lite (L1),BraTS2021_00002,32.017162,0.9861353039741516,0.076161236,0.9111531190926276,0.894184938036225,0.762589928057554
Uformer-lite (L1),BraTS2021_00002,32.116898,0.9870259761810303,0.073858775,0.943089430894309,0.8634097706879362,0.7424483306836248
Uformer-lite (L1),BraTS2021_00002,32.303185,0.9861550331115723,0.07523079,0.9056345264600103,0.7839135654261705,0.7051724137931035
Uformer-lite (L1),BraTS2021_00002,32.394222,0.9882883429527283,0.07158327,0.9123428369045511,0.9032258064516129,0.760777683854607
Uformer-lite (L1),BraTS2021_00002,33.034195,0.98807293176651,0.07104629,0.9287488061127029,0.8985695708712613,0.7963636363636364
Uformer-lite (L1),BraTS2021_00002,32.996033,0.9892202019691467,0.06753212,0.9389166346523242,0.8541666666666666,0.7976071784646062
Uformer-lite (L1),BraTS2021_00002,33.07327,0.9897638559341431,0.06835881,0.9392478302796529,0.9068627450980392,0.7840531561461794
Uformer-lite (L1),BraTS2021_00002,33.22892,0.9897810220718384,0.067272365,0.949667616334283,0.9108910891089109,0.841081081081081
Uformer-lite (L1),BraTS2021_00002,33.51045,0.9892870187759399,0.06701808,0.9412676875363443,0.9054621848739496,0.8789659224441834
Uformer-lite (L1),BraTS2021_00002,33.087807,0.9891486763954163,0.06931747,0.964922153442131,0.8258064516129032,0.7735294117647059
Uformer-lite (L1),BraTS2021_00002,33.212845,0.9884188175201416,0.06999888,0.9652494661230829,0.8265460030165912,0.7884940778341794
Uformer-lite (L1),BraTS2021_00002,32.999477,0.9885202050209045,0.069220774,0.9744186046511628,0.8729641693811075,0.8453237410071942
Uformer-lite (L1),BraTS2021_00002,32.918423,0.9881689548492432,0.06997983,0.9632396304305091,0.8538899430740038,0.8346774193548387
Uformer-lite (L1),BraTS2021_00002,32.922913,0.9871892333030701,0.07141084,0.9723779854620976,0.7780320366132724,0.7807228915662651
Uformer-lite (L1),BraTS2021_00002,32.78583,0.9852039217948914,0.07418717,0.9556416881998278,0.851063829787234,0.8303030303030303
Uformer-lite (L1),BraTS2021_00002,32.916565,0.9847303628921509,0.07415911,0.9537333944113605,0.8361204013377926,0.8131868131868132
Uformer-lite (L1),BraTS2021_00002,32.35823,0.9830419421195984,0.077643886,0.9572022499388604,0.7167630057803468,0.7093023255813954
Uformer-lite (L1),BraTS2021_00002,32.305794,0.9823672771453857,0.07901937,0.945740498034076,0.7676767676767676,0.7676767676767676
Uformer-lite (L1),BraTS2021_00002,32.582516,0.9833124279975891,0.07929784,0.9606576629477392,0.0,0.0
Uformer-lite (L1),BraTS2021_00002,32.121613,0.982323944568634,0.08329089,0.9550888529886914,nan,nan
Uformer-lite (L1),BraTS2021_00002,32.36286,0.9805940389633179,0.08387298,0.9626946758420862,nan,nan
Uformer-lite (L1),BraTS2021_00002,31.844147,0.981376588344574,0.085649855,0.9598127194693719,nan,nan
Uformer-lite (L1),BraTS2021_00002,31.8198,0.9787521958351135,0.08941428,0.9763237193284546,nan,nan
Uformer-lite (L1),BraTS2021_00002,31.547087,0.9764793515205383,0.093650475,0.9636803874092009,nan,nan
Uformer-lite (L1),BraTS2021_00002,31.379957,0.9781444668769836,0.09201744,0.9587231700605393,nan,nan
Uformer-lite (L1),BraTS2021_00002,31.037487,0.9753650426864624,0.098283015,0.9606099110546379,nan,nan
Uformer-lite (L1),BraTS2021_00002,30.795973,0.9737753868103027,0.10356824,0.9620689655172414,nan,nan
Uformer-lite (L1),BraTS2021_00002,30.91757,0.9726155400276184,0.10630676,0.8925964546402503,nan,nan
Uformer-lite (L1),BraTS2021_00002,30.788021,0.9744030237197876,0.10544958,0.8345864661654135,nan,nan
Uformer-lite (L1),BraTS2021_00002,30.79959,0.9747653007507324,0.10634492,0.9506903353057199,nan,nan
Uformer-lite (L1),BraTS2021_00002,30.575825,0.9712412357330322,0.11374635,0.8802588996763754,nan,nan
Uformer-lite (L1),BraTS2021_00014,31.397905,0.9837185144424438,0.15178734,0.625,nan,nan
Uformer-lite (L1),BraTS2021_00014,31.502722,0.9846166372299194,0.1448969,0.0730593607305936,nan,nan
Uformer-lite (L1),BraTS2021_00014,31.355322,0.9847708940505981,0.14195791,0.3109048723897912,nan,nan
Uformer-lite (L1),BraTS2021_00014,31.293161,0.9842970371246338,0.1411286,0.0,nan,nan
Uformer-lite (L1),BraTS2021_00014,31.432411,0.9866655468940735,0.1291319,0.3485915492957746,nan,nan
Uformer-lite (L1),BraTS2021_00014,31.270735,0.9851158261299133,0.13366815,0.11940298507462686,nan,nan
Uformer-lite (L1),BraTS2021_00014,31.063751,0.984310507774353,0.1356495,0.3248175182481752,nan,nan
Uformer-lite (L1),BraTS2021_00014,30.966814,0.9853977560997009,0.13044336,0.7418086500655308,nan,nan
Uformer-lite (L1),BraTS2021_00014,30.605658,0.984677791595459,0.13223977,0.7885597548518897,0.0,0.0
Uformer-lite (L1),BraTS2021_00014,30.266335,0.9831748008728027,0.13587102,0.7490118577075099,0.0,0.0
Uformer-lite (L1),BraTS2021_00014,29.40364,0.9799667596817017,0.14384562,0.7947368421052632,0.7272727272727273,0.7272727272727273
Uformer-lite (L1),BraTS2021_00014,29.469645,0.9795225262641907,0.1397944,0.8683636363636363,0.0,0.0
Uformer-lite (L1),BraTS2021_00014,29.399347,0.9784390926361084,0.13656136,0.8724279835390947,0.0,0.0
Uformer-lite (L1),BraTS2021_00014,29.296406,0.9790979623794556,0.1292656,0.8935128518971848,0.6666666666666666,0.6666666666666666
Uformer-lite (L1),BraTS2021_00014,29.16322,0.9768131971359253,0.12837645,0.8673587081891581,0.16326530612244897,0.16326530612244897
Uformer-lite (L1),BraTS2021_00014,28.718166,0.9748224020004272,0.12949926,0.8878153515834675,0.29411764705882354,0.29411764705882354
Uformer-lite (L1),BraTS2021_00014,28.874664,0.97487473487854,0.12242501,0.8879837067209776,0.03225806451612903,0.03225806451612903
Uformer-lite (L1),BraTS2021_00014,28.944817,0.9725689888000488,0.12101947,0.8914841849148418,0.0,0.0
Uformer-lite (L1),BraTS2021_00014,29.186003,0.9725141525268555,0.116575,0.7495835646862854,0.228310502283105,0.228310502283105
Uformer-lite (L1),BraTS2021_00014,29.352358,0.9728826880455017,0.11321987,0.9010393131495708,0.5915492957746479,0.5915492957746479
Uformer-lite (L1),BraTS2021_00014,29.095222,0.9702414870262146,0.11524098,0.8719886632026452,0.4166666666666667,0.41064638783269963
Uformer-lite (L1),BraTS2021_00014,29.022781,0.9714214205741882,0.11114648,0.8791397849462366,0.3651452282157676,0.35833333333333334
Uformer-lite (L1),BraTS2021_00014,29.233498,0.9714352488517761,0.108901985,0.8043875685557587,0.23880597014925373,0.23880597014925373
Uformer-lite (L1),BraTS2021_00014,29.157814,0.9714093208312988,0.1058923,0.8998410174880763,0.38317757009345793,0.38317757009345793
Uformer-lite (L1),BraTS2021_00014,29.533396,0.9705905318260193,0.10099138,0.8847117794486216,0.5877192982456141,0.5877192982456141
Uformer-lite (L1),BraTS2021_00014,29.575,0.9683202505111694,0.102523975,0.7914194431766317,0.7593220338983051,0.7593220338983051
Uformer-lite (L1),BraTS2021_00014,29.604954,0.9695834517478943,0.10129958,0.8601126028583802,0.7685589519650655,0.7685589519650655
Uformer-lite (L1),BraTS2021_00014,29.505005,0.9688009023666382,0.09980145,0.8531831961888263,0.7577092511013216,0.7577092511013216
Uformer-lite (L1),BraTS2021_00014,29.897654,0.9688723087310791,0.099306546,0.690560323069157,0.0,0.0
Uformer-lite (L1),BraTS2021_00014,29.902494,0.9704853296279907,0.09783876,0.7690866510538642,0.0,0.0
Uformer-lite (L1),BraTS2021_00014,29.683344,0.9736850261688232,0.096565716,0.8265618173875054,0.5504587155963303,0.5504587155963303
Uformer-lite (L1),BraTS2021_00014,29.8041,0.9731829762458801,0.0968693,0.6441872169099144,0.0,0.0
Uformer-lite (L1),BraTS2021_00014,29.711075,0.974399745464325,0.095351845,0.7651618787049703,0.0,0.0
Uformer-lite (L1),BraTS2021_00014,29.959263,0.976875901222229,0.092930675,0.7780341485925242,nan,nan
Uformer-lite (L1),BraTS2021_00014,29.835737,0.9747921824455261,0.09438496,0.8017241379310345,nan,nan
Uformer-lite (L1),BraTS2021_00014,29.753063,0.9749860167503357,0.09644749,0.7116912599318955,nan,nan
Uformer-lite (L1),BraTS2021_00014,29.613123,0.9744908213615417,0.09565971,0.850828729281768,nan,nan
Uformer-lite (L1),BraTS2021_00014,29.689028,0.9761788249015808,0.09484036,0.7770219198790628,nan,nan
Uformer-lite (L1),BraTS2021_00014,29.907936,0.9774775505065918,0.0925167,0.848314606741573,nan,nan
Uformer-lite (L1),BraTS2021_00014,29.929226,0.9793717265129089,0.09095333,0.8683651804670913,nan,nan
Uformer-lite (L1),BraTS2021_00014,29.983942,0.9795424342155457,0.090492934,0.6816720257234726,nan,nan
Uformer-lite (L1),BraTS2021_00014,30.226381,0.9795472621917725,0.09024666,0.0,nan,nan
Uformer-lite (L1),BraTS2021_00014,30.257057,0.9782406687736511,0.091521814,0.0,nan,nan
Uformer-lite (L1),BraTS2021_00016,29.676968,0.9851363301277161,0.10439569,0.0,nan,nan
Uformer-lite (L1),BraTS2021_00016,29.383965,0.9832198619842529,0.10990232,0.0,nan,nan
Uformer-lite (L1),BraTS2021_00016,28.51777,0.9822064638137817,0.112465955,0.0,nan,nan
Uformer-lite (L1),BraTS2021_00016,28.706947,0.980251133441925,0.11154322,0.0,nan,nan
Uformer-lite (L1),BraTS2021_00016,28.78164,0.9826545119285583,0.10554152,0.0,nan,nan
Uformer-lite (L1),BraTS2021_00016,28.698978,0.9804294109344482,0.10825298,0.0,nan,nan
Uformer-lite (L1),BraTS2021_00016,28.863785,0.9789658784866333,0.10707882,0.0,nan,nan
Uformer-lite (L1),BraTS2021_00016,28.79342,0.9807117581367493,0.1008937,0.3761467889908257,nan,nan
Uformer-lite (L1),BraTS2021_00016,28.849792,0.9817906022071838,0.100645654,0.0,nan,nan
Uformer-lite (L1),BraTS2021_00016,29.29964,0.9816912412643433,0.09715603,0.12883435582822086,nan,nan
Uformer-lite (L1),BraTS2021_00016,29.344969,0.9833102822303772,0.09313294,0.684887459807074,nan,nan
Uformer-lite (L1),BraTS2021_00016,29.364288,0.9825124740600586,0.09390812,0.7506112469437652,nan,nan
Uformer-lite (L1),BraTS2021_00016,29.422375,0.9844385385513306,0.089899115,0.8428158148505304,0.0,0.0
Uformer-lite (L1),BraTS2021_00016,29.607698,0.9845840334892273,0.08842859,0.90625,0.27692307692307694,0.27692307692307694
Uformer-lite (L1),BraTS2021_00016,29.641415,0.9840378761291504,0.08909533,0.9124797406807131,0.45714285714285713,0.45588235294117646
Uformer-lite (L1),BraTS2021_00016,29.402273,0.983536958694458,0.08930076,0.9320388349514563,0.7678571428571429,0.7962085308056872
Uformer-lite (L1),BraTS2021_00016,29.500465,0.98424232006073,0.08871277,0.9261410788381743,0.7746478873239436,0.8174603174603174
Uformer-lite (L1),BraTS2021_00016,29.23733,0.9862505197525024,0.08655212,0.9367909238249594,0.7514450867052023,0.6996197718631179
Uformer-lite (L1),BraTS2021_00016,29.386713,0.9864869713783264,0.08398512,0.9102462271644162,0.8508771929824561,0.7707006369426752
Uformer-lite (L1),BraTS2021_00016,29.35365,0.985515296459198,0.084897235,0.8976135488837568,0.8823529411764706,0.7605633802816901
Uformer-lite (L1),BraTS2021_00016,29.488943,0.9861465096473694,0.083292946,0.8222222222222222,0.890728476821192,0.7074829931972789
Uformer-lite (L1),BraTS2021_00016,29.465157,0.9863194823265076,0.08362575,0.8730038022813689,0.8056426332288401,0.6520376175548589
Uformer-lite (L1),BraTS2021_00016,29.557817,0.9855594038963318,0.082737386,0.890895410082769,0.893387314439946,0.711340206185567
Uformer-lite (L1),BraTS2021_00016,29.100874,0.9865410923957825,0.083287165,0.9124143183549124,0.4909090909090909,0.6301369863013698
Uformer-lite (L1),BraTS2021_00016,29.399189,0.9855297803878784,0.08452997,0.9262536873156342,0.6230031948881789,0.7470588235294118
Uformer-lite (L1),BraTS2021_00016,29.386517,0.9851283431053162,0.08324797,0.9125528913963329,0.9371293001186239,0.7196029776674938
Uformer-lite (L1),BraTS2021_00016,28.842794,0.9861772060394287,0.08510333,0.9051903114186851,0.834850455136541,0.7520435967302452
Uformer-lite (L1),BraTS2021_00016,29.325085,0.9862409234046936,0.0842821,0.9185393258426966,0.9399293286219081,0.8097560975609757
Uformer-lite (L1),BraTS2021_00016,29.442913,0.9855852723121643,0.08331348,0.9421487603305785,0.9489559164733179,0.8029925187032418
Uformer-lite (L1),BraTS2021_00016,28.941647,0.9856056571006775,0.08524415,0.9371841155234657,0.9140893470790378,0.6994535519125683
Uformer-lite (L1),BraTS2021_00016,28.960829,0.9857067465782166,0.08615412,0.9249817916970139,0.9598262757871878,0.8079470198675497
Uformer-lite (L1),BraTS2021_00016,28.908052,0.9859209060668945,0.085328735,0.9280847842543528,0.9602649006622517,0.8132387706855791
Uformer-lite (L1),BraTS2021_00016,28.853025,0.9864748120307922,0.08514669,0.9309035687167806,0.9785794813979707,0.8703703703703703
Uformer-lite (L1),BraTS2021_00016,29.502861,0.9863669872283936,0.081977956,0.9022801302931596,0.9339853300733496,0.7850467289719626
Uformer-lite (L1),BraTS2021_00016,29.377394,0.986890971660614,0.08105651,0.9083263246425568,0.966789667896679,0.84375
Uformer-lite (L1),BraTS2021_00016,29.77849,0.9878677725791931,0.07819783,0.9215017064846417,0.9620253164556962,0.8512396694214877
Uformer-lite (L1),BraTS2021_00016,29.719692,0.9890607595443726,0.077851266,0.8935779816513761,0.9048316251830161,0.7806004618937644
Uformer-lite (L1),BraTS2021_00016,30.175951,0.9891257286071777,0.075036936,0.8862973760932945,0.847972972972973,0.749379652605459
Uformer-lite (L1),BraTS2021_00016,30.10358,0.9907339811325073,0.07251472,0.9090909090909091,0.8791208791208791,0.7877237851662404
Uformer-lite (L1),BraTS2021_00016,30.4516,0.9915493726730347,0.06968097,0.8719576719576719,0.8995983935742972,0.8513853904282116
Uformer-lite (L1),BraTS2021_00016,30.592373,0.9918665289878845,0.06719873,0.862144420131291,0.5750798722044729,0.6074074074074074
Uformer-lite (L1),BraTS2021_00016,30.800953,0.9922359585762024,0.06619109,0.8191365227537923,0.714859437751004,0.723404255319149
Uformer-lite (L1),BraTS2021_00016,31.030443,0.9926154613494873,0.065451354,0.8004926108374384,0.6626506024096386,0.6626506024096386
Uformer-lite (L1),BraTS2021_00016,31.273603,0.9923380613327026,0.06528521,0.15725806451612903,0.0,0.0
Uformer-lite (L1),BraTS2021_00016,31.504715,0.9914323091506958,0.06507811,0.32196969696969696,0.0,0.0
Uformer-lite (L1),BraTS2021_00016,31.333353,0.9919868111610413,0.06556686,0.4551971326164875,nan,nan
Uformer-lite (L1),BraTS2021_00016,31.524384,0.991230309009552,0.06480415,0.5982300884955752,nan,nan
Uformer-lite (L1),BraTS2021_00016,31.439621,0.9905595779418945,0.06696891,0.32057416267942584,nan,nan
Uformer-lite (L1),BraTS2021_00016,31.50293,0.9904816150665283,0.06717694,0.0,nan,nan
Uformer-lite (L1),BraTS2021_00016,30.906584,0.9905154705047607,0.069348946,0.16129032258064516,nan,nan
Uformer-lite (L1),BraTS2021_00016,30.574814,0.9897512793540955,0.07214136,0.0,nan,nan
Uformer-lite (L1),BraTS2021_00016,30.442,0.9883661866188049,0.07492955,0.0,nan,nan
Uformer-lite (L1),BraTS2021_00016,30.326197,0.9865939021110535,0.07771301,0.0,nan,nan
Uformer-lite (L1),BraTS2021_00021,31.621613,0.9694612622261047,0.14384168,0.0,nan,nan
Uformer-lite (L1),BraTS2021_00021,31.228691,0.9659713506698608,0.1481422,0.0,nan,nan
Uformer-lite (L1),BraTS2021_00021,31.116554,0.9645514488220215,0.1474118,0.0,nan,nan
Uformer-lite (L1),BraTS2021_00021,31.019997,0.9638221859931946,0.14734364,0.0,nan,nan
Uformer-lite (L1),BraTS2021_00021,31.32883,0.9657512307167053,0.14315689,0.09409190371991247,nan,nan
Uformer-lite (L1),BraTS2021_00021,31.377823,0.9658094048500061,0.1409861,0.0,nan,nan
Uformer-lite (L1),BraTS2021_00021,31.237694,0.9640822410583496,0.1405101,0.0,nan,nan
Uformer-lite (L1),BraTS2021_00021,30.933914,0.9600949287414551,0.14358695,0.0,nan,nan
Uformer-lite (L1),BraTS2021_00021,30.647816,0.9494737386703491,0.14951672,0.04995693367786391,nan,nan
Uformer-lite (L1),BraTS2021_00021,30.547256,0.951187252998352,0.13999763,0.15730337078651685,nan,nan
Uformer-lite (L1),BraTS2021_00021,30.654259,0.9486199021339417,0.13414775,0.024967148488830485,nan,nan
Uformer-lite (L1),BraTS2021_00021,30.713215,0.9437459111213684,0.1338062,0.0,nan,nan
Uformer-lite (L1),BraTS2021_00021,30.930061,0.9476054906845093,0.12643456,0.20147420147420148,nan,nan
Uformer-lite (L1),BraTS2021_00021,30.948292,0.9452440738677979,0.12523049,0.2121697357886309,nan,nan
Uformer-lite (L1),BraTS2021_00021,31.206846,0.9458919167518616,0.12108386,0.11129707112970712,nan,nan
Uformer-lite (L1),BraTS2021_00021,31.433903,0.9401402473449707,0.12289869,0.0,nan,nan
Uformer-lite (L1),BraTS2021_00021,31.30547,0.9410735368728638,0.11870552,0.09792147806004618,nan,nan
Uformer-lite (L1),BraTS2021_00021,31.406002,0.941561222076416,0.11677725,0.0,nan,nan
Uformer-lite (L1),BraTS2021_00021,31.57036,0.939002275466919,0.11538461,0.0,nan,nan
Uformer-lite (L1),BraTS2021_00021,31.42746,0.9435619711875916,0.11329008,0.0,nan,nan
Uformer-lite (L1),BraTS2021_00021,31.683447,0.9458028078079224,0.109241486,0.0,nan,nan
Uformer-lite (L1),BraTS2021_00021,32.01274,0.9460784196853638,0.10774531,0.0,nan,nan
Uformer-lite (L1),BraTS2021_00021,32.272198,0.9482396841049194,0.105895706,0.0,nan,nan
Uformer-lite (L1),BraTS2021_00021,32.027443,0.9493339657783508,0.1063025,0.0036883356385431073,nan,nan
Uformer-lite (L1),BraTS2021_00021,31.901165,0.9489070177078247,0.10736995,0.08597481545809814,nan,nan
Uformer-lite (L1),BraTS2021_00021,31.71443,0.9492756128311157,0.10777521,0.003544528134692069,nan,nan
Uformer-lite (L1),BraTS2021_00021,31.91851,0.9510723352432251,0.10708672,0.26707363601678746,0.0,0.0
Uformer-lite (L1),BraTS2021_00021,31.970406,0.9506539106369019,0.10750477,0.28409550789154187,0.0,0.0
Uformer-lite (L1),BraTS2021_00021,31.879574,0.9511459469795227,0.10903183,0.19911326078194277,0.0,0.0
Uformer-lite (L1),BraTS2021_00021,31.965576,0.9513270258903503,0.10751827,0.21333333333333335,0.06763285024154589,0.06763285024154589
Uformer-lite (L1),BraTS2021_00021,32.2012,0.9545069932937622,0.10498593,0.16900212314225052,0.015503875968992248,0.016483516483516484
Uformer-lite (L1),BraTS2021_00021,31.823862,0.9579143524169922,0.10397158,0.40129449838187703,0.07581227436823104,0.08879492600422834
Uformer-lite (L1),BraTS2021_00021,32.084194,0.9541255831718445,0.1036629,0.324477506199079,0.0,0.0
Uformer-lite (L1),BraTS2021_00021,31.933622,0.9569351673126221,0.10270456,0.2885958107059736,0.020242914979757085,0.023255813953488372
Uformer-lite (L1),BraTS2021_00021,31.906538,0.9574775695800781,0.10339408,0.5655844155844156,0.16326530612244897,0.18840579710144928
Uformer-lite (L1),BraTS2021_00021,31.836615,0.958768904209137,0.10209758,0.2576188541243397,0.0,0.0
Uformer-lite (L1),BraTS2021_00021,31.95143,0.9547033309936523,0.10642015,0.2465753424657534,0.0,0.0
Uformer-lite (L1),BraTS2021_00021,31.706882,0.9557825326919556,0.10656658,0.3065630397236615,0.010256410256410256,0.011881188118811881
Uformer-lite (L1),BraTS2021_00021,31.950357,0.9581345319747925,0.10689574,0.31504781077000504,0.017130620985010708,0.018867924528301886
Uformer-lite (L1),BraTS2021_00021,31.71988,0.9611800312995911,0.10582213,0.43014705882352944,0.0,0.0
Uformer-lite (L1),BraTS2021_00021,31.864393,0.9644035696983337,0.1025042,0.32452830188679244,0.0,0.0
Uformer-lite (L1),BraTS2021_00021,31.996658,0.9651898741722107,0.10053917,0.38391038696537677,0.06971677559912855,0.07710843373493977
Uformer-lite (L1),BraTS2021_00021,32.363945,0.9698760509490967,0.097500995,0.2358974358974359,0.0,0.0
Uformer-lite (L1),BraTS2021_00021,32.304848,0.9694985151290894,0.09621867,0.14820359281437126,0.02768166089965398,0.031746031746031744
Uformer-lite (L1),BraTS2021_00021,32.583244,0.9739039540290833,0.094078556,0.15497076023391812,0.0,0.0
Uformer-lite (L1),BraTS2021_00021,32.93034,0.9732590317726135,0.091560654,0.007462686567164179,0.0,0.0
Uformer-lite (L1),BraTS2021_00021,33.35816,0.9770069122314453,0.08768881,0.0,nan,nan
Uformer-lite (L1),BraTS2021_00021,33.351425,0.977983295917511,0.08602574,0.0,nan,nan
Uformer-lite (L1),BraTS2021_00021,33.28324,0.9785823225975037,0.08569345,0.0,nan,nan
Uformer-lite (L1),BraTS2021_00021,33.43456,0.97755366563797,0.086417004,0.0,nan,nan
Uformer-lite (L1),BraTS2021_00021,33.844757,0.9792479872703552,0.08091529,0.0,nan,nan
Uformer-lite (L1),BraTS2021_00021,33.857704,0.9792938232421875,0.07951099,0.0,nan,nan
Uformer-lite (L1),BraTS2021_00021,34.11696,0.9767643809318542,0.08250198,0.0,nan,nan
Uformer-lite (L1),BraTS2021_00021,34.073814,0.9787408709526062,0.07867849,0.0,nan,nan
Uformer-lite (L1),BraTS2021_00021,34.242523,0.9752182364463806,0.08010594,0.0,nan,nan
Uformer-lite (L1),BraTS2021_00021,34.199734,0.9732016921043396,0.08036195,0.0,nan,nan
Uformer-lite (L1),BraTS2021_00021,34.058983,0.96881103515625,0.08267324,0.0,nan,nan
Uformer-lite (L1),BraTS2021_00021,34.20601,0.965092122554779,0.080132134,0.0,nan,nan
Uformer-lite (L1),BraTS2021_00021,34.340664,0.9581778049468994,0.08033546,0.0,nan,nan
Uformer-lite (L1),BraTS2021_00021,34.104343,0.9533364176750183,0.08521004,0.0,nan,nan
Uformer-lite (L1),BraTS2021_00021,33.95708,0.9564111828804016,0.08410179,0.0,nan,nan
Uformer-lite (L1),BraTS2021_00056,31.631752,0.9810210466384888,0.14211275,0.16176470588235295,0.0,0.0
Uformer-lite (L1),BraTS2021_00056,31.134743,0.9804215431213379,0.14145334,0.45936395759717313,0.0,0.0
Uformer-lite (L1),BraTS2021_00056,31.05566,0.9789963364601135,0.14211845,0.5486725663716814,0.21804511278195488,0.21804511278195488
Uformer-lite (L1),BraTS2021_00056,31.290588,0.9805629253387451,0.13499707,0.4635514018691589,0.0,0.0
Uformer-lite (L1),BraTS2021_00056,31.036863,0.9778566360473633,0.13840562,0.7941176470588235,0.47668393782383417,0.47668393782383417
Uformer-lite (L1),BraTS2021_00056,30.747025,0.9772369861602783,0.13504872,0.8279457768508863,0.38405797101449274,0.3781818181818182
Uformer-lite (L1),BraTS2021_00056,30.754757,0.9763032793998718,0.1318872,0.8755439512619669,0.6202898550724638,0.5696400625978091
Uformer-lite (L1),BraTS2021_00056,30.42486,0.9759349822998047,0.1286017,0.8507692307692307,0.5178365937859609,0.5130759651307597
Uformer-lite (L1),BraTS2021_00056,30.451452,0.9740870594978333,0.12895197,0.8186889818688982,0.49223946784922396,0.5084745762711864
Uformer-lite (L1),BraTS2021_00056,30.672474,0.9757036566734314,0.12267044,0.8478260869565217,0.525918944392083,0.5101626016260162
Uformer-lite (L1),BraTS2021_00056,30.750238,0.9767628908157349,0.11819202,0.8561001042752867,0.6021818181818182,0.5581395348837209
Uformer-lite (L1),BraTS2021_00056,30.465185,0.9751058220863342,0.118012406,0.9073265405143135,0.7643076923076924,0.7214611872146118
Uformer-lite (L1),BraTS2021_00056,30.478989,0.973511278629303,0.11957963,0.9550706033376123,0.9171717171717172,0.8274687854710556
Uformer-lite (L1),BraTS2021_00056,30.422832,0.9720069766044617,0.12037566,0.926968584251326,0.9314148681055155,0.8702616123865456
Uformer-lite (L1),BraTS2021_00056,30.695093,0.9740907549858093,0.11618712,0.8955336866010598,0.8745762711864407,0.8458705944239874
Uformer-lite (L1),BraTS2021_00056,30.880833,0.9764788746833801,0.11056238,0.9273265373232489,0.8514764213309828,0.7930505876341338
Uformer-lite (L1),BraTS2021_00056,30.826342,0.9775334596633911,0.108533025,0.9600230083405235,0.8911128903122498,0.8334875115633672
Uformer-lite (L1),BraTS2021_00056,30.412846,0.9752343893051147,0.111799896,0.9611307420494699,0.8911196911196911,0.8302919708029197
Uformer-lite (L1),BraTS2021_00056,30.249,0.9757199287414551,0.112747446,0.9740826276623044,0.9023423423423423,0.8572628043660789
Uformer-lite (L1),BraTS2021_00056,30.030537,0.9747395515441895,0.115209624,0.9503510531594784,0.8870175438596491,0.8412121212121212
Uformer-lite (L1),BraTS2021_00056,30.116451,0.9752867817878723,0.11165005,0.9701028462090409,0.9159691998660864,0.8764221263240487
Uformer-lite (L1),BraTS2021_00056,29.63081,0.9704458117485046,0.117653936,0.9719887955182073,0.9183266932270916,0.8658333333333333
Uformer-lite (L1),BraTS2021_00056,29.333857,0.9682360887527466,0.11634086,0.9708381171067738,0.9138724523339908,0.8629032258064516
Uformer-lite (L1),BraTS2021_00056,29.438639,0.96612548828125,0.11240833,0.9725436805082823,0.9162995594713657,0.8618320610687022
Uformer-lite (L1),BraTS2021_00056,29.770144,0.9679924845695496,0.108720474,0.9845338046840477,0.9223484848484849,0.8568037974683544
Uformer-lite (L1),BraTS2021_00056,29.815117,0.967066764831543,0.108197436,0.973424115967494,0.944945567651633,0.8887206661619985
Uformer-lite (L1),BraTS2021_00056,29.919252,0.9660702347755432,0.1079655,0.9786390662849592,0.9356903383114904,0.8661119515885023
Uformer-lite (L1),BraTS2021_00056,29.933794,0.968510091304779,0.10487571,0.9776119402985075,0.9349336702463676,0.8653770232925385
Uformer-lite (L1),BraTS2021_00056,29.817198,0.9673045873641968,0.105104774,0.9743475351327237,0.9421757595557008,0.882800608828006
Uformer-lite (L1),BraTS2021_00056,30.109196,0.9686377644538879,0.10237998,0.9499647639182522,0.9207213337870024,0.8756218905472637
Uformer-lite (L1),BraTS2021_00056,30.348244,0.9705915451049805,0.10028794,0.9405560882070949,0.8757696486780152,0.8134135855546002
Uformer-lite (L1),BraTS2021_00056,30.65152,0.972663164138794,0.096216895,0.9398389388915206,0.8815987933634992,0.8489652135623074
Uformer-lite (L1),BraTS2021_00056,30.62212,0.9731144905090332,0.09442207,0.968721251149954,0.9222873900293255,0.8787749893662271
Uformer-lite (L1),BraTS2021_00056,30.481365,0.9727805852890015,0.09390296,0.9809938172658575,0.9252669039145908,0.8700218818380744
Uformer-lite (L1),BraTS2021_00056,30.86327,0.9733393788337708,0.09250938,0.9728325064965745,0.9461937026703866,0.8755056179775281
Uformer-lite (L1),BraTS2021_00056,30.886267,0.9746925234794617,0.09051646,0.9720028715003589,0.9289383561643836,0.8027681660899654
Uformer-lite (L1),BraTS2021_00056,31.20964,0.9766528010368347,0.08769165,0.9539810080350621,0.903663500678426,0.8018339276617422
Uformer-lite (L1),BraTS2021_00056,31.27826,0.9777625799179077,0.08512853,0.9589106545628284,0.9379441023211748,0.8348284960422163
Uformer-lite (L1),BraTS2021_00056,31.248674,0.9773672223091125,0.08628063,0.9672053231939164,0.8643051771117166,0.7638310529446758
Uformer-lite (L1),BraTS2021_00056,31.337854,0.978987991809845,0.083898954,0.9779985805535841,0.8884615384615384,0.8155737704918032
Uformer-lite (L1),BraTS2021_00056,31.538694,0.9802855849266052,0.0826739,0.9758179231863442,0.9504666188083274,0.916234247590808
Uformer-lite (L1),BraTS2021_00056,31.573349,0.9813104867935181,0.08238878,0.9699780327068587,0.9300699300699301,0.9148936170212766
Uformer-lite (L1),BraTS2021_00056,31.551563,0.9814714193344116,0.08202069,0.9651937793137497,0.9306296691568837,0.9025191675794085
Uformer-lite (L1),BraTS2021_00056,31.482096,0.9819941520690918,0.08178494,0.9625884732052579,0.8778135048231511,0.8702791461412152
Uformer-lite (L1),BraTS2021_00056,31.374533,0.9823189377784729,0.08158805,0.9699660485766519,0.7594202898550725,0.7594202898550725
Uformer-lite (L1),BraTS2021_00056,31.379757,0.9820534586906433,0.08256984,0.9445242885886749,0.0,0.0
Uformer-lite (L1),BraTS2021_00056,31.56361,0.9835352897644043,0.08120338,0.9656877897990727,nan,nan
Uformer-lite (L1),BraTS2021_00056,31.458397,0.9824440479278564,0.082346894,0.9675762439807384,nan,nan
Uformer-lite (L1),BraTS2021_00056,31.67757,0.9826747179031372,0.08137245,0.9589136490250696,nan,nan
Uformer-lite (L1),BraTS2021_00056,31.928215,0.982855498790741,0.08039879,0.9548238897396631,nan,nan
Uformer-lite (L1),BraTS2021_00056,31.932922,0.9835600256919861,0.07959166,0.9304029304029304,nan,nan
Uformer-lite (L1),BraTS2021_00056,32.008774,0.9835531115531921,0.07805341,0.9122414756847401,nan,nan
Uformer-lite (L1),BraTS2021_00056,32.24447,0.9835452437400818,0.0792048,0.7542662116040956,nan,nan
Uformer-lite (L1),BraTS2021_00056,32.587288,0.983669638633728,0.07823517,0.7151162790697675,nan,nan
Uformer-lite (L1),BraTS2021_00056,32.63262,0.9839576482772827,0.07719156,0.6386138613861386,nan,nan
Uformer-lite (L1),BraTS2021_00056,32.571495,0.9846193790435791,0.07532791,0.41450777202072536,nan,nan
Uformer-lite (L1),BraTS2021_00061,31.75194,0.9772834181785583,0.12687434,0.0,0.0,0.0
Uformer-lite (L1),BraTS2021_00061,31.42698,0.9759458899497986,0.12664637,0.0,0.0,0.0
Uformer-lite (L1),BraTS2021_00061,30.957033,0.9733429551124573,0.13093425,0.0,0.0,0.0
Uformer-lite (L1),BraTS2021_00061,31.350578,0.9765883684158325,0.12098705,0.14375,0.23008849557522124,0.28888888888888886
Uformer-lite (L1),BraTS2021_00061,31.293604,0.9772046208381653,0.12070898,0.2549019607843137,0.0,0.0
Uformer-lite (L1),BraTS2021_00061,31.46409,0.9785542488098145,0.11589108,0.38524590163934425,0.16296296296296298,0.20224719101123595
Uformer-lite (L1),BraTS2021_00061,31.502346,0.9769198298454285,0.11825964,0.47307692307692306,0.3472222222222222,0.42424242424242425
Uformer-lite (L1),BraTS2021_00061,31.54125,0.9807924032211304,0.11301648,0.46353322528363045,0.016,0.02531645569620253
Uformer-lite (L1),BraTS2021_00061,31.296824,0.9788367748260498,0.114531405,0.4287200832466181,0.21935483870967742,0.2631578947368421
Uformer-lite (L1),BraTS2021_00061,31.11892,0.9779220819473267,0.11637775,0.32,0.06611570247933884,0.07692307692307693
Uformer-lite (L1),BraTS2021_00061,30.279518,0.9718503355979919,0.12868722,0.6358475263584753,0.7566462167689162,0.701123595505618
Uformer-lite (L1),BraTS2021_00061,30.208794,0.9705106616020203,0.1260326,0.6601941747572816,0.7228177641653905,0.6426116838487973
Uformer-lite (L1),BraTS2021_00061,30.37304,0.9677560925483704,0.123987794,0.712784588441331,0.7196110210696921,0.5579567779960707
Uformer-lite (L1),BraTS2021_00061,30.396421,0.9671081900596619,0.121264584,0.692,0.4838709677419355,0.3426124197002141
Uformer-lite (L1),BraTS2021_00061,30.197598,0.9675757884979248,0.11980962,0.6925925925925925,0.04119850187265917,0.06451612903225806
Uformer-lite (L1),BraTS2021_00061,30.353258,0.9672975540161133,0.11643661,0.7253521126760564,0.23937007874015748,0.18765432098765433
Uformer-lite (L1),BraTS2021_00061,30.344696,0.971112847328186,0.110995226,0.6771653543307087,0.17784711388455537,0.19786096256684493
Uformer-lite (L1),BraTS2021_00061,30.432043,0.9713936448097229,0.10830212,0.7392363931762794,0.049586776859504134,0.08360128617363344
Uformer-lite (L1),BraTS2021_00061,30.61277,0.9758028388023376,0.10324475,0.6837748344370861,0.05714285714285714,0.10273972602739725
Uformer-lite (L1),BraTS2021_00061,30.586803,0.9754141569137573,0.10457955,0.6992543496271748,0.08362369337979095,0.15625
Uformer-lite (L1),BraTS2021_00061,30.583868,0.9760268330574036,0.10197387,0.6953892668178382,0.17132867132867133,0.2158273381294964
Uformer-lite (L1),BraTS2021_00061,30.723589,0.9765500426292419,0.10119481,0.7371744277821626,0.2905982905982906,0.3076923076923077
Uformer-lite (L1),BraTS2021_00061,30.729914,0.9756729006767273,0.102881916,0.7208904109589042,0.012219959266802444,0.02843601895734597
Uformer-lite (L1),BraTS2021_00061,31.037447,0.9749733209609985,0.10246318,0.7582417582417582,0.30514705882352944,0.45695364238410596
Uformer-lite (L1),BraTS2021_00061,30.879505,0.9734045267105103,0.10370228,0.7567030784508441,0.14349775784753363,0.18972332015810275
Uformer-lite (L1),BraTS2021_00061,30.769175,0.9753311276435852,0.10280507,0.6976744186046512,0.22506393861892582,0.3188405797101449
Uformer-lite (L1),BraTS2021_00061,31.057062,0.9756008386611938,0.09915448,0.4218512898330804,0.0,0.0
Uformer-lite (L1),BraTS2021_00061,31.27806,0.9726685881614685,0.10053948,0.2805755395683453,0.0,0.0
Uformer-lite (L1),BraTS2021_00061,31.286839,0.9748137593269348,0.0988498,0.6687116564417178,0.6428571428571429,0.6428571428571429
Uformer-lite (L1),BraTS2021_00061,31.179731,0.9712147116661072,0.10204775,0.13488372093023257,0.0,0.0
Uformer-lite (L1),BraTS2021_00061,31.45338,0.9719244837760925,0.10081609,0.41422594142259417,0.0,0.0
Uformer-lite (L1),BraTS2021_00061,31.488728,0.9727346301078796,0.0985258,0.6157894736842106,nan,nan
Uformer-lite (L1),BraTS2021_00061,31.600647,0.9772851467132568,0.09457819,0.7247956403269755,0.0,0.0
Uformer-lite (L1),BraTS2021_00061,31.703701,0.9749133586883545,0.09467167,0.3628691983122363,nan,nan
Uformer-lite (L1),BraTS2021_00062,29.016714,0.9701191186904907,0.119021386,0.8153153153153153,nan,nan
Uformer-lite (L1),BraTS2021_00062,28.937683,0.9716827869415283,0.11539791,0.7987616099071208,nan,nan
Uformer-lite (L1),BraTS2021_00062,29.171814,0.971943199634552,0.1138489,0.7702834799608993,nan,nan
Uformer-lite (L1),BraTS2021_00062,29.408987,0.9723527431488037,0.109992415,0.8290076335877863,nan,nan
Uformer-lite (L1),BraTS2021_00062,29.846786,0.9760767817497253,0.10157283,0.927231807951988,nan,nan
Uformer-lite (L1),BraTS2021_00062,29.91494,0.9756735563278198,0.10173074,0.893368010403121,nan,nan
Uformer-lite (L1),BraTS2021_00062,30.108025,0.9789144992828369,0.0958277,0.91005291005291,nan,nan
Uformer-lite (L1),BraTS2021_00062,29.885933,0.9790707230567932,0.09614903,0.8962655601659751,nan,nan
Uformer-lite (L1),BraTS2021_00062,30.38064,0.9809283018112183,0.09191835,0.8876860622462788,nan,nan
Uformer-lite (L1),BraTS2021_00062,30.338488,0.9828378558158875,0.08897989,0.904293028751477,nan,nan
Uformer-lite (L1),BraTS2021_00062,30.63208,0.9840930104255676,0.086296685,0.9121771217712177,nan,nan
Uformer-lite (L1),BraTS2021_00062,30.338188,0.9835782051086426,0.08781064,0.9163090128755365,nan,nan
Uformer-lite (L1),BraTS2021_00062,30.392294,0.9837473034858704,0.086500764,0.9395348837209302,nan,nan
Uformer-lite (L1),BraTS2021_00062,30.668707,0.9840499758720398,0.08668602,0.9527449617790132,nan,nan
Uformer-lite (L1),BraTS2021_00062,30.698631,0.9849088191986084,0.084216185,0.9602763385146805,nan,nan
Uformer-lite (L1),BraTS2021_00062,30.558567,0.9854460954666138,0.08297194,0.9476528199932456,nan,nan
Uformer-lite (L1),BraTS2021_00062,30.343344,0.9842470288276672,0.08495405,0.9657511020684978,0.0,0.0
Uformer-lite (L1),BraTS2021_00062,30.654839,0.9842345118522644,0.08637187,0.9700636942675159,0.0,0.0
Uformer-lite (L1),BraTS2021_00062,30.231894,0.9851738214492798,0.0847698,0.9612784265519361,0.6923076923076923,0.6923076923076923
Uformer-lite (L1),BraTS2021_00062,30.190107,0.9854339361190796,0.0838271,0.9661016949152542,0.5625,0.6206896551724138
Uformer-lite (L1),BraTS2021_00062,30.303173,0.985278844833374,0.08506594,0.9682634730538923,0.0,0.0
Uformer-lite (L1),BraTS2021_00062,30.156754,0.9850023984909058,0.08516464,0.9725744618106753,0.0,0.0
Uformer-lite (L1),BraTS2021_00062,30.471151,0.985535204410553,0.084460706,0.9732745961820851,0.0,0.0
Uformer-lite (L1),BraTS2021_00062,30.496405,0.9866294264793396,0.082322195,0.9716125256072579,0.0,0.0
Uformer-lite (L1),BraTS2021_00062,30.763752,0.9878361225128174,0.07816939,0.9627920392269974,0.0,0.0
Uformer-lite (L1),BraTS2021_00062,31.096937,0.9882343411445618,0.07691268,0.9636831569917071,0.0,0.0
Uformer-lite (L1),BraTS2021_00062,30.920666,0.9883396625518799,0.07707847,0.972181551976574,0.0,0.0
Uformer-lite (L1),BraTS2021_00062,30.99925,0.9893704056739807,0.07524224,0.9591895803183792,0.0,0.0
Uformer-lite (L1),BraTS2021_00062,31.450674,0.9898617267608643,0.07390583,0.9629629629629629,0.0,0.0
Uformer-lite (L1),BraTS2021_00062,31.621859,0.9904980659484863,0.07095519,0.9667598633115875,nan,nan
Uformer-lite (L1),BraTS2021_00062,31.77235,0.9907769560813904,0.07021799,0.9643312101910828,nan,nan
Uformer-lite (L1),BraTS2021_00062,31.846952,0.9915986061096191,0.067539945,0.9677221026744544,nan,nan
Uformer-lite (L1),BraTS2021_00062,31.824858,0.9908643364906311,0.07042286,0.9563150074294205,0.0,nan
Uformer-lite (L1),BraTS2021_00062,32.111942,0.9913778305053711,0.06816226,0.9567519858781994,nan,nan
Uformer-lite (L1),BraTS2021_00062,32.30278,0.9916843175888062,0.066799834,0.9710188228264117,nan,nan
Uformer-lite (L1),BraTS2021_00062,31.637363,0.9910997152328491,0.07001634,0.9513196480938416,0.0,nan
Uformer-lite (L1),BraTS2021_00062,31.882086,0.9906072020530701,0.0697759,0.9719287654693631,nan,nan
Uformer-lite (L1),BraTS2021_00062,31.893274,0.9901688694953918,0.07104335,0.9487563679952052,nan,nan
Uformer-lite (L1),BraTS2021_00062,31.878525,0.9891511797904968,0.071963675,0.9454434623590369,0.0,nan
Uformer-lite (L1),BraTS2021_00062,31.817097,0.9890105724334717,0.07153696,0.922421661089139,nan,nan
Uformer-lite (L1),BraTS2021_00062,31.829082,0.9883978366851807,0.0726749,0.9224111282843895,nan,nan
Uformer-lite (L1),BraTS2021_00062,31.85778,0.9881337285041809,0.073026024,0.9101466992665037,nan,nan
Uformer-lite (L1),BraTS2021_00062,32.03098,0.987606942653656,0.07322978,0.9298303957432658,nan,nan
Uformer-lite (L1),BraTS2021_00062,32.263973,0.9879315495491028,0.072552204,0.9483785572468564,nan,nan
Uformer-lite (L1),BraTS2021_00062,31.801474,0.9864839911460876,0.0751926,0.9437751004016064,nan,nan
Uformer-lite (L1),BraTS2021_00062,31.733341,0.9867821931838989,0.07467016,0.9428182437031994,nan,nan
Uformer-lite (L1),BraTS2021_00062,31.459055,0.9854357838630676,0.07795248,0.9510006901311249,nan,nan
Uformer-lite (L1),BraTS2021_00062,31.633835,0.9871001243591309,0.07590581,0.9565811965811966,nan,nan
Uformer-lite (L1),BraTS2021_00062,31.469597,0.986487865447998,0.07828287,0.9609321453050035,nan,nan
Uformer-lite (L1),BraTS2021_00062,31.861496,0.9869897961616516,0.07728087,0.9697396199859254,nan,nan
Uformer-lite (L1),BraTS2021_00062,32.039433,0.9877699017524719,0.07544223,0.9566137566137566,nan,nan
Uformer-lite (L1),BraTS2021_00062,31.914577,0.9866510033607483,0.07854267,0.9638109305760709,nan,nan
Uformer-lite (L1),BraTS2021_00062,31.470297,0.9865754842758179,0.07987319,0.9434798670114518,nan,nan
Uformer-lite (L1),BraTS2021_00062,31.298454,0.9838377237319946,0.08570507,0.9261161596207033,nan,nan
Uformer-lite (L1),BraTS2021_00062,31.161137,0.9843642711639404,0.08647681,0.9433333333333334,nan,nan
Uformer-lite (L1),BraTS2021_00062,31.042974,0.9845457673072815,0.08726773,0.9401561144839549,nan,nan
Uformer-lite (L1),BraTS2021_00062,30.897884,0.9856134057044983,0.087727256,0.9517365809652684,nan,nan
Uformer-lite (L1),BraTS2021_00062,30.841408,0.9847154021263123,0.0913232,0.9549218031278749,nan,nan
Uformer-lite (L1),BraTS2021_00062,30.616264,0.9847325086593628,0.09344127,0.9344188150158299,nan,nan
Uformer-lite (L1),BraTS2021_00062,30.521395,0.9848710894584656,0.09384021,0.9319227230910764,nan,nan
Uformer-lite (L1),BraTS2021_00062,30.350916,0.9843248128890991,0.097022526,0.9337121212121212,nan,nan
Uformer-lite (L1),BraTS2021_00062,30.51477,0.9836183786392212,0.099475496,0.888380603842635,nan,nan
Uformer-lite (L1),BraTS2021_00062,30.3871,0.9829098582267761,0.10294174,0.9052429052429053,nan,nan
Uformer-lite (L1),BraTS2021_00062,30.291992,0.9842444062232971,0.10249016,0.917,nan,nan
Uformer-lite (L1),BraTS2021_00062,29.966887,0.9831916689872742,0.10852608,0.8985655737704918,nan,nan
Uformer-lite (L1),BraTS2021_00062,30.331861,0.9823858737945557,0.112808175,0.8851017042330951,0.0,0.0
Uformer-lite (L1),BraTS2021_00062,30.214916,0.9831230640411377,0.11381884,0.8945726762320648,nan,nan
Uformer-lite (L1),BraTS2021_00062,30.230385,0.9832934141159058,0.11521269,0.8982456140350877,0.0,0.0
Uformer-lite (L1),BraTS2021_00062,30.415209,0.9853343963623047,0.113013126,0.909903201787044,0.0,0.0
Uformer-lite (L1),BraTS2021_00062,30.202444,0.984852135181427,0.118269205,0.8795472918350848,0.0,0.0
Uformer-lite (L1),BraTS2021_00062,30.563402,0.985008716583252,0.1205619,0.912751677852349,0.0,0.0
Uformer-lite (L1),BraTS2021_00062,30.982218,0.9854073524475098,0.122368656,0.9092945128779395,nan,nan
Uformer-lite (L1),BraTS2021_00062,30.836758,0.9849740266799927,0.12780231,0.8772919605077574,0.0,0.0
Uformer-lite (L1),BraTS2021_00062,31.156036,0.9842654466629028,0.13314913,0.7165354330708661,0.0,0.0
Uformer-lite (L1),BraTS2021_00066,30.305412,0.9677239060401917,0.102061495,0.846441947565543,nan,nan
Uformer-lite (L1),BraTS2021_00066,30.331127,0.9691429138183594,0.10156537,0.9294403892944039,nan,nan
Uformer-lite (L1),BraTS2021_00066,30.462341,0.9689912796020508,0.10200795,0.9465346534653465,nan,nan
Uformer-lite (L1),BraTS2021_00066,30.43831,0.9718057513237,0.099194735,0.9549248747913188,nan,nan
Uformer-lite (L1),BraTS2021_00066,30.69485,0.9745054244995117,0.096171334,0.9715099715099715,nan,nan
Uformer-lite (L1),BraTS2021_00066,30.649214,0.9754868149757385,0.096365385,0.9507042253521126,nan,nan
Uformer-lite (L1),BraTS2021_00066,30.51299,0.9762530326843262,0.09553753,0.9518413597733711,nan,nan
Uformer-lite (L1),BraTS2021_00066,30.879738,0.978491485118866,0.092073224,0.9741824440619621,nan,nan
Uformer-lite (L1),BraTS2021_00066,31.078121,0.9788642525672913,0.09033005,0.9826771653543307,nan,nan
Uformer-lite (L1),BraTS2021_00066,30.834084,0.9783761501312256,0.09094263,0.9798850574712644,0.0,0.0
Uformer-lite (L1),BraTS2021_00066,30.61779,0.977768063545227,0.09247678,0.9704530531845043,0.8064516129032258,0.8064516129032258
Uformer-lite (L1),BraTS2021_00066,30.626352,0.9783387780189514,0.09324078,0.9583843329253366,0.8666666666666667,0.856140350877193
Uformer-lite (L1),BraTS2021_00066,30.289356,0.9783676266670227,0.09262304,0.966824644549763,0.9458128078817734,0.8923076923076924
Uformer-lite (L1),BraTS2021_00066,30.28486,0.9772523045539856,0.094792165,0.9612940496822646,0.9431578947368421,0.8440366972477065
Uformer-lite (L1),BraTS2021_00066,30.038502,0.9783011078834534,0.09404815,0.967741935483871,0.8319672131147541,0.7577639751552795
Uformer-lite (L1),BraTS2021_00066,30.083063,0.9797734022140503,0.0922839,0.9688354291962821,0.8116504854368932,0.806060606060606
Uformer-lite (L1),BraTS2021_00066,30.538105,0.9803440570831299,0.09224769,0.9680460974332111,0.8123861566484517,0.693069306930693
Uformer-lite (L1),BraTS2021_00066,30.612247,0.9822379350662231,0.08954363,0.9548834903321765,0.8820678513731826,0.8266666666666667
Uformer-lite (L1),BraTS2021_00066,30.812576,0.9838242530822754,0.08578609,0.9540396710208031,0.8951486697965572,0.7329545454545454
Uformer-lite (L1),BraTS2021_00066,30.983952,0.9846333265304565,0.08494636,0.9655831739961759,0.3356643356643357,0.3737024221453287
Uformer-lite (L1),BraTS2021_00066,31.002926,0.9840161204338074,0.08550041,0.9797687861271677,0.6832740213523132,0.5888888888888889
Uformer-lite (L1),BraTS2021_00066,31.046497,0.9841787815093994,0.084125414,0.9751824817518249,0.5886792452830188,0.49101796407185627
Uformer-lite (L1),BraTS2021_00066,31.10662,0.9826788306236267,0.08560742,0.9793368572801537,0.4125,0.4647058823529412
Uformer-lite (L1),BraTS2021_00066,31.147652,0.9835880398750305,0.08350379,0.9688385269121813,0.25821596244131456,0.36789297658862874
Uformer-lite (L1),BraTS2021_00066,31.415205,0.9811779260635376,0.0842272,0.9647058823529412,0.8814589665653495,0.7043010752688172
Uformer-lite (L1),BraTS2021_00066,31.449924,0.9818630218505859,0.08208958,0.9677720691265763,0.8501628664495114,0.7428571428571429
Uformer-lite (L1),BraTS2021_00066,31.44012,0.9811590909957886,0.08217999,0.961591855622397,0.6811023622047244,0.6894736842105263
Uformer-lite (L1),BraTS2021_00066,31.24009,0.9793856143951416,0.084243275,0.9632616487455197,0.47002398081534774,0.5621301775147929
Uformer-lite (L1),BraTS2021_00066,31.028784,0.9781321883201599,0.08542469,0.9734432234432234,0.35694050991501414,0.3974358974358974
Uformer-lite (L1),BraTS2021_00066,31.428524,0.9749605059623718,0.08640657,0.9658119658119658,0.6058981233243967,0.6218487394957983
Uformer-lite (L1),BraTS2021_00066,31.40963,0.9781346917152405,0.084775716,0.9593253968253969,0.7122507122507122,0.7106017191977078
Uformer-lite (L1),BraTS2021_00066,31.28983,0.978886604309082,0.08511094,0.9505050505050505,0.6937269372693727,0.6937269372693727
Uformer-lite (L1),BraTS2021_00066,31.07871,0.9742486476898193,0.09039013,0.9394750937332619,0.6289308176100629,0.6289308176100629
Uformer-lite (L1),BraTS2021_00066,30.791294,0.9747151732444763,0.091863416,0.9497663551401869,0.0,0.0
Uformer-lite (L1),BraTS2021_00066,30.993174,0.9759764075279236,0.08917742,0.9476405946994182,nan,nan
Uformer-lite (L1),BraTS2021_00066,30.677216,0.9709711074829102,0.09419485,0.9446550416982562,nan,nan
Uformer-lite (L1),BraTS2021_00066,30.475218,0.9738315939903259,0.09620104,0.9241379310344827,nan,nan
Uformer-lite (L1),BraTS2021_00066,30.216377,0.9697503447532654,0.1005549,0.942713567839196,nan,nan
Uformer-lite (L1),BraTS2021_00066,29.930973,0.9713611006736755,0.101711765,0.9420935412026726,nan,nan
Uformer-lite (L1),BraTS2021_00066,29.856144,0.9688695669174194,0.10597224,0.9450830140485313,nan,nan
Uformer-lite (L1),BraTS2021_00066,29.81452,0.9652498960494995,0.10933957,0.9219440353460973,nan,nan
Uformer-lite (L1),BraTS2021_00066,29.57613,0.9681200981140137,0.11004113,0.9453376205787781,nan,nan
Uformer-lite (L1),BraTS2021_00066,29.395903,0.9658108353614807,0.11451235,0.9593220338983051,nan,nan
Uformer-lite (L1),BraTS2021_00066,29.613762,0.9689884185791016,0.11301096,0.9281961471103327,nan,nan
Uformer-lite (L1),BraTS2021_00066,29.752024,0.9685415625572205,0.112893045,0.9439071566731141,nan,nan
Uformer-lite (L1),BraTS2021_00066,29.708004,0.9649217128753662,0.11786018,0.921161825726141,nan,nan
Uformer-lite (L1),BraTS2021_00066,29.446917,0.9679595232009888,0.11614241,0.958139534883721,nan,nan
Uformer-lite (L1),BraTS2021_00066,29.542099,0.9686095118522644,0.11698289,0.9653333333333334,nan,nan
Uformer-lite (L1),BraTS2021_00066,29.297009,0.9678041338920593,0.119687386,0.9305135951661632,nan,nan
Uformer-lite (L1),BraTS2021_00071,31.947792,0.9809060096740723,0.1041821,nan,nan,nan
Uformer-lite (L1),BraTS2021_00071,32.0374,0.982089638710022,0.102983885,nan,nan,nan
Uformer-lite (L1),BraTS2021_00071,31.752102,0.9822968244552612,0.1032909,nan,nan,nan
Uformer-lite (L1),BraTS2021_00071,31.613377,0.9787715077400208,0.11118691,nan,nan,nan
Uformer-lite (L1),BraTS2021_00071,31.252254,0.9780421853065491,0.11324428,nan,nan,nan
Uformer-lite (L1),BraTS2021_00071,31.195162,0.9770805239677429,0.113520525,0.0,nan,nan
Uformer-lite (L1),BraTS2021_00071,30.87526,0.9764463305473328,0.11285783,0.0,nan,nan
Uformer-lite (L1),BraTS2021_00071,31.266846,0.9754972457885742,0.11078702,0.0,nan,nan
Uformer-lite (L1),BraTS2021_00071,30.918787,0.9728276133537292,0.11214342,0.09669211195928754,nan,nan
Uformer-lite (L1),BraTS2021_00071,30.960209,0.9733193516731262,0.10936297,0.7183271832718328,nan,nan
Uformer-lite (L1),BraTS2021_00071,30.918493,0.9739713072776794,0.10598476,0.8498583569405099,0.0,0.0
Uformer-lite (L1),BraTS2021_00071,30.90831,0.9738121032714844,0.10532402,0.8792198049512379,0.0,0.0
Uformer-lite (L1),BraTS2021_00071,30.853312,0.9717252254486084,0.10775636,0.9292267365661862,0.7543859649122807,0.7543859649122807
Uformer-lite (L1),BraTS2021_00071,30.559301,0.9730477929115295,0.10567041,0.946507237256136,0.9417721518987342,0.9378238341968912
Uformer-lite (L1),BraTS2021_00071,30.773693,0.970413088798523,0.106173486,0.8958742632612967,0.761744966442953,0.7526132404181185
Uformer-lite (L1),BraTS2021_00071,30.963284,0.9728989601135254,0.10389239,0.8802267895109851,0.778125,0.7326007326007326
Uformer-lite (L1),BraTS2021_00071,31.397404,0.9744748473167419,0.099942796,0.8981684981684982,0.810641627543036,0.7509578544061303
Uformer-lite (L1),BraTS2021_00071,31.346167,0.9769425988197327,0.09496112,0.8947368421052632,0.88,0.7938342967244701
Uformer-lite (L1),BraTS2021_00071,31.751307,0.976669192314148,0.09568081,0.8993186979560939,0.9298780487804879,0.8374164810690423
Uformer-lite (L1),BraTS2021_00071,31.77248,0.9773696660995483,0.09552116,0.9042801556420234,0.908284023668639,0.7945823927765236
Uformer-lite (L1),BraTS2021_00071,31.70666,0.9791892766952515,0.09246318,0.9255928045789044,0.9281437125748503,0.836027713625866
Uformer-lite (L1),BraTS2021_00071,31.960785,0.977927565574646,0.09250427,0.9334442595673876,0.9351432880844646,0.8591885441527446
Uformer-lite (L1),BraTS2021_00071,31.771517,0.9796147346496582,0.091418184,0.9408740359897172,0.9544072948328267,0.8704156479217604
Uformer-lite (L1),BraTS2021_00071,31.79023,0.9798404574394226,0.09078486,0.9360613810741688,0.950965824665676,0.8395061728395061
Uformer-lite (L1),BraTS2021_00071,31.912184,0.9771338701248169,0.09380064,0.8914285714285715,0.9393511988716502,0.8432671081677704
Uformer-lite (L1),BraTS2021_00071,31.873148,0.9776925444602966,0.09293556,0.9312839059674503,0.967741935483871,0.8722466960352423
Uformer-lite (L1),BraTS2021_00071,31.687963,0.9780506491661072,0.09293303,0.9322191272051996,0.9432918395573997,0.8435374149659864
Uformer-lite (L1),BraTS2021_00071,31.746624,0.977952778339386,0.09265784,0.8705179282868526,0.9137931034482759,0.8557919621749409
Uformer-lite (L1),BraTS2021_00071,31.785164,0.9783344864845276,0.09257937,0.901296111665005,0.9507246376811594,0.9125295508274232
Uformer-lite (L1),BraTS2021_00071,31.846283,0.9775568246841431,0.091921814,0.8998988877654196,0.9498525073746312,0.8879120879120879
Uformer-lite (L1),BraTS2021_00071,31.909859,0.9766489863395691,0.0938222,0.8950749464668094,0.9648093841642229,0.9087378640776699
Uformer-lite (L1),BraTS2021_00071,31.870407,0.9776982665061951,0.09262515,0.9369747899159664,0.9561270801815431,0.9261261261261261
Uformer-lite (L1),BraTS2021_00071,31.926662,0.9812349081039429,0.088122636,0.9587109768378651,0.9510268562401264,0.9340659340659341
Uformer-lite (L1),BraTS2021_00071,31.701809,0.9788840413093567,0.09227746,0.940809968847352,0.934931506849315,0.899009900990099
Uformer-lite (L1),BraTS2021_00071,31.688343,0.9782768487930298,0.09302897,0.9561830574488802,0.9423728813559322,0.8984375
Uformer-lite (L1),BraTS2021_00071,31.546413,0.9788834452629089,0.09364479,0.94106463878327,0.9111969111969112,0.8736141906873615
Uformer-lite (L1),BraTS2021_00071,31.676144,0.9796320199966431,0.09141431,0.9659201557935735,0.9015748031496063,0.8229665071770335
Uformer-lite (L1),BraTS2021_00071,31.777115,0.9815625548362732,0.08946877,0.9288321167883211,0.8277634961439588,0.8156424581005587
Uformer-lite (L1),BraTS2021_00071,32.03802,0.982318103313446,0.087122135,0.9674234945705824,0.7469879518072289,0.717948717948718
Uformer-lite (L1),BraTS2021_00071,32.280186,0.9839756488800049,0.085443005,0.9695121951219512,0.33136094674556216,0.34146341463414637
Uformer-lite (L1),BraTS2021_00071,32.68658,0.9854960441589355,0.08129834,0.9528907922912205,0.0,0.0
Uformer-lite (L1),BraTS2021_00071,32.74581,0.9860063195228577,0.079689726,0.9630434782608696,0.0,0.0
Uformer-lite (L1),BraTS2021_00071,32.762478,0.9860445857048035,0.080624215,0.9008168028004667,0.0,0.0
Uformer-lite (L1),BraTS2021_00071,33.000305,0.9863488674163818,0.07964182,0.87468671679198,0.0,0.0
Uformer-lite (L1),BraTS2021_00071,33.219105,0.9874255657196045,0.0766239,0.8628005657708628,0.0,0.0
Uformer-lite (L1),BraTS2021_00071,33.299454,0.9875368475914001,0.07578938,0.9138686131386862,nan,nan
Uformer-lite (L1),BraTS2021_00071,33.297325,0.9874886274337769,0.075502746,0.8779714738510301,nan,nan
Uformer-lite (L1),BraTS2021_00071,33.620045,0.988101065158844,0.073542416,0.846286701208981,nan,nan
Uformer-lite (L1),BraTS2021_00071,33.544647,0.9881085753440857,0.07445539,0.7797270955165692,nan,nan
Uformer-lite (L1),BraTS2021_00071,33.693207,0.9874927401542664,0.074426055,0.8128772635814889,nan,nan
Uformer-lite (L1),BraTS2021_00071,33.337597,0.9874381422996521,0.075483285,0.8284518828451883,nan,nan
Uformer-lite (L1),BraTS2021_00071,33.387707,0.9866273999214172,0.07679899,0.8778467908902692,nan,nan
Uformer-lite (L1),BraTS2021_00071,33.608727,0.9883530735969543,0.072804414,0.8492569002123143,nan,nan
Uformer-lite (L1),BraTS2021_00071,33.363956,0.9858124256134033,0.07568897,0.8290598290598291,nan,nan
Uformer-lite (L1),BraTS2021_00071,33.36302,0.9853816032409668,0.075946696,0.8340807174887892,nan,nan
Uformer-lite (L1),BraTS2021_00071,33.51275,0.9853594303131104,0.0745162,0.8971553610503282,nan,nan
Uformer-lite (L1),BraTS2021_00071,33.665752,0.9856402277946472,0.07418472,0.7513513513513513,nan,nan
Uformer-lite (L1),BraTS2021_00071,33.401947,0.9855260252952576,0.0740098,0.046511627906976744,nan,nan
Uformer-lite (L1),BraTS2021_00071,33.553913,0.9837861657142639,0.07522501,0.33653846153846156,nan,nan
Uformer-lite (L1),BraTS2021_00071,33.215,0.9849972128868103,0.074187025,0.0,nan,nan
Uformer-lite (L1),BraTS2021_00071,32.88727,0.9799045920372009,0.079922475,0.0,nan,nan
Uformer-lite (L1),BraTS2021_00071,32.649303,0.9827580451965332,0.078334644,0.0,nan,nan
Uformer-lite (L1),BraTS2021_00071,32.981064,0.9833202362060547,0.07730141,0.0,nan,nan
Uformer-lite (L1),BraTS2021_00074,31.665741,0.9688984751701355,0.10683768,0.0,nan,nan
Uformer-lite (L1),BraTS2021_00074,31.659657,0.9680355787277222,0.106134266,0.0,nan,nan
Uformer-lite (L1),BraTS2021_00074,31.861761,0.9680455923080444,0.10413328,0.015384615384615385,0.0,0.0
Uformer-lite (L1),BraTS2021_00074,32.22773,0.9732389450073242,0.09895559,0.5363984674329502,nan,nan
Uformer-lite (L1),BraTS2021_00074,32.192375,0.9734910726547241,0.09917294,0.8395604395604396,nan,nan
Uformer-lite (L1),BraTS2021_00074,32.290813,0.9749875664710999,0.09583831,0.8656716417910447,nan,nan
Uformer-lite (L1),BraTS2021_00074,32.226852,0.9751278162002563,0.09555548,0.8162816281628162,nan,nan
Uformer-lite (L1),BraTS2021_00074,32.42333,0.9756772518157959,0.09437331,0.8626887131560029,nan,nan
Uformer-lite (L1),BraTS2021_00074,32.430054,0.9750658273696899,0.09361105,0.8706896551724138,0.0,0.0
Uformer-lite (L1),BraTS2021_00074,32.576233,0.9773319959640503,0.0911555,0.8939165409753645,0.5679012345679012,0.5679012345679012
Uformer-lite (L1),BraTS2021_00074,32.387115,0.9772146344184875,0.09016251,0.9330508474576271,0.7947019867549668,0.7906976744186046
Uformer-lite (L1),BraTS2021_00074,32.501064,0.9764382839202881,0.09094903,0.9563552833078101,0.720173535791757,0.7412935323383084
Uformer-lite (L1),BraTS2021_00074,32.557392,0.9778545498847961,0.090551406,0.9181141439205955,0.7495854063018242,0.728
Uformer-lite (L1),BraTS2021_00074,32.385212,0.976492166519165,0.09267077,0.9333777481678881,0.3519163763066202,0.4059196617336152
Uformer-lite (L1),BraTS2021_00074,32.419518,0.9772281646728516,0.09115315,0.9387755102040817,0.7393162393162394,0.7472527472527473
Uformer-lite (L1),BraTS2021_00074,32.408173,0.9772456884384155,0.08886862,0.9595898673100121,0.8342151675485009,0.7733934611048479
Uformer-lite (L1),BraTS2021_00074,32.23061,0.9767507314682007,0.090674914,0.9488291413703382,0.8710191082802548,0.8094725511302476
Uformer-lite (L1),BraTS2021_00074,32.187256,0.9771860241889954,0.08969314,0.9544444444444444,0.846930846930847,0.7687804878048781
Uformer-lite (L1),BraTS2021_00074,32.266537,0.9756203889846802,0.0924127,0.9679795976197223,0.831858407079646,0.7560756075607561
Uformer-lite (L1),BraTS2021_00074,32.246864,0.9764100909233093,0.0919115,0.95169748826939,0.7892503536067893,0.7788649706457925
Uformer-lite (L1),BraTS2021_00074,32.27616,0.9779816269874573,0.089903995,0.9644614543466375,0.775593220338983,0.7708333333333334
Uformer-lite (L1),BraTS2021_00074,32.181477,0.9780706763267517,0.08853462,0.9728601252609603,0.835272504592774,0.7902274641954508
Uformer-lite (L1),BraTS2021_00074,32.236935,0.978577196598053,0.08782937,0.9809572825527535,0.9303079416531604,0.8171140939597316
Uformer-lite (L1),BraTS2021_00074,32.487324,0.9793139100074768,0.08618765,0.9773824650571792,0.9256721138639958,0.8042414355628059
Uformer-lite (L1),BraTS2021_00074,32.404587,0.9783893823623657,0.08577922,0.9805211231975715,0.897136797454931,0.7750591949486977
Uformer-lite (L1),BraTS2021_00074,32.29542,0.9798842072486877,0.085629,0.980550644102046,0.9481108312342569,0.7484276729559748
Uformer-lite (L1),BraTS2021_00074,32.428177,0.9809597134590149,0.08333098,0.9731113956466069,0.9527162977867203,0.8401122019635343
Uformer-lite (L1),BraTS2021_00074,32.50272,0.9812933206558228,0.08355622,0.9729453802960695,0.949290060851927,0.8375350140056023
Uformer-lite (L1),BraTS2021_00074,32.725388,0.9826160073280334,0.082085826,0.9745547073791349,0.9512953367875647,0.8205980066445183
Uformer-lite (L1),BraTS2021_00074,33.04973,0.9855446815490723,0.0768119,0.9768270944741533,0.9534883720930233,0.8106060606060606
Uformer-lite (L1),BraTS2021_00074,33.120003,0.9841419458389282,0.0781837,0.969309462915601,0.9571815718157182,0.7832460732984293
Uformer-lite (L1),BraTS2021_00074,33.10415,0.9846358299255371,0.07732583,0.9538071065989848,0.9634214969048959,0.8265193370165745
Uformer-lite (L1),BraTS2021_00074,33.017994,0.9842972755432129,0.078035414,0.9545108005082592,0.9547079856972587,0.8060394889663183
Uformer-lite (L1),BraTS2021_00074,33.182076,0.9837796092033386,0.07809538,0.9586693548387096,0.9560301507537688,0.7852906287069988
Uformer-lite (L1),BraTS2021_00074,33.243286,0.9855914115905762,0.075303376,0.9695808383233533,0.898876404494382,0.6527958387516255
Uformer-lite (L1),BraTS2021_00074,33.561893,0.9856567978858948,0.07372022,0.9697955390334573,0.7591623036649214,0.6303724928366762
Uformer-lite (L1),BraTS2021_00074,33.585964,0.9855602979660034,0.07337392,0.9722535528987142,0.8617021276595744,0.6803149606299213
Uformer-lite (L1),BraTS2021_00074,33.561844,0.985814094543457,0.07290309,0.9810901001112347,0.6732429099876696,0.5818181818181818
Uformer-lite (L1),BraTS2021_00074,33.43192,0.9862743020057678,0.072355404,0.9830209481808159,0.6637931034482759,0.614065180102916
Uformer-lite (L1),BraTS2021_00074,33.842987,0.9863457083702087,0.07068435,0.9819211500762361,0.7847730600292826,0.7473524962178517
Uformer-lite (L1),BraTS2021_00074,33.901115,0.9867384433746338,0.069661185,0.9730337078651685,0.7282608695652174,0.716636197440585
Uformer-lite (L1),BraTS2021_00074,34.049263,0.9855716228485107,0.07128699,0.9827429609445958,0.6411290322580645,0.6411290322580645
Uformer-lite (L1),BraTS2021_00074,34.090885,0.9864160418510437,0.06943428,0.9804560260586319,0.4301675977653631,0.4301675977653631
Uformer-lite (L1),BraTS2021_00074,34.309166,0.9880464673042297,0.067203805,0.9824729891956783,0.07655502392344497,0.07655502392344497
Uformer-lite (L1),BraTS2021_00074,34.085102,0.9859583377838135,0.07006249,0.985207100591716,0.23863636363636365,0.0
Uformer-lite (L1),BraTS2021_00074,34.45135,0.9876343011856079,0.06706533,0.9831021437578814,0.0,0.0
Uformer-lite (L1),BraTS2021_00074,34.038048,0.985900342464447,0.07055218,0.9862104187946884,0.0,0.0
Uformer-lite (L1),BraTS2021_00074,34.032673,0.9865425825119019,0.06953022,0.988517745302714,nan,nan
Uformer-lite (L1),BraTS2021_00074,33.680782,0.9855973720550537,0.07309521,0.9908112365450249,0.0,nan
Uformer-lite (L1),BraTS2021_00074,33.77628,0.9850348830223083,0.073574334,0.99122106943336,nan,nan
Uformer-lite (L1),BraTS2021_00074,33.82914,0.9846125841140747,0.0736341,0.9875473741201949,0.0,nan
Uformer-lite (L1),BraTS2021_00074,33.734352,0.9859992861747742,0.07221263,0.9836881393419962,nan,nan
Uformer-lite (L1),BraTS2021_00074,33.47663,0.9835866093635559,0.07641244,0.9870786516853932,nan,nan
Uformer-lite (L1),BraTS2021_00074,33.335365,0.9826871156692505,0.07835519,0.9834061135371179,nan,nan
Uformer-lite (L1),BraTS2021_00074,33.29027,0.9823731184005737,0.07901222,0.9835378629152948,nan,nan
Uformer-lite (L1),BraTS2021_00074,33.243454,0.9808085560798645,0.08062627,0.9682337992376112,nan,nan
Uformer-lite (L1),BraTS2021_00074,32.99012,0.9818448424339294,0.079551585,0.9763983187843518,nan,nan
Uformer-lite (L1),BraTS2021_00074,33.08762,0.9815254807472229,0.080175966,0.9808917197452229,nan,nan
Uformer-lite (L1),BraTS2021_00074,33.09685,0.981071949005127,0.08079198,0.9723796033994334,nan,nan
Uformer-lite (L1),BraTS2021_00074,32.699104,0.9778079390525818,0.08614972,0.9751506024096386,nan,nan
Uformer-lite (L1),BraTS2021_00074,32.62171,0.9750547409057617,0.08960098,0.9414780008543358,nan,nan
Uformer-lite (L1),BraTS2021_00074,32.210003,0.9765981435775757,0.09002783,0.9513145082765336,nan,nan
Uformer-lite (L1),BraTS2021_00074,32.190784,0.9765509963035583,0.09079407,0.9505830094392005,nan,nan
Uformer-lite (L1),BraTS2021_00074,32.216618,0.9753053188323975,0.09338994,0.9329758713136729,nan,nan
Uformer-lite (L1),BraTS2021_00074,32.274338,0.9735845327377319,0.09523599,0.8929551692589204,nan,nan
Uformer-lite (L1),BraTS2021_00074,31.805096,0.9723778963088989,0.09942556,0.6541737649063032,nan,nan
Uformer-lite (L1),BraTS2021_00085,32.55278,0.975715696811676,0.08337357,0.5325443786982249,nan,nan
Uformer-lite (L1),BraTS2021_00085,32.747734,0.9776791930198669,0.08128431,0.0,nan,nan
Uformer-lite (L1),BraTS2021_00085,32.624134,0.9738621711730957,0.08360268,0.0,nan,nan
Uformer-lite (L1),BraTS2021_00085,32.8732,0.9763376712799072,0.08161551,0.17142857142857143,nan,nan
Uformer-lite (L1),BraTS2021_00085,33.031624,0.97743821144104,0.08025471,0.45322793148880103,nan,nan
Uformer-lite (L1),BraTS2021_00085,33.178432,0.9796273708343506,0.07796475,0.5869074492099323,nan,nan
Uformer-lite (L1),BraTS2021_00085,33.187748,0.9808046817779541,0.07577074,0.9305555555555556,nan,nan
Uformer-lite (L1),BraTS2021_00085,33.023346,0.9816230535507202,0.0747069,0.9251297257227576,nan,nan
Uformer-lite (L1),BraTS2021_00085,33.152718,0.9822091460227966,0.07494698,0.9387755102040817,nan,nan
Uformer-lite (L1),BraTS2021_00085,33.0405,0.9826468825340271,0.07422716,0.91688654353562,nan,nan
Uformer-lite (L1),BraTS2021_00085,33.029907,0.9823093414306641,0.07481964,0.9157894736842105,nan,nan
Uformer-lite (L1),BraTS2021_00085,33.377785,0.9846802949905396,0.0721984,0.8849104859335039,nan,nan
Uformer-lite (L1),BraTS2021_00085,33.4886,0.9854673147201538,0.07125352,0.8807785888077859,nan,nan
Uformer-lite (L1),BraTS2021_00085,33.497894,0.9867320656776428,0.06920494,0.8580060422960725,nan,nan
Uformer-lite (L1),BraTS2021_00085,33.921936,0.9867761731147766,0.069321334,0.8313917841814837,nan,nan
Uformer-lite (L1),BraTS2021_00085,33.93448,0.9881668090820312,0.06557873,0.8789443488238669,0.0,nan
Uformer-lite (L1),BraTS2021_00085,33.815643,0.9876174926757812,0.06591206,0.9042016806722689,0.0,0.0
Uformer-lite (L1),BraTS2021_00085,33.831028,0.9875484704971313,0.0663781,0.909601347557552,0.0,0.0
Uformer-lite (L1),BraTS2021_00085,33.49436,0.9865977764129639,0.06886598,0.9433962264150944,0.48484848484848486,0.5714285714285714
Uformer-lite (L1),BraTS2021_00085,33.510643,0.9857654571533203,0.06965772,0.9079089924160346,0.5979381443298969,0.6511627906976745
Uformer-lite (L1),BraTS2021_00085,33.221123,0.9864789247512817,0.07029273,0.8918067226890757,0.34210526315789475,0.36619718309859156
Uformer-lite (L1),BraTS2021_00085,33.24143,0.9866237640380859,0.06989437,0.9266371245691778,0.6434782608695652,0.7291666666666666
Uformer-lite (L1),BraTS2021_00085,33.025856,0.9872401356697083,0.07013118,0.9031941031941032,0.6923076923076923,0.6923076923076923
Uformer-lite (L1),BraTS2021_00085,33.27149,0.9872336387634277,0.06850051,0.9077069457659372,0.0,0.0
Uformer-lite (L1),BraTS2021_00085,32.854866,0.9860173463821411,0.0715397,0.9125581395348837,0.0,0.0
Uformer-lite (L1),BraTS2021_00085,32.611088,0.9834195375442505,0.07565327,0.9110386585933862,0.10666666666666667,0.25
Uformer-lite (L1),BraTS2021_00085,32.416378,0.9839471578598022,0.07607867,0.8664400194269063,0.0,0.0
Uformer-lite (L1),BraTS2021_00085,31.920628,0.9811476469039917,0.08184211,0.8753032508491024,0.0,0.0
Uformer-lite (L1),BraTS2021_00085,31.723225,0.9817948937416077,0.08117325,0.8641604010025062,0.03418803418803419,0.06896551724137931
Uformer-lite (L1),BraTS2021_00085,31.377377,0.9786098599433899,0.08574519,0.8813559322033898,0.1044776119402985,0.17721518987341772
Uformer-lite (L1),BraTS2021_00085,31.303308,0.9779003858566284,0.08862065,0.8914342629482072,0.16783216783216784,0.27906976744186046
Uformer-lite (L1),BraTS2021_00085,30.965712,0.979004442691803,0.08956969,0.894,0.0,0.0
Uformer-lite (L1),BraTS2021_00085,30.870037,0.9774101972579956,0.092521235,0.8835758835758836,0.0,0.0
Uformer-lite (L1),BraTS2021_00085,30.503971,0.973707377910614,0.09829571,0.901656314699793,0.16071428571428573,0.24324324324324326
Uformer-lite (L1),BraTS2021_00085,30.314919,0.9730197787284851,0.09940816,0.8825431034482759,0.0,0.0
Uformer-lite (L1),BraTS2021_00085,30.195438,0.9730312824249268,0.10192983,0.8745837957824639,0.17721518987341772,0.2413793103448276
Uformer-lite (L1),BraTS2021_00085,29.95055,0.9746426939964294,0.10119586,0.9214943151055766,0.4,0.5245901639344263
Uformer-lite (L1),BraTS2021_00085,29.913773,0.9717689752578735,0.105602495,0.893640350877193,0.0,0.0
Uformer-lite (L1),BraTS2021_00085,29.535406,0.9715415835380554,0.11074219,0.9105516871987145,0.0,0.0
Uformer-lite (L1),BraTS2021_00085,29.362885,0.9716184139251709,0.11215891,0.8993576017130621,0.0,0.0
Uformer-lite (L1),BraTS2021_00085,29.339867,0.9742663502693176,0.11069452,0.9074371321562332,0.0,0.0
Uformer-lite (L1),BraTS2021_00085,29.168736,0.973112940788269,0.11495359,0.8843835616438356,0.0,0.0
Uformer-lite (L1),BraTS2021_00085,29.083996,0.9722061157226562,0.11965311,0.8928176795580111,0.0,0.0
Uformer-lite (L1),BraTS2021_00085,28.668743,0.9733671545982361,0.123299405,0.923943661971831,0.0,0.0
Uformer-lite (L1),BraTS2021_00085,28.642056,0.9750559329986572,0.12600575,0.8890173410404625,0.0,0.0
Uformer-lite (L1),BraTS2021_00085,28.996704,0.9761422872543335,0.12651291,0.90239625949737,0.0,0.0
Uformer-lite (L1),BraTS2021_00085,28.83188,0.9783056378364563,0.12572412,0.9350029815146095,0.0,nan
Uformer-lite (L1),BraTS2021_00085,28.764923,0.9771082401275635,0.1326334,0.9419191919191919,nan,nan
Uformer-lite (L1),BraTS2021_00085,28.68455,0.9798170328140259,0.12894301,0.938382541720154,nan,nan
Uformer-lite (L1),BraTS2021_00085,28.773764,0.9782992005348206,0.1372709,0.944870900209351,0.0,nan
Uformer-lite (L1),BraTS2021_00085,28.945576,0.9796496033668518,0.13629816,0.9213139801375095,0.0,0.0
Uformer-lite (L1),BraTS2021_00085,28.724062,0.9789252877235413,0.14301945,0.8775137111517367,nan,nan
Uformer-lite (L1),BraTS2021_00085,28.34394,0.9765223264694214,0.15587465,0.9100204498977505,0.0,0.0
Uformer-lite (L1),BraTS2021_00085,28.731068,0.9764326810836792,0.16119877,0.8666666666666667,0.0,0.0
Uformer-lite (L1),BraTS2021_00085,28.573225,0.9765031933784485,0.16661774,0.891566265060241,0.0,0.0
Uformer-lite (L1),BraTS2021_00085,28.406654,0.9741211533546448,0.18088986,0.8132387706855791,nan,nan
Uformer-lite (L1),BraTS2021_00085,29.21016,0.9748208522796631,0.18452282,0.37433155080213903,nan,nan
Uformer-lite (L1),BraTS2021_00087,30.559277,0.9821089506149292,0.14417534,0.8459016393442623,nan,nan
Uformer-lite (L1),BraTS2021_00087,30.653847,0.9834045767784119,0.13674559,0.7586206896551724,nan,nan
Uformer-lite (L1),BraTS2021_00087,30.491602,0.9823495745658875,0.13787772,0.9196428571428571,nan,nan
Uformer-lite (L1),BraTS2021_00087,30.588505,0.9829757213592529,0.13341899,0.8788659793814433,nan,nan
Uformer-lite (L1),BraTS2021_00087,30.418953,0.9824745655059814,0.13238408,0.8973305954825462,nan,nan
Uformer-lite (L1),BraTS2021_00087,30.390999,0.982288658618927,0.13087843,0.9214092140921409,0.0,0.0
Uformer-lite (L1),BraTS2021_00087,30.621443,0.9836908578872681,0.12375973,0.901571546732837,0.0,0.0
Uformer-lite (L1),BraTS2021_00087,30.391052,0.9827219247817993,0.12451056,0.9001536098310292,0.0,0.0
Uformer-lite (L1),BraTS2021_00087,30.25303,0.9821511507034302,0.12336982,0.8957312806158153,0.04878048780487805,0.04878048780487805
Uformer-lite (L1),BraTS2021_00087,30.379581,0.9827877283096313,0.11969761,0.8801475107559926,0.04807692307692308,0.05025125628140704
Uformer-lite (L1),BraTS2021_00087,29.80751,0.9807119965553284,0.12318323,0.8657035848047084,0.5434782608695652,0.47416413373860183
Uformer-lite (L1),BraTS2021_00087,29.759523,0.9801109433174133,0.120837,0.9085396664982315,0.8571428571428571,0.7635658914728682
Uformer-lite (L1),BraTS2021_00087,30.090641,0.9796997904777527,0.11894463,0.9135446685878963,0.8023255813953488,0.7545126353790613
Uformer-lite (L1),BraTS2021_00087,29.855526,0.9802570939064026,0.11741936,0.9177298724153101,0.8171500630517023,0.7248764415156508
Uformer-lite (L1),BraTS2021_00087,29.686543,0.9797462821006775,0.11543062,0.8446389496717724,0.9347593582887701,0.8115015974440895
Uformer-lite (L1),BraTS2021_00087,29.854614,0.9785682559013367,0.11616098,0.858,0.8931665062560153,0.7547770700636943
Uformer-lite (L1),BraTS2021_00087,29.439999,0.9752445816993713,0.12054375,0.9122462344466273,0.8986212489862125,0.7400275103163686
Uformer-lite (L1),BraTS2021_00087,29.165977,0.9733947515487671,0.12145411,0.9196899224806202,0.8901098901098901,0.7534246575342466
Uformer-lite (L1),BraTS2021_00087,28.945301,0.9708041548728943,0.11843795,0.9392991239048811,0.9554770318021202,0.8671963677639046
Uformer-lite (L1),BraTS2021_00087,29.221355,0.9721341729164124,0.11175012,0.9249848759830611,0.9171974522292994,0.7862407862407862
Uformer-lite (L1),BraTS2021_00087,29.469107,0.9673800468444824,0.11248764,0.9242516799022602,0.9407061958694204,0.8342989571263036
Uformer-lite (L1),BraTS2021_00087,29.696104,0.9695103168487549,0.108376235,0.9399167162403331,0.91796875,0.8141783029001074
Uformer-lite (L1),BraTS2021_00087,29.688251,0.9726259708404541,0.1057164,0.9192444566110046,0.8988919667590027,0.7797001153402537
Uformer-lite (L1),BraTS2021_00087,29.745426,0.970973014831543,0.10405112,0.9194159004867496,0.8648648648648649,0.7288888888888889
Uformer-lite (L1),BraTS2021_00087,30.24748,0.9728079438209534,0.101624414,0.9376344086021505,0.8118948824343015,0.7362637362637363
Uformer-lite (L1),BraTS2021_00087,30.227169,0.9725381731987,0.0979949,0.9305296779345222,0.7714285714285715,0.7016520894071915
Uformer-lite (L1),BraTS2021_00087,30.286304,0.9727887511253357,0.09760834,0.9231979030144167,0.7926509186351706,0.7348119575699132
Uformer-lite (L1),BraTS2021_00087,30.44582,0.9734925627708435,0.09679245,0.9454447729105079,0.802547770700637,0.7531219980787704
Uformer-lite (L1),BraTS2021_00087,30.781832,0.9706606268882751,0.0958546,0.9380913760475804,0.790436005625879,0.7436363636363637
Uformer-lite (L1),BraTS2021_00087,30.65865,0.9698984622955322,0.094788544,0.9325605900948367,0.876043673731535,0.8035003977724742
Uformer-lite (L1),BraTS2021_00087,30.797588,0.9734011292457581,0.09400052,0.9363566091213604,0.7113163972286374,0.5970731707317073
Uformer-lite (L1),BraTS2021_00087,30.771868,0.9738169312477112,0.09287705,0.9493702148678687,0.7466666666666667,0.6387625113739763
Uformer-lite (L1),BraTS2021_00087,30.93946,0.9738786816596985,0.09086941,0.9336770564799625,0.7008821170809943,0.6033630069238378
Uformer-lite (L1),BraTS2021_00087,31.406013,0.9775224924087524,0.08680622,0.9237569060773481,0.8083209509658247,0.6685499058380414
Uformer-lite (L1),BraTS2021_00087,31.441872,0.9777063131332397,0.085354894,0.9193205944798302,0.518444666001994,0.5185185185185185
Uformer-lite (L1),BraTS2021_00087,31.546719,0.9792833924293518,0.0842188,0.9155844155844156,0.2217573221757322,0.27100271002710025
Uformer-lite (L1),BraTS2021_00087,31.567762,0.9795851707458496,0.084128454,0.943794794417201,0.20608899297423888,0.21727019498607242
Uformer-lite (L1),BraTS2021_00087,31.53157,0.980095624923706,0.084075674,0.9396837072453108,0.6651376146788991,0.6190476190476191
Uformer-lite (L1),BraTS2021_00087,31.438093,0.9804101586341858,0.08222795,0.9332591768631813,0.46153846153846156,0.4588235294117647
Uformer-lite (L1),BraTS2021_00087,31.350788,0.9809038639068604,0.08191623,0.9620658949243099,0.5675675675675675,0.5793103448275863
Uformer-lite (L1),BraTS2021_00087,31.255178,0.9810295104980469,0.082268596,0.9647569130670522,0.2887700534759358,0.2887700534759358
Uformer-lite (L1),BraTS2021_00087,31.094631,0.9823840260505676,0.08179981,0.9560340148362584,0.23622047244094488,0.24
Uformer-lite (L1),BraTS2021_00087,31.142223,0.9825807213783264,0.08222808,0.9484002219345293,0.5106382978723404,0.5106382978723404
Uformer-lite (L1),BraTS2021_00087,31.121326,0.9819723963737488,0.08236359,0.9309958970533383,0.7586206896551724,0.7586206896551724
Uformer-lite (L1),BraTS2021_00087,31.36173,0.9806875586509705,0.0841566,0.9113386130963879,0.27450980392156865,0.28
Uformer-lite (L1),BraTS2021_00087,31.261688,0.9817410707473755,0.08355462,0.9043693322341303,0.0,0.0
Uformer-lite (L1),BraTS2021_00087,30.856022,0.9818750023841858,0.08447462,0.9275239107332625,0.0,0.0
Uformer-lite (L1),BraTS2021_00087,31.025421,0.9812103509902954,0.08484695,0.9253798033958892,nan,nan
Uformer-lite (L1),BraTS2021_00087,31.156837,0.9808785915374756,0.08559431,0.9164319248826291,nan,nan
Uformer-lite (L1),BraTS2021_00087,31.229086,0.983047604560852,0.08185298,0.9222748815165877,nan,nan
Uformer-lite (L1),BraTS2021_00087,31.067495,0.9821123480796814,0.082428694,0.8816774837743385,nan,nan
Uformer-lite (L1),BraTS2021_00087,31.288836,0.9846352338790894,0.079362,0.8873974645786726,nan,nan
Uformer-lite (L1),BraTS2021_00087,31.555676,0.9847500920295715,0.07869312,0.8919480519480519,nan,nan
Uformer-lite (L1),BraTS2021_00087,31.406328,0.9837049841880798,0.07991604,0.9101449275362319,0.0,0.0
Uformer-lite (L1),BraTS2021_00087,31.625233,0.9834799766540527,0.07991542,0.9039850227333511,0.0,0.0
Uformer-lite (L1),BraTS2021_00087,31.879225,0.98654705286026,0.074853174,0.9130321232697832,0.0,0.0
Uformer-lite (L1),BraTS2021_00087,32.025105,0.9859391450881958,0.0749245,0.9012310334955626,0.0,0.0
Uformer-lite (L1),BraTS2021_00087,31.954414,0.9862532615661621,0.07525209,0.9055072463768116,0.0,0.0
Uformer-lite (L1),BraTS2021_00087,31.886147,0.9849173426628113,0.07610154,0.8950789229340761,0.0,0.0
Uformer-lite (L1),BraTS2021_00087,32.13654,0.9853315949440002,0.076045975,0.8943894389438944,0.0,0.0
Uformer-lite (L1),BraTS2021_00087,32.02468,0.9866861701011658,0.07349944,0.9006756756756756,0.0,0.0
Uformer-lite (L1),BraTS2021_00087,32.447803,0.9860222935676575,0.07234733,0.8997987927565393,0.0,0.0
Uformer-lite (L1),BraTS2021_00087,32.51437,0.9841859936714172,0.07309728,0.9143865842894969,0.0,0.0
Uformer-lite (L1),BraTS2021_00087,32.383644,0.9843877553939819,0.07429931,0.9095378564405113,0.0,0.0
Uformer-lite (L1),BraTS2021_00087,32.59823,0.9818611741065979,0.0759069,0.8698979591836735,nan,nan
Uformer-lite (L1),BraTS2021_00087,32.487953,0.9843056201934814,0.072849646,0.8658346333853354,nan,nan
Uformer-lite (L1),BraTS2021_00087,32.322445,0.9820825457572937,0.076511234,0.8348530901722391,nan,nan
Uformer-lite (L1),BraTS2021_00087,32.65235,0.9827315211296082,0.074342825,0.8883977900552487,nan,nan
Uformer-lite (L1),BraTS2021_00087,32.660854,0.9803953766822815,0.07606371,0.8996088657105606,nan,nan
Uformer-lite (L1),BraTS2021_00087,32.57579,0.9819754958152771,0.0754825,0.8556005398110661,nan,nan
Uformer-lite (L1),BraTS2021_00087,32.84853,0.9812304973602295,0.07592836,0.8145580589254766,nan,nan
Uformer-lite (L1),BraTS2021_00087,32.573425,0.9808086156845093,0.074889645,0.45454545454545453,nan,nan
Uformer-lite (L1),BraTS2021_00099,29.620245,0.9620336294174194,0.12354385,0.8253968253968254,nan,nan
Uformer-lite (L1),BraTS2021_00099,29.829618,0.9642837047576904,0.12037293,0.84375,nan,nan
Uformer-lite (L1),BraTS2021_00099,29.909348,0.9629992842674255,0.11907209,0.7947598253275109,nan,nan
Uformer-lite (L1),BraTS2021_00099,30.048687,0.964352011680603,0.11488734,0.7636363636363637,nan,nan
Uformer-lite (L1),BraTS2021_00099,30.134623,0.9648739695549011,0.11321545,0.43478260869565216,nan,nan
Uformer-lite (L1),BraTS2021_00099,30.31636,0.963981568813324,0.11336102,0.6969072164948453,nan,nan
Uformer-lite (L1),BraTS2021_00099,30.232172,0.9660146832466125,0.11025979,0.8271186440677966,nan,nan
Uformer-lite (L1),BraTS2021_00099,30.397547,0.9684694409370422,0.106135,0.6592356687898089,nan,nan
Uformer-lite (L1),BraTS2021_00099,30.359304,0.9689058661460876,0.104683116,0.7387640449438202,0.0,0.0
Uformer-lite (L1),BraTS2021_00099,30.889158,0.9661974310874939,0.10469753,0.42289348171701113,0.0,0.0
Uformer-lite (L1),BraTS2021_00099,30.576904,0.9673734903335571,0.10574338,0.8042553191489362,0.6212121212121212,0.6212121212121212
Uformer-lite (L1),BraTS2021_00099,30.517696,0.9653193950653076,0.10610759,0.8790322580645161,0.7299270072992701,0.7299270072992701
Uformer-lite (L1),BraTS2021_00099,31.042805,0.9708999991416931,0.099333875,0.8897266729500471,0.6031746031746031,0.6031746031746031
Uformer-lite (L1),BraTS2021_00099,30.701677,0.9686912298202515,0.10274308,0.88,0.7134502923976608,0.7134502923976608
Uformer-lite (L1),BraTS2021_00099,30.282475,0.9675045609474182,0.10227582,0.9069767441860465,0.7096774193548387,0.7096774193548387
Uformer-lite (L1),BraTS2021_00099,30.493433,0.9688069224357605,0.10163744,0.8964285714285715,0.6357615894039735,0.6357615894039735
Uformer-lite (L1),BraTS2021_00099,30.268673,0.9701371192932129,0.10045365,0.9133986928104575,0.6666666666666666,0.6666666666666666
Uformer-lite (L1),BraTS2021_00099,30.453081,0.970731794834137,0.10233704,0.8849840255591054,0.6229508196721312,0.6229508196721312
Uformer-lite (L1),BraTS2021_00099,30.421013,0.9716932773590088,0.101059444,0.9009976976208749,nan,nan
Uformer-lite (L1),BraTS2021_00099,30.530298,0.9722998738288879,0.10113786,0.8852701702442635,nan,nan
Uformer-lite (L1),BraTS2021_00099,30.545334,0.9751163721084595,0.09725645,0.7591240875912408,nan,nan
Uformer-lite (L1),BraTS2021_00099,30.767365,0.9760664701461792,0.09611635,0.8285895003162556,0.0,0.0
Uformer-lite (L1),BraTS2021_00099,30.647434,0.97684246301651,0.095324345,0.8060570762958649,0.0,0.0
Uformer-lite (L1),BraTS2021_00099,30.939152,0.978434145450592,0.09147297,0.7970521541950113,0.0,0.0
Uformer-lite (L1),BraTS2021_00099,30.770077,0.9792009592056274,0.09125141,0.7392875580795044,0.6027397260273972,0.6027397260273972
Uformer-lite (L1),BraTS2021_00099,31.21866,0.9812154173851013,0.08897433,0.7541311967951928,0.0,0.0
Uformer-lite (L1),BraTS2021_00099,31.246832,0.9828241467475891,0.08591475,0.7749114820435002,0.0,0.0
Uformer-lite (L1),BraTS2021_00099,31.200277,0.9833693504333496,0.08476469,0.7139434595112601,0.3163265306122449,0.3263157894736842
Uformer-lite (L1),BraTS2021_00099,31.512157,0.9847318530082703,0.082621574,0.75,0.36,0.5027932960893855
Uformer-lite (L1),BraTS2021_00099,31.705688,0.9851582646369934,0.08061675,0.8196297890658631,0.3380281690140845,0.46994535519125685
Uformer-lite (L1),BraTS2021_00099,31.727476,0.9846102595329285,0.0828915,0.7840761575075724,0.8786764705882353,0.6859205776173285
Uformer-lite (L1),BraTS2021_00099,31.7804,0.9842900633811951,0.08211323,0.8461839530332681,0.9172185430463576,0.7293233082706767
Uformer-lite (L1),BraTS2021_00099,31.332035,0.98384028673172,0.083616324,0.8834166987302808,0.864957264957265,0.6764705882352942
Uformer-lite (L1),BraTS2021_00099,31.533878,0.9836663603782654,0.08235435,0.8212485459480419,0.9039881831610044,0.7250996015936255
Uformer-lite (L1),BraTS2021_00099,31.178387,0.9807443618774414,0.08815345,0.7861003861003861,0.8674351585014409,0.6031746031746031
Uformer-lite (L1),BraTS2021_00099,31.282051,0.979657769203186,0.088205196,0.7931034482758621,0.9018567639257294,0.7183098591549296
Uformer-lite (L1),BraTS2021_00099,31.018173,0.9771062135696411,0.091943875,0.8016813144822316,0.8809523809523809,0.6836363636363636
Uformer-lite (L1),BraTS2021_00099,31.358074,0.9773675203323364,0.08980321,0.8504,0.8859060402684564,0.6612244897959184
Uformer-lite (L1),BraTS2021_00099,31.126547,0.9770073890686035,0.090018585,0.8955857385398981,0.893387314439946,0.6885245901639344
Uformer-lite (L1),BraTS2021_00099,30.792398,0.9730335474014282,0.09431945,0.9081585081585082,0.7897897897897898,0.5205479452054794
Uformer-lite (L1),BraTS2021_00099,30.790493,0.9750866293907166,0.0941883,0.9454049135577798,0.9378378378378378,0.7765567765567766
Uformer-lite (L1),BraTS2021_00099,30.410065,0.975418210029602,0.09516022,0.8588832487309644,0.2361111111111111,0.0
Uformer-lite (L1),BraTS2021_00099,30.44085,0.9731205701828003,0.098469116,0.8977556109725686,0.6868327402135231,0.46766169154228854
Uformer-lite (L1),BraTS2021_00099,30.311295,0.9747302532196045,0.09806008,0.9025157232704403,0.6897810218978102,0.49523809523809526
Uformer-lite (L1),BraTS2021_00099,30.535728,0.9735327959060669,0.09994422,0.911261027503892,0.8235294117647058,0.6
Uformer-lite (L1),BraTS2021_00099,30.048697,0.9739673733711243,0.1014102,0.8874244920373421,0.941717791411043,0.831081081081081
Uformer-lite (L1),BraTS2021_00099,30.01179,0.9731379747390747,0.10542798,0.858139534883721,0.7262135922330097,0.5529953917050692
Uformer-lite (L1),BraTS2021_00099,29.663048,0.9739608764648438,0.106282406,0.9218921892189219,0.8411214953271028,0.6694214876033058
Uformer-lite (L1),BraTS2021_00099,29.540169,0.9737614989280701,0.109300114,0.8262967430639324,0.42473118279569894,0.5047619047619047
Uformer-lite (L1),BraTS2021_00099,29.54283,0.9747642874717712,0.109693885,0.8718251624335499,0.6297229219143576,0.51
Uformer-lite (L1),BraTS2021_00099,29.503712,0.9741978645324707,0.110591315,0.8695652173913043,0.6542553191489362,0.4114285714285714
Uformer-lite (L1),BraTS2021_00099,29.636374,0.976952850818634,0.10910535,0.8676377454084864,0.511326860841424,0.39263803680981596
Uformer-lite (L1),BraTS2021_00099,29.589863,0.9767435789108276,0.112884566,0.859776168531929,0.0,0.0
Uformer-lite (L1),BraTS2021_00099,29.591244,0.9777761697769165,0.11089437,0.927070457354759,0.3125,0.4268292682926829
Uformer-lite (L1),BraTS2021_00099,29.655678,0.9768117070198059,0.1147814,0.9488875526157546,0.47,0.546583850931677
Uformer-lite (L1),BraTS2021_00099,29.147175,0.9763887524604797,0.119200714,0.9487024743512372,0.6033519553072626,0.6335403726708074
Uformer-lite (L1),BraTS2021_00099,29.699627,0.9798784852027893,0.114528365,0.9632856253889235,0.84472049689441,0.84472049689441
Uformer-lite (L1),BraTS2021_00099,29.485876,0.9798160791397095,0.1170358,0.9668127739511584,0.5813953488372093,0.5813953488372093
Uformer-lite (L1),BraTS2021_00099,29.700071,0.9811105132102966,0.11654861,0.9665809768637532,0.0,0.0
Uformer-lite (L1),BraTS2021_00099,29.340067,0.9812827110290527,0.11961835,0.96684350132626,nan,nan
Uformer-lite (L1),BraTS2021_00099,29.111517,0.9806309938430786,0.12339214,0.9714285714285714,nan,nan
Uformer-lite (L1),BraTS2021_00099,29.294407,0.9799069762229919,0.12842365,0.9729334308705194,nan,nan
Uformer-lite (L1),BraTS2021_00099,29.16714,0.980381429195404,0.1318093,0.9669291338582677,nan,nan
Uformer-lite (L1),BraTS2021_00099,29.345,0.9814308285713196,0.13251808,0.9666666666666667,nan,nan
Uformer-lite (L1),BraTS2021_00099,29.422455,0.9817737936973572,0.13581493,0.9651474530831099,nan,nan
Uformer-lite (L1),BraTS2021_00099,29.21722,0.9816851019859314,0.14011253,0.953125,nan,nan
Uformer-lite (L1),BraTS2021_00099,29.584976,0.983137845993042,0.13824946,0.919908466819222,nan,nan
Uformer-lite (L1),BraTS2021_00099,30.121674,0.983889102935791,0.13788913,0.9411764705882353,nan,nan
Uformer-lite (L1),BraTS2021_00099,29.757374,0.9823326468467712,0.14895275,0.9401709401709402,nan,nan
Uformer-lite (L1),BraTS2021_00099,30.631203,0.9846847653388977,0.14316532,0.9279661016949152,nan,nan
Uformer-lite (L1),BraTS2021_00099,30.697462,0.984286904335022,0.14879446,0.9014925373134328,nan,nan
Uformer-lite (L1),BraTS2021_00104,32.322895,0.9546207785606384,0.06361732,0.1037463976945245,0.0,0.0
Uformer-lite (L1),BraTS2021_00104,32.480583,0.9527740478515625,0.062096637,0.8782608695652174,0.8635761589403973,0.8283132530120482
Uformer-lite (L1),BraTS2021_00104,32.484272,0.9581871628761292,0.061329797,0.9201934703748489,0.8721649484536083,0.8523489932885906
Uformer-lite (L1),BraTS2021_00104,32.05649,0.9623354077339172,0.061076798,0.8965827338129496,0.9431721798134012,0.9448818897637795
Uformer-lite (L1),BraTS2021_00104,32.14363,0.9682115316390991,0.05999211,0.9191880505553428,0.9723849372384937,0.9693877551020408
Uformer-lite (L1),BraTS2021_00104,32.342106,0.9695980548858643,0.058762778,0.9356193142057383,0.8935837245696401,0.9116666666666666
Uformer-lite (L1),BraTS2021_00104,32.86958,0.9698324203491211,0.055514153,0.8996173093906388,0.8935097668557026,0.8849315068493151
Uformer-lite (L1),BraTS2021_00104,32.652298,0.9715169668197632,0.056709938,0.8850605652759085,0.936735778841042,0.9043280182232346
Uformer-lite (L1),BraTS2021_00104,33.038895,0.9753042459487915,0.053321242,0.8887240356083086,0.957169459962756,0.9282907662082515
Uformer-lite (L1),BraTS2021_00104,32.61371,0.9739300608634949,0.05584189,0.8979014383400141,0.9602501116569897,0.8968421052631579
Uformer-lite (L1),BraTS2021_00104,32.21775,0.9731738567352295,0.05812017,0.9153972345910476,0.9495392716103555,0.8642509464575446
Uformer-lite (L1),BraTS2021_00104,32.05081,0.973772406578064,0.058930412,0.9453330150393888,0.9509043927648578,0.8518111964873765
Uformer-lite (L1),BraTS2021_00104,32.2851,0.97801673412323,0.057078604,0.9019001325673884,0.9631774927596194,0.8888888888888888
Uformer-lite (L1),BraTS2021_00104,32.310158,0.9776619076728821,0.05600193,0.9468108585301258,0.9570019723865878,0.8865461847389559
Uformer-lite (L1),BraTS2021_00104,31.93039,0.9773651361465454,0.057745084,0.9362962962962963,0.9437869822485208,0.8603104212860311
Uformer-lite (L1),BraTS2021_00104,31.600433,0.9764541387557983,0.05958983,0.9429516329061596,0.9418604651162791,0.8733850129198967
Uformer-lite (L1),BraTS2021_00104,31.58342,0.9757319092750549,0.06063055,0.9417925478348439,0.9547237076648841,0.8923334729786343
Uformer-lite (L1),BraTS2021_00104,31.517124,0.9758464694023132,0.062431462,0.9412233512651923,0.9534555712270804,0.8975928192574459
Uformer-lite (L1),BraTS2021_00104,31.291954,0.9760563373565674,0.06175052,0.9390483680692095,0.9609375,0.9130253849354973
Uformer-lite (L1),BraTS2021_00104,31.8219,0.976799726486206,0.059572894,0.9446215139442231,0.9619526202440776,0.9106168694922366
Uformer-lite (L1),BraTS2021_00104,32.03192,0.9780018329620361,0.058025885,0.9457022640753356,0.9689618266143418,0.9141435089174617
Uformer-lite (L1),BraTS2021_00104,31.619156,0.9731178879737854,0.062797844,0.9546204620462047,0.9616899391335482,0.9064449064449065
Uformer-lite (L1),BraTS2021_00104,31.58147,0.9733021259307861,0.064585164,0.9532091097308488,0.9684447783621337,0.9221128021486124
Uformer-lite (L1),BraTS2021_00104,30.989346,0.9690486788749695,0.0700068,0.959656652360515,0.9302325581395349,0.8739267962042476
Uformer-lite (L1),BraTS2021_00104,30.9696,0.9705610275268555,0.06889012,0.9412022817025011,0.9274322169059012,0.8690534575772437
Uformer-lite (L1),BraTS2021_00104,31.142347,0.9724098443984985,0.06764273,0.9310502283105023,0.9458665547629039,0.8954451345755694
Uformer-lite (L1),BraTS2021_00104,31.150446,0.9704590439796448,0.070152484,0.927734375,0.9233390119250426,0.8583690987124464
Uformer-lite (L1),BraTS2021_00104,30.844479,0.9707071781158447,0.072107315,0.9405657928886582,0.9138777331548416,0.8655139289145053
Uformer-lite (L1),BraTS2021_00104,30.934475,0.9729177951812744,0.07228589,0.9094770374303159,0.8836329233680227,0.8617395676219206
Uformer-lite (L1),BraTS2021_00104,30.378523,0.9729439616203308,0.075297154,0.9169248099127006,0.9412462908011869,0.9069031032298923
Uformer-lite (L1),BraTS2021_00104,30.193064,0.9742006659507751,0.07717658,0.9216319342530085,0.928395061728395,0.8916666666666667
Uformer-lite (L1),BraTS2021_00104,30.323067,0.9765763878822327,0.07720992,0.9426152398871119,0.9348283111422565,0.9159021406727829
Uformer-lite (L1),BraTS2021_00104,30.078184,0.9772067070007324,0.07911897,0.9415542710340398,0.908829863603733,0.8738738738738738
Uformer-lite (L1),BraTS2021_00104,30.727192,0.9808026552200317,0.07704471,0.9584037876225905,0.9240407204385278,0.9051937345424568
Uformer-lite (L1),BraTS2021_00104,30.287827,0.9812540411949158,0.08119267,0.9497051682275408,0.8382775119617225,0.776824034334764
Uformer-lite (L1),BraTS2021_00104,29.659472,0.9804438948631287,0.08801956,0.9725722757598221,0.8606060606060606,0.7520525451559934
Uformer-lite (L1),BraTS2021_00104,29.949635,0.9823049902915955,0.08952504,0.9673469387755103,0.8085106382978723,0.8097826086956522
Uformer-lite (L1),BraTS2021_00104,30.006664,0.9836265444755554,0.092785835,0.9647258818529537,0.8589743589743589,0.904
Uformer-lite (L1),BraTS2021_00104,30.135897,0.9860594868659973,0.09102081,0.9611780455153949,0.7863247863247863,0.8947368421052632
Uformer-lite (L1),BraTS2021_00104,30.784891,0.9888707995414734,0.086245105,0.9469732519943689,0.7214611872146118,0.8875
Uformer-lite (L1),BraTS2021_00104,30.151674,0.9880975484848022,0.09516485,0.9497262319561971,0.8685714285714285,0.8758169934640523
Uformer-lite (L1),BraTS2021_00104,30.04133,0.987720251083374,0.1024698,0.9180515759312321,0.6666666666666666,0.7311827956989247
Uformer-lite (L1),BraTS2021_00104,30.38079,0.9895356297492981,0.10119362,0.9350180505415162,0.0,0.0
Uformer-lite (L1),BraTS2021_00104,30.004532,0.9889127612113953,0.109832354,0.9525,0.0,0.0
Uformer-lite (L1),BraTS2021_00104,30.097885,0.9892130494117737,0.114961125,0.961038961038961,0.0,0.0
Uformer-lite (L1),BraTS2021_00104,31.574114,0.9913116097450256,0.108607724,0.9415481832543444,nan,nan
Uformer-lite (L1),BraTS2021_00104,31.430798,0.9892956614494324,0.12686819,0.9305816135084428,nan,nan
Uformer-lite (L1),BraTS2021_00104,32.857124,0.9907288551330566,0.12138445,0.9035532994923858,0.0,0.0
Uformer-lite (L1),BraTS2021_00104,31.784647,0.9856038689613342,0.15607734,0.7408759124087592,nan,nan
Uformer-lite (L1),BraTS2021_00106,29.081299,0.9697046279907227,0.096042894,0.2651072124756335,0.0,0.0
Uformer-lite (L1),BraTS2021_00106,29.373055,0.9680363535881042,0.09200818,0.49732620320855614,nan,nan
Uformer-lite (L1),BraTS2021_00106,29.577187,0.9694206714630127,0.08901829,0.35850956696878145,nan,nan
Uformer-lite (L1),BraTS2021_00106,29.53466,0.9624890685081482,0.08912026,0.5966480446927375,nan,nan
Uformer-lite (L1),BraTS2021_00106,29.858608,0.9652214646339417,0.083441265,0.46866485013623976,nan,nan
Uformer-lite (L1),BraTS2021_00106,29.88189,0.953423261642456,0.08262852,0.5632869449966865,nan,nan
Uformer-lite (L1),BraTS2021_00106,30.721954,0.960639476776123,0.074735016,0.3463904176108773,nan,nan
Uformer-lite (L1),BraTS2021_00106,30.791216,0.9606294631958008,0.07109848,0.5566534914361001,0.0,0.0
Uformer-lite (L1),BraTS2021_00106,30.971306,0.9648348689079285,0.067886494,0.5623173000265745,0.0,0.0
Uformer-lite (L1),BraTS2021_00106,30.92266,0.9636624455451965,0.06817853,0.5989304812834224,0.0,0.0
Uformer-lite (L1),BraTS2021_00106,31.320028,0.9668211340904236,0.06514621,0.7609229258713794,0.0,0.0
Uformer-lite (L1),BraTS2021_00106,32.45712,0.9762725830078125,0.0566071,0.8075331125827815,0.0,0.0
Uformer-lite (L1),BraTS2021_00106,32.38055,0.9772680401802063,0.055736385,0.781379570297776,0.11483253588516747,0.13714285714285715
Uformer-lite (L1),BraTS2021_00106,32.628666,0.9801880717277527,0.05527542,0.7790363482671175,0.0,0.0
Uformer-lite (L1),BraTS2021_00106,32.623093,0.9816080331802368,0.054285944,0.8296778615490061,0.09244644870349493,0.11141304347826086
Uformer-lite (L1),BraTS2021_00106,32.656517,0.9839377999305725,0.05372627,0.8265495693295052,0.0,0.0
Uformer-lite (L1),BraTS2021_00106,32.553772,0.9846001863479614,0.05392673,0.8159564823209429,0.027455121436114043,0.033419023136246784
Uformer-lite (L1),BraTS2021_00106,32.960075,0.9854622483253479,0.051903915,0.8341218637992831,0.041237113402061855,0.030690537084398978
Uformer-lite (L1),BraTS2021_00106,32.60957,0.9866018295288086,0.053211153,0.8661134163208852,0.0,0.0
Uformer-lite (L1),BraTS2021_00106,32.91654,0.9859866499900818,0.049873795,0.892100463027922,0.21059876118375775,0.2074688796680498
Uformer-lite (L1),BraTS2021_00106,33.108604,0.9858040809631348,0.04982675,0.8868284701390783,0.2892768079800499,0.22818791946308725
Uformer-lite (L1),BraTS2021_00106,32.702843,0.9865074753761292,0.051316816,0.9064077669902912,0.1431238332296204,0.08370044052863436
Uformer-lite (L1),BraTS2021_00106,32.81617,0.9836162328720093,0.05144206,0.9270778881338212,0.22046353872244207,0.15404699738903394
Uformer-lite (L1),BraTS2021_00106,32.73172,0.9846922159194946,0.050664403,0.9176169122357463,0.25971014492753625,0.15384615384615385
Uformer-lite (L1),BraTS2021_00106,32.85177,0.9852196574211121,0.05031037,0.9078578110383536,0.38883143743536713,0.21364221364221364
Uformer-lite (L1),BraTS2021_00106,33.009598,0.9858512878417969,0.05026422,0.9291686019507663,0.3090128755364807,0.19097449313276652
Uformer-lite (L1),BraTS2021_00106,32.636524,0.9862886667251587,0.05084838,0.9277644642245806,0.590728476821192,0.3712574850299401
Uformer-lite (L1),BraTS2021_00106,32.61867,0.9835709929466248,0.051426683,0.9237487403426268,0.6630525437864887,0.3880048959608323
Uformer-lite (L1),BraTS2021_00106,32.493202,0.9855994582176208,0.050907303,0.9105565371024735,0.8444767441860465,0.6017130620985011
Uformer-lite (L1),BraTS2021_00106,32.223854,0.9858412146568298,0.052045085,0.8986295410050033,0.8283983849259757,0.7409155261915998
Uformer-lite (L1),BraTS2021_00106,32.504707,0.983909010887146,0.052716557,0.9374927787406123,0.8910492792490781,0.7799113737075333
Uformer-lite (L1),BraTS2021_00106,32.23304,0.9866721630096436,0.051733974,0.9080359097876067,0.8604815864022662,0.6404624277456648
Uformer-lite (L1),BraTS2021_00106,32.44095,0.9865164160728455,0.051837493,0.9328693309384822,0.8575468363379286,0.7114967462039046
Uformer-lite (L1),BraTS2021_00106,32.227367,0.9854555726051331,0.052621517,0.9341586944288126,0.7039871123640757,0.5783718104495748
Uformer-lite (L1),BraTS2021_00106,32.31403,0.9853865504264832,0.052905094,0.9340053920994021,0.8304011259676284,0.7375661375661375
Uformer-lite (L1),BraTS2021_00106,32.113346,0.9866947531700134,0.052210495,0.9462606359158083,0.8706603131381893,0.7194473963868225
Uformer-lite (L1),BraTS2021_00106,32.02393,0.9864317774772644,0.052613568,0.9398547435315479,0.7349904397705544,0.6863301191151446
Uformer-lite (L1),BraTS2021_00106,31.845535,0.986470639705658,0.054129735,0.9506445244454768,0.8549562682215743,0.7462526766595289
Uformer-lite (L1),BraTS2021_00106,32.030098,0.9866560697555542,0.05365371,0.9511377245508982,0.7560777957860616,0.655
Uformer-lite (L1),BraTS2021_00106,32.472885,0.9875077605247498,0.05228916,0.9561627200971463,0.7434511434511435,0.736318407960199
Uformer-lite (L1),BraTS2021_00106,32.18936,0.9865033626556396,0.052941833,0.9538847117794487,0.8400633412509897,0.7493765586034913
Uformer-lite (L1),BraTS2021_00106,32.74291,0.987276017665863,0.052471854,0.9644489588623667,0.7515099223468508,0.7946308724832215
Uformer-lite (L1),BraTS2021_00106,32.17174,0.9875813722610474,0.053453982,0.9491354284993058,0.7851345578812473,0.672360248447205
Uformer-lite (L1),BraTS2021_00106,32.29645,0.9873989224433899,0.0530408,0.961234279787372,0.7927548441449032,0.7651677373304783
Uformer-lite (L1),BraTS2021_00106,32.393543,0.9862409830093384,0.054504834,0.9586143064921328,0.7179039301310044,0.7550877192982456
Uformer-lite (L1),BraTS2021_00106,32.227432,0.9870283007621765,0.05471632,0.9618122977346278,0.9525169582292039,0.8288401253918495
Uformer-lite (L1),BraTS2021_00106,32.26685,0.9879452586174011,0.055271458,0.9360850531582239,0.8456154796212433,0.8357988165680473
Uformer-lite (L1),BraTS2021_00106,32.362373,0.9869150519371033,0.055169955,0.9469937714503622,0.7685473123056419,0.7876322213181448
Uformer-lite (L1),BraTS2021_00106,32.021248,0.986894428730011,0.0573601,0.9128356013240162,0.7251296558227251,0.8206839032527106
Uformer-lite (L1),BraTS2021_00106,32.02393,0.9854916334152222,0.058465596,0.9358761039293485,0.7556179775280899,0.8079800498753117
Uformer-lite (L1),BraTS2021_00106,31.3097,0.9838830828666687,0.062332954,0.9430134792472975,0.7215765538150581,0.8111627906976744
Uformer-lite (L1),BraTS2021_00106,31.596224,0.9849320650100708,0.062421996,0.9170883612300506,0.5772212283840191,0.7630700778642937
Uformer-lite (L1),BraTS2021_00106,31.364002,0.9851585626602173,0.06405788,0.9096481876332623,0.3727338651196519,0.5518207282913166
Uformer-lite (L1),BraTS2021_00106,31.39362,0.9847152829170227,0.06401897,0.9101974573978902,0.538881309686221,0.6775
Uformer-lite (L1),BraTS2021_00106,31.053223,0.9837362170219421,0.06760102,0.9156794425087108,0.34248788368336025,0.44916540212443096
Uformer-lite (L1),BraTS2021_00106,30.961618,0.9834252595901489,0.07074563,0.927362893815636,0.2808888888888889,0.44816053511705684
Uformer-lite (L1),BraTS2021_00106,30.97494,0.9830498099327087,0.072417766,0.9243801016479285,0.3165735567970205,0.4358108108108108
Uformer-lite (L1),BraTS2021_00106,30.99073,0.9850677847862244,0.07262596,0.9063097514340345,0.31758793969849247,0.43478260869565216
Uformer-lite (L1),BraTS2021_00106,30.652311,0.9832915663719177,0.07988608,0.8963518581657006,0.2256169212690952,0.3409090909090909
Uformer-lite (L1),BraTS2021_00106,30.142494,0.9836448431015015,0.084355526,0.8697050938337801,0.057803468208092484,0.11363636363636363
Uformer-lite (L1),BraTS2021_00106,30.451511,0.9843209981918335,0.086849004,0.8704683519498334,0.006666666666666667,0.013071895424836602
Uformer-lite (L1),BraTS2021_00106,29.959248,0.985207736492157,0.0897457,0.8700445198219207,0.017817371937639197,0.03292181069958848
Uformer-lite (L1),BraTS2021_00106,29.696848,0.984237790107727,0.09682857,0.874820143884892,0.0,0.0
Uformer-lite (L1),BraTS2021_00106,29.956356,0.9864979386329651,0.09681759,0.8623899371069182,0.04633204633204633,0.08759124087591241
Uformer-lite (L1),BraTS2021_00106,29.632778,0.9854596853256226,0.10652209,0.8539140022050716,0.0,0.0
Uformer-lite (L1),BraTS2021_00106,30.188648,0.9865177273750305,0.10908059,0.8488664987405542,0.0,0.0
Uformer-lite (L1),BraTS2021_00106,30.086742,0.9867717027664185,0.11427805,0.7555228276877761,0.0,0.0
Uformer-lite (L1),BraTS2021_00106,29.899752,0.9853754639625549,0.126871,0.7145833333333333,0.0,nan
Uformer-lite (L1),BraTS2021_00106,31.236393,0.9886152744293213,0.11783489,0.6304062909567497,nan,nan
Uformer-lite (L1),BraTS2021_00106,31.478817,0.9871337413787842,0.13124709,0.5852272727272727,0.0,0.0
Uformer-lite (L1),BraTS2021_00106,32.07126,0.9869017601013184,0.1367214,0.6982543640897756,nan,nan
Uformer-lite (L1),BraTS2021_00107,31.752659,0.9619082808494568,0.075247884,0.0,0.0,0.0
Uformer-lite (L1),BraTS2021_00107,31.355867,0.9532460570335388,0.077783756,0.0,0.0,0.0
Uformer-lite (L1),BraTS2021_00107,31.488932,0.9488025903701782,0.07671862,0.8975791433891993,0.0975609756097561,0.05128205128205128
Uformer-lite (L1),BraTS2021_00107,31.831453,0.9456400871276855,0.073959656,0.8938714499252616,0.2706766917293233,0.08653846153846154
Uformer-lite (L1),BraTS2021_00107,31.902744,0.9495439529418945,0.07092789,0.8580715059588299,0.59846547314578,0.422360248447205
Uformer-lite (L1),BraTS2021_00107,32.684593,0.954281747341156,0.06631048,0.8702851885924563,0.9220338983050848,0.9084249084249084
Uformer-lite (L1),BraTS2021_00107,32.52718,0.9580152630805969,0.06696501,0.8663330950679057,0.889922480620155,0.916083916083916
Uformer-lite (L1),BraTS2021_00107,32.461964,0.9606232047080994,0.06561344,0.9167188478396995,0.9171428571428571,0.9238249594813615
Uformer-lite (L1),BraTS2021_00107,32.605923,0.9605849385261536,0.06595777,0.939304655274013,0.9009009009009009,0.9216300940438872
Uformer-lite (L1),BraTS2021_00107,32.580856,0.9644919633865356,0.064280465,0.9636084059456689,0.8876712328767123,0.9042709867452136
Uformer-lite (L1),BraTS2021_00107,32.810738,0.9652188420295715,0.06333235,0.95992456388496,0.8878394332939787,0.8822733423545331
Uformer-lite (L1),BraTS2021_00107,32.93913,0.9663302898406982,0.061439153,0.9756529437804338,0.8631178707224335,0.9062146892655367
Uformer-lite (L1),BraTS2021_00107,32.690617,0.967651903629303,0.063224874,0.9578041786153216,0.8711656441717791,0.9404117009750813
Uformer-lite (L1),BraTS2021_00107,32.552307,0.9678028225898743,0.06301611,0.955522609340252,0.9053708439897699,0.9443254817987152
Uformer-lite (L1),BraTS2021_00107,32.759674,0.9701195955276489,0.0615119,0.9592631951824301,0.9325259515570934,0.9414364640883978
Uformer-lite (L1),BraTS2021_00107,32.75096,0.9725669026374817,0.06179408,0.9605662285136501,0.8704746580852776,0.9076396807297605
Uformer-lite (L1),BraTS2021_00107,32.59596,0.9746240973472595,0.061323933,0.9833803700219504,0.8716744913928013,0.920392584514722
Uformer-lite (L1),BraTS2021_00107,32.721085,0.9774524569511414,0.059402023,0.9840409515206263,0.9348171701112877,0.9351753453772582
Uformer-lite (L1),BraTS2021_00107,32.860596,0.9795615673065186,0.058014847,0.9850396010560282,0.8465829846582985,0.9289392378990731
Uformer-lite (L1),BraTS2021_00107,32.720524,0.9806509613990784,0.05731026,0.9759547383309759,0.8398625429553265,0.9237113402061856
Uformer-lite (L1),BraTS2021_00107,32.728584,0.9818732738494873,0.058542024,0.9835090565017572,0.8149659863945579,0.9159663865546218
Uformer-lite (L1),BraTS2021_00107,32.884243,0.9828198552131653,0.057241015,0.9912767644726408,0.856353591160221,0.9365750528541226
Uformer-lite (L1),BraTS2021_00107,33.081543,0.9840542078018188,0.055767193,0.9898885143894218,0.884643644379133,0.9398663697104677
Uformer-lite (L1),BraTS2021_00107,32.928833,0.9839330315589905,0.055906683,0.9900128040973112,0.811948404616429,0.9169295478443743
Uformer-lite (L1),BraTS2021_00107,33.222435,0.9845960736274719,0.05431748,0.9921179760996695,0.8523636363636363,0.9284994964753273
Uformer-lite (L1),BraTS2021_00107,33.212368,0.9842521548271179,0.055197828,0.9901589704769115,0.7942779291553134,0.9051094890510949
Uformer-lite (L1),BraTS2021_00107,33.303444,0.9837075471878052,0.0540967,0.9889391654097537,0.8506444275966641,0.9492753623188406
Uformer-lite (L1),BraTS2021_00107,33.097084,0.9830724000930786,0.054111738,0.990188679245283,0.7793904208998549,0.9527340129749768
Uformer-lite (L1),BraTS2021_00107,33.543705,0.9829699993133545,0.052707314,0.9857035364936042,0.8207109737248841,0.9583736689254598
Uformer-lite (L1),BraTS2021_00107,33.25338,0.9821553826332092,0.053972658,0.984,0.698828394210889,0.9751552795031055
Uformer-lite (L1),BraTS2021_00107,33.265236,0.9806142449378967,0.054717354,0.9831785086618127,0.7470686767169179,0.9587155963302753
Uformer-lite (L1),BraTS2021_00107,33.405907,0.9826968908309937,0.05339209,0.961038961038961,0.7189655172413794,0.9485570890840652
Uformer-lite (L1),BraTS2021_00107,33.505997,0.981385350227356,0.05262727,0.9672131147540983,0.7814569536423841,0.9569752281616688
Uformer-lite (L1),BraTS2021_00107,33.945538,0.9816519618034363,0.051929638,0.9848834230079426,0.7869884575026233,0.8267090620031796
Uformer-lite (L1),BraTS2021_00107,33.942295,0.9798802137374878,0.05365382,0.9678094739596964,0.6530214424951267,0.7092198581560284
Uformer-lite (L1),BraTS2021_00107,33.7244,0.980754554271698,0.05263895,0.9697465249386754,0.56,0.06153846153846154
Uformer-lite (L1),BraTS2021_00107,33.869637,0.9796863794326782,0.053665385,0.972693302673182,0.0,0.0
Uformer-lite (L1),BraTS2021_00107,33.547657,0.98076993227005,0.05376804,0.9796156086196856,0.0,nan
Uformer-lite (L1),BraTS2021_00107,33.66751,0.9804683327674866,0.054199148,0.9867229933614967,0.0,nan
Uformer-lite (L1),BraTS2021_00107,33.625748,0.9788577556610107,0.054399643,0.9793909566287297,0.0,nan
Uformer-lite (L1),BraTS2021_00107,33.70853,0.9783974885940552,0.054864205,0.9724944672779007,0.0,nan
Uformer-lite (L1),BraTS2021_00107,33.57384,0.975085973739624,0.057159554,0.963903743315508,0.0,nan
Uformer-lite (L1),BraTS2021_00107,33.45844,0.9723485112190247,0.057465233,0.9709724238026125,nan,nan
Uformer-lite (L1),BraTS2021_00107,33.448315,0.9705527424812317,0.059739154,0.9681728880157171,nan,nan
Uformer-lite (L1),BraTS2021_00107,33.19241,0.9710730910301208,0.060575657,0.953125,nan,nan
Uformer-lite (L1),BraTS2021_00107,32.854427,0.9702510833740234,0.06258515,0.9496738117427772,nan,nan
Uformer-lite (L1),BraTS2021_00107,32.849365,0.967941164970398,0.0653733,0.9290106204583566,nan,nan
Uformer-lite (L1),BraTS2021_00107,32.765205,0.9690936207771301,0.06691273,0.9344262295081968,nan,nan
Uformer-lite (L1),BraTS2021_00107,32.708584,0.9727388024330139,0.06715954,0.9046961325966851,nan,nan
Uformer-lite (L1),BraTS2021_00107,32.40266,0.9707463979721069,0.07178793,0.8427184466019417,nan,nan
Uformer-lite (L1),BraTS2021_00107,31.633871,0.9715756177902222,0.07406262,0.7245657568238213,nan,nan
Uformer-lite (L1),BraTS2021_00107,31.839342,0.9735089540481567,0.07645909,0.0,nan,nan
Uformer-lite (L1),BraTS2021_00110,30.345032,0.980400562286377,0.06654699,0.26063348416289595,nan,nan
Uformer-lite (L1),BraTS2021_00110,30.60705,0.9823892712593079,0.06535297,0.47569184741959614,nan,nan
Uformer-lite (L1),BraTS2021_00110,30.644451,0.9827239513397217,0.06417616,0.5931405514458642,nan,nan
Uformer-lite (L1),BraTS2021_00110,30.840725,0.9832324385643005,0.063889466,0.6696774193548387,nan,nan
Uformer-lite (L1),BraTS2021_00110,30.635597,0.985209584236145,0.06285241,0.6290059750135796,nan,nan
Uformer-lite (L1),BraTS2021_00110,31.046553,0.9852890372276306,0.06147163,0.6666666666666666,nan,nan
Uformer-lite (L1),BraTS2021_00110,31.144325,0.9868196845054626,0.060184855,0.7490566037735849,nan,nan
Uformer-lite (L1),BraTS2021_00110,31.193659,0.9871282577514648,0.060450375,0.7604084838963079,nan,nan
Uformer-lite (L1),BraTS2021_00110,31.239197,0.9888536334037781,0.056849074,0.7709384460141272,nan,nan
Uformer-lite (L1),BraTS2021_00110,31.367834,0.9893748760223389,0.056951113,0.8027035725780496,nan,nan
Uformer-lite (L1),BraTS2021_00110,31.32105,0.9893116354942322,0.05651397,0.7845884413309983,nan,nan
Uformer-lite (L1),BraTS2021_00110,31.504898,0.9898468255996704,0.05412389,0.7900783289817233,nan,nan
Uformer-lite (L1),BraTS2021_00110,31.696997,0.9891790151596069,0.053821124,0.8336269821293733,nan,nan
Uformer-lite (L1),BraTS2021_00110,31.610086,0.9889887571334839,0.053766876,0.7784908165523345,0.0,0.0
Uformer-lite (L1),BraTS2021_00110,31.630087,0.9876709580421448,0.055513587,0.808781558726674,0.0,0.0
Uformer-lite (L1),BraTS2021_00110,31.816914,0.9877796173095703,0.05448933,0.804607157548334,0.32727272727272727,0.36
Uformer-lite (L1),BraTS2021_00110,31.525707,0.9871434569358826,0.05410481,0.7853881278538812,0.9,0.8977272727272727
Uformer-lite (L1),BraTS2021_00110,31.210102,0.9867751002311707,0.05556932,0.7557025944628243,0.9584905660377359,0.9621212121212122
Uformer-lite (L1),BraTS2021_00110,31.198103,0.9864693284034729,0.05597428,0.7531477799867462,0.9109947643979057,0.9130434782608695
Uformer-lite (L1),BraTS2021_00110,31.05566,0.9865590333938599,0.05624954,0.7785714285714286,0.9443207126948775,0.9336384439359268
Uformer-lite (L1),BraTS2021_00110,31.021063,0.9862828850746155,0.057002313,0.8046862461884128,0.952,0.9443298969072165
Uformer-lite (L1),BraTS2021_00110,30.954609,0.9873483777046204,0.056349877,0.8432010409889394,0.983177570093458,0.9769230769230769
Uformer-lite (L1),BraTS2021_00110,30.945492,0.9870966672897339,0.057000414,0.865686274509804,0.9251700680272109,0.9176882661996497
Uformer-lite (L1),BraTS2021_00110,30.946732,0.9879006147384644,0.056947503,0.8612624158923422,0.9520958083832335,0.9478527607361963
Uformer-lite (L1),BraTS2021_00110,30.90969,0.9880897402763367,0.057403598,0.8750806972240155,0.9558232931726908,0.9538043478260869
Uformer-lite (L1),BraTS2021_00110,30.894333,0.9871875643730164,0.05860748,0.8920910430653348,0.9538834951456311,0.9523809523809523
Uformer-lite (L1),BraTS2021_00110,30.817558,0.9875035881996155,0.059203506,0.891046741277156,0.9517543859649122,0.9616252821670429
Uformer-lite (L1),BraTS2021_00110,30.477264,0.9874379634857178,0.060893785,0.8629784496622708,0.9526748971193416,0.9607635206786851
Uformer-lite (L1),BraTS2021_00110,30.23121,0.9860785007476807,0.06385382,0.8828500414250207,0.9366602687140115,0.9472636815920398
Uformer-lite (L1),BraTS2021_00110,30.21835,0.9870321750640869,0.063657716,0.8831822759315207,0.9758812615955473,0.9764373232799246
Uformer-lite (L1),BraTS2021_00110,29.84207,0.9875264763832092,0.06525555,0.8603089321692411,0.9650850492390332,0.9590536851683349
Uformer-lite (L1),BraTS2021_00110,29.957216,0.9875714182853699,0.06616457,0.8727208976157083,0.9827586206896551,0.9816272965879265
Uformer-lite (L1),BraTS2021_00110,29.686203,0.9869011044502258,0.06933747,0.8702732042699475,0.9648829431438127,0.9635284139100933
Uformer-lite (L1),BraTS2021_00110,29.861109,0.9871784448623657,0.06921516,0.8769774799925554,0.9667221297836939,0.9671440606571188
Uformer-lite (L1),BraTS2021_00110,29.316969,0.9865880012512207,0.07324407,0.8453570779574777,0.9615384615384616,0.9669211195928753
Uformer-lite (L1),BraTS2021_00110,29.294634,0.9870805740356445,0.07322607,0.8679962013295347,0.974485596707819,0.9816666666666667
Uformer-lite (L1),BraTS2021_00110,29.162958,0.9875856041908264,0.07520974,0.8528214077952297,0.9655724579663731,0.9665851670741646
Uformer-lite (L1),BraTS2021_00110,29.470522,0.987809419631958,0.0757389,0.8679400287533374,0.9673826571201273,0.9662921348314607
Uformer-lite (L1),BraTS2021_00110,29.305721,0.988382875919342,0.077145055,0.8440748440748441,0.9625,0.9570747217806042
Uformer-lite (L1),BraTS2021_00110,29.329231,0.9886201024055481,0.07841265,0.8381287063474632,0.9678935003915426,0.9657915672235481
Uformer-lite (L1),BraTS2021_00110,28.94786,0.9887502193450928,0.081475474,0.8010704727921498,0.9574979951884522,0.9618196588139724
Uformer-lite (L1),BraTS2021_00110,29.3171,0.9889162182807922,0.08326367,0.8355704697986577,0.9807073954983923,0.9704918032786886
Uformer-lite (L1),BraTS2021_00110,28.917562,0.989318311214447,0.08646286,0.8198087766609463,0.9714285714285714,0.9733905579399141
Uformer-lite (L1),BraTS2021_00110,29.52486,0.9901180267333984,0.084994905,0.8409761330115313,0.9804964539007093,0.9730215827338129
Uformer-lite (L1),BraTS2021_00110,29.25608,0.990192174911499,0.08896726,0.838389731621937,0.9575289575289575,0.9664694280078896
Uformer-lite (L1),BraTS2021_00110,29.00012,0.9894147515296936,0.095720395,0.8408349641226354,0.9525862068965517,0.9527991218441273
Uformer-lite (L1),BraTS2021_00110,29.039593,0.990136981010437,0.09700473,0.8200751109593718,0.8998699609882965,0.8998664886515354
Uformer-lite (L1),BraTS2021_00110,29.179443,0.9899747371673584,0.09995403,0.7682793743179338,0.9260935143288085,0.9141965678627145
Uformer-lite (L1),BraTS2021_00110,28.93256,0.98879474401474,0.11041165,0.800556586270872,0.8954545454545455,0.8888888888888888
Uformer-lite (L1),BraTS2021_00110,29.718384,0.990738034248352,0.102980755,0.6961483594864479,0.8246153846153846,0.8401253918495298
Uformer-lite (L1),BraTS2021_00110,29.624294,0.9892725348472595,0.11563145,0.7051460361613352,0.3089430894308943,0.3247863247863248
Uformer-lite (L1),BraTS2021_00110,29.620874,0.9887528419494629,0.12129743,0.6146718146718146,0.5588235294117647,0.6031746031746031
Uformer-lite (L1),BraTS2021_00110,29.860863,0.9867721199989319,0.1389413,0.6936708860759494,0.0,0.0
Uformer-lite (L1),BraTS2021_00110,30.172358,0.9855249524116516,0.14901662,0.703030303030303,nan,nan
Uformer-lite (L1),BraTS2021_00110,30.446472,0.9833953976631165,0.16525695,0.6254180602006689,nan,nan
Uformer-lite (L1),BraTS2021_00110,30.146656,0.9777687191963196,0.19561493,0.6433260393873085,nan,nan
Uformer-lite (L1),BraTS2021_00112,31.249527,0.9897063970565796,0.08438265,0.0,nan,nan
Uformer-lite (L1),BraTS2021_00112,32.339554,0.9912744760513306,0.077488065,0.0,nan,nan
Uformer-lite (L1),BraTS2021_00112,31.850075,0.9898746013641357,0.08206228,0.0,nan,nan
Uformer-lite (L1),BraTS2021_00112,32.100956,0.9902791380882263,0.080267385,0.0,nan,nan
Uformer-lite (L1),BraTS2021_00112,31.692635,0.9906219840049744,0.079466864,0.0,nan,nan
Uformer-lite (L1),BraTS2021_00112,31.800755,0.98996502161026,0.08087552,0.0,nan,nan
Uformer-lite (L1),BraTS2021_00112,31.581398,0.9900822639465332,0.08217478,0.0,nan,nan
Uformer-lite (L1),BraTS2021_00112,31.532907,0.9901119470596313,0.08064146,0.0,nan,nan
Uformer-lite (L1),BraTS2021_00112,31.429472,0.9908239245414734,0.07976745,0.0,nan,nan
Uformer-lite (L1),BraTS2021_00112,31.783436,0.9906782507896423,0.077195555,0.0,nan,nan
Uformer-lite (L1),BraTS2021_00112,31.50925,0.9901928305625916,0.0796589,0.0,nan,nan
Uformer-lite (L1),BraTS2021_00112,31.08653,0.9894431233406067,0.0825611,0.0,nan,nan
Uformer-lite (L1),BraTS2021_00112,30.310818,0.9888837933540344,0.08528353,0.06698564593301436,nan,nan
Uformer-lite (L1),BraTS2021_00112,30.852936,0.9896403551101685,0.08160345,0.0,nan,nan
Uformer-lite (L1),BraTS2021_00112,30.396835,0.9889506101608276,0.08478343,0.205607476635514,nan,nan
Uformer-lite (L1),BraTS2021_00112,29.58354,0.9855440258979797,0.08974009,0.15196078431372548,nan,nan
Uformer-lite (L1),BraTS2021_00112,29.541246,0.9844095706939697,0.09058288,0.16829745596868884,nan,nan
Uformer-lite (L1),BraTS2021_00112,29.817825,0.9834063053131104,0.084835924,0.1580547112462006,nan,nan
Uformer-lite (L1),BraTS2021_00112,30.221668,0.9821474552154541,0.082384884,0.23247863247863249,0.0,nan
Uformer-lite (L1),BraTS2021_00112,31.007088,0.9840939044952393,0.07400692,0.23884892086330936,0.0,nan
Uformer-lite (L1),BraTS2021_00112,30.932463,0.9865691661834717,0.07269874,0.38524590163934425,0.0,nan
Uformer-lite (L1),BraTS2021_00112,30.921734,0.9870603680610657,0.071634784,0.45454545454545453,0.0,nan
Uformer-lite (L1),BraTS2021_00112,31.25702,0.9859921932220459,0.071068026,0.37831021437578816,0.0,nan
Uformer-lite (L1),BraTS2021_00112,31.894045,0.9881781935691833,0.06522682,0.46366782006920415,0.0,nan
Uformer-lite (L1),BraTS2021_00112,32.248993,0.9891495704650879,0.06279786,0.49060773480662984,0.0,nan
Uformer-lite (L1),BraTS2021_00112,32.231804,0.9901620149612427,0.061290834,0.6201395812562313,0.0,nan
Uformer-lite (L1),BraTS2021_00112,32.18735,0.9890631437301636,0.060361803,0.6673058485139022,nan,nan
Uformer-lite (L1),BraTS2021_00112,32.02821,0.9893536567687988,0.061350565,0.7575221238938054,nan,nan
Uformer-lite (L1),BraTS2021_00112,31.82185,0.9899389147758484,0.0620202,0.7603305785123967,nan,nan
Uformer-lite (L1),BraTS2021_00112,31.973505,0.9898940920829773,0.061709296,0.7158098933074685,nan,nan
Uformer-lite (L1),BraTS2021_00112,32.177704,0.9893791675567627,0.06135383,0.7601895734597156,nan,nan
Uformer-lite (L1),BraTS2021_00112,32.561504,0.9916017055511475,0.057838265,0.7531707317073171,nan,nan
Uformer-lite (L1),BraTS2021_00112,32.597343,0.9901193380355835,0.059056308,0.7475149105367793,nan,nan
Uformer-lite (L1),BraTS2021_00112,32.513412,0.9903320074081421,0.059578724,0.7629268292682927,nan,nan
Uformer-lite (L1),BraTS2021_00112,32.482025,0.9916564226150513,0.059036,0.715203426124197,nan,nan
Uformer-lite (L1),BraTS2021_00112,32.248695,0.9898531436920166,0.062145587,0.705749718151071,nan,nan
Uformer-lite (L1),BraTS2021_00112,32.016247,0.9895870089530945,0.06372799,0.8471794871794872,nan,nan
Uformer-lite (L1),BraTS2021_00112,31.96632,0.9912722706794739,0.06144804,0.6613333333333333,nan,nan
Uformer-lite (L1),BraTS2021_00112,32.396183,0.99122154712677,0.059861343,0.5108514190317195,nan,nan
Uformer-lite (L1),BraTS2021_00112,32.797424,0.9922671318054199,0.056892395,0.5018050541516246,nan,nan
Uformer-lite (L1),BraTS2021_00112,32.66132,0.9925731420516968,0.05644833,0.5800376647834274,nan,nan
Uformer-lite (L1),BraTS2021_00112,32.999245,0.9923630356788635,0.055438444,0.509719222462203,nan,nan
Uformer-lite (L1),BraTS2021_00112,32.81193,0.9930540919303894,0.054828763,0.32460732984293195,nan,nan
Uformer-lite (L1),BraTS2021_00112,32.746628,0.992550790309906,0.057139266,0.23529411764705882,nan,nan
Uformer-lite (L1),BraTS2021_00112,32.74102,0.9926515817642212,0.056455467,0.23197492163009403,nan,nan
Uformer-lite (L1),BraTS2021_00112,32.77376,0.9931331276893616,0.05555234,0.13186813186813187,nan,nan
Uformer-lite (L1),BraTS2021_00112,33.18341,0.993915855884552,0.05282676,0.0,nan,nan
Uformer-lite (L1),BraTS2021_00112,33.233685,0.9928569197654724,0.05416442,0.0,nan,nan
Uformer-lite (L1),BraTS2021_00112,33.29335,0.9934994578361511,0.053301267,0.0,nan,nan
Uformer-lite (L1),BraTS2021_00112,33.568188,0.9929580092430115,0.05421599,0.0,nan,nan
Uformer-lite (L1),BraTS2021_00112,33.613064,0.9933893084526062,0.053105563,0.0,nan,nan
Uformer-lite (L1),BraTS2021_00112,33.50919,0.9930058121681213,0.053061496,0.0,nan,nan
Uformer-lite (L1),BraTS2021_00112,33.76468,0.9930445551872253,0.053292684,0.0,nan,nan
Uformer-lite (L1),BraTS2021_00112,34.047295,0.9938810467720032,0.051174276,0.0,nan,nan
Uformer-lite (L1),BraTS2021_00112,33.86946,0.9936107993125916,0.05086958,0.0,nan,nan
Uformer-lite (L1),BraTS2021_00112,34.070698,0.9929530620574951,0.051586848,0.0,nan,nan
Uformer-lite (L1),BraTS2021_00112,33.95232,0.9935646653175354,0.051508524,0.0,nan,nan
Uformer-lite (L1),BraTS2021_00128,31.65303,0.991268515586853,0.07846777,0.22026431718061673,nan,nan
Uformer-lite (L1),BraTS2021_00128,31.642115,0.992016077041626,0.07536039,0.25775327360441075,nan,nan
Uformer-lite (L1),BraTS2021_00128,31.655157,0.991849958896637,0.07533194,0.3845675171126322,nan,nan
Uformer-lite (L1),BraTS2021_00128,31.49975,0.9917788505554199,0.07585051,0.4897959183673469,0.0,0.0
Uformer-lite (L1),BraTS2021_00128,31.275017,0.9918432235717773,0.07632621,0.5378067100650976,0.0,0.0
Uformer-lite (L1),BraTS2021_00128,31.021032,0.9911293387413025,0.077802256,0.6216624685138539,0.0,0.0
Uformer-lite (L1),BraTS2021_00128,31.320189,0.9916092753410339,0.07681749,0.703155818540434,0.0,0.0
Uformer-lite (L1),BraTS2021_00128,30.859245,0.9908111095428467,0.07979473,0.7716165413533834,0.0,0.0
Uformer-lite (L1),BraTS2021_00128,30.503632,0.9906172752380371,0.08004335,0.7468776019983348,0.0,0.0
Uformer-lite (L1),BraTS2021_00128,30.513767,0.9900276064872742,0.080375545,0.8282208588957055,0.0,0.0
Uformer-lite (L1),BraTS2021_00128,30.532864,0.9904982447624207,0.07957571,0.8281642917015927,0.0,0.0
Uformer-lite (L1),BraTS2021_00128,30.618607,0.9904400706291199,0.0785085,0.8882521489971347,0.0,0.0
Uformer-lite (L1),BraTS2021_00128,30.30407,0.9898677468299866,0.07970924,0.8838304552590267,0.0,0.0
Uformer-lite (L1),BraTS2021_00128,31.037079,0.9915794134140015,0.07291809,0.8974061169183121,0.0,0.0
Uformer-lite (L1),BraTS2021_00128,30.795715,0.9906608462333679,0.07517068,0.8929247067726069,0.0,0.0
Uformer-lite (L1),BraTS2021_00128,31.007061,0.990854799747467,0.07269322,0.9055028462998103,0.028985507246376812,0.030534351145038167
Uformer-lite (L1),BraTS2021_00128,31.014702,0.990578293800354,0.0719196,0.8952664927320164,0.33472803347280333,0.37037037037037035
Uformer-lite (L1),BraTS2021_00128,30.700142,0.9891538619995117,0.07496862,0.906636670416198,0.5315068493150685,0.5859872611464968
Uformer-lite (L1),BraTS2021_00128,30.733036,0.9891484975814819,0.07327212,0.8796530538489339,0.6705882352941176,0.7284768211920529
Uformer-lite (L1),BraTS2021_00128,29.926558,0.9869493842124939,0.07732043,0.8882480173035328,0.6916524701873935,0.7018181818181818
Uformer-lite (L1),BraTS2021_00128,30.543373,0.987647533416748,0.07399478,0.9163582531458179,0.7694444444444445,0.7759103641456583
Uformer-lite (L1),BraTS2021_00128,30.32733,0.9859697222709656,0.0751575,0.883737776168055,0.766497461928934,0.7421875
Uformer-lite (L1),BraTS2021_00128,30.40821,0.9853863716125488,0.074961,0.9033221351250467,0.8476084538375973,0.8539325842696629
Uformer-lite (L1),BraTS2021_00128,30.42252,0.9856611490249634,0.071940586,0.8530640668523677,0.8459915611814346,0.8397435897435898
Uformer-lite (L1),BraTS2021_00128,30.916975,0.9864387512207031,0.07001133,0.8719022687609075,0.8244734202607823,0.7708553326293559
Uformer-lite (L1),BraTS2021_00128,30.183708,0.9838617444038391,0.07246788,0.8033760550171929,0.9250425894378195,0.8388312912346843
Uformer-lite (L1),BraTS2021_00128,30.955038,0.9849695563316345,0.06918018,0.8335944844876214,0.9036437246963562,0.800376647834275
Uformer-lite (L1),BraTS2021_00128,30.691927,0.9843754768371582,0.069438405,0.8290952099349498,0.8856518572469045,0.8465703971119134
Uformer-lite (L1),BraTS2021_00128,30.780476,0.9852108955383301,0.06668319,0.8402298850574713,0.9318332230311053,0.8790658882402002
Uformer-lite (L1),BraTS2021_00128,30.968868,0.9820845127105713,0.06815832,0.8986861313868613,0.9410272669625872,0.8611803823773898
Uformer-lite (L1),BraTS2021_00128,31.085424,0.9840669631958008,0.06509157,0.8884583448657625,0.9716012084592145,0.9496619083395943
Uformer-lite (L1),BraTS2021_00128,31.00335,0.9813284277915955,0.067491904,0.9063013698630137,0.9616519174041298,0.9422222222222222
Uformer-lite (L1),BraTS2021_00128,31.741018,0.9853355288505554,0.06153127,0.9118753358409457,0.9655963302752294,0.9277736411020104
Uformer-lite (L1),BraTS2021_00128,30.934008,0.9837393760681152,0.065470204,0.8952284776571573,0.9409742120343839,0.8985936343449297
Uformer-lite (L1),BraTS2021_00128,31.380589,0.9830358624458313,0.06436354,0.9461697722567288,0.9556048834628191,0.911062906724512
Uformer-lite (L1),BraTS2021_00128,31.619871,0.9853347539901733,0.06034548,0.9177810797424467,0.9803086748270357,0.9537414965986395
Uformer-lite (L1),BraTS2021_00128,31.860573,0.9869109988212585,0.058658257,0.9106838646872718,0.9765708200212992,0.9303621169916435
Uformer-lite (L1),BraTS2021_00128,32.099438,0.9872564673423767,0.058431026,0.9393787575150301,0.9832285115303984,0.9087136929460581
Uformer-lite (L1),BraTS2021_00128,32.181564,0.9868471026420593,0.058884148,0.9501259445843828,0.9529607083563918,0.816358024691358
Uformer-lite (L1),BraTS2021_00128,32.031788,0.9863572120666504,0.05898619,0.9568290835647564,0.966996699669967,0.9002695417789758
Uformer-lite (L1),BraTS2021_00128,32.26278,0.9872387051582336,0.058636103,0.9554043839758125,0.964203233256351,0.8637346791636625
Uformer-lite (L1),BraTS2021_00128,31.806702,0.9874100685119629,0.05815142,0.9307711258930771,0.9750593824228029,0.9328859060402684
Uformer-lite (L1),BraTS2021_00128,32.258423,0.9887529015541077,0.0570464,0.9422355588897224,0.9805352798053528,0.9232934553131598
Uformer-lite (L1),BraTS2021_00128,32.191734,0.9873618483543396,0.05850257,0.9426270759939608,0.9847908745247148,0.9321074964639321
Uformer-lite (L1),BraTS2021_00128,32.141293,0.9862536191940308,0.057478886,0.932296890672016,0.976592977893368,0.9563409563409564
Uformer-lite (L1),BraTS2021_00128,32.021004,0.9845024347305298,0.060200803,0.9390902081727063,0.9828042328042328,0.9676511954992968
Uformer-lite (L1),BraTS2021_00128,32.133335,0.9834275841712952,0.06022346,0.9403141361256544,0.9776496034607065,0.9606177606177606
Uformer-lite (L1),BraTS2021_00128,32.354156,0.9847157001495361,0.058992825,0.9263269078426195,0.9810749432248297,0.940980881130507
Uformer-lite (L1),BraTS2021_00128,32.298836,0.9845946431159973,0.05956654,0.9125742039935241,0.9545829892650702,0.8603351955307262
Uformer-lite (L1),BraTS2021_00128,32.337543,0.9861850738525391,0.058702454,0.8749660970979116,0.9447415329768271,0.8780487804878049
Uformer-lite (L1),BraTS2021_00128,32.285793,0.9843940734863281,0.05947042,0.8951541850220265,0.89171974522293,0.7836538461538461
Uformer-lite (L1),BraTS2021_00128,32.34898,0.9862722754478455,0.058644764,0.8571428571428571,0.7553763440860215,0.7097701149425287
Uformer-lite (L1),BraTS2021_00128,32.090427,0.9843001961708069,0.062145665,0.8366135582630428,0.84593837535014,0.8380386329866271
Uformer-lite (L1),BraTS2021_00128,32.15692,0.9850679636001587,0.06295388,0.836098208360982,0.5824847250509165,0.6096997690531177
Uformer-lite (L1),BraTS2021_00128,31.687176,0.9848895072937012,0.06494993,0.7938671209540034,0.5785123966942148,0.5819209039548022
Uformer-lite (L1),BraTS2021_00128,31.447994,0.9830553531646729,0.06927829,0.7771173848439822,0.2109704641350211,0.2145922746781116
Uformer-lite (L1),BraTS2021_00128,31.3936,0.9811398386955261,0.07237054,0.7617812364894077,0.05714285714285714,0.058823529411764705
Uformer-lite (L1),BraTS2021_00128,31.75917,0.9839443564414978,0.07018636,0.655367231638418,0.0,0.0
Uformer-lite (L1),BraTS2021_00128,31.686619,0.9836869239807129,0.071401864,0.6202898550724638,0.0,0.0
Uformer-lite (L1),BraTS2021_00128,31.705662,0.9834237694740295,0.0721169,0.656441717791411,nan,nan
Uformer-lite (L1),BraTS2021_00128,31.470318,0.9834417104721069,0.07523488,0.6306122448979592,nan,nan
Uformer-lite (L1),BraTS2021_00128,30.964897,0.9836373925209045,0.07761409,0.5406091370558376,nan,nan
Uformer-lite (L1),BraTS2021_00128,30.728832,0.9824535250663757,0.083735086,0.4967105263157895,nan,nan
Uformer-lite (L1),BraTS2021_00130,30.70426,0.9821011424064636,0.112163156,0.8867313915857605,nan,nan
Uformer-lite (L1),BraTS2021_00130,31.248932,0.9841719269752502,0.10411119,0.865979381443299,nan,nan
Uformer-lite (L1),BraTS2021_00130,31.150019,0.983811616897583,0.10436937,0.839458413926499,nan,nan
Uformer-lite (L1),BraTS2021_00130,31.140312,0.9833506345748901,0.10461601,0.8514851485148515,0.0,0.0
Uformer-lite (L1),BraTS2021_00130,31.45519,0.9840894937515259,0.101223454,0.905982905982906,0.7083333333333334,0.7083333333333334
Uformer-lite (L1),BraTS2021_00130,30.74797,0.9806665182113647,0.11126287,0.8970099667774086,0.9043478260869565,0.8727272727272727
Uformer-lite (L1),BraTS2021_00130,30.398392,0.9793990254402161,0.112911694,0.8911155644622578,0.6666666666666666,0.5970149253731343
Uformer-lite (L1),BraTS2021_00130,30.268213,0.9785044193267822,0.111191615,0.9459920409323479,0.8700787401574803,0.8103896103896104
Uformer-lite (L1),BraTS2021_00130,29.405144,0.9710289239883423,0.12158367,0.961456102783726,0.8412438625204582,0.7692307692307693
Uformer-lite (L1),BraTS2021_00130,30.065935,0.9737734794616699,0.10812636,0.961439588688946,0.9118881118881119,0.8266666666666667
Uformer-lite (L1),BraTS2021_00130,30.059052,0.9732469916343689,0.10374746,0.9446640316205533,0.6926536731634183,0.7091633466135459
Uformer-lite (L1),BraTS2021_00130,30.409897,0.9726608395576477,0.09966073,0.9520613614573347,0.8683886838868389,0.6796875
Uformer-lite (L1),BraTS2021_00130,30.637932,0.970482587814331,0.09803855,0.9337626494940202,0.8250591016548463,0.6592592592592592
Uformer-lite (L1),BraTS2021_00130,30.630161,0.9705886840820312,0.094407566,0.9231422505307856,0.9014084507042254,0.7157360406091371
Uformer-lite (L1),BraTS2021_00130,31.240818,0.9729739427566528,0.08881269,0.9594916600476568,0.9172077922077922,0.7583148558758315
Uformer-lite (L1),BraTS2021_00130,31.162186,0.9727152585983276,0.087602496,0.9779497098646035,0.9532846715328467,0.8028776978417266
Uformer-lite (L1),BraTS2021_00130,31.00279,0.9703848958015442,0.08790866,0.9756286266924564,0.96045197740113,0.7943661971830986
Uformer-lite (L1),BraTS2021_00130,31.116196,0.9687417149543762,0.087218724,0.9818456883509834,0.9561699258260283,0.7462235649546828
Uformer-lite (L1),BraTS2021_00130,31.170607,0.9682572484016418,0.08591641,0.9750943396226415,0.9528239202657808,0.7014492753623188
Uformer-lite (L1),BraTS2021_00130,31.582,0.9705546498298645,0.081326336,0.9732110091743119,0.945054945054945,0.718266253869969
Uformer-lite (L1),BraTS2021_00130,31.7111,0.9735684394836426,0.07786823,0.9569548203486303,0.9591315453384419,0.7343976777939042
Uformer-lite (L1),BraTS2021_00130,31.906431,0.9738720059394836,0.078409195,0.9506694855532065,0.9346861128725428,0.7178082191780822
Uformer-lite (L1),BraTS2021_00130,31.931112,0.9753564596176147,0.07797487,0.9567549446865572,0.9458618543870566,0.735202492211838
Uformer-lite (L1),BraTS2021_00130,32.15625,0.9772724509239197,0.075634725,0.9688217919264851,0.9606299212598425,0.7922272047832586
Uformer-lite (L1),BraTS2021_00130,31.96407,0.9766513705253601,0.077608176,0.9618711951297662,0.9362455726092089,0.7857142857142857
Uformer-lite (L1),BraTS2021_00130,31.868237,0.976773202419281,0.07837879,0.958635933059678,0.9357589539511085,0.7453874538745388
Uformer-lite (L1),BraTS2021_00130,31.925205,0.9779947996139526,0.077562384,0.9508400746733043,0.9626221966647499,0.770012706480305
Uformer-lite (L1),BraTS2021_00130,31.784277,0.977189302444458,0.07846017,0.9545171339563863,0.9624494511842865,0.766497461928934
Uformer-lite (L1),BraTS2021_00130,31.85155,0.9761736392974854,0.07917166,0.948006379585327,0.9519450800915332,0.7224435590969456
Uformer-lite (L1),BraTS2021_00130,31.931696,0.9764742255210876,0.07929692,0.9426546391752577,0.9168591224018475,0.726790450928382
Uformer-lite (L1),BraTS2021_00130,31.993095,0.9768779873847961,0.07810559,0.9526607900750897,0.9518958687040181,0.7284595300261096
Uformer-lite (L1),BraTS2021_00130,31.844463,0.9775978326797485,0.078302264,0.9650212487741092,0.9696969696969697,0.771505376344086
Uformer-lite (L1),BraTS2021_00130,31.989841,0.9779474139213562,0.07754813,0.9647137150466045,0.9744835965978129,0.8204518430439952
Uformer-lite (L1),BraTS2021_00130,31.930481,0.97702956199646,0.07900507,0.9639278557114228,0.9664769133459835,0.8492159227985525
Uformer-lite (L1),BraTS2021_00130,32.327755,0.9786041975021362,0.07676271,0.960942760942761,0.9587765957446809,0.8928150765606596
Uformer-lite (L1),BraTS2021_00130,32.07988,0.9790762066841125,0.07704124,0.9684563758389262,0.9574175824175825,0.9031578947368422
Uformer-lite (L1),BraTS2021_00130,32.478336,0.9790679216384888,0.07553213,0.965981812057932,0.9451957295373665,0.8954314720812183
Uformer-lite (L1),BraTS2021_00130,32.370445,0.9796040058135986,0.075398564,0.9742404227212682,0.9672131147540983,0.9133064516129032
Uformer-lite (L1),BraTS2021_00130,32.44648,0.9794628620147705,0.075726084,0.9693741677762983,0.9696,0.8535980148883374
Uformer-lite (L1),BraTS2021_00130,32.574047,0.9813421368598938,0.07470918,0.9671007539410555,0.9714285714285714,0.9337175792507204
Uformer-lite (L1),BraTS2021_00130,32.400764,0.9793717861175537,0.0762533,0.9685230024213075,0.9718189581554227,0.9261538461538461
Uformer-lite (L1),BraTS2021_00130,32.443474,0.9806150794029236,0.07415853,0.9637124912770412,0.9707187222715173,0.9018932874354562
Uformer-lite (L1),BraTS2021_00130,32.803814,0.9836068749427795,0.07094071,0.9650016989466531,0.9757009345794393,0.937381404174573
Uformer-lite (L1),BraTS2021_00130,32.85991,0.9827174544334412,0.07047436,0.9591630104623692,0.9641125121241513,0.901010101010101
Uformer-lite (L1),BraTS2021_00130,33.102604,0.9838483929634094,0.070445165,0.9650116627790737,0.9661538461538461,0.9102564102564102
Uformer-lite (L1),BraTS2021_00130,33.317867,0.985771119594574,0.06710738,0.9647606382978723,0.9445048966267682,0.8823529411764706
Uformer-lite (L1),BraTS2021_00130,33.394325,0.9849167466163635,0.06854109,0.9667003027245207,0.9581920903954803,0.9066147859922179
Uformer-lite (L1),BraTS2021_00130,33.773052,0.9868115782737732,0.06616669,0.9553169379979217,0.9253731343283582,0.8691588785046729
Uformer-lite (L1),BraTS2021_00130,33.99113,0.9870911836624146,0.06405493,0.9660537482319661,0.8998548621190131,0.8684759916492694
Uformer-lite (L1),BraTS2021_00130,34.231956,0.9864588379859924,0.06423127,0.9609810479375697,0.7876712328767124,0.7891440501043842
Uformer-lite (L1),BraTS2021_00130,34.13638,0.9860725998878479,0.06330569,0.9678407350689127,0.914179104477612,0.9019607843137255
Uformer-lite (L1),BraTS2021_00130,34.286,0.9842454791069031,0.06368247,0.9704739704739704,0.8984198645598194,0.9069767441860465
Uformer-lite (L1),BraTS2021_00130,34.540604,0.9845514297485352,0.06142263,0.9678953626634959,0.5168539325842697,0.5560538116591929
Uformer-lite (L1),BraTS2021_00130,34.741108,0.9844173192977905,0.06136609,0.959409594095941,0.19047619047619047,0.47058823529411764
Uformer-lite (L1),BraTS2021_00130,35.098526,0.9846454858779907,0.058845516,0.9593762823143209,0.0,0.0
Uformer-lite (L1),BraTS2021_00130,34.88523,0.983475923538208,0.060020838,0.9563772330702118,nan,nan
Uformer-lite (L1),BraTS2021_00130,34.815525,0.9798133373260498,0.06300531,0.939799331103679,nan,nan
Uformer-lite (L1),BraTS2021_00130,35.13835,0.9819191098213196,0.059836566,0.9484887186036611,nan,nan
Uformer-lite (L1),BraTS2021_00130,34.854446,0.9792682528495789,0.06223699,0.9707551287647316,nan,nan
Uformer-lite (L1),BraTS2021_00130,35.1454,0.979209840297699,0.06251742,0.9757214841960604,nan,nan
Uformer-lite (L1),BraTS2021_00130,34.812065,0.978514552116394,0.06456525,0.9744331886155331,nan,nan
Uformer-lite (L1),BraTS2021_00130,34.7006,0.9780942797660828,0.0648445,0.9857433808553971,0.0,nan
Uformer-lite (L1),BraTS2021_00130,34.62757,0.9750815033912659,0.06772,0.9779735682819384,nan,nan
Uformer-lite (L1),BraTS2021_00130,34.418186,0.9723735451698303,0.07001293,0.9595238095238096,nan,nan
Uformer-lite (L1),BraTS2021_00130,34.167618,0.9693098068237305,0.073323324,0.9449715370018975,nan,nan
Uformer-lite (L1),BraTS2021_00130,34.065914,0.9699171185493469,0.073646046,0.9626229508196721,nan,nan
Uformer-lite (L1),BraTS2021_00130,33.494846,0.9639347791671753,0.07812173,0.9190794357832219,nan,nan
Uformer-lite (L1),BraTS2021_00130,33.47616,0.9601768851280212,0.08207168,0.8441330998248686,nan,nan
Uformer-lite (L1),BraTS2021_00130,33.195732,0.9592652916908264,0.08539057,0.8217716115261473,nan,nan
Uformer-lite (L1),BraTS2021_00130,33.0584,0.9625784754753113,0.086391956,0.06896551724137931,nan,nan
Uformer-lite (L1),BraTS2021_00130,33.008694,0.9634473323822021,0.089306615,0.6714285714285714,nan,nan
Uformer-lite (L1),BraTS2021_00130,32.923187,0.9625974297523499,0.09331918,0.25787965616045844,nan,nan
Uformer-lite (L1),BraTS2021_00130,32.300827,0.9645199179649353,0.097640134,0.0,nan,nan
Uformer-lite (L1),BraTS2021_00130,32.10501,0.9606592059135437,0.104332976,0.12021857923497267,nan,nan
Uformer-lite (L1),BraTS2021_00130,32.45791,0.9663450717926025,0.10177939,0.0,nan,nan
SwinIR + PathologyLoss,BraTS2021_00002,32.35988,0.9807292819023132,0.15447645,0.0,nan,nan
SwinIR + PathologyLoss,BraTS2021_00002,32.35622,0.9806457161903381,0.1525731,0.0,nan,nan
SwinIR + PathologyLoss,BraTS2021_00002,31.862255,0.9796042442321777,0.15317093,0.0,nan,nan
SwinIR + PathologyLoss,BraTS2021_00002,32.004864,0.9802730679512024,0.14688697,0.30153846153846153,nan,nan
SwinIR + PathologyLoss,BraTS2021_00002,31.632177,0.9804465174674988,0.14394021,0.7078891257995735,nan,nan
SwinIR + PathologyLoss,BraTS2021_00002,31.156376,0.9782605171203613,0.14786308,0.03484320557491289,nan,nan
SwinIR + PathologyLoss,BraTS2021_00002,30.776836,0.9772459268569946,0.14824483,0.8165938864628821,nan,nan
SwinIR + PathologyLoss,BraTS2021_00002,30.69269,0.9748883247375488,0.15047781,0.78419452887538,nan,nan
SwinIR + PathologyLoss,BraTS2021_00002,30.73571,0.9760108590126038,0.14202432,0.8926417370325693,nan,nan
SwinIR + PathologyLoss,BraTS2021_00002,30.88412,0.9749754071235657,0.14107431,0.7329059829059829,nan,nan
SwinIR + PathologyLoss,BraTS2021_00002,30.729036,0.9751001000404358,0.13876188,0.8997289972899729,nan,nan
SwinIR + PathologyLoss,BraTS2021_00002,30.692055,0.9748935103416443,0.13494135,0.7932011331444759,nan,nan
SwinIR + PathologyLoss,BraTS2021_00002,30.6163,0.971409261226654,0.13680649,0.7418452935694315,nan,nan
SwinIR + PathologyLoss,BraTS2021_00002,30.454035,0.9717600345611572,0.13311611,0.8879736408566722,nan,nan
SwinIR + PathologyLoss,BraTS2021_00002,30.893995,0.9733147621154785,0.12600313,0.6641148325358852,nan,nan
SwinIR + PathologyLoss,BraTS2021_00002,30.778437,0.9730513691902161,0.12622784,0.6254752851711026,nan,nan
SwinIR + PathologyLoss,BraTS2021_00002,30.441282,0.9699446558952332,0.13221847,0.2811158798283262,nan,nan
SwinIR + PathologyLoss,BraTS2021_00002,30.358143,0.9708356261253357,0.12964977,0.046753246753246755,nan,nan
SwinIR + PathologyLoss,BraTS2021_00002,30.218895,0.9717512726783752,0.12871213,0.020887728459530026,nan,nan
SwinIR + PathologyLoss,BraTS2021_00002,30.188314,0.9684308767318726,0.13377002,0.0,nan,nan
SwinIR + PathologyLoss,BraTS2021_00002,29.813635,0.967174232006073,0.13242772,0.37735849056603776,nan,nan
SwinIR + PathologyLoss,BraTS2021_00002,29.741749,0.9654425382614136,0.13020283,0.29207920792079206,nan,nan
SwinIR + PathologyLoss,BraTS2021_00002,29.731216,0.9620797038078308,0.13006912,0.5852737570799245,0.0,0.0
SwinIR + PathologyLoss,BraTS2021_00002,30.017452,0.9629886746406555,0.12272009,0.5991224571200638,0.0,0.0
SwinIR + PathologyLoss,BraTS2021_00002,30.155025,0.9595502018928528,0.1223173,0.4446469248291572,0.0,0.0
SwinIR + PathologyLoss,BraTS2021_00002,29.969536,0.9616954326629639,0.11643055,0.3799071338117349,0.0,0.0
SwinIR + PathologyLoss,BraTS2021_00002,30.109333,0.959993839263916,0.11529192,0.23519668737060043,nan,nan
SwinIR + PathologyLoss,BraTS2021_00002,30.088257,0.960148274898529,0.11232376,0.035053554040895815,nan,nan
SwinIR + PathologyLoss,BraTS2021_00002,30.130981,0.9613401889801025,0.11085683,0.03185328185328185,0.0,0.0
SwinIR + PathologyLoss,BraTS2021_00002,30.565317,0.9655934572219849,0.10707855,0.01981981981981982,0.0,0.0
SwinIR + PathologyLoss,BraTS2021_00002,30.781424,0.966503381729126,0.104606025,0.12139219015280135,0.0,0.0
SwinIR + PathologyLoss,BraTS2021_00002,30.905678,0.9697725772857666,0.10121278,0.13144240747146316,0.0,0.0
SwinIR + PathologyLoss,BraTS2021_00002,31.024761,0.9721521735191345,0.098323636,0.09857239972807613,0.0,0.0
SwinIR + PathologyLoss,BraTS2021_00002,30.788887,0.9717639684677124,0.099037506,0.3734056987788331,0.04628099173553719,0.04628099173553719
SwinIR + PathologyLoss,BraTS2021_00002,30.575317,0.9708738923072815,0.1015611,0.30168539325842697,0.01008827238335435,0.010624169986719787
SwinIR + PathologyLoss,BraTS2021_00002,30.693504,0.9721774458885193,0.09816849,0.5738636363636364,0.6103059581320451,0.5271593944790739
SwinIR + PathologyLoss,BraTS2021_00002,30.556395,0.9718353152275085,0.09940098,0.5191826522101751,0.49127704117236565,0.43672456575682383
SwinIR + PathologyLoss,BraTS2021_00002,30.708603,0.9715754985809326,0.098026775,0.6367943150414528,0.7005955603681646,0.618204804045512
SwinIR + PathologyLoss,BraTS2021_00002,30.552904,0.9732987880706787,0.09727392,0.7053258584442887,0.7302174919018972,0.6570637119113574
SwinIR + PathologyLoss,BraTS2021_00002,30.583506,0.9739096164703369,0.09698782,0.7181753889674681,0.8385761589403974,0.7450348899624262
SwinIR + PathologyLoss,BraTS2021_00002,30.798183,0.9762721061706543,0.09363395,0.6634078212290503,0.6955744300402324,0.6922636103151862
SwinIR + PathologyLoss,BraTS2021_00002,30.739048,0.9780979752540588,0.09261823,0.7928994082840237,0.8062211013030686,0.7759361571516268
SwinIR + PathologyLoss,BraTS2021_00002,30.967884,0.9787912964820862,0.09147059,0.8355184743742551,0.7515473032714411,0.7660702451954937
SwinIR + PathologyLoss,BraTS2021_00002,30.869999,0.9783822894096375,0.09145543,0.7963414634146342,0.8481848184818482,0.7352721849366145
SwinIR + PathologyLoss,BraTS2021_00002,31.12225,0.9811891317367554,0.087332204,0.7767924244701638,0.9321579149099272,0.7867867867867868
SwinIR + PathologyLoss,BraTS2021_00002,30.809467,0.9815406799316406,0.0874085,0.849443468072642,0.9016141429669485,0.7114308553157475
SwinIR + PathologyLoss,BraTS2021_00002,30.724792,0.9799554944038391,0.08850328,0.8072215422276622,0.9195318215069496,0.7439114391143912
SwinIR + PathologyLoss,BraTS2021_00002,30.732876,0.9810067415237427,0.088016525,0.8713054187192119,0.9204018547140649,0.7692307692307693
SwinIR + PathologyLoss,BraTS2021_00002,30.826113,0.9799429774284363,0.08991092,0.7939313104368123,0.8830744071954211,0.7313432835820896
SwinIR + PathologyLoss,BraTS2021_00002,30.730093,0.9796815514564514,0.08921519,0.8381687070266645,0.928164196123147,0.7910014513788098
SwinIR + PathologyLoss,BraTS2021_00002,30.927675,0.9824142456054688,0.08566983,0.8807989690721649,0.9092273068267067,0.7471590909090909
SwinIR + PathologyLoss,BraTS2021_00002,30.941784,0.9825595021247864,0.0861682,0.8652263374485597,0.9209225700164745,0.7817178881008668
SwinIR + PathologyLoss,BraTS2021_00002,31.075983,0.9827917814254761,0.08610686,0.888499912480308,0.9226993865030675,0.7896678966789668
SwinIR + PathologyLoss,BraTS2021_00002,30.911385,0.983059823513031,0.08592072,0.9321920107418596,0.9080851063829787,0.763744427934621
SwinIR + PathologyLoss,BraTS2021_00002,31.143808,0.9833217263221741,0.08469639,0.8904186046511627,0.9196949304620906,0.7949965253648367
SwinIR + PathologyLoss,BraTS2021_00002,31.379004,0.9841642379760742,0.082764305,0.9059269469331496,0.7739810621655002,0.7225396825396826
SwinIR + PathologyLoss,BraTS2021_00002,31.326906,0.9851680397987366,0.08199542,0.8969091245604294,0.8960967564595932,0.8072727272727273
SwinIR + PathologyLoss,BraTS2021_00002,31.707003,0.9855994582176208,0.08006517,0.92073055921672,0.8648339060710195,0.7612509534706331
SwinIR + PathologyLoss,BraTS2021_00002,31.688087,0.9861685633659363,0.08023495,0.9017111022682053,0.9016077170418006,0.8117443868739206
SwinIR + PathologyLoss,BraTS2021_00002,31.542896,0.9863878488540649,0.08090521,0.9372019077901431,0.8906372934697089,0.8162436548223351
SwinIR + PathologyLoss,BraTS2021_00002,31.756823,0.9876562356948853,0.077939935,0.9313036690085871,0.9029385574354408,0.8413205537806177
SwinIR + PathologyLoss,BraTS2021_00002,31.812374,0.9858129024505615,0.08165028,0.9223186119873817,0.8891191709844559,0.8494117647058823
SwinIR + PathologyLoss,BraTS2021_00002,31.735931,0.9855068922042847,0.079614826,0.9452619187757504,0.8671328671328671,0.8447837150127226
SwinIR + PathologyLoss,BraTS2021_00002,31.671482,0.9855337738990784,0.081680275,0.9545988258317025,0.8433382137628112,0.8105436573311368
SwinIR + PathologyLoss,BraTS2021_00002,31.858356,0.9845982193946838,0.08190156,0.9628464713976803,0.9045383411580594,0.8801369863013698
SwinIR + PathologyLoss,BraTS2021_00002,31.583559,0.9848368167877197,0.08126187,0.9715438950554995,0.833976833976834,0.813141683778234
SwinIR + PathologyLoss,BraTS2021_00002,31.593784,0.9823400378227234,0.084803365,0.9648093841642229,0.8824742268041237,0.8603104212860311
SwinIR + PathologyLoss,BraTS2021_00002,31.62386,0.9795255661010742,0.08562297,0.9684257010377567,0.8909512761020881,0.8556430446194225
SwinIR + PathologyLoss,BraTS2021_00002,31.697151,0.9800113439559937,0.08645266,0.9557480683680637,0.8188976377952756,0.7470588235294118
SwinIR + PathologyLoss,BraTS2021_00002,31.398352,0.9779999852180481,0.08934369,0.9583021223470661,0.9056603773584906,0.9004739336492891
SwinIR + PathologyLoss,BraTS2021_00002,31.502264,0.9777884483337402,0.09064143,0.9608908202064096,0.8547008547008547,0.8547008547008547
SwinIR + PathologyLoss,BraTS2021_00002,31.128365,0.9801793098449707,0.09077349,0.9620328849028401,0.0,0.0
SwinIR + PathologyLoss,BraTS2021_00002,30.831734,0.9791187644004822,0.09263949,0.9614882506527415,nan,nan
SwinIR + PathologyLoss,BraTS2021_00002,30.926321,0.9773366451263428,0.095820315,0.9683590875643856,nan,nan
SwinIR + PathologyLoss,BraTS2021_00002,30.783112,0.9776727557182312,0.096024066,0.968,nan,nan
SwinIR + PathologyLoss,BraTS2021_00002,30.783875,0.9754759073257446,0.098499455,0.9631929046563192,nan,nan
SwinIR + PathologyLoss,BraTS2021_00002,30.6801,0.9723930954933167,0.10335922,0.969061876247505,nan,nan
SwinIR + PathologyLoss,BraTS2021_00002,30.375223,0.9713736772537231,0.10649456,0.9741573033707865,nan,nan
SwinIR + PathologyLoss,BraTS2021_00002,30.34686,0.9700630903244019,0.10941519,0.9378757515030061,nan,nan
SwinIR + PathologyLoss,BraTS2021_00002,30.15662,0.970434308052063,0.10995097,0.9390354868061874,nan,nan
SwinIR + PathologyLoss,BraTS2021_00002,30.16593,0.9693427681922913,0.11324573,0.9710982658959537,nan,nan
SwinIR + PathologyLoss,BraTS2021_00002,30.378988,0.9701494574546814,0.11414469,0.9663250366032211,nan,nan
SwinIR + PathologyLoss,BraTS2021_00002,30.04545,0.9681740999221802,0.117343195,0.9447852760736196,nan,nan
SwinIR + PathologyLoss,BraTS2021_00002,29.944424,0.9705502390861511,0.11822176,0.9103448275862069,nan,nan
SwinIR + PathologyLoss,BraTS2021_00014,31.586853,0.9822043180465698,0.15584888,0.0,nan,nan
SwinIR + PathologyLoss,BraTS2021_00014,31.087257,0.9823662638664246,0.15252915,0.211864406779661,nan,nan
SwinIR + PathologyLoss,BraTS2021_00014,31.06539,0.9822651147842407,0.14937693,0.05106382978723404,nan,nan
SwinIR + PathologyLoss,BraTS2021_00014,31.071215,0.9837765693664551,0.14154758,0.5992063492063492,nan,nan
SwinIR + PathologyLoss,BraTS2021_00014,30.994267,0.984096348285675,0.13793546,0.0,nan,nan
SwinIR + PathologyLoss,BraTS2021_00014,31.191948,0.9845861196517944,0.13404857,0.3551020408163265,nan,nan
SwinIR + PathologyLoss,BraTS2021_00014,31.062244,0.9834380149841309,0.1366724,0.08350730688935282,nan,nan
SwinIR + PathologyLoss,BraTS2021_00014,30.977661,0.9841576218605042,0.1327936,0.6176470588235294,nan,nan
SwinIR + PathologyLoss,BraTS2021_00014,30.713879,0.9835923910140991,0.13312665,0.7284768211920529,0.0,0.0
SwinIR + PathologyLoss,BraTS2021_00014,30.193073,0.9835509061813354,0.13255118,0.7314629258517034,0.0,0.0
SwinIR + PathologyLoss,BraTS2021_00014,29.573887,0.9807449579238892,0.13937406,0.7982905982905983,0.0,0.0
SwinIR + PathologyLoss,BraTS2021_00014,29.470036,0.9793342351913452,0.1382902,0.7980376124284546,0.5853658536585366,0.5853658536585366
SwinIR + PathologyLoss,BraTS2021_00014,29.342707,0.9776037335395813,0.13684806,0.8475783475783476,0.0,0.0
SwinIR + PathologyLoss,BraTS2021_00014,29.017756,0.9763374924659729,0.13405553,0.8390804597701149,0.6888888888888889,0.6888888888888889
SwinIR + PathologyLoss,BraTS2021_00014,28.885792,0.9757285118103027,0.13085264,0.8431024274718768,0.64,0.64
SwinIR + PathologyLoss,BraTS2021_00014,28.617088,0.9736300706863403,0.13037276,0.8494252873563218,0.5625,0.5625
SwinIR + PathologyLoss,BraTS2021_00014,28.582653,0.9738457798957825,0.12497239,0.9118086696562033,0.608,0.608
SwinIR + PathologyLoss,BraTS2021_00014,28.481424,0.9704872965812683,0.12637502,0.860114404576183,0.0335195530726257,0.0335195530726257
SwinIR + PathologyLoss,BraTS2021_00014,28.624397,0.970534086227417,0.12202887,0.7820927723840345,0.125,0.125
SwinIR + PathologyLoss,BraTS2021_00014,28.66919,0.971672773361206,0.117197,0.7312186978297162,0.2978723404255319,0.2978723404255319
SwinIR + PathologyLoss,BraTS2021_00014,28.68607,0.9680563807487488,0.119097784,0.8702702702702703,0.8086253369272237,0.8054054054054054
SwinIR + PathologyLoss,BraTS2021_00014,28.715397,0.9685414433479309,0.11553402,0.8526405451448041,0.5461254612546126,0.5407407407407407
SwinIR + PathologyLoss,BraTS2021_00014,28.625694,0.9685812592506409,0.113672554,0.8723492723492724,0.7012195121951219,0.7012195121951219
SwinIR + PathologyLoss,BraTS2021_00014,28.834448,0.9636543393135071,0.11457477,0.8487720809995691,0.5909090909090909,0.5909090909090909
SwinIR + PathologyLoss,BraTS2021_00014,28.40408,0.9649196863174438,0.11382184,0.8366909558508359,0.750788643533123,0.750788643533123
SwinIR + PathologyLoss,BraTS2021_00014,28.705956,0.9646839499473572,0.11136596,0.7721228794131133,0.7285714285714285,0.7285714285714285
SwinIR + PathologyLoss,BraTS2021_00014,28.73599,0.9605538845062256,0.11177257,0.6251960271824359,0.75625,0.75625
SwinIR + PathologyLoss,BraTS2021_00014,28.719332,0.9639734029769897,0.11042306,0.75,0.664,0.664
SwinIR + PathologyLoss,BraTS2021_00014,28.740097,0.9645978212356567,0.10957257,0.7400581959262852,0.0,0.0
SwinIR + PathologyLoss,BraTS2021_00014,28.866423,0.9654586315155029,0.108127445,0.7582625118035883,0.5943396226415094,0.6116504854368932
SwinIR + PathologyLoss,BraTS2021_00014,28.873356,0.96449214220047,0.1095975,0.7632671896631288,0.7393939393939394,0.7393939393939394
SwinIR + PathologyLoss,BraTS2021_00014,28.831274,0.9654542207717896,0.10893041,0.6807051909892262,0.5283018867924528,0.5283018867924528
SwinIR + PathologyLoss,BraTS2021_00014,28.913233,0.9677915573120117,0.106252834,0.6715686274509803,0.4,0.4
SwinIR + PathologyLoss,BraTS2021_00014,28.998472,0.9665216207504272,0.10770847,0.6845771144278607,nan,nan
SwinIR + PathologyLoss,BraTS2021_00014,28.829481,0.9696837067604065,0.104451574,0.8478757423481041,0.0,0.0
SwinIR + PathologyLoss,BraTS2021_00014,28.850227,0.9688988924026489,0.10615166,0.814968814968815,0.0,0.0
SwinIR + PathologyLoss,BraTS2021_00014,29.01335,0.9686369299888611,0.1068281,0.7601935038009675,0.0,0.0
SwinIR + PathologyLoss,BraTS2021_00014,28.868322,0.9713137149810791,0.104723565,0.7673531655225019,0.0,0.0
SwinIR + PathologyLoss,BraTS2021_00014,29.051888,0.969750165939331,0.10555143,0.7560209424083769,nan,nan
SwinIR + PathologyLoss,BraTS2021_00014,28.907906,0.972255527973175,0.10485861,0.869757174392936,0.0,0.0
SwinIR + PathologyLoss,BraTS2021_00014,29.071392,0.9737823009490967,0.10135996,0.3952569169960474,nan,nan
SwinIR + PathologyLoss,BraTS2021_00014,29.414785,0.9739827513694763,0.10143346,0.3167701863354037,nan,nan
SwinIR + PathologyLoss,BraTS2021_00014,29.182493,0.9738612771034241,0.10241216,0.5838509316770186,nan,nan
SwinIR + PathologyLoss,BraTS2021_00016,29.33892,0.9826549887657166,0.11091399,0.0,nan,nan
SwinIR + PathologyLoss,BraTS2021_00016,28.823097,0.983309805393219,0.11105693,0.0,nan,nan
SwinIR + PathologyLoss,BraTS2021_00016,28.409584,0.9800111055374146,0.11888166,0.0,nan,nan
SwinIR + PathologyLoss,BraTS2021_00016,28.02106,0.9786917567253113,0.1182648,0.0,nan,nan
SwinIR + PathologyLoss,BraTS2021_00016,28.343864,0.97940993309021,0.1122384,0.0,nan,nan
SwinIR + PathologyLoss,BraTS2021_00016,28.054342,0.9783806800842285,0.11280866,0.0,nan,nan
SwinIR + PathologyLoss,BraTS2021_00016,27.994043,0.978582501411438,0.11283937,0.0,nan,nan
SwinIR + PathologyLoss,BraTS2021_00016,27.902256,0.9783450365066528,0.11207885,0.0,nan,nan
SwinIR + PathologyLoss,BraTS2021_00016,27.903479,0.9785748720169067,0.11122653,0.0,nan,nan
SwinIR + PathologyLoss,BraTS2021_00016,28.14889,0.9787775278091431,0.10729382,0.448512585812357,nan,nan
SwinIR + PathologyLoss,BraTS2021_00016,28.234707,0.9805682301521301,0.104181014,0.4389312977099237,nan,nan
SwinIR + PathologyLoss,BraTS2021_00016,28.080189,0.9803323745727539,0.104622014,0.6281879194630873,nan,nan
SwinIR + PathologyLoss,BraTS2021_00016,28.234234,0.9812130331993103,0.101577334,0.8697282099343955,0.0,0.0
SwinIR + PathologyLoss,BraTS2021_00016,28.150251,0.9817883968353271,0.09887984,0.8385650224215246,0.6976744186046512,0.6976744186046512
SwinIR + PathologyLoss,BraTS2021_00016,28.21376,0.9819750785827637,0.09917965,0.7679856115107914,0.5060240963855421,0.5185185185185185
SwinIR + PathologyLoss,BraTS2021_00016,28.367994,0.9817042350769043,0.09971675,0.75,0.6432160804020101,0.6881720430107527
SwinIR + PathologyLoss,BraTS2021_00016,28.43358,0.982309103012085,0.09784376,0.8526591107236269,0.7196969696969697,0.7413793103448276
SwinIR + PathologyLoss,BraTS2021_00016,28.130146,0.9816277027130127,0.097928986,0.8993399339933993,0.835,0.7612903225806451
SwinIR + PathologyLoss,BraTS2021_00016,28.357431,0.9819161295890808,0.095682696,0.8821705426356589,0.8888888888888888,0.7839506172839507
SwinIR + PathologyLoss,BraTS2021_00016,28.281536,0.9823793768882751,0.09619394,0.8780487804878049,0.6042154566744731,0.6555183946488294
SwinIR + PathologyLoss,BraTS2021_00016,28.679323,0.9827609062194824,0.09448397,0.8012872083668544,0.5895196506550219,0.5294117647058824
SwinIR + PathologyLoss,BraTS2021_00016,28.331444,0.9818266034126282,0.095628224,0.8333333333333334,0.9375,0.7758620689655172
SwinIR + PathologyLoss,BraTS2021_00016,28.303003,0.9828888177871704,0.09518486,0.880123743232792,0.743801652892562,0.7017543859649122
SwinIR + PathologyLoss,BraTS2021_00016,27.960375,0.9828426241874695,0.096392244,0.9024390243902439,0.8084507042253521,0.7371273712737128
SwinIR + PathologyLoss,BraTS2021_00016,28.18813,0.9817824959754944,0.09570578,0.9041297935103245,0.9325,0.7513812154696132
SwinIR + PathologyLoss,BraTS2021_00016,28.121735,0.981013834476471,0.097004935,0.9265858873841768,0.9472450175849941,0.7562189054726368
SwinIR + PathologyLoss,BraTS2021_00016,27.513252,0.981789767742157,0.09985048,0.8988439306358381,0.9579439252336449,0.7516483516483516
SwinIR + PathologyLoss,BraTS2021_00016,28.125439,0.9812057614326477,0.09692389,0.9230769230769231,0.9390919158361019,0.7643564356435644
SwinIR + PathologyLoss,BraTS2021_00016,27.894863,0.9811545610427856,0.09698626,0.930298719772404,0.9596510359869138,0.8252631578947368
SwinIR + PathologyLoss,BraTS2021_00016,27.934269,0.9815655946731567,0.097231805,0.9322533136966127,0.9604395604395605,0.7605042016806722
SwinIR + PathologyLoss,BraTS2021_00016,27.559254,0.981462836265564,0.09908452,0.8858024691358025,0.9375,0.756043956043956
SwinIR + PathologyLoss,BraTS2021_00016,28.146347,0.9825291633605957,0.0958819,0.8857142857142857,0.9532908704883227,0.8105726872246696
SwinIR + PathologyLoss,BraTS2021_00016,27.82237,0.9819384813308716,0.09667353,0.8919135308246597,0.9512459371614301,0.7960396039603961
SwinIR + PathologyLoss,BraTS2021_00016,27.978323,0.9831463694572449,0.09533156,0.8831814415907208,0.9714285714285714,0.8285714285714286
SwinIR + PathologyLoss,BraTS2021_00016,27.985203,0.9839552640914917,0.094734006,0.899488926746167,0.9689737470167065,0.860125260960334
SwinIR + PathologyLoss,BraTS2021_00016,28.605478,0.9839969277381897,0.091298595,0.8956521739130435,0.961038961038961,0.8464730290456431
SwinIR + PathologyLoss,BraTS2021_00016,28.447552,0.985356330871582,0.09029896,0.8843663274745606,0.9337016574585635,0.8282828282828283
SwinIR + PathologyLoss,BraTS2021_00016,28.854374,0.9860904216766357,0.08726203,0.9178470254957507,0.9374045801526718,0.8688172043010752
SwinIR + PathologyLoss,BraTS2021_00016,28.71304,0.9871296882629395,0.0857694,0.8736097067745198,0.8872987477638641,0.8177570093457944
SwinIR + PathologyLoss,BraTS2021_00016,29.337856,0.9883878827095032,0.08262446,0.8731501057082452,0.8923679060665362,0.824390243902439
SwinIR + PathologyLoss,BraTS2021_00016,29.008558,0.9882580041885376,0.08206597,0.9166666666666666,0.9030732860520094,0.8505747126436781
SwinIR + PathologyLoss,BraTS2021_00016,29.248838,0.989106297492981,0.08019303,0.7865707434052758,0.7727272727272727,0.752
SwinIR + PathologyLoss,BraTS2021_00016,29.497093,0.9881982207298279,0.08067037,0.6242937853107344,0.7017543859649122,0.7017543859649122
SwinIR + PathologyLoss,BraTS2021_00016,29.351837,0.9878137707710266,0.08227634,0.172,0.0,0.0
SwinIR + PathologyLoss,BraTS2021_00016,29.25718,0.9876352548599243,0.082484715,0.5331125827814569,0.0,0.0
SwinIR + PathologyLoss,BraTS2021_00016,28.909412,0.98770672082901,0.084181,0.33268858800773693,nan,nan
SwinIR + PathologyLoss,BraTS2021_00016,29.35707,0.987608015537262,0.08257477,0.7737003058103975,nan,nan
SwinIR + PathologyLoss,BraTS2021_00016,28.888893,0.9873883128166199,0.08484399,0.5948103792415169,nan,nan
SwinIR + PathologyLoss,BraTS2021_00016,29.12052,0.9865981340408325,0.08479533,0.0,nan,nan
SwinIR + PathologyLoss,BraTS2021_00016,29.012466,0.9856204390525818,0.086902104,0.0,nan,nan
SwinIR + PathologyLoss,BraTS2021_00016,28.741661,0.9848796129226685,0.0890937,0.0,nan,nan
SwinIR + PathologyLoss,BraTS2021_00016,28.634464,0.9829981327056885,0.09252543,0.0,nan,nan
SwinIR + PathologyLoss,BraTS2021_00016,28.334759,0.981904923915863,0.09598409,0.0,nan,nan
SwinIR + PathologyLoss,BraTS2021_00021,31.280342,0.9683317542076111,0.14741832,0.0,nan,nan
SwinIR + PathologyLoss,BraTS2021_00021,30.844414,0.9654377698898315,0.14913863,0.0,nan,nan
SwinIR + PathologyLoss,BraTS2021_00021,31.178495,0.9644773006439209,0.14824674,0.0,nan,nan
SwinIR + PathologyLoss,BraTS2021_00021,31.032312,0.9627161026000977,0.14947574,0.0,nan,nan
SwinIR + PathologyLoss,BraTS2021_00021,31.057838,0.9652642011642456,0.14290667,0.0,nan,nan
SwinIR + PathologyLoss,BraTS2021_00021,31.535261,0.9654918909072876,0.14094333,0.0,nan,nan
SwinIR + PathologyLoss,BraTS2021_00021,30.871363,0.9614312052726746,0.14582418,0.0,nan,nan
SwinIR + PathologyLoss,BraTS2021_00021,30.590332,0.9579744935035706,0.14681698,0.0,nan,nan
SwinIR + PathologyLoss,BraTS2021_00021,30.447653,0.9520588517189026,0.14553252,0.184,nan,nan
SwinIR + PathologyLoss,BraTS2021_00021,30.408028,0.9470013976097107,0.1450861,0.052256532066508314,nan,nan
SwinIR + PathologyLoss,BraTS2021_00021,30.661375,0.9497057795524597,0.13485871,0.10347003154574133,nan,nan
SwinIR + PathologyLoss,BraTS2021_00021,30.599154,0.9460280537605286,0.13470954,0.038834951456310676,nan,nan
SwinIR + PathologyLoss,BraTS2021_00021,30.695274,0.9465385675430298,0.12887447,0.1153184165232358,nan,nan
SwinIR + PathologyLoss,BraTS2021_00021,30.697935,0.943323016166687,0.12769015,0.0634231103388358,nan,nan
SwinIR + PathologyLoss,BraTS2021_00021,30.75572,0.940500795841217,0.12634543,0.13300083125519535,0.0,0.0
SwinIR + PathologyLoss,BraTS2021_00021,30.880627,0.9431180357933044,0.12547664,0.13126079447322972,nan,nan
SwinIR + PathologyLoss,BraTS2021_00021,30.677376,0.936891496181488,0.12714097,0.0,nan,nan
SwinIR + PathologyLoss,BraTS2021_00021,30.956108,0.9376354813575745,0.12475615,0.0,nan,nan
SwinIR + PathologyLoss,BraTS2021_00021,30.729382,0.9371019601821899,0.12630215,0.0,nan,nan
SwinIR + PathologyLoss,BraTS2021_00021,31.14401,0.9409611821174622,0.12139508,0.01607142857142857,0.0,0.0
SwinIR + PathologyLoss,BraTS2021_00021,31.20029,0.9384316205978394,0.11857762,0.0,nan,nan
SwinIR + PathologyLoss,BraTS2021_00021,31.168768,0.9368060827255249,0.11987751,0.0008302200083022001,nan,nan
SwinIR + PathologyLoss,BraTS2021_00021,31.44527,0.9403024315834045,0.11577566,0.0,nan,nan
SwinIR + PathologyLoss,BraTS2021_00021,31.248573,0.9418336749076843,0.11790358,0.023733455043359195,0.0,0.0
SwinIR + PathologyLoss,BraTS2021_00021,31.398258,0.9409311413764954,0.11755916,0.0,nan,nan
SwinIR + PathologyLoss,BraTS2021_00021,31.043655,0.9409937262535095,0.119695224,0.026281208935611037,0.0,0.0
SwinIR + PathologyLoss,BraTS2021_00021,31.438227,0.9458878636360168,0.11606586,0.07133757961783439,0.0,0.0
SwinIR + PathologyLoss,BraTS2021_00021,31.330574,0.9449631571769714,0.11608997,0.10460438086723291,0.0,0.0
SwinIR + PathologyLoss,BraTS2021_00021,31.324802,0.9473839402198792,0.1163168,0.24025206774320598,0.0,0.0
SwinIR + PathologyLoss,BraTS2021_00021,31.128174,0.9455177783966064,0.11766361,0.25840978593272174,0.23952095808383234,0.23952095808383234
SwinIR + PathologyLoss,BraTS2021_00021,31.102413,0.9481289386749268,0.11656993,0.21670802315963605,0.20833333333333334,0.2200488997555012
SwinIR + PathologyLoss,BraTS2021_00021,31.260838,0.9511089324951172,0.11338344,0.4596195821640162,0.15384615384615385,0.17201166180758018
SwinIR + PathologyLoss,BraTS2021_00021,31.402344,0.950570821762085,0.112695895,0.3644536652835408,0.07975460122699386,0.08754208754208755
SwinIR + PathologyLoss,BraTS2021_00021,31.23743,0.9538174867630005,0.11270506,0.4874871443263627,0.17684887459807075,0.17562724014336917
SwinIR + PathologyLoss,BraTS2021_00021,31.493036,0.9566136598587036,0.1080183,0.4845147969717825,0.1881720430107527,0.2094081942336874
SwinIR + PathologyLoss,BraTS2021_00021,31.544495,0.9561657309532166,0.10921977,0.36022944550669217,0.22699386503067484,0.2564991334488735
SwinIR + PathologyLoss,BraTS2021_00021,31.337526,0.9555522799491882,0.11060771,0.3480432972522898,0.1747269890795632,0.19546247818499127
SwinIR + PathologyLoss,BraTS2021_00021,31.299982,0.9554311037063599,0.1104769,0.4056910569105691,0.2766990291262136,0.2849462365591398
SwinIR + PathologyLoss,BraTS2021_00021,31.052017,0.9568998217582703,0.11407234,0.4918918918918919,0.07641196013289037,0.08228980322003578
SwinIR + PathologyLoss,BraTS2021_00021,31.203125,0.9573668837547302,0.1118964,0.4170528266913809,0.06642066420664207,0.07578947368421053
SwinIR + PathologyLoss,BraTS2021_00021,31.54022,0.9625590443611145,0.10857813,0.3323943661971831,0.3427620632279534,0.36462093862815886
SwinIR + PathologyLoss,BraTS2021_00021,31.244286,0.9654935598373413,0.10781303,0.4584749878581836,0.2549019607843137,0.27896995708154504
SwinIR + PathologyLoss,BraTS2021_00021,31.486986,0.9665999412536621,0.1081691,0.35701492537313434,0.28187919463087246,0.2907268170426065
SwinIR + PathologyLoss,BraTS2021_00021,31.613245,0.9682591557502747,0.10334638,0.4038709677419355,0.3150984682713348,0.319047619047619
SwinIR + PathologyLoss,BraTS2021_00021,31.761686,0.9688349962234497,0.103631414,0.4390847247990105,0.19291338582677164,0.2077922077922078
SwinIR + PathologyLoss,BraTS2021_00021,31.9186,0.97081458568573,0.10116025,0.2898318654923939,0.0,0.0
SwinIR + PathologyLoss,BraTS2021_00021,32.17299,0.9736254811286926,0.0982843,0.02574257425742574,nan,nan
SwinIR + PathologyLoss,BraTS2021_00021,32.221325,0.9740156531333923,0.09631587,0.0,nan,nan
SwinIR + PathologyLoss,BraTS2021_00021,32.420517,0.975182831287384,0.09519722,0.0,nan,nan
SwinIR + PathologyLoss,BraTS2021_00021,32.367165,0.973710298538208,0.095779106,0.0,nan,nan
SwinIR + PathologyLoss,BraTS2021_00021,32.63449,0.9731060862541199,0.0948521,0.0,nan,nan
SwinIR + PathologyLoss,BraTS2021_00021,32.44426,0.9716764092445374,0.09732333,0.0,nan,nan
SwinIR + PathologyLoss,BraTS2021_00021,32.63017,0.9718341827392578,0.09622506,0.0,nan,nan
SwinIR + PathologyLoss,BraTS2021_00021,32.88944,0.9704291820526123,0.09287323,0.0,nan,nan
SwinIR + PathologyLoss,BraTS2021_00021,32.68495,0.9699426889419556,0.09317899,0.0,nan,nan
SwinIR + PathologyLoss,BraTS2021_00021,32.59541,0.964882493019104,0.095934466,0.0,nan,nan
SwinIR + PathologyLoss,BraTS2021_00021,32.857586,0.9645352959632874,0.09347282,0.1475826972010178,nan,nan
SwinIR + PathologyLoss,BraTS2021_00021,32.887566,0.9578208923339844,0.09422407,0.0,nan,nan
SwinIR + PathologyLoss,BraTS2021_00021,32.732693,0.9512231349945068,0.09628255,0.0,nan,nan
SwinIR + PathologyLoss,BraTS2021_00021,32.930473,0.9507956504821777,0.09582732,0.0,nan,nan
SwinIR + PathologyLoss,BraTS2021_00021,33.05633,0.9468231201171875,0.09569937,0.0,nan,nan
SwinIR + PathologyLoss,BraTS2021_00056,31.774124,0.9819842576980591,0.13785395,0.1897810218978102,0.0,0.0
SwinIR + PathologyLoss,BraTS2021_00056,31.284025,0.9796323776245117,0.14336452,0.6358024691358025,0.4177215189873418,0.4177215189873418
SwinIR + PathologyLoss,BraTS2021_00056,31.16938,0.9792287349700928,0.14066993,0.48036951501154734,0.19696969696969696,0.19696969696969696
SwinIR + PathologyLoss,BraTS2021_00056,31.114618,0.9793301820755005,0.13685046,0.1776765375854214,0.0,0.0
SwinIR + PathologyLoss,BraTS2021_00056,30.924206,0.9777632355690002,0.13746879,0.7240829346092504,0.6378132118451025,0.634703196347032
SwinIR + PathologyLoss,BraTS2021_00056,30.651493,0.975387692451477,0.13787559,0.8695652173913043,0.7388888888888889,0.6840579710144927
SwinIR + PathologyLoss,BraTS2021_00056,30.764946,0.9762982726097107,0.13092667,0.8513986013986014,0.6038709677419355,0.6016713091922006
SwinIR + PathologyLoss,BraTS2021_00056,30.605803,0.9753857851028442,0.12877764,0.8421875,0.583710407239819,0.5817307692307693
SwinIR + PathologyLoss,BraTS2021_00056,30.399612,0.9733306169509888,0.13021933,0.8011404133998574,0.36519607843137253,0.3817204301075269
SwinIR + PathologyLoss,BraTS2021_00056,30.359608,0.9734801650047302,0.12703219,0.8648648648648649,0.5985663082437276,0.5959885386819485
SwinIR + PathologyLoss,BraTS2021_00056,30.427898,0.9740737676620483,0.12279252,0.8822055137844611,0.735617323852618,0.6948096885813149
SwinIR + PathologyLoss,BraTS2021_00056,30.35039,0.9729093909263611,0.123123065,0.9382366808109383,0.8986784140969163,0.8094660194174758
SwinIR + PathologyLoss,BraTS2021_00056,30.108631,0.9720467329025269,0.122967534,0.9500430663221361,0.9265143992055611,0.8696592752839373
SwinIR + PathologyLoss,BraTS2021_00056,30.040731,0.9715380072593689,0.122137316,0.941743672157493,0.944733112895607,0.8871391076115486
SwinIR + PathologyLoss,BraTS2021_00056,30.52036,0.974585235118866,0.11627899,0.9032258064516129,0.9118058796080262,0.883130081300813
SwinIR + PathologyLoss,BraTS2021_00056,30.323343,0.9740023612976074,0.116203,0.9505459216441875,0.9310910582444627,0.8769448373408769
SwinIR + PathologyLoss,BraTS2021_00056,30.326157,0.9746785759925842,0.11412462,0.9248277927523211,0.917275875336668,0.8681837698583083
SwinIR + PathologyLoss,BraTS2021_00056,30.177647,0.9748795032501221,0.11342717,0.9532914504233816,0.9064964325948178,0.8570216376750106
SwinIR + PathologyLoss,BraTS2021_00056,29.923893,0.9735164046287537,0.117927775,0.9537815126050421,0.9089590134203844,0.8546511627906976
SwinIR + PathologyLoss,BraTS2021_00056,29.955997,0.9750192761421204,0.11517996,0.952808988764045,0.9310113864701942,0.8857917150600078
SwinIR + PathologyLoss,BraTS2021_00056,30.01932,0.9732385277748108,0.1168904,0.9697834879847728,0.9256844850065189,0.9049429657794676
SwinIR + PathologyLoss,BraTS2021_00056,29.587706,0.9698660373687744,0.117161654,0.96243798724309,0.9540523292916401,0.9058084772370487
SwinIR + PathologyLoss,BraTS2021_00056,29.481012,0.9671137928962708,0.11801945,0.9747706422018348,0.9448669201520913,0.9057915057915058
SwinIR + PathologyLoss,BraTS2021_00056,29.317472,0.9641217589378357,0.11757378,0.9642201834862385,0.9269206745783886,0.8706411698537683
SwinIR + PathologyLoss,BraTS2021_00056,29.471867,0.9660258889198303,0.11195914,0.9860773480662983,0.9414290095062864,0.8950733358405416
SwinIR + PathologyLoss,BraTS2021_00056,29.445965,0.964850664138794,0.11203608,0.9736900287419854,0.9472721731179519,0.9014598540145985
SwinIR + PathologyLoss,BraTS2021_00056,29.539566,0.9662730693817139,0.110512234,0.9638172772501131,0.950196196800483,0.9026613197229311
SwinIR + PathologyLoss,BraTS2021_00056,29.726677,0.9678041338920593,0.10767653,0.9772275038691134,0.9537984496124031,0.8753315649867374
SwinIR + PathologyLoss,BraTS2021_00056,29.83562,0.9682585597038269,0.10668185,0.9719626168224299,0.9476725521669341,0.9107336465486086
SwinIR + PathologyLoss,BraTS2021_00056,29.770504,0.967631995677948,0.106484115,0.9592635212888377,0.9290529695024077,0.8842794759825328
SwinIR + PathologyLoss,BraTS2021_00056,29.93891,0.9687300324440002,0.10377354,0.9453941120607787,0.9134020618556701,0.867664912990692
SwinIR + PathologyLoss,BraTS2021_00056,29.898378,0.971100926399231,0.09985411,0.9567219152854513,0.921935711762628,0.8932607785684387
SwinIR + PathologyLoss,BraTS2021_00056,30.05147,0.9705625176429749,0.09946819,0.9597035664659564,0.9460856720827179,0.9250101337657073
SwinIR + PathologyLoss,BraTS2021_00056,30.13721,0.9688551425933838,0.10203351,0.9688305601124912,0.9562264150943396,0.9191419141914191
SwinIR + PathologyLoss,BraTS2021_00056,30.173262,0.9697872996330261,0.09957753,0.9676036207717961,0.9474535165723524,0.8971880492091389
SwinIR + PathologyLoss,BraTS2021_00056,30.317204,0.9721823930740356,0.09632022,0.9644153957879448,0.9575163398692811,0.9027589326096789
SwinIR + PathologyLoss,BraTS2021_00056,30.51204,0.9734180569648743,0.09469839,0.9524742773150416,0.9527896995708155,0.8903467666354264
SwinIR + PathologyLoss,BraTS2021_00056,30.422762,0.9728019833564758,0.09516323,0.9463555448640847,0.9535747446610956,0.8914457228614308
SwinIR + PathologyLoss,BraTS2021_00056,30.49738,0.9757606387138367,0.09221372,0.9659704294766487,0.9489846458642892,0.8708644610458911
SwinIR + PathologyLoss,BraTS2021_00056,30.69014,0.9768627285957336,0.091472395,0.9799764428739693,0.9232658072437078,0.8792332268370607
SwinIR + PathologyLoss,BraTS2021_00056,30.65178,0.9778560400009155,0.090437055,0.9720751083293211,0.9202633504023409,0.8976848394324123
SwinIR + PathologyLoss,BraTS2021_00056,30.879951,0.9798007011413574,0.088264585,0.9598423256959843,0.9377162629757786,0.9228070175438596
SwinIR + PathologyLoss,BraTS2021_00056,30.689114,0.9791032671928406,0.09004145,0.9609022556390977,0.9494736842105264,0.9140369967355821
SwinIR + PathologyLoss,BraTS2021_00056,30.679464,0.9795686602592468,0.090114035,0.9636963696369637,0.8863636363636364,0.8874172185430463
SwinIR + PathologyLoss,BraTS2021_00056,30.760021,0.9801347851753235,0.089650795,0.9617021276595744,0.7570332480818415,0.7570332480818415
SwinIR + PathologyLoss,BraTS2021_00056,30.694618,0.9804201722145081,0.08923919,0.9454123112659698,0.39436619718309857,0.39436619718309857
SwinIR + PathologyLoss,BraTS2021_00056,30.60073,0.9804403185844421,0.08996151,0.9549778059606848,0.0,0.0
SwinIR + PathologyLoss,BraTS2021_00056,30.437435,0.9798406362533569,0.09206285,0.9625529143601432,nan,nan
SwinIR + PathologyLoss,BraTS2021_00056,30.525963,0.9804450273513794,0.09128452,0.9587521663778162,nan,nan
SwinIR + PathologyLoss,BraTS2021_00056,31.078697,0.9807009696960449,0.08932951,0.9398556535685646,nan,nan
SwinIR + PathologyLoss,BraTS2021_00056,31.03143,0.9797914028167725,0.089659795,0.8694047069681587,nan,nan
SwinIR + PathologyLoss,BraTS2021_00056,31.28968,0.9798857569694519,0.088921025,0.8724279835390947,0.0,0.0
SwinIR + PathologyLoss,BraTS2021_00056,31.131111,0.9801539182662964,0.09035302,0.8337273443656422,nan,nan
SwinIR + PathologyLoss,BraTS2021_00056,31.547968,0.9802262783050537,0.0887158,0.7800829875518672,nan,nan
SwinIR + PathologyLoss,BraTS2021_00056,31.368114,0.9806484580039978,0.08852456,0.6186666666666667,nan,nan
SwinIR + PathologyLoss,BraTS2021_00056,31.23523,0.9801332354545593,0.08935256,0.0,nan,nan
SwinIR + PathologyLoss,BraTS2021_00061,31.05452,0.9742773771286011,0.13316172,0.0,0.0,0.0
SwinIR + PathologyLoss,BraTS2021_00061,30.889118,0.9708163142204285,0.13602775,0.0,0.0,0.0
SwinIR + PathologyLoss,BraTS2021_00061,30.954485,0.9714505076408386,0.13270766,0.0,0.0,0.0
SwinIR + PathologyLoss,BraTS2021_00061,31.174164,0.9717220664024353,0.13169686,0.058823529411764705,0.07692307692307693,0.09876543209876543
SwinIR + PathologyLoss,BraTS2021_00061,30.97902,0.9737051725387573,0.12581219,0.2966507177033493,0.2706766917293233,0.3829787234042553
SwinIR + PathologyLoss,BraTS2021_00061,31.035912,0.975383460521698,0.124004535,0.3053763440860215,0.1897810218978102,0.2857142857142857
SwinIR + PathologyLoss,BraTS2021_00061,30.622871,0.9750357270240784,0.12459006,0.41832669322709165,0.183206106870229,0.23255813953488372
SwinIR + PathologyLoss,BraTS2021_00061,30.958626,0.9761967658996582,0.12213349,0.3904923599320883,0.38509316770186336,0.3652173913043478
SwinIR + PathologyLoss,BraTS2021_00061,30.582712,0.9752774834632874,0.124834016,0.2937853107344633,0.2802547770700637,0.27586206896551724
SwinIR + PathologyLoss,BraTS2021_00061,30.46819,0.975458562374115,0.12260582,0.4594594594594595,0.34965034965034963,0.3968253968253968
SwinIR + PathologyLoss,BraTS2021_00061,30.150995,0.9703027009963989,0.12874146,0.6910197869101978,0.6891891891891891,0.635036496350365
SwinIR + PathologyLoss,BraTS2021_00061,30.047108,0.9660553336143494,0.13236754,0.6265432098765432,0.7018072289156626,0.6374367622259697
SwinIR + PathologyLoss,BraTS2021_00061,30.06137,0.9651008248329163,0.12819459,0.6223055295220243,0.71875,0.5939849624060151
SwinIR + PathologyLoss,BraTS2021_00061,29.960718,0.9617419838905334,0.12759008,0.6707317073170732,0.35602094240837695,0.37142857142857144
SwinIR + PathologyLoss,BraTS2021_00061,29.856953,0.9631819128990173,0.12450792,0.7404103479036575,0.4752186588921283,0.3975659229208925
SwinIR + PathologyLoss,BraTS2021_00061,29.497215,0.9629876613616943,0.12320085,0.802907915993538,0.6153846153846154,0.43521594684385384
SwinIR + PathologyLoss,BraTS2021_00061,29.807148,0.9642698764801025,0.12054099,0.760655737704918,0.3194244604316547,0.3878504672897196
SwinIR + PathologyLoss,BraTS2021_00061,29.70893,0.9658226370811462,0.11882121,0.6936026936026936,0.3879781420765027,0.3287671232876712
SwinIR + PathologyLoss,BraTS2021_00061,29.86829,0.9704636335372925,0.11350991,0.6826843413421707,0.3832167832167832,0.24757281553398058
SwinIR + PathologyLoss,BraTS2021_00061,29.926043,0.970818817615509,0.113739714,0.6717428087986463,0.03220035778175313,0.058091286307053944
SwinIR + PathologyLoss,BraTS2021_00061,29.796877,0.9696506261825562,0.11438074,0.6879271070615034,0.3902439024390244,0.4088397790055249
SwinIR + PathologyLoss,BraTS2021_00061,30.04919,0.970188558101654,0.112188265,0.7387529597474349,0.2876712328767123,0.38926174496644295
SwinIR + PathologyLoss,BraTS2021_00061,30.090616,0.9717972278594971,0.10994737,0.7683429513602638,0.5443786982248521,0.5303030303030303
SwinIR + PathologyLoss,BraTS2021_00061,30.049303,0.9696887135505676,0.11294108,0.7739602169981917,0.3236363636363636,0.461038961038961
SwinIR + PathologyLoss,BraTS2021_00061,30.053535,0.9699620604515076,0.11264135,0.7926711668273867,0.4744525547445255,0.5527065527065527
SwinIR + PathologyLoss,BraTS2021_00061,30.05574,0.9685661792755127,0.11222422,0.7786259541984732,0.580896686159844,0.5750636132315522
SwinIR + PathologyLoss,BraTS2021_00061,30.285938,0.9679317474365234,0.11166023,0.5792349726775956,0.2360655737704918,0.28125
SwinIR + PathologyLoss,BraTS2021_00061,30.451536,0.968026876449585,0.10994426,0.6401137980085349,0.6711864406779661,0.6925795053003534
SwinIR + PathologyLoss,BraTS2021_00061,30.332798,0.968377411365509,0.11081698,0.7220630372492837,0.6550522648083623,0.6550522648083623
SwinIR + PathologyLoss,BraTS2021_00061,30.155605,0.9683818221092224,0.111394204,0.18468468468468469,0.0,0.0
SwinIR + PathologyLoss,BraTS2021_00061,30.398245,0.964939296245575,0.113712646,0.21782178217821782,0.0,0.0
SwinIR + PathologyLoss,BraTS2021_00061,30.430664,0.9665980339050293,0.10981681,0.7203389830508474,0.0,0.0
SwinIR + PathologyLoss,BraTS2021_00061,30.645208,0.9680929183959961,0.10658481,0.658307210031348,0.0,0.0
SwinIR + PathologyLoss,BraTS2021_00061,30.540533,0.9690704941749573,0.10681667,0.1523809523809524,nan,nan
SwinIR + PathologyLoss,BraTS2021_00062,28.683727,0.9687914848327637,0.122041516,0.7510373443983402,nan,nan
SwinIR + PathologyLoss,BraTS2021_00062,28.599285,0.9698653221130371,0.11975898,0.8130081300813008,nan,nan
SwinIR + PathologyLoss,BraTS2021_00062,28.68871,0.9703512191772461,0.11831846,0.8394004282655246,nan,nan
SwinIR + PathologyLoss,BraTS2021_00062,29.035053,0.9718657732009888,0.113848,0.8738812042310822,nan,nan
SwinIR + PathologyLoss,BraTS2021_00062,29.358997,0.9738522171974182,0.10814375,0.9152542372881356,nan,nan
SwinIR + PathologyLoss,BraTS2021_00062,29.497173,0.9729060530662537,0.10842532,0.9182305630026809,nan,nan
SwinIR + PathologyLoss,BraTS2021_00062,29.31314,0.973272442817688,0.107518144,0.930622009569378,nan,nan
SwinIR + PathologyLoss,BraTS2021_00062,29.345207,0.9745521545410156,0.10449289,0.9279132791327913,nan,nan
SwinIR + PathologyLoss,BraTS2021_00062,29.448606,0.9781795740127563,0.09954008,0.8956719817767653,nan,nan
SwinIR + PathologyLoss,BraTS2021_00062,29.723984,0.9794034361839294,0.09887725,0.9264943457189014,nan,nan
SwinIR + PathologyLoss,BraTS2021_00062,29.728355,0.9787461757659912,0.09905464,0.9203276247207743,nan,nan
SwinIR + PathologyLoss,BraTS2021_00062,29.56806,0.9813470244407654,0.09503202,0.9432989690721649,nan,nan
SwinIR + PathologyLoss,BraTS2021_00062,29.628962,0.98023921251297,0.09591715,0.9497287522603979,nan,nan
SwinIR + PathologyLoss,BraTS2021_00062,29.848425,0.9799689650535583,0.09703129,0.963668430335097,nan,nan
SwinIR + PathologyLoss,BraTS2021_00062,29.567339,0.9816953539848328,0.09446347,0.9566712517193948,nan,nan
SwinIR + PathologyLoss,BraTS2021_00062,29.606339,0.9819578528404236,0.09532867,0.9586324786324786,nan,nan
SwinIR + PathologyLoss,BraTS2021_00062,29.582403,0.9807891249656677,0.0958386,0.961161769672408,0.0,0.0
SwinIR + PathologyLoss,BraTS2021_00062,29.449003,0.9813553690910339,0.095516294,0.9642065251821349,0.0,0.0
SwinIR + PathologyLoss,BraTS2021_00062,29.442932,0.9804146885871887,0.095552936,0.9718574108818011,0.27956989247311825,0.7857142857142857
SwinIR + PathologyLoss,BraTS2021_00062,29.495628,0.9808710217475891,0.09552412,0.9823693164243736,0.4675324675324675,0.8947368421052632
SwinIR + PathologyLoss,BraTS2021_00062,29.30629,0.98213130235672,0.09440237,0.9688995215311005,0.625,0.625
SwinIR + PathologyLoss,BraTS2021_00062,29.241085,0.981911301612854,0.09551385,0.973404255319149,0.3384615384615385,0.64
SwinIR + PathologyLoss,BraTS2021_00062,29.517935,0.9826392531394958,0.093058996,0.9751919669226226,0.21428571428571427,0.38095238095238093
SwinIR + PathologyLoss,BraTS2021_00062,29.852669,0.9835913777351379,0.09059534,0.9755522827687776,0.0,0.0
SwinIR + PathologyLoss,BraTS2021_00062,29.522263,0.9845098853111267,0.08980815,0.9737302977232924,0.2857142857142857,0.0
SwinIR + PathologyLoss,BraTS2021_00062,30.1531,0.9854165315628052,0.08681636,0.9718759060597275,0.0,0.0
SwinIR + PathologyLoss,BraTS2021_00062,29.793003,0.9856387376785278,0.08729276,0.964203233256351,0.0,0.0
SwinIR + PathologyLoss,BraTS2021_00062,30.184307,0.9869718551635742,0.084318206,0.9771037763901279,0.0,0.0
SwinIR + PathologyLoss,BraTS2021_00062,30.192425,0.9875969886779785,0.08368436,0.9623926562037312,0.0,0.0
SwinIR + PathologyLoss,BraTS2021_00062,30.209694,0.9873167872428894,0.08398648,0.9651126891015746,nan,nan
SwinIR + PathologyLoss,BraTS2021_00062,30.690578,0.9878312945365906,0.08200141,0.9722401549386701,0.0,nan
SwinIR + PathologyLoss,BraTS2021_00062,30.58798,0.9881361126899719,0.081154205,0.9753510140405616,nan,nan
SwinIR + PathologyLoss,BraTS2021_00062,30.58264,0.9884929656982422,0.08058855,0.9754916792738275,nan,nan
SwinIR + PathologyLoss,BraTS2021_00062,30.433743,0.9887436032295227,0.08022232,0.9721640227476803,0.0,nan
SwinIR + PathologyLoss,BraTS2021_00062,30.638916,0.9882558584213257,0.08044586,0.9710534168904804,0.0,nan
SwinIR + PathologyLoss,BraTS2021_00062,30.483063,0.9875429272651672,0.082450464,0.9847467968273338,nan,nan
SwinIR + PathologyLoss,BraTS2021_00062,30.422695,0.9884276986122131,0.080967166,0.9451130026416202,nan,nan
SwinIR + PathologyLoss,BraTS2021_00062,30.546158,0.9876126050949097,0.081749275,0.9696598222494637,nan,nan
SwinIR + PathologyLoss,BraTS2021_00062,30.606768,0.9865564703941345,0.08337234,0.9522651261781696,nan,nan
SwinIR + PathologyLoss,BraTS2021_00062,30.411034,0.9862103462219238,0.0832837,0.9330900243309003,nan,nan
SwinIR + PathologyLoss,BraTS2021_00062,30.658968,0.9861868023872375,0.08167643,0.9212158808933002,nan,nan
SwinIR + PathologyLoss,BraTS2021_00062,30.65969,0.9839440584182739,0.0853604,0.9350205198358413,nan,nan
SwinIR + PathologyLoss,BraTS2021_00062,30.776625,0.9840986132621765,0.08400012,0.9467654986522911,nan,nan
SwinIR + PathologyLoss,BraTS2021_00062,30.792608,0.9836075305938721,0.08524254,0.9556383338977311,nan,nan
SwinIR + PathologyLoss,BraTS2021_00062,30.579762,0.9844163656234741,0.08423966,0.9347826086956522,nan,nan
SwinIR + PathologyLoss,BraTS2021_00062,30.510166,0.9836452603340149,0.08520508,0.9454287739192062,nan,nan
SwinIR + PathologyLoss,BraTS2021_00062,30.457247,0.9834821224212646,0.08730395,0.9511603740907516,nan,nan
SwinIR + PathologyLoss,BraTS2021_00062,30.388643,0.9834321737289429,0.0880339,0.9592760180995475,nan,nan
SwinIR + PathologyLoss,BraTS2021_00062,30.480234,0.9843848943710327,0.086595714,0.9648033126293996,nan,nan
SwinIR + PathologyLoss,BraTS2021_00062,30.7789,0.9849992990493774,0.08480873,0.9642485248177716,nan,nan
SwinIR + PathologyLoss,BraTS2021_00062,30.629921,0.9834801554679871,0.08842416,0.9733812949640288,nan,nan
SwinIR + PathologyLoss,BraTS2021_00062,30.596247,0.9829813838005066,0.090094894,0.9683662076665426,nan,nan
SwinIR + PathologyLoss,BraTS2021_00062,30.42023,0.982474148273468,0.09208557,0.9515518546555639,nan,nan
SwinIR + PathologyLoss,BraTS2021_00062,30.25595,0.9824033975601196,0.09323737,0.9449685534591195,nan,nan
SwinIR + PathologyLoss,BraTS2021_00062,30.079681,0.9801760911941528,0.09824804,0.9505862646566164,nan,nan
SwinIR + PathologyLoss,BraTS2021_00062,29.965075,0.9818727970123291,0.09770665,0.9170854271356784,nan,nan
SwinIR + PathologyLoss,BraTS2021_00062,30.044216,0.9802340865135193,0.10119879,0.9620831429876656,nan,nan
SwinIR + PathologyLoss,BraTS2021_00062,29.961653,0.9816730618476868,0.09977046,0.9464123524069028,nan,nan
SwinIR + PathologyLoss,BraTS2021_00062,29.948734,0.9808905720710754,0.10235242,0.9588652482269504,nan,nan
SwinIR + PathologyLoss,BraTS2021_00062,29.995672,0.9805886149406433,0.10570781,0.9694619486185168,nan,nan
SwinIR + PathologyLoss,BraTS2021_00062,30.020845,0.9812150597572327,0.103917025,0.9311320754716981,nan,nan
SwinIR + PathologyLoss,BraTS2021_00062,29.682854,0.9818071722984314,0.106366806,0.9300766283524904,nan,nan
SwinIR + PathologyLoss,BraTS2021_00062,29.872305,0.9808908700942993,0.10905164,0.912621359223301,nan,nan
SwinIR + PathologyLoss,BraTS2021_00062,29.676643,0.9798006415367126,0.113494635,0.9513852587558809,nan,nan
SwinIR + PathologyLoss,BraTS2021_00062,29.729298,0.9807646870613098,0.114443585,0.94225580140313,0.0,0.0
SwinIR + PathologyLoss,BraTS2021_00062,29.962416,0.9816036820411682,0.114988334,0.9301260022909508,0.0,0.0
SwinIR + PathologyLoss,BraTS2021_00062,29.984344,0.9816019535064697,0.11707519,0.920593931568754,nan,nan
SwinIR + PathologyLoss,BraTS2021_00062,30.060173,0.9830935001373291,0.11706801,0.8964088397790055,0.0,0.0
SwinIR + PathologyLoss,BraTS2021_00062,30.166922,0.9826503396034241,0.12092627,0.9376947040498442,0.0,0.0
SwinIR + PathologyLoss,BraTS2021_00062,30.399097,0.9837888479232788,0.12134119,0.9334500875656743,0.0,0.0
SwinIR + PathologyLoss,BraTS2021_00062,30.425241,0.9840925931930542,0.12273655,0.905123339658444,0.0,0.0
SwinIR + PathologyLoss,BraTS2021_00062,30.772074,0.9848681688308716,0.122795135,0.916289592760181,0.0,0.0
SwinIR + PathologyLoss,BraTS2021_00062,30.851696,0.9840865731239319,0.12896584,0.8695652173913043,0.0,0.0
SwinIR + PathologyLoss,BraTS2021_00062,30.813469,0.9834811091423035,0.13491154,0.7448559670781894,0.0,0.0
SwinIR + PathologyLoss,BraTS2021_00066,29.650192,0.9645991921424866,0.111526005,0.8905660377358491,nan,nan
SwinIR + PathologyLoss,BraTS2021_00066,29.980135,0.9650654196739197,0.10976585,0.9360613810741688,nan,nan
SwinIR + PathologyLoss,BraTS2021_00066,29.890945,0.9679363369941711,0.10821026,0.9452332657200812,nan,nan
SwinIR + PathologyLoss,BraTS2021_00066,29.88979,0.9704568386077881,0.10557606,0.9543147208121827,nan,nan
SwinIR + PathologyLoss,BraTS2021_00066,29.736519,0.9714092016220093,0.10555966,0.9673758865248226,nan,nan
SwinIR + PathologyLoss,BraTS2021_00066,29.743011,0.9713914394378662,0.105456,0.9532019704433498,nan,nan
SwinIR + PathologyLoss,BraTS2021_00066,29.8152,0.9715310335159302,0.10617919,0.9539078156312625,nan,nan
SwinIR + PathologyLoss,BraTS2021_00066,30.003689,0.9745766520500183,0.10157828,0.9666666666666667,nan,nan
SwinIR + PathologyLoss,BraTS2021_00066,30.248787,0.976227343082428,0.09893292,0.96513470681458,nan,nan
SwinIR + PathologyLoss,BraTS2021_00066,29.907524,0.9772201776504517,0.099086605,0.96875,0.0,0.0
SwinIR + PathologyLoss,BraTS2021_00066,29.886677,0.9760681986808777,0.100796916,0.9658344283837057,0.7457627118644068,0.7457627118644068
SwinIR + PathologyLoss,BraTS2021_00066,29.723566,0.9752914905548096,0.100626014,0.9374613003095975,0.9283489096573209,0.8903654485049833
SwinIR + PathologyLoss,BraTS2021_00066,29.823782,0.9764639139175415,0.10108184,0.964243146603099,0.9592326139088729,0.9262536873156342
SwinIR + PathologyLoss,BraTS2021_00066,29.837044,0.975786566734314,0.10247121,0.9662004662004662,0.9860279441117764,0.9421487603305785
SwinIR + PathologyLoss,BraTS2021_00066,29.56292,0.9772936105728149,0.09983414,0.9679266895761741,0.9757785467128027,0.8877284595300261
SwinIR + PathologyLoss,BraTS2021_00066,29.437225,0.9768797755241394,0.101734556,0.9623059866962306,0.8865619546247818,0.8383561643835616
SwinIR + PathologyLoss,BraTS2021_00066,29.731308,0.9779384136199951,0.09970638,0.9599578503688093,0.9709923664122138,0.898936170212766
SwinIR + PathologyLoss,BraTS2021_00066,29.91415,0.9789534211158752,0.09827034,0.9527162977867203,0.9707602339181286,0.8753180661577609
SwinIR + PathologyLoss,BraTS2021_00066,30.041283,0.9818161725997925,0.09466964,0.9498031496062992,0.962536023054755,0.8755980861244019
SwinIR + PathologyLoss,BraTS2021_00066,30.163652,0.980888307094574,0.09504379,0.9557956777996071,0.960328317373461,0.8496732026143791
SwinIR + PathologyLoss,BraTS2021_00066,30.198162,0.9814469814300537,0.093689784,0.9716796875,0.9640883977900553,0.8453159041394336
SwinIR + PathologyLoss,BraTS2021_00066,30.088842,0.9807918071746826,0.09376831,0.9598413485374319,0.9415041782729805,0.8432671081677704
SwinIR + PathologyLoss,BraTS2021_00066,30.218258,0.9809253811836243,0.09274844,0.9467513434294089,0.9667994687915007,0.8806584362139918
SwinIR + PathologyLoss,BraTS2021_00066,30.289364,0.9792421460151672,0.09394452,0.9722488038277513,0.9643835616438357,0.8716814159292036
SwinIR + PathologyLoss,BraTS2021_00066,30.262611,0.9794044494628906,0.09289786,0.9717838354854137,0.9593267882187938,0.801980198019802
SwinIR + PathologyLoss,BraTS2021_00066,30.598885,0.9770202040672302,0.09261728,0.9728700618752975,0.975609756097561,0.8858447488584474
SwinIR + PathologyLoss,BraTS2021_00066,30.437813,0.9761550426483154,0.09274108,0.970325011775789,0.9716840536512668,0.9168443496801706
SwinIR + PathologyLoss,BraTS2021_00066,30.400589,0.9754822850227356,0.09372679,0.9594405594405594,0.9510268562401264,0.8456375838926175
SwinIR + PathologyLoss,BraTS2021_00066,30.382967,0.9710816740989685,0.09613334,0.9733021077283373,0.9702276707530648,0.8294930875576036
SwinIR + PathologyLoss,BraTS2021_00066,30.152794,0.971502959728241,0.09584392,0.972077614765736,0.9585798816568047,0.8814317673378076
SwinIR + PathologyLoss,BraTS2021_00066,30.183025,0.9734333753585815,0.09658699,0.9533877943296492,0.8367346938775511,0.841025641025641
SwinIR + PathologyLoss,BraTS2021_00066,30.21631,0.9710507392883301,0.09823038,0.9678756476683937,0.8543689320388349,0.8543689320388349
SwinIR + PathologyLoss,BraTS2021_00066,30.268955,0.9726359844207764,0.09793115,0.9719626168224299,0.6787878787878788,0.6787878787878788
SwinIR + PathologyLoss,BraTS2021_00066,30.140308,0.9678415656089783,0.10187006,0.95079950799508,0.0,0.0
SwinIR + PathologyLoss,BraTS2021_00066,29.957474,0.9711984395980835,0.101791695,0.9491749174917492,nan,nan
SwinIR + PathologyLoss,BraTS2021_00066,29.91067,0.9696176648139954,0.10471896,0.9548872180451128,nan,nan
SwinIR + PathologyLoss,BraTS2021_00066,29.809668,0.9663220643997192,0.10649951,0.9226713532513181,nan,nan
SwinIR + PathologyLoss,BraTS2021_00066,29.401272,0.9636351466178894,0.11380256,0.9383983572895277,nan,nan
SwinIR + PathologyLoss,BraTS2021_00066,29.43958,0.9624542593955994,0.11409057,0.9496567505720824,nan,nan
SwinIR + PathologyLoss,BraTS2021_00066,29.314663,0.9649394154548645,0.11475623,0.9496774193548387,nan,nan
SwinIR + PathologyLoss,BraTS2021_00066,28.931238,0.9621718525886536,0.11732432,0.9180327868852459,nan,nan
SwinIR + PathologyLoss,BraTS2021_00066,29.08775,0.9616053104400635,0.117948964,0.9456342668863262,nan,nan
SwinIR + PathologyLoss,BraTS2021_00066,28.96842,0.9604069590568542,0.12253819,0.9668411867364747,nan,nan
SwinIR + PathologyLoss,BraTS2021_00066,28.968452,0.9636250734329224,0.12152985,0.9516994633273703,nan,nan
SwinIR + PathologyLoss,BraTS2021_00066,28.96198,0.9627991914749146,0.12225362,0.9398058252427185,nan,nan
SwinIR + PathologyLoss,BraTS2021_00066,28.990887,0.9641905426979065,0.12314632,0.9173553719008265,nan,nan
SwinIR + PathologyLoss,BraTS2021_00066,28.742882,0.9638134241104126,0.12527731,0.9485981308411215,nan,nan
SwinIR + PathologyLoss,BraTS2021_00066,28.819387,0.9621368646621704,0.12831374,0.9360613810741688,nan,nan
SwinIR + PathologyLoss,BraTS2021_00066,28.714836,0.9633123874664307,0.12848376,0.8770764119601329,nan,nan
SwinIR + PathologyLoss,BraTS2021_00071,30.648201,0.9746633768081665,0.119076185,nan,nan,nan
SwinIR + PathologyLoss,BraTS2021_00071,30.712078,0.9738690257072449,0.119031206,nan,nan,nan
SwinIR + PathologyLoss,BraTS2021_00071,30.220526,0.9739863872528076,0.12201316,nan,nan,nan
SwinIR + PathologyLoss,BraTS2021_00071,30.363142,0.9725325107574463,0.12404813,nan,nan,nan
SwinIR + PathologyLoss,BraTS2021_00071,30.28104,0.9714833498001099,0.12525575,nan,nan,nan
SwinIR + PathologyLoss,BraTS2021_00071,29.998825,0.9704005718231201,0.12754469,0.0,nan,nan
SwinIR + PathologyLoss,BraTS2021_00071,29.913778,0.9681226015090942,0.12849063,0.0,nan,nan
SwinIR + PathologyLoss,BraTS2021_00071,29.909372,0.9653484225273132,0.12867647,0.0,nan,nan
SwinIR + PathologyLoss,BraTS2021_00071,30.19041,0.9646163582801819,0.12451755,0.22748815165876776,nan,nan
SwinIR + PathologyLoss,BraTS2021_00071,29.949669,0.9666159749031067,0.12236449,0.678617157490397,nan,nan
SwinIR + PathologyLoss,BraTS2021_00071,29.962389,0.9646167755126953,0.12239996,0.7772020725388601,0.0,0.0
SwinIR + PathologyLoss,BraTS2021_00071,29.662891,0.9639641046524048,0.12110103,0.8703976435935199,0.0,0.0
SwinIR + PathologyLoss,BraTS2021_00071,29.68798,0.9647624492645264,0.120887615,0.9088489687292083,0.7579617834394905,0.7579617834394905
SwinIR + PathologyLoss,BraTS2021_00071,29.677513,0.965793788433075,0.11794344,0.928395061728395,0.7276341948310139,0.7122736418511066
SwinIR + PathologyLoss,BraTS2021_00071,29.847586,0.9641483426094055,0.117690034,0.8751696065128901,0.7950530035335689,0.7814814814814814
SwinIR + PathologyLoss,BraTS2021_00071,29.949911,0.964169979095459,0.11892294,0.8400884303610906,0.8129829984544049,0.7622504537205081
SwinIR + PathologyLoss,BraTS2021_00071,30.000551,0.9652853012084961,0.1159511,0.8731744811683321,0.8373493975903614,0.7726432532347505
SwinIR + PathologyLoss,BraTS2021_00071,30.125673,0.966560423374176,0.11496403,0.8925233644859814,0.8768328445747801,0.789272030651341
SwinIR + PathologyLoss,BraTS2021_00071,30.198624,0.9668946862220764,0.11280669,0.8710907704042715,0.88,0.7815126050420168
SwinIR + PathologyLoss,BraTS2021_00071,30.277681,0.970132052898407,0.11047554,0.9043887147335423,0.9251497005988024,0.821917808219178
SwinIR + PathologyLoss,BraTS2021_00071,30.256248,0.9699639678001404,0.111119054,0.9245742092457421,0.9212827988338192,0.8329621380846325
SwinIR + PathologyLoss,BraTS2021_00071,30.580288,0.9727832078933716,0.1056353,0.9443059019118869,0.9452887537993921,0.8737864077669902
SwinIR + PathologyLoss,BraTS2021_00071,30.346796,0.9720333814620972,0.10691761,0.9229422066549913,0.9204052098408104,0.8240534521158129
SwinIR + PathologyLoss,BraTS2021_00071,30.38862,0.9703447818756104,0.10800278,0.9253731343283582,0.9376770538243626,0.8433179723502304
SwinIR + PathologyLoss,BraTS2021_00071,30.197254,0.9687642455101013,0.11053604,0.9281277728482697,0.9324324324324325,0.8232931726907631
SwinIR + PathologyLoss,BraTS2021_00071,30.257565,0.9686076641082764,0.10975078,0.905123339658444,0.9528936742934051,0.8623481781376519
SwinIR + PathologyLoss,BraTS2021_00071,30.224659,0.9667662382125854,0.113104336,0.9213270142180094,0.964769647696477,0.8830022075055187
SwinIR + PathologyLoss,BraTS2021_00071,30.237183,0.9689674973487854,0.10903004,0.8504577822990844,0.9397260273972603,0.8764044943820225
SwinIR + PathologyLoss,BraTS2021_00071,30.423752,0.9679446816444397,0.111041375,0.8825910931174089,0.946927374301676,0.8764044943820225
SwinIR + PathologyLoss,BraTS2021_00071,30.137823,0.9695795178413391,0.11029247,0.885480572597137,0.9550561797752809,0.9
SwinIR + PathologyLoss,BraTS2021_00071,30.371017,0.9693645238876343,0.10939452,0.9353846153846154,0.9415121255349501,0.9051094890510949
SwinIR + PathologyLoss,BraTS2021_00071,30.347305,0.9713784456253052,0.1072992,0.9664292980671414,0.9484536082474226,0.9122807017543859
SwinIR + PathologyLoss,BraTS2021_00071,30.172352,0.9708662629127502,0.109271385,0.8972972972972973,0.9693251533742331,0.9384885764499121
SwinIR + PathologyLoss,BraTS2021_00071,30.291845,0.9688137769699097,0.111650474,0.9443298969072165,0.9545454545454546,0.9128787878787878
SwinIR + PathologyLoss,BraTS2021_00071,30.202082,0.96956467628479,0.11084258,0.9462151394422311,0.9297658862876255,0.8795411089866156
SwinIR + PathologyLoss,BraTS2021_00071,30.155605,0.9687179327011108,0.11258925,0.9446064139941691,0.919104991394148,0.844
SwinIR + PathologyLoss,BraTS2021_00071,30.187603,0.9724637866020203,0.107895166,0.9548133595284872,0.9180952380952381,0.854586129753915
SwinIR + PathologyLoss,BraTS2021_00071,30.155502,0.9723808169364929,0.10942021,0.9794721407624634,0.8943820224719101,0.8429319371727748
SwinIR + PathologyLoss,BraTS2021_00071,30.125353,0.9736943244934082,0.108045354,0.9646365422396856,0.8706467661691543,0.7780979827089337
SwinIR + PathologyLoss,BraTS2021_00071,30.355042,0.9749327301979065,0.10717011,0.9591002044989775,0.6491228070175439,0.6367713004484304
SwinIR + PathologyLoss,BraTS2021_00071,30.651476,0.9763663411140442,0.10453673,0.935659760087241,0.0,0.0
SwinIR + PathologyLoss,BraTS2021_00071,30.982935,0.9791139960289001,0.098511435,0.8277571251548946,0.0,0.0
SwinIR + PathologyLoss,BraTS2021_00071,30.717146,0.9781332015991211,0.10172768,0.896551724137931,0.0,0.0
SwinIR + PathologyLoss,BraTS2021_00071,30.723515,0.9786469340324402,0.101238966,0.8333333333333334,0.0,0.0
SwinIR + PathologyLoss,BraTS2021_00071,31.033607,0.9776042103767395,0.10094006,0.8969210174029452,0.0,0.0
SwinIR + PathologyLoss,BraTS2021_00071,31.240149,0.98072749376297,0.095949605,0.8584758942457231,nan,nan
SwinIR + PathologyLoss,BraTS2021_00071,31.457806,0.9794723391532898,0.09730114,0.8603531300160514,nan,nan
SwinIR + PathologyLoss,BraTS2021_00071,31.424963,0.9813451766967773,0.09399489,0.7963963963963964,nan,nan
SwinIR + PathologyLoss,BraTS2021_00071,31.233385,0.979017972946167,0.098898984,0.8106060606060606,nan,nan
SwinIR + PathologyLoss,BraTS2021_00071,31.216793,0.978492021560669,0.09847133,0.7759336099585062,nan,nan
SwinIR + PathologyLoss,BraTS2021_00071,31.280918,0.9783581495285034,0.097606756,0.8845401174168297,nan,nan
SwinIR + PathologyLoss,BraTS2021_00071,31.07164,0.9777306318283081,0.09797101,0.8916155419222904,nan,nan
SwinIR + PathologyLoss,BraTS2021_00071,31.064901,0.9771248698234558,0.09914021,0.8937875751503006,nan,nan
SwinIR + PathologyLoss,BraTS2021_00071,30.98219,0.9770315289497375,0.09876381,0.8389830508474576,nan,nan
SwinIR + PathologyLoss,BraTS2021_00071,31.199062,0.9776489734649658,0.09591515,0.8577680525164114,nan,nan
SwinIR + PathologyLoss,BraTS2021_00071,31.414223,0.9756063222885132,0.09535858,0.8085106382978723,nan,nan
SwinIR + PathologyLoss,BraTS2021_00071,31.075212,0.9743831157684326,0.097789936,0.854320987654321,nan,nan
SwinIR + PathologyLoss,BraTS2021_00071,31.009644,0.9749013781547546,0.09697664,0.0,nan,nan
SwinIR + PathologyLoss,BraTS2021_00071,31.409256,0.9729524850845337,0.09667555,0.0,nan,nan
SwinIR + PathologyLoss,BraTS2021_00071,30.929935,0.971855640411377,0.09869489,0.0,nan,nan
SwinIR + PathologyLoss,BraTS2021_00071,30.690516,0.9715148210525513,0.10015129,0.0,nan,nan
SwinIR + PathologyLoss,BraTS2021_00071,30.645576,0.9677885174751282,0.102988094,0.0,nan,nan
SwinIR + PathologyLoss,BraTS2021_00071,30.619745,0.9730212092399597,0.099515885,0.0,nan,nan
SwinIR + PathologyLoss,BraTS2021_00074,30.592672,0.959289014339447,0.12109149,0.0,nan,nan
SwinIR + PathologyLoss,BraTS2021_00074,30.562214,0.9596098065376282,0.12097586,0.0,nan,nan
SwinIR + PathologyLoss,BraTS2021_00074,31.052551,0.9602557420730591,0.1188021,0.0,nan,nan
SwinIR + PathologyLoss,BraTS2021_00074,31.108305,0.9625491499900818,0.11486306,0.29464285714285715,nan,nan
SwinIR + PathologyLoss,BraTS2021_00074,30.778513,0.964255154132843,0.11450041,0.7511961722488039,nan,nan
SwinIR + PathologyLoss,BraTS2021_00074,31.086046,0.9669351577758789,0.11070714,0.7757774140752864,nan,nan
SwinIR + PathologyLoss,BraTS2021_00074,30.913174,0.9674540162086487,0.10928995,0.8197802197802198,nan,nan
SwinIR + PathologyLoss,BraTS2021_00074,31.291306,0.9653090834617615,0.10968418,0.7773406766325728,nan,nan
SwinIR + PathologyLoss,BraTS2021_00074,31.141342,0.9674953818321228,0.109262496,0.8052980132450331,0.0,0.0
SwinIR + PathologyLoss,BraTS2021_00074,31.039047,0.9685593247413635,0.10629831,0.8897876643073812,0.8695652173913043,0.8695652173913043
SwinIR + PathologyLoss,BraTS2021_00074,31.261017,0.9690424799919128,0.10474909,0.9381573411863694,0.831858407079646,0.8641975308641975
SwinIR + PathologyLoss,BraTS2021_00074,31.222706,0.9679564833641052,0.10784017,0.9371069182389937,0.7066666666666667,0.7076923076923077
SwinIR + PathologyLoss,BraTS2021_00074,31.41819,0.9677914381027222,0.105059445,0.9127324749642346,0.8141843971631205,0.7924528301886793
SwinIR + PathologyLoss,BraTS2021_00074,31.085327,0.9707533121109009,0.103698805,0.9615511008872822,0.8623265741728922,0.843501326259947
SwinIR + PathologyLoss,BraTS2021_00074,31.156906,0.9708105325698853,0.10169325,0.9479418886198547,0.8598306679209784,0.8353221957040573
SwinIR + PathologyLoss,BraTS2021_00074,31.24535,0.9684275984764099,0.103991844,0.9411764705882353,0.8801996672212978,0.82389289392379
SwinIR + PathologyLoss,BraTS2021_00074,31.009014,0.9696344137191772,0.10437524,0.9425219941348973,0.8813559322033898,0.8175473579262214
SwinIR + PathologyLoss,BraTS2021_00074,31.11689,0.9679233431816101,0.10536134,0.9296897238827213,0.8738007380073801,0.8265682656826568
SwinIR + PathologyLoss,BraTS2021_00074,31.226963,0.9682494401931763,0.104580514,0.9618583309435045,0.8536409516943042,0.7844155844155845
SwinIR + PathologyLoss,BraTS2021_00074,31.272095,0.9686319828033447,0.10404795,0.9402234636871508,0.8136986301369863,0.8096118299445472
SwinIR + PathologyLoss,BraTS2021_00074,31.089525,0.9702096581459045,0.1034953,0.9677947598253275,0.8899637243047158,0.8166089965397924
SwinIR + PathologyLoss,BraTS2021_00074,31.004217,0.973168671131134,0.10002019,0.9741176470588235,0.8990411731528483,0.8191235059760956
SwinIR + PathologyLoss,BraTS2021_00074,31.070406,0.9710119366645813,0.10256209,0.968399059806738,0.9490445859872612,0.8537549407114624
SwinIR + PathologyLoss,BraTS2021_00074,31.215096,0.971255362033844,0.10096759,0.9538057742782152,0.9611307420494699,0.8614718614718615
SwinIR + PathologyLoss,BraTS2021_00074,31.454632,0.9740238189697266,0.09632477,0.9666666666666667,0.95574341123819,0.8558692421991084
SwinIR + PathologyLoss,BraTS2021_00074,31.306055,0.9728903770446777,0.0981519,0.9714285714285714,0.9679012345679012,0.858122001370802
SwinIR + PathologyLoss,BraTS2021_00074,31.270557,0.9743812680244446,0.098513216,0.9520042194092827,0.9717682020802377,0.865047233468286
SwinIR + PathologyLoss,BraTS2021_00074,31.113743,0.9769836068153381,0.095555134,0.9647302904564315,0.9729995090819833,0.8944923689449237
SwinIR + PathologyLoss,BraTS2021_00074,31.198864,0.9773884415626526,0.095042326,0.96,0.972458688032048,0.8993288590604027
SwinIR + PathologyLoss,BraTS2021_00074,31.291887,0.9773843884468079,0.095627144,0.9700876740587931,0.9649764767381077,0.8707124010554089
SwinIR + PathologyLoss,BraTS2021_00074,31.690083,0.9775714874267578,0.093608536,0.9632885211995863,0.9631635969664138,0.8227360308285164
SwinIR + PathologyLoss,BraTS2021_00074,31.373531,0.9790657162666321,0.09261724,0.947450168263008,0.9646266142616507,0.8541882109617374
SwinIR + PathologyLoss,BraTS2021_00074,31.531048,0.9778449535369873,0.094228,0.959079283887468,0.9680789320951828,0.8895768833849329
SwinIR + PathologyLoss,BraTS2021_00074,31.562462,0.9785162210464478,0.09267064,0.9429305912596401,0.9706242350061199,0.8693834900731452
SwinIR + PathologyLoss,BraTS2021_00074,31.695728,0.9793630242347717,0.09140589,0.9342699448068239,0.9504685408299867,0.7857142857142857
SwinIR + PathologyLoss,BraTS2021_00074,31.726192,0.9793839454650879,0.090992406,0.9722933643771827,0.9263157894736842,0.75
SwinIR + PathologyLoss,BraTS2021_00074,31.893404,0.9794769883155823,0.09016198,0.9612367328103368,0.9134125636672326,0.7485207100591716
SwinIR + PathologyLoss,BraTS2021_00074,31.91814,0.9806338548660278,0.08738386,0.9767337807606264,0.9081934846989141,0.7630769230769231
SwinIR + PathologyLoss,BraTS2021_00074,31.651749,0.9794116020202637,0.09040033,0.981022549676267,0.8695652173913043,0.8017492711370262
SwinIR + PathologyLoss,BraTS2021_00074,31.846964,0.9807978272438049,0.08668853,0.9815096802262345,0.7017114914425427,0.7412587412587412
SwinIR + PathologyLoss,BraTS2021_00074,32.272648,0.9814779162406921,0.083451204,0.9775824175824176,0.7594553706505295,0.7403993855606759
SwinIR + PathologyLoss,BraTS2021_00074,32.08731,0.979296088218689,0.086414345,0.9843501927874801,0.6421725239616614,0.7027027027027027
SwinIR + PathologyLoss,BraTS2021_00074,31.944843,0.9807707071304321,0.086044416,0.9849976558837318,0.8134328358208955,0.7136752136752137
SwinIR + PathologyLoss,BraTS2021_00074,32.17445,0.9781665205955505,0.089403614,0.9699486928903005,0.4253731343283582,0.35918367346938773
SwinIR + PathologyLoss,BraTS2021_00074,32.262486,0.9799883961677551,0.08656258,0.9803531459835861,0.4329896907216495,0.0
SwinIR + PathologyLoss,BraTS2021_00074,32.470596,0.9795631766319275,0.08680357,0.9781615033011681,0.36893203883495146,0.0
SwinIR + PathologyLoss,BraTS2021_00074,31.886951,0.9808568954467773,0.087410994,0.9856704196519959,0.0,0.0
SwinIR + PathologyLoss,BraTS2021_00074,31.903173,0.979107141494751,0.08855834,0.9850668063924548,nan,nan
SwinIR + PathologyLoss,BraTS2021_00074,31.803377,0.9785552620887756,0.09019633,0.9918097754293262,0.0,nan
SwinIR + PathologyLoss,BraTS2021_00074,32.01066,0.9804231524467468,0.086437166,0.9906939643711778,nan,nan
SwinIR + PathologyLoss,BraTS2021_00074,31.76923,0.9765627384185791,0.09185096,0.9817488422773086,0.0,nan
SwinIR + PathologyLoss,BraTS2021_00074,31.69115,0.975368857383728,0.09324526,0.9845132743362832,0.0,nan
SwinIR + PathologyLoss,BraTS2021_00074,31.873402,0.9777217507362366,0.09073502,0.9875986471251409,nan,nan
SwinIR + PathologyLoss,BraTS2021_00074,31.578407,0.9737861752510071,0.0955346,0.9744655581947743,nan,nan
SwinIR + PathologyLoss,BraTS2021_00074,31.388617,0.9752846956253052,0.095945284,0.9758925846811107,nan,nan
SwinIR + PathologyLoss,BraTS2021_00074,31.123722,0.9716488122940063,0.10027588,0.9613294982422499,nan,nan
SwinIR + PathologyLoss,BraTS2021_00074,31.560291,0.9734970331192017,0.09509278,0.9729553600521342,nan,nan
SwinIR + PathologyLoss,BraTS2021_00074,31.2661,0.973616898059845,0.09710164,0.971736204576043,nan,nan
SwinIR + PathologyLoss,BraTS2021_00074,31.129768,0.9706578254699707,0.10106957,0.9709989258861439,nan,nan
SwinIR + PathologyLoss,BraTS2021_00074,31.174232,0.969497561454773,0.10193569,0.9615384615384616,nan,nan
SwinIR + PathologyLoss,BraTS2021_00074,30.947079,0.9676671624183655,0.106088124,0.9436379163108455,nan,nan
SwinIR + PathologyLoss,BraTS2021_00074,31.140564,0.9675232768058777,0.10355918,0.9536359199609565,nan,nan
SwinIR + PathologyLoss,BraTS2021_00074,30.95333,0.9660719037055969,0.1077828,0.951276102088167,nan,nan
SwinIR + PathologyLoss,BraTS2021_00074,31.157103,0.9639223217964172,0.107674904,0.9058171745152355,nan,nan
SwinIR + PathologyLoss,BraTS2021_00074,30.613718,0.9613136649131775,0.11395841,0.8352272727272727,nan,nan
SwinIR + PathologyLoss,BraTS2021_00074,30.389858,0.9610163569450378,0.11683943,0.32456140350877194,nan,nan
SwinIR + PathologyLoss,BraTS2021_00085,31.28838,0.964881956577301,0.09864415,0.06222222222222222,nan,nan
SwinIR + PathologyLoss,BraTS2021_00085,31.522568,0.9673914909362793,0.095396146,0.0,nan,nan
SwinIR + PathologyLoss,BraTS2021_00085,31.203133,0.970399022102356,0.09444823,0.0,nan,nan
SwinIR + PathologyLoss,BraTS2021_00085,31.476055,0.970794677734375,0.093973875,0.31010452961672474,nan,nan
SwinIR + PathologyLoss,BraTS2021_00085,31.57881,0.9715521335601807,0.0923384,0.24924924924924924,nan,nan
SwinIR + PathologyLoss,BraTS2021_00085,31.634882,0.9692304134368896,0.0938571,0.4392059553349876,nan,nan
SwinIR + PathologyLoss,BraTS2021_00085,31.724766,0.9709394574165344,0.09196049,0.4778761061946903,nan,nan
SwinIR + PathologyLoss,BraTS2021_00085,31.716362,0.9720342755317688,0.092409566,0.8904109589041096,nan,nan
SwinIR + PathologyLoss,BraTS2021_00085,31.5746,0.9750364422798157,0.09037816,0.9118541033434651,0.0,0.0
SwinIR + PathologyLoss,BraTS2021_00085,31.468117,0.9749938249588013,0.091125384,0.9310810810810811,0.0,0.0
SwinIR + PathologyLoss,BraTS2021_00085,31.500776,0.9783967137336731,0.088741325,0.9039843239712606,nan,nan
SwinIR + PathologyLoss,BraTS2021_00085,31.66127,0.9794337153434753,0.08717879,0.9025,nan,nan
SwinIR + PathologyLoss,BraTS2021_00085,32.041622,0.9801933169364929,0.084584944,0.8585546633724521,0.0,0.0
SwinIR + PathologyLoss,BraTS2021_00085,31.858181,0.9804993867874146,0.08432235,0.8663484486873508,nan,nan
SwinIR + PathologyLoss,BraTS2021_00085,32.185215,0.9806655645370483,0.08414021,0.7997481108312342,nan,nan
SwinIR + PathologyLoss,BraTS2021_00085,32.237553,0.9820314049720764,0.08197382,0.8844393592677345,0.0,nan
SwinIR + PathologyLoss,BraTS2021_00085,32.53978,0.9829686284065247,0.08026286,0.8607741190063547,0.0,0.0
SwinIR + PathologyLoss,BraTS2021_00085,32.286808,0.9819192886352539,0.07999712,0.8877434135166093,0.07142857142857142,0.10526315789473684
SwinIR + PathologyLoss,BraTS2021_00085,31.772402,0.9802988171577454,0.0847007,0.9193286410395235,0.4375,0.4778761061946903
SwinIR + PathologyLoss,BraTS2021_00085,31.375786,0.9822717308998108,0.08395409,0.917558886509636,0.6115702479338843,0.6363636363636364
SwinIR + PathologyLoss,BraTS2021_00085,31.46681,0.9806524515151978,0.085010774,0.899895724713243,0.75,0.7652173913043478
SwinIR + PathologyLoss,BraTS2021_00085,31.321999,0.9811376333236694,0.08555398,0.9198813056379822,0.7692307692307693,0.7580645161290323
SwinIR + PathologyLoss,BraTS2021_00085,31.296976,0.9819144010543823,0.08442022,0.8559712967708867,0.8421052631578947,0.8421052631578947
SwinIR + PathologyLoss,BraTS2021_00085,31.36681,0.980512261390686,0.08685351,0.9084041548630784,0.717948717948718,0.8059701492537313
SwinIR + PathologyLoss,BraTS2021_00085,31.541805,0.9799309372901917,0.0874788,0.8623326959847036,0.5432098765432098,0.8
SwinIR + PathologyLoss,BraTS2021_00085,31.31646,0.9797388911247253,0.08735417,0.8550440744368266,0.4222222222222222,0.6382978723404256
SwinIR + PathologyLoss,BraTS2021_00085,30.910624,0.9777402281761169,0.09089576,0.8794848206071757,0.30952380952380953,0.6190476190476191
SwinIR + PathologyLoss,BraTS2021_00085,30.757301,0.9757269024848938,0.09443015,0.8459302325581395,0.36363636363636365,0.5074626865671642
SwinIR + PathologyLoss,BraTS2021_00085,30.500961,0.9746502637863159,0.09714132,0.8842934515017233,0.4503311258278146,0.717391304347826
SwinIR + PathologyLoss,BraTS2021_00085,30.477818,0.9718143343925476,0.09919471,0.8724899598393574,0.7280701754385965,0.6936416184971098
SwinIR + PathologyLoss,BraTS2021_00085,30.113045,0.970352053642273,0.10251774,0.8534005037783375,0.7874015748031497,0.6903553299492385
SwinIR + PathologyLoss,BraTS2021_00085,29.853302,0.9689108729362488,0.105025284,0.8836744882675986,0.6217616580310881,0.6962962962962963
SwinIR + PathologyLoss,BraTS2021_00085,29.632309,0.9709488153457642,0.1050529,0.8703412073490814,0.07462686567164178,0.13157894736842105
SwinIR + PathologyLoss,BraTS2021_00085,29.715267,0.9685098528862,0.107615404,0.8959835221421215,0.7666666666666667,0.7183098591549296
SwinIR + PathologyLoss,BraTS2021_00085,29.366062,0.9666027426719666,0.11095789,0.8584022038567493,0.7230769230769231,0.5918367346938775
SwinIR + PathologyLoss,BraTS2021_00085,29.479633,0.9671217799186707,0.112610355,0.8902109248242294,0.6870229007633588,0.6727272727272727
SwinIR + PathologyLoss,BraTS2021_00085,28.953388,0.9693204760551453,0.11342922,0.8968957871396895,0.5979381443298969,0.7945205479452054
SwinIR + PathologyLoss,BraTS2021_00085,29.1944,0.9668517112731934,0.11568355,0.8731134712129681,0.0,0.0
SwinIR + PathologyLoss,BraTS2021_00085,28.741587,0.9664230942726135,0.1192362,0.9057619816908993,0.0,0.0
SwinIR + PathologyLoss,BraTS2021_00085,28.768415,0.9678269624710083,0.12138276,0.9018766756032172,0.0,0.0
SwinIR + PathologyLoss,BraTS2021_00085,28.688812,0.968913733959198,0.12087151,0.9115138592750534,0.0,0.0
SwinIR + PathologyLoss,BraTS2021_00085,28.42447,0.9700302481651306,0.12269798,0.8981132075471698,0.42857142857142855,0.5
SwinIR + PathologyLoss,BraTS2021_00085,28.569946,0.9702785611152649,0.124650136,0.899343544857768,0.625,0.7692307692307693
SwinIR + PathologyLoss,BraTS2021_00085,28.336716,0.9692398905754089,0.13059106,0.9180887372013652,0.0,0.0
SwinIR + PathologyLoss,BraTS2021_00085,28.273554,0.9716446399688721,0.13236652,0.8823529411764706,0.0,0.0
SwinIR + PathologyLoss,BraTS2021_00085,28.635689,0.9737312197685242,0.13122343,0.9036427732079906,0.0,0.0
SwinIR + PathologyLoss,BraTS2021_00085,28.423702,0.9733786582946777,0.13627987,0.9275014979029359,0.0,nan
SwinIR + PathologyLoss,BraTS2021_00085,28.32006,0.9752817153930664,0.13544933,0.9359296482412061,nan,nan
SwinIR + PathologyLoss,BraTS2021_00085,28.116076,0.9763411283493042,0.13748778,0.9446212603437301,nan,nan
SwinIR + PathologyLoss,BraTS2021_00085,28.481941,0.9774488210678101,0.13744837,0.9426573426573427,0.0,0.0
SwinIR + PathologyLoss,BraTS2021_00085,28.648674,0.9770165681838989,0.1419969,0.9254419677171407,nan,nan
SwinIR + PathologyLoss,BraTS2021_00085,28.48913,0.9771895408630371,0.14647353,0.9394463667820069,0.0,0.0
SwinIR + PathologyLoss,BraTS2021_00085,28.36583,0.9761527180671692,0.15515316,0.872454448017149,0.0,0.0
SwinIR + PathologyLoss,BraTS2021_00085,28.804037,0.9779534339904785,0.15460868,0.9111969111969112,0.0,0.0
SwinIR + PathologyLoss,BraTS2021_00085,28.783884,0.9755001664161682,0.1684055,0.8195615514333895,0.0,nan
SwinIR + PathologyLoss,BraTS2021_00085,28.909164,0.9759340286254883,0.17282,0.8066825775656324,nan,nan
SwinIR + PathologyLoss,BraTS2021_00085,29.488697,0.9776822924613953,0.1717782,0.7984790874524715,nan,nan
SwinIR + PathologyLoss,BraTS2021_00087,30.593956,0.9821178913116455,0.14135996,0.7424242424242424,nan,nan
SwinIR + PathologyLoss,BraTS2021_00087,30.793648,0.982153058052063,0.13819478,0.8071979434447301,nan,nan
SwinIR + PathologyLoss,BraTS2021_00087,30.55381,0.9828839898109436,0.13372189,0.7532956685499058,nan,nan
SwinIR + PathologyLoss,BraTS2021_00087,30.728758,0.9830141067504883,0.13117102,0.8996188055908514,nan,nan
SwinIR + PathologyLoss,BraTS2021_00087,30.687893,0.9831064939498901,0.12821265,0.8957189901207464,nan,nan
SwinIR + PathologyLoss,BraTS2021_00087,30.45515,0.9828732013702393,0.12752616,0.8855813953488372,0.0,0.0
SwinIR + PathologyLoss,BraTS2021_00087,30.437244,0.9830877184867859,0.12435124,0.9291075896580484,0.0,0.0
SwinIR + PathologyLoss,BraTS2021_00087,30.096865,0.9821133017539978,0.12547863,0.9116497263487099,0.25,0.25
SwinIR + PathologyLoss,BraTS2021_00087,30.096968,0.9819520115852356,0.122871466,0.9097320169252469,0.2978723404255319,0.2978723404255319
SwinIR + PathologyLoss,BraTS2021_00087,30.248167,0.9816011786460876,0.12152649,0.8900900900900901,0.7416413373860182,0.70625
SwinIR + PathologyLoss,BraTS2021_00087,29.961517,0.9807393550872803,0.12152762,0.8969982342554443,0.4971751412429379,0.4253968253968254
SwinIR + PathologyLoss,BraTS2021_00087,29.570831,0.9781948924064636,0.1251168,0.9150127226463104,0.8708609271523179,0.7695167286245354
SwinIR + PathologyLoss,BraTS2021_00087,29.870796,0.9793594479560852,0.11981992,0.9127324749642346,0.8622100954979536,0.7583892617449665
SwinIR + PathologyLoss,BraTS2021_00087,29.542215,0.9778516292572021,0.12192099,0.9065934065934066,0.8822222222222222,0.7776223776223776
SwinIR + PathologyLoss,BraTS2021_00087,29.405252,0.9767621755599976,0.12161196,0.8992493085736862,0.9150849150849151,0.7978142076502732
SwinIR + PathologyLoss,BraTS2021_00087,29.589737,0.976754903793335,0.11974734,0.9204587495375509,0.9478499542543458,0.847124824684432
SwinIR + PathologyLoss,BraTS2021_00087,29.506683,0.9757272005081177,0.12127519,0.9185185185185185,0.9055374592833876,0.7723577235772358
SwinIR + PathologyLoss,BraTS2021_00087,28.84996,0.9726477861404419,0.12234534,0.924433249370277,0.9207547169811321,0.8039457459926017
SwinIR + PathologyLoss,BraTS2021_00087,29.066408,0.9668371081352234,0.12267159,0.942227896584743,0.9390243902439024,0.8690228690228691
SwinIR + PathologyLoss,BraTS2021_00087,28.954031,0.9690697193145752,0.11802362,0.9224688355123137,0.9563465413028879,0.8667413213885778
SwinIR + PathologyLoss,BraTS2021_00087,28.910654,0.9678711891174316,0.11635555,0.9316502463054187,0.9398976982097187,0.8540540540540541
SwinIR + PathologyLoss,BraTS2021_00087,29.236917,0.9704481959342957,0.11174137,0.9290822407628129,0.9398976982097187,0.8439181916038752
SwinIR + PathologyLoss,BraTS2021_00087,29.347448,0.9721774458885193,0.108529635,0.9234421364985164,0.9237057220708447,0.8440567066521265
SwinIR + PathologyLoss,BraTS2021_00087,29.418484,0.9692519903182983,0.11040087,0.9238947957470621,0.8974042027194067,0.7770204479065238
SwinIR + PathologyLoss,BraTS2021_00087,29.355999,0.9700911045074463,0.10700972,0.9292656587473002,0.8258642765685019,0.7552870090634441
SwinIR + PathologyLoss,BraTS2021_00087,29.91413,0.9692414999008179,0.10571513,0.9160819534100477,0.8869009584664537,0.7852112676056338
SwinIR + PathologyLoss,BraTS2021_00087,29.617807,0.9700201749801636,0.10340268,0.9231196225367749,0.8335588633288228,0.7902350813743219
SwinIR + PathologyLoss,BraTS2021_00087,29.70631,0.9678206443786621,0.10444413,0.9375,0.8922880815806246,0.8171861836562764
SwinIR + PathologyLoss,BraTS2021_00087,30.06121,0.9717524647712708,0.09953076,0.9431202600216685,0.8309114927344782,0.7497805092186128
SwinIR + PathologyLoss,BraTS2021_00087,30.095497,0.9692386984825134,0.10150116,0.9389292440139898,0.8734177215189873,0.8079681274900399
SwinIR + PathologyLoss,BraTS2021_00087,29.898998,0.9676717519760132,0.101453505,0.9372080954852102,0.8604954367666232,0.7295081967213115
SwinIR + PathologyLoss,BraTS2021_00087,30.102777,0.9707298278808594,0.09935866,0.914443885254152,0.6937212863705973,0.6062271062271062
SwinIR + PathologyLoss,BraTS2021_00087,30.331038,0.9729713797569275,0.0958951,0.9432540616906051,0.8667582417582418,0.7152899824253075
SwinIR + PathologyLoss,BraTS2021_00087,30.348492,0.9700539112091064,0.09778855,0.9161490683229814,0.8463989802421925,0.7376788553259142
SwinIR + PathologyLoss,BraTS2021_00087,30.567198,0.9747034907341003,0.09336762,0.8992925509779442,0.6705269253039954,0.5605658709106985
SwinIR + PathologyLoss,BraTS2021_00087,30.652466,0.9777950048446655,0.090800315,0.9133508382145021,0.6738197424892703,0.6913996627318718
SwinIR + PathologyLoss,BraTS2021_00087,30.65531,0.9774980545043945,0.091273,0.927803958529689,0.6321467098166127,0.6090775988286969
SwinIR + PathologyLoss,BraTS2021_00087,30.361774,0.9779085516929626,0.09205405,0.9298018151509538,0.6666666666666666,0.6187624750499002
SwinIR + PathologyLoss,BraTS2021_00087,30.433771,0.9788715243339539,0.090031005,0.9186046511627907,0.6044444444444445,0.553921568627451
SwinIR + PathologyLoss,BraTS2021_00087,30.31677,0.9763256907463074,0.092974655,0.9534327259341064,0.5789473684210527,0.555858310626703
SwinIR + PathologyLoss,BraTS2021_00087,30.413008,0.9797605872154236,0.08906017,0.9720710917664128,0.16091954022988506,0.16091954022988506
SwinIR + PathologyLoss,BraTS2021_00087,30.2906,0.9800320863723755,0.090251654,0.9566500645637336,0.0,0.0
SwinIR + PathologyLoss,BraTS2021_00087,30.294838,0.9810544848442078,0.08941766,0.94473293768546,0.5052631578947369,0.5052631578947369
SwinIR + PathologyLoss,BraTS2021_00087,30.49463,0.9793030023574829,0.09009826,0.9199602780536247,0.8571428571428571,0.8571428571428571
SwinIR + PathologyLoss,BraTS2021_00087,30.16773,0.9802113771438599,0.09069662,0.9424390243902439,0.12048192771084337,0.12195121951219512
SwinIR + PathologyLoss,BraTS2021_00087,30.211708,0.9791833162307739,0.09134054,0.8880245649948822,0.0,0.0
SwinIR + PathologyLoss,BraTS2021_00087,30.415352,0.980104923248291,0.089854255,0.9248908296943231,0.0,0.0
SwinIR + PathologyLoss,BraTS2021_00087,30.070389,0.9802311062812805,0.09144735,0.9286868220632356,nan,nan
SwinIR + PathologyLoss,BraTS2021_00087,30.195282,0.980725109577179,0.09109434,0.9093432007400555,0.0,0.0
SwinIR + PathologyLoss,BraTS2021_00087,30.314995,0.9816697835922241,0.09039405,0.928537170263789,nan,nan
SwinIR + PathologyLoss,BraTS2021_00087,30.329866,0.9808125495910645,0.090413906,0.8676811968016508,0.0,0.0
SwinIR + PathologyLoss,BraTS2021_00087,30.577356,0.9807469248771667,0.08994457,0.8782403770620582,0.0,0.0
SwinIR + PathologyLoss,BraTS2021_00087,30.326641,0.980671763420105,0.08968607,0.8573705179282869,0.0,0.0
SwinIR + PathologyLoss,BraTS2021_00087,30.608845,0.9817485809326172,0.086946286,0.8976377952755905,0.0,0.0
SwinIR + PathologyLoss,BraTS2021_00087,30.61183,0.9809837937355042,0.08870115,0.896551724137931,0.0,0.0
SwinIR + PathologyLoss,BraTS2021_00087,30.783682,0.9829180836677551,0.08641646,0.9133169264424391,0.0,0.0
SwinIR + PathologyLoss,BraTS2021_00087,30.975792,0.982414186000824,0.086395144,0.9039064727687482,0.06451612903225806,0.07407407407407407
SwinIR + PathologyLoss,BraTS2021_00087,30.73845,0.9835861325263977,0.08550068,0.9010297482837528,0.4909090909090909,0.5510204081632653
SwinIR + PathologyLoss,BraTS2021_00087,30.791779,0.9831663370132446,0.08537307,0.9143210640272194,0.13445378151260504,0.14432989690721648
SwinIR + PathologyLoss,BraTS2021_00087,30.966755,0.9829114079475403,0.0850283,0.8948236069897791,0.2709677419354839,0.2835820895522388
SwinIR + PathologyLoss,BraTS2021_00087,30.954235,0.9835241436958313,0.0832853,0.8952380952380953,0.057692307692307696,0.06315789473684211
SwinIR + PathologyLoss,BraTS2021_00087,31.084332,0.9821504950523376,0.08461471,0.9280742459396751,0.020833333333333332,0.022727272727272728
SwinIR + PathologyLoss,BraTS2021_00087,31.090588,0.9823278188705444,0.08406658,0.9159964253798034,0.2619047619047619,0.2619047619047619
SwinIR + PathologyLoss,BraTS2021_00087,31.186909,0.9796410202980042,0.0879932,0.8653846153846154,0.0,0.0
SwinIR + PathologyLoss,BraTS2021_00087,31.150482,0.9802008867263794,0.086564414,0.898159509202454,nan,nan
SwinIR + PathologyLoss,BraTS2021_00087,30.955017,0.9797755479812622,0.0866179,0.8220757825370676,nan,nan
SwinIR + PathologyLoss,BraTS2021_00087,30.848309,0.976287841796875,0.08894435,0.8568527918781725,nan,nan
SwinIR + PathologyLoss,BraTS2021_00087,30.749851,0.975680947303772,0.09018982,0.9,nan,nan
SwinIR + PathologyLoss,BraTS2021_00087,31.128351,0.9748783111572266,0.09139071,0.889763779527559,nan,nan
SwinIR + PathologyLoss,BraTS2021_00087,31.411734,0.9739677906036377,0.0904685,0.8726708074534162,nan,nan
SwinIR + PathologyLoss,BraTS2021_00087,31.132408,0.9756618738174438,0.09141388,0.7599164926931107,nan,nan
SwinIR + PathologyLoss,BraTS2021_00087,31.086891,0.9760996103286743,0.09015664,0.0,nan,nan
SwinIR + PathologyLoss,BraTS2021_00099,29.573612,0.9606767892837524,0.12754834,0.7973856209150327,nan,nan
SwinIR + PathologyLoss,BraTS2021_00099,29.732689,0.9593430161476135,0.12605655,0.8242424242424242,nan,nan
SwinIR + PathologyLoss,BraTS2021_00099,29.640429,0.95979905128479,0.12469726,0.7821229050279329,0.0,0.0
SwinIR + PathologyLoss,BraTS2021_00099,29.784763,0.962264895439148,0.118350066,0.6524064171122995,nan,nan
SwinIR + PathologyLoss,BraTS2021_00099,29.972284,0.9618962407112122,0.11785438,0.6869806094182825,nan,nan
SwinIR + PathologyLoss,BraTS2021_00099,29.771307,0.9622998237609863,0.1173868,0.7738095238095238,nan,nan
SwinIR + PathologyLoss,BraTS2021_00099,29.838875,0.9617413282394409,0.11667282,0.7509578544061303,nan,nan
SwinIR + PathologyLoss,BraTS2021_00099,29.998646,0.9637719392776489,0.11412862,0.5840407470288624,nan,nan
SwinIR + PathologyLoss,BraTS2021_00099,30.176363,0.9628941416740417,0.1127927,0.5996860282574569,0.0,0.0
SwinIR + PathologyLoss,BraTS2021_00099,29.992329,0.9622913002967834,0.11454051,0.6916129032258065,0.6511627906976745,0.6511627906976745
SwinIR + PathologyLoss,BraTS2021_00099,29.888916,0.9656801819801331,0.11021074,0.7832783278327833,0.6829268292682927,0.6829268292682927
SwinIR + PathologyLoss,BraTS2021_00099,30.006685,0.9648099541664124,0.11002231,0.8678861788617886,0.5952380952380952,0.5952380952380952
SwinIR + PathologyLoss,BraTS2021_00099,30.320484,0.9627705216407776,0.10939485,0.8895463510848126,0.7307692307692307,0.7307692307692307
SwinIR + PathologyLoss,BraTS2021_00099,29.840034,0.9650620222091675,0.109380834,0.8766876687668766,0.5083333333333333,0.5083333333333333
SwinIR + PathologyLoss,BraTS2021_00099,30.036,0.9630427956581116,0.10987463,0.8901200369344414,0.6285714285714286,0.6285714285714286
SwinIR + PathologyLoss,BraTS2021_00099,29.977093,0.9625946283340454,0.11201232,0.9049360146252285,0.5818181818181818,0.5818181818181818
SwinIR + PathologyLoss,BraTS2021_00099,29.740189,0.9655165076255798,0.109884225,0.8758503401360545,0.387434554973822,0.387434554973822
SwinIR + PathologyLoss,BraTS2021_00099,29.665272,0.9671652317047119,0.10964816,0.8690095846645367,0.4788732394366197,0.4788732394366197
SwinIR + PathologyLoss,BraTS2021_00099,29.750237,0.9675794839859009,0.10978573,0.8529886914378029,0.0,0.0
SwinIR + PathologyLoss,BraTS2021_00099,29.822758,0.968498170375824,0.108795404,0.8648648648648649,0.0,0.0
SwinIR + PathologyLoss,BraTS2021_00099,30.064907,0.971463143825531,0.105748944,0.733921815889029,0.0,0.0
SwinIR + PathologyLoss,BraTS2021_00099,29.814737,0.9732562899589539,0.10305976,0.8076190476190476,0.0,0.0
SwinIR + PathologyLoss,BraTS2021_00099,30.121544,0.9734368324279785,0.104437485,0.7830303030303031,0.0,0.0
SwinIR + PathologyLoss,BraTS2021_00099,30.17681,0.9735453128814697,0.102520846,0.7820069204152249,0.42718446601941745,0.42718446601941745
SwinIR + PathologyLoss,BraTS2021_00099,29.853756,0.9768333435058594,0.10055512,0.755578093306288,0.6222222222222222,0.6222222222222222
SwinIR + PathologyLoss,BraTS2021_00099,30.439552,0.9789709448814392,0.09690539,0.7637991049229239,0.17721518987341772,0.17721518987341772
SwinIR + PathologyLoss,BraTS2021_00099,30.323103,0.9790819883346558,0.09652144,0.7286486486486486,0.12280701754385964,0.12280701754385964
SwinIR + PathologyLoss,BraTS2021_00099,30.55918,0.9804851412773132,0.09379898,0.7044690052859203,0.5959183673469388,0.6108786610878661
SwinIR + PathologyLoss,BraTS2021_00099,30.680246,0.9806381464004517,0.09270051,0.726126999515269,0.7088607594936709,0.7090301003344481
SwinIR + PathologyLoss,BraTS2021_00099,30.799799,0.9808440208435059,0.093285464,0.7592679493195683,0.8582995951417004,0.7278911564625851
SwinIR + PathologyLoss,BraTS2021_00099,30.602486,0.9811920523643494,0.092115544,0.879489225857941,0.8884892086330936,0.7492063492063492
SwinIR + PathologyLoss,BraTS2021_00099,30.872429,0.9816417694091797,0.091189675,0.8743833017077799,0.9134615384615384,0.7817589576547231
SwinIR + PathologyLoss,BraTS2021_00099,30.682201,0.9810941219329834,0.09220018,0.8780487804878049,0.9261538461538461,0.7747035573122529
SwinIR + PathologyLoss,BraTS2021_00099,30.71318,0.9808724522590637,0.090220444,0.8589939024390244,0.9174560216508796,0.777027027027027
SwinIR + PathologyLoss,BraTS2021_00099,30.4373,0.9785885810852051,0.095075764,0.7814519194222729,0.9252217997465145,0.7940298507462686
SwinIR + PathologyLoss,BraTS2021_00099,30.72419,0.9773949980735779,0.09512816,0.8145285935085008,0.9603960396039604,0.8588588588588588
SwinIR + PathologyLoss,BraTS2021_00099,30.322332,0.9742059707641602,0.09839265,0.8220764183712852,0.9565217391304348,0.84593837535014
SwinIR + PathologyLoss,BraTS2021_00099,30.434399,0.973958432674408,0.098837055,0.8266013871889025,0.9187878787878788,0.740506329113924
SwinIR + PathologyLoss,BraTS2021_00099,30.082623,0.9723703265190125,0.09947492,0.8827823100042936,0.9442467378410438,0.8085106382978723
SwinIR + PathologyLoss,BraTS2021_00099,30.20913,0.9730783104896545,0.09946064,0.8967114404817045,0.94,0.8239202657807309
SwinIR + PathologyLoss,BraTS2021_00099,30.065796,0.9728928208351135,0.09931358,0.8860640301318268,0.9299867899603699,0.7887323943661971
SwinIR + PathologyLoss,BraTS2021_00099,29.849258,0.9714828729629517,0.10272338,0.9335219236209336,0.941970310391363,0.8053691275167785
SwinIR + PathologyLoss,BraTS2021_00099,29.85479,0.9711852073669434,0.103834614,0.9484240687679083,0.958217270194986,0.8541666666666666
SwinIR + PathologyLoss,BraTS2021_00099,29.800957,0.9714525938034058,0.105616145,0.9438202247191011,0.9846153846153847,0.896551724137931
SwinIR + PathologyLoss,BraTS2021_00099,29.690626,0.972317636013031,0.10517812,0.896875,0.9461426491994177,0.8169934640522876
SwinIR + PathologyLoss,BraTS2021_00099,29.487516,0.9723556637763977,0.106644645,0.9333333333333333,0.950920245398773,0.8327645051194539
SwinIR + PathologyLoss,BraTS2021_00099,29.21841,0.9721291065216064,0.109986685,0.9123767798466593,0.836555360281195,0.7165354330708661
SwinIR + PathologyLoss,BraTS2021_00099,29.383293,0.9705448150634766,0.11251097,0.8673708920187794,0.9246231155778895,0.8120805369127517
SwinIR + PathologyLoss,BraTS2021_00099,29.185083,0.9712557792663574,0.114955,0.8712166172106824,0.8081632653061225,0.6857142857142857
SwinIR + PathologyLoss,BraTS2021_00099,28.983978,0.9708697199821472,0.11671469,0.8899408284023669,0.9545454545454546,0.8754448398576512
SwinIR + PathologyLoss,BraTS2021_00099,29.126865,0.9738624095916748,0.11482902,0.9144851657940664,0.8774193548387097,0.7755102040816326
SwinIR + PathologyLoss,BraTS2021_00099,29.523258,0.9748218059539795,0.11318235,0.8673926969891096,0.8786407766990292,0.7963800904977375
SwinIR + PathologyLoss,BraTS2021_00099,29.329044,0.9754828810691833,0.11470295,0.912826899128269,0.7732558139534884,0.6632653061224489
SwinIR + PathologyLoss,BraTS2021_00099,29.509523,0.9748387932777405,0.11769966,0.9145408163265306,0.6187050359712231,0.6145833333333334
SwinIR + PathologyLoss,BraTS2021_00099,29.3421,0.9771606922149658,0.11537178,0.935966487133453,0.6995884773662552,0.6526315789473685
SwinIR + PathologyLoss,BraTS2021_00099,29.340729,0.9763479232788086,0.12045472,0.9477566072526121,0.5632183908045977,0.5512820512820513
SwinIR + PathologyLoss,BraTS2021_00099,29.134148,0.9776688814163208,0.120374806,0.9652173913043478,0.8076923076923077,0.8076923076923077
SwinIR + PathologyLoss,BraTS2021_00099,29.133055,0.977661669254303,0.12204056,0.969270166453265,0.5301204819277109,0.5301204819277109
SwinIR + PathologyLoss,BraTS2021_00099,29.247904,0.9797226786613464,0.11968865,0.9698558322411533,0.0,0.0
SwinIR + PathologyLoss,BraTS2021_00099,29.18925,0.9794577956199646,0.12331671,0.9676975945017182,nan,nan
SwinIR + PathologyLoss,BraTS2021_00099,29.105427,0.9793363213539124,0.12728281,0.9690140845070423,nan,nan
SwinIR + PathologyLoss,BraTS2021_00099,29.05288,0.9795334935188293,0.1293791,0.9666419570051891,nan,nan
SwinIR + PathologyLoss,BraTS2021_00099,28.931139,0.9801269769668579,0.1318453,0.9808135072908672,nan,nan
SwinIR + PathologyLoss,BraTS2021_00099,29.217957,0.9806158542633057,0.13455357,0.9697986577181208,nan,nan
SwinIR + PathologyLoss,BraTS2021_00099,29.543537,0.9817225337028503,0.13440017,0.959349593495935,nan,nan
SwinIR + PathologyLoss,BraTS2021_00099,29.612246,0.9817559719085693,0.13793702,0.9558067831449126,nan,nan
SwinIR + PathologyLoss,BraTS2021_00099,29.66093,0.983462929725647,0.13524507,0.953880764904387,nan,nan
SwinIR + PathologyLoss,BraTS2021_00099,30.252415,0.9836384654045105,0.13867164,0.9390070921985816,nan,nan
SwinIR + PathologyLoss,BraTS2021_00099,30.007801,0.9819923639297485,0.14915498,0.9415929203539823,nan,nan
SwinIR + PathologyLoss,BraTS2021_00099,30.64769,0.9849739074707031,0.14073253,0.9381663113006397,nan,nan
SwinIR + PathologyLoss,BraTS2021_00099,31.113283,0.9843984842300415,0.14704351,0.9408450704225352,nan,nan
SwinIR + PathologyLoss,BraTS2021_00104,31.493834,0.9500470757484436,0.069270164,0.3176178660049628,0.0,0.0
SwinIR + PathologyLoss,BraTS2021_00104,31.580946,0.9469727873802185,0.06896181,0.7438330170777988,0.45871559633027525,0.4729458917835671
SwinIR + PathologyLoss,BraTS2021_00104,31.482803,0.9542466402053833,0.06651017,0.9175627240143369,0.8703170028818443,0.8610240334378265
SwinIR + PathologyLoss,BraTS2021_00104,31.33036,0.9588108658790588,0.06715663,0.9422521655437921,0.9181739879414298,0.918967052537845
SwinIR + PathologyLoss,BraTS2021_00104,31.315325,0.9635218977928162,0.06629482,0.9547530095475301,0.9125766871165644,0.9242902208201893
SwinIR + PathologyLoss,BraTS2021_00104,31.656403,0.9645341634750366,0.06509065,0.9418647166361974,0.9281524926686217,0.9292929292929293
SwinIR + PathologyLoss,BraTS2021_00104,31.504686,0.9666239619255066,0.06357531,0.8765539173171437,0.9106728538283063,0.893483709273183
SwinIR + PathologyLoss,BraTS2021_00104,31.844683,0.9657372832298279,0.061504334,0.9222504947695788,0.925215723873442,0.9193302891933028
SwinIR + PathologyLoss,BraTS2021_00104,32.180595,0.9692797064781189,0.061145876,0.9033560434014636,0.9537037037037037,0.9132778049975502
SwinIR + PathologyLoss,BraTS2021_00104,31.712646,0.9680360555648804,0.06369513,0.91469078464923,0.9688057040998217,0.9009483667017913
SwinIR + PathologyLoss,BraTS2021_00104,31.61709,0.969145655632019,0.0636449,0.9581348708949612,0.9488734835355286,0.8500527983104541
SwinIR + PathologyLoss,BraTS2021_00104,31.462793,0.9698099493980408,0.06584691,0.9482926829268292,0.9516407599309153,0.856347438752784
SwinIR + PathologyLoss,BraTS2021_00104,31.518696,0.9722694158554077,0.06377189,0.9521759923481588,0.953858717844018,0.8569958847736625
SwinIR + PathologyLoss,BraTS2021_00104,31.57241,0.9739550948143005,0.06184505,0.9489636728326276,0.9327731092436975,0.8299445471349353
SwinIR + PathologyLoss,BraTS2021_00104,31.592867,0.9742638468742371,0.062408287,0.9560701146937892,0.9196975153042852,0.8225806451612904
SwinIR + PathologyLoss,BraTS2021_00104,31.350021,0.9736759662628174,0.0639046,0.9642705231816249,0.9385394070860448,0.8563000421407501
SwinIR + PathologyLoss,BraTS2021_00104,30.774652,0.9739356637001038,0.06543974,0.9401330376940134,0.945671223273747,0.8777096114519427
SwinIR + PathologyLoss,BraTS2021_00104,30.63299,0.9722088575363159,0.0665686,0.9397254823950666,0.8858713223407695,0.8232678769914783
SwinIR + PathologyLoss,BraTS2021_00104,30.796011,0.9732466340065002,0.06576215,0.9455484896661367,0.9612948627726953,0.9127243066884176
SwinIR + PathologyLoss,BraTS2021_00104,31.118774,0.9747055768966675,0.06502386,0.9526104417670683,0.9292582417582418,0.8843268851164627
SwinIR + PathologyLoss,BraTS2021_00104,31.325676,0.9743920564651489,0.063346386,0.9463963059626581,0.8911984410522897,0.8349514563106796
SwinIR + PathologyLoss,BraTS2021_00104,31.06995,0.9709246158599854,0.066553,0.95079950799508,0.8985700033255737,0.8563727377743551
SwinIR + PathologyLoss,BraTS2021_00104,30.953968,0.9691551327705383,0.06925751,0.9615866388308977,0.9295169946332738,0.8770457406630298
SwinIR + PathologyLoss,BraTS2021_00104,30.561216,0.9678651690483093,0.073343575,0.9556079776967618,0.9215832710978342,0.8631863186318632
SwinIR + PathologyLoss,BraTS2021_00104,30.230534,0.9684010744094849,0.07296549,0.9489277028520893,0.911981388134936,0.8520992366412213
SwinIR + PathologyLoss,BraTS2021_00104,30.617647,0.9697667956352234,0.07321785,0.9311832841244606,0.9109863672814755,0.8577036310107949
SwinIR + PathologyLoss,BraTS2021_00104,30.43791,0.9695771336555481,0.073798195,0.9181342217991433,0.8717948717948718,0.8131176999101527
SwinIR + PathologyLoss,BraTS2021_00104,30.437624,0.9687489867210388,0.07535771,0.9384575434951961,0.8735244519392917,0.8199371351594072
SwinIR + PathologyLoss,BraTS2021_00104,30.052889,0.9684739112854004,0.079047054,0.9303322615219721,0.917203767972236,0.9124126813541107
SwinIR + PathologyLoss,BraTS2021_00104,29.74953,0.9682786464691162,0.08141999,0.9453817557906777,0.8490566037735849,0.826381059751973
SwinIR + PathologyLoss,BraTS2021_00104,29.434994,0.9706409573554993,0.0834583,0.9336933693369337,0.9369482976040353,0.9141234918381831
SwinIR + PathologyLoss,BraTS2021_00104,29.775469,0.9733368754386902,0.08265224,0.9054786273329319,0.8983818770226537,0.8621908127208481
SwinIR + PathologyLoss,BraTS2021_00104,29.82159,0.9741014838218689,0.08452517,0.9643689643689644,0.9127324749642346,0.8798185941043084
SwinIR + PathologyLoss,BraTS2021_00104,29.95125,0.9781246781349182,0.082113504,0.9625340599455041,0.9371519490851233,0.9128978224455612
SwinIR + PathologyLoss,BraTS2021_00104,29.594479,0.9772337079048157,0.08901154,0.9706093189964158,0.8689275893675527,0.8306122448979592
SwinIR + PathologyLoss,BraTS2021_00104,29.247417,0.9776965379714966,0.093944706,0.9607619047619048,0.8725961538461539,0.8046647230320699
SwinIR + PathologyLoss,BraTS2021_00104,29.322052,0.980146050453186,0.09437812,0.9501396090945353,0.7527272727272727,0.703862660944206
SwinIR + PathologyLoss,BraTS2021_00104,29.24906,0.9813491702079773,0.09822378,0.9570760730981726,0.8540540540540541,0.7733333333333333
SwinIR + PathologyLoss,BraTS2021_00104,29.61231,0.9846890568733215,0.09447504,0.962929879410451,0.888135593220339,0.7854251012145749
SwinIR + PathologyLoss,BraTS2021_00104,30.319826,0.9870142340660095,0.09242269,0.9597673291323315,0.7692307692307693,0.7700534759358288
SwinIR + PathologyLoss,BraTS2021_00104,30.172081,0.9877694249153137,0.095717706,0.9578466226510919,0.8155339805825242,0.7624309392265194
SwinIR + PathologyLoss,BraTS2021_00104,29.746294,0.9873706698417664,0.1028662,0.928082191780822,0.7350427350427351,0.7428571428571429
SwinIR + PathologyLoss,BraTS2021_00104,29.96108,0.9886112809181213,0.10423372,0.9278473464519976,0.46153846153846156,0.325
SwinIR + PathologyLoss,BraTS2021_00104,30.08554,0.988632082939148,0.11037204,0.958594730238394,0.0,0.0
SwinIR + PathologyLoss,BraTS2021_00104,30.379967,0.9897608757019043,0.11143649,0.9579375848032564,nan,nan
SwinIR + PathologyLoss,BraTS2021_00104,31.403095,0.9905915260314941,0.11178652,0.9562398703403565,nan,nan
SwinIR + PathologyLoss,BraTS2021_00104,32.02564,0.990166425704956,0.12049079,0.953307392996109,0.0,0.0
SwinIR + PathologyLoss,BraTS2021_00104,32.62027,0.9907450079917908,0.12000578,0.895774647887324,nan,nan
SwinIR + PathologyLoss,BraTS2021_00104,33.05131,0.9886555075645447,0.13675377,0.7760532150776053,nan,nan
SwinIR + PathologyLoss,BraTS2021_00106,29.202656,0.9686319231987,0.09696835,0.3302180685358255,0.0,0.0
SwinIR + PathologyLoss,BraTS2021_00106,29.55989,0.9685003161430359,0.091456786,0.39271255060728744,0.0,0.0
SwinIR + PathologyLoss,BraTS2021_00106,29.418121,0.9678660035133362,0.09183814,0.6376237623762376,nan,nan
SwinIR + PathologyLoss,BraTS2021_00106,29.51427,0.9629529714584351,0.08836268,0.6967559943582511,nan,nan
SwinIR + PathologyLoss,BraTS2021_00106,29.656467,0.9639596939086914,0.08489438,0.795593635250918,0.0,0.0
SwinIR + PathologyLoss,BraTS2021_00106,29.616123,0.9576537013053894,0.08413633,0.6574074074074074,nan,nan
SwinIR + PathologyLoss,BraTS2021_00106,30.20657,0.9574120044708252,0.07975693,0.7569099929128278,nan,nan
SwinIR + PathologyLoss,BraTS2021_00106,30.571533,0.9563473463058472,0.07586061,0.8090117767537123,0.0,0.0
SwinIR + PathologyLoss,BraTS2021_00106,30.66885,0.960301399230957,0.0729344,0.7134192570128886,0.0,0.0
SwinIR + PathologyLoss,BraTS2021_00106,30.537266,0.9627922177314758,0.0714348,0.6624397666751205,0.020618556701030927,0.02318840579710145
SwinIR + PathologyLoss,BraTS2021_00106,30.68153,0.964135468006134,0.06873816,0.7128440366972477,0.41522491349480967,0.46747967479674796
SwinIR + PathologyLoss,BraTS2021_00106,31.33542,0.9720556139945984,0.0633184,0.7720135161995627,0.6591836734693878,0.6500593119810202
SwinIR + PathologyLoss,BraTS2021_00106,31.396715,0.9736601114273071,0.064385384,0.8473154362416108,0.20637329286798178,0.24057450628366248
SwinIR + PathologyLoss,BraTS2021_00106,31.68886,0.9767246842384338,0.06250615,0.8125661842569714,0.42453748782862705,0.45569620253164556
SwinIR + PathologyLoss,BraTS2021_00106,31.59533,0.9792638421058655,0.060489688,0.7906219472484532,0.2968127490039841,0.3479289940828402
SwinIR + PathologyLoss,BraTS2021_00106,31.699497,0.9803667068481445,0.060518436,0.8581264721869905,0.1359447004608295,0.164804469273743
SwinIR + PathologyLoss,BraTS2021_00106,31.677944,0.9813607335090637,0.060234167,0.8264665339255629,0.4357084357084357,0.44837758112094395
SwinIR + PathologyLoss,BraTS2021_00106,31.74995,0.9831185936927795,0.057568472,0.8335491296216372,0.5895196506550219,0.5950266429840142
SwinIR + PathologyLoss,BraTS2021_00106,31.95008,0.9818052649497986,0.057441976,0.8776178942869355,0.49797804737146156,0.4788135593220339
SwinIR + PathologyLoss,BraTS2021_00106,31.71062,0.9830368161201477,0.0587757,0.9032649962034928,0.28703703703703703,0.2222222222222222
SwinIR + PathologyLoss,BraTS2021_00106,31.869907,0.9835834503173828,0.056949615,0.9027617951668585,0.5119490175252257,0.4166666666666667
SwinIR + PathologyLoss,BraTS2021_00106,32.081802,0.9818025827407837,0.056672942,0.9247463359639233,0.5810635538261998,0.5649484536082474
SwinIR + PathologyLoss,BraTS2021_00106,31.993868,0.981702983379364,0.05656257,0.9124866595517609,0.6254859611231102,0.48795811518324606
SwinIR + PathologyLoss,BraTS2021_00106,31.910713,0.9834792613983154,0.05562518,0.9124827845248529,0.7060301507537688,0.5767829255596044
SwinIR + PathologyLoss,BraTS2021_00106,31.85392,0.9842714667320251,0.054788154,0.90734450040998,0.8587334725121781,0.7267996530789246
SwinIR + PathologyLoss,BraTS2021_00106,32.081676,0.9820897579193115,0.05459327,0.9515935777618021,0.7024554646124218,0.8252501924557352
SwinIR + PathologyLoss,BraTS2021_00106,31.964897,0.9818324446678162,0.05695758,0.9399344739716053,0.7756508422664625,0.5005500550055005
SwinIR + PathologyLoss,BraTS2021_00106,31.582632,0.9835536479949951,0.056202285,0.9447052089295936,0.8028245518739815,0.837571780147662
SwinIR + PathologyLoss,BraTS2021_00106,31.627342,0.9806119203567505,0.057943165,0.9614842649131048,0.7508122969257686,0.8741418764302059
SwinIR + PathologyLoss,BraTS2021_00106,31.659409,0.9825708270072937,0.05734815,0.9405008040431886,0.70064874884152,0.8022388059701493
SwinIR + PathologyLoss,BraTS2021_00106,31.48062,0.984643280506134,0.056378283,0.9099297012302284,0.9180120291231403,0.8001824817518248
SwinIR + PathologyLoss,BraTS2021_00106,31.583235,0.9847110509872437,0.0557835,0.9116289294350407,0.8952031775129851,0.8479103834554071
SwinIR + PathologyLoss,BraTS2021_00106,31.637676,0.9844954609870911,0.056411434,0.9455128205128205,0.864100032905561,0.7767857142857143
SwinIR + PathologyLoss,BraTS2021_00106,31.586294,0.9853138327598572,0.0567033,0.9494650580468927,0.8976034858387799,0.8521665250637214
SwinIR + PathologyLoss,BraTS2021_00106,31.407833,0.9854809045791626,0.057117436,0.9500056427039838,0.8679245283018868,0.8345864661654135
SwinIR + PathologyLoss,BraTS2021_00106,31.512127,0.9860881567001343,0.056307647,0.9448959145051764,0.8830354343054249,0.8117081695063346
SwinIR + PathologyLoss,BraTS2021_00106,31.609571,0.9835861325263977,0.05794376,0.9539420524067875,0.9029285949325436,0.8223121907332434
SwinIR + PathologyLoss,BraTS2021_00106,31.279898,0.9847670793533325,0.057777595,0.9518100611189468,0.9184876864377385,0.8242245199409158
SwinIR + PathologyLoss,BraTS2021_00106,31.51154,0.9851300716400146,0.056201156,0.9573221757322176,0.9206349206349206,0.8338164251207729
SwinIR + PathologyLoss,BraTS2021_00106,31.424488,0.9844949245452881,0.058216583,0.9560892770499757,0.9266962154790317,0.8518155053974484
SwinIR + PathologyLoss,BraTS2021_00106,31.609219,0.9860216379165649,0.05751578,0.9606083271004737,0.9425770308123249,0.8408624229979466
SwinIR + PathologyLoss,BraTS2021_00106,31.859322,0.9858461022377014,0.057422202,0.9743260590500642,0.9215547703180212,0.8201284796573876
SwinIR + PathologyLoss,BraTS2021_00106,31.700424,0.984887957572937,0.05762582,0.9625654784719561,0.9186798230690711,0.8291347207009858
SwinIR + PathologyLoss,BraTS2021_00106,31.412006,0.9855403900146484,0.060187403,0.9556726198124117,0.9625706214689266,0.8404907975460123
SwinIR + PathologyLoss,BraTS2021_00106,31.097168,0.98492431640625,0.05957343,0.9674068302817815,0.9434889434889435,0.822209096278795
SwinIR + PathologyLoss,BraTS2021_00106,31.512077,0.9857302904129028,0.059109468,0.9628088426527959,0.9232372351510941,0.8197320341047503
SwinIR + PathologyLoss,BraTS2021_00106,31.328331,0.9850026369094849,0.06115141,0.9588121368624919,0.9290076335877863,0.8287135749822317
SwinIR + PathologyLoss,BraTS2021_00106,31.349808,0.9856687784194946,0.060616218,0.9634319679545161,0.9513513513513514,0.775840597758406
SwinIR + PathologyLoss,BraTS2021_00106,31.558716,0.9860543012619019,0.059600253,0.9636174636174636,0.9060375849660136,0.8064046579330422
SwinIR + PathologyLoss,BraTS2021_00106,31.247093,0.9853542447090149,0.06289578,0.95,0.6948730711796914,0.8067675868210151
SwinIR + PathologyLoss,BraTS2021_00106,30.828308,0.9842324256896973,0.065781675,0.9513356254959006,0.8852181279119017,0.8125490196078431
SwinIR + PathologyLoss,BraTS2021_00106,30.919039,0.9817408323287964,0.0673251,0.9428805684613283,0.813953488372093,0.754257907542579
SwinIR + PathologyLoss,BraTS2021_00106,31.15753,0.9822235703468323,0.06725297,0.9434014740648032,0.8346534653465346,0.7802013422818792
SwinIR + PathologyLoss,BraTS2021_00106,30.920723,0.9841686487197876,0.067689195,0.9120107962213225,0.8598598598598599,0.7875108412836079
SwinIR + PathologyLoss,BraTS2021_00106,30.723345,0.9808634519577026,0.07306708,0.931761967117707,0.7169811320754716,0.7589098532494759
SwinIR + PathologyLoss,BraTS2021_00106,30.265675,0.9809051156044006,0.076818444,0.9260980362764203,0.5541448842419716,0.5972222222222222
SwinIR + PathologyLoss,BraTS2021_00106,30.36792,0.980357825756073,0.07846578,0.9308195699594889,0.8651551312649165,0.6985645933014354
SwinIR + PathologyLoss,BraTS2021_00106,30.269073,0.9808136224746704,0.07991144,0.9135563095815156,0.7850467289719626,0.7503045066991474
SwinIR + PathologyLoss,BraTS2021_00106,30.010418,0.9806547164916992,0.084118396,0.9172366621067032,0.5648994515539305,0.5047923322683706
SwinIR + PathologyLoss,BraTS2021_00106,29.820787,0.9815970659255981,0.08670798,0.8929587482219061,0.7695099818511797,0.6597014925373135
SwinIR + PathologyLoss,BraTS2021_00106,29.938967,0.9830825328826904,0.08944993,0.8916323731138546,0.6731601731601732,0.6962457337883959
SwinIR + PathologyLoss,BraTS2021_00106,29.99752,0.9831933975219727,0.09472678,0.8919043238270469,0.3639705882352941,0.46987951807228917
SwinIR + PathologyLoss,BraTS2021_00106,29.962683,0.9850931167602539,0.09533932,0.8687782805429864,0.3471882640586797,0.49372384937238495
SwinIR + PathologyLoss,BraTS2021_00106,29.982119,0.9857122898101807,0.0975429,0.8933929981574098,0.4837758112094395,0.5192307692307693
SwinIR + PathologyLoss,BraTS2021_00106,30.009418,0.9858575463294983,0.10334115,0.8652283552815915,0.6129032258064516,0.6324786324786325
SwinIR + PathologyLoss,BraTS2021_00106,30.213322,0.9862998723983765,0.108976185,0.8357165554496345,0.06201550387596899,0.12307692307692308
SwinIR + PathologyLoss,BraTS2021_00106,29.998363,0.9861793518066406,0.11541257,0.7353275274517228,0.0,0.0
SwinIR + PathologyLoss,BraTS2021_00106,30.319675,0.9863415360450745,0.1220003,0.7227926078028748,0.5,0.0
SwinIR + PathologyLoss,BraTS2021_00106,31.239143,0.9877939224243164,0.121440046,0.7124332570556827,nan,nan
SwinIR + PathologyLoss,BraTS2021_00106,31.238756,0.9865506291389465,0.13249393,0.7900146842878121,nan,nan
SwinIR + PathologyLoss,BraTS2021_00106,31.903515,0.9862675666809082,0.13909782,0.7753846153846153,0.0,0.0
SwinIR + PathologyLoss,BraTS2021_00107,30.928635,0.9545606970787048,0.08268074,0.03389830508474576,0.0,0.0
SwinIR + PathologyLoss,BraTS2021_00107,30.74436,0.9477923512458801,0.08355122,0.5230769230769231,0.0,0.0
SwinIR + PathologyLoss,BraTS2021_00107,30.77009,0.9454401135444641,0.0802464,0.8961538461538462,0.5591397849462365,0.6153846153846154
SwinIR + PathologyLoss,BraTS2021_00107,31.339314,0.9422420263290405,0.07868863,0.8432601880877743,0.6739130434782609,0.5836298932384342
SwinIR + PathologyLoss,BraTS2021_00107,31.470156,0.9438499808311462,0.07609704,0.8944954128440367,0.8892921960072595,0.8884297520661157
SwinIR + PathologyLoss,BraTS2021_00107,31.677277,0.9524690508842468,0.07217882,0.8551842330762639,0.8958990536277602,0.9146110056925996
SwinIR + PathologyLoss,BraTS2021_00107,31.560099,0.9516862034797668,0.07220637,0.898355754857997,0.9413533834586466,0.9504950495049505
SwinIR + PathologyLoss,BraTS2021_00107,31.688103,0.9569072127342224,0.072186284,0.9442664958360025,0.9277456647398844,0.9505582137161085
SwinIR + PathologyLoss,BraTS2021_00107,31.661057,0.9579135775566101,0.07262095,0.9512893982808023,0.845222072678331,0.9391575663026521
SwinIR + PathologyLoss,BraTS2021_00107,31.513865,0.9574965238571167,0.07141884,0.9570170895908856,0.8891537544696066,0.9331514324693042
SwinIR + PathologyLoss,BraTS2021_00107,31.725388,0.9577221274375916,0.07113507,0.9623915139826422,0.8957189901207464,0.9308176100628931
SwinIR + PathologyLoss,BraTS2021_00107,31.827614,0.9621954560279846,0.06895832,0.9652747252747252,0.8440036068530208,0.9358830146231721
SwinIR + PathologyLoss,BraTS2021_00107,31.89122,0.9630085825920105,0.06964256,0.9498164014687882,0.8703703703703703,0.9557894736842105
SwinIR + PathologyLoss,BraTS2021_00107,31.714703,0.9633030891418457,0.069099024,0.9527767283717415,0.8848384424192212,0.9316770186335404
SwinIR + PathologyLoss,BraTS2021_00107,31.668633,0.9656563401222229,0.06812239,0.9627285513361463,0.8540031397174255,0.9362162162162162
SwinIR + PathologyLoss,BraTS2021_00107,31.675106,0.968055248260498,0.06762229,0.9749916638879627,0.9087921117502055,0.912707182320442
SwinIR + PathologyLoss,BraTS2021_00107,31.695095,0.9705196022987366,0.06819227,0.9828025477707006,0.8906372934697089,0.9128094725511302
SwinIR + PathologyLoss,BraTS2021_00107,31.965405,0.9753218293190002,0.064757265,0.9839150227617602,0.8947368421052632,0.9548387096774194
SwinIR + PathologyLoss,BraTS2021_00107,31.961483,0.9763635993003845,0.06574686,0.9836448598130841,0.7708998085513721,0.9458023379383634
SwinIR + PathologyLoss,BraTS2021_00107,32.16906,0.9755144715309143,0.06432422,0.9777270131353513,0.8344733242134063,0.9152196118488254
SwinIR + PathologyLoss,BraTS2021_00107,31.989845,0.9793299436569214,0.062870964,0.984730779533887,0.7991967871485943,0.9130890052356021
SwinIR + PathologyLoss,BraTS2021_00107,31.89927,0.9781567454338074,0.06431338,0.9872272485364556,0.8363393453573814,0.923391215526047
SwinIR + PathologyLoss,BraTS2021_00107,32.13348,0.979591965675354,0.063286304,0.9860928890055104,0.7934640522875817,0.9290322580645162
SwinIR + PathologyLoss,BraTS2021_00107,32.01057,0.98032146692276,0.06434109,0.9904219518508931,0.7629911280101395,0.9180672268907563
SwinIR + PathologyLoss,BraTS2021_00107,32.11622,0.9804291129112244,0.06197441,0.9933707292197859,0.8071625344352618,0.9041095890410958
SwinIR + PathologyLoss,BraTS2021_00107,32.096733,0.9808281660079956,0.061828885,0.9895700839481049,0.8656716417910447,0.9301025163094129
SwinIR + PathologyLoss,BraTS2021_00107,32.147255,0.9809598922729492,0.061661858,0.9884130982367758,0.6815709969788519,0.9403254972875226
SwinIR + PathologyLoss,BraTS2021_00107,32.277813,0.9794014096260071,0.062005334,0.9918864097363083,0.7137150466045273,0.9558011049723757
SwinIR + PathologyLoss,BraTS2021_00107,32.461895,0.9793257713317871,0.06052547,0.9896123638206232,0.6645924082140635,0.9520078354554359
SwinIR + PathologyLoss,BraTS2021_00107,32.266552,0.979379415512085,0.06104216,0.9847156101227762,0.6866077498300476,0.96794208893485
SwinIR + PathologyLoss,BraTS2021_00107,32.36017,0.978877604007721,0.059311267,0.9851721538074893,0.5881595881595881,0.9438943894389439
SwinIR + PathologyLoss,BraTS2021_00107,32.37696,0.976450502872467,0.0600535,0.980788675429727,0.6154949784791965,0.9528301886792453
SwinIR + PathologyLoss,BraTS2021_00107,32.512196,0.9763233065605164,0.060794897,0.9769561914408711,0.6477794793261868,0.9455445544554455
SwinIR + PathologyLoss,BraTS2021_00107,32.451317,0.9775291681289673,0.061109502,0.978117048346056,0.6672240802675585,0.9237170596393898
SwinIR + PathologyLoss,BraTS2021_00107,32.462124,0.972976803779602,0.062336035,0.9736980536559705,0.49637155297532654,0.8422939068100358
SwinIR + PathologyLoss,BraTS2021_00107,32.57118,0.9735229015350342,0.061944883,0.9560949004635942,0.2942884801548887,0.8178438661710037
SwinIR + PathologyLoss,BraTS2021_00107,32.481464,0.9732708930969238,0.06298658,0.9718759060597275,0.08,0.17647058823529413
SwinIR + PathologyLoss,BraTS2021_00107,32.138783,0.9747666716575623,0.0626572,0.9750952241429827,0.0,nan
SwinIR + PathologyLoss,BraTS2021_00107,32.453094,0.9750046133995056,0.062540315,0.979752190994258,0.0,nan
SwinIR + PathologyLoss,BraTS2021_00107,32.338852,0.9718364477157593,0.064604945,0.9683683056686502,0.0,nan
SwinIR + PathologyLoss,BraTS2021_00107,32.230064,0.9711029529571533,0.06398485,0.9668578712555768,0.0,nan
SwinIR + PathologyLoss,BraTS2021_00107,32.29043,0.9682676792144775,0.06569566,0.947008547008547,0.0,nan
SwinIR + PathologyLoss,BraTS2021_00107,32.28703,0.9653263092041016,0.066854484,0.9608488840102452,0.0,0.0
SwinIR + PathologyLoss,BraTS2021_00107,31.968052,0.9641034603118896,0.07039073,0.9622566547477155,nan,nan
SwinIR + PathologyLoss,BraTS2021_00107,31.891243,0.9610929489135742,0.07188899,0.9487964989059081,nan,nan
SwinIR + PathologyLoss,BraTS2021_00107,31.858892,0.9653497338294983,0.070527434,0.9378214118747078,nan,nan
SwinIR + PathologyLoss,BraTS2021_00107,31.539852,0.9642981290817261,0.07372279,0.9314285714285714,nan,nan
SwinIR + PathologyLoss,BraTS2021_00107,31.510246,0.9602351188659668,0.077137664,0.9263721552878179,nan,nan
SwinIR + PathologyLoss,BraTS2021_00107,31.370724,0.9647656083106995,0.077541046,0.8902920284135754,nan,nan
SwinIR + PathologyLoss,BraTS2021_00107,30.971256,0.963654637336731,0.08179526,0.7876288659793814,nan,nan
SwinIR + PathologyLoss,BraTS2021_00107,30.927324,0.9629165530204773,0.08441407,0.13170731707317074,nan,nan
SwinIR + PathologyLoss,BraTS2021_00107,30.628254,0.9678113460540771,0.08424668,0.17346938775510204,nan,nan
SwinIR + PathologyLoss,BraTS2021_00110,29.042202,0.9733012318611145,0.07740534,0.3370044052863436,nan,nan
SwinIR + PathologyLoss,BraTS2021_00110,29.24113,0.9741254448890686,0.07715079,0.6325486182190379,nan,nan
SwinIR + PathologyLoss,BraTS2021_00110,29.073662,0.9763773083686829,0.07646652,0.609353507565337,nan,nan
SwinIR + PathologyLoss,BraTS2021_00110,29.550987,0.9777802228927612,0.07492675,0.6820885657633841,nan,nan
SwinIR + PathologyLoss,BraTS2021_00110,29.493544,0.9799630045890808,0.07265556,0.7069988137603797,nan,nan
SwinIR + PathologyLoss,BraTS2021_00110,29.367552,0.9826703071594238,0.07262013,0.7401224262659989,nan,nan
SwinIR + PathologyLoss,BraTS2021_00110,29.817532,0.9816420078277588,0.071655735,0.8240208877284595,nan,nan
SwinIR + PathologyLoss,BraTS2021_00110,29.727049,0.9835516214370728,0.07106491,0.7747098839535814,nan,nan
SwinIR + PathologyLoss,BraTS2021_00110,29.669664,0.9849068522453308,0.0694651,0.8498331479421579,nan,nan
SwinIR + PathologyLoss,BraTS2021_00110,29.798239,0.9861734509468079,0.06780189,0.8357908847184986,nan,nan
SwinIR + PathologyLoss,BraTS2021_00110,30.064068,0.9853727221488953,0.066104576,0.816550045634317,nan,nan
SwinIR + PathologyLoss,BraTS2021_00110,29.9811,0.986724853515625,0.06559401,0.8316831683168316,nan,nan
SwinIR + PathologyLoss,BraTS2021_00110,30.25466,0.9856345057487488,0.06358135,0.8282576135796306,nan,nan
SwinIR + PathologyLoss,BraTS2021_00110,30.244377,0.9851112365722656,0.06317741,0.802463503649635,0.0,0.0
SwinIR + PathologyLoss,BraTS2021_00110,30.155521,0.9852961301803589,0.064205274,0.7970575508437906,0.0,0.0
SwinIR + PathologyLoss,BraTS2021_00110,30.151012,0.9842800498008728,0.06390842,0.7788174397770257,0.6176470588235294,0.6666666666666666
SwinIR + PathologyLoss,BraTS2021_00110,29.99039,0.9834354519844055,0.064704955,0.7993803253292022,0.8342245989304813,0.8306010928961749
SwinIR + PathologyLoss,BraTS2021_00110,29.821234,0.983511745929718,0.06548984,0.7727920227920227,0.9191176470588235,0.922509225092251
SwinIR + PathologyLoss,BraTS2021_00110,29.907465,0.9833652973175049,0.065382704,0.7781581650119822,0.9210526315789473,0.9289617486338798
SwinIR + PathologyLoss,BraTS2021_00110,29.799198,0.9835009574890137,0.064762816,0.7936455402945557,0.8791666666666667,0.8760683760683761
SwinIR + PathologyLoss,BraTS2021_00110,29.934443,0.9833112955093384,0.065135814,0.8448188711036225,0.8756756756756757,0.8629629629629629
SwinIR + PathologyLoss,BraTS2021_00110,29.97311,0.9833319187164307,0.06468195,0.8627059410883674,0.9113475177304965,0.9143897996357013
SwinIR + PathologyLoss,BraTS2021_00110,30.01117,0.9843113422393799,0.064428635,0.877297565822156,0.9421487603305785,0.9285714285714286
SwinIR + PathologyLoss,BraTS2021_00110,30.08127,0.9842619299888611,0.06467654,0.910260751777853,0.9335219236209336,0.9204052098408104
SwinIR + PathologyLoss,BraTS2021_00110,29.703709,0.9853260517120361,0.06488721,0.8592709984152139,0.9265822784810127,0.9139922978177151
SwinIR + PathologyLoss,BraTS2021_00110,29.712914,0.9842711091041565,0.06572656,0.9111891620672353,0.9468926553672317,0.9345794392523364
SwinIR + PathologyLoss,BraTS2021_00110,29.59384,0.9833348393440247,0.06796415,0.9253119124935908,0.9388185654008439,0.93058568329718
SwinIR + PathologyLoss,BraTS2021_00110,29.591946,0.9836726784706116,0.06764869,0.9026072329688815,0.9672943508424182,0.9591002044989775
SwinIR + PathologyLoss,BraTS2021_00110,29.326225,0.9837137460708618,0.0695029,0.8835820895522388,0.9378531073446328,0.944390243902439
SwinIR + PathologyLoss,BraTS2021_00110,29.593164,0.9845293760299683,0.070259534,0.875395108966894,0.9487870619946092,0.9549218031278749
SwinIR + PathologyLoss,BraTS2021_00110,29.307081,0.9850313663482666,0.07176311,0.8958041958041958,0.9676290463692039,0.9653333333333334
SwinIR + PathologyLoss,BraTS2021_00110,29.257746,0.9850392937660217,0.073135585,0.8937163375224416,0.9723849372384937,0.9592529711375212
SwinIR + PathologyLoss,BraTS2021_00110,29.159348,0.9851524233818054,0.07466093,0.8864725396240324,0.9660314830157415,0.9663865546218487
SwinIR + PathologyLoss,BraTS2021_00110,29.070604,0.9852309226989746,0.07591678,0.8812418178417805,0.966199505358615,0.9616026711185309
SwinIR + PathologyLoss,BraTS2021_00110,28.673737,0.9844949841499329,0.07900371,0.8805602877153133,0.9635036496350365,0.9647251845775225
SwinIR + PathologyLoss,BraTS2021_00110,28.364985,0.9844759702682495,0.080700114,0.8733040321039557,0.9641434262948207,0.9612903225806452
SwinIR + PathologyLoss,BraTS2021_00110,28.68517,0.9861578941345215,0.08005982,0.8745277391131437,0.9741985926505082,0.9650238473767886
SwinIR + PathologyLoss,BraTS2021_00110,28.703846,0.9861843585968018,0.08094896,0.8716996699669967,0.9688473520249221,0.9630793401413983
SwinIR + PathologyLoss,BraTS2021_00110,28.476105,0.9862216114997864,0.084788814,0.8550968828980623,0.9708141321044547,0.9584964761158966
SwinIR + PathologyLoss,BraTS2021_00110,28.76532,0.9869840741157532,0.08380266,0.8500333259275716,0.9678407350689127,0.9587548638132296
SwinIR + PathologyLoss,BraTS2021_00110,28.452358,0.9867796897888184,0.08737748,0.8354253835425384,0.9570647931303669,0.9533596837944665
SwinIR + PathologyLoss,BraTS2021_00110,28.893879,0.9880897998809814,0.08642783,0.8581979320531757,0.9697933227344993,0.9562398703403565
SwinIR + PathologyLoss,BraTS2021_00110,28.97863,0.9884975552558899,0.08819602,0.8554617549245331,0.972176759410802,0.960735171261487
SwinIR + PathologyLoss,BraTS2021_00110,29.121899,0.9893192052841187,0.08763737,0.8519424069546319,0.9714285714285714,0.9604916593503073
SwinIR + PathologyLoss,BraTS2021_00110,29.119604,0.9896969795227051,0.091103755,0.8180790960451978,0.9669499527856469,0.9643888354186718
SwinIR + PathologyLoss,BraTS2021_00110,29.345276,0.9898484349250793,0.092585824,0.8551541266158436,0.9614984391259105,0.959830866807611
SwinIR + PathologyLoss,BraTS2021_00110,29.293278,0.990278959274292,0.09513673,0.8018648018648019,0.9257861635220126,0.9317889317889317
SwinIR + PathologyLoss,BraTS2021_00110,29.72881,0.9908105731010437,0.09479113,0.8273092369477911,0.9145427286356822,0.9176829268292683
SwinIR + PathologyLoss,BraTS2021_00110,29.282837,0.9898474812507629,0.10358956,0.7466216216216216,0.8957871396895787,0.8940092165898618
SwinIR + PathologyLoss,BraTS2021_00110,30.167952,0.9907018542289734,0.101366185,0.7507692307692307,0.9180327868852459,0.9329608938547486
SwinIR + PathologyLoss,BraTS2021_00110,30.309566,0.9909898042678833,0.10462997,0.768231046931408,0.7544910179640718,0.782608695652174
SwinIR + PathologyLoss,BraTS2021_00110,30.026495,0.9892356991767883,0.11735371,0.7122774133083412,0.0,0.0
SwinIR + PathologyLoss,BraTS2021_00110,30.637617,0.9890740513801575,0.12418166,0.7959183673469388,0.0,0.0
SwinIR + PathologyLoss,BraTS2021_00110,31.205683,0.989274263381958,0.12630463,0.6382393397524071,nan,nan
SwinIR + PathologyLoss,BraTS2021_00110,31.817797,0.9878794550895691,0.13888466,0.7056603773584905,nan,nan
SwinIR + PathologyLoss,BraTS2021_00110,31.879988,0.9850431084632874,0.15794905,0.7577319587628866,nan,nan
SwinIR + PathologyLoss,BraTS2021_00112,31.042536,0.9887322187423706,0.08887923,0.0,nan,nan
SwinIR + PathologyLoss,BraTS2021_00112,31.268597,0.9896675944328308,0.08459267,0.0,nan,nan
SwinIR + PathologyLoss,BraTS2021_00112,31.387661,0.9897798895835876,0.083419524,0.0,nan,nan
SwinIR + PathologyLoss,BraTS2021_00112,31.73506,0.9895957708358765,0.08307246,0.0,nan,nan
SwinIR + PathologyLoss,BraTS2021_00112,31.570145,0.9894527792930603,0.08389255,0.0,nan,nan
SwinIR + PathologyLoss,BraTS2021_00112,31.065062,0.9890148639678955,0.086394444,0.0,nan,nan
SwinIR + PathologyLoss,BraTS2021_00112,30.775726,0.9882326722145081,0.08875102,0.0,nan,nan
SwinIR + PathologyLoss,BraTS2021_00112,30.83791,0.9885662794113159,0.08812459,0.0,nan,nan
SwinIR + PathologyLoss,BraTS2021_00112,30.956207,0.9892533421516418,0.08545047,0.0,nan,nan
SwinIR + PathologyLoss,BraTS2021_00112,31.238708,0.9890566468238831,0.084777236,0.0,nan,nan
SwinIR + PathologyLoss,BraTS2021_00112,30.982855,0.9886409640312195,0.08559386,0.0,nan,nan
SwinIR + PathologyLoss,BraTS2021_00112,30.41421,0.9890124797821045,0.085906826,0.0,nan,nan
SwinIR + PathologyLoss,BraTS2021_00112,30.14853,0.9882993102073669,0.0878537,0.12060301507537688,nan,nan
SwinIR + PathologyLoss,BraTS2021_00112,30.272816,0.9871795177459717,0.08997372,0.24150943396226415,nan,nan
SwinIR + PathologyLoss,BraTS2021_00112,30.21803,0.9874768257141113,0.089023195,0.2958579881656805,nan,nan
SwinIR + PathologyLoss,BraTS2021_00112,29.49934,0.9847177863121033,0.09318804,0.2523809523809524,nan,nan
SwinIR + PathologyLoss,BraTS2021_00112,29.51087,0.9846847653388977,0.09136212,0.1781818181818182,nan,nan
SwinIR + PathologyLoss,BraTS2021_00112,29.228832,0.9816156625747681,0.09049515,0.1001788908765653,nan,nan
SwinIR + PathologyLoss,BraTS2021_00112,29.637768,0.9818353056907654,0.08610847,0.22547584187408493,0.0,nan
SwinIR + PathologyLoss,BraTS2021_00112,30.040703,0.9844191074371338,0.08137677,0.19624819624819625,0.0,nan
SwinIR + PathologyLoss,BraTS2021_00112,29.650936,0.9832860231399536,0.08306815,0.34221598877980364,0.0,nan
SwinIR + PathologyLoss,BraTS2021_00112,29.930374,0.9835634231567383,0.080151476,0.42144638403990026,0.0,nan
SwinIR + PathologyLoss,BraTS2021_00112,29.856476,0.9851967692375183,0.078328565,0.4336175395858709,0.0,nan
SwinIR + PathologyLoss,BraTS2021_00112,30.09614,0.9855983853340149,0.07654913,0.5634408602150538,0.0,0.0
SwinIR + PathologyLoss,BraTS2021_00112,30.65496,0.9863988161087036,0.07356631,0.5726227795193313,0.0,0.0
SwinIR + PathologyLoss,BraTS2021_00112,31.141209,0.9863832592964172,0.07133733,0.6376237623762376,0.0,nan
SwinIR + PathologyLoss,BraTS2021_00112,30.948336,0.9862984418869019,0.071330935,0.7925486875529213,0.0,0.0
SwinIR + PathologyLoss,BraTS2021_00112,30.393553,0.987277626991272,0.07237309,0.637537239324727,nan,nan
SwinIR + PathologyLoss,BraTS2021_00112,30.326708,0.9871379137039185,0.07373426,0.7303058387395737,0.0,0.0
SwinIR + PathologyLoss,BraTS2021_00112,30.59849,0.9867636561393738,0.073748,0.7628676470588235,nan,nan
SwinIR + PathologyLoss,BraTS2021_00112,30.99861,0.9877195358276367,0.07181471,0.8263473053892215,0.0,0.0
SwinIR + PathologyLoss,BraTS2021_00112,30.961187,0.9870398044586182,0.07184758,0.8378378378378378,0.0,0.0
SwinIR + PathologyLoss,BraTS2021_00112,30.981493,0.9888189435005188,0.06837599,0.7400379506641366,0.0,0.0
SwinIR + PathologyLoss,BraTS2021_00112,31.38425,0.9875728487968445,0.068259686,0.8140610545790934,nan,nan
SwinIR + PathologyLoss,BraTS2021_00112,30.923195,0.9867652654647827,0.07151883,0.7248182762201454,nan,nan
SwinIR + PathologyLoss,BraTS2021_00112,30.692501,0.9862532019615173,0.07340772,0.8008088978766431,nan,nan
SwinIR + PathologyLoss,BraTS2021_00112,30.341032,0.9879894256591797,0.07405857,0.6121919584954605,nan,nan
SwinIR + PathologyLoss,BraTS2021_00112,30.264883,0.9880045652389526,0.073403016,0.6267942583732058,nan,nan
SwinIR + PathologyLoss,BraTS2021_00112,30.844107,0.9890163540840149,0.07095778,0.4513888888888889,nan,nan
SwinIR + PathologyLoss,BraTS2021_00112,31.349327,0.9883993268013,0.069037065,0.6303630363036303,0.0,0.0
SwinIR + PathologyLoss,BraTS2021_00112,31.405998,0.9886621832847595,0.068469465,0.448559670781893,nan,nan
SwinIR + PathologyLoss,BraTS2021_00112,31.403519,0.9897584915161133,0.06825644,0.5564853556485355,nan,nan
SwinIR + PathologyLoss,BraTS2021_00112,31.129435,0.9906564950942993,0.067905545,0.3157894736842105,nan,nan
SwinIR + PathologyLoss,BraTS2021_00112,30.944366,0.9907821416854858,0.067984484,0.20359281437125748,nan,nan
SwinIR + PathologyLoss,BraTS2021_00112,30.965717,0.9905466437339783,0.06885777,0.16286644951140064,nan,nan
SwinIR + PathologyLoss,BraTS2021_00112,31.116045,0.9898329377174377,0.06863412,0.1588447653429603,nan,nan
SwinIR + PathologyLoss,BraTS2021_00112,31.67852,0.9903098940849304,0.06605332,0.16666666666666666,nan,nan
SwinIR + PathologyLoss,BraTS2021_00112,31.258755,0.990628719329834,0.06627992,0.0,nan,nan
SwinIR + PathologyLoss,BraTS2021_00112,31.68868,0.9902902841567993,0.06651875,0.0,nan,nan
SwinIR + PathologyLoss,BraTS2021_00112,31.625977,0.9915655851364136,0.064387694,0.0,nan,nan
SwinIR + PathologyLoss,BraTS2021_00112,31.706694,0.9912407398223877,0.06428169,0.0,nan,nan
SwinIR + PathologyLoss,BraTS2021_00112,30.898525,0.9903302788734436,0.068885684,0.0,nan,nan
SwinIR + PathologyLoss,BraTS2021_00112,31.747992,0.9902900457382202,0.06623925,0.0,nan,nan
SwinIR + PathologyLoss,BraTS2021_00112,31.455662,0.9910911321640015,0.06577798,0.0,nan,nan
SwinIR + PathologyLoss,BraTS2021_00112,31.938581,0.9904013872146606,0.0648931,0.0,nan,nan
SwinIR + PathologyLoss,BraTS2021_00112,31.91322,0.9904881119728088,0.06485773,0.0,nan,nan
SwinIR + PathologyLoss,BraTS2021_00112,31.75616,0.9909212589263916,0.06458276,0.0,nan,nan
SwinIR + PathologyLoss,BraTS2021_00128,31.22971,0.9912043213844299,0.07904012,0.19569471624266144,nan,nan
SwinIR + PathologyLoss,BraTS2021_00128,31.252693,0.9905900955200195,0.08090202,0.46925972396486826,nan,nan
SwinIR + PathologyLoss,BraTS2021_00128,31.074364,0.9907799363136292,0.08013265,0.46326836581709147,0.0,0.0
SwinIR + PathologyLoss,BraTS2021_00128,31.195107,0.9909616708755493,0.07919266,0.570264765784114,0.0,0.0
SwinIR + PathologyLoss,BraTS2021_00128,30.72276,0.9907843470573425,0.08024201,0.593698175787728,0.0,0.0
SwinIR + PathologyLoss,BraTS2021_00128,30.730236,0.9900103807449341,0.08158057,0.756591048436542,0.0,0.0
SwinIR + PathologyLoss,BraTS2021_00128,30.940483,0.9907531142234802,0.079175495,0.7737384698860553,0.0,0.0
SwinIR + PathologyLoss,BraTS2021_00128,30.904564,0.9906358122825623,0.080079995,0.7637209302325582,0.0,0.0
SwinIR + PathologyLoss,BraTS2021_00128,30.478418,0.9907068610191345,0.07942596,0.7776332899869961,0.0,0.0
SwinIR + PathologyLoss,BraTS2021_00128,30.561893,0.9907207489013672,0.07918007,0.7931179185900126,0.0,0.0
SwinIR + PathologyLoss,BraTS2021_00128,30.998737,0.990675151348114,0.078458525,0.853195164075993,0.0,0.0
SwinIR + PathologyLoss,BraTS2021_00128,30.419914,0.9908033609390259,0.077161595,0.8279282716520412,0.0,0.0
SwinIR + PathologyLoss,BraTS2021_00128,30.377796,0.9901283979415894,0.07933221,0.8575780654988576,0.0,0.0
SwinIR + PathologyLoss,BraTS2021_00128,30.746159,0.9903467297554016,0.07675257,0.9249800478850758,0.0,0.0
SwinIR + PathologyLoss,BraTS2021_00128,30.698698,0.9902050495147705,0.07640623,0.9126063418406806,0.0,0.0
SwinIR + PathologyLoss,BraTS2021_00128,30.452007,0.9904242157936096,0.07503211,0.8784977908689249,0.25877192982456143,0.4
SwinIR + PathologyLoss,BraTS2021_00128,30.726486,0.9893961548805237,0.0771892,0.9188982402448355,0.5486725663716814,0.6051660516605166
SwinIR + PathologyLoss,BraTS2021_00128,30.384485,0.9884581565856934,0.0777331,0.9176470588235294,0.6854990583804144,0.7673860911270983
SwinIR + PathologyLoss,BraTS2021_00128,30.384918,0.988632321357727,0.07621005,0.873967684021544,0.7329650092081031,0.7666666666666667
SwinIR + PathologyLoss,BraTS2021_00128,30.008343,0.9870530962944031,0.07709978,0.9284099472494348,0.8074534161490683,0.7641196013289037
SwinIR + PathologyLoss,BraTS2021_00128,30.33698,0.986122727394104,0.07689259,0.9187384044526902,0.8789531079607416,0.8952380952380953
SwinIR + PathologyLoss,BraTS2021_00128,30.041767,0.9848177433013916,0.07852802,0.932009167303285,0.827503015681544,0.8103448275862069
SwinIR + PathologyLoss,BraTS2021_00128,30.09526,0.9860320687294006,0.07583886,0.9060277049794084,0.8119266055045872,0.8084112149532711
SwinIR + PathologyLoss,BraTS2021_00128,30.226233,0.9848220348358154,0.074275956,0.8784510577267838,0.8933200398803589,0.8877654196157735
SwinIR + PathologyLoss,BraTS2021_00128,30.449657,0.9865018129348755,0.071881756,0.8244224422442245,0.8888888888888888,0.8477206595538312
SwinIR + PathologyLoss,BraTS2021_00128,30.332188,0.9829848408699036,0.0747871,0.9359067734887109,0.943986820428336,0.8955223880597015
SwinIR + PathologyLoss,BraTS2021_00128,30.260317,0.9843125343322754,0.072939694,0.8778877887788779,0.9595808383233533,0.9359605911330049
SwinIR + PathologyLoss,BraTS2021_00128,30.333103,0.9822691679000854,0.07423916,0.9042244437278297,0.9371980676328503,0.9027303754266212
SwinIR + PathologyLoss,BraTS2021_00128,30.816698,0.9834691882133484,0.07045367,0.9186302230600063,0.9660908509277031,0.9197431781701445
SwinIR + PathologyLoss,BraTS2021_00128,30.393002,0.982207715511322,0.07001573,0.9193548387096774,0.9698461538461538,0.9272869429241595
SwinIR + PathologyLoss,BraTS2021_00128,30.898687,0.9836974740028381,0.067728706,0.9119318181818182,0.9793021880544057,0.9646017699115044
SwinIR + PathologyLoss,BraTS2021_00128,30.821217,0.9815733432769775,0.06963707,0.952216465169833,0.9803240740740741,0.9532163742690059
SwinIR + PathologyLoss,BraTS2021_00128,30.847483,0.9814526438713074,0.06741594,0.9516853932584269,0.9697303247110622,0.9512697323266986
SwinIR + PathologyLoss,BraTS2021_00128,30.630077,0.9834915399551392,0.06824525,0.8986315255955398,0.9746903607969843,0.9502018842530283
SwinIR + PathologyLoss,BraTS2021_00128,30.799545,0.9819357395172119,0.068749465,0.9456802897051215,0.9695982627578719,0.9382373351839001
SwinIR + PathologyLoss,BraTS2021_00128,31.001188,0.9844609498977661,0.06576328,0.9408479309469409,0.9799154334038055,0.9497655726724715
SwinIR + PathologyLoss,BraTS2021_00128,30.945559,0.985543966293335,0.064642616,0.9385502884374216,0.9800629590766002,0.9163179916317992
SwinIR + PathologyLoss,BraTS2021_00128,31.097956,0.9863967895507812,0.0636996,0.9389083625438157,0.9807592303692148,0.9170664838930774
SwinIR + PathologyLoss,BraTS2021_00128,30.993546,0.98432457447052,0.06552412,0.9588205388917133,0.9721199368753288,0.9081081081081082
SwinIR + PathologyLoss,BraTS2021_00128,30.991505,0.9848642945289612,0.064395756,0.9590080971659919,0.9801395598497048,0.924380704041721
SwinIR + PathologyLoss,BraTS2021_00128,31.1562,0.9837397336959839,0.064915076,0.9604863221884499,0.9727019498607242,0.9452229299363057
SwinIR + PathologyLoss,BraTS2021_00128,30.852137,0.9839377403259277,0.06599779,0.954040404040404,0.9781710914454277,0.930264048747461
SwinIR + PathologyLoss,BraTS2021_00128,31.165695,0.9856056571006775,0.06523176,0.9551330798479087,0.9776435045317221,0.9400544959128065
SwinIR + PathologyLoss,BraTS2021_00128,30.95627,0.9837653636932373,0.06515029,0.954638124362895,0.9777503090234858,0.9504685408299867
SwinIR + PathologyLoss,BraTS2021_00128,31.167116,0.983405590057373,0.06583348,0.9506520071592943,0.980719794344473,0.9699042407660738
SwinIR + PathologyLoss,BraTS2021_00128,31.31625,0.9838045239448547,0.06554824,0.9476141078838174,0.9785809906291834,0.953203743700504
SwinIR + PathologyLoss,BraTS2021_00128,31.258642,0.9829692840576172,0.06571586,0.9366362451108213,0.967519004837595,0.9533527696793003
SwinIR + PathologyLoss,BraTS2021_00128,30.999605,0.9802564978599548,0.06798491,0.9354666666666667,0.9743589743589743,0.9568
SwinIR + PathologyLoss,BraTS2021_00128,31.22854,0.9829980731010437,0.065515414,0.8961314255431903,0.9655172413793104,0.9555375909458367
SwinIR + PathologyLoss,BraTS2021_00128,31.007412,0.9816069602966309,0.068471424,0.9149177538287011,0.9445910290237467,0.8833652007648184
SwinIR + PathologyLoss,BraTS2021_00128,31.221025,0.9796762466430664,0.06838673,0.9227974568574023,0.9618021547502449,0.8810289389067524
SwinIR + PathologyLoss,BraTS2021_00128,31.17708,0.9813272356987,0.06819834,0.8895078922934077,0.9384288747346072,0.9003359462486002
SwinIR + PathologyLoss,BraTS2021_00128,30.986126,0.980226993560791,0.07203698,0.877745001638807,0.9284818067754078,0.874828060522696
SwinIR + PathologyLoss,BraTS2021_00128,30.764578,0.9796105623245239,0.07264452,0.8660714285714286,0.8892355694227769,0.8912655971479501
SwinIR + PathologyLoss,BraTS2021_00128,30.887573,0.9793425798416138,0.07473288,0.8516081871345029,0.8820116054158608,0.8495934959349594
SwinIR + PathologyLoss,BraTS2021_00128,30.436287,0.978820264339447,0.07740989,0.8117966627861855,0.8672566371681416,0.8558352402745996
SwinIR + PathologyLoss,BraTS2021_00128,30.47827,0.9812130928039551,0.07721513,0.7620689655172413,0.593607305936073,0.5953488372093023
SwinIR + PathologyLoss,BraTS2021_00128,30.484425,0.980467677116394,0.07877275,0.7036850075719334,0.27450980392156865,0.27722772277227725
SwinIR + PathologyLoss,BraTS2021_00128,30.532763,0.9795668721199036,0.07963324,0.6568446899938613,0.25806451612903225,0.25806451612903225
SwinIR + PathologyLoss,BraTS2021_00128,30.433159,0.981290876865387,0.07990157,0.6509505703422053,nan,nan
SwinIR + PathologyLoss,BraTS2021_00128,30.372746,0.9795750379562378,0.08451286,0.688195991091314,nan,nan
SwinIR + PathologyLoss,BraTS2021_00128,30.140175,0.9801610112190247,0.08697189,0.6042553191489362,nan,nan
SwinIR + PathologyLoss,BraTS2021_00128,30.161648,0.9800106287002563,0.08835339,0.5868725868725869,nan,nan
SwinIR + PathologyLoss,BraTS2021_00130,30.819927,0.982022762298584,0.1126373,0.8833922261484098,nan,nan
SwinIR + PathologyLoss,BraTS2021_00130,30.972795,0.9822901487350464,0.10989109,0.8578811369509044,nan,nan
SwinIR + PathologyLoss,BraTS2021_00130,31.377117,0.9827799201011658,0.10719157,0.7045951859956237,nan,nan
SwinIR + PathologyLoss,BraTS2021_00130,31.270523,0.9831263422966003,0.1048939,0.8368794326241135,0.35294117647058826,0.35294117647058826
SwinIR + PathologyLoss,BraTS2021_00130,31.178928,0.9833466410636902,0.10442578,0.8699551569506726,0.6808510638297872,0.6808510638297872
SwinIR + PathologyLoss,BraTS2021_00130,30.939177,0.9826549887657166,0.106210604,0.9138211382113821,0.8115942028985508,0.8059701492537313
SwinIR + PathologyLoss,BraTS2021_00130,30.79319,0.9812929630279541,0.10692545,0.8869088416723784,0.5769230769230769,0.5665236051502146
SwinIR + PathologyLoss,BraTS2021_00130,30.566448,0.9801268577575684,0.10753286,0.9419206440483037,0.7794871794871795,0.7227272727272728
SwinIR + PathologyLoss,BraTS2021_00130,29.98233,0.9763262867927551,0.109772354,0.9585547290116897,0.9076923076923077,0.7951807228915663
SwinIR + PathologyLoss,BraTS2021_00130,30.008947,0.9744414687156677,0.10665421,0.9588900308324769,0.9107856191744341,0.7329545454545454
SwinIR + PathologyLoss,BraTS2021_00130,30.29907,0.9737660884857178,0.10235661,0.9450222882615156,0.8742058449809402,0.5882352941176471
SwinIR + PathologyLoss,BraTS2021_00130,30.360981,0.9726945161819458,0.099902555,0.9576392194193242,0.9449339207048458,0.6970684039087948
SwinIR + PathologyLoss,BraTS2021_00130,30.613655,0.9714864492416382,0.0983792,0.9456029011786038,0.8277404921700223,0.6242424242424243
SwinIR + PathologyLoss,BraTS2021_00130,30.47322,0.9692835211753845,0.097794816,0.9086206896551724,0.8089500860585198,0.6714975845410628
SwinIR + PathologyLoss,BraTS2021_00130,30.906755,0.9724176526069641,0.09164122,0.9595838335334134,0.8786039453717754,0.6887661141804788
SwinIR + PathologyLoss,BraTS2021_00130,31.010191,0.9732605814933777,0.08898241,0.9732661759008137,0.9388928828181164,0.7877094972067039
SwinIR + PathologyLoss,BraTS2021_00130,30.60522,0.9687840342521667,0.091868676,0.9721904761904762,0.9408528198074277,0.7810810810810811
SwinIR + PathologyLoss,BraTS2021_00130,30.631367,0.9667417407035828,0.09148557,0.9762452107279693,0.9444072337575352,0.7337110481586402
SwinIR + PathologyLoss,BraTS2021_00130,31.03446,0.9670057892799377,0.08871992,0.9692599620493358,0.9065656565656566,0.6913229018492176
SwinIR + PathologyLoss,BraTS2021_00130,30.968353,0.9699143767356873,0.08580519,0.9689213893967094,0.9318036966220523,0.6585034013605442
SwinIR + PathologyLoss,BraTS2021_00130,31.077831,0.9690472483634949,0.085494556,0.9626704953338119,0.9435382685069009,0.7203389830508474
SwinIR + PathologyLoss,BraTS2021_00130,31.25317,0.9711767435073853,0.084684476,0.9738184291057463,0.9282648681790313,0.6843501326259946
SwinIR + PathologyLoss,BraTS2021_00130,31.320618,0.9736106991767883,0.083846524,0.967438737831487,0.9501538461538461,0.7065368567454798
SwinIR + PathologyLoss,BraTS2021_00130,31.168312,0.9756447672843933,0.08249496,0.9692058346839546,0.9327830188679245,0.7371134020618557
SwinIR + PathologyLoss,BraTS2021_00130,31.267925,0.975813090801239,0.083079286,0.9662420382165605,0.9318051575931232,0.7275242047026279
SwinIR + PathologyLoss,BraTS2021_00130,31.406284,0.9769418239593506,0.08304799,0.9532949456174025,0.9395509499136442,0.7015098722415796
SwinIR + PathologyLoss,BraTS2021_00130,31.440163,0.9768576622009277,0.08284866,0.9523510971786834,0.9438717067583047,0.7142857142857143
SwinIR + PathologyLoss,BraTS2021_00130,31.352745,0.9766783118247986,0.08237264,0.9572755417956657,0.9453340695748206,0.7535911602209945
SwinIR + PathologyLoss,BraTS2021_00130,31.086514,0.9746041893959045,0.08594426,0.9537123330226779,0.9421579532814238,0.7116104868913857
SwinIR + PathologyLoss,BraTS2021_00130,31.493828,0.9749380946159363,0.08308951,0.9436220472440945,0.9114470842332614,0.685069008782936
SwinIR + PathologyLoss,BraTS2021_00130,31.467415,0.9770818948745728,0.08238717,0.9582659333549013,0.9458850056369785,0.7195767195767195
SwinIR + PathologyLoss,BraTS2021_00130,31.136929,0.9745392799377441,0.085595705,0.9564356435643564,0.9571759259259259,0.7139689578713969
SwinIR + PathologyLoss,BraTS2021_00130,31.30105,0.9759954214096069,0.08545118,0.9581239530988275,0.9711884753901561,0.7829977628635347
SwinIR + PathologyLoss,BraTS2021_00130,31.436884,0.9769274592399597,0.08385814,0.9673768308921438,0.9637173774665818,0.8560794044665012
SwinIR + PathologyLoss,BraTS2021_00130,31.424469,0.9778035879135132,0.08143603,0.9775725593667546,0.9694606887589343,0.8866213151927438
SwinIR + PathologyLoss,BraTS2021_00130,31.462055,0.9766204357147217,0.08304943,0.9722129226648811,0.9745649263721553,0.8952569169960475
SwinIR + PathologyLoss,BraTS2021_00130,31.444252,0.977226972579956,0.08263486,0.969737279680745,0.9330484330484331,0.8704253214638972
SwinIR + PathologyLoss,BraTS2021_00130,31.569292,0.9784111976623535,0.081810586,0.967848856479947,0.9627465303140978,0.9083665338645418
SwinIR + PathologyLoss,BraTS2021_00130,31.53079,0.977050244808197,0.08494615,0.9606245756958588,0.9632525410476935,0.8958333333333334
SwinIR + PathologyLoss,BraTS2021_00130,31.877708,0.9783948659896851,0.08149417,0.9692622950819673,0.9698942229454841,0.8763736263736264
SwinIR + PathologyLoss,BraTS2021_00130,31.80958,0.9781143069267273,0.08150332,0.9624217118997912,0.9666110183639399,0.9004457652303121
SwinIR + PathologyLoss,BraTS2021_00130,31.682236,0.9786120653152466,0.081686236,0.9667820069204153,0.9722222222222222,0.9049180327868852
SwinIR + PathologyLoss,BraTS2021_00130,32.052876,0.9795165657997131,0.08135392,0.9368794326241134,0.9657089898053753,0.9100917431192661
SwinIR + PathologyLoss,BraTS2021_00130,31.903034,0.9801997542381287,0.07943136,0.9616819260766362,0.9588516746411483,0.9038854805725971
SwinIR + PathologyLoss,BraTS2021_00130,32.21871,0.9799836874008179,0.07931492,0.9433573635427395,0.9702970297029703,0.9058823529411765
SwinIR + PathologyLoss,BraTS2021_00130,32.133377,0.9820346236228943,0.07904975,0.958904109589041,0.9478168264110756,0.8812877263581489
SwinIR + PathologyLoss,BraTS2021_00130,32.411877,0.9841538071632385,0.07509659,0.9658405894172807,0.8918640576725025,0.8198970840480274
SwinIR + PathologyLoss,BraTS2021_00130,32.44191,0.9826938509941101,0.07862193,0.9665071770334929,0.8449438202247191,0.8081936685288641
SwinIR + PathologyLoss,BraTS2021_00130,32.517876,0.9824358820915222,0.07689861,0.9545942080800858,0.9256198347107438,0.8936170212765957
SwinIR + PathologyLoss,BraTS2021_00130,32.473976,0.9824680089950562,0.0756006,0.9731123388581953,0.945985401459854,0.9048473967684022
SwinIR + PathologyLoss,BraTS2021_00130,32.62624,0.9821601510047913,0.07521622,0.96983581519664,0.9328621908127208,0.9001883239171374
SwinIR + PathologyLoss,BraTS2021_00130,32.913403,0.982052206993103,0.07394394,0.9757785467128027,0.7620578778135049,0.8935281837160751
SwinIR + PathologyLoss,BraTS2021_00130,33.15252,0.979343056678772,0.07542847,0.9659270998415214,0.8137254901960784,0.6818181818181818
SwinIR + PathologyLoss,BraTS2021_00130,33.166824,0.9806994199752808,0.07247523,0.9773719730051608,0.3786008230452675,0.43410852713178294
SwinIR + PathologyLoss,BraTS2021_00130,33.408367,0.9779332876205444,0.07372338,0.9347917543121582,0.0,0.0
SwinIR + PathologyLoss,BraTS2021_00130,33.261314,0.9786981344223022,0.07317522,0.9578163771712159,0.0,0.0
SwinIR + PathologyLoss,BraTS2021_00130,33.45092,0.9756845235824585,0.072384536,0.9455301455301456,0.0,nan
SwinIR + PathologyLoss,BraTS2021_00130,33.315105,0.9762546420097351,0.07415272,0.9394589952769429,0.0,0.0
SwinIR + PathologyLoss,BraTS2021_00130,33.275696,0.9718330502510071,0.07515852,0.9657894736842105,0.0,0.0
SwinIR + PathologyLoss,BraTS2021_00130,33.202995,0.9733492732048035,0.07423661,0.9761467889908257,0.0,nan
SwinIR + PathologyLoss,BraTS2021_00130,33.10871,0.9737148284912109,0.076904036,0.9603135717785399,0.0,nan
SwinIR + PathologyLoss,BraTS2021_00130,33.18065,0.9695252180099487,0.07901717,0.9597069597069597,0.0,0.0
SwinIR + PathologyLoss,BraTS2021_00130,33.097137,0.9665614366531372,0.08232426,0.964245810055866,0.0,0.0
SwinIR + PathologyLoss,BraTS2021_00130,33.198757,0.9682253003120422,0.07999482,0.966824644549763,0.0,0.0
SwinIR + PathologyLoss,BraTS2021_00130,32.550823,0.9607930779457092,0.08732869,0.9786194257788637,0.0,0.0
SwinIR + PathologyLoss,BraTS2021_00130,32.48416,0.9638069868087769,0.087184146,0.937204591492235,0.0,nan
SwinIR + PathologyLoss,BraTS2021_00130,32.41038,0.9581306576728821,0.08895037,0.8922610015174507,0.0,nan
SwinIR + PathologyLoss,BraTS2021_00130,32.54277,0.9554957151412964,0.092467785,0.7813953488372093,nan,nan
SwinIR + PathologyLoss,BraTS2021_00130,32.08174,0.9583309888839722,0.095092565,0.7664804469273743,nan,nan
SwinIR + PathologyLoss,BraTS2021_00130,32.145237,0.9590959548950195,0.09710139,0.4578313253012048,nan,nan
SwinIR + PathologyLoss,BraTS2021_00130,32.008003,0.9599249958992004,0.100466646,0.15037593984962405,nan,nan
SwinIR + PathologyLoss,BraTS2021_00130,31.79304,0.9573880434036255,0.10372031,0.0,nan,nan
SwinIR + PathologyLoss,BraTS2021_00130,31.748928,0.9613994359970093,0.106738985,0.0,nan,nan
SwinIR + PathologyLoss,BraTS2021_00130,31.431807,0.9588293433189392,0.11084469,0.0,nan,nan
SwinIR + PathologyLoss,BraTS2021_00130,31.584044,0.9592733979225159,0.113241635,0.0,nan,nan
Uformer + PathologyLoss,BraTS2021_00002,31.696049,0.9783338308334351,0.1652576,0.0,nan,nan
Uformer + PathologyLoss,BraTS2021_00002,31.975878,0.9789970517158508,0.15953417,0.0,nan,nan
Uformer + PathologyLoss,BraTS2021_00002,31.685139,0.978749692440033,0.15776187,0.0,nan,nan
Uformer + PathologyLoss,BraTS2021_00002,31.519415,0.9788856506347656,0.15400994,0.0,nan,nan
Uformer + PathologyLoss,BraTS2021_00002,31.249397,0.9778134822845459,0.15448457,0.13538461538461538,nan,nan
Uformer + PathologyLoss,BraTS2021_00002,31.12867,0.9788432121276855,0.14748086,0.9024856596558317,nan,nan
Uformer + PathologyLoss,BraTS2021_00002,30.506754,0.9745481014251709,0.1576084,0.7852760736196319,nan,nan
Uformer + PathologyLoss,BraTS2021_00002,30.214012,0.9729890823364258,0.15740132,0.8779803646563815,nan,nan
Uformer + PathologyLoss,BraTS2021_00002,29.926704,0.9703755378723145,0.15973218,0.8290816326530612,nan,nan
Uformer + PathologyLoss,BraTS2021_00002,30.467747,0.9755570888519287,0.14178325,0.8273866923818708,nan,nan
Uformer + PathologyLoss,BraTS2021_00002,30.64544,0.9754455089569092,0.13803872,0.8395061728395061,nan,nan
Uformer + PathologyLoss,BraTS2021_00002,30.736788,0.9752511382102966,0.13347025,0.9062240663900415,nan,nan
Uformer + PathologyLoss,BraTS2021_00002,30.76698,0.9737614393234253,0.1314394,0.8874388254486134,nan,nan
Uformer + PathologyLoss,BraTS2021_00002,30.36591,0.9712460041046143,0.1343353,0.9077551020408163,nan,nan
Uformer + PathologyLoss,BraTS2021_00002,30.591623,0.9736658930778503,0.1271328,0.8482003129890454,nan,nan
Uformer + PathologyLoss,BraTS2021_00002,30.663298,0.9725145697593689,0.12720951,0.6435272045028143,nan,nan
Uformer + PathologyLoss,BraTS2021_00002,30.477062,0.9726884365081787,0.12677963,0.7294117647058823,nan,nan
Uformer + PathologyLoss,BraTS2021_00002,30.58093,0.9714533090591431,0.1292279,0.0,nan,nan
Uformer + PathologyLoss,BraTS2021_00002,30.239412,0.9705941677093506,0.13208446,0.0,nan,nan
Uformer + PathologyLoss,BraTS2021_00002,30.077246,0.9687007665634155,0.13284567,0.024456521739130436,nan,nan
Uformer + PathologyLoss,BraTS2021_00002,29.761242,0.9651427268981934,0.13671973,0.4330949948927477,nan,nan
Uformer + PathologyLoss,BraTS2021_00002,29.504831,0.9654294848442078,0.13177998,0.7006760909649662,nan,nan
Uformer + PathologyLoss,BraTS2021_00002,29.780283,0.962216854095459,0.12888029,0.7888563049853372,0.0,0.0
Uformer + PathologyLoss,BraTS2021_00002,29.957485,0.9615926742553711,0.12310478,0.6164383561643836,0.0,0.0
Uformer + PathologyLoss,BraTS2021_00002,30.204697,0.9642311930656433,0.11632691,0.802725724020443,0.0,0.0
Uformer + PathologyLoss,BraTS2021_00002,30.221916,0.9622270464897156,0.11515416,0.72576,0.0,0.0
Uformer + PathologyLoss,BraTS2021_00002,30.295218,0.9621453881263733,0.111209564,0.6189873417721519,0.0,0.0
Uformer + PathologyLoss,BraTS2021_00002,30.49429,0.9626933932304382,0.10820437,0.3422546634225466,nan,nan
Uformer + PathologyLoss,BraTS2021_00002,30.661919,0.9632109999656677,0.10708736,0.34334415584415584,0.0,0.0
Uformer + PathologyLoss,BraTS2021_00002,31.236938,0.9661252498626709,0.10037393,0.06420404573438875,0.0,0.0
Uformer + PathologyLoss,BraTS2021_00002,31.089481,0.9687204360961914,0.09923273,0.28313470566991694,0.0,0.0
Uformer + PathologyLoss,BraTS2021_00002,31.222393,0.9691803455352783,0.09667539,0.6040030402837598,0.4411764705882353,0.4411764705882353
Uformer + PathologyLoss,BraTS2021_00002,31.218628,0.9744775295257568,0.09252442,0.3209428830462375,0.0,0.0
Uformer + PathologyLoss,BraTS2021_00002,31.353071,0.9744220972061157,0.09331067,0.372041827187672,0.0,0.0
Uformer + PathologyLoss,BraTS2021_00002,31.051271,0.9724122881889343,0.09486649,0.27609811751283514,0.0,0.0
Uformer + PathologyLoss,BraTS2021_00002,30.897581,0.9740167260169983,0.09331364,0.608764311093565,0.4452690166975881,0.41041666666666665
Uformer + PathologyLoss,BraTS2021_00002,31.086658,0.9743317365646362,0.09259179,0.5065373260227752,0.27184466019417475,0.2302568981921979
Uformer + PathologyLoss,BraTS2021_00002,31.369026,0.9754197597503662,0.09098668,0.5106934543097861,0.19672131147540983,0.1878453038674033
Uformer + PathologyLoss,BraTS2021_00002,31.351742,0.9758488535881042,0.09089583,0.6458486407053637,0.5436170212765957,0.4583333333333333
Uformer + PathologyLoss,BraTS2021_00002,31.28503,0.9764531254768372,0.09089092,0.7216315147289524,0.7120515179392825,0.6608391608391608
Uformer + PathologyLoss,BraTS2021_00002,31.175747,0.9770451784133911,0.09003186,0.6657352427523576,0.7609341825902336,0.6492271105826397
Uformer + PathologyLoss,BraTS2021_00002,31.273846,0.9778457880020142,0.088175826,0.6853170004966065,0.7783386874713171,0.6262924667651403
Uformer + PathologyLoss,BraTS2021_00002,31.571133,0.9818800687789917,0.08295494,0.8118148599269184,0.9142857142857143,0.7794221282593375
Uformer + PathologyLoss,BraTS2021_00002,31.507767,0.9816064834594727,0.08400119,0.8731311405382315,0.8891537544696066,0.7626745040411462
Uformer + PathologyLoss,BraTS2021_00002,31.499985,0.9813700914382935,0.08315774,0.8272688048324465,0.7809694793536804,0.7009646302250804
Uformer + PathologyLoss,BraTS2021_00002,31.315887,0.9822582006454468,0.08200513,0.8849104859335039,0.9287120913745569,0.759349593495935
Uformer + PathologyLoss,BraTS2021_00002,31.38094,0.9805924892425537,0.08364384,0.8501474926253687,0.8925029750099167,0.7251370399373531
Uformer + PathologyLoss,BraTS2021_00002,31.625774,0.9831047058105469,0.08087688,0.8486180904522613,0.8685911245152951,0.7378151260504202
Uformer + PathologyLoss,BraTS2021_00002,31.237585,0.9822758436203003,0.08390104,0.9037618975676084,0.9512006196746708,0.8101889893179951
Uformer + PathologyLoss,BraTS2021_00002,31.367802,0.9826210737228394,0.082644686,0.843010752688172,0.8775247099269445,0.7374784110535406
Uformer + PathologyLoss,BraTS2021_00002,31.625061,0.9839303493499756,0.08001222,0.8622119051566904,0.9358094469115866,0.7689741451209341
Uformer + PathologyLoss,BraTS2021_00002,31.43155,0.9831596612930298,0.081474945,0.8786399596027604,0.9681528662420382,0.8676140613313388
Uformer + PathologyLoss,BraTS2021_00002,31.394154,0.9839802980422974,0.08048133,0.9142372881355932,0.9521794329242488,0.854087089381207
Uformer + PathologyLoss,BraTS2021_00002,31.463652,0.9843601584434509,0.080216885,0.9315576534052596,0.9482909728308502,0.8418604651162791
Uformer + PathologyLoss,BraTS2021_00002,31.802866,0.98497474193573,0.078275494,0.9297623270663355,0.938996836873023,0.8278745644599304
Uformer + PathologyLoss,BraTS2021_00002,32.121906,0.9863144755363464,0.07647758,0.8768472906403941,0.9053191489361702,0.8024980483996877
Uformer + PathologyLoss,BraTS2021_00002,32.140457,0.9857987761497498,0.07619468,0.9259853754235776,0.9148230088495575,0.8525280898876404
Uformer + PathologyLoss,BraTS2021_00002,32.17314,0.9859994649887085,0.07670354,0.9404295051353875,0.9274145170965807,0.8608624898291294
Uformer + PathologyLoss,BraTS2021_00002,32.517456,0.9884753227233887,0.07117437,0.9357156013998895,0.9206349206349206,0.8601583113456465
Uformer + PathologyLoss,BraTS2021_00002,32.53732,0.9878599643707275,0.07287644,0.9287671232876712,0.940387481371088,0.8706976744186047
Uformer + PathologyLoss,BraTS2021_00002,32.859135,0.9889271259307861,0.0705412,0.9346367644239985,0.9197207678883071,0.8592132505175983
Uformer + PathologyLoss,BraTS2021_00002,32.56083,0.9888119101524353,0.07117857,0.9441247447558938,0.8877118644067796,0.8561236623067776
Uformer + PathologyLoss,BraTS2021_00002,32.77286,0.9885373115539551,0.07097919,0.9510274630305359,0.9060240963855422,0.8820375335120644
Uformer + PathologyLoss,BraTS2021_00002,32.6761,0.9876787662506104,0.07210536,0.9719696969696969,0.8702928870292888,0.8393135725429017
Uformer + PathologyLoss,BraTS2021_00002,32.657898,0.9881177544593811,0.071499,0.973191899710704,0.8626817447495961,0.8321428571428572
Uformer + PathologyLoss,BraTS2021_00002,32.54559,0.9871658682823181,0.07311702,0.9719960278053624,0.8203125,0.8024691358024691
Uformer + PathologyLoss,BraTS2021_00002,32.57138,0.985434353351593,0.07565629,0.9709218395545474,0.8281938325991189,0.8066037735849056
Uformer + PathologyLoss,BraTS2021_00002,32.44518,0.9844775795936584,0.07571887,0.9536878216123499,0.9292452830188679,0.900804289544236
Uformer + PathologyLoss,BraTS2021_00002,32.41491,0.9839734435081482,0.07636943,0.9464570517202097,0.8711656441717791,0.8435374149659864
Uformer + PathologyLoss,BraTS2021_00002,32.4124,0.9805731177330017,0.08129929,0.9545227386306847,0.8251121076233184,0.8198198198198198
Uformer + PathologyLoss,BraTS2021_00002,32.23431,0.9809873104095459,0.08145527,0.9591944886062533,0.8717948717948718,0.8717948717948718
Uformer + PathologyLoss,BraTS2021_00002,32.047405,0.9807794094085693,0.08465467,0.9542755344418052,0.0,0.0
Uformer + PathologyLoss,BraTS2021_00002,31.585033,0.9810329675674438,0.084484324,0.965561635017702,nan,nan
Uformer + PathologyLoss,BraTS2021_00002,31.778002,0.980563759803772,0.08681956,0.967301473230327,nan,nan
Uformer + PathologyLoss,BraTS2021_00002,31.50373,0.9804902076721191,0.088206954,0.9617486338797814,nan,nan
Uformer + PathologyLoss,BraTS2021_00002,31.45643,0.9796628952026367,0.09076257,0.9686560755689136,nan,nan
Uformer + PathologyLoss,BraTS2021_00002,31.209408,0.9779613018035889,0.09364396,0.9622458857696031,nan,nan
Uformer + PathologyLoss,BraTS2021_00002,31.026146,0.9754970073699951,0.09941927,0.9663911845730028,nan,nan
Uformer + PathologyLoss,BraTS2021_00002,30.66373,0.9729512333869934,0.103527345,0.9591315453384419,nan,nan
Uformer + PathologyLoss,BraTS2021_00002,30.611269,0.9727028608322144,0.10513822,0.9686411149825784,nan,nan
Uformer + PathologyLoss,BraTS2021_00002,30.641354,0.9726855754852295,0.10674297,0.9488888888888889,nan,nan
Uformer + PathologyLoss,BraTS2021_00002,30.448524,0.9704670310020447,0.111637965,0.9502923976608187,nan,nan
Uformer + PathologyLoss,BraTS2021_00002,30.191742,0.9711148142814636,0.113893725,0.8921389396709324,nan,nan
Uformer + PathologyLoss,BraTS2021_00002,30.195465,0.9720662832260132,0.11370574,0.9051094890510949,nan,nan
Uformer + PathologyLoss,BraTS2021_00014,31.53448,0.9827027320861816,0.15705882,0.4292237442922374,nan,nan
Uformer + PathologyLoss,BraTS2021_00014,31.40778,0.9833199977874756,0.1513262,0.4700460829493088,nan,nan
Uformer + PathologyLoss,BraTS2021_00014,31.314562,0.9844566583633423,0.14359325,0.49851632047477745,nan,nan
Uformer + PathologyLoss,BraTS2021_00014,31.151087,0.9844622611999512,0.14190581,0.1901639344262295,nan,nan
Uformer + PathologyLoss,BraTS2021_00014,31.083443,0.9841702580451965,0.1406856,0.0,nan,nan
Uformer + PathologyLoss,BraTS2021_00014,31.181065,0.9845643043518066,0.13690497,0.6596385542168675,nan,nan
Uformer + PathologyLoss,BraTS2021_00014,30.577051,0.9837751984596252,0.13910833,0.6291486291486291,nan,nan
Uformer + PathologyLoss,BraTS2021_00014,30.802698,0.9844871759414673,0.1346316,0.8498253783469151,nan,nan
Uformer + PathologyLoss,BraTS2021_00014,30.850985,0.9850729703903198,0.13075371,0.7877551020408163,0.0,0.0
Uformer + PathologyLoss,BraTS2021_00014,29.858427,0.9813197255134583,0.14365017,0.7725072604065828,0.0,0.0
Uformer + PathologyLoss,BraTS2021_00014,29.244217,0.979415237903595,0.1458546,0.700952380952381,0.0,0.0
Uformer + PathologyLoss,BraTS2021_00014,29.267023,0.9787983298301697,0.14410435,0.8538985616956851,0.0,0.0
Uformer + PathologyLoss,BraTS2021_00014,28.825338,0.9765388369560242,0.14288658,0.8851774530271399,0.6216216216216216,0.6216216216216216
Uformer + PathologyLoss,BraTS2021_00014,28.9805,0.9778483510017395,0.13446598,0.8746958637469586,0.4727272727272727,0.4727272727272727
Uformer + PathologyLoss,BraTS2021_00014,28.980293,0.9765123724937439,0.13149998,0.8824833702882483,0.42105263157894735,0.42105263157894735
Uformer + PathologyLoss,BraTS2021_00014,28.77203,0.9736406803131104,0.13263148,0.8694690265486725,0.6229508196721312,0.6229508196721312
Uformer + PathologyLoss,BraTS2021_00014,28.76493,0.9731305241584778,0.12696639,0.8813025210084033,0.13333333333333333,0.13333333333333333
Uformer + PathologyLoss,BraTS2021_00014,28.753035,0.9722187519073486,0.12235509,0.8919585594474593,0.18848167539267016,0.18848167539267016
Uformer + PathologyLoss,BraTS2021_00014,28.892216,0.9743281602859497,0.11623996,0.8425742574257425,0.7189542483660131,0.7189542483660131
Uformer + PathologyLoss,BraTS2021_00014,29.028957,0.97220778465271,0.11610739,0.8639551192145862,0.6407766990291263,0.6407766990291263
Uformer + PathologyLoss,BraTS2021_00014,28.928116,0.9705966711044312,0.11479771,0.8753514526710403,0.5597269624573379,0.5547945205479452
Uformer + PathologyLoss,BraTS2021_00014,29.040955,0.9720624089241028,0.11249842,0.9099099099099099,0.5907473309608541,0.5857142857142857
Uformer + PathologyLoss,BraTS2021_00014,29.177452,0.9715015888214111,0.10993577,0.8953687821612349,0.6567164179104478,0.6567164179104478
Uformer + PathologyLoss,BraTS2021_00014,28.979565,0.9694302082061768,0.109224424,0.883960396039604,0.6992481203007519,0.6992481203007519
Uformer + PathologyLoss,BraTS2021_00014,29.33789,0.9715534448623657,0.1036227,0.8859504132231405,0.0,0.0
Uformer + PathologyLoss,BraTS2021_00014,29.187973,0.9682814478874207,0.105698936,0.7120622568093385,0.7333333333333333,0.7333333333333333
Uformer + PathologyLoss,BraTS2021_00014,29.471071,0.9713152050971985,0.09953392,0.8709541824295922,0.7509025270758123,0.7372262773722628
Uformer + PathologyLoss,BraTS2021_00014,29.488525,0.9710565209388733,0.099806145,0.8729372937293729,0.6632124352331606,0.6632124352331606
Uformer + PathologyLoss,BraTS2021_00014,29.791203,0.9691051244735718,0.099082045,0.7712418300653595,0.2459016393442623,0.2459016393442623
Uformer + PathologyLoss,BraTS2021_00014,29.581879,0.9717990159988403,0.098310985,0.8184670551322277,0.21428571428571427,0.21428571428571427
Uformer + PathologyLoss,BraTS2021_00014,29.666328,0.9717496633529663,0.098776355,0.7906137184115524,0.3764705882352941,0.3764705882352941
Uformer + PathologyLoss,BraTS2021_00014,29.509209,0.970564067363739,0.099574074,0.7771221062187925,0.0,0.0
Uformer + PathologyLoss,BraTS2021_00014,29.756748,0.9749788045883179,0.09643796,0.7950200088928413,0.0,0.0
Uformer + PathologyLoss,BraTS2021_00014,29.63627,0.9745871424674988,0.096816875,0.7881278538812785,nan,nan
Uformer + PathologyLoss,BraTS2021_00014,29.625568,0.9733710885047913,0.09755107,0.8443633044272022,nan,nan
Uformer + PathologyLoss,BraTS2021_00014,29.78268,0.9739156365394592,0.09871236,0.7641304347826087,nan,nan
Uformer + PathologyLoss,BraTS2021_00014,29.641571,0.9748238921165466,0.09784995,0.8792385484830458,nan,nan
Uformer + PathologyLoss,BraTS2021_00014,29.633997,0.9750909209251404,0.09640509,0.7681388012618297,nan,nan
Uformer + PathologyLoss,BraTS2021_00014,29.944054,0.9757084250450134,0.09581368,0.8129154795821463,nan,nan
Uformer + PathologyLoss,BraTS2021_00014,30.045517,0.9765822887420654,0.09480364,0.8621830209481808,nan,nan
Uformer + PathologyLoss,BraTS2021_00014,29.773941,0.9787828922271729,0.09163696,0.5636070853462157,nan,nan
Uformer + PathologyLoss,BraTS2021_00014,29.933338,0.9798443913459778,0.09018965,0.6205357142857143,nan,nan
Uformer + PathologyLoss,BraTS2021_00014,30.260464,0.9793321490287781,0.09056648,0.13333333333333333,nan,nan
Uformer + PathologyLoss,BraTS2021_00016,29.25679,0.9844825267791748,0.107707515,0.0,nan,nan
Uformer + PathologyLoss,BraTS2021_00016,29.10559,0.9840990304946899,0.108938046,0.0,nan,nan
Uformer + PathologyLoss,BraTS2021_00016,28.54581,0.9808282852172852,0.11734586,0.0,nan,nan
Uformer + PathologyLoss,BraTS2021_00016,28.364342,0.9799864888191223,0.114941,0.0,nan,nan
Uformer + PathologyLoss,BraTS2021_00016,28.771473,0.9799283146858215,0.11088795,0.0,nan,nan
Uformer + PathologyLoss,BraTS2021_00016,28.511541,0.9791352152824402,0.11051007,0.0,nan,nan
Uformer + PathologyLoss,BraTS2021_00016,28.502842,0.9802783727645874,0.10756422,0.0,nan,nan
Uformer + PathologyLoss,BraTS2021_00016,28.777477,0.9789905548095703,0.10530829,0.2980769230769231,nan,nan
Uformer + PathologyLoss,BraTS2021_00016,28.75595,0.9799065589904785,0.10190618,0.03361344537815126,nan,nan
Uformer + PathologyLoss,BraTS2021_00016,28.690956,0.9818826913833618,0.099493824,0.4597156398104265,0.0,0.0
Uformer + PathologyLoss,BraTS2021_00016,29.009998,0.982893705368042,0.09572297,0.7416020671834626,nan,nan
Uformer + PathologyLoss,BraTS2021_00016,28.930565,0.9836181402206421,0.09572683,0.6572164948453608,nan,nan
Uformer + PathologyLoss,BraTS2021_00016,29.15387,0.9833480715751648,0.092778556,0.9206066012488849,0.0,0.0
Uformer + PathologyLoss,BraTS2021_00016,29.184263,0.9841875433921814,0.09153568,0.8504741064916119,0.7045454545454546,0.7045454545454546
Uformer + PathologyLoss,BraTS2021_00016,29.002897,0.984156608581543,0.09081163,0.8825301204819277,0.7472527472527473,0.7415730337078652
Uformer + PathologyLoss,BraTS2021_00016,28.985292,0.984143853187561,0.09255269,0.9195402298850575,0.8458498023715415,0.85
Uformer + PathologyLoss,BraTS2021_00016,29.144886,0.9841675162315369,0.09043949,0.8976897689768977,0.8552631578947368,0.8296296296296296
Uformer + PathologyLoss,BraTS2021_00016,29.171255,0.9838731288909912,0.08973874,0.9506933744221879,0.8761904761904762,0.775
Uformer + PathologyLoss,BraTS2021_00016,28.901775,0.9845900535583496,0.08917461,0.933933933933934,0.7401960784313726,0.79375
Uformer + PathologyLoss,BraTS2021_00016,29.356365,0.9839494228363037,0.087475106,0.8682774746687452,0.8761220825852782,0.7256637168141593
Uformer + PathologyLoss,BraTS2021_00016,29.067177,0.985120952129364,0.087459005,0.8986340762041697,0.8830769230769231,0.6936416184971098
Uformer + PathologyLoss,BraTS2021_00016,29.212969,0.985137403011322,0.08620687,0.842911877394636,0.8441926345609065,0.648936170212766
Uformer + PathologyLoss,BraTS2021_00016,29.27106,0.9844325184822083,0.086874604,0.9097525473071325,0.8975,0.7293577981651376
Uformer + PathologyLoss,BraTS2021_00016,29.116924,0.9853312373161316,0.08619271,0.944081336238199,0.9388753056234719,0.7657430730478589
Uformer + PathologyLoss,BraTS2021_00016,29.165863,0.9845242500305176,0.08632151,0.9144079885877318,0.895906432748538,0.6875
Uformer + PathologyLoss,BraTS2021_00016,29.208847,0.9844505786895752,0.086938046,0.9262577532736044,0.925638179800222,0.7094017094017094
Uformer + PathologyLoss,BraTS2021_00016,29.134937,0.9852444529533386,0.086895004,0.915041782729805,0.9304932735426009,0.7333333333333333
Uformer + PathologyLoss,BraTS2021_00016,28.40446,0.9845349788665771,0.08847497,0.9224433768016472,0.9623717217787914,0.8355555555555556
Uformer + PathologyLoss,BraTS2021_00016,28.842243,0.9849644303321838,0.086925834,0.9295373665480428,0.9469214437367304,0.775894538606403
Uformer + PathologyLoss,BraTS2021_00016,28.916924,0.9845030903816223,0.08755312,0.949928469241774,0.9390756302521008,0.7900207900207901
Uformer + PathologyLoss,BraTS2021_00016,28.693977,0.9843568205833435,0.08839034,0.9119170984455959,0.9355509355509356,0.7723577235772358
Uformer + PathologyLoss,BraTS2021_00016,28.889753,0.9845957159996033,0.0876966,0.9164785553047404,0.9515789473684211,0.7893660531697342
Uformer + PathologyLoss,BraTS2021_00016,28.868172,0.9844440817832947,0.087029934,0.9296636085626911,0.9558665231431647,0.8336673346693386
Uformer + PathologyLoss,BraTS2021_00016,29.115334,0.9852699041366577,0.08524717,0.9341500765696784,0.9690721649484536,0.8362919132149902
Uformer + PathologyLoss,BraTS2021_00016,28.559446,0.9859579205513,0.08718337,0.9170090386195563,0.9608540925266904,0.8301158301158301
Uformer + PathologyLoss,BraTS2021_00016,29.282555,0.9869608879089355,0.082411535,0.9028374892519346,0.9579617834394905,0.8405797101449275
Uformer + PathologyLoss,BraTS2021_00016,29.26591,0.9879578948020935,0.081176646,0.9450171821305842,0.9290681502086231,0.8140043763676149
Uformer + PathologyLoss,BraTS2021_00016,29.358734,0.9881519675254822,0.07929287,0.9024856596558317,0.9406392694063926,0.859538784067086
Uformer + PathologyLoss,BraTS2021_00016,30.141338,0.9892826676368713,0.074857675,0.8981206726013847,0.9050086355785838,0.8418708240534521
Uformer + PathologyLoss,BraTS2021_00016,29.638693,0.9900282025337219,0.07538322,0.928,0.8701030927835052,0.7924528301886793
Uformer + PathologyLoss,BraTS2021_00016,30.449875,0.990824282169342,0.07072825,0.864516129032258,0.8980582524271845,0.8362573099415205
Uformer + PathologyLoss,BraTS2021_00016,30.596664,0.9909693002700806,0.06968551,0.9085037674919269,0.8843537414965986,0.8473282442748091
Uformer + PathologyLoss,BraTS2021_00016,31.059158,0.9911302924156189,0.0679278,0.7794486215538847,0.6941176470588235,0.6941176470588235
Uformer + PathologyLoss,BraTS2021_00016,30.677233,0.9912148118019104,0.06951698,0.326007326007326,0.0,0.0
Uformer + PathologyLoss,BraTS2021_00016,31.068964,0.9908518195152283,0.0692843,0.36531365313653136,0.0,0.0
Uformer + PathologyLoss,BraTS2021_00016,30.412159,0.9906238913536072,0.07039028,0.4355716878402904,nan,nan
Uformer + PathologyLoss,BraTS2021_00016,30.958254,0.9912819266319275,0.06819325,0.7408585055643879,nan,nan
Uformer + PathologyLoss,BraTS2021_00016,30.435497,0.9903101325035095,0.07140872,0.7657342657342657,nan,nan
Uformer + PathologyLoss,BraTS2021_00016,30.84389,0.990665853023529,0.06920212,0.4744897959183674,nan,nan
Uformer + PathologyLoss,BraTS2021_00016,30.663956,0.9893907904624939,0.07297222,0.06779661016949153,nan,nan
Uformer + PathologyLoss,BraTS2021_00016,30.64584,0.9879442453384399,0.07586341,0.0,nan,nan
Uformer + PathologyLoss,BraTS2021_00016,30.237276,0.9861010909080505,0.078104205,0.0,nan,nan
Uformer + PathologyLoss,BraTS2021_00016,30.204937,0.9865989685058594,0.08072819,0.0,nan,nan
Uformer + PathologyLoss,BraTS2021_00021,31.067036,0.9669227004051208,0.15062243,0.0,nan,nan
Uformer + PathologyLoss,BraTS2021_00021,31.058733,0.966690182685852,0.14759353,0.0,nan,nan
Uformer + PathologyLoss,BraTS2021_00021,30.88652,0.9645237922668457,0.14963481,0.0,nan,nan
Uformer + PathologyLoss,BraTS2021_00021,31.248972,0.9649943113327026,0.14561732,0.0,nan,nan
Uformer + PathologyLoss,BraTS2021_00021,31.289867,0.9646319150924683,0.14355886,0.0,nan,nan
Uformer + PathologyLoss,BraTS2021_00021,31.234653,0.9646043181419373,0.14400691,0.0511727078891258,nan,nan
Uformer + PathologyLoss,BraTS2021_00021,31.13101,0.9655566215515137,0.13941021,0.0,nan,nan
Uformer + PathologyLoss,BraTS2021_00021,30.474018,0.954632580280304,0.15245387,0.06320081549439348,nan,nan
Uformer + PathologyLoss,BraTS2021_00021,30.460806,0.9518076181411743,0.14578032,0.0,nan,nan
Uformer + PathologyLoss,BraTS2021_00021,30.46061,0.9475422501564026,0.14348777,0.0,nan,nan
Uformer + PathologyLoss,BraTS2021_00021,30.286749,0.9441422820091248,0.14286444,0.0,nan,nan
Uformer + PathologyLoss,BraTS2021_00021,30.379965,0.9424310922622681,0.13567846,0.18263473053892215,nan,nan
Uformer + PathologyLoss,BraTS2021_00021,30.742123,0.9396095275878906,0.13260695,0.0,nan,nan
Uformer + PathologyLoss,BraTS2021_00021,30.750734,0.9399446249008179,0.13032381,0.07096495023799221,nan,nan
Uformer + PathologyLoss,BraTS2021_00021,31.072704,0.9440699815750122,0.122003086,0.17359413202933985,nan,nan
Uformer + PathologyLoss,BraTS2021_00021,31.09103,0.9406304955482483,0.123700015,0.0,nan,nan
Uformer + PathologyLoss,BraTS2021_00021,31.062462,0.9426876306533813,0.11964291,0.1591417076441663,nan,nan
Uformer + PathologyLoss,BraTS2021_00021,31.234186,0.9362651109695435,0.12345962,0.0,nan,nan
Uformer + PathologyLoss,BraTS2021_00021,31.428707,0.9428754448890686,0.11556081,0.0,nan,nan
Uformer + PathologyLoss,BraTS2021_00021,31.694538,0.9445643424987793,0.11409596,0.0,nan,nan
Uformer + PathologyLoss,BraTS2021_00021,31.60635,0.94339919090271,0.11215065,0.0,nan,nan
Uformer + PathologyLoss,BraTS2021_00021,31.815056,0.9443545937538147,0.10995104,0.004144218814753419,nan,nan
Uformer + PathologyLoss,BraTS2021_00021,31.81295,0.9441624283790588,0.10959796,0.000948316737790422,nan,nan
Uformer + PathologyLoss,BraTS2021_00021,31.657837,0.9437523484230042,0.11299618,0.0,nan,nan
Uformer + PathologyLoss,BraTS2021_00021,31.7664,0.9465944170951843,0.10857609,0.0,nan,nan
Uformer + PathologyLoss,BraTS2021_00021,31.681343,0.9503272175788879,0.111291155,0.1287375415282392,nan,nan
Uformer + PathologyLoss,BraTS2021_00021,31.753843,0.94687819480896,0.112021744,0.06228668941979522,0.0,0.0
Uformer + PathologyLoss,BraTS2021_00021,31.528633,0.9478541612625122,0.11049783,0.2184873949579832,0.20588235294117646,0.20588235294117646
Uformer + PathologyLoss,BraTS2021_00021,31.574219,0.952938973903656,0.110179126,0.22416534181240064,0.0,0.0
Uformer + PathologyLoss,BraTS2021_00021,31.566387,0.9513900876045227,0.110305354,0.2490392006149116,0.0,0.0
Uformer + PathologyLoss,BraTS2021_00021,31.923801,0.9531031250953674,0.108872384,0.2807017543859649,0.03076923076923077,0.0326975476839237
Uformer + PathologyLoss,BraTS2021_00021,31.71392,0.9526450037956238,0.106992334,0.2882882882882883,0.17064846416382254,0.19801980198019803
Uformer + PathologyLoss,BraTS2021_00021,31.764204,0.9563296437263489,0.1070067,0.3927964661909616,0.24922118380062305,0.273972602739726
Uformer + PathologyLoss,BraTS2021_00021,31.809505,0.955523669719696,0.10676446,0.5831727681438664,0.21828103683492497,0.23916292974588937
Uformer + PathologyLoss,BraTS2021_00021,31.67116,0.9531311988830566,0.10834193,0.35241301907968575,0.014652014652014652,0.01735357917570499
Uformer + PathologyLoss,BraTS2021_00021,31.846325,0.9531890749931335,0.1082327,0.2751407884151247,0.2807017543859649,0.3188405797101449
Uformer + PathologyLoss,BraTS2021_00021,31.59098,0.9560947418212891,0.10741921,0.34127979924717694,0.15306122448979592,0.17307692307692307
Uformer + PathologyLoss,BraTS2021_00021,31.464123,0.9571081399917603,0.10867148,0.5522332964193429,0.13583815028901733,0.14705882352941177
Uformer + PathologyLoss,BraTS2021_00021,31.48151,0.9595816135406494,0.10815246,0.5873417721518988,0.06772908366533864,0.07407407407407407
Uformer + PathologyLoss,BraTS2021_00021,31.644444,0.9625825881958008,0.104733035,0.4500907441016334,0.3339317773788151,0.37551020408163266
Uformer + PathologyLoss,BraTS2021_00021,31.854881,0.9641934633255005,0.1049609,0.4345526663728515,0.24954792043399637,0.2727272727272727
Uformer + PathologyLoss,BraTS2021_00021,31.864126,0.9657188653945923,0.10323807,0.447921760391198,0.17695473251028807,0.19457013574660634
Uformer + PathologyLoss,BraTS2021_00021,32.096756,0.9691041707992554,0.10091245,0.23815620998719592,0.11702127659574468,0.13414634146341464
Uformer + PathologyLoss,BraTS2021_00021,32.26694,0.9717925786972046,0.0963036,0.2783576896311761,0.3284457478005865,0.3684210526315789
Uformer + PathologyLoss,BraTS2021_00021,32.499943,0.9706423282623291,0.09698879,0.2398884239888424,0.20754716981132076,0.20588235294117646
Uformer + PathologyLoss,BraTS2021_00021,32.625683,0.9740423560142517,0.09389324,0.24630541871921183,0.0,0.0
Uformer + PathologyLoss,BraTS2021_00021,32.980946,0.9757901430130005,0.09123795,0.0,nan,nan
Uformer + PathologyLoss,BraTS2021_00021,32.846947,0.9753302931785583,0.09137541,0.0,nan,nan
Uformer + PathologyLoss,BraTS2021_00021,32.78876,0.9765967130661011,0.09140017,0.0,nan,nan
Uformer + PathologyLoss,BraTS2021_00021,33.23585,0.9759633541107178,0.09096726,0.0,nan,nan
Uformer + PathologyLoss,BraTS2021_00021,33.198517,0.9767054319381714,0.088762715,0.0,nan,nan
Uformer + PathologyLoss,BraTS2021_00021,33.803734,0.9775964021682739,0.08225085,0.0,nan,nan
Uformer + PathologyLoss,BraTS2021_00021,33.63496,0.9756711721420288,0.08418407,0.0,nan,nan
Uformer + PathologyLoss,BraTS2021_00021,33.89155,0.9768831729888916,0.08192243,0.0,nan,nan
Uformer + PathologyLoss,BraTS2021_00021,33.979805,0.973413348197937,0.0826314,0.0,nan,nan
Uformer + PathologyLoss,BraTS2021_00021,33.64411,0.9715996980667114,0.085242,0.0,nan,nan
Uformer + PathologyLoss,BraTS2021_00021,33.803337,0.9652363061904907,0.08638228,0.0,nan,nan
Uformer + PathologyLoss,BraTS2021_00021,33.915283,0.961353600025177,0.08640475,0.0,nan,nan
Uformer + PathologyLoss,BraTS2021_00021,33.687195,0.9537444710731506,0.08531451,0.0,nan,nan
Uformer + PathologyLoss,BraTS2021_00021,33.832245,0.9567521214485168,0.08507468,0.0,nan,nan
Uformer + PathologyLoss,BraTS2021_00021,33.870888,0.9489198327064514,0.08696522,0.0,nan,nan
Uformer + PathologyLoss,BraTS2021_00056,31.459541,0.9801403880119324,0.14590973,0.0,0.0,0.0
Uformer + PathologyLoss,BraTS2021_00056,31.010172,0.9791802167892456,0.14706224,0.4,0.0,0.0
Uformer + PathologyLoss,BraTS2021_00056,30.875248,0.9785584807395935,0.14572577,0.592274678111588,0.3864406779661017,0.3864406779661017
Uformer + PathologyLoss,BraTS2021_00056,30.675201,0.9782527685165405,0.14336511,0.5063752276867031,0.0,0.0
Uformer + PathologyLoss,BraTS2021_00056,30.673197,0.9763710498809814,0.14396891,0.8467966573816156,0.5088161209068011,0.5088161209068011
Uformer + PathologyLoss,BraTS2021_00056,30.586552,0.9766743183135986,0.13720511,0.8545636910732196,0.5974842767295597,0.5636070853462157
Uformer + PathologyLoss,BraTS2021_00056,30.407602,0.9745559692382812,0.13845891,0.8191000918273645,0.5481481481481482,0.5339506172839507
Uformer + PathologyLoss,BraTS2021_00056,30.56244,0.9760636687278748,0.12968206,0.8780120481927711,0.6223698781838317,0.5585365853658537
Uformer + PathologyLoss,BraTS2021_00056,30.463947,0.9746561646461487,0.12785548,0.8815533980582524,0.7450271247739603,0.6220735785953178
Uformer + PathologyLoss,BraTS2021_00056,30.630579,0.9751862287521362,0.12350838,0.8771712158808933,0.6795952782462057,0.645928636779506
Uformer + PathologyLoss,BraTS2021_00056,30.612803,0.9758217930793762,0.12113676,0.8853795211411105,0.7429322813938198,0.689703808180536
Uformer + PathologyLoss,BraTS2021_00056,30.55168,0.9737788438796997,0.122117,0.9432558139534883,0.8735244519392917,0.7879161528976573
Uformer + PathologyLoss,BraTS2021_00056,30.41485,0.9749763607978821,0.11945241,0.9393807239424335,0.9366963402571711,0.8813741277509394
Uformer + PathologyLoss,BraTS2021_00056,30.067854,0.9724331498146057,0.12138055,0.9435612082670907,0.9402914903620122,0.9020010261672653
Uformer + PathologyLoss,BraTS2021_00056,30.312708,0.9746627807617188,0.11612008,0.9219440353460973,0.9559352517985612,0.9031610637230306
Uformer + PathologyLoss,BraTS2021_00056,30.417082,0.9743887186050415,0.115227066,0.9483870967741935,0.9211175020542317,0.8801115241635687
Uformer + PathologyLoss,BraTS2021_00056,30.407879,0.9753333926200867,0.114446364,0.9460484106153397,0.8968253968253969,0.8439046333783176
Uformer + PathologyLoss,BraTS2021_00056,30.241861,0.9738020896911621,0.1170566,0.970281124497992,0.9082807278128481,0.8560509554140128
Uformer + PathologyLoss,BraTS2021_00056,29.95224,0.9754652380943298,0.1149894,0.9619860356865787,0.9082403742353364,0.8686786296900489
Uformer + PathologyLoss,BraTS2021_00056,29.871176,0.9746409058570862,0.11645607,0.9500499500499501,0.9302170283806344,0.8787762906309752
Uformer + PathologyLoss,BraTS2021_00056,29.802683,0.9742416739463806,0.11537288,0.9685114503816794,0.9264413518886679,0.8905165767154973
Uformer + PathologyLoss,BraTS2021_00056,29.440298,0.9700702428817749,0.119245805,0.9714285714285714,0.9347258485639687,0.8959677419354839
Uformer + PathologyLoss,BraTS2021_00056,29.241169,0.9671818017959595,0.1183938,0.9724264705882353,0.9395760835178741,0.8929402637703646
Uformer + PathologyLoss,BraTS2021_00056,29.230883,0.9635828733444214,0.11787773,0.9737437754640109,0.922016911994989,0.8718143780905288
Uformer + PathologyLoss,BraTS2021_00056,29.669483,0.966183602809906,0.1121806,0.9785730064060084,0.9309701492537313,0.8701996927803379
Uformer + PathologyLoss,BraTS2021_00056,29.39821,0.9650538563728333,0.1119374,0.9722282965230702,0.9470480827754109,0.9070278184480234
Uformer + PathologyLoss,BraTS2021_00056,29.642687,0.9671270847320557,0.107752115,0.970523537175539,0.9431920649233544,0.8889703187980945
Uformer + PathologyLoss,BraTS2021_00056,29.520973,0.9676621556282043,0.10747457,0.9745067612502771,0.9576587795765878,0.922106824925816
Uformer + PathologyLoss,BraTS2021_00056,29.71712,0.9688148498535156,0.10658385,0.9737137721860256,0.944142993935525,0.8916453848960233
Uformer + PathologyLoss,BraTS2021_00056,29.720728,0.9666336178779602,0.107323214,0.9664338815048434,0.9430051813471503,0.9046401169163317
Uformer + PathologyLoss,BraTS2021_00056,30.131557,0.9715248346328735,0.10126904,0.9493729679516953,0.9250923748740343,0.8616251005631537
Uformer + PathologyLoss,BraTS2021_00056,30.249416,0.972771167755127,0.09606962,0.9528151356279918,0.9302325581395349,0.8950230029276454
Uformer + PathologyLoss,BraTS2021_00056,30.400074,0.9701158404350281,0.10007922,0.9648679678530425,0.9372325249643366,0.9262560777957861
Uformer + PathologyLoss,BraTS2021_00056,30.281357,0.9722661375999451,0.09640374,0.9792,0.9548001494209937,0.9198837691988377
Uformer + PathologyLoss,BraTS2021_00056,30.41652,0.9722924828529358,0.095085196,0.9741198414548846,0.9384965831435079,0.9211303247574862
Uformer + PathologyLoss,BraTS2021_00056,30.536884,0.9744406342506409,0.092058726,0.9677110739057642,0.9509803921568627,0.8850522489777374
Uformer + PathologyLoss,BraTS2021_00056,30.906708,0.9766298532485962,0.08934792,0.9609393721543255,0.946551724137931,0.8861826697892272
Uformer + PathologyLoss,BraTS2021_00056,31.001558,0.9774675965309143,0.08846004,0.9680624556422995,0.9502347417840376,0.8865248226950354
Uformer + PathologyLoss,BraTS2021_00056,31.160862,0.9763332605361938,0.08951061,0.967074317968015,0.922920892494929,0.8501628664495114
Uformer + PathologyLoss,BraTS2021_00056,31.08019,0.9794225096702576,0.08635877,0.9817927170868347,0.9232658072437078,0.8849332485696122
Uformer + PathologyLoss,BraTS2021_00056,31.144361,0.9789284467697144,0.08751043,0.9768330546930977,0.9321789321789322,0.9061345158906134
Uformer + PathologyLoss,BraTS2021_00056,31.027634,0.9789472222328186,0.08793554,0.9737791676689921,0.9327731092436975,0.9145299145299145
Uformer + PathologyLoss,BraTS2021_00056,31.054848,0.9804106950759888,0.08584501,0.973196881091618,0.9238683127572016,0.8807733619763695
Uformer + PathologyLoss,BraTS2021_00056,31.086708,0.9814214110374451,0.08508605,0.9636048526863085,0.8579970104633782,0.86875
Uformer + PathologyLoss,BraTS2021_00056,31.484602,0.9812101721763611,0.08429384,0.957776029373197,0.7950617283950617,0.7950617283950617
Uformer + PathologyLoss,BraTS2021_00056,31.019135,0.9807245135307312,0.085906245,0.9558278711883728,0.41935483870967744,0.41935483870967744
Uformer + PathologyLoss,BraTS2021_00056,31.41815,0.981863796710968,0.085194625,0.969772514802119,nan,nan
Uformer + PathologyLoss,BraTS2021_00056,31.059057,0.9814011454582214,0.08544558,0.9664981036662452,nan,nan
Uformer + PathologyLoss,BraTS2021_00056,31.404955,0.9820795655250549,0.084105626,0.961118690313779,nan,nan
Uformer + PathologyLoss,BraTS2021_00056,31.509388,0.98321133852005,0.082614265,0.9475262368815592,nan,nan
Uformer + PathologyLoss,BraTS2021_00056,31.492878,0.9820075035095215,0.08325704,0.9340463458110517,nan,nan
Uformer + PathologyLoss,BraTS2021_00056,31.59562,0.9824627041816711,0.083161764,0.8916576381365113,nan,nan
Uformer + PathologyLoss,BraTS2021_00056,31.88822,0.9811083674430847,0.08318351,0.8533747090768037,nan,nan
Uformer + PathologyLoss,BraTS2021_00056,31.998383,0.982987105846405,0.0806376,0.852233676975945,nan,nan
Uformer + PathologyLoss,BraTS2021_00056,32.30255,0.9825681447982788,0.081366554,0.6882217090069284,nan,nan
Uformer + PathologyLoss,BraTS2021_00056,32.161667,0.9820532202720642,0.08054706,0.41545893719806765,nan,nan
Uformer + PathologyLoss,BraTS2021_00061,31.24379,0.9775751829147339,0.12729307,0.0,0.0,0.0
Uformer + PathologyLoss,BraTS2021_00061,31.166145,0.9751715660095215,0.1297874,0.0,0.0,0.0
Uformer + PathologyLoss,BraTS2021_00061,31.169508,0.9747889637947083,0.12813033,0.0,0.0,0.0
Uformer + PathologyLoss,BraTS2021_00061,31.312544,0.9768064022064209,0.121885896,0.06514657980456026,0.11320754716981132,0.14457831325301204
Uformer + PathologyLoss,BraTS2021_00061,31.428112,0.9753652811050415,0.12213356,0.3556581986143187,0.7039106145251397,0.5714285714285714
Uformer + PathologyLoss,BraTS2021_00061,31.433483,0.9768850803375244,0.11932651,0.585278276481149,0.7981220657276995,0.562874251497006
Uformer + PathologyLoss,BraTS2021_00061,31.307495,0.97746342420578,0.11902312,0.5563636363636364,0.6885245901639344,0.5072463768115942
Uformer + PathologyLoss,BraTS2021_00061,31.255985,0.9794493317604065,0.11609168,0.5233644859813084,0.4177215189873418,0.4107142857142857
Uformer + PathologyLoss,BraTS2021_00061,31.158602,0.9772878289222717,0.118813366,0.5034687809712587,0.66,0.44025157232704404
Uformer + PathologyLoss,BraTS2021_00061,30.965862,0.9769005179405212,0.11938963,0.5504087193460491,0.7142857142857143,0.5818181818181818
Uformer + PathologyLoss,BraTS2021_00061,30.197052,0.9740796685218811,0.1257565,0.7714491708723864,0.6842105263157895,0.6311787072243346
Uformer + PathologyLoss,BraTS2021_00061,30.21939,0.9673015475273132,0.13220699,0.7700831024930748,0.6740331491712708,0.5972434915773354
Uformer + PathologyLoss,BraTS2021_00061,30.263798,0.9678457975387573,0.12525645,0.7927927927927928,0.7109004739336493,0.5523809523809524
Uformer + PathologyLoss,BraTS2021_00061,30.413456,0.9699141979217529,0.11825408,0.7859778597785978,0.6118326118326118,0.43703703703703706
Uformer + PathologyLoss,BraTS2021_00061,30.376137,0.9657407999038696,0.119813204,0.8295081967213115,0.8048780487804879,0.5988372093023255
Uformer + PathologyLoss,BraTS2021_00061,30.20591,0.9672489762306213,0.11832833,0.785234899328859,0.7809110629067245,0.4835820895522388
Uformer + PathologyLoss,BraTS2021_00061,30.33557,0.9710758328437805,0.11135614,0.7868589743589743,0.42162162162162165,0.28752642706131076
Uformer + PathologyLoss,BraTS2021_00061,30.426018,0.9736533164978027,0.107088946,0.8488888888888889,0.7578947368421053,0.42758620689655175
Uformer + PathologyLoss,BraTS2021_00061,30.54204,0.9747511148452759,0.10480908,0.7442958300550747,0.551980198019802,0.40556660039761433
Uformer + PathologyLoss,BraTS2021_00061,30.522804,0.9759817719459534,0.102873124,0.7637795275590551,0.44413012729844414,0.40102827763496146
Uformer + PathologyLoss,BraTS2021_00061,30.632057,0.9747292995452881,0.10402577,0.7544738725841088,0.675609756097561,0.5028790786948176
Uformer + PathologyLoss,BraTS2021_00061,30.775387,0.9746482968330383,0.10443338,0.7845220030349014,0.6033519553072626,0.41708542713567837
Uformer + PathologyLoss,BraTS2021_00061,30.789654,0.9752455353736877,0.10304509,0.8219607843137255,0.8355029585798817,0.5080645161290323
Uformer + PathologyLoss,BraTS2021_00061,30.682669,0.9756758213043213,0.102762304,0.8269896193771626,0.4504201680672269,0.56657223796034
Uformer + PathologyLoss,BraTS2021_00061,30.53111,0.9743334650993347,0.104466274,0.8773500447627574,0.5787671232876712,0.5473145780051151
Uformer + PathologyLoss,BraTS2021_00061,30.5565,0.9730949997901917,0.104279764,0.8046958377801494,0.5010799136069114,0.5578635014836796
Uformer + PathologyLoss,BraTS2021_00061,30.82533,0.9751884937286377,0.10167493,0.7520958083832335,0.5714285714285714,0.5771428571428572
Uformer + PathologyLoss,BraTS2021_00061,30.930359,0.9713940620422363,0.103080966,0.7894736842105263,0.7549668874172185,0.7517241379310344
Uformer + PathologyLoss,BraTS2021_00061,31.221636,0.9715685844421387,0.10125056,0.7513812154696132,0.6575342465753424,0.6597938144329897
Uformer + PathologyLoss,BraTS2021_00061,31.183489,0.9726569652557373,0.101870134,0.5117967332123412,0.12307692307692308,0.12307692307692308
Uformer + PathologyLoss,BraTS2021_00061,31.184206,0.9729990363121033,0.100532,0.5876106194690266,0.0,0.0
Uformer + PathologyLoss,BraTS2021_00061,31.427546,0.9751074314117432,0.096500576,0.59,0.0,0.0
Uformer + PathologyLoss,BraTS2021_00061,31.567673,0.9720537066459656,0.099326715,0.7397260273972602,nan,nan
Uformer + PathologyLoss,BraTS2021_00061,31.721804,0.9765266180038452,0.09377376,0.4541832669322709,nan,nan
Uformer + PathologyLoss,BraTS2021_00062,28.800297,0.9725930094718933,0.11765342,0.6073825503355704,nan,nan
Uformer + PathologyLoss,BraTS2021_00062,28.666431,0.9700877070426941,0.11875076,0.808641975308642,nan,nan
Uformer + PathologyLoss,BraTS2021_00062,28.886436,0.9706970453262329,0.11635971,0.7879396984924623,nan,nan
Uformer + PathologyLoss,BraTS2021_00062,29.384005,0.9723329544067383,0.109948814,0.8381099922540666,nan,nan
Uformer + PathologyLoss,BraTS2021_00062,29.48545,0.9746767282485962,0.10572458,0.8873038516405135,nan,nan
Uformer + PathologyLoss,BraTS2021_00062,29.70131,0.9758234024047852,0.10251295,0.9087301587301587,nan,nan
Uformer + PathologyLoss,BraTS2021_00062,29.653418,0.9779925346374512,0.098331414,0.9218934911242603,nan,nan
Uformer + PathologyLoss,BraTS2021_00062,29.596186,0.9774760007858276,0.09846903,0.8709677419354839,nan,nan
Uformer + PathologyLoss,BraTS2021_00062,29.841068,0.9806180596351624,0.09420729,0.8742249778565102,nan,nan
Uformer + PathologyLoss,BraTS2021_00062,30.494324,0.9820840358734131,0.09104503,0.9296116504854369,nan,nan
Uformer + PathologyLoss,BraTS2021_00062,30.172894,0.9829244017601013,0.09019867,0.9051629439765654,nan,nan
Uformer + PathologyLoss,BraTS2021_00062,30.136753,0.9822283387184143,0.09142456,0.9249097472924188,0.0,nan
Uformer + PathologyLoss,BraTS2021_00062,30.086002,0.9829080104827881,0.08951993,0.9315360056757716,nan,nan
Uformer + PathologyLoss,BraTS2021_00062,30.304604,0.9829034209251404,0.08871972,0.9564004185559819,nan,nan
Uformer + PathologyLoss,BraTS2021_00062,30.092659,0.9837718605995178,0.08888678,0.942092786996275,0.0,nan
Uformer + PathologyLoss,BraTS2021_00062,30.15921,0.9832856059074402,0.08945331,0.9473328831870358,nan,nan
Uformer + PathologyLoss,BraTS2021_00062,30.077543,0.9819096922874451,0.090198085,0.9607843137254902,0.0,0.0
Uformer + PathologyLoss,BraTS2021_00062,29.744118,0.9827465415000916,0.08990507,0.9322610578410145,0.047619047619047616,0.0
Uformer + PathologyLoss,BraTS2021_00062,29.833105,0.9831719994544983,0.09015482,0.9604658289917254,0.19047619047619047,0.5833333333333334
Uformer + PathologyLoss,BraTS2021_00062,29.594284,0.9828054308891296,0.090444736,0.9519832985386222,0.0,0.0
Uformer + PathologyLoss,BraTS2021_00062,29.643946,0.9825332760810852,0.08999667,0.9574468085106383,0.6857142857142857,0.6857142857142857
Uformer + PathologyLoss,BraTS2021_00062,29.719656,0.9842543601989746,0.08910003,0.95707656612529,0.0,0.0
Uformer + PathologyLoss,BraTS2021_00062,29.906326,0.9850309491157532,0.08756473,0.965938864628821,0.0,0.0
Uformer + PathologyLoss,BraTS2021_00062,30.375502,0.9851962924003601,0.08581648,0.9796640141467727,0.26373626373626374,0.7333333333333333
Uformer + PathologyLoss,BraTS2021_00062,30.314453,0.985708475112915,0.0832034,0.972894199941708,0.16753926701570682,0.7692307692307693
Uformer + PathologyLoss,BraTS2021_00062,30.352976,0.9864426255226135,0.082688235,0.9573621375781695,0.7586206896551724,0.7586206896551724
Uformer + PathologyLoss,BraTS2021_00062,30.662565,0.9870227575302124,0.08018971,0.9709762532981531,0.15920398009950248,0.7692307692307693
Uformer + PathologyLoss,BraTS2021_00062,30.530647,0.9873291254043579,0.08085911,0.97010550996483,0.0,0.0
Uformer + PathologyLoss,BraTS2021_00062,30.812016,0.9890008568763733,0.07679448,0.959953230049693,0.0,0.0
Uformer + PathologyLoss,BraTS2021_00062,31.145115,0.9893648624420166,0.07535704,0.9619137551148883,nan,nan
Uformer + PathologyLoss,BraTS2021_00062,31.200073,0.9895907640457153,0.074358135,0.9672025723472669,nan,nan
Uformer + PathologyLoss,BraTS2021_00062,31.279957,0.9900976419448853,0.07348569,0.9577892499240814,0.0,nan
Uformer + PathologyLoss,BraTS2021_00062,31.22692,0.9898291230201721,0.07429183,0.9546128745179472,0.0,nan
Uformer + PathologyLoss,BraTS2021_00062,31.761782,0.9905732274055481,0.07184823,0.9663990484686292,nan,nan
Uformer + PathologyLoss,BraTS2021_00062,31.854897,0.9906012415885925,0.07160781,0.9608247422680413,nan,nan
Uformer + PathologyLoss,BraTS2021_00062,31.339104,0.9895946979522705,0.07427723,0.9621301775147929,0.0,nan
Uformer + PathologyLoss,BraTS2021_00062,31.393906,0.989547848701477,0.07431442,0.9553039332538736,0.0,nan
Uformer + PathologyLoss,BraTS2021_00062,31.163237,0.9894070625305176,0.07464243,0.9414213499851323,0.0,nan
Uformer + PathologyLoss,BraTS2021_00062,31.395063,0.988981306552887,0.07444459,0.9079328314997105,nan,nan
Uformer + PathologyLoss,BraTS2021_00062,31.484472,0.9887722730636597,0.07430542,0.8870874348581355,nan,nan
Uformer + PathologyLoss,BraTS2021_00062,31.624176,0.9882032871246338,0.073674716,0.9230769230769231,nan,nan
Uformer + PathologyLoss,BraTS2021_00062,31.850662,0.9879229664802551,0.07359398,0.9012121212121212,nan,nan
Uformer + PathologyLoss,BraTS2021_00062,31.585766,0.9864932894706726,0.07620391,0.9046114971572963,0.0,nan
Uformer + PathologyLoss,BraTS2021_00062,31.967426,0.9870988726615906,0.073571436,0.9387222946544981,nan,nan
Uformer + PathologyLoss,BraTS2021_00062,31.644814,0.9868839383125305,0.07562287,0.9407760381211708,nan,nan
Uformer + PathologyLoss,BraTS2021_00062,31.580303,0.9858958125114441,0.078062914,0.9463346194317783,nan,nan
Uformer + PathologyLoss,BraTS2021_00062,31.27121,0.9852681756019592,0.080374405,0.9437737150741635,nan,nan
Uformer + PathologyLoss,BraTS2021_00062,31.384962,0.9863165020942688,0.07896137,0.9639051220350636,nan,nan
Uformer + PathologyLoss,BraTS2021_00062,31.424255,0.9865685701370239,0.079151616,0.9721448467966574,nan,nan
Uformer + PathologyLoss,BraTS2021_00062,31.572243,0.9878924489021301,0.076443404,0.9477637418914305,nan,nan
Uformer + PathologyLoss,BraTS2021_00062,31.28567,0.9873471856117249,0.078647286,0.9330143540669856,nan,nan
Uformer + PathologyLoss,BraTS2021_00062,31.584597,0.9869562983512878,0.078894064,0.9612178325480246,nan,nan
Uformer + PathologyLoss,BraTS2021_00062,31.482182,0.9846481680870056,0.08379008,0.9432571849668386,nan,nan
Uformer + PathologyLoss,BraTS2021_00062,31.006357,0.9849278330802917,0.08602064,0.928214971209213,nan,nan
Uformer + PathologyLoss,BraTS2021_00062,31.07483,0.9851379990577698,0.08700081,0.9260450160771704,nan,nan
Uformer + PathologyLoss,BraTS2021_00062,30.8003,0.9837870001792908,0.09081773,0.9354561101549054,nan,nan
Uformer + PathologyLoss,BraTS2021_00062,30.603157,0.9829089045524597,0.09396008,0.9205094422485727,nan,nan
Uformer + PathologyLoss,BraTS2021_00062,30.492367,0.9831662774085999,0.09674984,0.9231452687694358,nan,nan
Uformer + PathologyLoss,BraTS2021_00062,30.44463,0.9829176068305969,0.09743095,0.9099692577953448,nan,nan
Uformer + PathologyLoss,BraTS2021_00062,30.648617,0.9833685755729675,0.09764383,0.927078495123084,nan,nan
Uformer + PathologyLoss,BraTS2021_00062,30.515993,0.9833784699440002,0.09920527,0.8751654168504631,nan,nan
Uformer + PathologyLoss,BraTS2021_00062,30.118732,0.9820759892463684,0.10380452,0.9002320185614849,0.0,0.0
Uformer + PathologyLoss,BraTS2021_00062,30.181181,0.9829519391059875,0.10423555,0.9155555555555556,nan,nan
Uformer + PathologyLoss,BraTS2021_00062,30.13369,0.9825091361999512,0.10721732,0.9212916246215943,0.0,0.0
Uformer + PathologyLoss,BraTS2021_00062,29.877151,0.9816398620605469,0.1130409,0.910880829015544,0.0,0.0
Uformer + PathologyLoss,BraTS2021_00062,30.014217,0.9836063981056213,0.11006985,0.8956043956043956,0.0,0.0
Uformer + PathologyLoss,BraTS2021_00062,29.980585,0.9837315678596497,0.11294086,0.8698795180722891,nan,nan
Uformer + PathologyLoss,BraTS2021_00062,29.924644,0.9835484027862549,0.116274156,0.8882758620689655,0.0,0.0
Uformer + PathologyLoss,BraTS2021_00062,30.014132,0.9842678308486938,0.11740392,0.8910021945866862,0.0,0.0
Uformer + PathologyLoss,BraTS2021_00062,30.46355,0.9843113422393799,0.12104451,0.9491228070175438,0.0,0.0
Uformer + PathologyLoss,BraTS2021_00062,30.302713,0.9839316010475159,0.12553006,0.9104908565928778,0.0,0.0
Uformer + PathologyLoss,BraTS2021_00062,30.641367,0.9855697154998779,0.1226987,0.8847826086956522,0.0,0.0
Uformer + PathologyLoss,BraTS2021_00062,30.78061,0.9851599931716919,0.12869318,0.8888888888888888,nan,nan
Uformer + PathologyLoss,BraTS2021_00062,30.888226,0.9846606254577637,0.13299581,0.7151277013752456,0.0,0.0
Uformer + PathologyLoss,BraTS2021_00066,30.50105,0.967915952205658,0.10153457,0.8740740740740741,nan,nan
Uformer + PathologyLoss,BraTS2021_00066,30.411015,0.9680664539337158,0.10273941,0.8924731182795699,nan,nan
Uformer + PathologyLoss,BraTS2021_00066,30.381336,0.9697858691215515,0.102256514,0.9566929133858267,nan,nan
Uformer + PathologyLoss,BraTS2021_00066,30.349876,0.9706225991249084,0.10105265,0.9588138385502472,nan,nan
Uformer + PathologyLoss,BraTS2021_00066,30.56908,0.9730129837989807,0.099442475,0.968299711815562,nan,nan
Uformer + PathologyLoss,BraTS2021_00066,30.473518,0.9722399115562439,0.099945284,0.9706601466992665,nan,nan
Uformer + PathologyLoss,BraTS2021_00066,30.429546,0.9737612009048462,0.0982942,0.9599217986314761,nan,nan
Uformer + PathologyLoss,BraTS2021_00066,30.728052,0.9771502614021301,0.09516474,0.9869678540399652,nan,nan
Uformer + PathologyLoss,BraTS2021_00066,30.730364,0.979296863079071,0.09093865,0.9782608695652174,nan,nan
Uformer + PathologyLoss,BraTS2021_00066,30.338348,0.9768558144569397,0.09443281,0.9794762915782024,0.6578947368421053,0.6578947368421053
Uformer + PathologyLoss,BraTS2021_00066,30.572773,0.9768702983856201,0.09561008,0.9715043074884029,0.8253968253968254,0.8253968253968254
Uformer + PathologyLoss,BraTS2021_00066,30.488258,0.9794122576713562,0.09247445,0.9527845036319612,0.9308176100628931,0.891156462585034
Uformer + PathologyLoss,BraTS2021_00066,30.261343,0.9778344035148621,0.094430104,0.972106824925816,0.9764150943396226,0.9325513196480938
Uformer + PathologyLoss,BraTS2021_00066,30.115234,0.9779263138771057,0.0949783,0.9560693641618497,0.9432485322896281,0.875
Uformer + PathologyLoss,BraTS2021_00066,30.042727,0.9769291877746582,0.09709219,0.9726651480637813,0.9568221070811744,0.8720626631853786
Uformer + PathologyLoss,BraTS2021_00066,30.269697,0.9776176810264587,0.09712185,0.9715846994535519,0.9682539682539683,0.8775510204081632
Uformer + PathologyLoss,BraTS2021_00066,30.160172,0.9788734316825867,0.09488036,0.9622348680807036,0.974512743628186,0.9113924050632911
Uformer + PathologyLoss,BraTS2021_00066,30.488083,0.981453001499176,0.09141771,0.9578163771712159,0.9647058823529412,0.8542199488491049
Uformer + PathologyLoss,BraTS2021_00066,30.653,0.9819093346595764,0.090196565,0.9422222222222222,0.9775910364145658,0.9066059225512528
Uformer + PathologyLoss,BraTS2021_00066,30.6959,0.9842036366462708,0.08537448,0.9581529581529582,0.9750692520775623,0.8730512249443207
Uformer + PathologyLoss,BraTS2021_00066,30.670609,0.9838204383850098,0.08662263,0.9701563240170535,0.9783783783783784,0.8860759493670886
Uformer + PathologyLoss,BraTS2021_00066,30.832497,0.9826278686523438,0.08808558,0.9763170613823103,0.9679144385026738,0.8955823293172691
Uformer + PathologyLoss,BraTS2021_00066,30.914412,0.983080267906189,0.086187184,0.9610636277302944,0.9720372836218375,0.9105367793240556
Uformer + PathologyLoss,BraTS2021_00066,30.832664,0.9820935726165771,0.08530929,0.9754716981132076,0.9662618083670715,0.8752642706131079
Uformer + PathologyLoss,BraTS2021_00066,31.118258,0.9828120470046997,0.082866624,0.9717247879359096,0.9649368863955119,0.8657407407407407
Uformer + PathologyLoss,BraTS2021_00066,31.29752,0.9818403124809265,0.08303667,0.9679814385150812,0.9585121602288984,0.8879120879120879
Uformer + PathologyLoss,BraTS2021_00066,31.236431,0.9793944358825684,0.08464653,0.9735988883742474,0.9805097451274363,0.9015317286652079
Uformer + PathologyLoss,BraTS2021_00066,31.318932,0.978766143321991,0.084638424,0.9622119815668203,0.9529983792544571,0.8681818181818182
Uformer + PathologyLoss,BraTS2021_00066,31.264248,0.9749273657798767,0.087562054,0.9728735632183908,0.9586206896551724,0.864516129032258
Uformer + PathologyLoss,BraTS2021_00066,31.234695,0.9760541915893555,0.086315416,0.9615206305053314,0.9525691699604744,0.8855291576673866
Uformer + PathologyLoss,BraTS2021_00066,31.247282,0.9749012589454651,0.08662193,0.9440227703984819,0.9541284403669725,0.9002433090024331
Uformer + PathologyLoss,BraTS2021_00066,31.106945,0.9744275808334351,0.088560455,0.945712836123795,0.8403908794788274,0.8403908794788274
Uformer + PathologyLoss,BraTS2021_00066,31.15531,0.9749218821525574,0.09068776,0.9508373851971907,0.7398843930635838,0.7398843930635838
Uformer + PathologyLoss,BraTS2021_00066,30.821838,0.9738258123397827,0.092186004,0.9542559351476549,0.0,0.0
Uformer + PathologyLoss,BraTS2021_00066,30.811993,0.9753133654594421,0.09284075,0.9460154241645244,nan,nan
Uformer + PathologyLoss,BraTS2021_00066,30.438776,0.9737030267715454,0.09505189,0.9518950437317785,nan,nan
Uformer + PathologyLoss,BraTS2021_00066,30.254467,0.9701505303382874,0.10026924,0.9366018596787827,nan,nan
Uformer + PathologyLoss,BraTS2021_00066,30.151917,0.9691030979156494,0.10360384,0.9333333333333333,nan,nan
Uformer + PathologyLoss,BraTS2021_00066,29.746956,0.9680360555648804,0.10462738,0.9255813953488372,nan,nan
Uformer + PathologyLoss,BraTS2021_00066,29.650251,0.9658833742141724,0.1088341,0.9501915708812261,nan,nan
Uformer + PathologyLoss,BraTS2021_00066,29.591024,0.9642971754074097,0.11310976,0.9189985272459499,nan,nan
Uformer + PathologyLoss,BraTS2021_00066,29.284267,0.9642308354377747,0.114702426,0.9575163398692811,nan,nan
Uformer + PathologyLoss,BraTS2021_00066,29.1539,0.9627078175544739,0.11802569,0.9449081803005008,nan,nan
Uformer + PathologyLoss,BraTS2021_00066,29.23586,0.9667294025421143,0.115830295,0.9515260323159784,nan,nan
Uformer + PathologyLoss,BraTS2021_00066,29.426863,0.9636355042457581,0.1191803,0.9328214971209213,nan,nan
Uformer + PathologyLoss,BraTS2021_00066,29.229599,0.9658137559890747,0.12049808,0.9159663865546218,nan,nan
Uformer + PathologyLoss,BraTS2021_00066,29.151781,0.9668967723846436,0.12098234,0.9168539325842696,nan,nan
Uformer + PathologyLoss,BraTS2021_00066,29.040031,0.9669872522354126,0.12192354,0.9336870026525199,nan,nan
Uformer + PathologyLoss,BraTS2021_00066,28.997974,0.9674623012542725,0.12229177,0.9073482428115016,nan,nan
Uformer + PathologyLoss,BraTS2021_00071,31.607307,0.9823103547096252,0.10402979,nan,nan,nan
Uformer + PathologyLoss,BraTS2021_00071,31.799206,0.9818957448005676,0.10498627,nan,nan,nan
Uformer + PathologyLoss,BraTS2021_00071,31.280983,0.9803645610809326,0.107303515,nan,nan,nan
Uformer + PathologyLoss,BraTS2021_00071,31.111958,0.9792091250419617,0.11133548,nan,nan,nan
Uformer + PathologyLoss,BraTS2021_00071,31.176455,0.9767281413078308,0.11526373,nan,nan,nan
Uformer + PathologyLoss,BraTS2021_00071,31.025928,0.977856457233429,0.11262734,0.0,nan,nan
Uformer + PathologyLoss,BraTS2021_00071,30.686981,0.9751437902450562,0.11775386,0.0,nan,nan
Uformer + PathologyLoss,BraTS2021_00071,30.770227,0.9723213315010071,0.11715677,0.0,nan,nan
Uformer + PathologyLoss,BraTS2021_00071,30.543386,0.9727769494056702,0.11484126,0.0,nan,nan
Uformer + PathologyLoss,BraTS2021_00071,30.903837,0.9716511964797974,0.11294336,0.6472919418758256,nan,nan
Uformer + PathologyLoss,BraTS2021_00071,30.790417,0.9725691676139832,0.11018632,0.8761552680221811,0.0,0.0
Uformer + PathologyLoss,BraTS2021_00071,30.785942,0.9722121953964233,0.10827124,0.853051996985682,0.12195121951219512,0.12195121951219512
Uformer + PathologyLoss,BraTS2021_00071,30.728247,0.9688985347747803,0.1112787,0.9316129032258065,0.8387096774193549,0.8387096774193549
Uformer + PathologyLoss,BraTS2021_00071,30.547375,0.9708057045936584,0.109031826,0.9474984558369364,0.8156182212581344,0.8053691275167785
Uformer + PathologyLoss,BraTS2021_00071,30.793716,0.9721536040306091,0.10639295,0.8982826948480845,0.7180327868852459,0.7254237288135593
Uformer + PathologyLoss,BraTS2021_00071,30.905973,0.9734159111976624,0.10209503,0.8973487423521413,0.8058823529411765,0.7573149741824441
Uformer + PathologyLoss,BraTS2021_00071,31.122849,0.9756208658218384,0.09950674,0.9030431705590941,0.781292984869326,0.733446519524618
Uformer + PathologyLoss,BraTS2021_00071,31.328484,0.9752776026725769,0.0980136,0.9121278140885984,0.8611898016997167,0.782608695652174
Uformer + PathologyLoss,BraTS2021_00071,31.343298,0.97468101978302,0.09910163,0.9009679821295606,0.892128279883382,0.782258064516129
Uformer + PathologyLoss,BraTS2021_00071,31.47889,0.9774836301803589,0.095297225,0.8846761453396524,0.9035971223021583,0.8026030368763557
Uformer + PathologyLoss,BraTS2021_00071,31.61831,0.9797402620315552,0.092979506,0.9324654190398698,0.9198184568835098,0.8439024390243902
Uformer + PathologyLoss,BraTS2021_00071,31.634207,0.9788665175437927,0.093308195,0.90754877014419,0.9362962962962963,0.8518518518518519
Uformer + PathologyLoss,BraTS2021_00071,31.484554,0.9785379767417908,0.09360259,0.9211908931698775,0.9237536656891495,0.8465116279069768
Uformer + PathologyLoss,BraTS2021_00071,31.635893,0.9762833714485168,0.09706345,0.9182948490230906,0.9344490934449093,0.8336933045356372
Uformer + PathologyLoss,BraTS2021_00071,31.549706,0.9772210717201233,0.096071005,0.8941398865784499,0.944206008583691,0.8678414096916299
Uformer + PathologyLoss,BraTS2021_00071,31.495352,0.9757065176963806,0.09656183,0.9183673469387755,0.9264305177111717,0.8559670781893004
Uformer + PathologyLoss,BraTS2021_00071,31.513817,0.9750632643699646,0.0973483,0.9097888675623801,0.9348127600554785,0.8397291196388262
Uformer + PathologyLoss,BraTS2021_00071,31.438232,0.9767019152641296,0.097152874,0.9258589511754068,0.910761154855643,0.8385744234800838
Uformer + PathologyLoss,BraTS2021_00071,31.469622,0.9746153950691223,0.0969253,0.905587668593449,0.9105263157894737,0.84472049689441
Uformer + PathologyLoss,BraTS2021_00071,31.572826,0.9776726961135864,0.09369575,0.9018036072144289,0.965034965034965,0.8958333333333334
Uformer + PathologyLoss,BraTS2021_00071,31.53427,0.9783308506011963,0.092870586,0.9350393700787402,0.9342465753424658,0.8881118881118881
Uformer + PathologyLoss,BraTS2021_00071,31.593561,0.9795892834663391,0.09258611,0.9555555555555556,0.945985401459854,0.8984509466437177
Uformer + PathologyLoss,BraTS2021_00071,31.603205,0.9788256287574768,0.09375153,0.9467213114754098,0.958904109589041,0.9349736379613357
Uformer + PathologyLoss,BraTS2021_00071,31.34747,0.9777442216873169,0.09633803,0.9454545454545454,0.935064935064935,0.8922495274102079
Uformer + PathologyLoss,BraTS2021_00071,31.265984,0.9745091795921326,0.10030878,0.9418837675350702,0.933993399339934,0.887189292543021
Uformer + PathologyLoss,BraTS2021_00071,31.420576,0.9770594835281372,0.09679983,0.9564393939393939,0.9228070175438596,0.847870182555781
Uformer + PathologyLoss,BraTS2021_00071,31.455494,0.9769061803817749,0.096997246,0.9315838800374883,0.8501742160278746,0.7836734693877551
Uformer + PathologyLoss,BraTS2021_00071,31.294968,0.9796680212020874,0.09465448,0.9761222540592168,0.8559139784946237,0.7948717948717948
Uformer + PathologyLoss,BraTS2021_00071,31.565191,0.9798532128334045,0.0936763,0.9757045675413022,0.824468085106383,0.8056338028169014
Uformer + PathologyLoss,BraTS2021_00071,31.69759,0.9827073216438293,0.08945128,0.9277777777777778,0.5327868852459017,0.5439330543933054
Uformer + PathologyLoss,BraTS2021_00071,32.09656,0.9829900860786438,0.08841645,0.8946772366930917,0.3130434782608696,0.3185840707964602
Uformer + PathologyLoss,BraTS2021_00071,32.303596,0.9837365746498108,0.085906185,0.9482948294829483,0.0,0.0
Uformer + PathologyLoss,BraTS2021_00071,32.277092,0.9847449064254761,0.08556302,0.928164196123147,0.0,0.0
Uformer + PathologyLoss,BraTS2021_00071,32.18575,0.9852017760276794,0.085342705,0.8686868686868687,0.0,0.0
Uformer + PathologyLoss,BraTS2021_00071,32.45465,0.9853216409683228,0.08377237,0.8739495798319328,0.0,0.0
Uformer + PathologyLoss,BraTS2021_00071,32.67372,0.9860801100730896,0.081178024,0.8734567901234568,nan,nan
Uformer + PathologyLoss,BraTS2021_00071,32.87842,0.9863878488540649,0.080174476,0.890625,nan,nan
Uformer + PathologyLoss,BraTS2021_00071,32.928062,0.9875693917274475,0.07790122,0.8545176110260337,nan,nan
Uformer + PathologyLoss,BraTS2021_00071,32.952305,0.9860593676567078,0.08014958,0.8492647058823529,nan,nan
Uformer + PathologyLoss,BraTS2021_00071,32.984856,0.9863466024398804,0.079354584,0.8538461538461538,nan,nan
Uformer + PathologyLoss,BraTS2021_00071,33.09674,0.9873227477073669,0.076215856,0.9101123595505618,nan,nan
Uformer + PathologyLoss,BraTS2021_00071,32.963634,0.9846959114074707,0.080830656,0.889344262295082,nan,nan
Uformer + PathologyLoss,BraTS2021_00071,32.960964,0.9856852889060974,0.07887939,0.8686868686868687,nan,nan
Uformer + PathologyLoss,BraTS2021_00071,33.228565,0.9848262071609497,0.07888292,0.821505376344086,nan,nan
Uformer + PathologyLoss,BraTS2021_00071,33.151054,0.9855750799179077,0.07716298,0.8314606741573034,nan,nan
Uformer + PathologyLoss,BraTS2021_00071,33.133568,0.9855907559394836,0.07567909,0.8971553610503282,nan,nan
Uformer + PathologyLoss,BraTS2021_00071,33.317257,0.9856171607971191,0.075434834,0.6331360946745562,nan,nan
Uformer + PathologyLoss,BraTS2021_00071,33.232227,0.9834368228912354,0.07658993,0.046511627906976744,nan,nan
Uformer + PathologyLoss,BraTS2021_00071,33.068043,0.9833500385284424,0.07798912,0.6215139442231076,nan,nan
Uformer + PathologyLoss,BraTS2021_00071,32.82128,0.9811308979988098,0.08030677,0.0,nan,nan
Uformer + PathologyLoss,BraTS2021_00071,32.560642,0.9837774634361267,0.078808345,0.0,nan,nan
Uformer + PathologyLoss,BraTS2021_00071,32.56539,0.9800875782966614,0.08221329,0.0,nan,nan
Uformer + PathologyLoss,BraTS2021_00071,32.764668,0.9827507734298706,0.079722606,0.0,nan,nan
Uformer + PathologyLoss,BraTS2021_00074,31.41445,0.9660415053367615,0.11174939,0.0,nan,nan
Uformer + PathologyLoss,BraTS2021_00074,31.594477,0.9683780670166016,0.10613294,0.0,nan,nan
Uformer + PathologyLoss,BraTS2021_00074,31.796768,0.9680702090263367,0.105424166,0.15503875968992248,nan,nan
Uformer + PathologyLoss,BraTS2021_00074,31.896763,0.9695445895195007,0.10405854,0.4066390041493776,nan,nan
Uformer + PathologyLoss,BraTS2021_00074,32.173378,0.9737265110015869,0.098903336,0.8926315789473684,nan,nan
Uformer + PathologyLoss,BraTS2021_00074,32.23136,0.9738647937774658,0.09817404,0.8584202682563339,nan,nan
Uformer + PathologyLoss,BraTS2021_00074,32.20677,0.9753090739250183,0.09620695,0.8981206726013847,nan,nan
Uformer + PathologyLoss,BraTS2021_00074,32.187458,0.974478006362915,0.096768014,0.8559077809798271,nan,nan
Uformer + PathologyLoss,BraTS2021_00074,32.516273,0.9742560982704163,0.095438994,0.8401015228426396,0.03076923076923077,0.03076923076923077
Uformer + PathologyLoss,BraTS2021_00074,32.273422,0.9732604622840881,0.096101366,0.9090909090909091,0.8839285714285714,0.8839285714285714
Uformer + PathologyLoss,BraTS2021_00074,32.37235,0.9772875905036926,0.09190892,0.9478079331941545,0.8444444444444444,0.8407643312101911
Uformer + PathologyLoss,BraTS2021_00074,32.312817,0.9772688746452332,0.091545425,0.9505703422053232,0.7418738049713193,0.7972027972027972
Uformer + PathologyLoss,BraTS2021_00074,32.58307,0.9792070984840393,0.08915806,0.9497092028737598,0.8524590163934426,0.8612612612612612
Uformer + PathologyLoss,BraTS2021_00074,32.1959,0.977302610874176,0.091740064,0.9588680487002303,0.8362445414847162,0.8310249307479224
Uformer + PathologyLoss,BraTS2021_00074,32.284615,0.9764152765274048,0.09139298,0.9558998808104887,0.9037735849056604,0.8764568764568764
Uformer + PathologyLoss,BraTS2021_00074,32.236202,0.9764717221260071,0.09166987,0.9767851895386424,0.885,0.8395833333333333
Uformer + PathologyLoss,BraTS2021_00074,32.30602,0.9760840535163879,0.09061614,0.9633237822349571,0.9014740108611327,0.844400396432111
Uformer + PathologyLoss,BraTS2021_00074,32.276905,0.9782794713973999,0.08917088,0.9547850208044383,0.8743416102332581,0.8011363636363636
Uformer + PathologyLoss,BraTS2021_00074,32.2601,0.97733473777771,0.09019201,0.9813526301141108,0.8303834808259587,0.7612208258527827
Uformer + PathologyLoss,BraTS2021_00074,32.10937,0.9760697484016418,0.0912214,0.9520132377275234,0.8016759776536313,0.7973609802073516
Uformer + PathologyLoss,BraTS2021_00074,32.119297,0.9771971106529236,0.09106947,0.9724622030237581,0.8007863695937091,0.7957181088314005
Uformer + PathologyLoss,BraTS2021_00074,32.167248,0.9791744351387024,0.087735526,0.977984977984978,0.8139922265408107,0.8243785084202085
Uformer + PathologyLoss,BraTS2021_00074,32.4493,0.9780241847038269,0.08737098,0.9776422764227642,0.951271186440678,0.8722397476340694
Uformer + PathologyLoss,BraTS2021_00074,32.266144,0.9781071543693542,0.08755266,0.9788750318147111,0.9741293532338309,0.8909218859957776
Uformer + PathologyLoss,BraTS2021_00074,32.381615,0.9802380204200745,0.084961765,0.9744104365278474,0.9655850540806293,0.8771428571428571
Uformer + PathologyLoss,BraTS2021_00074,32.31446,0.9789384603500366,0.086035244,0.9811699723826262,0.9612711022840119,0.841147655703289
Uformer + PathologyLoss,BraTS2021_00074,32.57463,0.9811803698539734,0.08398613,0.9709436873232193,0.9764705882352941,0.903932946486138
Uformer + PathologyLoss,BraTS2021_00074,32.469017,0.9820950031280518,0.08359844,0.9687095940005171,0.9688888888888889,0.8874172185430463
Uformer + PathologyLoss,BraTS2021_00074,32.606995,0.9822649955749512,0.08322811,0.971252566735113,0.9689067201604814,0.8991784914115011
Uformer + PathologyLoss,BraTS2021_00074,32.75922,0.9831539392471313,0.080152035,0.9780247537256883,0.9664570230607966,0.9015817223198594
Uformer + PathologyLoss,BraTS2021_00074,32.97896,0.985043466091156,0.077562,0.9740853658536586,0.949671772428884,0.8198284080076264
Uformer + PathologyLoss,BraTS2021_00074,32.94544,0.9835358262062073,0.08045144,0.9531129900076863,0.9564233163554047,0.8449531737773153
Uformer + PathologyLoss,BraTS2021_00074,32.87233,0.9841079115867615,0.07909078,0.947395432383885,0.9670710571923743,0.8739837398373984
Uformer + PathologyLoss,BraTS2021_00074,33.065178,0.9849527478218079,0.077368535,0.9579239103048627,0.9737324373854612,0.8625
Uformer + PathologyLoss,BraTS2021_00074,33.134758,0.9858163595199585,0.07453327,0.9571324775974812,0.9583057577763071,0.803921568627451
Uformer + PathologyLoss,BraTS2021_00074,33.63439,0.9858903884887695,0.074121766,0.9634288376426742,0.9170437405731523,0.7697756788665879
Uformer + PathologyLoss,BraTS2021_00074,33.665527,0.9858590364456177,0.073333785,0.9794275491949911,0.9291075896580484,0.7658321060382917
Uformer + PathologyLoss,BraTS2021_00074,33.548668,0.9853026866912842,0.07396554,0.9775605421017551,0.8663212435233161,0.7228177641653905
Uformer + PathologyLoss,BraTS2021_00074,33.525864,0.9854850769042969,0.07354886,0.9840367373715285,0.6709558823529411,0.8155080213903744
Uformer + PathologyLoss,BraTS2021_00074,33.763077,0.9857085943222046,0.07263519,0.9840989399293286,0.8233731739707836,0.8642335766423358
Uformer + PathologyLoss,BraTS2021_00074,34.02978,0.9866845011711121,0.07022626,0.9780605528740676,0.5816326530612245,0.8
Uformer + PathologyLoss,BraTS2021_00074,33.90272,0.9870576858520508,0.07002285,0.9859791949344188,0.8438661710037175,0.7540322580645161
Uformer + PathologyLoss,BraTS2021_00074,34.056793,0.986845850944519,0.06914597,0.9830979393378096,0.6262135922330098,0.6262135922330098
Uformer + PathologyLoss,BraTS2021_00074,34.282604,0.9860857129096985,0.07020083,0.9846669861044561,0.42585551330798477,0.42585551330798477
Uformer + PathologyLoss,BraTS2021_00074,34.08599,0.9872831702232361,0.06927119,0.9867387033398821,0.35555555555555557,0.0
Uformer + PathologyLoss,BraTS2021_00074,34.09589,0.9873856902122498,0.06892617,0.9866867621200703,0.4583333333333333,0.0
Uformer + PathologyLoss,BraTS2021_00074,34.269226,0.986674964427948,0.069204524,0.9846390168970814,0.0,0.0
Uformer + PathologyLoss,BraTS2021_00074,33.881813,0.9858416318893433,0.071886815,0.9867152904402188,0.0,nan
Uformer + PathologyLoss,BraTS2021_00074,33.952415,0.986704409122467,0.06977317,0.9934089111521224,0.0,nan
Uformer + PathologyLoss,BraTS2021_00074,33.819042,0.9852834343910217,0.073348634,0.9898828541001065,nan,nan
Uformer + PathologyLoss,BraTS2021_00074,33.87513,0.9855684041976929,0.0726047,0.9875943905070119,nan,nan
Uformer + PathologyLoss,BraTS2021_00074,33.6589,0.985771656036377,0.073802575,0.9890230515916575,nan,nan
Uformer + PathologyLoss,BraTS2021_00074,33.30707,0.9838014841079712,0.07747559,0.984873949579832,nan,nan
Uformer + PathologyLoss,BraTS2021_00074,33.10312,0.9837526679039001,0.0780094,0.9887963228957196,nan,nan
Uformer + PathologyLoss,BraTS2021_00074,33.071484,0.9836983680725098,0.077902526,0.9876543209876543,nan,nan
Uformer + PathologyLoss,BraTS2021_00074,33.039444,0.9808619022369385,0.08173196,0.9784037558685446,nan,nan
Uformer + PathologyLoss,BraTS2021_00074,33.003162,0.9804077744483948,0.08295534,0.9728491985606804,nan,nan
Uformer + PathologyLoss,BraTS2021_00074,32.984077,0.9809876084327698,0.08252008,0.9767127910901113,nan,nan
Uformer + PathologyLoss,BraTS2021_00074,32.913586,0.9805395603179932,0.08246061,0.9767441860465116,nan,nan
Uformer + PathologyLoss,BraTS2021_00074,32.583103,0.9782705307006836,0.08726665,0.9774658293313632,nan,nan
Uformer + PathologyLoss,BraTS2021_00074,32.333134,0.9781209826469421,0.08806074,0.9743380855397149,nan,nan
Uformer + PathologyLoss,BraTS2021_00074,32.390343,0.9774064421653748,0.08911666,0.9524271844660194,nan,nan
Uformer + PathologyLoss,BraTS2021_00074,32.16786,0.9762798547744751,0.09249223,0.9516129032258065,nan,nan
Uformer + PathologyLoss,BraTS2021_00074,32.159485,0.97543865442276,0.09373439,0.9240587109125717,nan,nan
Uformer + PathologyLoss,BraTS2021_00074,31.939184,0.9747778177261353,0.09599733,0.9319899244332494,nan,nan
Uformer + PathologyLoss,BraTS2021_00074,31.74459,0.9731637239456177,0.09940687,0.5664556962025317,nan,nan
Uformer + PathologyLoss,BraTS2021_00085,32.43622,0.9736312031745911,0.08529628,0.17573221757322174,nan,nan
Uformer + PathologyLoss,BraTS2021_00085,32.438255,0.9736600518226624,0.08416596,0.0,nan,nan
Uformer + PathologyLoss,BraTS2021_00085,32.77572,0.9765783548355103,0.08214767,0.4007707129094412,nan,nan
Uformer + PathologyLoss,BraTS2021_00085,32.82249,0.9773902297019958,0.08190536,0.1717557251908397,nan,nan
Uformer + PathologyLoss,BraTS2021_00085,32.744278,0.9781754016876221,0.080951616,0.42276422764227645,nan,nan
Uformer + PathologyLoss,BraTS2021_00085,32.79875,0.9767205119132996,0.081191905,0.6048565121412803,nan,nan
Uformer + PathologyLoss,BraTS2021_00085,32.797634,0.9781712293624878,0.080117434,0.9101401483924155,nan,nan
Uformer + PathologyLoss,BraTS2021_00085,32.890507,0.9786063432693481,0.079482794,0.9256965944272446,nan,nan
Uformer + PathologyLoss,BraTS2021_00085,32.833645,0.980491042137146,0.07773014,0.9376731301939059,nan,nan
Uformer + PathologyLoss,BraTS2021_00085,32.81557,0.9820262789726257,0.07710509,0.9342372881355933,nan,nan
Uformer + PathologyLoss,BraTS2021_00085,32.96948,0.9827165603637695,0.07575032,0.9121447028423773,nan,nan
Uformer + PathologyLoss,BraTS2021_00085,33.176964,0.9836761951446533,0.0745634,0.8832807570977917,nan,nan
Uformer + PathologyLoss,BraTS2021_00085,33.31911,0.9851434826850891,0.07277702,0.8734939759036144,nan,nan
Uformer + PathologyLoss,BraTS2021_00085,33.54973,0.9860354065895081,0.070759185,0.8750747160789002,nan,nan
Uformer + PathologyLoss,BraTS2021_00085,33.6537,0.9858697056770325,0.06982347,0.8459214501510574,nan,nan
Uformer + PathologyLoss,BraTS2021_00085,33.7892,0.9874395132064819,0.06634771,0.8819167142042214,0.0,nan
Uformer + PathologyLoss,BraTS2021_00085,33.656113,0.9853072166442871,0.06966429,0.9010123734533183,0.0,0.0
Uformer + PathologyLoss,BraTS2021_00085,33.694042,0.9868624806404114,0.06786701,0.9294377067254685,0.0,0.0
Uformer + PathologyLoss,BraTS2021_00085,33.4236,0.9866287112236023,0.06850925,0.9286103542234332,0.0,0.0
Uformer + PathologyLoss,BraTS2021_00085,33.479088,0.9868061542510986,0.069324516,0.9116379310344828,0.6213592233009708,0.6739130434782609
Uformer + PathologyLoss,BraTS2021_00085,33.21055,0.9854533672332764,0.07101961,0.9125514403292181,0.7068965517241379,0.7387387387387387
Uformer + PathologyLoss,BraTS2021_00085,32.94296,0.9868403077125549,0.07075344,0.9207920792079208,0.7096774193548387,0.780952380952381
Uformer + PathologyLoss,BraTS2021_00085,33.321537,0.9853813648223877,0.070995495,0.8865877712031558,0.8775510204081632,0.8775510204081632
Uformer + PathologyLoss,BraTS2021_00085,32.86654,0.9864419102668762,0.07120175,0.9229332087809435,0.0,0.0
Uformer + PathologyLoss,BraTS2021_00085,32.888046,0.9862728714942932,0.07198298,0.8937589328251548,0.34285714285714286,0.6153846153846154
Uformer + PathologyLoss,BraTS2021_00085,32.781982,0.9838748574256897,0.07587575,0.8750598372426999,0.0,0.0
Uformer + PathologyLoss,BraTS2021_00085,32.284473,0.9823621511459351,0.07850688,0.8698597000483793,0.1794871794871795,0.3888888888888889
Uformer + PathologyLoss,BraTS2021_00085,31.876661,0.9828212857246399,0.081061564,0.8665036674816626,0.23853211009174313,0.4727272727272727
Uformer + PathologyLoss,BraTS2021_00085,31.75698,0.981479823589325,0.08353849,0.8864864864864865,0.21705426356589147,0.4
Uformer + PathologyLoss,BraTS2021_00085,31.394783,0.9788811802864075,0.08649203,0.8933660933660934,0.145985401459854,0.24390243902439024
Uformer + PathologyLoss,BraTS2021_00085,31.156424,0.975278913974762,0.091653526,0.8583162217659137,0.25333333333333335,0.3870967741935484
Uformer + PathologyLoss,BraTS2021_00085,30.667282,0.9763438701629639,0.0926622,0.9033840117704757,0.2585034013605442,0.33707865168539325
Uformer + PathologyLoss,BraTS2021_00085,30.551876,0.9761173129081726,0.09429492,0.8947098099640473,0.5638297872340425,0.6615384615384615
Uformer + PathologyLoss,BraTS2021_00085,30.49426,0.9737089276313782,0.09869502,0.8705758055995774,0.6496815286624203,0.6890756302521008
Uformer + PathologyLoss,BraTS2021_00085,30.38593,0.9724218249320984,0.10070076,0.8774403470715835,0.5614035087719298,0.6097560975609756
Uformer + PathologyLoss,BraTS2021_00085,29.850595,0.9727258682250977,0.10409995,0.8888888888888888,0.7457627118644068,0.7835051546391752
Uformer + PathologyLoss,BraTS2021_00085,29.869534,0.9722244143486023,0.10471132,0.8927181767648694,0.7102803738317757,0.7710843373493976
Uformer + PathologyLoss,BraTS2021_00085,29.7732,0.9717347025871277,0.10702224,0.905742145178765,0.5263157894736842,0.5789473684210527
Uformer + PathologyLoss,BraTS2021_00085,29.347923,0.9723349213600159,0.110808924,0.9016216216216216,0.0,0.0
Uformer + PathologyLoss,BraTS2021_00085,29.187222,0.9714064598083496,0.11472399,0.919431279620853,0.0,0.0
Uformer + PathologyLoss,BraTS2021_00085,29.217539,0.9742661118507385,0.11219551,0.930330015715034,0.0,0.0
Uformer + PathologyLoss,BraTS2021_00085,29.0634,0.9741078019142151,0.11634344,0.9008620689655172,0.6875,0.6
Uformer + PathologyLoss,BraTS2021_00085,29.005714,0.9754857420921326,0.116266444,0.9125269978401728,0.5555555555555556,0.6666666666666666
Uformer + PathologyLoss,BraTS2021_00085,28.664577,0.9741533398628235,0.12390352,0.9082621082621083,0.0,0.0
Uformer + PathologyLoss,BraTS2021_00085,28.688862,0.9735162258148193,0.12928066,0.894431554524362,0.0,0.0
Uformer + PathologyLoss,BraTS2021_00085,28.962105,0.9754577875137329,0.1278524,0.9305239179954442,0.0,0.0
Uformer + PathologyLoss,BraTS2021_00085,28.583355,0.9771150946617126,0.1293553,0.9380530973451328,0.0,nan
Uformer + PathologyLoss,BraTS2021_00085,28.44666,0.9774429202079773,0.13318491,0.9516819571865444,nan,nan
Uformer + PathologyLoss,BraTS2021_00085,28.564074,0.9778916835784912,0.13466772,0.9370179948586118,0.0,0.0
Uformer + PathologyLoss,BraTS2021_00085,28.481104,0.97919100522995,0.13603687,0.9540150995195608,0.0,0.0
Uformer + PathologyLoss,BraTS2021_00085,28.520695,0.9786498546600342,0.1408079,0.9316493313521546,nan,nan
Uformer + PathologyLoss,BraTS2021_00085,28.40167,0.9784703850746155,0.14613184,0.9149868536371604,0.0,0.0
Uformer + PathologyLoss,BraTS2021_00085,28.34473,0.9775269031524658,0.15380684,0.8921775898520085,0.0,0.0
Uformer + PathologyLoss,BraTS2021_00085,28.558338,0.9775122404098511,0.15909488,0.9104294478527607,0.0,0.0
Uformer + PathologyLoss,BraTS2021_00085,28.574604,0.9761943221092224,0.16872251,0.9041095890410958,0.0,nan
Uformer + PathologyLoss,BraTS2021_00085,28.601257,0.9750319719314575,0.178658,0.7374005305039788,nan,nan
Uformer + PathologyLoss,BraTS2021_00085,28.72264,0.9740253686904907,0.18917143,0.6637554585152838,nan,nan
Uformer + PathologyLoss,BraTS2021_00087,30.358025,0.9816345572471619,0.14641978,0.8532423208191127,nan,nan
Uformer + PathologyLoss,BraTS2021_00087,30.364742,0.9813361167907715,0.14508948,0.841025641025641,nan,nan
Uformer + PathologyLoss,BraTS2021_00087,30.682312,0.9831429719924927,0.13580802,0.8852988691437803,nan,nan
Uformer + PathologyLoss,BraTS2021_00087,30.237965,0.9809144139289856,0.14199507,0.9120603015075377,nan,nan
Uformer + PathologyLoss,BraTS2021_00087,30.370905,0.9832459092140198,0.13019393,0.9054197662061636,nan,nan
Uformer + PathologyLoss,BraTS2021_00087,30.169918,0.9811904430389404,0.13511226,0.911487758945386,0.0,0.0
Uformer + PathologyLoss,BraTS2021_00087,30.487045,0.9828160405158997,0.12784973,0.9058823529411765,0.0,0.0
Uformer + PathologyLoss,BraTS2021_00087,30.118183,0.9819636344909668,0.12806864,0.888558692421991,0.0,0.0
Uformer + PathologyLoss,BraTS2021_00087,30.012203,0.9821659922599792,0.12467877,0.9297886843899114,0.3790849673202614,0.3790849673202614
Uformer + PathologyLoss,BraTS2021_00087,30.376081,0.9822418689727783,0.120918564,0.9020556227327691,0.7638483965014577,0.7305389221556886
Uformer + PathologyLoss,BraTS2021_00087,30.023544,0.9804403185844421,0.12359096,0.8810958904109589,0.8423236514522822,0.7420814479638009
Uformer + PathologyLoss,BraTS2021_00087,30.030739,0.9794939160346985,0.122855775,0.8834170854271357,0.8754098360655738,0.7870722433460076
Uformer + PathologyLoss,BraTS2021_00087,29.870586,0.9810900688171387,0.11709632,0.8949771689497716,0.8744827586206897,0.7755102040816326
Uformer + PathologyLoss,BraTS2021_00087,29.920637,0.9794972538948059,0.11844861,0.9102960671674768,0.9251700680272109,0.8245614035087719
Uformer + PathologyLoss,BraTS2021_00087,29.741112,0.9796978831291199,0.11645102,0.8842185708826901,0.945031712473573,0.8504672897196262
Uformer + PathologyLoss,BraTS2021_00087,30.064219,0.9792966246604919,0.11485808,0.8732585796805981,0.9274563820018366,0.8100890207715133
Uformer + PathologyLoss,BraTS2021_00087,29.421833,0.9750107526779175,0.12219518,0.9213039183404675,0.9378980891719745,0.8089887640449438
Uformer + PathologyLoss,BraTS2021_00087,28.889816,0.969372034072876,0.12600255,0.9173166926677067,0.9552457813646368,0.8558456299659478
Uformer + PathologyLoss,BraTS2021_00087,29.208231,0.971962034702301,0.115848474,0.9290953545232273,0.9577269577269577,0.8844114528101803
Uformer + PathologyLoss,BraTS2021_00087,29.47224,0.9702129364013672,0.11345221,0.9278977791299057,0.960429242119383,0.8843683083511777
Uformer + PathologyLoss,BraTS2021_00087,29.381067,0.9731223583221436,0.10906159,0.9138240574506283,0.9420386409060626,0.8344671201814059
Uformer + PathologyLoss,BraTS2021_00087,29.51806,0.9736243486404419,0.10521222,0.9368358913813459,0.945054945054945,0.8733264675592173
Uformer + PathologyLoss,BraTS2021_00087,29.79349,0.9743207097053528,0.10141782,0.9117157134925041,0.9466415568110483,0.8716026241799437
Uformer + PathologyLoss,BraTS2021_00087,30.016846,0.9706050753593445,0.10388645,0.9289495681248259,0.8903857930189835,0.7928436911487758
Uformer + PathologyLoss,BraTS2021_00087,30.275785,0.973155677318573,0.10018477,0.9209584136601487,0.8840579710144928,0.782
Uformer + PathologyLoss,BraTS2021_00087,30.207363,0.9748574495315552,0.097900696,0.8990733784122213,0.797717184527584,0.7514677103718199
Uformer + PathologyLoss,BraTS2021_00087,30.4652,0.9733670949935913,0.09681736,0.9159793814432989,0.8198307134220073,0.7722602739726028
Uformer + PathologyLoss,BraTS2021_00087,30.49459,0.9706490635871887,0.09644348,0.9446413962367057,0.8134171907756813,0.783410138248848
Uformer + PathologyLoss,BraTS2021_00087,30.60501,0.9740901589393616,0.09372251,0.9085758434200361,0.9144654088050315,0.8285714285714286
Uformer + PathologyLoss,BraTS2021_00087,30.801296,0.9759312868118286,0.09156382,0.9206932773109243,0.7983367983367984,0.7175843694493783
Uformer + PathologyLoss,BraTS2021_00087,30.98738,0.9747167825698853,0.09187914,0.937888198757764,0.8317631224764468,0.6730434782608695
Uformer + PathologyLoss,BraTS2021_00087,30.99045,0.9708359837532043,0.09330807,0.943081452404318,0.7945578231292517,0.7163695299837926
Uformer + PathologyLoss,BraTS2021_00087,31.266336,0.9763822555541992,0.08767193,0.9324031753668511,0.730917501927525,0.6326530612244898
Uformer + PathologyLoss,BraTS2021_00087,31.079275,0.9791456460952759,0.086068995,0.9428387925497752,0.8303834808259587,0.6820276497695853
Uformer + PathologyLoss,BraTS2021_00087,31.435005,0.9781486988067627,0.08530664,0.9216061185468452,0.6186915887850467,0.5160493827160494
Uformer + PathologyLoss,BraTS2021_00087,31.431023,0.9787080883979797,0.08379843,0.9231075697211155,0.6229508196721312,0.6176470588235294
Uformer + PathologyLoss,BraTS2021_00087,31.48507,0.981175422668457,0.081361644,0.9361942405420667,0.762550881953867,0.7275922671353251
Uformer + PathologyLoss,BraTS2021_00087,31.388853,0.9818604588508606,0.08131055,0.9347864927639807,0.6033254156769596,0.5804749340369393
Uformer + PathologyLoss,BraTS2021_00087,31.482536,0.9819416999816895,0.080480255,0.9479606188466948,0.6053268765133172,0.5989583333333334
Uformer + PathologyLoss,BraTS2021_00087,31.281813,0.9802298545837402,0.083045475,0.9570291777188329,0.6112956810631229,0.5830508474576271
Uformer + PathologyLoss,BraTS2021_00087,31.312037,0.9803825616836548,0.082996026,0.9580816401244737,0.6497890295358649,0.6497890295358649
Uformer + PathologyLoss,BraTS2021_00087,31.088585,0.9825615286827087,0.08280862,0.953162019318389,0.4189189189189189,0.4246575342465753
Uformer + PathologyLoss,BraTS2021_00087,31.498442,0.9814695119857788,0.08267219,0.9303987960872837,0.6355140186915887,0.6355140186915887
Uformer + PathologyLoss,BraTS2021_00087,31.540066,0.9833471775054932,0.08079774,0.9588386622565234,0.6265060240963856,0.6265060240963856
Uformer + PathologyLoss,BraTS2021_00087,31.27205,0.9825116991996765,0.08119993,0.943274520963764,0.8539325842696629,0.8636363636363636
Uformer + PathologyLoss,BraTS2021_00087,31.17157,0.9810991883277893,0.08393445,0.9131832797427653,0.0,0.0
Uformer + PathologyLoss,BraTS2021_00087,31.195738,0.9808853268623352,0.08376521,0.9218683651804671,0.0,0.0
Uformer + PathologyLoss,BraTS2021_00087,30.915201,0.9807814955711365,0.08602712,0.9076482256998016,nan,nan
Uformer + PathologyLoss,BraTS2021_00087,30.98178,0.9815241098403931,0.08485671,0.9236516460424936,nan,nan
Uformer + PathologyLoss,BraTS2021_00087,31.110336,0.9825513362884521,0.08297924,0.9285544742463803,nan,nan
Uformer + PathologyLoss,BraTS2021_00087,31.141777,0.9815026521682739,0.08340449,0.871807711567351,nan,nan
Uformer + PathologyLoss,BraTS2021_00087,31.398636,0.9833369255065918,0.08145361,0.8761329305135952,nan,nan
Uformer + PathologyLoss,BraTS2021_00087,31.399862,0.9829196929931641,0.08130813,0.893516078017923,nan,nan
Uformer + PathologyLoss,BraTS2021_00087,31.360065,0.9844285249710083,0.07923525,0.9048473967684022,0.0,0.0
Uformer + PathologyLoss,BraTS2021_00087,31.58289,0.9844436049461365,0.07910162,0.917869325636316,0.0,0.0
Uformer + PathologyLoss,BraTS2021_00087,31.604721,0.9856338500976562,0.07632524,0.921406411582213,0.0,0.0
Uformer + PathologyLoss,BraTS2021_00087,31.878984,0.9856536984443665,0.076407604,0.9178877522808958,0.0,0.0
Uformer + PathologyLoss,BraTS2021_00087,31.813509,0.9860190153121948,0.075508244,0.9195794259732879,0.10256410256410256,0.12121212121212122
Uformer + PathologyLoss,BraTS2021_00087,31.80515,0.9861059188842773,0.075690694,0.9166666666666666,0.0,0.0
Uformer + PathologyLoss,BraTS2021_00087,31.697884,0.9859956502914429,0.076871425,0.9033816425120773,0.0,0.0
Uformer + PathologyLoss,BraTS2021_00087,32.19293,0.9864933490753174,0.073825024,0.9057815845824411,0.0761904761904762,0.08333333333333333
Uformer + PathologyLoss,BraTS2021_00087,32.291256,0.9862024784088135,0.07393688,0.9365928189457601,0.17307692307692307,0.1875
Uformer + PathologyLoss,BraTS2021_00087,32.378216,0.9848147630691528,0.07434706,0.9157254561251086,0.12345679012345678,0.12345679012345678
Uformer + PathologyLoss,BraTS2021_00087,32.67975,0.9837419390678406,0.07446872,0.8627450980392157,0.0,0.0
Uformer + PathologyLoss,BraTS2021_00087,32.570873,0.9839885234832764,0.07303443,0.8774355751099937,nan,nan
Uformer + PathologyLoss,BraTS2021_00087,32.600155,0.981866180896759,0.07522272,0.8169014084507042,nan,nan
Uformer + PathologyLoss,BraTS2021_00087,32.40955,0.9830992221832275,0.07453087,0.846077457795432,nan,nan
Uformer + PathologyLoss,BraTS2021_00087,32.50071,0.9799420833587646,0.075898714,0.9038461538461539,nan,nan
Uformer + PathologyLoss,BraTS2021_00087,32.615963,0.9801123142242432,0.07644249,0.9107142857142857,nan,nan
Uformer + PathologyLoss,BraTS2021_00087,32.4833,0.9830935001373291,0.07416487,0.8313725490196079,nan,nan
Uformer + PathologyLoss,BraTS2021_00087,32.590935,0.9824339151382446,0.07567214,0.747093023255814,nan,nan
Uformer + PathologyLoss,BraTS2021_00087,32.40464,0.9821341633796692,0.07614279,0.0,nan,nan
Uformer + PathologyLoss,BraTS2021_00099,29.461973,0.9628751873970032,0.12494651,0.8307692307692308,nan,nan
Uformer + PathologyLoss,BraTS2021_00099,29.849304,0.9617587924003601,0.122805916,0.22857142857142856,nan,nan
Uformer + PathologyLoss,BraTS2021_00099,29.819447,0.9588835835456848,0.124301486,0.8303571428571429,nan,nan
Uformer + PathologyLoss,BraTS2021_00099,29.930798,0.963529109954834,0.11712301,0.7943262411347518,nan,nan
Uformer + PathologyLoss,BraTS2021_00099,30.015408,0.9627370238304138,0.11566326,0.7317073170731707,nan,nan
Uformer + PathologyLoss,BraTS2021_00099,29.897663,0.9643319249153137,0.11544875,0.7978723404255319,nan,nan
Uformer + PathologyLoss,BraTS2021_00099,30.348022,0.9645034074783325,0.11227243,0.8227194492254734,nan,nan
Uformer + PathologyLoss,BraTS2021_00099,30.155561,0.9653047919273376,0.11075059,0.7771428571428571,nan,nan
Uformer + PathologyLoss,BraTS2021_00099,30.368988,0.9684326648712158,0.10521445,0.7205673758865249,0.0,0.0
Uformer + PathologyLoss,BraTS2021_00099,30.251045,0.9669801592826843,0.10698127,0.7463687150837989,0.835820895522388,0.835820895522388
Uformer + PathologyLoss,BraTS2021_00099,30.651993,0.9667778015136719,0.10617084,0.7669683257918553,0.7951807228915663,0.7951807228915663
Uformer + PathologyLoss,BraTS2021_00099,30.35138,0.9668698310852051,0.106132306,0.897029702970297,0.5949367088607594,0.5949367088607594
Uformer + PathologyLoss,BraTS2021_00099,30.484253,0.9665370583534241,0.10573826,0.8712871287128713,0.5327102803738317,0.5327102803738317
Uformer + PathologyLoss,BraTS2021_00099,30.528072,0.969764232635498,0.10189431,0.8820960698689956,0.7176470588235294,0.7176470588235294
Uformer + PathologyLoss,BraTS2021_00099,30.23365,0.9671455025672913,0.1033334,0.8853615520282186,0.7051282051282052,0.7051282051282052
Uformer + PathologyLoss,BraTS2021_00099,30.373144,0.9687050580978394,0.10307432,0.8998272884283247,0.5517241379310345,0.5517241379310345
Uformer + PathologyLoss,BraTS2021_00099,30.265472,0.9663711190223694,0.10643559,0.9137931034482759,0.7216494845360825,0.7216494845360825
Uformer + PathologyLoss,BraTS2021_00099,30.186382,0.9691540002822876,0.103365056,0.8819157720891825,0.0,0.0
Uformer + PathologyLoss,BraTS2021_00099,30.253178,0.9707485437393188,0.10240017,0.8871595330739299,nan,nan
Uformer + PathologyLoss,BraTS2021_00099,30.33885,0.9721638560295105,0.10260932,0.864824495892457,nan,nan
Uformer + PathologyLoss,BraTS2021_00099,30.516056,0.9726783633232117,0.10191877,0.7195431472081218,nan,nan
Uformer + PathologyLoss,BraTS2021_00099,30.652931,0.9756537675857544,0.09740418,0.8266993263931415,0.0,0.0
Uformer + PathologyLoss,BraTS2021_00099,30.453533,0.9755136966705322,0.09713414,0.807556080283353,0.0,0.0
Uformer + PathologyLoss,BraTS2021_00099,30.598999,0.975639283657074,0.097014025,0.8064876957494407,0.0,0.0
Uformer + PathologyLoss,BraTS2021_00099,30.889711,0.977864146232605,0.09388764,0.7523029682702149,0.8,0.8
Uformer + PathologyLoss,BraTS2021_00099,30.709332,0.9795265197753906,0.09330915,0.7585532746823069,0.7692307692307693,0.7692307692307693
Uformer + PathologyLoss,BraTS2021_00099,31.008144,0.9819038510322571,0.08846063,0.7590113285272915,0.4482758620689655,0.4482758620689655
Uformer + PathologyLoss,BraTS2021_00099,31.289867,0.9814214110374451,0.08799055,0.7232227488151659,0.6783216783216783,0.6881720430107527
Uformer + PathologyLoss,BraTS2021_00099,31.287376,0.98310387134552,0.08647369,0.6781444285031085,0.5310344827586206,0.6757990867579908
Uformer + PathologyLoss,BraTS2021_00099,31.372894,0.9836098551750183,0.08484358,0.8010517090271692,0.836027713625866,0.7709090909090909
Uformer + PathologyLoss,BraTS2021_00099,31.481323,0.9843937158584595,0.08388586,0.8909019298936589,0.9061371841155235,0.7845659163987139
Uformer + PathologyLoss,BraTS2021_00099,31.301777,0.9833632707595825,0.08489416,0.8811398575178103,0.8978930307941653,0.7291666666666666
Uformer + PathologyLoss,BraTS2021_00099,31.314402,0.9823122024536133,0.087863065,0.8786835055491772,0.9157392686804452,0.7435897435897436
Uformer + PathologyLoss,BraTS2021_00099,31.289255,0.982196569442749,0.08566006,0.8389798248953179,0.9631650750341064,0.8414239482200647
Uformer + PathologyLoss,BraTS2021_00099,31.229074,0.9789671897888184,0.09017084,0.7971014492753623,0.9536921151439299,0.8262108262108262
Uformer + PathologyLoss,BraTS2021_00099,31.37594,0.9804320335388184,0.08783601,0.7989023912191298,0.9583858764186634,0.8343949044585988
Uformer + PathologyLoss,BraTS2021_00099,31.192839,0.9760141968727112,0.09212396,0.8238897396630934,0.9600997506234414,0.810126582278481
Uformer + PathologyLoss,BraTS2021_00099,30.96385,0.9780553579330444,0.0909172,0.8270916334661355,0.9326556543837357,0.7659574468085106
Uformer + PathologyLoss,BraTS2021_00099,30.760437,0.9745987057685852,0.09416475,0.8737201365187713,0.9589371980676329,0.8490566037735849
Uformer + PathologyLoss,BraTS2021_00099,30.396032,0.9731569886207581,0.09572592,0.9230769230769231,0.9604086845466155,0.8206896551724138
Uformer + PathologyLoss,BraTS2021_00099,30.651114,0.9748806953430176,0.09443563,0.9321348314606741,0.9520103761348897,0.8284789644012945
Uformer + PathologyLoss,BraTS2021_00099,30.569384,0.9747264385223389,0.09649949,0.9344569288389513,0.9308005427408412,0.7551020408163265
Uformer + PathologyLoss,BraTS2021_00099,30.349043,0.9748347401618958,0.09813994,0.945523448602558,0.925764192139738,0.7384615384615385
Uformer + PathologyLoss,BraTS2021_00099,30.288982,0.973669707775116,0.099936716,0.9126016260162602,0.9373219373219374,0.7934426229508197
Uformer + PathologyLoss,BraTS2021_00099,29.783289,0.9717207551002502,0.10406259,0.8982278481012658,0.9575070821529745,0.8436578171091446
Uformer + PathologyLoss,BraTS2021_00099,29.798798,0.9737892746925354,0.102650866,0.9069264069264069,0.9304482225656878,0.7903780068728522
Uformer + PathologyLoss,BraTS2021_00099,29.76063,0.9738045334815979,0.10546639,0.9040942232192933,0.9483568075117371,0.8258064516129032
Uformer + PathologyLoss,BraTS2021_00099,29.637306,0.9711358547210693,0.11005528,0.8901536710301651,0.9178082191780822,0.7872340425531915
Uformer + PathologyLoss,BraTS2021_00099,29.471148,0.9733332395553589,0.10973695,0.9252591380250955,0.9468085106382979,0.8445945945945946
Uformer + PathologyLoss,BraTS2021_00099,29.43364,0.9719358682632446,0.11447294,0.8883720930232558,0.9148514851485149,0.8089887640449438
Uformer + PathologyLoss,BraTS2021_00099,29.385647,0.9749942421913147,0.11162499,0.8906976744186047,0.9546351084812623,0.8472222222222222
Uformer + PathologyLoss,BraTS2021_00099,29.45147,0.9749078154563904,0.113438234,0.8664169787765293,0.6906077348066298,0.6122448979591837
Uformer + PathologyLoss,BraTS2021_00099,29.60531,0.9743305444717407,0.11602293,0.876504116529449,0.8247978436657682,0.7345132743362832
Uformer + PathologyLoss,BraTS2021_00099,29.307777,0.9758679270744324,0.11661766,0.9315726290516206,0.696551724137931,0.7238095238095238
Uformer + PathologyLoss,BraTS2021_00099,29.224646,0.9781861305236816,0.11477434,0.9485511531638084,0.6923076923076923,0.6666666666666666
Uformer + PathologyLoss,BraTS2021_00099,29.412176,0.9781476259231567,0.11568233,0.9646182495344506,0.7562189054726368,0.7213114754098361
Uformer + PathologyLoss,BraTS2021_00099,29.286064,0.9797889590263367,0.115086965,0.9544072948328267,0.9080459770114943,0.9080459770114943
Uformer + PathologyLoss,BraTS2021_00099,29.298595,0.9784724712371826,0.120971695,0.9710691823899371,0.6444444444444445,0.6444444444444445
Uformer + PathologyLoss,BraTS2021_00099,29.268656,0.9791582226753235,0.12164671,0.9770190413657256,0.0,0.0
Uformer + PathologyLoss,BraTS2021_00099,29.281225,0.9808791875839233,0.12067071,0.9609690444145357,nan,nan
Uformer + PathologyLoss,BraTS2021_00099,29.06092,0.9806166887283325,0.12442842,0.9696969696969697,nan,nan
Uformer + PathologyLoss,BraTS2021_00099,29.000149,0.9799368381500244,0.12866716,0.958904109589041,nan,nan
Uformer + PathologyLoss,BraTS2021_00099,28.989529,0.9799224138259888,0.13440377,0.9668174962292609,nan,nan
Uformer + PathologyLoss,BraTS2021_00099,29.055967,0.9809899926185608,0.13457797,0.9637561779242174,nan,nan
Uformer + PathologyLoss,BraTS2021_00099,29.206106,0.9819345474243164,0.13538973,0.957968476357268,nan,nan
Uformer + PathologyLoss,BraTS2021_00099,29.335997,0.9814763069152832,0.14122325,0.9604743083003953,nan,nan
Uformer + PathologyLoss,BraTS2021_00099,29.836418,0.9833874702453613,0.13762964,0.9593679458239278,nan,nan
Uformer + PathologyLoss,BraTS2021_00099,29.96157,0.9825436472892761,0.14483957,0.9506849315068493,nan,nan
Uformer + PathologyLoss,BraTS2021_00099,29.401722,0.9799867272377014,0.15907882,0.9473684210526315,nan,nan
Uformer + PathologyLoss,BraTS2021_00099,30.101149,0.9820230603218079,0.15600166,0.9290322580645162,nan,nan
Uformer + PathologyLoss,BraTS2021_00099,30.363457,0.9823226928710938,0.1586492,0.9337016574585635,nan,nan
Uformer + PathologyLoss,BraTS2021_00104,31.155582,0.9462713003158569,0.072450176,0.2016348773841962,0.0,0.0
Uformer + PathologyLoss,BraTS2021_00104,31.458225,0.9522137641906738,0.06772062,0.9079159935379645,0.8772348033373063,0.8663967611336032
Uformer + PathologyLoss,BraTS2021_00104,31.336414,0.9563628435134888,0.067551516,0.911332941867293,0.9087656529516994,0.8908212560386474
Uformer + PathologyLoss,BraTS2021_00104,31.171803,0.9605905413627625,0.068465576,0.919815668202765,0.8948655256723717,0.921619293712317
Uformer + PathologyLoss,BraTS2021_00104,31.02969,0.9634633660316467,0.069140166,0.9279069767441861,0.9562450278440732,0.9530744336569579
Uformer + PathologyLoss,BraTS2021_00104,31.167576,0.9643739461898804,0.06640312,0.935046891281695,0.951048951048951,0.9444032616753151
Uformer + PathologyLoss,BraTS2021_00104,31.645716,0.9641085863113403,0.06425432,0.8998178506375227,0.95,0.921885087153002
Uformer + PathologyLoss,BraTS2021_00104,31.62222,0.9701018929481506,0.06485693,0.8724867724867725,0.9533941236068896,0.9328318108543794
Uformer + PathologyLoss,BraTS2021_00104,31.787426,0.970796525478363,0.06226472,0.8892185954500494,0.9407474931631723,0.9154323936932632
Uformer + PathologyLoss,BraTS2021_00104,31.373688,0.9678394198417664,0.06487761,0.8964866776703607,0.9337349397590361,0.866965620328849
Uformer + PathologyLoss,BraTS2021_00104,31.41085,0.9703498482704163,0.06476123,0.9085436443621209,0.9158957106812448,0.8426023084994754
Uformer + PathologyLoss,BraTS2021_00104,31.196167,0.9734180569648743,0.06556293,0.9170485792850596,0.9127016963177492,0.8235294117647058
Uformer + PathologyLoss,BraTS2021_00104,31.094324,0.9717767834663391,0.066783935,0.9297886843899114,0.9275247524752476,0.8450127877237852
Uformer + PathologyLoss,BraTS2021_00104,31.480679,0.9748024940490723,0.063058935,0.9329852045256745,0.8982739625413148,0.8037550290567724
Uformer + PathologyLoss,BraTS2021_00104,31.480066,0.9764589667320251,0.06316643,0.9376325837929571,0.9441548771407298,0.8743169398907104
Uformer + PathologyLoss,BraTS2021_00104,31.18222,0.9737052321434021,0.06532464,0.9432314410480349,0.9417758369723436,0.8851884312007011
Uformer + PathologyLoss,BraTS2021_00104,30.493853,0.973540723323822,0.06664749,0.9217081850533808,0.9130875887724045,0.8783894823336073
Uformer + PathologyLoss,BraTS2021_00104,30.699797,0.9726413488388062,0.06733007,0.9281225451688924,0.9479528105482304,0.9051155115511551
Uformer + PathologyLoss,BraTS2021_00104,30.533699,0.9728400111198425,0.06881644,0.9335158388736801,0.9302168021680217,0.8961923847695391
Uformer + PathologyLoss,BraTS2021_00104,30.874912,0.973973274230957,0.06562768,0.950629622226664,0.9569816643159379,0.9076175040518638
Uformer + PathologyLoss,BraTS2021_00104,31.203075,0.973529040813446,0.06638621,0.9452576699418488,0.9400890106128038,0.8848292295472597
Uformer + PathologyLoss,BraTS2021_00104,30.917742,0.9720435738563538,0.067670256,0.9394123606889564,0.9193054136874361,0.8750981932443048
Uformer + PathologyLoss,BraTS2021_00104,30.68382,0.9702235460281372,0.07154825,0.9496402877697842,0.942795076031861,0.8960205391527599
Uformer + PathologyLoss,BraTS2021_00104,30.228745,0.968390941619873,0.074631326,0.933083176985616,0.8941684665226782,0.8391850888599913
Uformer + PathologyLoss,BraTS2021_00104,30.21642,0.969501793384552,0.07571185,0.9256625727213963,0.9065743944636678,0.8542761586239848
Uformer + PathologyLoss,BraTS2021_00104,30.254463,0.9693682193756104,0.07511512,0.9148082069580732,0.9024390243902439,0.8297067171239356
Uformer + PathologyLoss,BraTS2021_00104,30.057812,0.9686518311500549,0.075640954,0.8925695882217621,0.9035995035167563,0.8579545454545454
Uformer + PathologyLoss,BraTS2021_00104,30.16626,0.9692595601081848,0.0781027,0.933572710951526,0.8912763214439192,0.8440536788523831
Uformer + PathologyLoss,BraTS2021_00104,29.864237,0.97171950340271,0.07767249,0.872836719337848,0.8847795163584637,0.8858921161825726
Uformer + PathologyLoss,BraTS2021_00104,29.445469,0.9696561098098755,0.08317384,0.8922332706261757,0.8428720083246618,0.8110192837465565
Uformer + PathologyLoss,BraTS2021_00104,29.330685,0.9698461294174194,0.08622846,0.9070503597122302,0.9252336448598131,0.8744993324432577
Uformer + PathologyLoss,BraTS2021_00104,29.36163,0.9739022254943848,0.08487629,0.90451960490871,0.9390728476821192,0.9008082292432035
Uformer + PathologyLoss,BraTS2021_00104,29.566769,0.9762334823608398,0.08476403,0.9376779500158178,0.903271692745377,0.8766086298258895
Uformer + PathologyLoss,BraTS2021_00104,29.638758,0.9777804017066956,0.08630424,0.9300970873786408,0.9019896831245394,0.8796875
Uformer + PathologyLoss,BraTS2021_00104,29.298298,0.9767680764198303,0.09168253,0.9307535641547862,0.898360655737705,0.8646748681898067
Uformer + PathologyLoss,BraTS2021_00104,28.92314,0.9775144457817078,0.09752927,0.9419354838709677,0.8902147971360382,0.7558320373250389
Uformer + PathologyLoss,BraTS2021_00104,28.988836,0.9804325699806213,0.097495586,0.8977020014825797,0.7003610108303249,0.6484210526315789
Uformer + PathologyLoss,BraTS2021_00104,29.149105,0.981179416179657,0.10221942,0.9593908629441624,0.8876404494382022,0.8127208480565371
Uformer + PathologyLoss,BraTS2021_00104,29.202654,0.9845460057258606,0.098105974,0.9222269443263919,0.9219858156028369,0.8521739130434782
Uformer + PathologyLoss,BraTS2021_00104,29.58472,0.9860682487487793,0.098694354,0.9317972350230415,0.8333333333333334,0.8397790055248618
Uformer + PathologyLoss,BraTS2021_00104,29.499865,0.9868332147598267,0.101591714,0.935244686109738,0.8617021276595744,0.7636363636363637
Uformer + PathologyLoss,BraTS2021_00104,29.55112,0.9872852563858032,0.105742045,0.9068462401795735,0.8547008547008547,0.8761904761904762
Uformer + PathologyLoss,BraTS2021_00104,29.416378,0.9870712161064148,0.11358026,0.9403590040532716,0.6296296296296297,0.6511627906976745
Uformer + PathologyLoss,BraTS2021_00104,29.900879,0.9882103800773621,0.11437896,0.9544303797468354,0.0,0.0
Uformer + PathologyLoss,BraTS2021_00104,29.800272,0.9883736371994019,0.11998894,0.9468013468013468,0.0,0.0
Uformer + PathologyLoss,BraTS2021_00104,30.808636,0.9896464943885803,0.1182912,0.926605504587156,nan,nan
Uformer + PathologyLoss,BraTS2021_00104,30.998512,0.98798668384552,0.13435343,0.9252601702932829,0.0,0.0
Uformer + PathologyLoss,BraTS2021_00104,32.106205,0.9890849590301514,0.13167027,0.9137466307277629,0.0,0.0
Uformer + PathologyLoss,BraTS2021_00104,32.362133,0.9861223697662354,0.1521554,0.7974137931034483,0.0,0.0
Uformer + PathologyLoss,BraTS2021_00106,28.835625,0.9691149592399597,0.10088037,0.4304635761589404,nan,nan
Uformer + PathologyLoss,BraTS2021_00106,29.125174,0.9690766334533691,0.095541775,0.2733245729303548,nan,nan
Uformer + PathologyLoss,BraTS2021_00106,29.062382,0.9687778949737549,0.093152866,0.4149184149184149,0.0,0.0
Uformer + PathologyLoss,BraTS2021_00106,29.229225,0.9638572335243225,0.09141693,0.5756929637526652,0.0,0.0
Uformer + PathologyLoss,BraTS2021_00106,29.230427,0.9619049429893494,0.09095806,0.6686332350049164,nan,nan
Uformer + PathologyLoss,BraTS2021_00106,29.3882,0.9560860395431519,0.08698715,0.3748350197976243,nan,nan
Uformer + PathologyLoss,BraTS2021_00106,29.680174,0.9594776034355164,0.081072286,0.37755822159491886,0.0,0.0
Uformer + PathologyLoss,BraTS2021_00106,30.346434,0.9578286409378052,0.07552933,0.5214987714987716,0.0,0.0
Uformer + PathologyLoss,BraTS2021_00106,30.3286,0.9614974856376648,0.074178725,0.5523759516933578,0.012084592145015106,0.013422818791946308
Uformer + PathologyLoss,BraTS2021_00106,30.689943,0.9643856883049011,0.07107259,0.6373999514916323,0.12682926829268293,0.14168937329700274
Uformer + PathologyLoss,BraTS2021_00106,30.85521,0.9656432867050171,0.06909427,0.710250569476082,0.0654911838790932,0.07854984894259819
Uformer + PathologyLoss,BraTS2021_00106,31.157051,0.9720764756202698,0.06452115,0.7347091932457787,0.04,0.04634581105169341
Uformer + PathologyLoss,BraTS2021_00106,31.454647,0.9763622879981995,0.062505096,0.6693574426864708,0.010084033613445379,0.012170385395537525
Uformer + PathologyLoss,BraTS2021_00106,31.43316,0.9779789447784424,0.061977584,0.73737856346552,0.3432073544433095,0.34516523867809057
Uformer + PathologyLoss,BraTS2021_00106,31.55547,0.9808891415596008,0.059950687,0.7530940594059405,0.08380520951302378,0.10109289617486339
Uformer + PathologyLoss,BraTS2021_00106,31.45405,0.9815052151679993,0.06117476,0.7352721849366145,0.04353083434099154,0.05333333333333334
Uformer + PathologyLoss,BraTS2021_00106,31.514473,0.9820201396942139,0.060598128,0.8248500691988313,0.14129353233830846,0.15217391304347827
Uformer + PathologyLoss,BraTS2021_00106,31.709572,0.982733428478241,0.059836436,0.8738518064911206,0.14103819784524976,0.11519607843137254
Uformer + PathologyLoss,BraTS2021_00106,31.466728,0.9832645058631897,0.060284346,0.8681153478201449,0.16750178954903364,0.10307414104882459
Uformer + PathologyLoss,BraTS2021_00106,31.804525,0.9826992154121399,0.057665784,0.8667295512734133,0.4415736934820904,0.40611353711790393
Uformer + PathologyLoss,BraTS2021_00106,31.386978,0.9832422137260437,0.059074804,0.8663046289113008,0.24,0.17750573833205815
Uformer + PathologyLoss,BraTS2021_00106,31.997177,0.9820360541343689,0.05760636,0.9002258535937292,0.5201535508637236,0.454337899543379
Uformer + PathologyLoss,BraTS2021_00106,31.77243,0.9834714531898499,0.05769593,0.8913942127019917,0.2718340611353712,0.18729955099422707
Uformer + PathologyLoss,BraTS2021_00106,31.681004,0.9839863777160645,0.056735214,0.8903813864236028,0.5127220355256841,0.3773809523809524
Uformer + PathologyLoss,BraTS2021_00106,31.788883,0.9825215935707092,0.056756597,0.900797373358349,0.4932301740812379,0.2671660424469413
Uformer + PathologyLoss,BraTS2021_00106,31.94916,0.9814114570617676,0.057436965,0.9328788056894323,0.8866826429305033,0.8032026970080067
Uformer + PathologyLoss,BraTS2021_00106,31.52467,0.9794805645942688,0.05899568,0.9402756508422665,0.7656113854196921,0.7797619047619048
Uformer + PathologyLoss,BraTS2021_00106,31.532145,0.9814711213111877,0.05824331,0.9124240750966317,0.8627228983866403,0.8917148362235068
Uformer + PathologyLoss,BraTS2021_00106,31.344986,0.9823585152626038,0.0580278,0.9261050500506129,0.9048904890489049,0.8679401993355482
Uformer + PathologyLoss,BraTS2021_00106,31.078133,0.9818661212921143,0.05899434,0.8811860068259386,0.7685589519650655,0.8363794604003482
Uformer + PathologyLoss,BraTS2021_00106,31.232016,0.9834065437316895,0.0590897,0.9047410967882893,0.9141729694179547,0.7998133457769482
Uformer + PathologyLoss,BraTS2021_00106,31.191906,0.9835520386695862,0.059434175,0.9068445221954953,0.9167192429022082,0.8433523475208424
Uformer + PathologyLoss,BraTS2021_00106,31.33727,0.9833424687385559,0.0589577,0.9358252645800496,0.8756578947368421,0.7783063748810657
Uformer + PathologyLoss,BraTS2021_00106,31.334927,0.9840717911720276,0.05877929,0.9323224439736871,0.8799458911058505,0.7835642618251314
Uformer + PathologyLoss,BraTS2021_00106,30.868145,0.9834715127944946,0.060149025,0.9264012284742789,0.8916666666666667,0.8550662676357418
Uformer + PathologyLoss,BraTS2021_00106,31.341228,0.982999324798584,0.058458053,0.9484817468440805,0.8811053984575835,0.8152753108348135
Uformer + PathologyLoss,BraTS2021_00106,31.295155,0.9839679598808289,0.05857068,0.9448022079116836,0.8944723618090452,0.8177946048272599
Uformer + PathologyLoss,BraTS2021_00106,30.820076,0.9841279983520508,0.06135067,0.9418123275068997,0.8911174785100286,0.7596207473508088
Uformer + PathologyLoss,BraTS2021_00106,30.938246,0.9846806526184082,0.060045786,0.9338107889569135,0.8789204959883297,0.7130124777183601
Uformer + PathologyLoss,BraTS2021_00106,31.190641,0.9832715392112732,0.059773553,0.9279830548364321,0.9397175335859456,0.8603015075376884
Uformer + PathologyLoss,BraTS2021_00106,31.090736,0.9840971231460571,0.060439162,0.9336235038084875,0.9571823204419889,0.8605744125326371
Uformer + PathologyLoss,BraTS2021_00106,30.969452,0.9839232563972473,0.061725985,0.930028086457443,0.9575129533678757,0.8512440444679725
Uformer + PathologyLoss,BraTS2021_00106,30.94922,0.983778178691864,0.06153602,0.9499684940138626,0.952076677316294,0.8382352941176471
Uformer + PathologyLoss,BraTS2021_00106,31.24538,0.9842210412025452,0.06158125,0.9318352059925094,0.9427312775330396,0.8393782383419689
Uformer + PathologyLoss,BraTS2021_00106,31.248299,0.9837460517883301,0.061550725,0.9537869062901155,0.9434512951477563,0.8512888301387971
Uformer + PathologyLoss,BraTS2021_00106,30.875328,0.9840756058692932,0.06277382,0.9279424531811981,0.9720475192173306,0.8327402135231317
Uformer + PathologyLoss,BraTS2021_00106,31.184906,0.9851729273796082,0.06210784,0.9551157676885267,0.8538245895074089,0.7966339410939691
Uformer + PathologyLoss,BraTS2021_00106,31.110323,0.9841241240501404,0.063412994,0.9459629676281648,0.9719559815406461,0.8094645080946451
Uformer + PathologyLoss,BraTS2021_00106,31.200066,0.9843615889549255,0.06419824,0.9559225068261604,0.7271053842613898,0.7742448330683624
Uformer + PathologyLoss,BraTS2021_00106,30.897654,0.9829361438751221,0.06492822,0.9160533865535736,0.9513914656771799,0.7961696306429549
Uformer + PathologyLoss,BraTS2021_00106,30.523489,0.981868326663971,0.06790472,0.9126115931095184,0.9529276693455798,0.7735191637630662
Uformer + PathologyLoss,BraTS2021_00106,30.874746,0.9821785092353821,0.06832758,0.9413844689242487,0.8247126436781609,0.7871077184054284
Uformer + PathologyLoss,BraTS2021_00106,30.701576,0.9826281070709229,0.06938015,0.9278238412396357,0.6855819339895773,0.7880724174653887
Uformer + PathologyLoss,BraTS2021_00106,30.473444,0.9824047684669495,0.0706965,0.9073026138507141,0.8865877712031558,0.7938931297709924
Uformer + PathologyLoss,BraTS2021_00106,30.279743,0.9802510142326355,0.0764354,0.9242274587272471,0.9183467741935484,0.7495961227786753
Uformer + PathologyLoss,BraTS2021_00106,29.918018,0.9805697798728943,0.07842211,0.9216117216117216,0.7703984819734345,0.7587768969422424
Uformer + PathologyLoss,BraTS2021_00106,30.14898,0.9804843664169312,0.07937643,0.9266209000762776,0.5392712550607287,0.5251908396946565
Uformer + PathologyLoss,BraTS2021_00106,30.313862,0.9815388917922974,0.08127583,0.916452442159383,0.6817826426896012,0.5722145804676754
Uformer + PathologyLoss,BraTS2021_00106,29.98663,0.9830812811851501,0.0842021,0.8971560846560847,0.5445920303605313,0.5140961857379768
Uformer + PathologyLoss,BraTS2021_00106,29.490854,0.9814257621765137,0.0906378,0.8799283154121864,0.2828282828282828,0.33707865168539325
Uformer + PathologyLoss,BraTS2021_00106,29.549019,0.9820340275764465,0.09482691,0.8686705668751261,0.22189349112426035,0.3279569892473118
Uformer + PathologyLoss,BraTS2021_00106,29.46024,0.9837011694908142,0.09566652,0.8633276740237691,0.12578616352201258,0.18450184501845018
Uformer + PathologyLoss,BraTS2021_00106,29.549248,0.984562873840332,0.09870839,0.8794835007173601,0.3696682464454976,0.5116279069767442
Uformer + PathologyLoss,BraTS2021_00106,29.31056,0.9839406609535217,0.10680291,0.8786868427802,0.0,0.0
Uformer + PathologyLoss,BraTS2021_00106,29.451565,0.9847939610481262,0.1097903,0.8515016685205784,0.2912621359223301,0.3384615384615385
Uformer + PathologyLoss,BraTS2021_00106,29.772911,0.9854757189750671,0.1145496,0.8388730610952834,0.17518248175182483,0.2465753424657534
Uformer + PathologyLoss,BraTS2021_00106,29.763107,0.9861193895339966,0.118540026,0.7666422823701536,0.0,0.0
Uformer + PathologyLoss,BraTS2021_00106,29.717594,0.9847284555435181,0.13117428,0.7330173775671406,0.0,nan
Uformer + PathologyLoss,BraTS2021_00106,30.58708,0.986282229423523,0.13041908,0.6821144098479363,0.0,0.0
Uformer + PathologyLoss,BraTS2021_00106,30.685585,0.9854127168655396,0.14024095,0.7368421052631579,nan,nan
Uformer + PathologyLoss,BraTS2021_00106,31.178495,0.9845921993255615,0.14947204,0.5913757700205339,0.0,0.0
Uformer + PathologyLoss,BraTS2021_00107,30.645086,0.9565907120704651,0.08328933,0.0,0.0,0.0
Uformer + PathologyLoss,BraTS2021_00107,30.661469,0.9482976198196411,0.08426334,0.7734138972809668,0.5544554455445545,0.7741935483870968
Uformer + PathologyLoss,BraTS2021_00107,30.647833,0.9453666806221008,0.08417062,0.8173076923076923,0.4970414201183432,0.5142857142857142
Uformer + PathologyLoss,BraTS2021_00107,30.876411,0.9461250901222229,0.079624005,0.8095238095238095,0.5358255451713395,0.29411764705882354
Uformer + PathologyLoss,BraTS2021_00107,31.299786,0.945001482963562,0.07722759,0.847385272145144,0.9276437847866419,0.9218436873747495
Uformer + PathologyLoss,BraTS2021_00107,31.545033,0.9511157274246216,0.074436784,0.8488471391972673,0.9261083743842364,0.8909090909090909
Uformer + PathologyLoss,BraTS2021_00107,31.528973,0.9568398594856262,0.07342808,0.8621908127208481,0.8757763975155279,0.9016100178890877
Uformer + PathologyLoss,BraTS2021_00107,31.415981,0.956654965877533,0.0741261,0.9308176100628931,0.8690958164642375,0.9356357927786499
Uformer + PathologyLoss,BraTS2021_00107,31.424425,0.9609981179237366,0.07212521,0.937533948940793,0.8960863697705803,0.9434523809523809
Uformer + PathologyLoss,BraTS2021_00107,31.591328,0.9579566121101379,0.07318985,0.952959028831563,0.9206730769230769,0.931909212283044
Uformer + PathologyLoss,BraTS2021_00107,31.558092,0.9597722887992859,0.07276034,0.9701845716990062,0.895152198421646,0.908150064683053
Uformer + PathologyLoss,BraTS2021_00107,31.553646,0.9615143537521362,0.07088409,0.9643788010425717,0.8668503213957759,0.9328782707622298
Uformer + PathologyLoss,BraTS2021_00107,31.84517,0.9620036482810974,0.07006781,0.9583848372476308,0.8759623609923011,0.9463917525773196
Uformer + PathologyLoss,BraTS2021_00107,31.489801,0.9653300046920776,0.07002201,0.9621380846325167,0.8990825688073395,0.9356846473029046
Uformer + PathologyLoss,BraTS2021_00107,31.548183,0.9649227261543274,0.07041388,0.9500713266761769,0.8723404255319149,0.9128094725511302
Uformer + PathologyLoss,BraTS2021_00107,31.487038,0.968303918838501,0.06914731,0.977587343441002,0.8795648795648796,0.9090909090909091
Uformer + PathologyLoss,BraTS2021_00107,31.486626,0.9716421365737915,0.068365104,0.9769757311761046,0.8653122648607976,0.9379014989293362
Uformer + PathologyLoss,BraTS2021_00107,31.574368,0.9743990302085876,0.067635745,0.9776052553000896,0.9208301306687163,0.9463519313304721
Uformer + PathologyLoss,BraTS2021_00107,31.52393,0.9748663902282715,0.06685177,0.9864944216089254,0.7750952986022872,0.9403141361256544
Uformer + PathologyLoss,BraTS2021_00107,31.725655,0.9778355956077576,0.066539705,0.9789621318373072,0.8543417366946778,0.9338929695697796
Uformer + PathologyLoss,BraTS2021_00107,31.722073,0.9787477850914001,0.06522365,0.9837310195227765,0.8508833922261484,0.9370330843116329
Uformer + PathologyLoss,BraTS2021_00107,31.702953,0.9795374870300293,0.06501075,0.9902861643475978,0.8642315644383184,0.9439153439153439
Uformer + PathologyLoss,BraTS2021_00107,31.874277,0.9794503450393677,0.06508936,0.9850746268656716,0.8252032520325203,0.9028213166144201
Uformer + PathologyLoss,BraTS2021_00107,31.986856,0.9801217317581177,0.06511682,0.9891919711785898,0.8309178743961353,0.9096573208722741
Uformer + PathologyLoss,BraTS2021_00107,31.931067,0.9806502461433411,0.06408348,0.9908768373035985,0.8726731198808637,0.918918918918919
Uformer + PathologyLoss,BraTS2021_00107,31.951305,0.9807665348052979,0.06349671,0.9866666666666667,0.8115330520393812,0.9153488372093024
Uformer + PathologyLoss,BraTS2021_00107,31.925108,0.9805577993392944,0.062412802,0.98796992481203,0.8380386329866271,0.9542124542124543
Uformer + PathologyLoss,BraTS2021_00107,31.967781,0.9783346056938171,0.06373876,0.9854417670682731,0.7005208333333334,0.9542961608775137
Uformer + PathologyLoss,BraTS2021_00107,32.068943,0.9786664247512817,0.061156165,0.9869608826479438,0.7987987987987988,0.9521072796934866
Uformer + PathologyLoss,BraTS2021_00107,32.141743,0.979485034942627,0.06128266,0.9786282306163022,0.7171428571428572,0.9661733615221987
Uformer + PathologyLoss,BraTS2021_00107,32.011383,0.977828323841095,0.061755735,0.977567298105683,0.7199379363847944,0.9478260869565217
Uformer + PathologyLoss,BraTS2021_00107,32.188538,0.9758051037788391,0.063298054,0.9742177722152691,0.7828467153284672,0.9456264775413712
Uformer + PathologyLoss,BraTS2021_00107,32.272038,0.977180004119873,0.062149007,0.9703019715497879,0.8394308943089431,0.9432098765432099
Uformer + PathologyLoss,BraTS2021_00107,32.315727,0.9770525693893433,0.06112626,0.96996996996997,0.6550290939318371,0.9247311827956989
Uformer + PathologyLoss,BraTS2021_00107,32.44389,0.977539598941803,0.060686458,0.9685663174035267,0.5366229760986893,0.8794567062818336
Uformer + PathologyLoss,BraTS2021_00107,32.299515,0.9758462905883789,0.06254482,0.9684953829440521,0.4383116883116883,0.7280334728033473
Uformer + PathologyLoss,BraTS2021_00107,32.106926,0.9755845665931702,0.06353899,0.9671255970778309,0.03361344537815126,0.17647058823529413
Uformer + PathologyLoss,BraTS2021_00107,31.972158,0.9734593033790588,0.06556494,0.9818713450292398,0.0,nan
Uformer + PathologyLoss,BraTS2021_00107,32.170692,0.9764551520347595,0.06451332,0.9824977751409077,0.0,nan
Uformer + PathologyLoss,BraTS2021_00107,32.20492,0.9745818376541138,0.06566474,0.9821867321867321,0.0,nan
Uformer + PathologyLoss,BraTS2021_00107,32.414413,0.9753495454788208,0.06390751,0.9747315224257739,0.0,nan
Uformer + PathologyLoss,BraTS2021_00107,32.262978,0.9719852805137634,0.06474261,0.971314209472982,nan,nan
Uformer + PathologyLoss,BraTS2021_00107,32.000393,0.9683057069778442,0.0682768,0.9746699964323938,nan,nan
Uformer + PathologyLoss,BraTS2021_00107,31.684483,0.9639686346054077,0.07093662,0.9684615384615385,0.0,0.0
Uformer + PathologyLoss,BraTS2021_00107,31.662518,0.9646099209785461,0.07097244,0.9673418768085986,nan,nan
Uformer + PathologyLoss,BraTS2021_00107,31.746786,0.9650509357452393,0.07242887,0.941747572815534,nan,nan
Uformer + PathologyLoss,BraTS2021_00107,31.709976,0.9648467302322388,0.0744066,0.9420209828823854,nan,nan
Uformer + PathologyLoss,BraTS2021_00107,31.44206,0.9639426469802856,0.079091005,0.9218261413383365,nan,nan
Uformer + PathologyLoss,BraTS2021_00107,31.15552,0.9626559615135193,0.081554465,0.9145427286356822,nan,nan
Uformer + PathologyLoss,BraTS2021_00107,31.024899,0.9674256443977356,0.08155125,0.8262164846077458,nan,nan
Uformer + PathologyLoss,BraTS2021_00107,30.826567,0.9667637348175049,0.08561877,0.5846153846153846,nan,nan
Uformer + PathologyLoss,BraTS2021_00107,30.599316,0.9703403115272522,0.08681309,0.32075471698113206,nan,nan
Uformer + PathologyLoss,BraTS2021_00110,29.999939,0.9800407886505127,0.0703691,0.2981366459627329,nan,nan
Uformer + PathologyLoss,BraTS2021_00110,29.910324,0.9788501262664795,0.071571276,0.4244843646041251,nan,nan
Uformer + PathologyLoss,BraTS2021_00110,30.082933,0.9817584753036499,0.067887574,0.5502846299810247,nan,nan
Uformer + PathologyLoss,BraTS2021_00110,30.12428,0.9815285205841064,0.06955046,0.6441947565543071,nan,nan
Uformer + PathologyLoss,BraTS2021_00110,30.1176,0.982427179813385,0.06841498,0.5848303393213573,nan,nan
Uformer + PathologyLoss,BraTS2021_00110,30.018768,0.9840997457504272,0.066903986,0.6156806156806157,nan,nan
Uformer + PathologyLoss,BraTS2021_00110,30.234816,0.9851176738739014,0.06548866,0.7048888888888889,nan,nan
Uformer + PathologyLoss,BraTS2021_00110,30.793385,0.9864409565925598,0.06379875,0.7374045801526717,nan,nan
Uformer + PathologyLoss,BraTS2021_00110,30.654276,0.987338125705719,0.062112045,0.7266962587190868,nan,nan
Uformer + PathologyLoss,BraTS2021_00110,30.80228,0.987510085105896,0.06260812,0.7988468930172966,nan,nan
Uformer + PathologyLoss,BraTS2021_00110,30.987614,0.9883659482002258,0.059738886,0.7456310679611651,nan,nan
Uformer + PathologyLoss,BraTS2021_00110,30.76048,0.9886101484298706,0.0589634,0.7820015515903801,nan,nan
Uformer + PathologyLoss,BraTS2021_00110,30.956259,0.9871930480003357,0.05926863,0.8057309373482273,nan,nan
Uformer + PathologyLoss,BraTS2021_00110,31.065884,0.9865451455116272,0.05932717,0.8026496116948378,0.0,0.0
Uformer + PathologyLoss,BraTS2021_00110,30.780182,0.9864171147346497,0.058750957,0.7110596409959468,0.0,0.0
Uformer + PathologyLoss,BraTS2021_00110,30.631348,0.9856158494949341,0.05918144,0.7367231638418079,0.8686868686868687,0.8297872340425532
Uformer + PathologyLoss,BraTS2021_00110,30.483036,0.985456109046936,0.06098291,0.7370112479914301,0.8383838383838383,0.8350515463917526
Uformer + PathologyLoss,BraTS2021_00110,30.533596,0.9852576851844788,0.05973472,0.7173553719008264,0.8414239482200647,0.8376623376623377
Uformer + PathologyLoss,BraTS2021_00110,29.912775,0.9833897352218628,0.06347494,0.7329893582715253,0.9291338582677166,0.9318801089918256
Uformer + PathologyLoss,BraTS2021_00110,30.608387,0.984265923500061,0.06011509,0.7579013906447535,0.9396551724137931,0.9292035398230089
Uformer + PathologyLoss,BraTS2021_00110,30.425894,0.9838802814483643,0.061718367,0.7866331973642925,0.9289827255278311,0.924901185770751
Uformer + PathologyLoss,BraTS2021_00110,30.096018,0.9850836396217346,0.06346312,0.8172788901150875,0.9456521739130435,0.9385474860335196
Uformer + PathologyLoss,BraTS2021_00110,30.04305,0.9854760766029358,0.06361663,0.8422893481717011,0.9454545454545454,0.935374149659864
Uformer + PathologyLoss,BraTS2021_00110,29.912737,0.9855010509490967,0.06368691,0.835820895522388,0.927246790299572,0.9136163982430454
Uformer + PathologyLoss,BraTS2021_00110,30.117641,0.9866777658462524,0.062096305,0.8475848053775207,0.944,0.9364005412719891
Uformer + PathologyLoss,BraTS2021_00110,30.01076,0.9848061203956604,0.06479327,0.8912154424995911,0.9743589743589743,0.962605548854041
Uformer + PathologyLoss,BraTS2021_00110,29.64901,0.9848241209983826,0.06689246,0.858547415160165,0.9392624728850325,0.9441964285714286
Uformer + PathologyLoss,BraTS2021_00110,29.78947,0.9850293397903442,0.06630303,0.8819855358316897,0.9620253164556962,0.9566094853683148
Uformer + PathologyLoss,BraTS2021_00110,29.661245,0.9844685792922974,0.06808202,0.889482470784641,0.9498632634457612,0.9424184261036468
Uformer + PathologyLoss,BraTS2021_00110,29.419159,0.9848034977912903,0.06984401,0.8403066113062919,0.9347258485639687,0.947463768115942
Uformer + PathologyLoss,BraTS2021_00110,29.236553,0.9844319820404053,0.07179404,0.856140350877193,0.9597946963216424,0.9511343804537522
Uformer + PathologyLoss,BraTS2021_00110,29.306301,0.9862490296363831,0.07113954,0.8609477689380837,0.96845694799659,0.9636678200692042
Uformer + PathologyLoss,BraTS2021_00110,28.87889,0.9855633974075317,0.075505085,0.8481749250573091,0.9530090684253916,0.9621530698065601
Uformer + PathologyLoss,BraTS2021_00110,29.118362,0.9850730895996094,0.07528905,0.8565715324486457,0.973322554567502,0.967266775777414
Uformer + PathologyLoss,BraTS2021_00110,28.596233,0.9844841957092285,0.07940287,0.8538913362701909,0.9588377723970944,0.9581624282198523
Uformer + PathologyLoss,BraTS2021_00110,28.524082,0.9839580655097961,0.08172085,0.8665149791429655,0.963855421686747,0.9642276422764228
Uformer + PathologyLoss,BraTS2021_00110,28.485085,0.9851564764976501,0.08284064,0.8465832531280078,0.9684542586750788,0.9687249398556536
Uformer + PathologyLoss,BraTS2021_00110,28.49951,0.9862770438194275,0.081804104,0.8438498402555911,0.9765990639625585,0.970889063729347
Uformer + PathologyLoss,BraTS2021_00110,28.556631,0.9866652488708496,0.08475396,0.8416252072968491,0.9666924864446166,0.9581689029202841
Uformer + PathologyLoss,BraTS2021_00110,28.886059,0.9872761964797974,0.08451862,0.8373823593784198,0.9648318042813455,0.9548286604361371
Uformer + PathologyLoss,BraTS2021_00110,28.43092,0.9872796535491943,0.08810587,0.811469857755701,0.9646504320502749,0.9570747217806042
Uformer + PathologyLoss,BraTS2021_00110,28.36707,0.9876420497894287,0.090098105,0.8194640338504936,0.9768555466879489,0.9650122050447518
Uformer + PathologyLoss,BraTS2021_00110,28.431286,0.9881768226623535,0.09140826,0.806949806949807,0.9597370583401807,0.9712351945854484
Uformer + PathologyLoss,BraTS2021_00110,28.599398,0.9887747168540955,0.09218101,0.8002041337075785,0.9719789842381786,0.9662522202486679
Uformer + PathologyLoss,BraTS2021_00110,28.718424,0.9890740513801575,0.09541998,0.843585237258348,0.9579045837231057,0.9665711556829035
Uformer + PathologyLoss,BraTS2021_00110,28.735748,0.9892656803131104,0.096914895,0.809711684370258,0.9600840336134454,0.9514563106796117
Uformer + PathologyLoss,BraTS2021_00110,28.706211,0.9892347455024719,0.101576716,0.8277050310130944,0.948905109489051,0.9439601494396015
Uformer + PathologyLoss,BraTS2021_00110,29.127457,0.9900092482566833,0.10057106,0.8062667176155903,0.9287833827893175,0.9337349397590361
Uformer + PathologyLoss,BraTS2021_00110,28.57795,0.9875541925430298,0.11661004,0.7436005035669324,0.941908713692946,0.9606986899563319
Uformer + PathologyLoss,BraTS2021_00110,29.325825,0.9892171621322632,0.111371025,0.7834941050375134,0.9256198347107438,0.9348441926345609
Uformer + PathologyLoss,BraTS2021_00110,29.338871,0.9888787269592285,0.11813627,0.7637969094922737,0.6666666666666666,0.6933333333333334
Uformer + PathologyLoss,BraTS2021_00110,29.501007,0.9880189299583435,0.12576923,0.7497267759562841,0.0,0.0
Uformer + PathologyLoss,BraTS2021_00110,29.39889,0.9860844612121582,0.14246067,0.6791044776119403,0.0,0.0
Uformer + PathologyLoss,BraTS2021_00110,30.244501,0.9865952134132385,0.1433245,0.6843657817109144,nan,nan
Uformer + PathologyLoss,BraTS2021_00110,30.72178,0.9848641753196716,0.15736537,0.5483870967741935,nan,nan
Uformer + PathologyLoss,BraTS2021_00110,30.642628,0.9801998734474182,0.18373537,0.7634408602150538,nan,nan
Uformer + PathologyLoss,BraTS2021_00112,30.808712,0.9878725409507751,0.091511704,0.0,nan,nan
Uformer + PathologyLoss,BraTS2021_00112,31.34701,0.9899396896362305,0.083754435,0.0,nan,nan
Uformer + PathologyLoss,BraTS2021_00112,31.764599,0.9901101589202881,0.08174441,0.0,nan,nan
Uformer + PathologyLoss,BraTS2021_00112,31.562986,0.9894338250160217,0.08477034,0.0,nan,nan
Uformer + PathologyLoss,BraTS2021_00112,31.355513,0.9897246360778809,0.08443681,0.0,nan,nan
Uformer + PathologyLoss,BraTS2021_00112,31.468145,0.9901527166366577,0.08305579,0.0,nan,nan
Uformer + PathologyLoss,BraTS2021_00112,30.920744,0.9892670512199402,0.08585387,0.0,nan,nan
Uformer + PathologyLoss,BraTS2021_00112,31.043203,0.9900883436203003,0.08381398,0.0,nan,nan
Uformer + PathologyLoss,BraTS2021_00112,31.005297,0.9888407588005066,0.08621769,0.0,nan,nan
Uformer + PathologyLoss,BraTS2021_00112,31.003365,0.990260124206543,0.08196941,0.0,nan,nan
Uformer + PathologyLoss,BraTS2021_00112,31.097105,0.9897052049636841,0.08233075,0.0,nan,nan
Uformer + PathologyLoss,BraTS2021_00112,30.817543,0.9890276193618774,0.0844072,0.0,nan,nan
Uformer + PathologyLoss,BraTS2021_00112,30.396732,0.9878184199333191,0.088496685,0.0,nan,nan
Uformer + PathologyLoss,BraTS2021_00112,30.697079,0.9883263111114502,0.0857441,0.06451612903225806,nan,nan
Uformer + PathologyLoss,BraTS2021_00112,30.113256,0.9880122542381287,0.08778045,0.20052770448548812,nan,nan
Uformer + PathologyLoss,BraTS2021_00112,29.482975,0.985278844833374,0.0922761,0.18219461697722567,nan,nan
Uformer + PathologyLoss,BraTS2021_00112,29.39936,0.9837828874588013,0.09339536,0.1442495126705653,nan,nan
Uformer + PathologyLoss,BraTS2021_00112,29.481108,0.9826902747154236,0.0886713,0.17333333333333334,nan,nan
Uformer + PathologyLoss,BraTS2021_00112,29.753428,0.9828560948371887,0.08383009,0.2602739726027397,0.0,nan
Uformer + PathologyLoss,BraTS2021_00112,30.828594,0.9836006760597229,0.0774781,0.34626865671641793,0.0,nan
Uformer + PathologyLoss,BraTS2021_00112,30.403158,0.9850712418556213,0.07636723,0.35833333333333334,0.0,nan
Uformer + PathologyLoss,BraTS2021_00112,30.83199,0.9848188757896423,0.074723326,0.44866920152091255,0.0,nan
Uformer + PathologyLoss,BraTS2021_00112,30.721436,0.984704852104187,0.07402728,0.3925,0.0,nan
Uformer + PathologyLoss,BraTS2021_00112,31.041687,0.9860881567001343,0.070168406,0.604602510460251,0.23529411764705882,0.0
Uformer + PathologyLoss,BraTS2021_00112,31.330856,0.9881676435470581,0.06693685,0.49393605292171994,0.0,nan
Uformer + PathologyLoss,BraTS2021_00112,31.598904,0.9888648390769958,0.064378016,0.649325626204239,0.0,nan
Uformer + PathologyLoss,BraTS2021_00112,31.798698,0.9883594512939453,0.06524251,0.7583710407239819,nan,nan
Uformer + PathologyLoss,BraTS2021_00112,31.562632,0.9884259700775146,0.065711394,0.7005758157389635,nan,nan
Uformer + PathologyLoss,BraTS2021_00112,31.14239,0.9892531633377075,0.066473596,0.7486136783733827,nan,nan
Uformer + PathologyLoss,BraTS2021_00112,31.551956,0.9878227710723877,0.066366225,0.8367697594501718,nan,nan
Uformer + PathologyLoss,BraTS2021_00112,31.524458,0.9890622496604919,0.06503719,0.8479020979020979,nan,nan
Uformer + PathologyLoss,BraTS2021_00112,31.893875,0.9896844029426575,0.06272751,0.8040854224698236,nan,nan
Uformer + PathologyLoss,BraTS2021_00112,32.177025,0.9895403981208801,0.062259186,0.8186046511627907,0.0,0.0
Uformer + PathologyLoss,BraTS2021_00112,32.084167,0.9894009232521057,0.06162006,0.8211453744493392,0.0,0.0
Uformer + PathologyLoss,BraTS2021_00112,31.894852,0.9896633625030518,0.06255324,0.8588957055214724,nan,nan
Uformer + PathologyLoss,BraTS2021_00112,31.56879,0.9894164800643921,0.06530487,0.7408184679958028,nan,nan
Uformer + PathologyLoss,BraTS2021_00112,31.507324,0.9901893734931946,0.06549411,0.6993006993006993,nan,nan
Uformer + PathologyLoss,BraTS2021_00112,31.568,0.9893139600753784,0.06573913,0.6414073071718539,nan,nan
Uformer + PathologyLoss,BraTS2021_00112,31.988056,0.9915697574615479,0.061799265,0.459412780656304,nan,nan
Uformer + PathologyLoss,BraTS2021_00112,32.132233,0.9908551573753357,0.06157447,0.5590277777777778,nan,nan
Uformer + PathologyLoss,BraTS2021_00112,32.263588,0.9915409684181213,0.060233444,0.43568464730290457,nan,nan
Uformer + PathologyLoss,BraTS2021_00112,32.28488,0.9922911524772644,0.058387153,0.3916083916083916,nan,nan
Uformer + PathologyLoss,BraTS2021_00112,32.38529,0.9922909736633301,0.058645133,0.35051546391752575,nan,nan
Uformer + PathologyLoss,BraTS2021_00112,32.21477,0.9913653135299683,0.06117081,0.3516483516483517,nan,nan
Uformer + PathologyLoss,BraTS2021_00112,31.783146,0.9920493364334106,0.060579725,0.13245033112582782,nan,nan
Uformer + PathologyLoss,BraTS2021_00112,32.334824,0.9918187260627747,0.059963703,0.27702702702702703,nan,nan
Uformer + PathologyLoss,BraTS2021_00112,32.54573,0.992297887802124,0.05739222,0.0,nan,nan
Uformer + PathologyLoss,BraTS2021_00112,32.86934,0.991492748260498,0.058056068,0.0,nan,nan
Uformer + PathologyLoss,BraTS2021_00112,33.173634,0.9931015372276306,0.054915737,0.0,nan,nan
Uformer + PathologyLoss,BraTS2021_00112,33.231598,0.9927472472190857,0.055648677,0.0,nan,nan
Uformer + PathologyLoss,BraTS2021_00112,33.075794,0.9931662678718567,0.0554895,0.0,nan,nan
Uformer + PathologyLoss,BraTS2021_00112,33.3069,0.9924540519714355,0.05525608,0.0,nan,nan
Uformer + PathologyLoss,BraTS2021_00112,32.811638,0.9924849271774292,0.056196816,0.0,nan,nan
Uformer + PathologyLoss,BraTS2021_00112,33.27693,0.9937312006950378,0.053300373,0.0,nan,nan
Uformer + PathologyLoss,BraTS2021_00112,33.330837,0.9928210973739624,0.054082207,0.0,nan,nan
Uformer + PathologyLoss,BraTS2021_00112,33.5483,0.9932016134262085,0.053782005,0.0,nan,nan
Uformer + PathologyLoss,BraTS2021_00112,33.323563,0.9910411834716797,0.05657876,0.0,nan,nan
Uformer + PathologyLoss,BraTS2021_00128,30.986929,0.9909330606460571,0.08194705,0.12586532410320955,nan,nan
Uformer + PathologyLoss,BraTS2021_00128,30.843056,0.9905173778533936,0.08344578,0.28549618320610687,0.0,0.0
Uformer + PathologyLoss,BraTS2021_00128,30.843887,0.9902322292327881,0.08480343,0.44048467569493943,0.0,0.0
Uformer + PathologyLoss,BraTS2021_00128,30.843847,0.99079829454422,0.08226677,0.5087825560266506,0.0,0.0
Uformer + PathologyLoss,BraTS2021_00128,30.537228,0.9906308650970459,0.083131045,0.4627315812149935,0.0,0.0
Uformer + PathologyLoss,BraTS2021_00128,30.201664,0.9898084402084351,0.08514405,0.5657955066483265,0.0,0.0
Uformer + PathologyLoss,BraTS2021_00128,30.686014,0.9908619523048401,0.081211366,0.693579766536965,0.0,0.0
Uformer + PathologyLoss,BraTS2021_00128,30.354383,0.9899179339408875,0.083981365,0.7525206232813932,0.0,0.0
Uformer + PathologyLoss,BraTS2021_00128,30.332201,0.9899874329566956,0.08393942,0.7973333333333333,0.0,0.0
Uformer + PathologyLoss,BraTS2021_00128,30.089031,0.9901749491691589,0.083236806,0.7286044718581342,0.0,0.0
Uformer + PathologyLoss,BraTS2021_00128,30.133059,0.989637553691864,0.08422599,0.806530612244898,0.0,0.0
Uformer + PathologyLoss,BraTS2021_00128,30.077265,0.9896193742752075,0.08363731,0.856353591160221,0.0,0.0
Uformer + PathologyLoss,BraTS2021_00128,29.888977,0.9893919229507446,0.08363433,0.8925881886642886,0.0,0.0
Uformer + PathologyLoss,BraTS2021_00128,30.147022,0.9897348284721375,0.08066968,0.8353153153153153,0.0,0.0
Uformer + PathologyLoss,BraTS2021_00128,30.08022,0.9897029399871826,0.08033145,0.8698857353483229,0.0,0.0
Uformer + PathologyLoss,BraTS2021_00128,30.157557,0.9895193576812744,0.07917644,0.8980052691004893,0.1797752808988764,0.19161676646706588
Uformer + PathologyLoss,BraTS2021_00128,30.233978,0.9896078109741211,0.078622125,0.8285615729561918,0.3890784982935154,0.45714285714285713
Uformer + PathologyLoss,BraTS2021_00128,29.682854,0.9881694912910461,0.081674844,0.8289338361330134,0.3707865168539326,0.44
Uformer + PathologyLoss,BraTS2021_00128,29.984407,0.9880685806274414,0.07944637,0.8622033297910024,0.6363636363636364,0.6375545851528385
Uformer + PathologyLoss,BraTS2021_00128,29.585453,0.985689640045166,0.08213615,0.9166666666666666,0.7580645161290323,0.7559322033898305
Uformer + PathologyLoss,BraTS2021_00128,29.883356,0.9855371713638306,0.08077834,0.9273408239700375,0.8042895442359249,0.7542372881355932
Uformer + PathologyLoss,BraTS2021_00128,29.656975,0.9855928421020508,0.07905488,0.8271186440677966,0.807361963190184,0.8044554455445545
Uformer + PathologyLoss,BraTS2021_00128,29.857738,0.9860544204711914,0.077391,0.7036929339924397,0.8240635641316686,0.8302752293577982
Uformer + PathologyLoss,BraTS2021_00128,30.23351,0.9854592680931091,0.076305784,0.8322010869565217,0.8787878787878788,0.872579001019368
Uformer + PathologyLoss,BraTS2021_00128,30.200808,0.9857202172279358,0.07439015,0.8430644616942288,0.9063604240282686,0.8916967509025271
Uformer + PathologyLoss,BraTS2021_00128,29.99511,0.9833778142929077,0.07734649,0.8810421666095304,0.9282051282051282,0.8852755194218609
Uformer + PathologyLoss,BraTS2021_00128,30.266638,0.9831209778785706,0.07613171,0.8268573204849239,0.9263657957244655,0.8695652173913043
Uformer + PathologyLoss,BraTS2021_00128,30.398502,0.9840658903121948,0.07276549,0.8476420798065296,0.8720588235294118,0.8126159554730983
Uformer + PathologyLoss,BraTS2021_00128,30.456879,0.9847145676612854,0.07103525,0.8751870697395989,0.9206989247311828,0.8404533565823888
Uformer + PathologyLoss,BraTS2021_00128,30.348793,0.9836073517799377,0.07151124,0.868510158013544,0.9369828134945895,0.8994368463395012
Uformer + PathologyLoss,BraTS2021_00128,30.380756,0.982666015625,0.071997605,0.9093484419263456,0.9678982434887947,0.9323076923076923
Uformer + PathologyLoss,BraTS2021_00128,30.133156,0.9823618531227112,0.071379356,0.8332493702770781,0.9591957421643997,0.9264594389689158
Uformer + PathologyLoss,BraTS2021_00128,30.937622,0.9834387898445129,0.067082204,0.9021796916533759,0.9763246899661782,0.9586545199719692
Uformer + PathologyLoss,BraTS2021_00128,30.364979,0.9828515648841858,0.07016701,0.8803376365441906,0.9665924276169265,0.9468531468531468
Uformer + PathologyLoss,BraTS2021_00128,30.475645,0.9820977449417114,0.07021328,0.9251012145748988,0.9614112458654906,0.9382373351839001
Uformer + PathologyLoss,BraTS2021_00128,30.76888,0.9842001795768738,0.066218615,0.9225790390838935,0.9836411609498681,0.9579945799457995
Uformer + PathologyLoss,BraTS2021_00128,30.777363,0.9830060601234436,0.06754496,0.9223564210007394,0.9801670146137788,0.9423459244532804
Uformer + PathologyLoss,BraTS2021_00128,31.072598,0.9839608669281006,0.06579051,0.9448223733938019,0.9823100936524454,0.9250681198910081
Uformer + PathologyLoss,BraTS2021_00128,31.091866,0.9840760231018066,0.06618875,0.9544534412955465,0.9804955192409067,0.9225634178905207
Uformer + PathologyLoss,BraTS2021_00128,31.133444,0.9841031432151794,0.06580645,0.9553819006806151,0.9541899441340782,0.8656924147529576
Uformer + PathologyLoss,BraTS2021_00128,30.944649,0.9836431741714478,0.06608102,0.9570923775870772,0.9767699115044248,0.9420751113940166
Uformer + PathologyLoss,BraTS2021_00128,31.014612,0.9848710298538208,0.06514733,0.9490077869881939,0.9797859690844233,0.9528865295288653
Uformer + PathologyLoss,BraTS2021_00128,30.79624,0.984461784362793,0.066457376,0.9326732673267327,0.9757914338919925,0.9382373351839001
Uformer + PathologyLoss,BraTS2021_00128,30.868572,0.98488450050354,0.065007225,0.9260815822002472,0.9857054070851461,0.9641434262948207
Uformer + PathologyLoss,BraTS2021_00128,31.190779,0.9856261014938354,0.06533835,0.9200692897797574,0.9837977965003241,0.9696551724137931
Uformer + PathologyLoss,BraTS2021_00128,31.098377,0.9822984337806702,0.06662129,0.9319051262433052,0.9735593220338983,0.964924838940587
Uformer + PathologyLoss,BraTS2021_00128,31.038929,0.983844518661499,0.06547742,0.8845112041369121,0.9737029140014215,0.9662415603900976
Uformer + PathologyLoss,BraTS2021_00128,31.120277,0.9816275238990784,0.06679949,0.9064599483204134,0.9757942511346445,0.9512390087929656
Uformer + PathologyLoss,BraTS2021_00128,31.308514,0.9821060299873352,0.06684354,0.9052462526766595,0.9630818619582665,0.9494949494949495
Uformer + PathologyLoss,BraTS2021_00128,31.199226,0.9835169315338135,0.06657268,0.8566117896972916,0.9577464788732394,0.8956937799043062
Uformer + PathologyLoss,BraTS2021_00128,31.200905,0.9817509055137634,0.06809609,0.8612602430064991,0.9345238095238095,0.8893572181243414
Uformer + PathologyLoss,BraTS2021_00128,31.315077,0.9816724061965942,0.06764727,0.8620275944811038,0.8732057416267942,0.7936925098554534
Uformer + PathologyLoss,BraTS2021_00128,31.060654,0.9835107922554016,0.068695866,0.8088190878888554,0.9057104913678619,0.8714285714285714
Uformer + PathologyLoss,BraTS2021_00128,30.74796,0.9822193384170532,0.07184813,0.8019077901430842,0.8872832369942196,0.8660130718954249
Uformer + PathologyLoss,BraTS2021_00128,31.082857,0.9841415882110596,0.070467755,0.7839838492597577,0.7788018433179723,0.7475728155339806
Uformer + PathologyLoss,BraTS2021_00128,30.710514,0.9796836376190186,0.07669667,0.7972560975609756,0.8878048780487805,0.837696335078534
Uformer + PathologyLoss,BraTS2021_00128,30.677185,0.9807759523391724,0.07712417,0.7431693989071039,0.6470588235294118,0.6347826086956522
Uformer + PathologyLoss,BraTS2021_00128,30.889112,0.9821017980575562,0.07551723,0.6763706938379428,0.0,0.0
Uformer + PathologyLoss,BraTS2021_00128,30.579796,0.9825125932693481,0.07824812,0.5755782678859602,0.0,0.0
Uformer + PathologyLoss,BraTS2021_00128,30.572495,0.9824568629264832,0.0791479,0.5598430346631785,nan,nan
Uformer + PathologyLoss,BraTS2021_00128,30.619831,0.9815179109573364,0.081689864,0.6070726915520629,nan,nan
Uformer + PathologyLoss,BraTS2021_00128,30.250528,0.9811466336250305,0.08762017,0.5392405063291139,nan,nan
Uformer + PathologyLoss,BraTS2021_00128,30.447805,0.9812909364700317,0.0878656,0.4895330112721417,nan,nan
Uformer + PathologyLoss,BraTS2021_00130,30.508375,0.9825800657272339,0.11248316,0.837037037037037,nan,nan
Uformer + PathologyLoss,BraTS2021_00130,30.952751,0.9832559823989868,0.108798034,0.8641425389755011,nan,nan
Uformer + PathologyLoss,BraTS2021_00130,31.19025,0.9841160178184509,0.10451732,0.8399311531841652,nan,nan
Uformer + PathologyLoss,BraTS2021_00130,30.9145,0.9830302596092224,0.1078081,0.8252569750367107,0.0,0.0
Uformer + PathologyLoss,BraTS2021_00130,30.884064,0.9830065965652466,0.106967576,0.8910675381263616,0.76,0.76
Uformer + PathologyLoss,BraTS2021_00130,30.59888,0.9823676943778992,0.10905319,0.8925895087427144,0.8672566371681416,0.819047619047619
Uformer + PathologyLoss,BraTS2021_00130,30.249071,0.9792547225952148,0.1153453,0.8894952251023193,0.8764940239043825,0.8087431693989071
Uformer + PathologyLoss,BraTS2021_00130,30.167328,0.9789943099021912,0.111641064,0.9544419134396356,0.8801498127340824,0.8317307692307693
Uformer + PathologyLoss,BraTS2021_00130,29.353603,0.9716445803642273,0.122554876,0.9576407506702412,0.8780487804878049,0.81
Uformer + PathologyLoss,BraTS2021_00130,29.691744,0.9736015200614929,0.11074376,0.9591115598182736,0.846820809248555,0.6962025316455697
Uformer + PathologyLoss,BraTS2021_00130,29.94123,0.9730674028396606,0.10630304,0.9490043710539097,0.7702888583218707,0.6163934426229508
Uformer + PathologyLoss,BraTS2021_00130,30.488205,0.9720025658607483,0.10258221,0.9604891815616181,0.9021864211737629,0.6319702602230484
Uformer + PathologyLoss,BraTS2021_00130,30.464296,0.9719389081001282,0.09905115,0.955011135857461,0.9375639713408394,0.659846547314578
Uformer + PathologyLoss,BraTS2021_00130,30.529156,0.9732062816619873,0.09449308,0.94749498997996,0.8678899082568807,0.6374695863746959
Uformer + PathologyLoss,BraTS2021_00130,30.614468,0.9722424149513245,0.09196049,0.9758713136729222,0.9498432601880877,0.6388888888888888
Uformer + PathologyLoss,BraTS2021_00130,30.72447,0.9731166362762451,0.08882634,0.9759450171821306,0.9375448671931084,0.789261744966443
Uformer + PathologyLoss,BraTS2021_00130,30.930538,0.9723929166793823,0.08854456,0.9755164498852333,0.9344262295081968,0.724179829890644
Uformer + PathologyLoss,BraTS2021_00130,30.842016,0.9676093459129333,0.08950983,0.9731974329935825,0.9470154258886653,0.7260083449235049
Uformer + PathologyLoss,BraTS2021_00130,30.832842,0.9688476920127869,0.08727174,0.9772132984684349,0.9528865295288653,0.703012912482066
Uformer + PathologyLoss,BraTS2021_00130,31.25699,0.9676205515861511,0.08623021,0.9727138643067846,0.928071292170592,0.6666666666666666
Uformer + PathologyLoss,BraTS2021_00130,31.441021,0.9700421690940857,0.08398156,0.943343760862009,0.955205047318612,0.7287899860917941
Uformer + PathologyLoss,BraTS2021_00130,31.502188,0.9729291796684265,0.081659615,0.9557157569515963,0.9417658108954289,0.7140939597315437
Uformer + PathologyLoss,BraTS2021_00130,31.856468,0.9763212203979492,0.07866557,0.9681486396814863,0.9372333942717855,0.6917900403768507
Uformer + PathologyLoss,BraTS2021_00130,31.815784,0.9749871492385864,0.0808045,0.9702072538860104,0.9220103986135182,0.6928746928746928
Uformer + PathologyLoss,BraTS2021_00130,31.504984,0.9777674674987793,0.078167066,0.9667711598746082,0.9156895589056393,0.5915789473684211
Uformer + PathologyLoss,BraTS2021_00130,31.623087,0.9785512685775757,0.07932882,0.9599265830529213,0.9346622369878184,0.6972067039106146
Uformer + PathologyLoss,BraTS2021_00130,31.612673,0.9765985608100891,0.0813001,0.9528828270303782,0.9563719862227325,0.7163120567375887
Uformer + PathologyLoss,BraTS2021_00130,31.62898,0.9767724275588989,0.08073044,0.9556103575832305,0.9351081530782029,0.7249190938511327
Uformer + PathologyLoss,BraTS2021_00130,31.503428,0.9780561327934265,0.07956506,0.9559633027522936,0.9383783783783783,0.6941045606229144
Uformer + PathologyLoss,BraTS2021_00130,31.569136,0.9761804938316345,0.08178685,0.9510800508259212,0.9231613611416026,0.744
Uformer + PathologyLoss,BraTS2021_00130,31.611479,0.9765186309814453,0.08179562,0.9546035805626598,0.942296918767507,0.7070707070707071
Uformer + PathologyLoss,BraTS2021_00130,31.570278,0.9781988263130188,0.079482526,0.9569718537690068,0.9527649769585254,0.7185354691075515
Uformer + PathologyLoss,BraTS2021_00130,31.510866,0.9760369658470154,0.08297633,0.9698558322411533,0.9609004739336493,0.7834821428571429
Uformer + PathologyLoss,BraTS2021_00130,31.721182,0.9774363040924072,0.080806315,0.973364024991779,0.9673366834170855,0.7982359426681367
Uformer + PathologyLoss,BraTS2021_00130,31.884602,0.979221522808075,0.078997314,0.9717477003942181,0.9747899159663865,0.8810572687224669
Uformer + PathologyLoss,BraTS2021_00130,31.83697,0.9785175323486328,0.07951331,0.9759839893262174,0.9694501018329938,0.8868312757201646
Uformer + PathologyLoss,BraTS2021_00130,32.089153,0.9775833487510681,0.07986219,0.975609756097561,0.946712802768166,0.8869047619047619
Uformer + PathologyLoss,BraTS2021_00130,32.246906,0.9777035117149353,0.08065866,0.9751902084022495,0.9564575645756458,0.8873239436619719
Uformer + PathologyLoss,BraTS2021_00130,32.23426,0.9790711998939514,0.07875462,0.9681955138935386,0.9731012658227848,0.8943661971830986
Uformer + PathologyLoss,BraTS2021_00130,32.197186,0.9801191687583923,0.077210024,0.9742904841402337,0.9646302250803859,0.8824306472919419
Uformer + PathologyLoss,BraTS2021_00130,32.394833,0.9800105690956116,0.07628041,0.9736030167980803,0.975973487986744,0.886002886002886
Uformer + PathologyLoss,BraTS2021_00130,32.12685,0.9792511463165283,0.07793837,0.974061433447099,0.9807692307692307,0.9223140495867769
Uformer + PathologyLoss,BraTS2021_00130,32.00845,0.9798692464828491,0.078747004,0.964562942963213,0.9673202614379085,0.9303201506591338
Uformer + PathologyLoss,BraTS2021_00130,32.465263,0.9820842742919922,0.074641734,0.9693537641572285,0.9669902912621359,0.901010101010101
Uformer + PathologyLoss,BraTS2021_00130,32.82338,0.9822395443916321,0.07411938,0.963678773742086,0.952286282306163,0.87890625
Uformer + PathologyLoss,BraTS2021_00130,32.868313,0.9834781289100647,0.074172,0.9643799472295514,0.9315352697095436,0.8431001890359168
Uformer + PathologyLoss,BraTS2021_00130,33.05064,0.9853663444519043,0.071057454,0.9588854909955827,0.9525959367945824,0.8854961832061069
Uformer + PathologyLoss,BraTS2021_00130,33.271225,0.9846196174621582,0.07033919,0.9590361445783132,0.8766066838046273,0.8237623762376237
Uformer + PathologyLoss,BraTS2021_00130,33.395668,0.9854491353034973,0.0690196,0.9666549666549666,0.9459815546772069,0.8969258589511754
Uformer + PathologyLoss,BraTS2021_00130,33.592068,0.9861292243003845,0.06678895,0.9829895041621426,0.9451851851851852,0.8998242530755711
Uformer + PathologyLoss,BraTS2021_00130,33.91401,0.984018862247467,0.06794737,0.9742619227857684,0.9388489208633094,0.9184060721062619
Uformer + PathologyLoss,BraTS2021_00130,33.966213,0.9848199486732483,0.06584347,0.9792147806004619,0.904862579281184,0.9122807017543859
Uformer + PathologyLoss,BraTS2021_00130,34.27612,0.9848058223724365,0.06439489,0.9733542319749217,0.5793103448275863,0.5916666666666667
Uformer + PathologyLoss,BraTS2021_00130,34.243015,0.9817081689834595,0.0655308,0.982078853046595,0.460093896713615,0.5957446808510638
Uformer + PathologyLoss,BraTS2021_00130,34.37137,0.9810292720794678,0.06483139,0.9584874640361694,0.0,0.0
Uformer + PathologyLoss,BraTS2021_00130,34.784367,0.9803788661956787,0.06339821,0.9628099173553719,nan,nan
Uformer + PathologyLoss,BraTS2021_00130,34.590115,0.9806915521621704,0.063303545,0.9490683229813665,nan,nan
Uformer + PathologyLoss,BraTS2021_00130,34.619873,0.9791351556777954,0.06532083,0.9534292972057579,nan,nan
Uformer + PathologyLoss,BraTS2021_00130,34.424343,0.975391685962677,0.06719494,0.9639718804920914,nan,nan
Uformer + PathologyLoss,BraTS2021_00130,34.335682,0.9733247756958008,0.06797911,0.9747358750574184,nan,nan
Uformer + PathologyLoss,BraTS2021_00130,34.269543,0.9730628728866577,0.06938528,0.9709864603481625,0.0,0.0
Uformer + PathologyLoss,BraTS2021_00130,34.38181,0.9752851128578186,0.06947549,0.9607945635128071,0.0,nan
Uformer + PathologyLoss,BraTS2021_00130,34.189583,0.9711262583732605,0.07141665,0.9711751662971175,nan,nan
Uformer + PathologyLoss,BraTS2021_00130,33.99404,0.9735297560691833,0.07141263,0.9849012775842044,nan,nan
Uformer + PathologyLoss,BraTS2021_00130,33.954876,0.9717884659767151,0.074362576,0.9672232529375386,nan,nan
Uformer + PathologyLoss,BraTS2021_00130,33.603462,0.9683262705802917,0.07671034,0.9636963696369637,nan,nan
Uformer + PathologyLoss,BraTS2021_00130,33.30528,0.9619917869567871,0.08090797,0.8900763358778626,nan,nan
Uformer + PathologyLoss,BraTS2021_00130,33.14067,0.961513876914978,0.08452521,0.8476357267950964,nan,nan
Uformer + PathologyLoss,BraTS2021_00130,32.944214,0.9594107270240784,0.08751758,0.8427672955974843,nan,nan
Uformer + PathologyLoss,BraTS2021_00130,32.998383,0.9643691778182983,0.08932158,0.6194144838212635,nan,nan
Uformer + PathologyLoss,BraTS2021_00130,32.612408,0.9633546471595764,0.092540346,0.4129032258064516,nan,nan
Uformer + PathologyLoss,BraTS2021_00130,32.35211,0.9623823165893555,0.09651373,0.49261083743842365,nan,nan
Uformer + PathologyLoss,BraTS2021_00130,32.061127,0.9627814888954163,0.09955078,0.5253164556962026,nan,nan
Uformer + PathologyLoss,BraTS2021_00130,32.033012,0.9632295966148376,0.10428315,0.0,nan,nan
Uformer + PathologyLoss,BraTS2021_00130,31.750032,0.9613999128341675,0.10978489,0.0,nan,nan
