method,subject,psnr,ssim,nrmse,dice_wt,dice_tc,dice_et
Uformer-lite (L1),BraTS2021_00002,31.965088,0.9780550599098206,0.16620015,0.0,nan,nan
Uformer-lite (L1),BraTS2021_00002,31.801493,0.9784754514694214,0.16194578,0.0,nan,nan
Uformer-lite (L1),BraTS2021_00002,31.370298,0.9779412746429443,0.16147962,0.0,nan,nan
Uformer-lite (L1),BraTS2021_00002,31.648233,0.9798337817192078,0.15071258,0.275,nan,nan
Uformer-lite (L1),BraTS2021_00002,31.423225,0.9789276719093323,0.15122376,0.11214953271028037,nan,nan
Uformer-lite (L1),BraTS2021_00002,31.032997,0.9778432250022888,0.15166032,0.16774193548387098,nan,nan
Uformer-lite (L1),BraTS2021_00002,30.380953,0.9759606122970581,0.1536174,0.8413793103448276,nan,nan
Uformer-lite (L1),BraTS2021_00002,30.239046,0.9743764996528625,0.15390119,0.9022757697456493,nan,nan
Uformer-lite (L1),BraTS2021_00002,30.240555,0.9723260998725891,0.15489684,0.8778877887788779,nan,nan
Uformer-lite (L1),BraTS2021_00002,30.806053,0.976726770401001,0.13873558,0.8836805555555556,nan,nan
Uformer-lite (L1),BraTS2021_00002,30.325804,0.9742606282234192,0.14243965,0.9081545064377683,nan,nan
Uformer-lite (L1),BraTS2021_00002,30.8873,0.9761213660240173,0.13248146,0.9079263410728583,nan,nan
Uformer-lite (L1),BraTS2021_00002,30.650331,0.974102258682251,0.13100894,0.8654485049833887,nan,nan
Uformer-lite (L1),BraTS2021_00002,30.645754,0.9744390249252319,0.12863699,0.89792663476874,nan,nan
Uformer-lite (L1),BraTS2021_00002,30.649471,0.972653865814209,0.12909114,0.918009810791871,nan,nan
Uformer-lite (L1),BraTS2021_00002,30.729895,0.9719141721725464,0.12885219,0.6874443455031166,nan,nan
Uformer-lite (L1),BraTS2021_00002,30.776823,0.9724645614624023,0.12747349,0.7926739926739926,nan,nan
Uformer-lite (L1),BraTS2021_00002,30.804535,0.9723199009895325,0.12814261,0.0,nan,nan
Uformer-lite (L1),BraTS2021_00002,30.437944,0.9709351062774658,0.12949853,0.16019417475728157,nan,nan
Uformer-lite (L1),BraTS2021_00002,30.322943,0.968517541885376,0.13257715,0.00821917808219178,nan,nan
Uformer-lite (L1),BraTS2021_00002,29.866241,0.9682726860046387,0.12997113,0.7486950037285608,nan,nan
Uformer-lite (L1),BraTS2021_00002,29.9098,0.9688203930854797,0.12587303,0.804004214963119,0.0,0.0
Uformer-lite (L1),BraTS2021_00002,29.946787,0.9630529880523682,0.12729079,0.6247896803140774,0.0,0.0
Uformer-lite (L1),BraTS2021_00002,30.514004,0.968068540096283,0.11453394,0.8605095541401274,0.0,0.0
Uformer-lite (L1),BraTS2021_00002,30.560877,0.9674552083015442,0.11069682,0.8653648509763617,0.0,0.0
Uformer-lite (L1),BraTS2021_00002,30.650696,0.9636059403419495,0.11130848,0.6780238500851788,nan,nan
Uformer-lite (L1),BraTS2021_00002,30.89405,0.9640558958053589,0.10756253,0.8273972602739726,nan,nan
Uformer-lite (L1),BraTS2021_00002,30.713913,0.964838445186615,0.10509227,0.736021505376344,0.0,0.0
Uformer-lite (L1),BraTS2021_00002,31.08119,0.9643389582633972,0.104223154,0.8515314472761282,0.0,0.0
Uformer-lite (L1),BraTS2021_00002,31.243593,0.969482421875,0.09839832,0.7580309683383406,0.0,0.0
Uformer-lite (L1),BraTS2021_00002,31.721907,0.9704649448394775,0.094622634,0.7747121442537476,0.22119815668202766,0.22119815668202766
Uformer-lite (L1),BraTS2021_00002,31.778057,0.9718826413154602,0.093317255,0.8517893947910812,0.1377049180327869,0.1377049180327869
Uformer-lite (L1),BraTS2021_00002,31.907408,0.9743267893791199,0.08963406,0.7463664278403276,0.005633802816901409,0.0
Uformer-lite (L1),BraTS2021_00002,31.808432,0.9755914211273193,0.089546666,0.8714837286265857,0.05807622504537205,0.05807622504537205
Uformer-lite (L1),BraTS2021_00002,31.760176,0.9759575128555298,0.0893758,0.9181532004197271,0.12781065088757396,0.11428571428571428
Uformer-lite (L1),BraTS2021_00002,31.618374,0.9772791266441345,0.08905559,0.9036237471087124,0.07897793263646923,0.07417218543046358
Uformer-lite (L1),BraTS2021_00002,31.702778,0.9759681820869446,0.08791788,0.8993082244427364,0.13708260105448156,0.13333333333333333
Uformer-lite (L1),BraTS2021_00002,31.6127,0.9764502048492432,0.087877326,0.8719195849546044,0.21011673151750973,0.24036697247706423
Uformer-lite (L1),BraTS2021_00002,31.42644,0.9767643213272095,0.08865434,0.8131345177664975,0.01023391812865497,0.012466607301869992
Uformer-lite (L1),BraTS2021_00002,31.568748,0.9782283902168274,0.086634316,0.8661417322834646,0.235595390524968,0.2812254516889238
Uformer-lite (L1),BraTS2021_00002,31.492376,0.9792162179946899,0.08562184,0.777511579619869,0.12540822991508818,0.1645021645021645
Uformer-lite (L1),BraTS2021_00002,31.640814,0.9799853563308716,0.08437515,0.8039657503379901,0.1279317697228145,0.19222462203023757
Uformer-lite (L1),BraTS2021_00002,31.603722,0.9823625683784485,0.08149388,0.8271716260895702,0.11368421052631579,0.1927710843373494
Uformer-lite (L1),BraTS2021_00002,31.7835,0.9827343821525574,0.08053324,0.8486956521739131,0.16744809109176156,0.3132832080200501
Uformer-lite (L1),BraTS2021_00002,31.817636,0.9817799925804138,0.08158108,0.8771833310411222,0.2811296534017972,0.4935972060535506
Uformer-lite (L1),BraTS2021_00002,31.67798,0.9844285249710083,0.07909489,0.897133220910624,0.14275618374558305,0.28898426323319026
Uformer-lite (L1),BraTS2021_00002,31.71337,0.9834807515144348,0.08010525,0.8716763005780347,0.17959183673469387,0.35567715458276333
Uformer-lite (L1),BraTS2021_00002,31.714874,0.9825896620750427,0.08098035,0.8972746331236897,0.37092731829573933,0.5011286681715575
Uformer-lite (L1),BraTS2021_00002,31.681156,0.9837475419044495,0.07927523,0.8621285961326836,0.20964360587002095,0.3862433862433862
Uformer-lite (L1),BraTS2021_00002,31.611023,0.9847910404205322,0.07849863,0.8743238943684378,0.20084269662921347,0.35175879396984927
Uformer-lite (L1),BraTS2021_00002,31.972595,0.9846252799034119,0.07760729,0.8594243886208618,0.2791327913279133,0.47911547911547914
Uformer-lite (L1),BraTS2021_00002,31.839306,0.9849647879600525,0.07839264,0.8815501263689974,0.23378474697077692,0.36228287841191065
Uformer-lite (L1),BraTS2021_00002,31.807632,0.9850397109985352,0.07706571,0.9028256374913852,0.30285296269202633,0.4777911164465786
Uformer-lite (L1),BraTS2021_00002,32.091198,0.9856224060058594,0.07597017,0.8774308652988403,0.31008902077151335,0.4642438452520516
Uformer-lite (L1),BraTS2021_00002,32.179916,0.9864171147346497,0.074566916,0.8980113118044153,0.23181454836131096,0.33256880733944955
Uformer-lite (L1),BraTS2021_00002,32.4126,0.9874985218048096,0.07264933,0.8858942947147357,0.3325102880658436,0.4311632870864461
Uformer-lite (L1),BraTS2021_00002,32.281483,0.9880369901657104,0.07148601,0.9218552607832521,0.28785046728971964,0.3469387755102041
Uformer-lite (L1),BraTS2021_00002,33.031605,0.9888055324554443,0.070115246,0.8934410084695686,0.38715953307393,0.46411483253588515
Uformer-lite (L1),BraTS2021_00002,33.229748,0.9894376993179321,0.0678443,0.8987903225806452,0.2626728110599078,0.3285302593659942
Uformer-lite (L1),BraTS2021_00002,32.964813,0.9898070693016052,0.068106435,0.9103309929789368,0.44314185228604924,0.5192307692307693
Uformer-lite (L1),BraTS2021_00002,32.939365,0.9898255467414856,0.06791311,0.9512242899118512,0.3457142857142857,0.3872
Uformer-lite (L1),BraTS2021_00002,33.005035,0.9903469681739807,0.06697853,0.9400114263949724,0.5498575498575499,0.5893129770992367
Uformer-lite (L1),BraTS2021_00002,33.08188,0.9894612431526184,0.068174124,0.9114126097366321,0.7178002894356006,0.684887459807074
Uformer-lite (L1),BraTS2021_00002,33.084206,0.9890717267990112,0.06911907,0.9681792506119374,0.779874213836478,0.7243243243243244
Uformer-lite (L1),BraTS2021_00002,32.95261,0.9883700013160706,0.06946269,0.971868978805395,0.7722419928825622,0.724
Uformer-lite (L1),BraTS2021_00002,32.874424,0.9881086945533752,0.07072145,0.9742669060442849,0.8063241106719368,0.7763713080168776
Uformer-lite (L1),BraTS2021_00002,33.06186,0.9854632616043091,0.072926134,0.9746992948983824,0.6699751861042184,0.6875
Uformer-lite (L1),BraTS2021_00002,32.98279,0.985123872756958,0.07254578,0.9746751816780445,0.7352941176470589,0.7402597402597403
Uformer-lite (L1),BraTS2021_00002,32.894623,0.984142541885376,0.07459406,0.9671144048170449,0.5423728813559322,0.579185520361991
Uformer-lite (L1),BraTS2021_00002,32.561203,0.9833900332450867,0.07733524,0.9733233607579157,0.6863905325443787,0.6785714285714286
Uformer-lite (L1),BraTS2021_00002,32.295147,0.9819539189338684,0.07978298,0.9589621392639661,0.5813953488372093,0.5813953488372093
Uformer-lite (L1),BraTS2021_00002,32.41841,0.9832374453544617,0.078051016,0.9650719107719401,0.0,0.0
Uformer-lite (L1),BraTS2021_00002,32.273712,0.9809203743934631,0.0836763,0.9706074461136512,nan,nan
Uformer-lite (L1),BraTS2021_00002,32.195415,0.9833044409751892,0.079929434,0.9698688408365828,nan,nan
Uformer-lite (L1),BraTS2021_00002,31.96502,0.9816884398460388,0.08475865,0.9717203456402199,nan,nan
Uformer-lite (L1),BraTS2021_00002,31.714392,0.9816062450408936,0.086811855,0.9627749576988156,nan,nan
Uformer-lite (L1),BraTS2021_00002,31.535484,0.9787534475326538,0.09097108,0.9674017257909875,nan,nan
Uformer-lite (L1),BraTS2021_00002,31.451675,0.9786373376846313,0.09272128,0.9196006305832896,nan,nan
Uformer-lite (L1),BraTS2021_00002,31.307945,0.9756906628608704,0.098042406,0.9682337992376112,nan,nan
Uformer-lite (L1),BraTS2021_00002,31.041115,0.9759392738342285,0.10007589,0.9461805555555556,nan,nan
Uformer-lite (L1),BraTS2021_00002,30.988977,0.9766560196876526,0.09955237,0.919661733615222,nan,nan
Uformer-lite (L1),BraTS2021_00002,30.992165,0.9749879837036133,0.10368806,0.9438202247191011,nan,nan
Uformer-lite (L1),BraTS2021_00002,30.804539,0.9730229377746582,0.10867784,0.930327868852459,nan,nan
Uformer-lite (L1),BraTS2021_00002,30.854729,0.9751330614089966,0.10803402,0.88,nan,nan
Uformer-lite (L1),BraTS2021_00014,31.330769,0.9829545021057129,0.15695591,0.0,nan,nan
Uformer-lite (L1),BraTS2021_00014,31.10233,0.9820761680603027,0.1563501,0.0,nan,nan
Uformer-lite (L1),BraTS2021_00014,30.823286,0.9836960434913635,0.14790371,0.05150214592274678,nan,nan
Uformer-lite (L1),BraTS2021_00014,30.875172,0.9833823442459106,0.14655814,0.0,nan,nan
Uformer-lite (L1),BraTS2021_00014,30.967983,0.9852138161659241,0.13632634,0.0,nan,nan
Uformer-lite (L1),BraTS2021_00014,31.001106,0.9847894310951233,0.13650826,0.0,nan,nan
Uformer-lite (L1),BraTS2021_00014,30.830246,0.9830585718154907,0.14208184,0.0,nan,nan
Uformer-lite (L1),BraTS2021_00014,30.554073,0.9839140176773071,0.13644286,0.0,nan,nan
Uformer-lite (L1),BraTS2021_00014,30.536232,0.9838199615478516,0.13547258,0.08403361344537816,0.0,0.0
Uformer-lite (L1),BraTS2021_00014,30.235178,0.9833846688270569,0.13656321,0.26229508196721313,0.0,0.0
Uformer-lite (L1),BraTS2021_00014,29.446918,0.9789447784423828,0.1475318,0.0,0.0,0.0
Uformer-lite (L1),BraTS2021_00014,29.278625,0.9781388640403748,0.14509721,0.5431119920713577,0.0,0.0
Uformer-lite (L1),BraTS2021_00014,28.915035,0.9767805933952332,0.14345488,0.28602620087336245,0.0,0.0
Uformer-lite (L1),BraTS2021_00014,29.015162,0.976097822189331,0.13933085,0.5582564962279967,0.0,0.0
Uformer-lite (L1),BraTS2021_00014,28.847998,0.9754337072372437,0.13313295,0.737926593689633,0.0,0.0
Uformer-lite (L1),BraTS2021_00014,28.496225,0.9718587398529053,0.13662651,0.8530259365994236,0.0,0.0
Uformer-lite (L1),BraTS2021_00014,28.570698,0.9732946753501892,0.12729934,0.8044817927170869,0.0,0.0
Uformer-lite (L1),BraTS2021_00014,28.707602,0.9715167880058289,0.124232784,0.38352059925093634,0.0,0.0
Uformer-lite (L1),BraTS2021_00014,29.110897,0.9721255302429199,0.11815797,0.11705685618729098,0.0,0.0
Uformer-lite (L1),BraTS2021_00014,28.970654,0.9709047675132751,0.11786745,0.3389335281227173,0.0,0.0
Uformer-lite (L1),BraTS2021_00014,29.006828,0.9705964922904968,0.115785524,0.858508604206501,0.009523809523809525,0.009569377990430622
Uformer-lite (L1),BraTS2021_00014,28.834576,0.9704737067222595,0.11391237,0.8181397501156872,0.0,0.0
Uformer-lite (L1),BraTS2021_00014,28.978859,0.9684546589851379,0.112845995,0.9133089133089133,0.1368421052631579,0.1368421052631579
Uformer-lite (L1),BraTS2021_00014,29.155806,0.969389021396637,0.10941498,0.896013152486642,0.0,0.0
Uformer-lite (L1),BraTS2021_00014,29.561516,0.9681290984153748,0.10521195,0.43545508625817964,0.0,0.0
Uformer-lite (L1),BraTS2021_00014,29.35106,0.9709024429321289,0.10323231,0.792841163310962,0.0,0.0
Uformer-lite (L1),BraTS2021_00014,29.570473,0.9662291407585144,0.103340425,0.6578140960163432,0.2251655629139073,0.2251655629139073
Uformer-lite (L1),BraTS2021_00014,29.373693,0.9696208238601685,0.1021919,0.8158487167942369,0.25675675675675674,0.25675675675675674
Uformer-lite (L1),BraTS2021_00014,29.618883,0.970550000667572,0.09719729,0.8164009111617312,0.0,0.0
Uformer-lite (L1),BraTS2021_00014,29.62795,0.9727417826652527,0.09840786,0.8160504959422904,0.0,0.0
Uformer-lite (L1),BraTS2021_00014,29.703655,0.9731131792068481,0.09718932,0.8887973640856672,0.2597402597402597,0.2597402597402597
Uformer-lite (L1),BraTS2021_00014,29.53046,0.9732344150543213,0.097160965,0.8472400513478819,0.0,0.0
Uformer-lite (L1),BraTS2021_00014,29.677933,0.9729703664779663,0.09722985,0.787281683833408,0.0,0.0
Uformer-lite (L1),BraTS2021_00014,29.905212,0.9723024964332581,0.09590666,0.8123877917414721,nan,nan
Uformer-lite (L1),BraTS2021_00014,29.860191,0.9753996729850769,0.09503284,0.8807503349709692,nan,nan
Uformer-lite (L1),BraTS2021_00014,29.633024,0.9732085466384888,0.0966218,0.8864185596906718,nan,nan
Uformer-lite (L1),BraTS2021_00014,29.589222,0.9758878946304321,0.09554641,0.899030233884769,nan,nan
Uformer-lite (L1),BraTS2021_00014,29.774874,0.975752055644989,0.09508213,0.8649446494464945,nan,nan
Uformer-lite (L1),BraTS2021_00014,29.86083,0.9767426252365112,0.094168425,0.845933014354067,nan,nan
Uformer-lite (L1),BraTS2021_00014,30.012188,0.9782241582870483,0.092697926,0.7463414634146341,nan,nan
Uformer-lite (L1),BraTS2021_00014,30.114826,0.9789693355560303,0.09109615,0.7272727272727273,nan,nan
Uformer-lite (L1),BraTS2021_00014,30.25333,0.9795212745666504,0.09067488,0.3619631901840491,nan,nan
Uformer-lite (L1),BraTS2021_00014,29.998497,0.9782506823539734,0.092193924,0.19574468085106383,nan,nan
Uformer-lite (L1),BraTS2021_00032,32.490715,0.9696400761604309,0.094083466,0.6296296296296297,nan,nan
Uformer-lite (L1),BraTS2021_00032,32.70774,0.9710831046104431,0.092050835,0.8111587982832618,nan,nan
Uformer-lite (L1),BraTS2021_00032,32.651592,0.9728810787200928,0.09056292,0.7668393782383419,nan,nan
Uformer-lite (L1),BraTS2021_00032,32.96562,0.9748051762580872,0.087444,0.8342857142857143,nan,nan
Uformer-lite (L1),BraTS2021_00032,33.119015,0.9712858200073242,0.08935389,0.8601036269430051,nan,nan
Uformer-lite (L1),BraTS2021_00032,32.849926,0.9716518521308899,0.09118149,0.8522483940042827,nan,nan
Uformer-lite (L1),BraTS2021_00032,32.891365,0.974655270576477,0.08885542,0.8705882352941177,nan,nan
Uformer-lite (L1),BraTS2021_00032,33.042492,0.9725193977355957,0.08870631,0.8909952606635071,nan,nan
Uformer-lite (L1),BraTS2021_00032,33.034042,0.9749473929405212,0.087224685,0.8831385642737897,nan,nan
Uformer-lite (L1),BraTS2021_00032,32.984882,0.9747447371482849,0.08957606,0.9111969111969112,nan,nan
Uformer-lite (L1),BraTS2021_00032,32.84276,0.9768274426460266,0.08574959,0.9359886201991465,nan,nan
Uformer-lite (L1),BraTS2021_00032,32.8497,0.9758641123771667,0.088314556,0.9579081632653061,0.0,0.0
Uformer-lite (L1),BraTS2021_00032,32.647636,0.9764967560768127,0.08851257,0.9550295857988166,0.0,0.0
Uformer-lite (L1),BraTS2021_00032,32.41449,0.9762179851531982,0.08860596,0.9592406476828588,0.0,0.0
Uformer-lite (L1),BraTS2021_00032,32.48673,0.9757672548294067,0.08985662,0.9491706795077581,0.0,0.0
Uformer-lite (L1),BraTS2021_00032,32.72226,0.9744255542755127,0.08878009,0.9511369134010643,0.33587786259541985,0.33587786259541985
Uformer-lite (L1),BraTS2021_00032,32.608074,0.9780500531196594,0.085624464,0.9495120916419177,0.3246753246753247,0.3246753246753247
Uformer-lite (L1),BraTS2021_00032,32.695164,0.9766823649406433,0.08652206,0.9399684044233807,0.1728395061728395,0.18421052631578946
Uformer-lite (L1),BraTS2021_00032,32.948383,0.9793997406959534,0.08373783,0.9634103019538188,0.0,0.0
Uformer-lite (L1),BraTS2021_00032,33.095875,0.9827635288238525,0.07966397,0.9615384615384616,0.0,0.0
Uformer-lite (L1),BraTS2021_00032,33.168587,0.9824032783508301,0.07879688,0.9800483675937122,0.11258278145695365,0.12363636363636364
Uformer-lite (L1),BraTS2021_00032,33.27681,0.9841243028640747,0.077136956,0.9911190053285968,0.18591549295774648,0.2037037037037037
Uformer-lite (L1),BraTS2021_00032,33.099754,0.983990490436554,0.07796013,0.9914931064828395,0.21693121693121692,0.22157434402332363
Uformer-lite (L1),BraTS2021_00032,33.42922,0.9855141639709473,0.07538523,0.9781894233642068,0.0,0.0
Uformer-lite (L1),BraTS2021_00032,33.695595,0.9866101145744324,0.07206699,0.9891400058702671,0.3761467889908257,0.44324324324324327
Uformer-lite (L1),BraTS2021_00032,34.0011,0.9868823289871216,0.07244625,0.9443248231313442,0.09289617486338798,0.11371237458193979
Uformer-lite (L1),BraTS2021_00032,33.886543,0.9875932931900024,0.07096197,0.9681177191906806,0.21994884910485935,0.26959247648902823
Uformer-lite (L1),BraTS2021_00032,33.848618,0.9871538281440735,0.0714414,0.9661558109833972,0.15846994535519127,0.2013888888888889
Uformer-lite (L1),BraTS2021_00032,33.808006,0.9874810576438904,0.07085303,0.9687399291008701,0.35658914728682173,0.43870967741935485
Uformer-lite (L1),BraTS2021_00032,34.659504,0.9876073598861694,0.0669502,0.9593175853018373,0.33240997229916897,0.38064516129032255
Uformer-lite (L1),BraTS2021_00032,34.58382,0.9892518520355225,0.06514723,0.9716677398583387,0.6196473551637279,0.6684782608695652
Uformer-lite (L1),BraTS2021_00032,34.54063,0.9882481694221497,0.06662361,0.9791198201092194,0.18450184501845018,0.1893939393939394
Uformer-lite (L1),BraTS2021_00032,34.50251,0.9887940287590027,0.065941095,0.982028241335045,0.45229681978798586,0.45878136200716846
Uformer-lite (L1),BraTS2021_00032,34.611454,0.9883362650871277,0.06606089,0.9839948783610756,0.6181818181818182,0.6319702602230484
Uformer-lite (L1),BraTS2021_00032,34.644,0.9897167086601257,0.06391062,0.9766536964980544,0.0375,0.0392156862745098
Uformer-lite (L1),BraTS2021_00032,34.89356,0.9885793328285217,0.064760976,0.9791735537190083,0.12698412698412698,0.13333333333333333
Uformer-lite (L1),BraTS2021_00032,34.27615,0.9868474006652832,0.068330705,0.973044925124792,0.0,0.0
Uformer-lite (L1),BraTS2021_00032,34.278492,0.98773592710495,0.0668272,0.9639051220350636,0.0,0.0
Uformer-lite (L1),BraTS2021_00032,33.821667,0.9850267767906189,0.07151881,0.9513473053892215,0.0,0.0
Uformer-lite (L1),BraTS2021_00032,33.744114,0.9847347140312195,0.07408184,0.9303092783505155,0.0,0.0
Uformer-lite (L1),BraTS2021_00032,33.443542,0.9823849201202393,0.0763598,0.9323779668607255,nan,nan
Uformer-lite (L1),BraTS2021_00032,33.373592,0.9838604927062988,0.07609382,0.9379374708352777,nan,nan
Uformer-lite (L1),BraTS2021_00032,32.809654,0.9831701517105103,0.07951742,0.9398058252427185,nan,nan
Uformer-lite (L1),BraTS2021_00032,32.50961,0.9797506928443909,0.08448683,0.9244804865686771,nan,nan
Uformer-lite (L1),BraTS2021_00032,32.59944,0.9800087213516235,0.08411337,0.9329758713136729,nan,nan
Uformer-lite (L1),BraTS2021_00032,32.375,0.9808684587478638,0.084297426,0.9482071713147411,nan,nan
Uformer-lite (L1),BraTS2021_00032,32.181023,0.978545606136322,0.089643456,0.9286165508528111,nan,nan
Uformer-lite (L1),BraTS2021_00032,32.21774,0.9781668186187744,0.08965018,0.946712802768166,nan,nan
Uformer-lite (L1),BraTS2021_00032,32.16126,0.9781254529953003,0.09083227,0.9437229437229437,nan,nan
Uformer-lite (L1),BraTS2021_00032,31.681225,0.9770413041114807,0.09488002,0.9460458240946046,nan,nan
Uformer-lite (L1),BraTS2021_00032,31.820522,0.9739067554473877,0.098139055,0.9457881567973311,nan,nan
Uformer-lite (L1),BraTS2021_00032,31.451233,0.9760489463806152,0.10015995,0.9401088929219601,nan,nan
Uformer-lite (L1),BraTS2021_00032,31.328491,0.9750057458877563,0.102843285,0.9292730844793713,nan,nan
Uformer-lite (L1),BraTS2021_00032,31.158895,0.9743015766143799,0.10418454,0.9088729016786571,nan,nan
Uformer-lite (L1),BraTS2021_00032,30.883713,0.972602367401123,0.10879481,0.9106628242074928,nan,nan
Uformer-lite (L1),BraTS2021_00032,30.672028,0.9725615978240967,0.11014199,0.8896551724137931,nan,nan
Uformer-lite (L1),BraTS2021_00032,30.689842,0.9719040393829346,0.11402633,0.8046647230320699,nan,nan
Uformer-lite (L1),BraTS2021_00035,31.869076,0.9649692177772522,0.089198254,0.0,nan,nan
Uformer-lite (L1),BraTS2021_00035,31.613823,0.9670816659927368,0.08854903,0.39303482587064675,nan,nan
Uformer-lite (L1),BraTS2021_00035,31.933353,0.9685240983963013,0.085326545,0.31466666666666665,nan,nan
Uformer-lite (L1),BraTS2021_00035,31.99179,0.9678070545196533,0.08628374,0.29775280898876405,0.0,0.0
Uformer-lite (L1),BraTS2021_00035,31.571499,0.9652248024940491,0.0864424,0.7175141242937854,0.027906976744186046,0.027906976744186046
Uformer-lite (L1),BraTS2021_00035,31.60259,0.9653668403625488,0.08804928,0.8075370121130552,0.05161290322580645,0.05263157894736842
Uformer-lite (L1),BraTS2021_00035,31.637981,0.9671860933303833,0.08762505,0.8455598455598455,0.5555555555555556,0.6061946902654868
Uformer-lite (L1),BraTS2021_00035,31.56343,0.971727192401886,0.08475516,0.914334181509754,0.5377855887521968,0.5992063492063492
Uformer-lite (L1),BraTS2021_00035,31.473495,0.968427836894989,0.08747781,0.93,0.6300148588410104,0.7301587301587301
Uformer-lite (L1),BraTS2021_00035,31.660215,0.9744017124176025,0.08422488,0.9459264599855803,0.6844207723035952,0.7508417508417509
Uformer-lite (L1),BraTS2021_00035,31.723492,0.9770472645759583,0.081394516,0.9685973482205164,0.5492957746478874,0.6775956284153005
Uformer-lite (L1),BraTS2021_00035,31.79367,0.974983811378479,0.08288166,0.9590488771466315,0.6206896551724138,0.7671232876712328
Uformer-lite (L1),BraTS2021_00035,31.634296,0.9754085540771484,0.08410359,0.9579409918392969,0.5211640211640212,0.694980694980695
Uformer-lite (L1),BraTS2021_00035,31.925606,0.9767649173736572,0.08109348,0.9531157270029673,0.7114967462039046,0.7972972972972973
Uformer-lite (L1),BraTS2021_00035,31.924164,0.9789473414421082,0.07945823,0.9425810119386014,0.39947437582128775,0.6124197002141327
Uformer-lite (L1),BraTS2021_00035,32.38598,0.9805341362953186,0.076163605,0.959830866807611,0.48867699642431467,0.6782273603082851
Uformer-lite (L1),BraTS2021_00035,32.305637,0.9796321988105774,0.07718186,0.9416581371545547,0.7488061127029608,0.8171334431630972
Uformer-lite (L1),BraTS2021_00035,32.33132,0.9815229773521423,0.075378485,0.9551944854751354,0.7593283582089553,0.8951486697965572
Uformer-lite (L1),BraTS2021_00035,32.46818,0.9798759818077087,0.07571314,0.9548447789275635,0.7690875232774674,0.8782894736842105
Uformer-lite (L1),BraTS2021_00035,32.680153,0.97935950756073,0.07417579,0.9596005447117567,0.7867036011080333,0.8777219430485762
Uformer-lite (L1),BraTS2021_00035,32.672745,0.9809743762016296,0.073367335,0.9565950273914876,0.6714431934493347,0.8504504504504504
Uformer-lite (L1),BraTS2021_00035,32.749153,0.977381706237793,0.0745198,0.9727947238252267,0.6118918918918919,0.8286252354048964
Uformer-lite (L1),BraTS2021_00035,32.802597,0.9795618653297424,0.07168736,0.9744612928970471,0.677115987460815,0.8417391304347827
Uformer-lite (L1),BraTS2021_00035,32.835545,0.9782559275627136,0.07279044,0.9813861386138614,0.6724511930585684,0.7938144329896907
Uformer-lite (L1),BraTS2021_00035,32.70971,0.9800061583518982,0.071768835,0.9716944552151997,0.5468354430379747,0.6496062992125984
Uformer-lite (L1),BraTS2021_00035,32.88242,0.9816112518310547,0.0694819,0.978756884343037,0.8607594936708861,0.8563458856345886
Uformer-lite (L1),BraTS2021_00035,33.348846,0.9806631207466125,0.06862275,0.9786223277909739,0.7684605757196495,0.789712556732224
Uformer-lite (L1),BraTS2021_00035,33.02193,0.9808791875839233,0.06902889,0.975609756097561,0.7921348314606742,0.7736757624398074
Uformer-lite (L1),BraTS2021_00035,33.19252,0.9807286858558655,0.07047752,0.9845150774246129,0.7604166666666666,0.7440147329650092
Uformer-lite (L1),BraTS2021_00035,33.270638,0.9794960618019104,0.07051097,0.9758534554537885,0.7746478873239436,0.7717647058823529
Uformer-lite (L1),BraTS2021_00035,32.854378,0.9786312580108643,0.07309802,0.9683944374209861,0.6166666666666667,0.6166666666666667
Uformer-lite (L1),BraTS2021_00035,32.892445,0.9769739508628845,0.07581399,0.9766606822262118,0.0,0.0
Uformer-lite (L1),BraTS2021_00035,32.754414,0.9778653383255005,0.0767385,0.966779008184882,nan,nan
Uformer-lite (L1),BraTS2021_00035,32.280388,0.9778925776481628,0.0794772,0.9383838383838384,nan,nan
Uformer-lite (L1),BraTS2021_00035,31.96309,0.9752676486968994,0.08236608,0.9286103542234332,nan,nan
Uformer-lite (L1),BraTS2021_00035,31.676426,0.971517026424408,0.08708571,0.8946417820590006,nan,nan
Uformer-lite (L1),BraTS2021_00035,31.485224,0.971462070941925,0.08895163,0.9214586255259467,nan,nan
Uformer-lite (L1),BraTS2021_00035,31.475334,0.9713374376296997,0.092746824,0.9063291139240506,nan,nan
Uformer-lite (L1),BraTS2021_00035,31.210737,0.9722033143043518,0.09270961,0.8739693757361602,nan,nan
Uformer-lite (L1),BraTS2021_00035,31.129402,0.9672288298606873,0.09979112,0.8320610687022901,nan,nan
Uformer-lite (L1),BraTS2021_00035,30.863962,0.9713841080665588,0.09905802,0.0,nan,nan
Uformer-lite (L1),BraTS2021_00060,32.97441,0.9797138571739197,0.16253439,0.3948497854077253,0.0,0.0
Uformer-lite (L1),BraTS2021_00060,32.402905,0.97669917345047,0.17050225,0.007407407407407408,0.0,0.0
Uformer-lite (L1),BraTS2021_00060,32.265823,0.9772319793701172,0.16502531,0.5464895635673624,0.0,0.0
Uformer-lite (L1),BraTS2021_00060,32.205338,0.9776459336280823,0.15882292,0.48154093097913325,0.0,0.0
Uformer-lite (L1),BraTS2021_00060,31.925442,0.9749950170516968,0.16530675,0.0353356890459364,0.0,0.0
Uformer-lite (L1),BraTS2021_00060,32.094227,0.9755281209945679,0.16024885,0.4945188794153471,0.0,0.0
Uformer-lite (L1),BraTS2021_00060,31.740936,0.9753711819648743,0.15657623,0.4668141592920354,0.0,0.0
Uformer-lite (L1),BraTS2021_00060,31.207077,0.9723318219184875,0.16139627,0.5343367826904986,0.13432835820895522,0.18442622950819673
Uformer-lite (L1),BraTS2021_00060,30.83565,0.9710482954978943,0.15963559,0.6329113924050633,0.30532544378698223,0.41214057507987223
Uformer-lite (L1),BraTS2021_00060,30.71667,0.966444730758667,0.16233446,0.5836972343522562,0.3326488706365503,0.4444444444444444
Uformer-lite (L1),BraTS2021_00060,31.08944,0.9726973176002502,0.14501013,0.7617260787992496,0.46926536731634183,0.6007677543186181
Uformer-lite (L1),BraTS2021_00060,30.974056,0.9725490212440491,0.14280386,0.6857923497267759,0.16211878009630817,0.2242152466367713
Uformer-lite (L1),BraTS2021_00060,31.139992,0.97150719165802,0.1419356,0.6806148590947908,0.28320971004720163,0.3720452209660843
Uformer-lite (L1),BraTS2021_00060,31.108501,0.9726888537406921,0.13858776,0.6919831223628692,0.176158940397351,0.2914349276974416
Uformer-lite (L1),BraTS2021_00060,30.892643,0.9700629711151123,0.13995759,0.7394241023817988,0.21485573971761818,0.3474484256243214
Uformer-lite (L1),BraTS2021_00060,30.969616,0.9711701273918152,0.13805555,0.6898756660746004,0.2808022922636103,0.4282608695652174
Uformer-lite (L1),BraTS2021_00060,30.881796,0.9710720181465149,0.13884635,0.7374686716791979,0.18702513150204558,0.33796296296296297
Uformer-lite (L1),BraTS2021_00060,31.166092,0.9744378328323364,0.13289987,0.8337388483373885,0.30104166666666665,0.5144995322731525
Uformer-lite (L1),BraTS2021_00060,31.136448,0.9767727851867676,0.1281797,0.8311756935270805,0.3165252121817274,0.5459363957597173
Uformer-lite (L1),BraTS2021_00060,31.069414,0.9788260459899902,0.124412164,0.8507537688442212,0.388268156424581,0.5881397238017871
Uformer-lite (L1),BraTS2021_00060,31.120583,0.9776161313056946,0.12563872,0.8197381671701913,0.3330197554092192,0.5104333868378812
Uformer-lite (L1),BraTS2021_00060,30.588219,0.9775034189224243,0.12526612,0.8380365188522646,0.3891891891891892,0.5778443113772455
Uformer-lite (L1),BraTS2021_00060,30.380894,0.9764828681945801,0.1280485,0.8656716417910447,0.4264957264957265,0.6620784583620096
Uformer-lite (L1),BraTS2021_00060,29.992294,0.9734052419662476,0.13252956,0.8718388341191599,0.4135090609555189,0.6394736842105263
Uformer-lite (L1),BraTS2021_00060,30.100616,0.9754748940467834,0.124348626,0.9071713147410359,0.42643104110641566,0.6551105797967722
Uformer-lite (L1),BraTS2021_00060,30.111012,0.9725693464279175,0.12482121,0.9261922785768357,0.4784557049293347,0.6990595611285266
Uformer-lite (L1),BraTS2021_00060,29.76173,0.9704256653785706,0.1267376,0.9494149414941494,0.49803149606299213,0.7140096618357488
Uformer-lite (L1),BraTS2021_00060,30.23788,0.9723812341690063,0.12041527,0.9501915708812261,0.5446009389671361,0.768303985171455
Uformer-lite (L1),BraTS2021_00060,30.403402,0.9781008362770081,0.11256182,0.9630243740673189,0.47479674796747967,0.7355498721227621
Uformer-lite (L1),BraTS2021_00060,30.610998,0.9772099256515503,0.1101954,0.9565217391304348,0.4727626459143969,0.7287531806615776
Uformer-lite (L1),BraTS2021_00060,30.539448,0.9800313115119934,0.106733546,0.96016976820111,0.5776435045317221,0.7897484575225439
Uformer-lite (L1),BraTS2021_00060,30.649284,0.9796314239501953,0.106754884,0.9738878143133463,0.6505406943653955,0.7901459854014599
Uformer-lite (L1),BraTS2021_00060,30.650213,0.9770053625106812,0.10971994,0.9767063039582994,0.6031003217315004,0.7598896044158233
Uformer-lite (L1),BraTS2021_00060,30.836594,0.9777911305427551,0.105351575,0.9800860283574956,0.8063063063063063,0.8089986766651963
Uformer-lite (L1),BraTS2021_00060,30.829126,0.9784517884254456,0.10534185,0.985897435897436,0.7830164105235738,0.8561215370866846
Uformer-lite (L1),BraTS2021_00060,30.663994,0.9807435274124146,0.102804564,0.9816849816849816,0.5929526123936817,0.8311688311688312
Uformer-lite (L1),BraTS2021_00060,30.889645,0.9791091680526733,0.10425512,0.9792880258899677,0.702264467430808,0.8290203327171903
Uformer-lite (L1),BraTS2021_00060,30.92426,0.9810290932655334,0.10197833,0.976054732041049,0.5248756218905473,0.7224669603524229
Uformer-lite (L1),BraTS2021_00060,30.987864,0.9800195097923279,0.1018384,0.9738878143133463,0.5381645381645381,0.7633726201269265
Uformer-lite (L1),BraTS2021_00060,30.718952,0.9825785160064697,0.09878415,0.9718925671455341,0.4920049200492005,0.745269286754003
Uformer-lite (L1),BraTS2021_00060,31.09312,0.9836509227752686,0.095867336,0.9756022235948116,0.48816936488169366,0.7663265306122449
Uformer-lite (L1),BraTS2021_00060,31.118841,0.984322190284729,0.09444825,0.9791570171375636,0.4446601941747573,0.7094972067039106
Uformer-lite (L1),BraTS2021_00060,31.279203,0.9825372099876404,0.09615497,0.9669320269442744,0.7821345105167489,0.7604519774011299
Uformer-lite (L1),BraTS2021_00060,31.457518,0.9847121834754944,0.09153364,0.964822563148923,0.4351378958120531,0.6908859145952836
Uformer-lite (L1),BraTS2021_00060,31.495789,0.9854214787483215,0.08952021,0.9695759065765212,0.42318634423897583,0.7455853499018966
Uformer-lite (L1),BraTS2021_00060,31.642689,0.9842494130134583,0.09137553,0.9690914767405557,0.6664578766050736,0.7792378449408672
Uformer-lite (L1),BraTS2021_00060,31.360445,0.9839548468589783,0.09314554,0.9707914572864321,0.6839883078921728,0.7760165403170227
Uformer-lite (L1),BraTS2021_00060,31.370457,0.9825079441070557,0.09520809,0.9712104342293622,0.8060790273556231,0.7902097902097902
Uformer-lite (L1),BraTS2021_00060,31.123161,0.9842772483825684,0.094287,0.9668439161714107,0.7709604882749759,0.7707049965776865
Uformer-lite (L1),BraTS2021_00060,30.953442,0.9831008911132812,0.09622083,0.9608055770720372,0.8422368009996876,0.7942063971031985
Uformer-lite (L1),BraTS2021_00060,31.260931,0.9839487075805664,0.093713336,0.9527351619401828,0.6830882352941177,0.6958698372966208
Uformer-lite (L1),BraTS2021_00060,31.357529,0.9839720129966736,0.09356601,0.9586471944657955,0.8250170881749829,0.7212522576760987
Uformer-lite (L1),BraTS2021_00060,31.571466,0.9843845963478088,0.09281762,0.9657806293919952,0.7011857707509881,0.7884378843788438
Uformer-lite (L1),BraTS2021_00060,31.569447,0.9854567050933838,0.08978428,0.9639762881896945,0.7472880674969867,0.7574291637871459
Uformer-lite (L1),BraTS2021_00060,31.732943,0.9868398308753967,0.08646258,0.9610870907967881,0.5403265710044532,0.7467680608365019
Uformer-lite (L1),BraTS2021_00060,31.936768,0.9883818626403809,0.08318476,0.9496045898588928,0.5951417004048583,0.7814992025518341
Uformer-lite (L1),BraTS2021_00060,32.022655,0.9870900511741638,0.08539831,0.9478493776587364,0.5381615598885794,0.7825370675453048
Uformer-lite (L1),BraTS2021_00060,32.044224,0.9880995154380798,0.083574384,0.9542902967121091,0.5669565217391305,0.7691029900332226
Uformer-lite (L1),BraTS2021_00060,32.224792,0.9893614649772644,0.079835154,0.9514563106796117,0.5406427221172023,0.72648835202761
Uformer-lite (L1),BraTS2021_00060,32.62402,0.9899842143058777,0.07746508,0.9580262736302467,0.6811955168119551,0.8174061433447098
Uformer-lite (L1),BraTS2021_00060,32.85913,0.990741491317749,0.07459196,0.9617186238087546,0.670299727520436,0.8051235132662397
Uformer-lite (L1),BraTS2021_00060,33.044163,0.9899463057518005,0.075619936,0.9652317880794702,0.7378091872791519,0.7843511450381679
Uformer-lite (L1),BraTS2021_00060,32.76413,0.9899799823760986,0.07832785,0.9496498832944315,0.8029962546816479,0.8264150943396227
Uformer-lite (L1),BraTS2021_00060,32.79761,0.990026593208313,0.07596621,0.9477611940298507,0.832632464255677,0.8183673469387756
Uformer-lite (L1),BraTS2021_00060,33.026844,0.9898645281791687,0.0761598,0.9512704490080056,0.8403361344537815,0.8272921108742004
Uformer-lite (L1),BraTS2021_00060,33.1136,0.9902436137199402,0.07563892,0.9374548083875632,0.7982326951399117,0.7982326951399117
Uformer-lite (L1),BraTS2021_00060,33.37094,0.9899346828460693,0.07627306,0.9285573705963392,0.5348189415041783,0.5348189415041783
Uformer-lite (L1),BraTS2021_00060,33.435436,0.9889844059944153,0.07600025,0.902555218709398,0.0,0.0
Uformer-lite (L1),BraTS2021_00060,33.1829,0.9878172278404236,0.07945203,0.9123321123321123,nan,nan
Uformer-lite (L1),BraTS2021_00060,33.062836,0.9863768815994263,0.08141368,0.8703355704697987,nan,nan
Uformer-lite (L1),BraTS2021_00060,32.968674,0.9838404655456543,0.08396256,0.9132075471698113,nan,nan
Uformer-lite (L1),BraTS2021_00060,32.881367,0.9827975034713745,0.08583304,0.9270714012982054,nan,nan
Uformer-lite (L1),BraTS2021_00060,33.16352,0.980465829372406,0.08838655,0.9467811158798283,nan,nan
Uformer-lite (L1),BraTS2021_00060,33.24525,0.9806171655654907,0.0852314,0.9106382978723404,nan,nan
Uformer-lite (L1),BraTS2021_00060,33.550514,0.9803305864334106,0.084332265,0.8467078189300411,nan,nan
Uformer-lite (L1),BraTS2021_00060,33.393444,0.9770644903182983,0.08713605,0.7166276346604216,nan,nan
Uformer-lite (L1),BraTS2021_00060,33.629036,0.975466251373291,0.0860655,0.7775862068965518,nan,nan
Uformer-lite (L1),BraTS2021_00060,33.635395,0.9721902012825012,0.08891351,0.8175765645805593,nan,nan
Uformer-lite (L1),BraTS2021_00060,33.559986,0.9667953848838806,0.09389998,0.7277227722772277,nan,nan
Uformer-lite (L1),BraTS2021_00061,31.176357,0.975151777267456,0.13289733,0.0,0.0,0.0
Uformer-lite (L1),BraTS2021_00061,30.951712,0.9741992950439453,0.13286537,0.0,0.0,0.0
Uformer-lite (L1),BraTS2021_00061,31.258278,0.9732332825660706,0.13277423,0.006944444444444444,0.02857142857142857,0.034482758620689655
Uformer-lite (L1),BraTS2021_00061,31.220484,0.9749053120613098,0.1262797,0.026578073089700997,0.0,0.0
Uformer-lite (L1),BraTS2021_00061,31.08349,0.9758461117744446,0.12442833,0.27184466019417475,0.13008130081300814,0.07142857142857142
Uformer-lite (L1),BraTS2021_00061,31.137043,0.9763872623443604,0.12252894,0.4758220502901354,0.2097902097902098,0.28865979381443296
Uformer-lite (L1),BraTS2021_00061,31.337753,0.97902512550354,0.11679067,0.5615942028985508,0.24817518248175183,0.30434782608695654
Uformer-lite (L1),BraTS2021_00061,31.393816,0.9787410497665405,0.11638632,0.6038291605301914,0.16296296296296298,0.24719101123595505
Uformer-lite (L1),BraTS2021_00061,31.024212,0.9781559705734253,0.11866873,0.5147347740667977,0.13986013986013987,0.17647058823529413
Uformer-lite (L1),BraTS2021_00061,31.001455,0.9793680906295776,0.11483195,0.5569620253164557,0.04184100418410042,0.04878048780487805
Uformer-lite (L1),BraTS2021_00061,30.387352,0.9707261323928833,0.1297434,0.6935608999224204,0.1884498480243161,0.1543859649122807
Uformer-lite (L1),BraTS2021_00061,30.048275,0.9709681868553162,0.12552302,0.8459016393442623,0.11023622047244094,0.13548387096774195
Uformer-lite (L1),BraTS2021_00061,29.90323,0.9651362299919128,0.1294061,0.7048458149779736,0.02506265664160401,0.03436426116838488
Uformer-lite (L1),BraTS2021_00061,30.127148,0.9685462713241577,0.12032272,0.7051909892262488,0.02531645569620253,0.018691588785046728
Uformer-lite (L1),BraTS2021_00061,30.148174,0.9664410352706909,0.120791666,0.7105022831050228,0.0,0.0
Uformer-lite (L1),BraTS2021_00061,30.074772,0.9650558829307556,0.118778974,0.8169934640522876,0.0,0.0
Uformer-lite (L1),BraTS2021_00061,30.304169,0.9696858525276184,0.11205936,0.7795823665893271,0.0,0.0
Uformer-lite (L1),BraTS2021_00061,30.471699,0.9729239344596863,0.10826289,0.7969465648854962,0.0,0.0
Uformer-lite (L1),BraTS2021_00061,30.533255,0.9745154976844788,0.10558871,0.7340764331210191,0.0,0.0
Uformer-lite (L1),BraTS2021_00061,30.746975,0.9751327037811279,0.10509038,0.8107703814510098,0.01444043321299639,0.03389830508474576
Uformer-lite (L1),BraTS2021_00061,30.532902,0.9744117856025696,0.10470313,0.8038017651052274,0.044859813084112146,0.0995850622406639
Uformer-lite (L1),BraTS2021_00061,30.964262,0.9757837653160095,0.10241017,0.7914201183431953,0.0,0.0
Uformer-lite (L1),BraTS2021_00061,30.702724,0.9754111170768738,0.1019537,0.8025579536370904,0.012219959266802444,0.02843601895734597
Uformer-lite (L1),BraTS2021_00061,30.850592,0.9761496782302856,0.101736784,0.7946666666666666,0.0,0.0
Uformer-lite (L1),BraTS2021_00061,30.824268,0.9756270051002502,0.10287979,0.8388888888888889,0.0,0.0
Uformer-lite (L1),BraTS2021_00061,30.830763,0.974175214767456,0.102599144,0.7982832618025751,0.005747126436781609,0.008583690987124463
Uformer-lite (L1),BraTS2021_00061,31.083115,0.9739211201667786,0.10078171,0.7595238095238095,0.0,0.0
Uformer-lite (L1),BraTS2021_00061,31.18682,0.9729438424110413,0.10001077,0.30796460176991153,0.0,0.0
Uformer-lite (L1),BraTS2021_00061,31.251453,0.9735150337219238,0.099979006,0.803129074315515,0.0,0.0
Uformer-lite (L1),BraTS2021_00061,31.166277,0.9724226593971252,0.099574536,0.7647951441578149,0.0,0.0
Uformer-lite (L1),BraTS2021_00061,31.137915,0.9727756977081299,0.0992439,0.7041800643086816,0.0,0.0
Uformer-lite (L1),BraTS2021_00061,31.526087,0.9762405157089233,0.096211955,0.6195121951219512,0.0,0.0
Uformer-lite (L1),BraTS2021_00061,31.741333,0.9744643568992615,0.09510075,0.6980609418282548,nan,nan
Uformer-lite (L1),BraTS2021_00061,31.690544,0.9757729172706604,0.093884885,0.010256410256410256,nan,nan
Uformer-lite (L1),BraTS2021_00062,29.160402,0.9726772904396057,0.115882605,0.7479338842975206,nan,nan
Uformer-lite (L1),BraTS2021_00062,29.209528,0.9712080359458923,0.116295144,0.7732115677321156,nan,nan
Uformer-lite (L1),BraTS2021_00062,29.158878,0.9728860259056091,0.11293976,0.6546052631578947,nan,nan
Uformer-lite (L1),BraTS2021_00062,29.574186,0.9749227166175842,0.10596545,0.8981001727115717,nan,nan
Uformer-lite (L1),BraTS2021_00062,29.886015,0.9758232831954956,0.10227446,0.8343393695506371,nan,nan
Uformer-lite (L1),BraTS2021_00062,30.032318,0.976344108581543,0.101431645,0.7571428571428571,nan,nan
Uformer-lite (L1),BraTS2021_00062,30.014816,0.9792286157608032,0.09688665,0.8379828326180258,nan,nan
Uformer-lite (L1),BraTS2021_00062,30.220564,0.9793804287910461,0.09505405,0.9052631578947369,nan,nan
Uformer-lite (L1),BraTS2021_00062,30.25337,0.981876790523529,0.09182143,0.8415207176420333,nan,nan
Uformer-lite (L1),BraTS2021_00062,30.57028,0.981886625289917,0.08920742,0.8941634241245137,nan,nan
Uformer-lite (L1),BraTS2021_00062,30.432308,0.9837098717689514,0.08730671,0.8828571428571429,nan,nan
Uformer-lite (L1),BraTS2021_00062,30.548248,0.9835495352745056,0.0878279,0.9262472885032538,nan,nan
Uformer-lite (L1),BraTS2021_00062,30.399105,0.983791708946228,0.08716905,0.9388048956083513,nan,nan
Uformer-lite (L1),BraTS2021_00062,30.550331,0.9837074279785156,0.08612189,0.952712100139082,nan,nan
Uformer-lite (L1),BraTS2021_00062,30.448307,0.9838396310806274,0.08608558,0.9563423856995531,nan,nan
Uformer-lite (L1),BraTS2021_00062,30.653698,0.9841400384902954,0.086132355,0.9661602209944752,nan,nan
Uformer-lite (L1),BraTS2021_00062,30.548294,0.9846857190132141,0.084662735,0.9582491582491582,0.0,0.0
Uformer-lite (L1),BraTS2021_00062,30.409718,0.9838720560073853,0.08674573,0.9575871819038643,0.0,0.0
Uformer-lite (L1),BraTS2021_00062,30.167297,0.9845765233039856,0.086181216,0.949378599575629,0.0,0.0
Uformer-lite (L1),BraTS2021_00062,30.271088,0.9849856495857239,0.08539275,0.9666059502125076,0.0,0.0
Uformer-lite (L1),BraTS2021_00062,30.41994,0.9849429130554199,0.084267706,0.9690225563909775,0.0,0.0
Uformer-lite (L1),BraTS2021_00062,30.327242,0.9846169352531433,0.085537694,0.9774078478002378,0.0,0.0
Uformer-lite (L1),BraTS2021_00062,30.443539,0.9863330125808716,0.08195621,0.9726390114739629,0.0,0.0
Uformer-lite (L1),BraTS2021_00062,30.543205,0.986564576625824,0.08180368,0.9681978798586572,0.0,0.0
Uformer-lite (L1),BraTS2021_00062,30.60728,0.9868428707122803,0.079931185,0.9586488060570763,0.0,0.0
Uformer-lite (L1),BraTS2021_00062,30.884573,0.9884593486785889,0.077198505,0.9590609791010593,0.0,0.0
Uformer-lite (L1),BraTS2021_00062,31.210724,0.9886343479156494,0.07658668,0.9647538595980192,0.0,0.0
Uformer-lite (L1),BraTS2021_00062,30.842325,0.9892987608909607,0.07531372,0.9541918755401901,0.0,0.0
Uformer-lite (L1),BraTS2021_00062,31.398045,0.9900155663490295,0.07358629,0.9594397432156405,0.0,0.0
Uformer-lite (L1),BraTS2021_00062,31.67282,0.99088454246521,0.07076366,0.9629175605271223,nan,nan
Uformer-lite (L1),BraTS2021_00062,31.959316,0.9910752773284912,0.06946669,0.9720457433290979,nan,nan
Uformer-lite (L1),BraTS2021_00062,32.01383,0.9915586709976196,0.067756586,0.9680785758133824,0.0,nan
Uformer-lite (L1),BraTS2021_00062,32.230186,0.9917335510253906,0.06707122,0.9595238095238096,0.0,nan
Uformer-lite (L1),BraTS2021_00062,31.871521,0.9914296269416809,0.06885229,0.9464805119255381,0.0,nan
Uformer-lite (L1),BraTS2021_00062,32.0931,0.991898238658905,0.06633768,0.9588477366255144,nan,nan
Uformer-lite (L1),BraTS2021_00062,31.895731,0.9916024804115295,0.06829183,0.941312518068806,nan,nan
Uformer-lite (L1),BraTS2021_00062,31.863716,0.9911041259765625,0.06822693,0.9608136404427161,nan,nan
Uformer-lite (L1),BraTS2021_00062,31.830189,0.9907198548316956,0.06952689,0.9448071216617211,nan,nan
Uformer-lite (L1),BraTS2021_00062,31.587324,0.9896112680435181,0.07140667,0.9310344827586207,nan,nan
Uformer-lite (L1),BraTS2021_00062,31.803013,0.9890794157981873,0.07227704,0.9154466686585001,nan,nan
Uformer-lite (L1),BraTS2021_00062,31.999552,0.989130437374115,0.07083895,0.8932617769827073,nan,nan
Uformer-lite (L1),BraTS2021_00062,31.974495,0.9888601303100586,0.0711608,0.9103965032781767,nan,nan
Uformer-lite (L1),BraTS2021_00062,32.269596,0.9881603717803955,0.071462624,0.9098901098901099,nan,nan
Uformer-lite (L1),BraTS2021_00062,32.302975,0.9882656931877136,0.07086333,0.9093198992443325,nan,nan
Uformer-lite (L1),BraTS2021_00062,31.72281,0.9880194067955017,0.073402636,0.9015247776365947,nan,nan
Uformer-lite (L1),BraTS2021_00062,31.712471,0.9878091812133789,0.0734649,0.9048843187660668,nan,nan
Uformer-lite (L1),BraTS2021_00062,31.629972,0.9879321455955505,0.07463939,0.9172883554978917,nan,nan
Uformer-lite (L1),BraTS2021_00062,31.694874,0.9872536063194275,0.07549865,0.9161793372319688,nan,nan
Uformer-lite (L1),BraTS2021_00062,31.673872,0.9880558252334595,0.074696496,0.9245966414224563,nan,nan
Uformer-lite (L1),BraTS2021_00062,31.775803,0.9875725507736206,0.07547467,0.9353099730458221,nan,nan
Uformer-lite (L1),BraTS2021_00062,31.772537,0.9879799485206604,0.076158114,0.9482099409106708,nan,nan
Uformer-lite (L1),BraTS2021_00062,31.805456,0.9866670966148376,0.07865265,0.93642430628732,nan,nan
Uformer-lite (L1),BraTS2021_00062,31.645844,0.9858493804931641,0.08087207,0.914795008912656,nan,nan
Uformer-lite (L1),BraTS2021_00062,31.293505,0.986400306224823,0.08119176,0.9001490312965723,nan,nan
Uformer-lite (L1),BraTS2021_00062,31.205368,0.985537588596344,0.085337564,0.9160671462829736,nan,nan
Uformer-lite (L1),BraTS2021_00062,30.822151,0.9858437180519104,0.08775459,0.8957154405820533,nan,nan
Uformer-lite (L1),BraTS2021_00062,31.11856,0.9851856231689453,0.088720135,0.8994530921329407,nan,nan
Uformer-lite (L1),BraTS2021_00062,30.811783,0.9847928285598755,0.09162058,0.9293909973521624,nan,nan
Uformer-lite (L1),BraTS2021_00062,30.549076,0.9841277003288269,0.09443089,0.9271345552078677,nan,nan
Uformer-lite (L1),BraTS2021_00062,30.495253,0.9847927093505859,0.09453713,0.9117911791179117,nan,nan
Uformer-lite (L1),BraTS2021_00062,30.524681,0.9846270680427551,0.09552151,0.92,nan,nan
Uformer-lite (L1),BraTS2021_00062,30.594475,0.9835169315338135,0.1004327,0.918532634587899,nan,nan
Uformer-lite (L1),BraTS2021_00062,30.298859,0.9829980731010437,0.10319915,0.8958630527817404,nan,nan
Uformer-lite (L1),BraTS2021_00062,30.314747,0.9832865595817566,0.10597987,0.9517884914463453,nan,nan
Uformer-lite (L1),BraTS2021_00062,30.220163,0.9832406640052795,0.10723688,0.9131799163179917,nan,nan
Uformer-lite (L1),BraTS2021_00062,30.128162,0.9843559265136719,0.10837677,0.8843020097772949,nan,nan
Uformer-lite (L1),BraTS2021_00062,30.24939,0.9848803877830505,0.10896529,0.8755261575466026,nan,nan
Uformer-lite (L1),BraTS2021_00062,30.218903,0.9845178127288818,0.11357576,0.9007633587786259,nan,nan
Uformer-lite (L1),BraTS2021_00062,30.322498,0.9831507802009583,0.12035521,0.9181818181818182,0.0,0.0
Uformer-lite (L1),BraTS2021_00062,30.471298,0.9840264320373535,0.12075962,0.9242957746478874,0.0,0.0
Uformer-lite (L1),BraTS2021_00062,30.334412,0.9848520755767822,0.12229606,0.9017341040462428,0.0,0.0
Uformer-lite (L1),BraTS2021_00062,30.610638,0.9849141240119934,0.12555657,0.8325358851674641,nan,nan
Uformer-lite (L1),BraTS2021_00062,30.720478,0.984074592590332,0.13272855,0.7364975450081833,nan,nan
Uformer-lite (L1),BraTS2021_00062,30.777617,0.9839953780174255,0.13612713,0.6258823529411764,nan,nan
Uformer-lite (L1),BraTS2021_00088,32.275,0.9627541303634644,0.09452469,0.04869565217391304,0.0,0.0
Uformer-lite (L1),BraTS2021_00088,32.47151,0.968025267124176,0.08969271,0.8514548238897397,0.636144578313253,0.6439024390243903
Uformer-lite (L1),BraTS2021_00088,32.45378,0.9704758524894714,0.089511305,0.9180695847362514,0.7697160883280757,0.8079470198675497
Uformer-lite (L1),BraTS2021_00088,32.481888,0.9743202328681946,0.0876982,0.8864406779661017,0.8264462809917356,0.7477477477477478
Uformer-lite (L1),BraTS2021_00088,32.354637,0.975337028503418,0.08553321,0.930171277997365,0.9077625570776255,0.8468244084682441
Uformer-lite (L1),BraTS2021_00088,32.307034,0.9743829965591431,0.0881226,0.9362880886426593,0.8547439126784215,0.7796610169491526
Uformer-lite (L1),BraTS2021_00088,32.20723,0.9762858748435974,0.08682807,0.8949682462139716,0.8549511854951185,0.7774358974358975
Uformer-lite (L1),BraTS2021_00088,32.0707,0.9766785502433777,0.087648205,0.8864911523521796,0.8012461059190031,0.6827012025901943
Uformer-lite (L1),BraTS2021_00088,31.795692,0.9775720238685608,0.08812539,0.9208364451082898,0.8261598658468418,0.7067264573991031
Uformer-lite (L1),BraTS2021_00088,31.980505,0.9786410927772522,0.08477439,0.9476206778500513,0.9090909090909091,0.8320278503046127
Uformer-lite (L1),BraTS2021_00088,31.957628,0.9771327972412109,0.08734418,0.9596412556053812,0.9301895515487748,0.8580491673275178
Uformer-lite (L1),BraTS2021_00088,32.086006,0.9803788065910339,0.08230854,0.9615384615384616,0.9171974522292994,0.7916303400174368
Uformer-lite (L1),BraTS2021_00088,32.357834,0.9813804626464844,0.08141917,0.9702076436954559,0.8951541850220265,0.7686635944700461
Uformer-lite (L1),BraTS2021_00088,32.24162,0.9819196462631226,0.08092736,0.9776995305164319,0.9216433714527742,0.7862595419847328
Uformer-lite (L1),BraTS2021_00088,32.289337,0.9815170764923096,0.08011367,0.9728950403690888,0.914618908788005,0.752203721841332
Uformer-lite (L1),BraTS2021_00088,32.18994,0.9811486005783081,0.08094311,0.9724061810154525,0.9192352711666016,0.784452296819788
Uformer-lite (L1),BraTS2021_00088,32.250607,0.9824035167694092,0.07940418,0.9621535181236673,0.9218390804597701,0.7939068100358423
Uformer-lite (L1),BraTS2021_00088,32.27718,0.9835581183433533,0.07721733,0.963020030816641,0.9405646359583952,0.8263579697239537
Uformer-lite (L1),BraTS2021_00088,32.24798,0.9834484457969666,0.0770629,0.9633325018707907,0.9565217391304348,0.8605240912933221
Uformer-lite (L1),BraTS2021_00088,32.642876,0.9850033521652222,0.075266875,0.9626472800200552,0.9487908961593172,0.8206521739130435
Uformer-lite (L1),BraTS2021_00088,32.56228,0.9851834177970886,0.07492831,0.9701568032372281,0.9460135859849839,0.8061420345489443
Uformer-lite (L1),BraTS2021_00088,32.62303,0.9854555130004883,0.07519084,0.9711463478034832,0.9542857142857143,0.8576779026217228
Uformer-lite (L1),BraTS2021_00088,32.942932,0.9861893653869629,0.072072774,0.972707423580786,0.944121915820029,0.7868177136972193
Uformer-lite (L1),BraTS2021_00088,32.99644,0.9869033098220825,0.07215298,0.9801576515357434,0.9496402877697842,0.8228346456692913
Uformer-lite (L1),BraTS2021_00088,33.083805,0.9880613088607788,0.06922985,0.9827539009033671,0.9451507446422085,0.8290766208251473
Uformer-lite (L1),BraTS2021_00088,33.365063,0.988765299320221,0.06720223,0.9861725663716814,0.9349962207105065,0.7887931034482759
Uformer-lite (L1),BraTS2021_00088,33.49897,0.9877087473869324,0.06939384,0.9829083776968338,0.9494488787533257,0.8168103448275862
Uformer-lite (L1),BraTS2021_00088,33.535267,0.9880755543708801,0.067436054,0.9854260089686099,0.9634241245136187,0.8652173913043478
Uformer-lite (L1),BraTS2021_00088,33.51299,0.9876878261566162,0.06862054,0.9753157290470723,0.9378389653733834,0.7714987714987716
Uformer-lite (L1),BraTS2021_00088,33.470585,0.9859280586242676,0.069440454,0.985178727114211,0.9592720970537262,0.8333333333333334
Uformer-lite (L1),BraTS2021_00088,33.26513,0.9870451092720032,0.06913715,0.9845255474452554,0.9430004559963521,0.7865771812080536
Uformer-lite (L1),BraTS2021_00088,33.20845,0.9845158457756042,0.0714348,0.9818829818829818,0.9603729603729604,0.7988904299583911
Uformer-lite (L1),BraTS2021_00088,33.014122,0.985308051109314,0.07263745,0.9832599118942731,0.9723282442748091,0.8530559167750326
Uformer-lite (L1),BraTS2021_00088,33.05301,0.9833500981330872,0.073147185,0.9841079460269865,0.95995995995996,0.7917241379310345
Uformer-lite (L1),BraTS2021_00088,33.23801,0.9854893088340759,0.07054218,0.9826243259436789,0.957983193277311,0.7966101694915254
Uformer-lite (L1),BraTS2021_00088,33.075546,0.985223114490509,0.07095956,0.9774078478002378,0.976303317535545,0.844207723035952
Uformer-lite (L1),BraTS2021_00088,32.923367,0.9860946536064148,0.07023743,0.9769943232745743,0.976897689768977,0.8518024032042724
Uformer-lite (L1),BraTS2021_00088,33.018234,0.9840912818908691,0.07315013,0.9813854134879463,0.9525483304042179,0.833555259653795
Uformer-lite (L1),BraTS2021_00088,32.56817,0.9859514832496643,0.073341414,0.9677804295942721,0.9345565749235474,0.8054421768707483
Uformer-lite (L1),BraTS2021_00088,32.416897,0.9848342537879944,0.076407366,0.983206106870229,0.9731081926203877,0.8804878048780488
Uformer-lite (L1),BraTS2021_00088,32.573654,0.9848742485046387,0.075178325,0.9861068230935474,0.9543010752688172,0.8875453446191052
Uformer-lite (L1),BraTS2021_00088,32.492516,0.9840259552001953,0.078046426,0.9886792452830189,0.8719135802469136,0.8412121212121212
Uformer-lite (L1),BraTS2021_00088,32.47103,0.9839113354682922,0.07817178,0.9847154471544716,0.8199300699300699,0.8077858880778589
Uformer-lite (L1),BraTS2021_00088,32.189167,0.9842556715011597,0.08018718,0.9806666666666667,0.7276507276507277,0.6986301369863014
Uformer-lite (L1),BraTS2021_00088,32.057487,0.9851462244987488,0.07789119,0.9734207801173628,0.6771463119709794,0.6868131868131868
Uformer-lite (L1),BraTS2021_00088,32.191643,0.9829184412956238,0.081599504,0.9693430656934306,0.5372670807453416,0.5723793677204659
Uformer-lite (L1),BraTS2021_00088,31.719135,0.9840139746665955,0.083687834,0.9631559359880908,0.643510054844607,0.6590909090909091
Uformer-lite (L1),BraTS2021_00088,31.945492,0.9837071895599365,0.084882915,0.9501557632398754,0.7152941176470589,0.7152941176470589
Uformer-lite (L1),BraTS2021_00088,31.550545,0.9829753041267395,0.08681764,0.9431524547803618,0.5476190476190477,0.5476190476190477
Uformer-lite (L1),BraTS2021_00088,31.646069,0.980859637260437,0.08940938,0.9725197950628784,0.5932203389830508,0.5932203389830508
Uformer-lite (L1),BraTS2021_00088,30.868656,0.9798001050949097,0.09627669,0.9621103117505995,0.0,0.0
Uformer-lite (L1),BraTS2021_00088,31.018265,0.9798216223716736,0.096943825,0.9498226051697922,nan,nan
Uformer-lite (L1),BraTS2021_00088,30.392239,0.9783518314361572,0.10251412,0.9407367859049653,nan,nan
Uformer-lite (L1),BraTS2021_00088,29.820724,0.9778321981430054,0.1071025,0.8723731419784726,0.0,0.0
Uformer-lite (L1),BraTS2021_00088,29.944462,0.9751534461975098,0.11219373,0.9357907253269917,0.6666666666666666,0.6666666666666666
Uformer-lite (L1),BraTS2021_00088,29.671959,0.9752854108810425,0.11489987,0.9164490861618799,0.7766990291262136,0.7766990291262136
Uformer-lite (L1),BraTS2021_00088,29.655499,0.9762917160987854,0.117619365,0.9401709401709402,0.819047619047619,0.819047619047619
Uformer-lite (L1),BraTS2021_00088,29.184626,0.9770236015319824,0.12185091,0.9166666666666666,0.7228915662650602,0.7228915662650602
Uformer-lite (L1),BraTS2021_00088,29.410688,0.9765121340751648,0.12607187,0.9513422818791947,0.0,0.0
Uformer-lite (L1),BraTS2021_00088,29.06396,0.9760662317276001,0.13040555,0.9240986717267552,0.0,0.0
Uformer-lite (L1),BraTS2021_00088,28.899727,0.9760161638259888,0.1347299,0.8805460750853242,nan,nan
Uformer-lite (L1),BraTS2021_00088,28.538923,0.9754112958908081,0.14162637,0.8396094839609484,nan,nan
Uformer-lite (L1),BraTS2021_00088,29.010239,0.9771873354911804,0.13997766,0.775974025974026,nan,nan
Uformer-lite (L1),BraTS2021_00088,29.252737,0.9784687757492065,0.14098267,0.6494117647058824,nan,nan
Uformer-lite (L1),BraTS2021_00088,28.758852,0.9767205715179443,0.15152706,0.0,nan,nan
Uformer-lite (L1),BraTS2021_00088,28.56264,0.9760138392448425,0.15765193,0.0,nan,nan
Uformer-lite (L1),BraTS2021_00101,29.041574,0.9788065552711487,0.0745624,0.3047619047619048,nan,nan
Uformer-lite (L1),BraTS2021_00101,28.667652,0.9778235554695129,0.07643769,0.8704156479217604,nan,nan
Uformer-lite (L1),BraTS2021_00101,28.622637,0.9803124666213989,0.075865865,0.9280575539568345,nan,nan
Uformer-lite (L1),BraTS2021_00101,28.958431,0.9774897694587708,0.076118216,0.9511811023622048,nan,nan
Uformer-lite (L1),BraTS2021_00101,28.626522,0.9786209464073181,0.07731705,0.9551020408163265,nan,nan
Uformer-lite (L1),BraTS2021_00101,29.124477,0.9793330430984497,0.07534251,0.9393203883495146,nan,nan
Uformer-lite (L1),BraTS2021_00101,29.206692,0.9792134165763855,0.07337521,0.9518935516888434,nan,nan
Uformer-lite (L1),BraTS2021_00101,28.67916,0.9805746674537659,0.076168574,0.9691119691119691,nan,nan
Uformer-lite (L1),BraTS2021_00101,28.976261,0.9814125299453735,0.074058354,0.9527085124677558,nan,nan
Uformer-lite (L1),BraTS2021_00101,28.590925,0.981438934803009,0.07620769,0.9742765273311897,nan,nan
Uformer-lite (L1),BraTS2021_00101,28.875923,0.9825112819671631,0.07374327,0.9791356184798807,nan,nan
Uformer-lite (L1),BraTS2021_00101,29.12608,0.9848928451538086,0.07080253,0.9738884968242767,nan,nan
Uformer-lite (L1),BraTS2021_00101,29.62774,0.9861801862716675,0.06819488,0.9686038744154977,0.0,0.0
Uformer-lite (L1),BraTS2021_00101,29.46251,0.986879825592041,0.06732212,0.9724888035828535,0.4523809523809524,0.4523809523809524
Uformer-lite (L1),BraTS2021_00101,29.777279,0.9876187443733215,0.06576986,0.9732558139534884,0.9239766081871345,0.9239766081871345
Uformer-lite (L1),BraTS2021_00101,30.287855,0.9882112741470337,0.0630919,0.9653679653679653,0.6808510638297872,0.6808510638297872
Uformer-lite (L1),BraTS2021_00101,29.801334,0.9864873886108398,0.06465315,0.9716932578486875,0.8598726114649682,0.8598726114649682
Uformer-lite (L1),BraTS2021_00101,29.795294,0.9873849153518677,0.065157846,0.9801929913661758,0.807570977917981,0.807570977917981
Uformer-lite (L1),BraTS2021_00101,29.870138,0.9865867495536804,0.06507264,0.9865067466266867,0.8735632183908046,0.8657407407407407
Uformer-lite (L1),BraTS2021_00101,29.534933,0.9847862124443054,0.066021636,0.984973339796413,0.9271402550091075,0.9040835707502374
Uformer-lite (L1),BraTS2021_00101,29.798677,0.9850126504898071,0.06541826,0.9863414634146341,0.9497114591920858,0.9349442379182156
Uformer-lite (L1),BraTS2021_00101,29.864227,0.9865105748176575,0.06478727,0.9877126654064272,0.9658314350797267,0.9134020618556701
Uformer-lite (L1),BraTS2021_00101,29.959831,0.9841998219490051,0.06481498,0.9878277153558053,0.9742120343839542,0.924643584521385
Uformer-lite (L1),BraTS2021_00101,29.625355,0.9843363761901855,0.06714366,0.9883232134516581,0.9799585348997927,0.9229074889867841
Uformer-lite (L1),BraTS2021_00101,29.632465,0.9851817488670349,0.066699244,0.9833024118738405,0.9817936614969656,0.9216589861751152
Uformer-lite (L1),BraTS2021_00101,29.803844,0.9828671813011169,0.067418456,0.9815157116451017,0.9862655330281229,0.9220338983050848
Uformer-lite (L1),BraTS2021_00101,29.833313,0.9831359386444092,0.067583,0.9874593590339061,0.9684481648422408,0.9230769230769231
Uformer-lite (L1),BraTS2021_00101,29.849892,0.9831758737564087,0.06707446,0.983177570093458,0.930601454064772,0.9220917822838848
Uformer-lite (L1),BraTS2021_00101,29.576551,0.9843140244483948,0.06852892,0.9780271154745208,0.9289902280130293,0.9090909090909091
Uformer-lite (L1),BraTS2021_00101,29.432274,0.9833406209945679,0.06973984,0.9894534995206136,0.8625,0.8577494692144374
Uformer-lite (L1),BraTS2021_00101,29.803959,0.9834093451499939,0.069015965,0.9855212355212355,0.8066618392469225,0.7991218441273326
Uformer-lite (L1),BraTS2021_00101,29.90578,0.9821949601173401,0.06966728,0.9878934624697336,0.8754254594962559,0.8457502623294858
Uformer-lite (L1),BraTS2021_00101,29.476582,0.9820926189422607,0.0724219,0.9760239760239761,0.8195763330898466,0.8326086956521739
Uformer-lite (L1),BraTS2021_00101,29.352306,0.9814785718917847,0.074378215,0.9770459081836327,0.8643006263048016,0.8657024793388429
Uformer-lite (L1),BraTS2021_00101,29.070671,0.9804465174674988,0.07672173,0.9884711779448622,0.8701206529453513,0.8947927736450585
Uformer-lite (L1),BraTS2021_00101,29.367489,0.9816579818725586,0.074878395,0.9850299401197605,0.8211920529801324,0.8681318681318682
Uformer-lite (L1),BraTS2021_00101,29.22076,0.9804480075836182,0.07686349,0.9879032258064516,0.8473566641846612,0.9178228388473852
Uformer-lite (L1),BraTS2021_00101,29.112946,0.9800563454627991,0.07901184,0.9863705199394245,0.927536231884058,0.9254032258064516
Uformer-lite (L1),BraTS2021_00101,28.871935,0.9811832904815674,0.08056892,0.9821882951653944,0.8469154607768469,0.8991935483870968
Uformer-lite (L1),BraTS2021_00101,28.755388,0.9796029329299927,0.08303346,0.9814624098867147,0.8920327624720774,0.9251700680272109
Uformer-lite (L1),BraTS2021_00101,28.719828,0.9820266366004944,0.08302202,0.98170412963931,0.9043736100815419,0.9320388349514563
Uformer-lite (L1),BraTS2021_00101,28.559387,0.9806939959526062,0.086356625,0.9732441471571907,0.8266228430566968,0.8706624605678234
Uformer-lite (L1),BraTS2021_00101,28.892574,0.9808562994003296,0.08714814,0.9753581661891118,0.9808646350106307,0.9356943150046598
Uformer-lite (L1),BraTS2021_00101,28.483068,0.9802893996238708,0.09016403,0.9711191335740073,0.89944576405384,0.8837209302325582
Uformer-lite (L1),BraTS2021_00101,28.54067,0.9812513589859009,0.090973526,0.9758269720101781,0.9183508488278093,0.8998946259220232
Uformer-lite (L1),BraTS2021_00101,28.612974,0.9812888503074646,0.09304206,0.962425840474621,0.9554655870445344,0.893569844789357
Uformer-lite (L1),BraTS2021_00101,28.154484,0.980175793170929,0.097422265,0.9626497533474278,0.9646017699115044,0.9088888888888889
Uformer-lite (L1),BraTS2021_00101,28.017357,0.9797850251197815,0.1034497,0.9401840490797546,0.896049896049896,0.8450704225352113
Uformer-lite (L1),BraTS2021_00101,28.161865,0.9811703562736511,0.103209175,0.9389121338912134,0.9195922989807475,0.8842364532019704
Uformer-lite (L1),BraTS2021_00101,28.010237,0.9814775586128235,0.105217546,0.9616087751371115,0.8600508905852418,0.8542199488491049
Uformer-lite (L1),BraTS2021_00101,28.04612,0.9816458821296692,0.10874651,0.9284332688588007,0.8006182380216383,0.8006182380216383
Uformer-lite (L1),BraTS2021_00101,28.353394,0.9828269481658936,0.10946755,0.9386733416770964,0.7991360691144709,0.8008658008658008
Uformer-lite (L1),BraTS2021_00101,28.045357,0.9822325706481934,0.11681432,0.5279187817258884,0.01680672268907563,0.01680672268907563
Uformer-lite (L1),BraTS2021_00101,28.479156,0.9838202595710754,0.11776667,0.0,0.0,0.0
Uformer-lite (L1),BraTS2021_00103,31.340914,0.9777027368545532,0.14463301,0.6257668711656442,nan,nan
Uformer-lite (L1),BraTS2021_00103,31.327513,0.9781890511512756,0.1390464,0.4540540540540541,nan,nan
Uformer-lite (L1),BraTS2021_00103,31.744995,0.9792383909225464,0.12992428,0.5907859078590786,nan,nan
Uformer-lite (L1),BraTS2021_00103,31.726646,0.9786823391914368,0.12806924,0.7616279069767442,nan,nan
Uformer-lite (L1),BraTS2021_00103,31.729736,0.9803838729858398,0.120092265,0.7735849056603774,nan,nan
Uformer-lite (L1),BraTS2021_00103,32.012608,0.9789417386054993,0.11975103,0.8166666666666667,nan,nan
Uformer-lite (L1),BraTS2021_00103,31.602041,0.9784319400787354,0.12094516,0.7770534550195567,nan,nan
Uformer-lite (L1),BraTS2021_00103,31.92549,0.979488730430603,0.1154754,0.8108108108108109,nan,nan
Uformer-lite (L1),BraTS2021_00103,31.441479,0.9786644577980042,0.11933046,0.7923458540042523,nan,nan
Uformer-lite (L1),BraTS2021_00103,31.489567,0.979526698589325,0.11622967,0.9044943820224719,nan,nan
Uformer-lite (L1),BraTS2021_00103,31.393646,0.9822753667831421,0.11028525,0.8732795443758898,nan,nan
Uformer-lite (L1),BraTS2021_00103,31.311834,0.9804466366767883,0.11446321,0.8687042617305208,nan,nan
Uformer-lite (L1),BraTS2021_00103,31.327595,0.9807388186454773,0.11206302,0.8240165631469979,0.0,0.0
Uformer-lite (L1),BraTS2021_00103,31.28402,0.9823355078697205,0.10887165,0.8491147036181679,0.0,0.0
Uformer-lite (L1),BraTS2021_00103,31.021057,0.9823718070983887,0.108756825,0.8693485226059096,0.0,0.0
Uformer-lite (L1),BraTS2021_00103,30.996332,0.9828985333442688,0.10766197,0.8962234211361473,0.0196078431372549,0.02247191011235955
Uformer-lite (L1),BraTS2021_00103,30.64325,0.9821462035179138,0.10999725,0.9042806183115338,0.004395604395604396,0.005747126436781609
Uformer-lite (L1),BraTS2021_00103,30.41461,0.9788539409637451,0.11657666,0.9178826895565093,0.0189873417721519,0.021413276231263382
Uformer-lite (L1),BraTS2021_00103,29.785114,0.9785484075546265,0.11780083,0.9184307084391758,0.10972568578553615,0.11578947368421053
Uformer-lite (L1),BraTS2021_00103,29.461807,0.9759108424186707,0.121477194,0.9276595744680851,0.2891832229580574,0.3333333333333333
Uformer-lite (L1),BraTS2021_00103,29.50671,0.9746508598327637,0.12355391,0.9385166804521643,0.24364406779661016,0.30952380952380953
Uformer-lite (L1),BraTS2021_00103,29.481165,0.9710497856140137,0.12295,0.9235702832709781,0.3128054740957967,0.4391080617495712
Uformer-lite (L1),BraTS2021_00103,29.730074,0.9703770875930786,0.11788182,0.9089084065244668,0.360313315926893,0.5234493192133132
Uformer-lite (L1),BraTS2021_00103,30.055546,0.9722603559494019,0.113207005,0.8919915700737618,0.23199251637043966,0.41043478260869565
Uformer-lite (L1),BraTS2021_00103,30.116104,0.9744825959205627,0.109354645,0.9160268714011516,0.18679245283018867,0.367816091954023
Uformer-lite (L1),BraTS2021_00103,30.389862,0.9712382555007935,0.10709765,0.9212229413077438,0.7745521927115503,0.7203274215552524
Uformer-lite (L1),BraTS2021_00103,30.513918,0.9751550555229187,0.102065824,0.9227617291538619,0.37489943684633953,0.6180836707152496
Uformer-lite (L1),BraTS2021_00103,30.7514,0.9764615893363953,0.098962404,0.9185654844462057,0.35852090032154343,0.603042876901798
Uformer-lite (L1),BraTS2021_00103,30.77311,0.9734540581703186,0.100197494,0.928996282527881,0.5575842696629213,0.7215332581736189
Uformer-lite (L1),BraTS2021_00103,30.899439,0.9782781004905701,0.09430678,0.933264355923435,0.6849489795918368,0.7780979827089337
Uformer-lite (L1),BraTS2021_00103,30.834911,0.9777015447616577,0.09456825,0.9514937359460328,0.607645875251509,0.7302823758519961
Uformer-lite (L1),BraTS2021_00103,30.965912,0.9793617129325867,0.09073726,0.950223455077824,0.6176275679257787,0.7247191011235955
Uformer-lite (L1),BraTS2021_00103,31.246803,0.9799050092697144,0.089121744,0.9530654150777355,0.8252372975991067,0.8192771084337349
Uformer-lite (L1),BraTS2021_00103,31.330818,0.9846389293670654,0.08377862,0.9551640166165306,0.7892325315005727,0.7903726708074534
Uformer-lite (L1),BraTS2021_00103,31.518393,0.9848714470863342,0.083280586,0.9421316799527606,0.8538713195201745,0.8116788321167884
Uformer-lite (L1),BraTS2021_00103,31.499537,0.985528290271759,0.08207129,0.9478079331941545,0.7818831942789034,0.794889992902768
Uformer-lite (L1),BraTS2021_00103,31.831612,0.9841567873954773,0.082146205,0.9533445756042721,0.8380493678506924,0.7879213483146067
Uformer-lite (L1),BraTS2021_00103,31.860317,0.9851257801055908,0.080282494,0.9505088526418514,0.7349570200573066,0.7220939183987682
Uformer-lite (L1),BraTS2021_00103,31.751383,0.9871623516082764,0.07872678,0.9441596978688966,0.676923076923077,0.6737777777777778
Uformer-lite (L1),BraTS2021_00103,31.989136,0.9864086508750916,0.07899797,0.9432739059967585,0.7861936720997124,0.796828543111992
Uformer-lite (L1),BraTS2021_00103,31.62349,0.9868559241294861,0.07977826,0.9538205519345444,0.793859649122807,0.7674144037780402
Uformer-lite (L1),BraTS2021_00103,31.771936,0.9870980978012085,0.07835684,0.949599887687772,0.8088426527958388,0.7959770114942529
Uformer-lite (L1),BraTS2021_00103,31.664179,0.9877859950065613,0.0796579,0.9420771341903799,0.8240740740740741,0.8144329896907216
Uformer-lite (L1),BraTS2021_00103,31.557234,0.9871320128440857,0.079909086,0.9572901325478645,0.8480801335559266,0.8478260869565217
Uformer-lite (L1),BraTS2021_00103,31.858559,0.9891940355300903,0.07585992,0.9537170957477582,0.8434622467771639,0.8183632734530938
Uformer-lite (L1),BraTS2021_00103,32.26583,0.9896689057350159,0.07387779,0.9568865740740741,0.7913978494623656,0.7945823927765236
Uformer-lite (L1),BraTS2021_00103,32.111572,0.990098237991333,0.07361032,0.958118825657437,0.7480106100795756,0.7391304347826086
Uformer-lite (L1),BraTS2021_00103,32.1192,0.9893563985824585,0.074716,0.960458452722063,0.6783216783216783,0.6783216783216783
Uformer-lite (L1),BraTS2021_00103,32.2933,0.9902486205101013,0.07306905,0.962439239946973,0.4,0.4
Uformer-lite (L1),BraTS2021_00103,32.10199,0.9909242391586304,0.071564846,0.9420983892033087,0.0,0.0
Uformer-lite (L1),BraTS2021_00103,32.589336,0.9912258982658386,0.06916847,0.9620253164556962,0.0,0.0
Uformer-lite (L1),BraTS2021_00103,32.396317,0.9907897710800171,0.07169532,0.9343606460216328,nan,nan
Uformer-lite (L1),BraTS2021_00103,32.972885,0.9910304546356201,0.068551786,0.9537909376401974,nan,nan
Uformer-lite (L1),BraTS2021_00103,33.23014,0.9916601181030273,0.06623285,0.94791978449566,nan,nan
Uformer-lite (L1),BraTS2021_00103,32.955547,0.9920469522476196,0.06623071,0.9562699102229945,nan,nan
Uformer-lite (L1),BraTS2021_00103,33.289646,0.992652952671051,0.064377055,0.958863569103285,nan,nan
Uformer-lite (L1),BraTS2021_00103,33.318836,0.9923871159553528,0.06480658,0.9475872308834447,nan,nan
Uformer-lite (L1),BraTS2021_00103,33.309086,0.9929623603820801,0.06303026,0.9467991815258696,nan,nan
Uformer-lite (L1),BraTS2021_00103,33.383705,0.991984486579895,0.06423176,0.9626930923928884,nan,nan
Uformer-lite (L1),BraTS2021_00103,33.45352,0.9928169846534729,0.063838564,0.9757142857142858,nan,nan
Uformer-lite (L1),BraTS2021_00103,33.578857,0.9926137328147888,0.06266885,0.9636739515652688,nan,nan
Uformer-lite (L1),BraTS2021_00103,33.49721,0.9923535585403442,0.06338774,0.9646371463714637,nan,nan
Uformer-lite (L1),BraTS2021_00103,33.58674,0.9915476441383362,0.064988494,0.9724441545736181,nan,nan
Uformer-lite (L1),BraTS2021_00103,33.259815,0.991965651512146,0.0648832,0.9652261985145172,nan,nan
Uformer-lite (L1),BraTS2021_00103,33.63193,0.9903067946434021,0.06630978,0.9730893433799784,nan,nan
Uformer-lite (L1),BraTS2021_00103,33.241962,0.9907594919204712,0.067979895,0.9691141113371555,nan,nan
Uformer-lite (L1),BraTS2021_00103,33.291046,0.9903576374053955,0.067725845,0.9684902377730524,nan,nan
Uformer-lite (L1),BraTS2021_00103,33.27456,0.9891006350517273,0.07008034,0.9833194328607172,nan,nan
Uformer-lite (L1),BraTS2021_00103,33.11631,0.9888545274734497,0.07046803,0.9651567944250871,nan,nan
Uformer-lite (L1),BraTS2021_00103,32.996014,0.9879143834114075,0.07196734,0.9693513898788311,nan,nan
Uformer-lite (L1),BraTS2021_00103,33.015934,0.9862968325614929,0.073707506,0.9621052631578947,nan,nan
Uformer-lite (L1),BraTS2021_00103,33.056973,0.9845947623252869,0.075603545,0.9661777910805148,nan,nan
Uformer-lite (L1),BraTS2021_00103,32.996986,0.9836302995681763,0.076946445,0.9155072955548015,nan,nan
Uformer-lite (L1),BraTS2021_00103,33.08338,0.9804297685623169,0.07802031,0.9231441048034934,nan,nan
Uformer-lite (L1),BraTS2021_00103,33.293728,0.9777300357818604,0.08041799,0.8309692671394799,nan,nan
Uformer-lite (L1),BraTS2021_00103,33.15718,0.9811146259307861,0.077711076,0.7108533554266777,nan,nan
Uformer-lite (L1),BraTS2021_00103,33.143684,0.9742127656936646,0.08183611,0.5917496443812233,nan,nan
Uformer-lite (L1),BraTS2021_00107,31.322819,0.9546065330505371,0.07994395,0.0,0.0,0.0
Uformer-lite (L1),BraTS2021_00107,31.266197,0.9501157402992249,0.078828245,0.0,0.0,0.0
Uformer-lite (L1),BraTS2021_00107,31.435442,0.9445561766624451,0.078548886,0.0,0.0,0.0
Uformer-lite (L1),BraTS2021_00107,31.957762,0.9487593770027161,0.07315871,0.6103646833013435,0.2151394422310757,0.19090909090909092
Uformer-lite (L1),BraTS2021_00107,31.923752,0.9495319724082947,0.07034826,0.7235294117647059,0.4093567251461988,0.4025157232704403
Uformer-lite (L1),BraTS2021_00107,32.525146,0.9558635950088501,0.06574584,0.8765957446808511,0.8201160541586073,0.8247422680412371
Uformer-lite (L1),BraTS2021_00107,32.675346,0.9581747651100159,0.06551461,0.8226415094339623,0.856140350877193,0.8582089552238806
Uformer-lite (L1),BraTS2021_00107,32.572716,0.9606391787528992,0.06548373,0.8994938539407086,0.9088,0.8953687821612349
Uformer-lite (L1),BraTS2021_00107,32.400623,0.9616966843605042,0.065180555,0.8930817610062893,0.89937106918239,0.9056
Uformer-lite (L1),BraTS2021_00107,32.58675,0.9642840623855591,0.064386666,0.9112359550561798,0.8289085545722714,0.8359621451104101
Uformer-lite (L1),BraTS2021_00107,32.602623,0.9644079804420471,0.06444039,0.9171384457025219,0.8516624040920716,0.8535564853556485
Uformer-lite (L1),BraTS2021_00107,32.888885,0.9671992659568787,0.061510067,0.9162278602202011,0.8513966480446927,0.854679802955665
Uformer-lite (L1),BraTS2021_00107,32.65867,0.9698218107223511,0.061788205,0.9607173356105893,0.8710725893824486,0.8331273176761433
Uformer-lite (L1),BraTS2021_00107,32.65204,0.969740629196167,0.06130145,0.9393097976993257,0.9118236472945892,0.8949771689497716
Uformer-lite (L1),BraTS2021_00107,32.50961,0.9713039398193359,0.061854046,0.9433962264150944,0.913946587537092,0.8941469489414695
Uformer-lite (L1),BraTS2021_00107,32.5311,0.9706767201423645,0.06256098,0.9422809457579973,0.9337016574585635,0.9139393939393939
Uformer-lite (L1),BraTS2021_00107,32.617638,0.9751473665237427,0.059998833,0.9759384023099134,0.9261261261261261,0.9005847953216374
Uformer-lite (L1),BraTS2021_00107,32.61236,0.9764302372932434,0.061599396,0.9737991266375546,0.9072340425531915,0.901775147928994
Uformer-lite (L1),BraTS2021_00107,32.79792,0.9799192547798157,0.058858782,0.9863339275103981,0.9484536082474226,0.9367088607594937
Uformer-lite (L1),BraTS2021_00107,32.667213,0.98028564453125,0.058051817,0.9774350185661239,0.9665551839464883,0.958659217877095
Uformer-lite (L1),BraTS2021_00107,32.973835,0.9819438457489014,0.05744922,0.9802955665024631,0.9652836579170194,0.9443155452436195
Uformer-lite (L1),BraTS2021_00107,33.153336,0.9816076159477234,0.057495087,0.9653100245834472,0.9142419601837672,0.9581497797356828
Uformer-lite (L1),BraTS2021_00107,33.09098,0.9839832782745361,0.055510838,0.9841772151898734,0.931637519872814,0.9522700814901047
Uformer-lite (L1),BraTS2021_00107,32.950794,0.9842210412025452,0.055975985,0.9883510225213564,0.934730056406124,0.9511111111111111
Uformer-lite (L1),BraTS2021_00107,33.327034,0.9846457839012146,0.054811727,0.988399071925754,0.9375520399666945,0.9419642857142857
Uformer-lite (L1),BraTS2021_00107,33.056915,0.9844667911529541,0.05487274,0.9920938536087732,0.9123669123669124,0.9526627218934911
Uformer-lite (L1),BraTS2021_00107,33.14066,0.9830840826034546,0.054550152,0.9905972045743329,0.9149868536371604,0.941972920696325
Uformer-lite (L1),BraTS2021_00107,33.324104,0.9818403720855713,0.05459462,0.9864137400666496,0.8894783377541998,0.9613152804642167
Uformer-lite (L1),BraTS2021_00107,33.500664,0.9827165007591248,0.05425629,0.9920817369093231,0.8470806302131604,0.9445026178010472
Uformer-lite (L1),BraTS2021_00107,33.469368,0.9817313551902771,0.054375272,0.9905249679897568,0.8482328482328483,0.9194097616345063
Uformer-lite (L1),BraTS2021_00107,33.3908,0.9825634956359863,0.053491402,0.9920938536087732,0.8134490238611713,0.9213759213759214
Uformer-lite (L1),BraTS2021_00107,33.495926,0.9820371866226196,0.053595066,0.9851205746536685,0.855036855036855,0.9216467463479415
Uformer-lite (L1),BraTS2021_00107,33.671112,0.9806758165359497,0.05217387,0.9818276220145379,0.8526727509778357,0.9116409537166901
Uformer-lite (L1),BraTS2021_00107,33.83262,0.9812919497489929,0.052043553,0.9738766980146291,0.7675378266850069,0.8431061806656102
Uformer-lite (L1),BraTS2021_00107,34.066322,0.9808613061904907,0.052453928,0.9548667754214247,0.22926829268292684,0.2946708463949843
Uformer-lite (L1),BraTS2021_00107,33.864017,0.979364812374115,0.052372184,0.9473384571591232,0.0,0.0
Uformer-lite (L1),BraTS2021_00107,34.08201,0.9810261726379395,0.05267137,0.9596940276551927,0.0,0.0
Uformer-lite (L1),BraTS2021_00107,33.50883,0.9815771579742432,0.053859454,0.973136130395412,nan,nan
Uformer-lite (L1),BraTS2021_00107,33.606174,0.9802861213684082,0.055013496,0.9801889667784213,0.0,nan
Uformer-lite (L1),BraTS2021_00107,33.989326,0.9795103669166565,0.05273032,0.9560509554140127,0.0,nan
Uformer-lite (L1),BraTS2021_00107,33.52973,0.977009654045105,0.056694157,0.9492302653128071,0.0,nan
Uformer-lite (L1),BraTS2021_00107,33.170506,0.974712073802948,0.058063712,0.9372413793103448,nan,nan
Uformer-lite (L1),BraTS2021_00107,33.322556,0.9721439480781555,0.05810434,0.9386828160484482,nan,nan
Uformer-lite (L1),BraTS2021_00107,33.26571,0.9711223244667053,0.05984993,0.9385245901639344,nan,nan
Uformer-lite (L1),BraTS2021_00107,33.149124,0.9724417328834534,0.059911553,0.9416410706450198,nan,nan
Uformer-lite (L1),BraTS2021_00107,33.097496,0.9705286026000977,0.063312724,0.873490813648294,nan,nan
Uformer-lite (L1),BraTS2021_00107,32.76006,0.9709749221801758,0.06435641,0.8971393791844188,nan,nan
Uformer-lite (L1),BraTS2021_00107,32.472195,0.9675788879394531,0.06906611,0.8904795991410165,nan,nan
Uformer-lite (L1),BraTS2021_00107,32.098053,0.9669432044029236,0.071034856,0.7647058823529411,nan,nan
Uformer-lite (L1),BraTS2021_00107,31.920938,0.9677932262420654,0.07526785,0.41046831955922863,nan,nan
Uformer-lite (L1),BraTS2021_00107,31.51947,0.9675400853157043,0.07954628,0.0,nan,nan
Uformer-lite (L1),BraTS2021_00107,31.403543,0.9724498987197876,0.07772498,0.0,nan,nan
Uformer-lite (L1),BraTS2021_00108,29.021114,0.9850307703018188,0.12330516,0.19971671388101983,0.0,nan
Uformer-lite (L1),BraTS2021_00108,29.51957,0.9875596165657043,0.11096872,0.22290809327846364,0.0,nan
Uformer-lite (L1),BraTS2021_00108,29.342375,0.9860305190086365,0.115744576,0.3157116451016636,0.0,nan
Uformer-lite (L1),BraTS2021_00108,29.36522,0.9869784116744995,0.10971946,0.36441893830703015,0.0,nan
Uformer-lite (L1),BraTS2021_00108,29.299223,0.986259400844574,0.11124565,0.5403225806451613,0.0,nan
Uformer-lite (L1),BraTS2021_00108,28.485338,0.9842714667320251,0.11423736,0.32339331619537276,0.0,0.0
Uformer-lite (L1),BraTS2021_00108,28.58815,0.9833025336265564,0.11652414,0.39574090505767523,0.0,nan
Uformer-lite (L1),BraTS2021_00108,28.364151,0.9816856980323792,0.11407192,0.3728301886792453,0.0,0.0
Uformer-lite (L1),BraTS2021_00108,28.344507,0.9823586940765381,0.10987878,0.507481693728112,0.0,nan
Uformer-lite (L1),BraTS2021_00108,29.332201,0.984559953212738,0.09842182,0.5019445164635727,0.0,nan
Uformer-lite (L1),BraTS2021_00108,29.612629,0.9860485196113586,0.09264899,0.5800711743772242,0.0,nan
Uformer-lite (L1),BraTS2021_00108,30.323902,0.9885953664779663,0.08453767,0.43593785183517225,0.0,0.0
Uformer-lite (L1),BraTS2021_00108,30.5915,0.9890679121017456,0.08209694,0.37691314770422274,0.13559322033898305,0.4507042253521127
Uformer-lite (L1),BraTS2021_00108,30.514416,0.988283634185791,0.08490375,0.47116324535679377,0.10434782608695652,0.13636363636363635
Uformer-lite (L1),BraTS2021_00108,29.85811,0.9876910448074341,0.08641188,0.40662842574888464,0.17582417582417584,0.2689075630252101
Uformer-lite (L1),BraTS2021_00108,29.859425,0.9872892498970032,0.08818113,0.48605371900826444,0.4444444444444444,0.4444444444444444
Uformer-lite (L1),BraTS2021_00108,29.893606,0.987724781036377,0.08725504,0.459517554334846,0.16535433070866143,0.2602739726027397
Uformer-lite (L1),BraTS2021_00108,30.048275,0.9888582825660706,0.08284913,0.3685458857872651,0.18614718614718614,0.4111111111111111
Uformer-lite (L1),BraTS2021_00108,30.128841,0.9876406192779541,0.08579482,0.5622119815668203,0.6309148264984227,0.7983870967741935
Uformer-lite (L1),BraTS2021_00108,29.216324,0.9860509634017944,0.09181725,0.412459353072052,0.34577603143418467,0.6495726495726496
Uformer-lite (L1),BraTS2021_00108,28.806984,0.9835970401763916,0.09753654,0.5002910925674364,0.46511627906976744,0.6608695652173913
Uformer-lite (L1),BraTS2021_00108,28.81047,0.9819404482841492,0.09391665,0.5773411371237458,0.6147186147186147,0.6604651162790698
Uformer-lite (L1),BraTS2021_00108,28.742275,0.9809831380844116,0.09380622,0.5792372017132368,0.4807692307692308,0.6454545454545455
Uformer-lite (L1),BraTS2021_00108,28.697697,0.9799250364303589,0.09093361,0.5556382582806103,0.09567901234567901,0.32460732984293195
Uformer-lite (L1),BraTS2021_00108,28.261806,0.9785258173942566,0.091756605,0.47368421052631576,0.15853658536585366,0.33548387096774196
Uformer-lite (L1),BraTS2021_00108,28.508883,0.9739168286323547,0.09020861,0.5562395075545608,0.11129296235679215,0.37362637362637363
Uformer-lite (L1),BraTS2021_00108,28.461739,0.9720568656921387,0.090688206,0.6182342045688414,0.16393442622950818,0.2898550724637681
Uformer-lite (L1),BraTS2021_00108,28.732166,0.9711034893989563,0.08649908,0.504590395480226,0.21890547263681592,0.27672955974842767
Uformer-lite (L1),BraTS2021_00108,28.929062,0.9704011082649231,0.085476264,0.5595261599210266,0.42424242424242425,0.42424242424242425
Uformer-lite (L1),BraTS2021_00108,29.217537,0.9711682796478271,0.08137098,0.5403953175973901,0.31088082901554404,0.31413612565445026
Uformer-lite (L1),BraTS2021_00108,29.364347,0.9733896255493164,0.07813406,0.5182427401340283,0.13043478260869565,0.18292682926829268
Uformer-lite (L1),BraTS2021_00108,29.856789,0.9729965925216675,0.07389023,0.5184757505773672,0.07142857142857142,0.08888888888888889
Uformer-lite (L1),BraTS2021_00108,30.07098,0.9739208221435547,0.07372019,0.60790273556231,0.2644628099173554,0.2558139534883721
Uformer-lite (L1),BraTS2021_00108,30.126297,0.971365213394165,0.07256963,0.6052867383512545,0.11627906976744186,0.125
Uformer-lite (L1),BraTS2021_00108,30.284214,0.9757848381996155,0.06995403,0.4668896321070234,0.0,0.0
Uformer-lite (L1),BraTS2021_00108,30.608988,0.9714961647987366,0.07029185,0.6806930693069307,0.0,0.0
Uformer-lite (L1),BraTS2021_00108,30.574486,0.9753881096839905,0.07016277,0.6904527559055118,0.0,0.0
Uformer-lite (L1),BraTS2021_00108,30.55185,0.9742313623428345,0.06939768,0.6915422885572139,0.0,0.0
Uformer-lite (L1),BraTS2021_00108,30.318707,0.9761853814125061,0.06901401,0.6504285069914298,0.0,nan
Uformer-lite (L1),BraTS2021_00108,30.586414,0.9710379242897034,0.06941713,0.7436918990703851,0.0,0.0
Uformer-lite (L1),BraTS2021_00108,30.573664,0.9697316288948059,0.07127723,0.7836496350364963,0.0,0.0
Uformer-lite (L1),BraTS2021_00108,30.497997,0.973080039024353,0.071519166,0.7105115233277122,nan,nan
Uformer-lite (L1),BraTS2021_00108,30.420155,0.9714477062225342,0.07232464,0.5752038234467247,nan,nan
Uformer-lite (L1),BraTS2021_00108,30.279408,0.9739008545875549,0.072664395,0.5388631090487239,0.0,nan
Uformer-lite (L1),BraTS2021_00108,30.52888,0.9755421280860901,0.072106406,0.6204437400950872,0.0,nan
Uformer-lite (L1),BraTS2021_00108,30.610123,0.9715822339057922,0.07315428,0.6732984293193718,nan,nan
Uformer-lite (L1),BraTS2021_00108,30.812819,0.9748068451881409,0.070106864,0.655499720826354,nan,nan
Uformer-lite (L1),BraTS2021_00108,30.757782,0.9755339622497559,0.06986685,0.5687885010266941,nan,nan
Uformer-lite (L1),BraTS2021_00108,30.768139,0.9774399995803833,0.06863999,0.3663157894736842,0.0,nan
Uformer-lite (L1),BraTS2021_00108,30.922907,0.9805740714073181,0.067326024,0.19081980356784928,0.0,0.0
Uformer-lite (L1),BraTS2021_00108,31.015703,0.9801874160766602,0.067935035,0.3043968432919955,0.0,nan
Uformer-lite (L1),BraTS2021_00108,31.184654,0.9811145663261414,0.06650072,0.32753623188405795,nan,nan
Uformer-lite (L1),BraTS2021_00108,31.276762,0.982058048248291,0.065174945,0.16995073891625614,nan,nan
Uformer-lite (L1),BraTS2021_00108,31.480778,0.984423041343689,0.06346043,0.12115691186517877,nan,nan
Uformer-lite (L1),BraTS2021_00108,31.618288,0.9823339581489563,0.063519575,0.2250996015936255,nan,nan
Uformer-lite (L1),BraTS2021_00108,31.805372,0.9831098914146423,0.06238495,0.09043062200956938,0.0,nan
Uformer-lite (L1),BraTS2021_00110,30.105179,0.9787474274635315,0.06803193,0.3779527559055118,nan,nan
Uformer-lite (L1),BraTS2021_00110,30.185066,0.9794459342956543,0.06771294,0.5770676691729323,nan,nan
Uformer-lite (L1),BraTS2021_00110,30.18964,0.9813176989555359,0.0678723,0.6350851221317543,nan,nan
Uformer-lite (L1),BraTS2021_00110,30.318901,0.9830162525177002,0.06608763,0.7053941908713693,nan,nan
Uformer-lite (L1),BraTS2021_00110,30.460184,0.9836052656173706,0.065983094,0.7421221864951768,nan,nan
Uformer-lite (L1),BraTS2021_00110,30.748234,0.9853265285491943,0.06340724,0.7300714678394722,nan,nan
Uformer-lite (L1),BraTS2021_00110,30.586664,0.9850866198539734,0.06324393,0.764387604525332,nan,nan
Uformer-lite (L1),BraTS2021_00110,30.807789,0.9875591397285461,0.060638785,0.7953890489913544,nan,nan
Uformer-lite (L1),BraTS2021_00110,31.137579,0.9882051348686218,0.05948578,0.8520446096654275,nan,nan
Uformer-lite (L1),BraTS2021_00110,31.249256,0.9889652132987976,0.05827021,0.8366320026836632,0.0,nan
Uformer-lite (L1),BraTS2021_00110,31.424477,0.9889212250709534,0.056991994,0.8633139909735654,nan,nan
Uformer-lite (L1),BraTS2021_00110,31.369095,0.9891579151153564,0.056222603,0.8606370875995449,nan,nan
Uformer-lite (L1),BraTS2021_00110,31.837788,0.9886316061019897,0.05483389,0.8878779769868879,nan,nan
Uformer-lite (L1),BraTS2021_00110,31.24379,0.9885792136192322,0.055213027,0.8637368033390621,0.0,nan
Uformer-lite (L1),BraTS2021_00110,31.176321,0.9871335029602051,0.056511045,0.8577415599534343,0.0,0.0
Uformer-lite (L1),BraTS2021_00110,31.191454,0.9862693548202515,0.057267062,0.8565798116925771,0.0,0.0
Uformer-lite (L1),BraTS2021_00110,30.869143,0.9862440228462219,0.057424143,0.8478126925446704,0.6911764705882353,0.7121212121212122
Uformer-lite (L1),BraTS2021_00110,30.804676,0.985480785369873,0.05804322,0.8432096366815621,0.7093596059113301,0.7128712871287128
Uformer-lite (L1),BraTS2021_00110,30.948135,0.9848898649215698,0.05904471,0.868385864374403,0.822429906542056,0.8599348534201955
Uformer-lite (L1),BraTS2021_00110,30.429867,0.986323893070221,0.05953626,0.8529254846167527,0.8461538461538461,0.873015873015873
Uformer-lite (L1),BraTS2021_00110,30.702589,0.9860722422599792,0.05959572,0.872303409881698,0.856492027334852,0.8867924528301887
Uformer-lite (L1),BraTS2021_00110,30.729599,0.9852190613746643,0.0594286,0.9032932566649242,0.8979591836734694,0.9221052631578948
Uformer-lite (L1),BraTS2021_00110,30.45886,0.9862338304519653,0.059404843,0.8846218066455168,0.8587786259541985,0.883629191321499
Uformer-lite (L1),BraTS2021_00110,30.663292,0.9877726435661316,0.058529038,0.9161554192229039,0.839041095890411,0.8626760563380281
Uformer-lite (L1),BraTS2021_00110,30.52374,0.9871370792388916,0.06015689,0.9304721030042918,0.8089171974522293,0.8233387358184765
Uformer-lite (L1),BraTS2021_00110,30.269276,0.9869324564933777,0.061473347,0.910427807486631,0.7674418604651163,0.7927927927927928
Uformer-lite (L1),BraTS2021_00110,30.243301,0.9862732887268066,0.06256212,0.9199660152931181,0.8085642317380353,0.8359375
Uformer-lite (L1),BraTS2021_00110,30.257456,0.985860288143158,0.06373466,0.927731673582296,0.8098591549295775,0.8383961117861483
Uformer-lite (L1),BraTS2021_00110,30.04525,0.985187828540802,0.06595914,0.9337539432176656,0.8501594048884166,0.8805309734513275
Uformer-lite (L1),BraTS2021_00110,29.802408,0.9861019849777222,0.06714928,0.9175239755884917,0.8672199170124482,0.8827877507919747
Uformer-lite (L1),BraTS2021_00110,29.774471,0.9868162870407104,0.06746213,0.896744837241862,0.8665997993981945,0.8825331971399387
Uformer-lite (L1),BraTS2021_00110,29.429743,0.9863534569740295,0.06924989,0.8900411228321116,0.8958333333333334,0.9104908565928778
Uformer-lite (L1),BraTS2021_00110,29.467285,0.9863600730895996,0.071773954,0.8918969033932876,0.8839779005524862,0.8980355472404116
Uformer-lite (L1),BraTS2021_00110,29.389404,0.9867231845855713,0.07131401,0.8825622775800712,0.8987341772151899,0.9110907424381302
Uformer-lite (L1),BraTS2021_00110,28.976173,0.9857005476951599,0.07625166,0.8982429040355281,0.9050179211469535,0.9165154264972777
Uformer-lite (L1),BraTS2021_00110,28.549507,0.9847502112388611,0.079708464,0.8758144883096972,0.9011576135351737,0.9133574007220217
Uformer-lite (L1),BraTS2021_00110,28.506424,0.985727071762085,0.081478305,0.8813627254509018,0.8927943760984183,0.909579230080573
Uformer-lite (L1),BraTS2021_00110,29.19363,0.9866222143173218,0.079230726,0.8932572394842528,0.9086251067463706,0.9090909090909091
Uformer-lite (L1),BraTS2021_00110,29.118902,0.9872859120368958,0.081395686,0.8761329305135952,0.8911739502999143,0.8888888888888888
Uformer-lite (L1),BraTS2021_00110,28.958666,0.9879984855651855,0.081495926,0.8549720670391061,0.9019607843137255,0.9055944055944056
Uformer-lite (L1),BraTS2021_00110,28.465149,0.9866818189620972,0.089418836,0.8450505525511404,0.8992112182296231,0.911190053285968
Uformer-lite (L1),BraTS2021_00110,28.752134,0.988098680973053,0.0874593,0.8471445929526124,0.8971631205673759,0.9166666666666666
Uformer-lite (L1),BraTS2021_00110,28.525723,0.987888753414154,0.09248748,0.8452982810920121,0.8810408921933085,0.9019980970504282
Uformer-lite (L1),BraTS2021_00110,28.49121,0.9884431958198547,0.09279512,0.8296296296296296,0.8711288711288712,0.8852791878172589
Uformer-lite (L1),BraTS2021_00110,28.798878,0.9888171553611755,0.09566069,0.8497348261638185,0.8454935622317596,0.8640350877192983
Uformer-lite (L1),BraTS2021_00110,29.345758,0.9896671175956726,0.09428425,0.8551401869158879,0.8379351740696278,0.8533007334963325
Uformer-lite (L1),BraTS2021_00110,28.756733,0.9890884160995483,0.10185596,0.8251501236312258,0.7631578947368421,0.781437125748503
Uformer-lite (L1),BraTS2021_00110,29.042147,0.9892407655715942,0.10359808,0.8040832351786416,0.7588652482269503,0.7725631768953068
Uformer-lite (L1),BraTS2021_00110,28.862522,0.9880614280700684,0.11382861,0.8102710413694721,0.584070796460177,0.5981873111782477
Uformer-lite (L1),BraTS2021_00110,29.38328,0.98959881067276,0.10865517,0.7501298701298701,0.6597222222222222,0.6762589928057554
Uformer-lite (L1),BraTS2021_00110,29.02561,0.9876918792724609,0.1238817,0.7392325763508223,0.03773584905660377,0.04
Uformer-lite (L1),BraTS2021_00110,29.526384,0.9882664084434509,0.124235384,0.6287128712871287,0.0,0.0
Uformer-lite (L1),BraTS2021_00110,29.256174,0.9847307205200195,0.14887157,0.6650660264105642,0.0,0.0
Uformer-lite (L1),BraTS2021_00110,29.889547,0.9859315752983093,0.14634447,0.6795827123695977,nan,nan
Uformer-lite (L1),BraTS2021_00110,30.051691,0.981627881526947,0.17358169,0.6382252559726962,nan,nan
Uformer-lite (L1),BraTS2021_00110,30.42812,0.9773810505867004,0.19688426,0.34108527131782945,nan,nan
Uformer-lite (L1),BraTS2021_00117,28.469376,0.9538354873657227,0.10964661,0.0,nan,nan
Uformer-lite (L1),BraTS2021_00117,28.937393,0.9556893110275269,0.10416475,0.0,nan,nan
Uformer-lite (L1),BraTS2021_00117,29.369123,0.9650719165802002,0.09609833,0.0,nan,nan
Uformer-lite (L1),BraTS2021_00117,29.87431,0.9645267128944397,0.09409667,0.0,nan,nan
Uformer-lite (L1),BraTS2021_00117,29.984974,0.9666449427604675,0.09129058,0.0,nan,nan
Uformer-lite (L1),BraTS2021_00117,30.04359,0.9696390628814697,0.08723669,0.32242990654205606,nan,nan
Uformer-lite (L1),BraTS2021_00117,30.418514,0.966520369052887,0.0849313,0.0,nan,nan
Uformer-lite (L1),BraTS2021_00117,30.403843,0.9703601598739624,0.08443548,0.08020050125313283,nan,nan
Uformer-lite (L1),BraTS2021_00117,30.38538,0.9707534313201904,0.08437492,0.0,nan,nan
Uformer-lite (L1),BraTS2021_00117,30.37528,0.9679020643234253,0.082870655,0.0,nan,nan
Uformer-lite (L1),BraTS2021_00117,30.60207,0.9706969857215881,0.08139734,0.0,nan,nan
Uformer-lite (L1),BraTS2021_00117,30.529308,0.9666835069656372,0.08232381,0.0,nan,nan
Uformer-lite (L1),BraTS2021_00117,30.51198,0.9672906398773193,0.082828015,0.0,0.0,0.0
Uformer-lite (L1),BraTS2021_00117,30.534046,0.9687498211860657,0.08273656,0.0,0.0,0.0
Uformer-lite (L1),BraTS2021_00117,30.6134,0.9711073040962219,0.08156137,0.0,0.0,0.0
Uformer-lite (L1),BraTS2021_00117,30.349857,0.9717896580696106,0.080777764,0.0,0.0,0.0
Uformer-lite (L1),BraTS2021_00117,30.469973,0.9722453355789185,0.08205724,0.0,0.0,0.0
Uformer-lite (L1),BraTS2021_00117,30.475626,0.9744521379470825,0.081560075,0.0,0.0,0.0
Uformer-lite (L1),BraTS2021_00117,30.555714,0.9771435856819153,0.079465754,0.0,0.0,0.0
Uformer-lite (L1),BraTS2021_00117,30.718859,0.9767910838127136,0.079384,0.0,0.0,0.0
Uformer-lite (L1),BraTS2021_00117,30.784664,0.9773467183113098,0.078790784,0.18124507486209615,0.0,0.0
Uformer-lite (L1),BraTS2021_00117,30.988615,0.9784080386161804,0.07794779,0.008169934640522876,0.0,0.0
Uformer-lite (L1),BraTS2021_00117,30.75015,0.9796541929244995,0.07609769,0.19336219336219337,0.0,0.0
Uformer-lite (L1),BraTS2021_00117,31.085043,0.9824386835098267,0.0728241,0.015349194167306216,0.0,0.0
Uformer-lite (L1),BraTS2021_00117,31.451363,0.9836325645446777,0.07130289,0.12981455064194009,0.0,0.0
Uformer-lite (L1),BraTS2021_00117,31.593948,0.9843710064888,0.07094509,0.10278372591006424,0.0,0.0
Uformer-lite (L1),BraTS2021_00117,31.589092,0.9846107959747314,0.069664344,0.1676727028839705,0.0,0.0
Uformer-lite (L1),BraTS2021_00117,31.51498,0.982941210269928,0.070079945,0.24515322076297685,0.0,0.0
Uformer-lite (L1),BraTS2021_00117,31.54848,0.983066737651825,0.07001349,0.4048497627833421,0.0,0.0
Uformer-lite (L1),BraTS2021_00117,31.469156,0.9851422905921936,0.06806025,0.47058823529411764,0.029288702928870293,0.06363636363636363
Uformer-lite (L1),BraTS2021_00117,31.681202,0.9838970899581909,0.06934146,0.48186046511627906,0.09867172675521822,0.211864406779661
Uformer-lite (L1),BraTS2021_00117,31.115084,0.980567455291748,0.07247775,0.41626794258373206,0.11891891891891893,0.2601626016260163
Uformer-lite (L1),BraTS2021_00117,30.779324,0.9808925986289978,0.0722733,0.4977578475336323,0.19478260869565217,0.3563636363636364
Uformer-lite (L1),BraTS2021_00117,30.819044,0.9799450635910034,0.072349004,0.7190174916263491,0.3079416531604538,0.5833333333333334
Uformer-lite (L1),BraTS2021_00117,30.939331,0.9766018986701965,0.07406193,0.8666237113402062,0.36070381231671556,0.56973293768546
Uformer-lite (L1),BraTS2021_00117,31.048182,0.9760337471961975,0.07389027,0.7917651029362133,0.40995607613469986,0.6170798898071626
Uformer-lite (L1),BraTS2021_00117,30.78587,0.977219820022583,0.072988786,0.928051267113312,0.2692307692307692,0.46710526315789475
Uformer-lite (L1),BraTS2021_00117,30.877655,0.9732280373573303,0.07400456,0.8933768933768934,0.45790251107828656,0.7257617728531855
Uformer-lite (L1),BraTS2021_00117,30.910027,0.9746357202529907,0.073119216,0.8808724832214765,0.375,0.43703703703703706
Uformer-lite (L1),BraTS2021_00117,30.93395,0.9753203392028809,0.0736507,0.8889489327208863,0.23173803526448364,0.41081081081081083
Uformer-lite (L1),BraTS2021_00117,30.98958,0.9690971374511719,0.07679194,0.8805809575040344,0.13056379821958458,0.2937062937062937
Uformer-lite (L1),BraTS2021_00117,30.979565,0.9747888445854187,0.07338106,0.8917431192660551,0.27555555555555555,0.33070866141732286
Uformer-lite (L1),BraTS2021_00117,31.241331,0.9709181189537048,0.07365102,0.886916690523905,0.3223684210526316,0.624
Uformer-lite (L1),BraTS2021_00117,30.840986,0.9697094559669495,0.07554448,0.9122126834671836,0.5737051792828686,0.7894736842105263
Uformer-lite (L1),BraTS2021_00117,30.848932,0.9701346158981323,0.07737731,0.8752580359775878,0.2788844621513944,0.6126126126126126
Uformer-lite (L1),BraTS2021_00117,30.50641,0.9743199348449707,0.07675718,0.8522267206477733,0.0,0.0
Uformer-lite (L1),BraTS2021_00117,30.516273,0.9745503664016724,0.07750208,0.8928909952606635,0.5138888888888888,0.6052631578947368
Uformer-lite (L1),BraTS2021_00117,30.568464,0.9726697206497192,0.08000654,0.8285825849277626,0.009216589861751152,0.0
Uformer-lite (L1),BraTS2021_00117,30.455667,0.9756315350532532,0.08069441,0.8708430007733952,0.0,0.0
Uformer-lite (L1),BraTS2021_00117,30.354652,0.9729119539260864,0.08397774,0.7693770803613885,0.0,0.0
Uformer-lite (L1),BraTS2021_00117,30.174625,0.9742493033409119,0.084978595,0.7270718232044199,0.0,0.0
Uformer-lite (L1),BraTS2021_00117,30.394127,0.9785522818565369,0.08467908,0.7549909255898367,0.0,0.0
Uformer-lite (L1),BraTS2021_00117,29.994965,0.9784374833106995,0.08756525,0.6568483063328424,0.0,0.0
Uformer-lite (L1),BraTS2021_00117,30.022224,0.9816436767578125,0.087468825,0.6040515653775322,0.0,0.0
Uformer-lite (L1),BraTS2021_00117,29.652256,0.9804049134254456,0.09427381,0.16376306620209058,nan,nan
Uformer-lite (L1),BraTS2021_00117,29.480667,0.9805728793144226,0.09849168,0.391304347826087,nan,nan
Uformer-lite (L1),BraTS2021_00117,30.22031,0.9847682118415833,0.093148634,0.0,nan,nan
Uformer-lite (L1),BraTS2021_00117,30.145218,0.9855635762214661,0.09456464,0.0,nan,nan
Uformer-lite (L1),BraTS2021_00118,33.05927,0.9702343940734863,0.07598613,0.64576802507837,nan,nan
Uformer-lite (L1),BraTS2021_00118,33.01519,0.9727506637573242,0.075938284,0.56006628003314,nan,nan
Uformer-lite (L1),BraTS2021_00118,32.884182,0.9713776111602783,0.075296156,0.6049382716049383,nan,nan
Uformer-lite (L1),BraTS2021_00118,33.03281,0.9670177102088928,0.07703305,0.6882086167800453,nan,nan
Uformer-lite (L1),BraTS2021_00118,33.019928,0.9728402495384216,0.07437057,0.7845443091138177,0.0,0.0
Uformer-lite (L1),BraTS2021_00118,32.85406,0.9718959331512451,0.076692134,0.9026073619631901,0.0,0.0
Uformer-lite (L1),BraTS2021_00118,32.865215,0.9749362468719482,0.07520049,0.9399064411658871,0.0,0.0
Uformer-lite (L1),BraTS2021_00118,32.680458,0.976926326751709,0.074557796,0.9688346883468835,0.0,0.0
Uformer-lite (L1),BraTS2021_00118,32.554928,0.9809654951095581,0.073132835,0.9536921151439299,0.0,0.0
Uformer-lite (L1),BraTS2021_00118,32.617245,0.9793214797973633,0.07367253,0.9615499254843517,0.056,0.05011389521640091
Uformer-lite (L1),BraTS2021_00118,32.80781,0.9810975193977356,0.07159192,0.9742990654205608,0.20437956204379562,0.07664233576642336
Uformer-lite (L1),BraTS2021_00118,32.884148,0.9819658994674683,0.06991716,0.9709906951286261,0.09550561797752809,0.10101010101010101
Uformer-lite (L1),BraTS2021_00118,32.9655,0.9836410880088806,0.067893386,0.9680823001846478,0.43844492440604754,0.1832797427652733
Uformer-lite (L1),BraTS2021_00118,33.02906,0.9847820401191711,0.06692558,0.9640581187866428,0.6678476527900797,0.30045523520485584
Uformer-lite (L1),BraTS2021_00118,32.88968,0.9846184253692627,0.067483544,0.9570214892553723,0.8527245949926362,0.5246376811594203
Uformer-lite (L1),BraTS2021_00118,33.024315,0.9844498634338379,0.06694104,0.9551792828685259,0.8414376321353065,0.5553997194950911
Uformer-lite (L1),BraTS2021_00118,32.953484,0.9859100580215454,0.065563254,0.9530137636449929,0.8132890365448505,0.556390977443609
Uformer-lite (L1),BraTS2021_00118,32.822475,0.9839221239089966,0.06663127,0.9488636363636364,0.7368421052631579,0.4189723320158103
Uformer-lite (L1),BraTS2021_00118,33.071392,0.9856778383255005,0.06342784,0.9291897891231965,0.7833537331701347,0.4341279799247177
Uformer-lite (L1),BraTS2021_00118,33.135098,0.9854147434234619,0.062819906,0.9334497054331224,0.7933884297520661,0.4398976982097187
Uformer-lite (L1),BraTS2021_00118,33.236725,0.9831691384315491,0.06411014,0.9314047775586237,0.90599173553719,0.6930917327293318
Uformer-lite (L1),BraTS2021_00118,33.13079,0.9842119216918945,0.06287359,0.9439272569820307,0.9030303030303031,0.6809470124013529
Uformer-lite (L1),BraTS2021_00118,33.035366,0.9834873080253601,0.06411477,0.9698857736240913,0.8637059724349158,0.6212471131639723
Uformer-lite (L1),BraTS2021_00118,32.93196,0.9834499955177307,0.06408927,0.9593769732687856,0.8894301022893327,0.6383442265795207
Uformer-lite (L1),BraTS2021_00118,32.491196,0.9818006753921509,0.066099875,0.9656741108354011,0.9294605809128631,0.7115384615384616
Uformer-lite (L1),BraTS2021_00118,32.66798,0.9825073480606079,0.06476289,0.9793354943273906,0.9111826967326278,0.6344827586206897
Uformer-lite (L1),BraTS2021_00118,32.78487,0.9817330837249756,0.06576728,0.9830033993201359,0.9031665901789812,0.6525096525096525
Uformer-lite (L1),BraTS2021_00118,32.34526,0.9812175631523132,0.066354536,0.9797761633614765,0.9007702763932941,0.6977168949771689
Uformer-lite (L1),BraTS2021_00118,32.548378,0.982085645198822,0.06636221,0.9744888023369036,0.9079535299374442,0.6876155268022182
Uformer-lite (L1),BraTS2021_00118,32.291187,0.9829592704772949,0.06635519,0.9754799467781791,0.9154929577464789,0.7357142857142858
Uformer-lite (L1),BraTS2021_00118,32.400967,0.9836772680282593,0.06723654,0.97371385655276,0.8360128617363344,0.5635467980295567
Uformer-lite (L1),BraTS2021_00118,32.08246,0.9829295873641968,0.06707815,0.9700422716412425,0.835194283162126,0.5408450704225352
Uformer-lite (L1),BraTS2021_00118,32.068348,0.9819313883781433,0.07028362,0.9598091392916132,0.8462560921577315,0.5521821631878557
Uformer-lite (L1),BraTS2021_00118,32.048233,0.9814032316207886,0.070325404,0.9693340591544184,0.7806726669824727,0.46804123711340206
Uformer-lite (L1),BraTS2021_00118,31.5767,0.982477068901062,0.07025265,0.9736417428725122,0.8629893238434164,0.62580054894785
Uformer-lite (L1),BraTS2021_00118,31.831457,0.9810747504234314,0.07271972,0.9743681663380535,0.8734912829682611,0.6112115732368897
Uformer-lite (L1),BraTS2021_00118,31.230778,0.9815340042114258,0.07514827,0.9659376120473288,0.8655767484105359,0.5730027548209367
Uformer-lite (L1),BraTS2021_00118,31.059532,0.9796965718269348,0.07878342,0.9670055288032816,0.9025686448184234,0.6475063398140322
Uformer-lite (L1),BraTS2021_00118,30.757256,0.9792999625205994,0.08146637,0.9549775784753364,0.9366869037294016,0.6758832565284179
Uformer-lite (L1),BraTS2021_00118,30.62273,0.9780638813972473,0.08467614,0.9686877828054299,0.9239713774597496,0.652014652014652
Uformer-lite (L1),BraTS2021_00118,30.134693,0.9789828658103943,0.08635979,0.9516455230740946,0.9392999556933983,0.6790830945558739
Uformer-lite (L1),BraTS2021_00118,29.89883,0.9781092405319214,0.09000058,0.9673105497771174,0.9184782608695652,0.6161841128433556
Uformer-lite (L1),BraTS2021_00118,29.924835,0.9798368215560913,0.0877984,0.9645525962828128,0.8895211000474158,0.7205982324949014
Uformer-lite (L1),BraTS2021_00118,30.424213,0.9794215559959412,0.08730153,0.9337789847503656,0.856858846918489,0.6841397849462365
Uformer-lite (L1),BraTS2021_00118,30.090647,0.9807855486869812,0.08886197,0.9524380495603517,0.8212967843964154,0.5803183791606368
Uformer-lite (L1),BraTS2021_00118,28.864544,0.9754210114479065,0.10146713,0.9533209952704093,0.7441037735849056,0.5359576078728236
Uformer-lite (L1),BraTS2021_00118,29.723595,0.9803835153579712,0.094900146,0.9498865745514539,0.6072423398328691,0.4627964022894522
Uformer-lite (L1),BraTS2021_00118,29.651491,0.9801662564277649,0.097354606,0.9378603459320948,0.7581783194355356,0.5849923430321593
Uformer-lite (L1),BraTS2021_00118,29.630468,0.9833548069000244,0.09573424,0.9374585635359116,0.46319272125723737,0.37410071942446044
Uformer-lite (L1),BraTS2021_00118,29.377895,0.9820828437805176,0.100373894,0.914534041525833,0.47322970639032813,0.41560798548094374
Uformer-lite (L1),BraTS2021_00118,29.571331,0.98255455493927,0.09901477,0.9197588126159555,0.5790794979079498,0.47302158273381295
Uformer-lite (L1),BraTS2021_00118,28.239574,0.9795827865600586,0.11559482,0.9339229968782519,0.5340699815837937,0.3604531410916581
Uformer-lite (L1),BraTS2021_00118,29.982517,0.9866503477096558,0.10447658,0.9378342245989305,0.7123572170301142,0.5598141695702671
Uformer-lite (L1),BraTS2021_00118,29.861944,0.9869145154953003,0.10491887,0.8233853688399143,0.6728971962616822,0.6280193236714976
Uformer-lite (L1),BraTS2021_00118,29.703638,0.9870394468307495,0.107504494,0.8809788654060067,0.5200553250345782,0.4101040118870728
Uformer-lite (L1),BraTS2021_00118,29.98332,0.9880232810974121,0.10508844,0.7878602084610669,0.4613003095975232,0.45110410094637227
Uformer-lite (L1),BraTS2021_00118,29.510265,0.9867743849754333,0.11237701,0.7547814207650273,0.3957968476357268,0.23246492985971945
Uformer-lite (L1),BraTS2021_00118,29.414885,0.985998272895813,0.1198212,0.6910928616550853,0.3700440528634361,0.07407407407407407
Uformer-lite (L1),BraTS2021_00118,29.988846,0.9876776337623596,0.11354281,0.5989202921562401,0.14420062695924765,0.0
Uformer-lite (L1),BraTS2021_00118,29.606619,0.9872050285339355,0.11763312,0.5776532835356365,0.2396694214876033,0.0
Uformer-lite (L1),BraTS2021_00118,30.301647,0.9879711270332336,0.11810648,0.5576347305389222,0.0,0.0
Uformer-lite (L1),BraTS2021_00118,30.339226,0.9880825877189636,0.11928025,0.4598439651216154,0.0,0.0
Uformer-lite (L1),BraTS2021_00118,30.180092,0.9868119955062866,0.1281888,0.34115409004438807,0.0,0.0
Uformer-lite (L1),BraTS2021_00118,31.094997,0.9889886379241943,0.12369664,0.2007380073800738,0.0,0.0
Uformer-lite (L1),BraTS2021_00122,31.518938,0.9865029454231262,0.09065037,0.0,0.0,nan
Uformer-lite (L1),BraTS2021_00122,31.73452,0.988246500492096,0.08561621,0.5674740484429066,0.0,0.0
Uformer-lite (L1),BraTS2021_00122,32.28268,0.9891055226325989,0.081549086,0.7441285537700866,0.0,0.0
Uformer-lite (L1),BraTS2021_00122,31.795218,0.9891049861907959,0.082359955,0.8261306532663316,0.0,0.0
Uformer-lite (L1),BraTS2021_00122,31.521261,0.988040030002594,0.08597615,0.8682684341342171,0.011428571428571429,0.024390243902439025
Uformer-lite (L1),BraTS2021_00122,31.348562,0.9872649908065796,0.08883982,0.8308157099697885,0.0,0.0
Uformer-lite (L1),BraTS2021_00122,30.791399,0.9857004284858704,0.09332236,0.8933601609657947,0.014814814814814815,0.03619909502262444
Uformer-lite (L1),BraTS2021_00122,29.97082,0.9808701872825623,0.10362881,0.8279643591501028,0.1511111111111111,0.35789473684210527
Uformer-lite (L1),BraTS2021_00122,30.003922,0.9798006415367126,0.09724298,0.855461085676913,0.2630208333333333,0.5149051490514905
Uformer-lite (L1),BraTS2021_00122,29.743729,0.9784277677536011,0.09862576,0.8859483301827347,0.2639593908629442,0.47858942065491183
Uformer-lite (L1),BraTS2021_00122,29.994032,0.9784427881240845,0.092778005,0.8956680902989628,0.4066298342541437,0.5685884691848907
Uformer-lite (L1),BraTS2021_00122,30.195055,0.9770786762237549,0.09257416,0.8651960784313726,0.3656387665198238,0.5176908752327747
Uformer-lite (L1),BraTS2021_00122,29.436703,0.9708302021026611,0.0999388,0.8298653610771114,0.2637837837837838,0.4293785310734463
Uformer-lite (L1),BraTS2021_00122,30.068928,0.9737992286682129,0.09211163,0.8849162011173184,0.2046908315565032,0.3256637168141593
Uformer-lite (L1),BraTS2021_00122,30.229017,0.9732265472412109,0.087655045,0.9499747347145022,0.3578336557059961,0.39556962025316456
Uformer-lite (L1),BraTS2021_00122,30.359346,0.9739546179771423,0.08436861,0.9442491210447012,0.40037243947858475,0.4222873900293255
Uformer-lite (L1),BraTS2021_00122,30.365685,0.9680662751197815,0.08547151,0.9361488185017597,0.6804915514592934,0.6761487964989059
Uformer-lite (L1),BraTS2021_00122,30.75536,0.9717609286308289,0.08130831,0.9427872860635697,0.7036474164133738,0.7098121085594989
Uformer-lite (L1),BraTS2021_00122,31.114864,0.9736665487289429,0.07786781,0.9173008625063419,0.4619516562220233,0.5692883895131086
Uformer-lite (L1),BraTS2021_00122,31.055702,0.9747440218925476,0.07561661,0.9348931841302136,0.5968928863450531,0.6236297198538368
Uformer-lite (L1),BraTS2021_00122,31.911324,0.9759989976882935,0.07020913,0.9293873312564901,0.5147313691507799,0.5663956639566395
Uformer-lite (L1),BraTS2021_00122,32.180904,0.9758613705635071,0.06857735,0.9331952356292077,0.6576648133439238,0.6563245823389021
Uformer-lite (L1),BraTS2021_00122,32.178062,0.9753941297531128,0.06875038,0.9309623430962343,0.5457685664939551,0.5381414701803051
Uformer-lite (L1),BraTS2021_00122,32.153793,0.9728302955627441,0.07040188,0.8939478067740144,0.4049904030710173,0.475177304964539
Uformer-lite (L1),BraTS2021_00122,32.209557,0.9745453000068665,0.07055003,0.9193457416807671,0.3695431472081218,0.4202020202020202
Uformer-lite (L1),BraTS2021_00122,32.181458,0.9743266701698303,0.06971756,0.9137418203450327,0.4040609137055838,0.47780126849894294
Uformer-lite (L1),BraTS2021_00122,32.308697,0.9765048027038574,0.06731534,0.9417417417417417,0.5147347740667977,0.5260960334029228
Uformer-lite (L1),BraTS2021_00122,32.479813,0.9757437109947205,0.06692876,0.9410222804718218,0.5011600928074246,0.5920745920745921
Uformer-lite (L1),BraTS2021_00122,32.355785,0.9754671454429626,0.06718401,0.9640479360852197,0.5,0.6009615384615384
Uformer-lite (L1),BraTS2021_00122,32.560776,0.979059100151062,0.064908996,0.9593383873190903,0.3220858895705521,0.5664739884393064
Uformer-lite (L1),BraTS2021_00122,32.115086,0.97635817527771,0.06936625,0.953203743700504,0.44916540212443096,0.7439353099730458
Uformer-lite (L1),BraTS2021_00122,32.21905,0.9791221022605896,0.06747395,0.9432248296744891,0.40611353711790393,0.6344827586206897
Uformer-lite (L1),BraTS2021_00122,32.29691,0.9814608097076416,0.066383205,0.9414556962025317,0.4636118598382749,0.63003663003663
Uformer-lite (L1),BraTS2021_00122,32.688034,0.9821071624755859,0.06488346,0.9359933499584372,0.6006191950464397,0.7218045112781954
Uformer-lite (L1),BraTS2021_00122,32.719967,0.9809818267822266,0.065818734,0.8909952606635071,0.6619217081850534,0.7763713080168776
Uformer-lite (L1),BraTS2021_00122,32.908108,0.9830327033996582,0.062318165,0.8758974358974358,0.6963562753036437,0.7904761904761904
Uformer-lite (L1),BraTS2021_00122,32.972836,0.9823387265205383,0.06355259,0.9108485499462943,0.6292134831460674,0.7671232876712328
Uformer-lite (L1),BraTS2021_00122,33.02979,0.9832976460456848,0.062232666,0.9158016147635525,0.5037037037037037,0.6407766990291263
Uformer-lite (L1),BraTS2021_00122,33.27031,0.9831199049949646,0.060828626,0.8990147783251231,0.025974025974025976,0.06666666666666667
Uformer-lite (L1),BraTS2021_00122,33.285225,0.9832173585891724,0.061711572,0.9164490861618799,0.0,0.0
Uformer-lite (L1),BraTS2021_00122,33.48449,0.9857192039489746,0.059270285,0.8768768768768769,0.0,0.0
Uformer-lite (L1),BraTS2021_00122,33.709267,0.9867480993270874,0.05647076,0.8613376835236541,0.0,0.0
Uformer-lite (L1),BraTS2021_00122,33.720055,0.9860830903053284,0.05739497,0.6370023419203747,0.0,0.0
Uformer-lite (L1),BraTS2021_00122,33.75023,0.9856507182121277,0.057447594,0.8,nan,nan
Uformer-lite (L1),BraTS2021_00124,30.050783,0.9871994853019714,0.11301406,0.0,nan,nan
Uformer-lite (L1),BraTS2021_00124,29.812347,0.9875891208648682,0.10899909,0.0,nan,nan
Uformer-lite (L1),BraTS2021_00124,29.902653,0.9869252443313599,0.109169304,0.3060921248142645,0.0,nan
Uformer-lite (L1),BraTS2021_00124,30.085236,0.9876889586448669,0.10356368,0.5197604790419161,0.022598870056497175,0.0
Uformer-lite (L1),BraTS2021_00124,29.8711,0.9866220951080322,0.10545561,0.6182902584493042,0.009900990099009901,0.0
Uformer-lite (L1),BraTS2021_00124,29.502224,0.9863585233688354,0.10277506,0.6612244897959184,0.2857142857142857,0.11594202898550725
Uformer-lite (L1),BraTS2021_00124,30.087759,0.9878465533256531,0.09531424,0.6886395511921458,0.10294117647058823,0.0
Uformer-lite (L1),BraTS2021_00124,30.33659,0.9885931015014648,0.09028245,0.6987654320987654,0.4195583596214511,0.1889763779527559
Uformer-lite (L1),BraTS2021_00124,30.497005,0.9890055656433105,0.08785722,0.7183176535694521,0.3893805309734513,0.4
Uformer-lite (L1),BraTS2021_00124,30.402199,0.9892261028289795,0.0848695,0.7361722956436613,0.8908091123330715,0.5361803084223014
Uformer-lite (L1),BraTS2021_00124,30.5355,0.9904826879501343,0.08004301,0.735533647663952,0.7594529364440868,0.5779927448609432
Uformer-lite (L1),BraTS2021_00124,30.604952,0.9906536936759949,0.079163305,0.8090941898231685,0.4680038204393505,0.5732484076433121
Uformer-lite (L1),BraTS2021_00124,31.100601,0.9915138483047485,0.07491827,0.7988942639944713,0.7705212702216896,0.4856348470806302
Uformer-lite (L1),BraTS2021_00124,30.780037,0.9914236068725586,0.075256996,0.82564605822702,0.6696629213483146,0.5294117647058824
Uformer-lite (L1),BraTS2021_00124,30.342846,0.991258442401886,0.07604709,0.871825876662636,0.8107646304997864,0.5205288796102993
Uformer-lite (L1),BraTS2021_00124,30.711832,0.991941511631012,0.072585136,0.8658008658008658,0.4021276595744681,0.5383806519453207
Uformer-lite (L1),BraTS2021_00124,30.614697,0.9921047687530518,0.071590394,0.8634265544393158,0.8042369556688898,0.5579710144927537
Uformer-lite (L1),BraTS2021_00124,30.006657,0.9908413887023926,0.07576987,0.8651973347001538,0.5820958845990666,0.591044776119403
Uformer-lite (L1),BraTS2021_00124,29.512531,0.9898512959480286,0.07806885,0.8860078277886497,0.8451718494271686,0.5991146089522873
Uformer-lite (L1),BraTS2021_00124,28.943436,0.9882758259773254,0.080174275,0.9027777777777778,0.6797385620915033,0.6931034482758621
Uformer-lite (L1),BraTS2021_00124,28.619293,0.9875127077102661,0.08105732,0.9177565949900244,0.6099644128113879,0.6273062730627307
Uformer-lite (L1),BraTS2021_00124,29.433613,0.9887306690216064,0.07456041,0.9030028083819399,0.6686547382372432,0.7130825379000562
Uformer-lite (L1),BraTS2021_00124,29.890831,0.9896348714828491,0.07053233,0.8870257807587508,0.5118138858596873,0.6720977596741344
Uformer-lite (L1),BraTS2021_00124,29.645031,0.9889687299728394,0.071395464,0.8800651598452454,0.9159793814432989,0.591231732776618
Uformer-lite (L1),BraTS2021_00124,30.02887,0.9903603196144104,0.06636256,0.8860155162124528,0.7469950161243037,0.6642143983184445
Uformer-lite (L1),BraTS2021_00124,29.905945,0.9891349077224731,0.06778385,0.8806729264475743,0.8324980216301767,0.6149892933618843
Uformer-lite (L1),BraTS2021_00124,29.860651,0.9889764189720154,0.06775294,0.8710045662100456,0.9119270458363331,0.567359507313318
Uformer-lite (L1),BraTS2021_00124,29.818684,0.988621711730957,0.06711121,0.8631578947368421,0.7887398053143909,0.6326440827100748
Uformer-lite (L1),BraTS2021_00124,29.132662,0.9870526790618896,0.07065247,0.857707509881423,0.880833925610045,0.5895727165817326
Uformer-lite (L1),BraTS2021_00124,29.724625,0.987309455871582,0.066358976,0.8542181433109778,0.8118959107806691,0.6045738045738046
Uformer-lite (L1),BraTS2021_00124,30.28486,0.9887889623641968,0.06215271,0.8521495980426425,0.7965043695380774,0.5995771670190275
Uformer-lite (L1),BraTS2021_00124,29.774694,0.9869120121002197,0.06556388,0.8617095205003474,0.862663906142167,0.6375506528590725
Uformer-lite (L1),BraTS2021_00124,30.929226,0.9898698329925537,0.05719479,0.8871473354231975,0.6560903468674375,0.6921832884097036
Uformer-lite (L1),BraTS2021_00124,30.854662,0.9898092746734619,0.05758646,0.8941465124430424,0.8380733944954128,0.4953632148377125
Uformer-lite (L1),BraTS2021_00124,31.362314,0.9903239011764526,0.055275653,0.9124714962287318,0.967098703888335,0.4683782091421415
Uformer-lite (L1),BraTS2021_00124,31.476868,0.9907040596008301,0.05430924,0.9190325972660357,0.9430597771023302,0.5023728813559322
Uformer-lite (L1),BraTS2021_00124,31.64337,0.9906812906265259,0.054000773,0.9237018721299894,0.9616378453587756,0.46827794561933533
Uformer-lite (L1),BraTS2021_00124,31.42583,0.9906654953956604,0.05421701,0.9329824561403509,0.955595026642984,0.46718027734976886
Uformer-lite (L1),BraTS2021_00124,32.40048,0.9927170276641846,0.048354134,0.933215859030837,0.8435643564356435,0.5375700934579439
Uformer-lite (L1),BraTS2021_00124,31.585028,0.9911055564880371,0.052793045,0.9371002132196162,0.9272690022536365,0.4490590525632706
Uformer-lite (L1),BraTS2021_00124,32.040035,0.9920291900634766,0.049675588,0.9419953596287703,0.8938334392879848,0.5477928397636427
Uformer-lite (L1),BraTS2021_00124,31.515293,0.99111407995224,0.053054906,0.9420863309352518,0.941824862216779,0.49514563106796117
Uformer-lite (L1),BraTS2021_00124,32.210247,0.9920756816864014,0.05033131,0.9435748088824172,0.7971864009378663,0.6283557046979866
Uformer-lite (L1),BraTS2021_00124,31.953285,0.9917030930519104,0.051260576,0.9494690589527646,0.9335006273525721,0.5624774936982355
Uformer-lite (L1),BraTS2021_00124,31.935429,0.9912998676300049,0.052732904,0.9421825618144637,0.9433011339773204,0.49381912817176316
Uformer-lite (L1),BraTS2021_00124,32.60003,0.9922154545783997,0.04972228,0.9442268233538519,0.6684378320935175,0.6424528301886793
Uformer-lite (L1),BraTS2021_00124,31.698025,0.9908715486526489,0.053776342,0.9434675742106259,0.9101849788277245,0.5210786175465248
Uformer-lite (L1),BraTS2021_00124,32.017773,0.9913347363471985,0.05231397,0.9344420808354283,0.854775828460039,0.5034177724165662
Uformer-lite (L1),BraTS2021_00124,32.22783,0.9908576011657715,0.05287076,0.9318092234923138,0.830319544216002,0.47463456577815993
Uformer-lite (L1),BraTS2021_00124,32.42205,0.9907373785972595,0.05310896,0.9197580645161291,0.7675007028394715,0.49337410805300713
Uformer-lite (L1),BraTS2021_00124,32.41473,0.9904093742370605,0.05405082,0.8999375910131059,0.7831395348837209,0.5002736726874658
Uformer-lite (L1),BraTS2021_00124,32.673187,0.9907737374305725,0.052732088,0.8989001692047377,0.8249328959141068,0.3989247311827957
Uformer-lite (L1),BraTS2021_00124,32.79084,0.9911206364631653,0.051371455,0.8789612676056338,0.3985067662155856,0.5452229299363057
Uformer-lite (L1),BraTS2021_00124,33.031612,0.9899738430976868,0.05228686,0.8425969173283513,0.8849379402884938,0.18723404255319148
Uformer-lite (L1),BraTS2021_00124,33.476543,0.9904385209083557,0.05056976,0.8347027549540841,0.7584246853430775,0.208955223880597
Uformer-lite (L1),BraTS2021_00124,33.47613,0.9901718497276306,0.0517047,0.8310502283105022,0.1679790026246719,0.1568627450980392
Uformer-lite (L1),BraTS2021_00124,33.34841,0.9899226427078247,0.051629737,0.8474221408008374,0.6682600382409177,0.10449574726609964
Uformer-lite (L1),BraTS2021_00124,33.86891,0.9888828992843628,0.052019663,0.7993158494868872,0.6325193567599762,0.02356902356902357
Uformer-lite (L1),BraTS2021_00124,33.754574,0.9884731769561768,0.053489134,0.7847008019740901,0.28698752228163993,0.0
Uformer-lite (L1),BraTS2021_00124,34.178497,0.9887611269950867,0.052031368,0.728403593642018,0.05843293492695883,0.0
Uformer-lite (L1),BraTS2021_00124,34.218258,0.9871325492858887,0.0539344,0.7121451104100947,0.15355805243445692,0.0
Uformer-lite (L1),BraTS2021_00124,34.71153,0.9867513179779053,0.051586427,0.6903846153846154,0.29473684210526313,0.0
Uformer-lite (L1),BraTS2021_00124,34.493134,0.9862321615219116,0.052840475,0.6966686148451198,0.0,nan
Uformer-lite (L1),BraTS2021_00124,34.591957,0.9867714643478394,0.053078998,0.43169398907103823,0.0,0.0
Uformer-lite (L1),BraTS2021_00124,34.61068,0.9853074550628662,0.052961558,0.0,nan,nan
Uformer-lite (L1),BraTS2021_00124,34.602818,0.9861879348754883,0.05344722,0.0,nan,nan
Uformer-lite (L1),BraTS2021_00128,31.509617,0.9913787245750427,0.07805066,0.599388379204893,nan,nan
Uformer-lite (L1),BraTS2021_00128,31.09401,0.9911209344863892,0.079465106,0.38716356107660455,nan,nan
Uformer-lite (L1),BraTS2021_00128,31.23024,0.9915364980697632,0.07798066,0.35053885422575154,nan,nan
Uformer-lite (L1),BraTS2021_00128,31.255209,0.9914236664772034,0.078115374,0.5797101449275363,nan,nan
Uformer-lite (L1),BraTS2021_00128,31.015686,0.9910426139831543,0.079631075,0.6897880539499036,nan,nan
Uformer-lite (L1),BraTS2021_00128,30.878134,0.9905050992965698,0.081562705,0.6832779623477298,nan,nan
Uformer-lite (L1),BraTS2021_00128,30.713379,0.9907063841819763,0.08064923,0.709452736318408,0.0,nan
Uformer-lite (L1),BraTS2021_00128,30.664017,0.9903499484062195,0.08174554,0.7815326035221323,0.0,0.0
Uformer-lite (L1),BraTS2021_00128,30.752485,0.9900969862937927,0.08161135,0.8422535211267606,0.0,0.0
Uformer-lite (L1),BraTS2021_00128,30.525894,0.9906278848648071,0.07949429,0.8238884045335658,0.0,0.0
Uformer-lite (L1),BraTS2021_00128,30.732233,0.9905535578727722,0.07868631,0.8640139921294272,nan,nan
Uformer-lite (L1),BraTS2021_00128,30.542442,0.9902583956718445,0.07947578,0.8955839867932315,nan,nan
Uformer-lite (L1),BraTS2021_00128,30.43006,0.9902312159538269,0.07942922,0.8968538430904023,0.0,0.0
Uformer-lite (L1),BraTS2021_00128,30.835217,0.9908325672149658,0.07495096,0.9238740534077322,0.0,0.0
Uformer-lite (L1),BraTS2021_00128,30.87716,0.9910587072372437,0.07467406,0.9052550824702723,0.0,0.0
Uformer-lite (L1),BraTS2021_00128,30.992691,0.9909089207649231,0.07321015,0.9201080663836356,0.0,0.0
Uformer-lite (L1),BraTS2021_00128,30.51095,0.9899395704269409,0.07522382,0.9247975318164289,0.0,0.0
Uformer-lite (L1),BraTS2021_00128,30.374409,0.989611804485321,0.07569597,0.8840950639853747,0.0,0.0
Uformer-lite (L1),BraTS2021_00128,30.354126,0.9888912439346313,0.07533932,0.8809265291349981,0.1933534743202417,0.21122112211221122
Uformer-lite (L1),BraTS2021_00128,30.113396,0.9865074157714844,0.07819058,0.9092250922509225,0.3782608695652174,0.4009216589861751
Uformer-lite (L1),BraTS2021_00128,30.402422,0.9877970814704895,0.07434929,0.8836545324768023,0.35315985130111527,0.35714285714285715
Uformer-lite (L1),BraTS2021_00128,30.469925,0.9871982336044312,0.07343813,0.8588525167194649,0.2642857142857143,0.26570915619389585
Uformer-lite (L1),BraTS2021_00128,30.375488,0.9858906865119934,0.07547873,0.8596802841918295,0.2909090909090909,0.2953020134228188
Uformer-lite (L1),BraTS2021_00128,30.596333,0.9856671690940857,0.071876355,0.8980938416422287,0.31432973805855163,0.3167701863354037
Uformer-lite (L1),BraTS2021_00128,30.706903,0.9872814416885376,0.069023095,0.8282493368700266,0.2533532041728763,0.2552552552552553
Uformer-lite (L1),BraTS2021_00128,30.293682,0.9844644069671631,0.07239618,0.8705962059620597,0.4681372549019608,0.4739454094292804
Uformer-lite (L1),BraTS2021_00128,30.883202,0.986304759979248,0.068496816,0.8514724711907811,0.32961586121437425,0.3486238532110092
Uformer-lite (L1),BraTS2021_00128,30.899961,0.985787570476532,0.067708336,0.8746101060511541,0.3003337041156841,0.3511053315994798
Uformer-lite (L1),BraTS2021_00128,31.155025,0.9850662350654602,0.0668085,0.913125,0.5523465703971119,0.5420353982300885
Uformer-lite (L1),BraTS2021_00128,30.974237,0.9841539859771729,0.06750309,0.9124888757045387,0.7789165446559297,0.6957364341085271
Uformer-lite (L1),BraTS2021_00128,31.172268,0.9857482314109802,0.06518082,0.8838105726872246,0.587551867219917,0.6116207951070336
Uformer-lite (L1),BraTS2021_00128,30.992355,0.9842315316200256,0.06481212,0.8878153515834675,0.7581329561527581,0.7586821015138023
Uformer-lite (L1),BraTS2021_00128,31.652338,0.9852309226989746,0.062000014,0.9412419938735728,0.8347375243033053,0.7918436703483432
Uformer-lite (L1),BraTS2021_00128,31.257639,0.9847996830940247,0.0634765,0.9177018633540373,0.8417085427135679,0.8240963855421687
Uformer-lite (L1),BraTS2021_00128,31.06756,0.9831289649009705,0.06401689,0.943971081848696,0.7655942219304005,0.7493670886075949
Uformer-lite (L1),BraTS2021_00128,31.919056,0.9853970408439636,0.060224283,0.9581178903826267,0.7428949107732981,0.727580372250423
Uformer-lite (L1),BraTS2021_00128,31.62388,0.9866527318954468,0.05957048,0.9338657349638133,0.6134880348078318,0.6440071556350626
Uformer-lite (L1),BraTS2021_00128,31.809319,0.987571656703949,0.059136786,0.9175434303890384,0.6492220650636492,0.656084656084656
Uformer-lite (L1),BraTS2021_00128,31.944506,0.9871968626976013,0.05862537,0.9561470215462611,0.47534357316087306,0.4661957618567104
Uformer-lite (L1),BraTS2021_00128,32.06776,0.987415075302124,0.05871337,0.964867617107943,0.6724014336917563,0.5925925925925926
Uformer-lite (L1),BraTS2021_00128,32.080147,0.9864329099655151,0.058905642,0.9643947100712106,0.6967272727272728,0.6812447434819175
Uformer-lite (L1),BraTS2021_00128,31.873505,0.9883180260658264,0.058844045,0.9471045374780647,0.4641885766092475,0.5075528700906344
Uformer-lite (L1),BraTS2021_00128,31.943707,0.9879137873649597,0.05841807,0.9541656115472271,0.42540904716073147,0.4463336875664187
Uformer-lite (L1),BraTS2021_00128,32.139774,0.9871816039085388,0.058323573,0.9617458279845956,0.5487693710118505,0.5694980694980695
Uformer-lite (L1),BraTS2021_00128,32.225166,0.9859693646430969,0.059395857,0.9592363261093911,0.7564516129032258,0.738488271068636
Uformer-lite (L1),BraTS2021_00128,31.880737,0.9863089919090271,0.059867956,0.9395731550527128,0.5727969348659003,0.5772357723577236
Uformer-lite (L1),BraTS2021_00128,32.20611,0.9843277335166931,0.05955084,0.9563365282215123,0.6122047244094488,0.6310380267214799
Uformer-lite (L1),BraTS2021_00128,31.979874,0.9852817058563232,0.059366766,0.913303827128352,0.6031746031746031,0.6053811659192825
Uformer-lite (L1),BraTS2021_00128,32.01851,0.9840341210365295,0.0615692,0.9449566918133557,0.5727482678983834,0.5883748517200474
Uformer-lite (L1),BraTS2021_00128,32.0213,0.9829694032669067,0.06287045,0.9388824214202561,0.41068917018284107,0.42196531791907516
Uformer-lite (L1),BraTS2021_00128,32.05044,0.9845796823501587,0.06163902,0.9028436018957346,0.2765598650927487,0.28321678321678323
Uformer-lite (L1),BraTS2021_00128,32.158787,0.9841989874839783,0.06128448,0.8919925512104283,0.10743801652892562,0.1111111111111111
Uformer-lite (L1),BraTS2021_00128,31.997036,0.9840415120124817,0.06373768,0.8803418803418803,0.302771855010661,0.3169642857142857
Uformer-lite (L1),BraTS2021_00128,31.842749,0.9822701215744019,0.065916374,0.8827441372068603,0.10354223433242507,0.11875
Uformer-lite (L1),BraTS2021_00128,32.03257,0.9830332398414612,0.06612982,0.8588322246858833,0.0,0.0
Uformer-lite (L1),BraTS2021_00128,31.234274,0.9829570651054382,0.06936053,0.7987781596029019,0.0,0.0
Uformer-lite (L1),BraTS2021_00128,31.188438,0.983251690864563,0.07173371,0.7305785123966942,0.0,0.0
Uformer-lite (L1),BraTS2021_00128,31.135117,0.9821790456771851,0.073256664,0.6737554374093765,0.0,0.0
Uformer-lite (L1),BraTS2021_00128,31.537987,0.9820513129234314,0.07403331,0.7200538358008075,0.0,0.0
Uformer-lite (L1),BraTS2021_00128,31.274958,0.9839598536491394,0.07389623,0.574111334674715,nan,nan
Uformer-lite (L1),BraTS2021_00128,30.88314,0.9812450408935547,0.07908658,0.6710239651416122,nan,nan
Uformer-lite (L1),BraTS2021_00128,30.751143,0.9813815951347351,0.082261406,0.6283185840707964,nan,nan
Uformer-lite (L1),BraTS2021_00128,30.42842,0.9808768630027771,0.08548594,0.574757281553398,nan,nan
Uformer-lite (L1),BraTS2021_00132,29.355143,0.982477068901062,0.12201087,0.797583081570997,0.0,0.0
Uformer-lite (L1),BraTS2021_00132,29.430485,0.983326256275177,0.11707504,0.7956989247311828,0.0,0.0
Uformer-lite (L1),BraTS2021_00132,29.270628,0.9825553894042969,0.11522536,0.8267008985879333,0.0,0.0
Uformer-lite (L1),BraTS2021_00132,28.956879,0.9816710352897644,0.115623124,0.8522483940042827,0.0,0.0
Uformer-lite (L1),BraTS2021_00132,29.538763,0.9830225110054016,0.107341036,0.8281101614434948,0.0,0.0
Uformer-lite (L1),BraTS2021_00132,29.987633,0.9841651916503906,0.10110043,0.763986013986014,0.055415617128463476,0.05945945945945946
Uformer-lite (L1),BraTS2021_00132,30.080383,0.9852582812309265,0.096267074,0.7988546886184682,0.504225352112676,0.5311572700296736
Uformer-lite (L1),BraTS2021_00132,30.013895,0.984645664691925,0.0973012,0.9334126040428062,0.7651663405088063,0.7979591836734694
Uformer-lite (L1),BraTS2021_00132,29.89664,0.9845744967460632,0.095512316,0.8976458546571137,0.7774979009235936,0.8180212014134276
Uformer-lite (L1),BraTS2021_00132,30.101234,0.9847583770751953,0.094587095,0.9184128399465002,0.8141342756183746,0.8333333333333334
Uformer-lite (L1),BraTS2021_00132,30.073448,0.9854338765144348,0.09190051,0.9521431543903454,0.8633004926108374,0.8807817589576548
Uformer-lite (L1),BraTS2021_00132,30.142567,0.9861000180244446,0.09049828,0.9449068569163694,0.8485562757807896,0.7827897293546149
Uformer-lite (L1),BraTS2021_00132,29.621273,0.9844406247138977,0.09576046,0.948905109489051,0.7923399162178336,0.7524163568773234
Uformer-lite (L1),BraTS2021_00132,29.063147,0.9835416674613953,0.09824427,0.9307359307359307,0.5547143840330351,0.6078602620087337
Uformer-lite (L1),BraTS2021_00132,28.310108,0.9801318049430847,0.103641726,0.9461942257217848,0.5744262295081968,0.6859983429991715
Uformer-lite (L1),BraTS2021_00132,28.171638,0.9772205352783203,0.10586541,0.9532418952618454,0.7163160886867538,0.7909356725146199
Uformer-lite (L1),BraTS2021_00132,27.638592,0.9732762575149536,0.10719518,0.9659318637274549,0.8275862068965517,0.8663303909205549
Uformer-lite (L1),BraTS2021_00132,27.859894,0.9728541970252991,0.10494002,0.9347711730668069,0.760792280345353,0.8332322619769558
Uformer-lite (L1),BraTS2021_00132,27.82383,0.9691567420959473,0.10125613,0.9513184584178499,0.7739463601532567,0.8590831918505942
Uformer-lite (L1),BraTS2021_00132,27.958447,0.9710966348648071,0.09789523,0.9255369928400955,0.8096730855351545,0.8318485523385301
Uformer-lite (L1),BraTS2021_00132,28.419771,0.9693452715873718,0.092336126,0.9285714285714286,0.8955105284068335,0.8652195860676426
Uformer-lite (L1),BraTS2021_00132,28.393972,0.96509850025177,0.09307548,0.9475629475629476,0.9434654919236417,0.8840919755983107
Uformer-lite (L1),BraTS2021_00132,28.531132,0.9649307727813721,0.08929912,0.9386654684340597,0.9404634581105169,0.8493803622497617
Uformer-lite (L1),BraTS2021_00132,28.888615,0.966488778591156,0.0855751,0.9499097472924187,0.9415041782729805,0.9246753246753247
Uformer-lite (L1),BraTS2021_00132,29.335115,0.9694077372550964,0.08095528,0.937814357567444,0.8386363636363636,0.7869852567361464
Uformer-lite (L1),BraTS2021_00132,29.864113,0.9678581357002258,0.07871865,0.9338939500116795,0.8679107208196122,0.8459633481921743
Uformer-lite (L1),BraTS2021_00132,29.599155,0.9669200778007507,0.077650405,0.9345531315974666,0.6643747314138375,0.7778369738945126
Uformer-lite (L1),BraTS2021_00132,29.856443,0.964188277721405,0.077442005,0.926829268292683,0.8084291187739464,0.8273520853540253
Uformer-lite (L1),BraTS2021_00132,29.698925,0.962955892086029,0.07616278,0.9483074107959744,0.9041190723433714,0.9015025041736227
Uformer-lite (L1),BraTS2021_00132,29.856146,0.9629793763160706,0.0748508,0.9591292758773878,0.8901813205610674,0.8834990059642147
Uformer-lite (L1),BraTS2021_00132,29.875015,0.9633126258850098,0.07389964,0.9632987910189983,0.8951994590939825,0.9061317183951552
Uformer-lite (L1),BraTS2021_00132,30.038712,0.9619545936584473,0.07372747,0.9694137638062872,0.9137022397891963,0.9241480395749359
Uformer-lite (L1),BraTS2021_00132,29.95226,0.9631266593933105,0.07350475,0.96875,0.9413649471323294,0.9468738706179979
Uformer-lite (L1),BraTS2021_00132,30.154898,0.9661075472831726,0.07083224,0.953555598381191,0.8847957133288681,0.900860456416012
Uformer-lite (L1),BraTS2021_00132,30.323751,0.9641711115837097,0.07226676,0.962934362934363,0.9150242326332795,0.9052631578947369
Uformer-lite (L1),BraTS2021_00132,29.949215,0.9677400588989258,0.0706755,0.9667799169497924,0.9463781749764817,0.9276476756378889
Uformer-lite (L1),BraTS2021_00132,30.242346,0.970371425151825,0.07026098,0.9628800596903563,0.9035702369035702,0.9025830258302583
Uformer-lite (L1),BraTS2021_00132,30.29024,0.9726133346557617,0.069330335,0.9562476826103078,0.949119373776908,0.8931443891229414
Uformer-lite (L1),BraTS2021_00132,30.178492,0.9712836742401123,0.07033073,0.9606953892668179,0.8502054538662682,0.8841413311421529
Uformer-lite (L1),BraTS2021_00132,30.302725,0.9739568829536438,0.06969111,0.9558202074529389,0.8183319570602807,0.8172142526608052
Uformer-lite (L1),BraTS2021_00132,30.036022,0.9748425483703613,0.07061332,0.943872596620703,0.8504631671812969,0.8437200383509108
Uformer-lite (L1),BraTS2021_00132,30.05264,0.9741660952568054,0.070230246,0.9305754659021094,0.8614634146341463,0.8650875386199794
Uformer-lite (L1),BraTS2021_00132,30.109758,0.9729205965995789,0.07110942,0.9557761732851986,0.9485481406011207,0.9537815126050421
Uformer-lite (L1),BraTS2021_00132,30.192148,0.9722635746002197,0.07220464,0.9439704865114135,0.919774011299435,0.9293981481481481
Uformer-lite (L1),BraTS2021_00132,30.223,0.9740070104598999,0.07007325,0.9319423745653254,0.8815533980582524,0.8919631093544137
Uformer-lite (L1),BraTS2021_00132,30.300463,0.9759429693222046,0.069222726,0.9388611912883758,0.846441947565543,0.8698999230177059
Uformer-lite (L1),BraTS2021_00132,30.258123,0.9722380042076111,0.070609726,0.9430575035063113,0.8371308016877637,0.857389801210026
Uformer-lite (L1),BraTS2021_00132,30.683897,0.9755548238754272,0.06868503,0.9298091042584434,0.772256728778468,0.783068783068783
Uformer-lite (L1),BraTS2021_00132,30.742186,0.9767666459083557,0.06648648,0.9332161687170475,0.6730245231607629,0.7018544935805991
Uformer-lite (L1),BraTS2021_00132,30.991774,0.9762470126152039,0.06545223,0.9544760158875649,0.4685466377440347,0.5034965034965035
Uformer-lite (L1),BraTS2021_00132,31.160746,0.9755709171295166,0.065441854,0.9550281074328545,0.0,0.0
Uformer-lite (L1),BraTS2021_00132,31.316397,0.9751260280609131,0.06552909,0.9432989690721649,0.0,0.0
Uformer-lite (L1),BraTS2021_00132,31.18079,0.9755340218544006,0.06484113,0.9250165892501659,0.0,0.0
Uformer-lite (L1),BraTS2021_00132,31.257645,0.9716826677322388,0.065667994,0.9365994236311239,nan,nan
Uformer-lite (L1),BraTS2021_00132,31.158264,0.9689978361129761,0.065037556,0.9233903830480847,nan,nan
Uformer-lite (L1),BraTS2021_00132,31.24655,0.968436062335968,0.064926684,0.9259259259259259,nan,nan
Uformer-lite (L1),BraTS2021_00132,31.104727,0.965603232383728,0.06513914,0.8891149542217701,nan,nan
Uformer-lite (L1),BraTS2021_00132,31.483915,0.9639943242073059,0.06413142,0.9258123850398529,nan,nan
Uformer-lite (L1),BraTS2021_00132,31.483967,0.9668883085250854,0.06315691,0.907605279698303,nan,nan
Uformer-lite (L1),BraTS2021_00132,31.737858,0.9619216322898865,0.064313814,0.9173826834104428,nan,nan
Uformer-lite (L1),BraTS2021_00132,31.693573,0.962853193283081,0.06278631,0.8892005610098177,nan,nan
Uformer-lite (L1),BraTS2021_00132,31.675743,0.9645090103149414,0.063642174,0.8809704321455648,nan,nan
Uformer-lite (L1),BraTS2021_00132,31.32914,0.9621002674102783,0.065376036,0.828665568369028,nan,nan
Uformer-lite (L1),BraTS2021_00132,31.703024,0.9615508317947388,0.06554384,0.8209150326797385,nan,nan
Uformer-lite (L1),BraTS2021_00132,31.03645,0.9596702456474304,0.0702526,0.6162790697674418,nan,nan
Uformer-lite (L1),BraTS2021_00133,28.58444,0.9834441542625427,0.12951729,0.7896995708154506,nan,nan
Uformer-lite (L1),BraTS2021_00133,28.092134,0.9799920916557312,0.13912782,0.7341772151898734,nan,nan
Uformer-lite (L1),BraTS2021_00133,28.732632,0.9827896952629089,0.12128947,0.7037773359840954,nan,nan
Uformer-lite (L1),BraTS2021_00133,28.672018,0.981707751750946,0.12309216,0.7437686939182453,nan,nan
Uformer-lite (L1),BraTS2021_00133,28.964462,0.9818605780601501,0.11842459,0.7718960538979788,0.0,0.0
Uformer-lite (L1),BraTS2021_00133,28.930603,0.9832330346107483,0.11401812,0.7877055039313795,0.0,0.0
Uformer-lite (L1),BraTS2021_00133,28.879301,0.98237544298172,0.113420516,0.835572616762636,0.0,0.0
Uformer-lite (L1),BraTS2021_00133,29.332794,0.9830279350280762,0.10978215,0.8773987206823027,0.6098654708520179,0.6222222222222222
Uformer-lite (L1),BraTS2021_00133,28.810093,0.9811781048774719,0.11474957,0.8765306122448979,0.6813880126182965,0.6946564885496184
Uformer-lite (L1),BraTS2021_00133,28.7737,0.9811050891876221,0.114580415,0.9087557603686636,0.7974413646055437,0.7810945273631841
Uformer-lite (L1),BraTS2021_00133,29.224644,0.9835341572761536,0.107347965,0.8840764331210191,0.7882736156351792,0.777120315581854
Uformer-lite (L1),BraTS2021_00133,28.966927,0.9829518795013428,0.10930209,0.8520408163265306,0.7633136094674556,0.8072072072072072
Uformer-lite (L1),BraTS2021_00133,29.515366,0.9841785430908203,0.10513181,0.8625629113433991,0.8400435255712732,0.8240343347639485
Uformer-lite (L1),BraTS2021_00133,29.440483,0.9841925501823425,0.10529915,0.8877824588280352,0.9469964664310954,0.8852459016393442
Uformer-lite (L1),BraTS2021_00133,29.312275,0.983698844909668,0.106915675,0.8852941176470588,0.884022708840227,0.8114558472553699
Uformer-lite (L1),BraTS2021_00133,29.141117,0.9834688305854797,0.107970364,0.8863468634686347,0.7961838681699913,0.7904903417533432
Uformer-lite (L1),BraTS2021_00133,28.984804,0.983713686466217,0.10860098,0.8795305488436314,0.8129952456418383,0.814388489208633
Uformer-lite (L1),BraTS2021_00133,29.066425,0.9832941293716431,0.10858793,0.8774617067833698,0.8648648648648649,0.8051948051948052
Uformer-lite (L1),BraTS2021_00133,28.628748,0.9820168614387512,0.11324228,0.8808290155440415,0.7788117394416607,0.7896995708154506
Uformer-lite (L1),BraTS2021_00133,28.354858,0.9813985228538513,0.11425762,0.853427065026362,0.7253668763102725,0.7194805194805195
Uformer-lite (L1),BraTS2021_00133,28.05848,0.9798800349235535,0.11705387,0.88118478626725,0.7974921630094044,0.7792746113989637
Uformer-lite (L1),BraTS2021_00133,27.357693,0.9754117727279663,0.12481459,0.8260536398467433,0.8258145363408521,0.7582089552238805
Uformer-lite (L1),BraTS2021_00133,27.396095,0.9731945991516113,0.119313434,0.7749525616698292,0.6979310344827586,0.6680286006128703
Uformer-lite (L1),BraTS2021_00133,27.161469,0.9698360562324524,0.12082585,0.8168435467305717,0.8379022646007152,0.7695035460992907
Uformer-lite (L1),BraTS2021_00133,27.62356,0.968145489692688,0.117125474,0.7631754503002002,0.7784026996625422,0.7119234116623151
Uformer-lite (L1),BraTS2021_00133,27.777788,0.9683443903923035,0.112624176,0.8292086770546899,0.8079399141630901,0.7073578595317725
Uformer-lite (L1),BraTS2021_00133,26.98963,0.9628233313560486,0.116688855,0.8700854700854701,0.8206492815327302,0.7826797385620915
Uformer-lite (L1),BraTS2021_00133,27.563034,0.9633859395980835,0.11191978,0.8630705394190872,0.7723984418475236,0.7123287671232876
Uformer-lite (L1),BraTS2021_00133,27.610935,0.9647265672683716,0.107094854,0.8875512995896033,0.911504424778761,0.7578558225508318
Uformer-lite (L1),BraTS2021_00133,27.486755,0.964320182800293,0.10792377,0.8985664051934,0.8724066390041494,0.7385496183206107
Uformer-lite (L1),BraTS2021_00133,27.825182,0.9631226062774658,0.10796802,0.8638743455497382,0.8979591836734694,0.7319062181447502
Uformer-lite (L1),BraTS2021_00133,27.246487,0.9596999287605286,0.11203732,0.7623561272850372,0.5260196905766527,0.4662756598240469
Uformer-lite (L1),BraTS2021_00133,27.70032,0.9608720541000366,0.10334507,0.8459754885723749,0.7892271662763466,0.7721518987341772
Uformer-lite (L1),BraTS2021_00133,27.948942,0.9621005654335022,0.10281422,0.7925899019251725,0.7022900763358778,0.6075949367088608
Uformer-lite (L1),BraTS2021_00133,28.161118,0.960426926612854,0.09948899,0.4644893727319855,0.1627689429373246,0.14285714285714285
Uformer-lite (L1),BraTS2021_00133,28.347214,0.9664728045463562,0.09509015,0.6906934306569343,0.3342082239720035,0.3015075376884422
Uformer-lite (L1),BraTS2021_00133,28.362448,0.963182270526886,0.099351265,0.730186999109528,0.6760961810466761,0.5551020408163265
Uformer-lite (L1),BraTS2021_00133,28.809357,0.9668934941291809,0.091925554,0.8534176214934809,0.8482142857142857,0.7944621938232161
Uformer-lite (L1),BraTS2021_00133,28.80663,0.9698364734649658,0.09003417,0.8582708251085669,0.803921568627451,0.7982359426681367
Uformer-lite (L1),BraTS2021_00133,28.713558,0.9676800966262817,0.09213417,0.6913329954384186,0.5206991720331187,0.532608695652174
Uformer-lite (L1),BraTS2021_00133,28.786085,0.9678901433944702,0.09260596,0.6180594503645541,0.4943820224719101,0.45170876671619614
Uformer-lite (L1),BraTS2021_00133,28.41921,0.9626222252845764,0.09700441,0.664488017429194,0.5353003161222339,0.4622222222222222
Uformer-lite (L1),BraTS2021_00133,28.891205,0.9710273742675781,0.08936045,0.6793685356559608,0.15565345080763582,0.15073529411764705
Uformer-lite (L1),BraTS2021_00133,28.780628,0.9673752188682556,0.09093668,0.494213750850919,0.06049149338374291,0.05301204819277108
Uformer-lite (L1),BraTS2021_00133,28.646505,0.9702330231666565,0.09107589,0.5152590489709014,0.0,0.0
Uformer-lite (L1),BraTS2021_00133,29.189903,0.9727815389633179,0.087594494,0.6392045454545454,0.23300970873786409,0.24742268041237114
Uformer-lite (L1),BraTS2021_00133,28.507025,0.9705026149749756,0.09180824,0.6646058732612056,0.35294117647058826,0.3574468085106383
Uformer-lite (L1),BraTS2021_00133,29.164421,0.9745907187461853,0.08563972,0.697751873438801,0.0,0.0
Uformer-lite (L1),BraTS2021_00133,29.481495,0.9719940423965454,0.087009385,0.5876591576885406,0.0,0.0
Uformer-lite (L1),BraTS2021_00133,29.284563,0.9723080992698669,0.088085994,0.6269270298047277,0.0,0.0
Uformer-lite (L1),BraTS2021_00133,29.328358,0.9774240255355835,0.08357528,0.6821052631578948,nan,nan
Uformer-lite (L1),BraTS2021_00133,28.994781,0.9737763404846191,0.089068644,0.7038251366120218,nan,nan
Uformer-lite (L1),BraTS2021_00133,29.62843,0.9761618375778198,0.08425974,0.6727898966704937,nan,nan
Uformer-lite (L1),BraTS2021_00133,29.790913,0.9756672978401184,0.08264331,0.7516059957173448,nan,nan
Uformer-lite (L1),BraTS2021_00133,29.972626,0.9782003164291382,0.080032416,0.7842720510095643,nan,nan
Uformer-lite (L1),BraTS2021_00133,30.253174,0.9780075550079346,0.079035506,0.3310580204778157,nan,nan
Uformer-lite (L1),BraTS2021_00133,29.740421,0.9780312776565552,0.08091034,0.7229254571026723,nan,nan
Uformer-lite (L1),BraTS2021_00133,30.346453,0.9772648811340332,0.07853409,0.5759717314487632,nan,nan
Uformer-lite (L1),BraTS2021_00133,30.134644,0.9767680168151855,0.07870674,0.6379928315412187,nan,nan
Uformer-lite (L1),BraTS2021_00133,29.994297,0.9757047891616821,0.07963322,0.7841845140032949,nan,nan
Uformer-lite (L1),BraTS2021_00133,30.257698,0.977378249168396,0.07526257,0.7710371819960861,nan,nan
Uformer-lite (L1),BraTS2021_00133,30.07039,0.9761557579040527,0.07848612,0.7240618101545254,nan,nan
Uformer-lite (L1),BraTS2021_00133,30.48304,0.9760951995849609,0.072860174,0.6442577030812325,nan,nan
Uformer-lite (L1),BraTS2021_00133,30.32918,0.973078727722168,0.0747621,0.10101010101010101,nan,nan
