method,subject,psnr,ssim,nrmse,dice_wt,dice_tc,dice_et
Uformer + PathologyLoss,BraTS2021_00002,31.808775,0.977157711982727,0.16921823,0.0,nan,nan
Uformer + PathologyLoss,BraTS2021_00002,31.726923,0.9780295491218567,0.1633421,0.0,nan,nan
Uformer + PathologyLoss,BraTS2021_00002,31.193163,0.9768921136856079,0.16480656,0.0,nan,nan
Uformer + PathologyLoss,BraTS2021_00002,31.382847,0.9784330129623413,0.15538849,0.2857142857142857,nan,nan
Uformer + PathologyLoss,BraTS2021_00002,31.193577,0.9776559472084045,0.15527533,0.11214953271028037,nan,nan
Uformer + PathologyLoss,BraTS2021_00002,30.954094,0.9773172736167908,0.15304431,0.20253164556962025,nan,nan
Uformer + PathologyLoss,BraTS2021_00002,30.362358,0.9756847620010376,0.15394662,0.8586572438162544,nan,nan
Uformer + PathologyLoss,BraTS2021_00002,29.996712,0.9727088212966919,0.15825544,0.9175531914893617,nan,nan
Uformer + PathologyLoss,BraTS2021_00002,30.022585,0.9707119464874268,0.15883312,0.8993288590604027,nan,nan
Uformer + PathologyLoss,BraTS2021_00002,30.488853,0.9748235940933228,0.14389567,0.8785211267605634,nan,nan
Uformer + PathologyLoss,BraTS2021_00002,30.209057,0.9734355211257935,0.14436708,0.9135593220338983,nan,nan
Uformer + PathologyLoss,BraTS2021_00002,30.61677,0.974449634552002,0.13667265,0.904,nan,nan
Uformer + PathologyLoss,BraTS2021_00002,30.390892,0.9724167585372925,0.13498108,0.8640132669983416,nan,nan
Uformer + PathologyLoss,BraTS2021_00002,30.591381,0.9740286469459534,0.12944478,0.9045709703287891,nan,nan
Uformer + PathologyLoss,BraTS2021_00002,30.760536,0.9733018279075623,0.12745097,0.923836389280677,nan,nan
Uformer + PathologyLoss,BraTS2021_00002,30.752987,0.9722029566764832,0.12851007,0.6449207828518173,nan,nan
Uformer + PathologyLoss,BraTS2021_00002,30.533258,0.970786988735199,0.13109861,0.8330975954738331,nan,nan
Uformer + PathologyLoss,BraTS2021_00002,30.612413,0.9709874987602234,0.13100852,0.0,nan,nan
Uformer + PathologyLoss,BraTS2021_00002,30.290092,0.9699059128761292,0.1317217,0.1330049261083744,nan,nan
Uformer + PathologyLoss,BraTS2021_00002,30.199944,0.9675019979476929,0.13446791,0.0,nan,nan
Uformer + PathologyLoss,BraTS2021_00002,29.622875,0.9662595391273499,0.13366427,0.6977111286503551,nan,nan
Uformer + PathologyLoss,BraTS2021_00002,29.649147,0.9665727019309998,0.12970755,0.8023317435082141,0.0,0.0
Uformer + PathologyLoss,BraTS2021_00002,29.772339,0.9612502455711365,0.12987313,0.6596916299559471,0.0,0.0
Uformer + PathologyLoss,BraTS2021_00002,30.300827,0.9661334156990051,0.1173797,0.8502879078694817,0.0,0.0
Uformer + PathologyLoss,BraTS2021_00002,30.296604,0.9651317000389099,0.114116594,0.861878453038674,0.0,0.0
Uformer + PathologyLoss,BraTS2021_00002,30.36512,0.9608622193336487,0.11502894,0.6585535465924895,0.0,0.0
Uformer + PathologyLoss,BraTS2021_00002,30.4925,0.9604194760322571,0.11265188,0.7626624237602758,nan,nan
Uformer + PathologyLoss,BraTS2021_00002,30.426132,0.9623846411705017,0.10863249,0.7050522156364663,0.0,0.0
Uformer + PathologyLoss,BraTS2021_00002,30.712671,0.961158037185669,0.10874022,0.8110644603605829,0.0,0.0
Uformer + PathologyLoss,BraTS2021_00002,30.914907,0.9670470952987671,0.10219319,0.7447718631178707,0.0,0.0
Uformer + PathologyLoss,BraTS2021_00002,31.32633,0.9676480293273926,0.09903163,0.7965702036441586,0.4351145038167939,0.4351145038167939
Uformer + PathologyLoss,BraTS2021_00002,31.486788,0.9697835445404053,0.09649958,0.844811409270032,0.18023255813953487,0.18023255813953487
Uformer + PathologyLoss,BraTS2021_00002,31.649815,0.9727156162261963,0.0923321,0.7936507936507936,0.17494089834515367,0.17475728155339806
Uformer + PathologyLoss,BraTS2021_00002,31.554836,0.9739486575126648,0.09219962,0.9227550130775938,0.38266068759342303,0.38266068759342303
Uformer + PathologyLoss,BraTS2021_00002,31.529419,0.9744312167167664,0.09178206,0.9411564045710387,0.32763819095477387,0.29528795811518327
Uformer + PathologyLoss,BraTS2021_00002,31.315971,0.9754652380943298,0.09221071,0.902130287125656,0.3293172690763052,0.3393258426966292
Uformer + PathologyLoss,BraTS2021_00002,31.4419,0.9743403196334839,0.09059852,0.9023867809057528,0.48295454545454547,0.37748344370860926
Uformer + PathologyLoss,BraTS2021_00002,31.420204,0.9752023816108704,0.08984657,0.8970634670034733,0.5183279742765273,0.5575221238938053
Uformer + PathologyLoss,BraTS2021_00002,31.17996,0.9752568602561951,0.09120611,0.86756064486967,0.2595907928388747,0.2676923076923077
Uformer + PathologyLoss,BraTS2021_00002,31.254957,0.9764411449432373,0.08982135,0.8632425742574258,0.3871720116618076,0.4305750350631136
Uformer + PathologyLoss,BraTS2021_00002,31.196033,0.9776928424835205,0.088593446,0.8585467540202502,0.27169359664871334,0.3413127413127413
Uformer + PathologyLoss,BraTS2021_00002,31.298151,0.9782506823539734,0.08777032,0.844121915820029,0.3497199751088986,0.46181172291296624
Uformer + PathologyLoss,BraTS2021_00002,31.369104,0.9812852144241333,0.083725125,0.852738217589194,0.2545454545454545,0.4105820105820106
Uformer + PathologyLoss,BraTS2021_00002,31.668337,0.9821553230285645,0.08160812,0.8692931304224151,0.33474833232261975,0.5471698113207547
Uformer + PathologyLoss,BraTS2021_00002,31.65064,0.9809291958808899,0.083164744,0.8745351879906349,0.45105895821408126,0.7061068702290076
Uformer + PathologyLoss,BraTS2021_00002,31.58573,0.983976423740387,0.079939395,0.9042166992460207,0.3680297397769517,0.6325167037861915
Uformer + PathologyLoss,BraTS2021_00002,31.405561,0.9820873141288757,0.082994886,0.883906897044124,0.38061041292639136,0.6587982832618026
Uformer + PathologyLoss,BraTS2021_00002,31.582422,0.9818594455718994,0.08222468,0.899925205684368,0.7878787878787878,0.6610328638497652
Uformer + PathologyLoss,BraTS2021_00002,31.587284,0.9832577705383301,0.08013663,0.8713951675759938,0.39875,0.5413363533408834
Uformer + PathologyLoss,BraTS2021_00002,31.425732,0.9839974641799927,0.080191195,0.8803554427165979,0.5639013452914798,0.5501066098081023
Uformer + PathologyLoss,BraTS2021_00002,31.79087,0.983818531036377,0.079248056,0.8852778680532987,0.41765071472964577,0.665258711721225
Uformer + PathologyLoss,BraTS2021_00002,31.520967,0.9836442470550537,0.081319034,0.8870236696323652,0.4579962663347853,0.6256206554121152
Uformer + PathologyLoss,BraTS2021_00002,31.727524,0.9845936894416809,0.077779755,0.9103991776597568,0.5012919896640827,0.7063492063492064
Uformer + PathologyLoss,BraTS2021_00002,31.91085,0.9848336577415466,0.07756405,0.8865687488940011,0.5781931464174455,0.6202661207778914
Uformer + PathologyLoss,BraTS2021_00002,31.92894,0.9854620695114136,0.07675293,0.901875113781176,0.35171385991058124,0.4797507788161994
Uformer + PathologyLoss,BraTS2021_00002,32.149208,0.9865582585334778,0.07488613,0.9065068493150685,0.7507692307692307,0.6744186046511628
Uformer + PathologyLoss,BraTS2021_00002,32.011414,0.987098217010498,0.07374364,0.9348441926345609,0.4678362573099415,0.5496031746031746
Uformer + PathologyLoss,BraTS2021_00002,32.73461,0.9878588318824768,0.07255412,0.8965786901270772,0.5838297872340426,0.6301369863013698
Uformer + PathologyLoss,BraTS2021_00002,32.85828,0.9883525371551514,0.070808716,0.9002004008016032,0.44969199178644764,0.5108556832694764
Uformer + PathologyLoss,BraTS2021_00002,32.633682,0.9888364672660828,0.070752956,0.9149398065916716,0.735266604303087,0.7516930022573364
Uformer + PathologyLoss,BraTS2021_00002,32.71344,0.989150881767273,0.06970274,0.9440188568061285,0.5912408759124088,0.6442953020134228
Uformer + PathologyLoss,BraTS2021_00002,32.6839,0.9894493818283081,0.06950122,0.9384498480243161,0.8279816513761468,0.7692307692307693
Uformer + PathologyLoss,BraTS2021_00002,32.75265,0.9884998798370361,0.07080778,0.9159027500996413,0.7945578231292517,0.746177370030581
Uformer + PathologyLoss,BraTS2021_00002,32.786552,0.98818039894104,0.071528725,0.9677905443586363,0.8188736681887366,0.7700348432055749
Uformer + PathologyLoss,BraTS2021_00002,32.621376,0.9873194694519043,0.072162785,0.9706164778183215,0.7915936952714536,0.7341269841269841
Uformer + PathologyLoss,BraTS2021_00002,32.682995,0.9875137209892273,0.0722974,0.9738575134703652,0.8384615384615385,0.8082474226804124
Uformer + PathologyLoss,BraTS2021_00002,32.81304,0.9844831824302673,0.07504539,0.973421926910299,0.7024390243902439,0.7064935064935065
Uformer + PathologyLoss,BraTS2021_00002,32.84574,0.9846128225326538,0.07369952,0.9713277459197177,0.839572192513369,0.8348348348348348
Uformer + PathologyLoss,BraTS2021_00002,32.72154,0.983539879322052,0.07609539,0.9620721554116559,0.725925925925926,0.7131147540983607
Uformer + PathologyLoss,BraTS2021_00002,32.300205,0.9823743104934692,0.07969433,0.971728796597448,0.7731958762886598,0.7643979057591623
Uformer + PathologyLoss,BraTS2021_00002,31.961193,0.9805075526237488,0.08291019,0.9604879342349509,0.8269230769230769,0.8269230769230769
Uformer + PathologyLoss,BraTS2021_00002,32.143597,0.9821249842643738,0.08055994,0.9645057201525374,0.0,0.0
Uformer + PathologyLoss,BraTS2021_00002,32.006447,0.9796874523162842,0.08629107,0.9706840390879479,nan,nan
Uformer + PathologyLoss,BraTS2021_00002,31.852064,0.9819040894508362,0.08315231,0.9668547249647391,0.0,nan
Uformer + PathologyLoss,BraTS2021_00002,31.65818,0.9803475141525269,0.08780635,0.9733333333333334,nan,nan
Uformer + PathologyLoss,BraTS2021_00002,31.362125,0.9800193905830383,0.090404995,0.966044142614601,nan,nan
Uformer + PathologyLoss,BraTS2021_00002,31.155233,0.9767579436302185,0.09504206,0.9660449545671927,nan,nan
Uformer + PathologyLoss,BraTS2021_00002,30.967098,0.9760791659355164,0.098041125,0.926338102808691,nan,nan
Uformer + PathologyLoss,BraTS2021_00002,31.004599,0.9738571643829346,0.10152694,0.971282705807275,nan,nan
Uformer + PathologyLoss,BraTS2021_00002,30.734102,0.9740510582923889,0.103676416,0.9470945359930616,nan,nan
Uformer + PathologyLoss,BraTS2021_00002,30.790218,0.9754751324653625,0.101856664,0.9344790547798066,nan,nan
Uformer + PathologyLoss,BraTS2021_00002,30.716125,0.9732753038406372,0.1070362,0.9518413597733711,nan,nan
Uformer + PathologyLoss,BraTS2021_00002,30.426655,0.9704298377037048,0.11351028,0.9330628803245437,nan,nan
Uformer + PathologyLoss,BraTS2021_00002,30.520103,0.9730529189109802,0.112277254,0.8612099644128114,nan,nan
Uformer + PathologyLoss,BraTS2021_00014,31.174868,0.9821717739105225,0.15979853,0.0,nan,nan
Uformer + PathologyLoss,BraTS2021_00014,31.038847,0.9817147254943848,0.15749702,0.0,nan,nan
Uformer + PathologyLoss,BraTS2021_00014,30.601746,0.982696533203125,0.15172462,0.112,nan,nan
Uformer + PathologyLoss,BraTS2021_00014,30.829771,0.9830490350723267,0.14732622,0.0,nan,nan
Uformer + PathologyLoss,BraTS2021_00014,30.80454,0.9845165014266968,0.13891588,0.0,nan,nan
Uformer + PathologyLoss,BraTS2021_00014,31.050932,0.9848521947860718,0.13572739,0.0,nan,nan
Uformer + PathologyLoss,BraTS2021_00014,30.872915,0.9830616116523743,0.14138557,0.0,nan,nan
Uformer + PathologyLoss,BraTS2021_00014,30.608162,0.9840171337127686,0.13559581,0.0,nan,nan
Uformer + PathologyLoss,BraTS2021_00014,30.597221,0.9839485287666321,0.13452467,0.25153374233128833,0.0,0.0
Uformer + PathologyLoss,BraTS2021_00014,30.299114,0.9834797382354736,0.13556165,0.37851662404092073,0.0,0.0
Uformer + PathologyLoss,BraTS2021_00014,29.444397,0.9787131547927856,0.14757466,0.0,0.0,0.0
Uformer + PathologyLoss,BraTS2021_00014,29.287645,0.9779492616653442,0.14494663,0.6538461538461539,0.5142857142857142,0.5142857142857142
Uformer + PathologyLoss,BraTS2021_00014,28.983576,0.9768602848052979,0.14232732,0.4783861671469741,0.0,0.0
Uformer + PathologyLoss,BraTS2021_00014,29.14048,0.9765095114707947,0.13733503,0.5203111495246326,0.0,0.0
Uformer + PathologyLoss,BraTS2021_00014,28.681831,0.9742167592048645,0.13570437,0.8291250733998825,0.5970149253731343,0.5970149253731343
Uformer + PathologyLoss,BraTS2021_00014,28.551022,0.9719129204750061,0.13576731,0.8932893289328933,0.24691358024691357,0.24691358024691357
Uformer + PathologyLoss,BraTS2021_00014,28.48388,0.9724871516227722,0.12857813,0.899492385786802,0.0,0.0
Uformer + PathologyLoss,BraTS2021_00014,28.560581,0.9703457355499268,0.1263535,0.8243534482758621,0.0,0.0
Uformer + PathologyLoss,BraTS2021_00014,28.937397,0.9708730578422546,0.120541885,0.3948681397006415,0.0,0.0
Uformer + PathologyLoss,BraTS2021_00014,28.933292,0.9704266786575317,0.11837555,0.4351407000686342,0.0,0.0
Uformer + PathologyLoss,BraTS2021_00014,28.904293,0.9697777628898621,0.11716044,0.8781630740393627,0.39846743295019155,0.4
Uformer + PathologyLoss,BraTS2021_00014,28.825191,0.9702446460723877,0.1140355,0.88,0.010101010101010102,0.01015228426395939
Uformer + PathologyLoss,BraTS2021_00014,28.989622,0.9684029817581177,0.11270621,0.8956557044254974,0.34579439252336447,0.34579439252336447
Uformer + PathologyLoss,BraTS2021_00014,29.016983,0.9683141708374023,0.11117774,0.9026476578411405,0.3444976076555024,0.3444976076555024
Uformer + PathologyLoss,BraTS2021_00014,29.482143,0.9675299525260925,0.10617776,0.5596933187294633,0.0,0.0
Uformer + PathologyLoss,BraTS2021_00014,29.227654,0.9702082872390747,0.1047095,0.8367614879649891,0.0,0.0
Uformer + PathologyLoss,BraTS2021_00014,29.59599,0.9665194153785706,0.103037275,0.7310478029937229,0.41420118343195267,0.41420118343195267
Uformer + PathologyLoss,BraTS2021_00014,29.314846,0.9693197011947632,0.102886595,0.8480070083223828,0.4457831325301205,0.4457831325301205
Uformer + PathologyLoss,BraTS2021_00014,29.525507,0.9701562523841858,0.09824784,0.8464951197870453,0.2033898305084746,0.2033898305084746
Uformer + PathologyLoss,BraTS2021_00014,29.607428,0.972858726978302,0.09864064,0.8464912280701754,0.10869565217391304,0.10869565217391304
Uformer + PathologyLoss,BraTS2021_00014,29.630413,0.9727186560630798,0.09801233,0.8923201950426656,0.672,0.7241379310344828
Uformer + PathologyLoss,BraTS2021_00014,29.524635,0.9732163548469543,0.09722614,0.8308091735179576,0.05555555555555555,0.05555555555555555
Uformer + PathologyLoss,BraTS2021_00014,29.560104,0.9722533822059631,0.09855781,0.8273474686282994,0.0,0.0
Uformer + PathologyLoss,BraTS2021_00014,29.730604,0.9710336327552795,0.09785414,0.820855614973262,nan,nan
Uformer + PathologyLoss,BraTS2021_00014,29.623074,0.9740660786628723,0.09766288,0.8898678414096917,nan,nan
Uformer + PathologyLoss,BraTS2021_00014,29.45271,0.9720958471298218,0.09864855,0.8900675024108003,0.0,0.0
Uformer + PathologyLoss,BraTS2021_00014,29.477543,0.9752840995788574,0.096782826,0.8859138533178114,nan,nan
Uformer + PathologyLoss,BraTS2021_00014,29.673967,0.9750019311904907,0.09619317,0.8520710059171598,0.0,0.0
Uformer + PathologyLoss,BraTS2021_00014,29.657215,0.9755553603172302,0.09640198,0.8634686346863468,nan,nan
Uformer + PathologyLoss,BraTS2021_00014,29.825506,0.9770857691764832,0.09471179,0.7835051546391752,nan,nan
Uformer + PathologyLoss,BraTS2021_00014,29.837185,0.977504312992096,0.094055064,0.6966966966966966,nan,nan
Uformer + PathologyLoss,BraTS2021_00014,30.067913,0.9784367084503174,0.09263128,0.48739495798319327,nan,nan
Uformer + PathologyLoss,BraTS2021_00014,29.858353,0.977360725402832,0.09369351,0.35019455252918286,nan,nan
Uformer + PathologyLoss,BraTS2021_00032,32.290207,0.9683806896209717,0.096280545,0.5346534653465347,nan,nan
Uformer + PathologyLoss,BraTS2021_00032,32.468433,0.9697757363319397,0.0946222,0.8245614035087719,nan,nan
Uformer + PathologyLoss,BraTS2021_00032,32.45262,0.9716851115226746,0.0926614,0.7641996557659209,nan,nan
Uformer + PathologyLoss,BraTS2021_00032,32.72073,0.9733574390411377,0.089944445,0.8362068965517241,nan,nan
Uformer + PathologyLoss,BraTS2021_00032,32.874645,0.9698750376701355,0.091903456,0.8672798948751642,nan,nan
Uformer + PathologyLoss,BraTS2021_00032,32.610825,0.97030109167099,0.09372636,0.8464818763326226,nan,nan
Uformer + PathologyLoss,BraTS2021_00032,32.624767,0.9730557203292847,0.091625005,0.8675995694294941,nan,nan
Uformer + PathologyLoss,BraTS2021_00032,32.864605,0.9716167449951172,0.09054173,0.8694852941176471,nan,nan
Uformer + PathologyLoss,BraTS2021_00032,32.75345,0.9734459519386292,0.09008845,0.8796680497925311,nan,nan
Uformer + PathologyLoss,BraTS2021_00032,32.751972,0.9733564257621765,0.09201054,0.911353032659409,nan,nan
Uformer + PathologyLoss,BraTS2021_00032,32.629936,0.9756068587303162,0.08787657,0.9311568488289567,nan,nan
Uformer + PathologyLoss,BraTS2021_00032,32.770878,0.9753574132919312,0.08911963,0.9541984732824428,0.0,0.0
Uformer + PathologyLoss,BraTS2021_00032,32.574867,0.9760109782218933,0.08925723,0.9593878752207181,0.0,0.0
Uformer + PathologyLoss,BraTS2021_00032,32.330452,0.9756895303726196,0.08946743,0.9556926528323051,0.0,0.0
Uformer + PathologyLoss,BraTS2021_00032,32.421364,0.9755063056945801,0.09053536,0.9484978540772532,0.0,0.0
Uformer + PathologyLoss,BraTS2021_00032,32.6025,0.9737657904624939,0.090012655,0.9466537342386033,0.42028985507246375,0.42028985507246375
Uformer + PathologyLoss,BraTS2021_00032,32.46002,0.9771116971969604,0.08709648,0.9441151566469094,0.6395939086294417,0.6395939086294417
Uformer + PathologyLoss,BraTS2021_00032,32.548668,0.9757885336875916,0.087993726,0.9484375,0.5943396226415094,0.594059405940594
Uformer + PathologyLoss,BraTS2021_00032,32.779037,0.978462815284729,0.085386485,0.9660537482319661,0.5365853658536586,0.5638766519823789
Uformer + PathologyLoss,BraTS2021_00032,32.835247,0.9814489483833313,0.08209058,0.9597907813010788,0.0,0.0
Uformer + PathologyLoss,BraTS2021_00032,33.00479,0.9815733432769775,0.08029692,0.9795057263411694,0.5117493472584856,0.550561797752809
Uformer + PathologyLoss,BraTS2021_00032,33.054214,0.9831555485725403,0.0791393,0.9914175791654336,0.4630071599045346,0.5
Uformer + PathologyLoss,BraTS2021_00032,32.974186,0.983308732509613,0.07909534,0.9921075708857059,0.71939736346516,0.75
Uformer + PathologyLoss,BraTS2021_00032,33.26756,0.9847673177719116,0.07680141,0.978494623655914,0.37383177570093457,0.41450777202072536
Uformer + PathologyLoss,BraTS2021_00032,33.618515,0.9861598610877991,0.07270935,0.9900410076157,0.8126036484245439,0.7938931297709924
Uformer + PathologyLoss,BraTS2021_00032,33.876423,0.9863161444664001,0.073493645,0.9443248231313442,0.7881944444444444,0.8212180746561886
Uformer + PathologyLoss,BraTS2021_00032,33.807396,0.987198531627655,0.071611546,0.9658566594893879,0.5032258064516129,0.544529262086514
Uformer + PathologyLoss,BraTS2021_00032,33.721024,0.9866343140602112,0.07249862,0.9684612934055432,0.41784037558685444,0.47701149425287354
Uformer + PathologyLoss,BraTS2021_00032,33.804054,0.9872744083404541,0.0708853,0.9704370179948586,0.6457023060796646,0.71
Uformer + PathologyLoss,BraTS2021_00032,34.49788,0.9870834946632385,0.068207644,0.9610474631751228,0.7322175732217573,0.7962529274004684
Uformer + PathologyLoss,BraTS2021_00032,34.456028,0.9888079166412354,0.06611281,0.9711353431686979,0.7894736842105263,0.8290398126463701
Uformer + PathologyLoss,BraTS2021_00032,34.310562,0.987511157989502,0.068411894,0.9778063686072692,0.2491103202846975,0.25547445255474455
Uformer + PathologyLoss,BraTS2021_00032,34.431347,0.9884935617446899,0.066483594,0.9804424495030458,0.6144200626959248,0.6222222222222222
Uformer + PathologyLoss,BraTS2021_00032,34.452515,0.9878189563751221,0.06728084,0.9833759590792839,0.8136645962732919,0.8291139240506329
Uformer + PathologyLoss,BraTS2021_00032,34.506554,0.9891669750213623,0.06493001,0.9767591994835377,0.3979591836734694,0.4126984126984127
Uformer + PathologyLoss,BraTS2021_00032,34.585526,0.9875712394714355,0.06709886,0.9798613403763619,0.2773722627737226,0.2900763358778626
Uformer + PathologyLoss,BraTS2021_00032,34.15898,0.9863623380661011,0.069258675,0.9760797342192691,0.42424242424242425,0.4375
Uformer + PathologyLoss,BraTS2021_00032,34.118797,0.9871069192886353,0.06806722,0.9646169701133631,0.29411764705882354,0.3076923076923077
Uformer + PathologyLoss,BraTS2021_00032,33.610188,0.9841678738594055,0.073281445,0.948708348932984,0.0,0.0
Uformer + PathologyLoss,BraTS2021_00032,33.536217,0.9838253259658813,0.07587636,0.9296939619520265,0.0,0.0
Uformer + PathologyLoss,BraTS2021_00032,33.322712,0.981834352016449,0.07742946,0.927536231884058,nan,nan
Uformer + PathologyLoss,BraTS2021_00032,33.234985,0.9831463098526001,0.07731785,0.9385052034058656,nan,nan
Uformer + PathologyLoss,BraTS2021_00032,32.636196,0.9823570251464844,0.08112136,0.9388753056234719,nan,nan
Uformer + PathologyLoss,BraTS2021_00032,32.40146,0.9791579246520996,0.08554538,0.9311237700673226,nan,nan
Uformer + PathologyLoss,BraTS2021_00032,32.39393,0.9789444804191589,0.086127296,0.9365853658536586,nan,nan
Uformer + PathologyLoss,BraTS2021_00032,32.267498,0.9802286028862,0.08534722,0.9482163406214039,nan,nan
Uformer + PathologyLoss,BraTS2021_00032,32.009563,0.9775034189224243,0.0914306,0.9309271935283137,0.0,0.0
Uformer + PathologyLoss,BraTS2021_00032,32.023506,0.9769680500030518,0.0916775,0.9489655172413793,nan,nan
Uformer + PathologyLoss,BraTS2021_00032,31.993378,0.9769827127456665,0.09260493,0.9477451682176091,nan,nan
Uformer + PathologyLoss,BraTS2021_00032,31.66445,0.9767710566520691,0.09506344,0.9407407407407408,nan,nan
Uformer + PathologyLoss,BraTS2021_00032,31.747467,0.9733638167381287,0.09896796,0.9431438127090301,nan,nan
Uformer + PathologyLoss,BraTS2021_00032,31.382368,0.9755387306213379,0.100957215,0.9446962828649139,nan,nan
Uformer + PathologyLoss,BraTS2021_00032,31.208889,0.9741165637969971,0.10426921,0.93359375,nan,nan
Uformer + PathologyLoss,BraTS2021_00032,30.934536,0.9728283286094666,0.10691072,0.9125748502994012,nan,nan
Uformer + PathologyLoss,BraTS2021_00032,30.753134,0.9716407656669617,0.11044275,0.9232954545454546,nan,nan
Uformer + PathologyLoss,BraTS2021_00032,30.502102,0.9713196754455566,0.11231796,0.8840336134453781,nan,nan
Uformer + PathologyLoss,BraTS2021_00032,30.606081,0.9712353348731995,0.115131244,0.8197674418604651,nan,nan
Uformer + PathologyLoss,BraTS2021_00035,31.796543,0.9644715189933777,0.08994624,0.02830188679245283,nan,nan
Uformer + PathologyLoss,BraTS2021_00035,31.568832,0.9666784405708313,0.08900889,0.6601178781925344,nan,nan
Uformer + PathologyLoss,BraTS2021_00035,31.796505,0.9676443338394165,0.08668153,0.441747572815534,nan,nan
Uformer + PathologyLoss,BraTS2021_00035,31.765083,0.9661684036254883,0.08856547,0.7472118959107806,0.0,0.0
Uformer + PathologyLoss,BraTS2021_00035,31.396265,0.9639562368392944,0.08820405,0.7244755244755244,0.1565217391304348,0.1565217391304348
Uformer + PathologyLoss,BraTS2021_00035,31.496851,0.9642952084541321,0.089127705,0.8796992481203008,0.32222222222222224,0.327683615819209
Uformer + PathologyLoss,BraTS2021_00035,31.493895,0.9657407999038696,0.089090735,0.8141263940520446,0.7563884156729132,0.7073170731707317
Uformer + PathologyLoss,BraTS2021_00035,31.550655,0.9715223908424377,0.084879905,0.9077306733167082,0.6761904761904762,0.6961325966850829
Uformer + PathologyLoss,BraTS2021_00035,31.436413,0.9679685831069946,0.0878521,0.9475409836065574,0.767379679144385,0.8203497615262321
Uformer + PathologyLoss,BraTS2021_00035,31.509972,0.9732839465141296,0.08569442,0.9346451159522137,0.8181818181818182,0.8442367601246106
Uformer + PathologyLoss,BraTS2021_00035,31.609755,0.9762697219848633,0.08246735,0.9682320441988951,0.7101631116687579,0.7563884156729132
Uformer + PathologyLoss,BraTS2021_00035,31.770672,0.9746637940406799,0.08310142,0.9666884389288047,0.7665903890160183,0.8336025848142165
Uformer + PathologyLoss,BraTS2021_00035,31.593822,0.9750387668609619,0.08449639,0.9600491702519975,0.868421052631579,0.8512
Uformer + PathologyLoss,BraTS2021_00035,31.850372,0.9760625958442688,0.08179895,0.9492325855962219,0.847953216374269,0.8571428571428571
Uformer + PathologyLoss,BraTS2021_00035,31.83769,0.9783220887184143,0.08025326,0.9503070910106086,0.7916666666666666,0.8391608391608392
Uformer + PathologyLoss,BraTS2021_00035,32.315636,0.9800196886062622,0.07678291,0.9542143600416233,0.8052930056710775,0.8598726114649682
Uformer + PathologyLoss,BraTS2021_00035,32.225403,0.9790402054786682,0.07789811,0.943089430894309,0.8091324200913242,0.8362480127186009
Uformer + PathologyLoss,BraTS2021_00035,32.3941,0.9815359115600586,0.074835636,0.9592937714565963,0.7934782608695652,0.8598425196850393
Uformer + PathologyLoss,BraTS2021_00035,32.441196,0.9795129895210266,0.07594876,0.9534992954438704,0.8246869409660107,0.8790849673202614
Uformer + PathologyLoss,BraTS2021_00035,32.75109,0.9795992374420166,0.07357246,0.9600725952813067,0.8243727598566308,0.900990099009901
Uformer + PathologyLoss,BraTS2021_00035,32.678196,0.9807437062263489,0.0733213,0.9501267962806424,0.7718631178707225,0.8969072164948454
Uformer + PathologyLoss,BraTS2021_00035,32.74461,0.9773998260498047,0.074558794,0.9680327868852459,0.7560738581146744,0.8765652951699463
Uformer + PathologyLoss,BraTS2021_00035,32.792263,0.9794395565986633,0.07177271,0.9760574620909817,0.7961904761904762,0.8604651162790697
Uformer + PathologyLoss,BraTS2021_00035,32.845497,0.97828608751297,0.072707094,0.9805940594059406,0.8108632395732299,0.8471337579617835
Uformer + PathologyLoss,BraTS2021_00035,32.739758,0.9800738096237183,0.071520984,0.9743390357698289,0.7521739130434782,0.8040201005025126
Uformer + PathologyLoss,BraTS2021_00035,32.9321,0.9817391633987427,0.06908565,0.9760878087024696,0.8968335035750766,0.8684931506849315
Uformer + PathologyLoss,BraTS2021_00035,33.189045,0.9800264835357666,0.069896944,0.9789932619896948,0.8689655172413793,0.8579545454545454
Uformer + PathologyLoss,BraTS2021_00035,32.871357,0.980210542678833,0.070235975,0.9752,0.8713910761154856,0.8292682926829268
Uformer + PathologyLoss,BraTS2021_00035,33.046467,0.9803184866905212,0.07167262,0.9825132167547783,0.7815699658703071,0.7486238532110092
Uformer + PathologyLoss,BraTS2021_00035,33.102394,0.9787695407867432,0.071890086,0.9762202753441802,0.7832167832167832,0.780373831775701
Uformer + PathologyLoss,BraTS2021_00035,32.68819,0.9779225587844849,0.07451006,0.9729043183742591,0.6612903225806451,0.6612903225806451
Uformer + PathologyLoss,BraTS2021_00035,32.57995,0.9753467440605164,0.07859124,0.9779378658262045,0.08888888888888889,0.08888888888888889
Uformer + PathologyLoss,BraTS2021_00035,32.59713,0.9771304130554199,0.07814072,0.965183752417795,nan,nan
Uformer + PathologyLoss,BraTS2021_00035,32.134804,0.977235734462738,0.080820546,0.9402228976697061,nan,nan
Uformer + PathologyLoss,BraTS2021_00035,31.737673,0.9740939140319824,0.08453162,0.9301310043668122,nan,nan
Uformer + PathologyLoss,BraTS2021_00035,31.56528,0.9709218740463257,0.08820723,0.8960096735187424,nan,nan
Uformer + PathologyLoss,BraTS2021_00035,31.365303,0.9708412289619446,0.09018824,0.9252271139063591,nan,nan
Uformer + PathologyLoss,BraTS2021_00035,31.245117,0.9698596000671387,0.09523792,0.9208006962576153,nan,nan
Uformer + PathologyLoss,BraTS2021_00035,30.9957,0.9709398746490479,0.09503346,0.85995085995086,nan,nan
Uformer + PathologyLoss,BraTS2021_00035,30.970867,0.9661775231361389,0.10162924,0.8646616541353384,nan,nan
Uformer + PathologyLoss,BraTS2021_00035,30.745926,0.9707422852516174,0.10041337,0.0,nan,nan
Uformer + PathologyLoss,BraTS2021_00060,33.196896,0.9807490706443787,0.15842398,0.28440366972477066,0.0,0.0
Uformer + PathologyLoss,BraTS2021_00060,32.81395,0.9788345694541931,0.16262147,0.014760147601476014,0.0,0.0
Uformer + PathologyLoss,BraTS2021_00060,32.74674,0.9796513915061951,0.15613662,0.38054968287526425,0.0,0.0
Uformer + PathologyLoss,BraTS2021_00060,32.596188,0.9796195030212402,0.15183459,0.37735849056603776,0.0,0.0
Uformer + PathologyLoss,BraTS2021_00060,32.21026,0.9766294956207275,0.15997413,0.40229885057471265,0.07885304659498207,0.057971014492753624
Uformer + PathologyLoss,BraTS2021_00060,32.280952,0.9766396284103394,0.15684064,0.34979973297730305,0.004524886877828055,0.0058309037900874635
Uformer + PathologyLoss,BraTS2021_00060,31.843983,0.9761090874671936,0.15472966,0.39766081871345027,0.31259968102073366,0.22327790973871733
Uformer + PathologyLoss,BraTS2021_00060,31.594227,0.9747830629348755,0.15436046,0.6463195691202872,0.6044444444444445,0.6034214618973561
Uformer + PathologyLoss,BraTS2021_00060,31.169014,0.9732790589332581,0.15362486,0.744920993227991,0.6190935390549662,0.7102564102564103
Uformer + PathologyLoss,BraTS2021_00060,30.89121,0.9677420854568481,0.15910493,0.7349869451697127,0.6375838926174496,0.6598173515981736
Uformer + PathologyLoss,BraTS2021_00060,31.143677,0.9731508493423462,0.14410746,0.815446789402784,0.7287104622871047,0.812644564379337
Uformer + PathologyLoss,BraTS2021_00060,31.086367,0.9733222126960754,0.14096926,0.753635962979286,0.454484153742414,0.5704162976085031
Uformer + PathologyLoss,BraTS2021_00060,31.205223,0.9721066951751709,0.14087367,0.7707667731629393,0.6258722490606549,0.6639741518578353
Uformer + PathologyLoss,BraTS2021_00060,31.279325,0.9738630652427673,0.1358888,0.7216103304215723,0.40809248554913297,0.5265116279069767
Uformer + PathologyLoss,BraTS2021_00060,31.05522,0.9713039994239807,0.13736236,0.7336213102951764,0.2862190812720848,0.4484848484848485
Uformer + PathologyLoss,BraTS2021_00060,31.088047,0.9720296263694763,0.13618594,0.8502024291497976,0.802547770700637,0.6940711462450593
Uformer + PathologyLoss,BraTS2021_00060,31.260355,0.9735732078552246,0.13292496,0.8051023435182438,0.5271610769957487,0.6039426523297491
Uformer + PathologyLoss,BraTS2021_00060,31.39559,0.9758078455924988,0.12943439,0.8408295179100458,0.577893820713664,0.6389351081530782
Uformer + PathologyLoss,BraTS2021_00060,31.246899,0.977402925491333,0.12656008,0.8554434962503232,0.5106940200785683,0.6768994627782041
Uformer + PathologyLoss,BraTS2021_00060,31.086315,0.9788495302200317,0.12417032,0.8706172839506173,0.5738916256157636,0.6572068707991038
Uformer + PathologyLoss,BraTS2021_00060,31.132986,0.9776480197906494,0.12545943,0.8633058652447891,0.6264967168791039,0.691638795986622
Uformer + PathologyLoss,BraTS2021_00060,30.616608,0.9774754047393799,0.12485736,0.8575432041102289,0.5726802070888093,0.7290836653386454
Uformer + PathologyLoss,BraTS2021_00060,30.45515,0.9766778945922852,0.12695843,0.8665480427046264,0.545311268715524,0.7600502512562815
Uformer + PathologyLoss,BraTS2021_00060,30.15958,0.9741350412368774,0.13000154,0.8863972921514702,0.5779579800958349,0.7863741339491916
Uformer + PathologyLoss,BraTS2021_00060,30.111958,0.9752103686332703,0.124186404,0.9161724001581653,0.5411178355286579,0.7722878625134264
Uformer + PathologyLoss,BraTS2021_00060,30.064587,0.9719188809394836,0.12549014,0.9389513108614232,0.5871852087982149,0.7684159845931632
Uformer + PathologyLoss,BraTS2021_00060,29.835365,0.970448911190033,0.12566769,0.959384505278225,0.6252625262526252,0.8250539956803455
Uformer + PathologyLoss,BraTS2021_00060,30.199392,0.9718257188796997,0.120950036,0.9557491289198606,0.6626575028636884,0.8406408094435076
Uformer + PathologyLoss,BraTS2021_00060,30.356564,0.9775316119194031,0.11317046,0.9664451827242525,0.5867545699730297,0.819870009285051
Uformer + PathologyLoss,BraTS2021_00060,30.55442,0.9765446186065674,0.11091551,0.9633736559139785,0.6024310702638601,0.823045267489712
Uformer + PathologyLoss,BraTS2021_00060,30.533903,0.9796978831291199,0.1068017,0.9681320477202158,0.744,0.8439874832364774
Uformer + PathologyLoss,BraTS2021_00060,30.65511,0.9793608784675598,0.10668332,0.9805762382648107,0.7867007672634271,0.8483025354533734
Uformer + PathologyLoss,BraTS2021_00060,30.748041,0.9771536588668823,0.10849112,0.9824845929289653,0.7441493557717591,0.8292682926829268
Uformer + PathologyLoss,BraTS2021_00060,30.825483,0.9773679375648499,0.105486415,0.9819055244195356,0.8900255754475703,0.8491761723700887
Uformer + PathologyLoss,BraTS2021_00060,30.889683,0.978445291519165,0.10460999,0.9869670152855994,0.8032786885245902,0.8793028322440087
Uformer + PathologyLoss,BraTS2021_00060,30.742567,0.9808194637298584,0.10187876,0.9856230031948882,0.672966781214204,0.8733392382639504
Uformer + PathologyLoss,BraTS2021_00060,30.944233,0.9791437387466431,0.103601955,0.9792477302204928,0.8022686259345192,0.8713219148001756
Uformer + PathologyLoss,BraTS2021_00060,31.024422,0.9812198877334595,0.10080909,0.9751471550032701,0.6602654617339735,0.7814814814814814
Uformer + PathologyLoss,BraTS2021_00060,31.058384,0.9801126718521118,0.10101494,0.9758064516129032,0.6949152542372882,0.8159457167090755
Uformer + PathologyLoss,BraTS2021_00060,30.760723,0.982494056224823,0.09831023,0.9770849571317225,0.6697396963123644,0.8361381753764393
Uformer + PathologyLoss,BraTS2021_00060,31.210651,0.9838868379592896,0.09457886,0.9776951672862454,0.6061300486966485,0.8151340996168582
Uformer + PathologyLoss,BraTS2021_00060,31.181677,0.9842768311500549,0.09376747,0.9794149512459371,0.6723662437948152,0.7725143154606976
Uformer + PathologyLoss,BraTS2021_00060,31.394554,0.9827856421470642,0.094886474,0.9705159705159705,0.8280859570214892,0.8045479155387114
Uformer + PathologyLoss,BraTS2021_00060,31.413977,0.9842914342880249,0.09199363,0.9661700806952204,0.6664733178654292,0.7585791691751956
Uformer + PathologyLoss,BraTS2021_00060,31.446404,0.9850189685821533,0.09003062,0.9710680209295168,0.5050505050505051,0.8014842300556586
Uformer + PathologyLoss,BraTS2021_00060,31.477583,0.9834127426147461,0.093129046,0.966891573827083,0.7468391649514848,0.8144395186827106
Uformer + PathologyLoss,BraTS2021_00060,31.291256,0.983440637588501,0.09389046,0.9717621075879477,0.7758308157099698,0.8308097432521395
Uformer + PathologyLoss,BraTS2021_00060,31.432226,0.9824923276901245,0.09453342,0.970917225950783,0.918547055586131,0.8432147562582345
Uformer + PathologyLoss,BraTS2021_00060,31.022636,0.9836580157279968,0.09538456,0.9685002350728726,0.8599523241954709,0.8313878080415046
Uformer + PathologyLoss,BraTS2021_00060,31.007504,0.983039379119873,0.09562379,0.9596761637863926,0.9047337278106509,0.8406125921724333
Uformer + PathologyLoss,BraTS2021_00060,31.132969,0.9831730127334595,0.09510416,0.9586367157242448,0.8112769485903815,0.754739336492891
Uformer + PathologyLoss,BraTS2021_00060,31.29266,0.9834643602371216,0.094267406,0.9657502687759176,0.8877385959236493,0.8002263723825693
Uformer + PathologyLoss,BraTS2021_00060,31.482904,0.9837835431098938,0.09376886,0.965474911769219,0.7803790412486065,0.8199643493761141
Uformer + PathologyLoss,BraTS2021_00060,31.560772,0.9851943254470825,0.089874014,0.9680754028580115,0.8813194693438509,0.8258064516129032
Uformer + PathologyLoss,BraTS2021_00060,31.733065,0.986585795879364,0.08646137,0.9635464936669756,0.676510067114094,0.814498933901919
Uformer + PathologyLoss,BraTS2021_00060,31.856134,0.9879385232925415,0.08396059,0.9498991779122072,0.8260135135135135,0.8467261904761905
Uformer + PathologyLoss,BraTS2021_00060,31.892473,0.9864234328269958,0.08668787,0.9451968503937008,0.5917721518987342,0.800314465408805
Uformer + PathologyLoss,BraTS2021_00060,32.112293,0.9880412817001343,0.082921974,0.9556127372145384,0.8456876456876457,0.8385579937304075
Uformer + PathologyLoss,BraTS2021_00060,32.181892,0.9890165328979492,0.080230445,0.9515769353297229,0.6125373134328358,0.7741935483870968
Uformer + PathologyLoss,BraTS2021_00060,32.58655,0.9897016286849976,0.07779995,0.9598329048843187,0.7307462686567164,0.8427152317880795
Uformer + PathologyLoss,BraTS2021_00060,32.717514,0.9902441501617432,0.0758181,0.9607874778118445,0.7174770039421814,0.8317008014247551
Uformer + PathologyLoss,BraTS2021_00060,33.000725,0.989665150642395,0.07599906,0.9674418604651163,0.7888662593346911,0.804490177736202
Uformer + PathologyLoss,BraTS2021_00060,32.79866,0.9898282885551453,0.07801709,0.9564779028734667,0.8540925266903915,0.8641304347826086
Uformer + PathologyLoss,BraTS2021_00060,32.72617,0.989676296710968,0.076593585,0.9468517264725795,0.8511326860841424,0.833170731707317
Uformer + PathologyLoss,BraTS2021_00060,32.90997,0.9894197583198547,0.07719149,0.952231520223152,0.86302780638517,0.8365180467091295
Uformer + PathologyLoss,BraTS2021_00060,33.061794,0.9899374842643738,0.07609142,0.9374886754846893,0.813953488372093,0.813953488372093
Uformer + PathologyLoss,BraTS2021_00060,33.30993,0.9896182417869568,0.076810725,0.935349114780187,0.6230366492146597,0.6230366492146597
Uformer + PathologyLoss,BraTS2021_00060,33.280922,0.9884804487228394,0.077364296,0.9127575624725998,0.0,0.0
Uformer + PathologyLoss,BraTS2021_00060,33.10325,0.9874777793884277,0.08018396,0.9403173004281038,nan,nan
Uformer + PathologyLoss,BraTS2021_00060,33.050045,0.9862329363822937,0.08153366,0.8840381991814461,nan,nan
Uformer + PathologyLoss,BraTS2021_00060,32.87581,0.9834111928939819,0.08486506,0.9283967865874956,nan,nan
Uformer + PathologyLoss,BraTS2021_00060,32.73037,0.9822382926940918,0.08733825,0.9274809160305344,nan,nan
Uformer + PathologyLoss,BraTS2021_00060,33.031197,0.9799307584762573,0.08974337,0.9522569444444444,nan,nan
Uformer + PathologyLoss,BraTS2021_00060,33.0378,0.9797412157058716,0.087291576,0.9296724470134875,nan,nan
Uformer + PathologyLoss,BraTS2021_00060,33.343346,0.9795404672622681,0.08636788,0.8480164863472437,nan,nan
Uformer + PathologyLoss,BraTS2021_00060,33.30192,0.9769612550735474,0.088059075,0.7437916414294367,nan,nan
Uformer + PathologyLoss,BraTS2021_00060,33.474552,0.9748674631118774,0.08760991,0.7692307692307693,nan,nan
Uformer + PathologyLoss,BraTS2021_00060,33.469994,0.9716853499412537,0.09062285,0.7607361963190185,nan,nan
Uformer + PathologyLoss,BraTS2021_00060,33.450096,0.9663928747177124,0.095095485,0.6377551020408163,nan,nan
Uformer + PathologyLoss,BraTS2021_00061,31.333601,0.9760677814483643,0.13051307,0.0,0.0,0.0
Uformer + PathologyLoss,BraTS2021_00061,31.169727,0.9755135774612427,0.12957202,0.0,0.0,0.0
Uformer + PathologyLoss,BraTS2021_00061,31.311974,0.9736160635948181,0.13195594,0.1180327868852459,0.41379310344827586,0.4533333333333333
Uformer + PathologyLoss,BraTS2021_00061,31.176252,0.9747294187545776,0.12692438,0.006711409395973154,0.0,0.0
Uformer + PathologyLoss,BraTS2021_00061,31.206358,0.9765772819519043,0.12268062,0.2549019607843137,0.203125,0.1797752808988764
Uformer + PathologyLoss,BraTS2021_00061,31.272276,0.9772019386291504,0.12063602,0.4904214559386973,0.38961038961038963,0.46296296296296297
Uformer + PathologyLoss,BraTS2021_00061,31.318388,0.9789808392524719,0.11705135,0.558983666061706,0.28776978417266186,0.3404255319148936
Uformer + PathologyLoss,BraTS2021_00061,31.412046,0.9788869023323059,0.11614232,0.6070381231671554,0.34210526315789475,0.37735849056603776
Uformer + PathologyLoss,BraTS2021_00061,31.325914,0.9795676469802856,0.11461757,0.526829268292683,0.2948717948717949,0.34782608695652173
Uformer + PathologyLoss,BraTS2021_00061,31.188862,0.9801563024520874,0.11238087,0.649746192893401,0.36363636363636365,0.373015873015873
Uformer + PathologyLoss,BraTS2021_00061,30.606869,0.9721082448959351,0.12650552,0.7391952309985097,0.36712328767123287,0.3426791277258567
Uformer + PathologyLoss,BraTS2021_00061,30.232374,0.9719226956367493,0.12289054,0.9054972205064855,0.32801822323462415,0.34782608695652173
Uformer + PathologyLoss,BraTS2021_00061,30.151615,0.9668089151382446,0.12575795,0.7397260273972602,0.3162393162393162,0.37777777777777777
Uformer + PathologyLoss,BraTS2021_00061,30.225365,0.969029426574707,0.11896983,0.7413793103448276,0.19653179190751446,0.1912568306010929
Uformer + PathologyLoss,BraTS2021_00061,30.28468,0.9673686623573303,0.118908204,0.7637314734088928,0.1519434628975265,0.21447721179624665
Uformer + PathologyLoss,BraTS2021_00061,30.16352,0.9656071066856384,0.11757152,0.8471683475562451,0.09215017064846416,0.15168539325842698
Uformer + PathologyLoss,BraTS2021_00061,30.374325,0.9698564410209656,0.11115793,0.8225806451612904,0.04582651391162029,0.08139534883720931
Uformer + PathologyLoss,BraTS2021_00061,30.52695,0.9730271100997925,0.10757641,0.8181818181818182,0.026755852842809364,0.05263157894736842
Uformer + PathologyLoss,BraTS2021_00061,30.5647,0.9743791222572327,0.10520714,0.7552775605942142,0.04067796610169491,0.08362369337979095
Uformer + PathologyLoss,BraTS2021_00061,30.725067,0.9746148586273193,0.10535578,0.8118081180811808,0.042704626334519574,0.09836065573770492
Uformer + PathologyLoss,BraTS2021_00061,30.52581,0.9740758538246155,0.10478864,0.8067567567567567,0.06985294117647059,0.152
Uformer + PathologyLoss,BraTS2021_00061,30.978245,0.9755832552909851,0.10224545,0.788235294117647,0.03522504892367906,0.08
Uformer + PathologyLoss,BraTS2021_00061,30.602758,0.9744811058044434,0.10313388,0.8220472440944881,0.10852713178294573,0.1864406779661017
Uformer + PathologyLoss,BraTS2021_00061,30.786436,0.9754598736763,0.10249102,0.8268733850129198,0.08316008316008316,0.16736401673640167
Uformer + PathologyLoss,BraTS2021_00061,30.721954,0.9747434854507446,0.10409881,0.8690153568202349,0.16,0.26459143968871596
Uformer + PathologyLoss,BraTS2021_00061,30.743847,0.9734021425247192,0.103630975,0.8126984126984127,0.09863013698630137,0.12
Uformer + PathologyLoss,BraTS2021_00061,30.923578,0.9726272821426392,0.10264987,0.7780373831775701,0.0,0.0
Uformer + PathologyLoss,BraTS2021_00061,30.944801,0.9712275266647339,0.102836594,0.5329249617151608,0.021164021164021163,0.022598870056497175
Uformer + PathologyLoss,BraTS2021_00061,31.19072,0.9728728532791138,0.10068054,0.8056628056628057,0.4861111111111111,0.4861111111111111
Uformer + PathologyLoss,BraTS2021_00061,31.08198,0.9716036915779114,0.10054563,0.8058394160583942,0.0,0.0
Uformer + PathologyLoss,BraTS2021_00061,31.07983,0.9721834659576416,0.09990979,0.7169230769230769,0.0,0.0
Uformer + PathologyLoss,BraTS2021_00061,31.390984,0.9753187298774719,0.097720146,0.6367713004484304,0.0,0.0
Uformer + PathologyLoss,BraTS2021_00061,31.624033,0.9735196828842163,0.09639376,0.7010869565217391,nan,nan
Uformer + PathologyLoss,BraTS2021_00061,31.588926,0.9749083518981934,0.09498972,0.14354066985645933,nan,nan
Uformer + PathologyLoss,BraTS2021_00062,29.100935,0.9720582365989685,0.116678685,0.7494824016563147,nan,nan
Uformer + PathologyLoss,BraTS2021_00062,29.143204,0.9705490469932556,0.117186554,0.733044733044733,nan,nan
Uformer + PathologyLoss,BraTS2021_00062,29.046074,0.9718877077102661,0.1144161,0.6450567260940032,nan,nan
Uformer + PathologyLoss,BraTS2021_00062,29.428122,0.973974883556366,0.10776248,0.8866498740554156,nan,nan
Uformer + PathologyLoss,BraTS2021_00062,29.807095,0.9752188324928284,0.10320794,0.8157377049180328,nan,nan
Uformer + PathologyLoss,BraTS2021_00062,29.907618,0.9755505919456482,0.102898374,0.7432578209277239,nan,nan
Uformer + PathologyLoss,BraTS2021_00062,29.942934,0.9786943197250366,0.09769178,0.8093264248704664,nan,nan
Uformer + PathologyLoss,BraTS2021_00062,30.096647,0.9786939024925232,0.09641986,0.9046866771985256,nan,nan
Uformer + PathologyLoss,BraTS2021_00062,30.155924,0.9812932014465332,0.09285738,0.8339670468948035,nan,nan
Uformer + PathologyLoss,BraTS2021_00062,30.3942,0.980957567691803,0.091034286,0.8933852140077821,nan,nan
Uformer + PathologyLoss,BraTS2021_00062,30.230944,0.9827299118041992,0.08935438,0.8664563617245006,nan,nan
Uformer + PathologyLoss,BraTS2021_00062,30.310518,0.9824613928794861,0.09026494,0.912718204488778,nan,nan
Uformer + PathologyLoss,BraTS2021_00062,30.221016,0.9828834533691406,0.08897475,0.9351021871638581,nan,nan
Uformer + PathologyLoss,BraTS2021_00062,30.443665,0.9831171631813049,0.08718606,0.9487889273356401,nan,nan
Uformer + PathologyLoss,BraTS2021_00062,30.351082,0.9833436012268066,0.08705462,0.950786056049214,nan,nan
Uformer + PathologyLoss,BraTS2021_00062,30.57761,0.9836919903755188,0.0868902,0.9611817244933013,nan,nan
Uformer + PathologyLoss,BraTS2021_00062,30.500786,0.9843094348907471,0.08512708,0.9484193011647255,0.0,0.0
Uformer + PathologyLoss,BraTS2021_00062,30.260895,0.9831370115280151,0.08824482,0.9527977492966552,0.0,0.0
Uformer + PathologyLoss,BraTS2021_00062,29.968304,0.9836376309394836,0.08817841,0.9402581807265086,0.0,0.0
Uformer + PathologyLoss,BraTS2021_00062,30.060665,0.9840501546859741,0.08748669,0.9616198247204594,0.0,0.0
Uformer + PathologyLoss,BraTS2021_00062,30.283052,0.984295129776001,0.08560627,0.9626307922272048,0.6896551724137931,0.6896551724137931
Uformer + PathologyLoss,BraTS2021_00062,30.137608,0.9837401509284973,0.087425716,0.9730689553122226,0.0,0.0
Uformer + PathologyLoss,BraTS2021_00062,30.237064,0.9854921698570251,0.08392776,0.9703725432678205,0.0,0.0
Uformer + PathologyLoss,BraTS2021_00062,30.273981,0.9855360388755798,0.084378935,0.9679882525697504,0.0,0.0
Uformer + PathologyLoss,BraTS2021_00062,30.388012,0.9860678315162659,0.08197466,0.9545059403071573,0.375,0.5454545454545454
Uformer + PathologyLoss,BraTS2021_00062,30.607334,0.9875110983848572,0.07970232,0.9549600912200684,0.36363636363636365,0.36363636363636365
Uformer + PathologyLoss,BraTS2021_00062,31.0004,0.9878977537155151,0.07846382,0.9599535693557748,0.0,0.0
Uformer + PathologyLoss,BraTS2021_00062,30.536087,0.9883354306221008,0.07801641,0.9575021682567216,0.0,0.0
Uformer + PathologyLoss,BraTS2021_00062,31.22522,0.9894401431083679,0.075065106,0.9613809245172615,0.0,0.0
Uformer + PathologyLoss,BraTS2021_00062,31.45727,0.9902600049972534,0.072541706,0.9610787618755746,nan,nan
Uformer + PathologyLoss,BraTS2021_00062,31.797905,0.9905929565429688,0.070769675,0.9711568938193343,nan,nan
Uformer + PathologyLoss,BraTS2021_00062,31.65948,0.9907066822052002,0.07057796,0.9662990196078431,0.0,nan
Uformer + PathologyLoss,BraTS2021_00062,31.963299,0.9910474419593811,0.06916407,0.960644007155635,0.0,nan
Uformer + PathologyLoss,BraTS2021_00062,31.451,0.9904347062110901,0.07226774,0.9464805119255381,0.0,nan
Uformer + PathologyLoss,BraTS2021_00062,31.817036,0.9912094473838806,0.068479985,0.9524087591240876,nan,nan
Uformer + PathologyLoss,BraTS2021_00062,31.450012,0.9905700087547302,0.07188772,0.9324169530355098,nan,nan
Uformer + PathologyLoss,BraTS2021_00062,31.544025,0.9902845025062561,0.07078485,0.9515366430260047,nan,nan
Uformer + PathologyLoss,BraTS2021_00062,31.50633,0.9898977279663086,0.07216817,0.9339594951570297,nan,nan
Uformer + PathologyLoss,BraTS2021_00062,31.429844,0.9890387654304504,0.07271313,0.9228504122497055,nan,nan
Uformer + PathologyLoss,BraTS2021_00062,31.564392,0.9883821606636047,0.074290164,0.8991202346041056,nan,nan
Uformer + PathologyLoss,BraTS2021_00062,31.820486,0.988590657711029,0.07231451,0.8792497069167644,nan,nan
Uformer + PathologyLoss,BraTS2021_00062,31.81383,0.9883247017860413,0.07248933,0.8959608323133414,nan,nan
Uformer + PathologyLoss,BraTS2021_00062,32.126118,0.9876535534858704,0.07265288,0.8968499073502162,nan,nan
Uformer + PathologyLoss,BraTS2021_00062,32.264725,0.9880315661430359,0.07117609,0.9025,nan,nan
Uformer + PathologyLoss,BraTS2021_00062,31.71155,0.9879317879676819,0.073497854,0.8944216829498897,nan,nan
Uformer + PathologyLoss,BraTS2021_00062,31.683964,0.9876949191093445,0.07370639,0.8926875593542261,nan,nan
Uformer + PathologyLoss,BraTS2021_00062,31.425533,0.9872834086418152,0.07641701,0.9061799551713097,nan,nan
Uformer + PathologyLoss,BraTS2021_00062,31.612469,0.9869378209114075,0.076218344,0.9000319386777388,nan,nan
Uformer + PathologyLoss,BraTS2021_00062,31.518019,0.9875720143318176,0.07604891,0.9020237712817218,nan,nan
Uformer + PathologyLoss,BraTS2021_00062,31.72071,0.9873500466346741,0.075954914,0.920782234007292,nan,nan
Uformer + PathologyLoss,BraTS2021_00062,31.645267,0.9875413179397583,0.07728223,0.9263157894736842,nan,nan
Uformer + PathologyLoss,BraTS2021_00062,31.792976,0.9865474700927734,0.078765735,0.9244105409153953,nan,nan
Uformer + PathologyLoss,BraTS2021_00062,31.475365,0.9852617383003235,0.08247504,0.8975166142007694,nan,nan
Uformer + PathologyLoss,BraTS2021_00062,31.025888,0.9854705333709717,0.08373223,0.8866886688668867,nan,nan
Uformer + PathologyLoss,BraTS2021_00062,31.17343,0.985352098941803,0.08565192,0.9133545310015898,nan,nan
Uformer + PathologyLoss,BraTS2021_00062,30.851215,0.9857662916183472,0.087461434,0.8896025692492975,nan,nan
Uformer + PathologyLoss,BraTS2021_00062,30.977652,0.9846268892288208,0.09017114,0.8915763135946623,nan,nan
Uformer + PathologyLoss,BraTS2021_00062,30.812073,0.9846739172935486,0.09161751,0.9200524246395806,nan,nan
Uformer + PathologyLoss,BraTS2021_00062,30.453987,0.9836713075637817,0.09547035,0.9217777777777778,nan,nan
Uformer + PathologyLoss,BraTS2021_00062,30.468225,0.9845737814903259,0.09483175,0.8997338065661047,nan,nan
Uformer + PathologyLoss,BraTS2021_00062,30.486767,0.9843683838844299,0.09593937,0.8989071038251366,nan,nan
Uformer + PathologyLoss,BraTS2021_00062,30.694332,0.9837983846664429,0.099284686,0.9159943046986236,nan,nan
Uformer + PathologyLoss,BraTS2021_00062,30.367077,0.9831859469413757,0.10239182,0.887624466571835,nan,nan
Uformer + PathologyLoss,BraTS2021_00062,30.436438,0.9836624264717102,0.10450541,0.9493801652892562,0.0,0.0
Uformer + PathologyLoss,BraTS2021_00062,30.219069,0.9832188487052917,0.10725038,0.9163598106259864,0.0,0.0
Uformer + PathologyLoss,BraTS2021_00062,30.271294,0.9847772717475891,0.10660549,0.8843020097772949,nan,nan
Uformer + PathologyLoss,BraTS2021_00062,30.395975,0.9853447675704956,0.1071418,0.8731208659049909,nan,nan
Uformer + PathologyLoss,BraTS2021_00062,30.347347,0.984892725944519,0.111908585,0.9036312849162011,nan,nan
Uformer + PathologyLoss,BraTS2021_00062,30.482962,0.9837153553962708,0.11815221,0.9220287660862982,0.0,0.0
Uformer + PathologyLoss,BraTS2021_00062,30.60277,0.9844641089439392,0.11894556,0.9238845144356955,0.0,0.0
Uformer + PathologyLoss,BraTS2021_00062,30.605255,0.9856961369514465,0.11854148,0.9142857142857143,0.0,0.0
Uformer + PathologyLoss,BraTS2021_00062,30.732649,0.9852564930915833,0.12380522,0.8608187134502924,nan,nan
Uformer + PathologyLoss,BraTS2021_00062,30.858341,0.9845703840255737,0.13063848,0.7905511811023622,nan,nan
Uformer + PathologyLoss,BraTS2021_00062,30.969799,0.9847039580345154,0.13314828,0.701123595505618,nan,nan
Uformer + PathologyLoss,BraTS2021_00088,32.069,0.9612984657287598,0.0967933,0.0661764705882353,0.0,0.0
Uformer + PathologyLoss,BraTS2021_00088,32.23144,0.9661751985549927,0.09220635,0.8875739644970414,0.7625272331154684,0.7709251101321586
Uformer + PathologyLoss,BraTS2021_00088,32.246696,0.9687997698783875,0.09167103,0.9237472766884531,0.8109756097560976,0.819672131147541
Uformer + PathologyLoss,BraTS2021_00088,32.236412,0.9727380871772766,0.09021207,0.8817567567567568,0.8600917431192661,0.7872648335745297
Uformer + PathologyLoss,BraTS2021_00088,32.065193,0.973499596118927,0.08843148,0.9302631578947368,0.912568306010929,0.8532675709001233
Uformer + PathologyLoss,BraTS2021_00088,32.12741,0.9729912281036377,0.08996397,0.94058856191005,0.8828828828828829,0.8130841121495327
Uformer + PathologyLoss,BraTS2021_00088,32.133488,0.9757117033004761,0.087568395,0.8888888888888888,0.848314606741573,0.764525993883792
Uformer + PathologyLoss,BraTS2021_00088,31.96608,0.9759104251861572,0.0887103,0.8870618779749027,0.8099071207430341,0.7040723981900453
Uformer + PathologyLoss,BraTS2021_00088,31.739656,0.9771713614463806,0.088695765,0.925607476635514,0.8448371065709552,0.7326906222611744
Uformer + PathologyLoss,BraTS2021_00088,31.769619,0.9775429964065552,0.08685784,0.9497779296207721,0.919917864476386,0.8583617747440273
Uformer + PathologyLoss,BraTS2021_00088,31.773743,0.9760330319404602,0.089213006,0.9583066067992303,0.9362292051756007,0.8677165354330708
Uformer + PathologyLoss,BraTS2021_00088,31.997578,0.9799156188964844,0.08315078,0.9614906832298137,0.9250902527075813,0.8235294117647058
Uformer + PathologyLoss,BraTS2021_00088,32.15694,0.980401337146759,0.083324246,0.971101745936183,0.9259734702610184,0.8288444830582102
Uformer + PathologyLoss,BraTS2021_00088,32.14008,0.9813936352729797,0.08187894,0.9746909947027663,0.9259415996614473,0.7962264150943397
Uformer + PathologyLoss,BraTS2021_00088,32.155556,0.9807988405227661,0.08135713,0.9716926632004622,0.9332787556283259,0.8089053803339518
Uformer + PathologyLoss,BraTS2021_00088,32.052704,0.980390191078186,0.08223219,0.9728230726566833,0.9332819128422677,0.8275276125743416
Uformer + PathologyLoss,BraTS2021_00088,32.19726,0.9821264743804932,0.07989336,0.9626865671641791,0.9417074088003009,0.8508098891730606
Uformer + PathologyLoss,BraTS2021_00088,32.098145,0.9827771782875061,0.078825444,0.9630010277492291,0.9475614228089475,0.848068669527897
Uformer + PathologyLoss,BraTS2021_00088,32.164616,0.9830066561698914,0.07780607,0.9629444166249375,0.9577564785232516,0.8831385642737897
Uformer + PathologyLoss,BraTS2021_00088,32.440125,0.9841999411582947,0.07704448,0.9631116687578419,0.9498042007831968,0.8411712511091393
Uformer + PathologyLoss,BraTS2021_00088,32.61457,0.9852268099784851,0.074478544,0.9703422053231939,0.9561217268223637,0.8497695852534562
Uformer + PathologyLoss,BraTS2021_00088,32.580982,0.9852308630943298,0.07555574,0.9712643678160919,0.9534717251252685,0.8600556070435589
Uformer + PathologyLoss,BraTS2021_00088,32.810863,0.9856281876564026,0.07317702,0.9710540688148552,0.9528267915016204,0.8245787908820614
Uformer + PathologyLoss,BraTS2021_00088,32.940163,0.9865607023239136,0.07262197,0.9782016348773842,0.9511143062544932,0.8326848249027238
Uformer + PathologyLoss,BraTS2021_00088,33.00735,0.9877030849456787,0.06984191,0.9846407021393307,0.9520028870443883,0.8538681948424068
Uformer + PathologyLoss,BraTS2021_00088,33.19606,0.988230288028717,0.06852257,0.9838978345363687,0.9289243633599392,0.782422293676313
Uformer + PathologyLoss,BraTS2021_00088,33.381897,0.9872238636016846,0.07033551,0.9826233183856502,0.9538228614685844,0.831765935214211
Uformer + PathologyLoss,BraTS2021_00088,33.346844,0.9874141812324524,0.06891491,0.9845288326300985,0.9658385093167702,0.874468085106383
Uformer + PathologyLoss,BraTS2021_00088,33.45808,0.9874338507652283,0.069055706,0.9727089916690607,0.9382819015846539,0.779126213592233
Uformer + PathologyLoss,BraTS2021_00088,33.42099,0.9856253862380981,0.06983807,0.9825581395348837,0.9619047619047619,0.8475836431226765
Uformer + PathologyLoss,BraTS2021_00088,33.35122,0.9872164130210876,0.06845527,0.9856178456119753,0.9446730681298583,0.7870619946091644
Uformer + PathologyLoss,BraTS2021_00088,33.16981,0.984380841255188,0.07175327,0.9791169451073986,0.9613053613053613,0.8216216216216217
Uformer + PathologyLoss,BraTS2021_00088,33.014645,0.9852654933929443,0.0726331,0.9829612220916569,0.9785407725321889,0.8734177215189873
Uformer + PathologyLoss,BraTS2021_00088,32.96252,0.9829725027084351,0.07391322,0.98344869094192,0.9646238166417539,0.8271276595744681
Uformer + PathologyLoss,BraTS2021_00088,33.138756,0.9851115345954895,0.07135291,0.9834785220787023,0.960167714884696,0.8111111111111111
Uformer + PathologyLoss,BraTS2021_00088,32.969376,0.9847971796989441,0.071832255,0.982068141063957,0.9783869267264101,0.8668407310704961
Uformer + PathologyLoss,BraTS2021_00088,32.812515,0.9856676459312439,0.07113954,0.9810981098109811,0.9830693610049154,0.8727272727272727
Uformer + PathologyLoss,BraTS2021_00088,32.90138,0.9836200475692749,0.07414092,0.9816289038579302,0.9620991253644315,0.8283093053735255
Uformer + PathologyLoss,BraTS2021_00088,32.541725,0.9857920408248901,0.07356505,0.9706058788242351,0.9727488151658767,0.87146529562982
Uformer + PathologyLoss,BraTS2021_00088,32.384724,0.9846295714378357,0.07669093,0.9849923430321592,0.9757009345794393,0.8934131736526946
Uformer + PathologyLoss,BraTS2021_00088,32.34596,0.9839338064193726,0.077175125,0.9873261205564142,0.9647371922821024,0.8870392390011891
Uformer + PathologyLoss,BraTS2021_00088,32.459427,0.9838322401046753,0.078344285,0.9892744479495268,0.905688622754491,0.8820754716981132
Uformer + PathologyLoss,BraTS2021_00088,32.34118,0.9834612011909485,0.07934923,0.9811197916666666,0.8617200674536256,0.8071005917159764
Uformer + PathologyLoss,BraTS2021_00088,32.30949,0.9846314787864685,0.07908402,0.9806408544726302,0.821944177093359,0.776796973518285
Uformer + PathologyLoss,BraTS2021_00088,31.912895,0.9845734238624573,0.07919867,0.9740932642487047,0.7596371882086168,0.7503267973856209
Uformer + PathologyLoss,BraTS2021_00088,32.10463,0.9825797080993652,0.08242107,0.9703839122486289,0.631578947368421,0.6434231378763867
Uformer + PathologyLoss,BraTS2021_00088,31.739595,0.9840401411056519,0.08349094,0.965981308411215,0.675,0.6913123844731978
Uformer + PathologyLoss,BraTS2021_00088,31.717468,0.9828357696533203,0.08714078,0.9530516431924883,0.759090909090909,0.759090909090909
Uformer + PathologyLoss,BraTS2021_00088,31.277706,0.9818133115768433,0.089588016,0.9452350150927123,0.5590551181102362,0.5590551181102362
Uformer + PathologyLoss,BraTS2021_00088,31.299152,0.9792224764823914,0.09305266,0.9738562091503268,0.6923076923076923,0.6923076923076923
Uformer + PathologyLoss,BraTS2021_00088,30.549147,0.9782193899154663,0.09988416,0.9638902262879152,0.0,0.0
Uformer + PathologyLoss,BraTS2021_00088,30.628157,0.9778808951377869,0.10139709,0.9570112589559877,nan,nan
Uformer + PathologyLoss,BraTS2021_00088,30.004694,0.9762767553329468,0.10719163,0.9414922168545357,nan,nan
Uformer + PathologyLoss,BraTS2021_00088,29.463085,0.9757850170135498,0.11160442,0.8741653826399589,0.0,0.0
Uformer + PathologyLoss,BraTS2021_00088,29.54605,0.9726365804672241,0.117459804,0.9339735894357744,0.5714285714285714,0.5714285714285714
Uformer + PathologyLoss,BraTS2021_00088,29.302122,0.9730504751205444,0.11989786,0.9284785435630689,0.7884615384615384,0.7884615384615384
Uformer + PathologyLoss,BraTS2021_00088,29.394037,0.9746367335319519,0.12121378,0.9418521177315147,0.819047619047619,0.819047619047619
Uformer + PathologyLoss,BraTS2021_00088,28.969425,0.9756872653961182,0.12490755,0.9166666666666666,0.7727272727272727,0.7727272727272727
Uformer + PathologyLoss,BraTS2021_00088,29.012968,0.9741021990776062,0.13197881,0.9540517961570593,0.32432432432432434,0.32432432432432434
Uformer + PathologyLoss,BraTS2021_00088,28.676073,0.9737945199012756,0.13636102,0.9339622641509434,0.0,0.0
Uformer + PathologyLoss,BraTS2021_00088,28.710125,0.9748508930206299,0.13770324,0.8703703703703703,nan,nan
Uformer + PathologyLoss,BraTS2021_00088,28.225796,0.9735274314880371,0.14682518,0.8484005563282336,nan,nan
Uformer + PathologyLoss,BraTS2021_00088,28.930603,0.9766785502433777,0.14126691,0.7819063004846527,nan,nan
Uformer + PathologyLoss,BraTS2021_00088,29.128956,0.9778419137001038,0.14300618,0.634703196347032,nan,nan
Uformer + PathologyLoss,BraTS2021_00088,28.767225,0.9767476320266724,0.15138105,0.01015228426395939,nan,nan
Uformer + PathologyLoss,BraTS2021_00088,28.345488,0.9747734069824219,0.16164297,0.0,nan,nan
Uformer + PathologyLoss,BraTS2021_00101,28.826876,0.9777974486351013,0.0764284,0.6263345195729537,nan,nan
Uformer + PathologyLoss,BraTS2021_00101,28.38916,0.9765494465827942,0.07892819,0.9203539823008849,nan,nan
Uformer + PathologyLoss,BraTS2021_00101,28.171703,0.9788584113121033,0.07990852,0.9279437609841827,nan,nan
Uformer + PathologyLoss,BraTS2021_00101,28.907194,0.9770262837409973,0.07656855,0.9480314960629921,nan,nan
Uformer + PathologyLoss,BraTS2021_00101,28.501163,0.9780883193016052,0.07844104,0.945054945054945,nan,nan
Uformer + PathologyLoss,BraTS2021_00101,29.091557,0.9789778590202332,0.07562861,0.9380315917375456,nan,nan
Uformer + PathologyLoss,BraTS2021_00101,29.239868,0.9791725277900696,0.07309546,0.9656607700312175,nan,nan
Uformer + PathologyLoss,BraTS2021_00101,28.533957,0.9799819588661194,0.07745259,0.9746588693957114,nan,nan
Uformer + PathologyLoss,BraTS2021_00101,28.839312,0.9809578657150269,0.07523527,0.9541918755401901,nan,nan
Uformer + PathologyLoss,BraTS2021_00101,28.424213,0.980885922908783,0.07768449,0.9734085414987913,nan,nan
Uformer + PathologyLoss,BraTS2021_00101,28.701717,0.9820615649223328,0.0752372,0.9777117384843982,nan,nan
Uformer + PathologyLoss,BraTS2021_00101,28.606575,0.983755350112915,0.07516646,0.9699090272918125,nan,nan
Uformer + PathologyLoss,BraTS2021_00101,29.31865,0.9855403900146484,0.0706653,0.9588313413014609,0.0,0.0
Uformer + PathologyLoss,BraTS2021_00101,28.738882,0.9852822422981262,0.07317103,0.9732484076433121,0.5806451612903226,0.5806451612903226
Uformer + PathologyLoss,BraTS2021_00101,29.204494,0.9863815307617188,0.07025319,0.9719953325554259,0.8961748633879781,0.8961748633879781
Uformer + PathologyLoss,BraTS2021_00101,29.60167,0.9867677092552185,0.06827832,0.9669376693766938,0.6805555555555556,0.6805555555555556
Uformer + PathologyLoss,BraTS2021_00101,29.137577,0.9850056171417236,0.0697875,0.9726381001548787,0.8716417910447761,0.8716417910447761
Uformer + PathologyLoss,BraTS2021_00101,28.937431,0.9854862689971924,0.071921684,0.9826883910386965,0.8618618618618619,0.849772382397572
Uformer + PathologyLoss,BraTS2021_00101,29.20039,0.9851183891296387,0.07028875,0.9874937468734367,0.9068462401795735,0.8881278538812786
Uformer + PathologyLoss,BraTS2021_00101,28.897993,0.983284592628479,0.071044974,0.9873540856031129,0.9533213644524237,0.9344569288389513
Uformer + PathologyLoss,BraTS2021_00101,29.2577,0.9835196733474731,0.069622196,0.9858190709046455,0.9608482871125612,0.941923774954628
Uformer + PathologyLoss,BraTS2021_00101,29.1175,0.9847300052642822,0.07060346,0.9886148007590133,0.9720332577475435,0.9204431017119838
Uformer + PathologyLoss,BraTS2021_00101,29.52031,0.9828084111213684,0.06817912,0.9896810506566605,0.9800853485064012,0.931615460852329
Uformer + PathologyLoss,BraTS2021_00101,29.243885,0.9831882119178772,0.0701582,0.9920150305307656,0.9835390946502057,0.9345991561181435
Uformer + PathologyLoss,BraTS2021_00101,29.039669,0.9836128354072571,0.071410306,0.9865053513261982,0.9899799599198397,0.9426321709786277
Uformer + PathologyLoss,BraTS2021_00101,29.569147,0.9819342494010925,0.06926497,0.983788791106994,0.9915639195327709,0.9328932893289329
Uformer + PathologyLoss,BraTS2021_00101,29.737349,0.9825931787490845,0.068333805,0.9911504424778761,0.9657401422107305,0.9212513484358145
Uformer + PathologyLoss,BraTS2021_00101,29.588366,0.982188880443573,0.06912475,0.9840823970037453,0.9417920209287116,0.9162357807652534
Uformer + PathologyLoss,BraTS2021_00101,29.195272,0.9831965565681458,0.07160409,0.9839924670433146,0.9351491569390402,0.9010309278350516
Uformer + PathologyLoss,BraTS2021_00101,29.069927,0.9821365475654602,0.07271069,0.9875239923224568,0.9089700996677741,0.8891149542217701
Uformer + PathologyLoss,BraTS2021_00101,29.634724,0.982695460319519,0.07037385,0.9820475497331392,0.8382559774964838,0.8359788359788359
Uformer + PathologyLoss,BraTS2021_00101,29.746962,0.9812669157981873,0.07095285,0.9869249394673123,0.8783140720598233,0.8627858627858628
Uformer + PathologyLoss,BraTS2021_00101,29.381943,0.9814847111701965,0.0732153,0.971342383107089,0.8415770609318997,0.8622881355932204
Uformer + PathologyLoss,BraTS2021_00101,29.313152,0.9810521006584167,0.074714266,0.9780439121756487,0.8717241379310345,0.8656410256410256
Uformer + PathologyLoss,BraTS2021_00101,29.183971,0.9805826544761658,0.07572745,0.9894631209232313,0.8707386363636364,0.8990435706695006
Uformer + PathologyLoss,BraTS2021_00101,29.289658,0.9811436533927917,0.075552374,0.9864797195793691,0.8506075768406004,0.8757894736842106
Uformer + PathologyLoss,BraTS2021_00101,29.25931,0.9802073240280151,0.07652312,0.9879154078549849,0.872278664731495,0.9251559251559252
Uformer + PathologyLoss,BraTS2021_00101,29.18357,0.9798684120178223,0.07837198,0.9858728557013118,0.936518771331058,0.9274509803921569
Uformer + PathologyLoss,BraTS2021_00101,28.836372,0.9809092283248901,0.080899455,0.9831889964340296,0.87248322147651,0.9112662013958126
Uformer + PathologyLoss,BraTS2021_00101,28.659286,0.9787455797195435,0.08395725,0.98043254376931,0.9078947368421053,0.9243856332703214
Uformer + PathologyLoss,BraTS2021_00101,28.587837,0.9813150763511658,0.084293246,0.9801876955161627,0.9216255442670537,0.9393939393939394
Uformer + PathologyLoss,BraTS2021_00101,28.489668,0.9801744222640991,0.08705258,0.9805230940456316,0.9068702290076336,0.9269717624148004
Uformer + PathologyLoss,BraTS2021_00101,28.855907,0.9804552793502808,0.08751679,0.977599080987938,0.9823819591261451,0.9361702127659575
Uformer + PathologyLoss,BraTS2021_00101,28.462408,0.979957640171051,0.09037876,0.9769696969696969,0.9280742459396751,0.8959365708622399
Uformer + PathologyLoss,BraTS2021_00101,28.510746,0.9809256792068481,0.091287486,0.978343949044586,0.9370517928286852,0.899063475546306
Uformer + PathologyLoss,BraTS2021_00101,28.496098,0.980584442615509,0.094302475,0.962671905697446,0.9610182975338106,0.9077412513255567
Uformer + PathologyLoss,BraTS2021_00101,28.087605,0.9796070456504822,0.09817528,0.9612403100775194,0.9712793733681462,0.9181034482758621
Uformer + PathologyLoss,BraTS2021_00101,27.983515,0.9794715046882629,0.10385356,0.9464012251148545,0.9579667644183774,0.9234393404004712
Uformer + PathologyLoss,BraTS2021_00101,27.940367,0.9800373315811157,0.10587496,0.9483333333333334,0.9566160520607375,0.9372093023255814
Uformer + PathologyLoss,BraTS2021_00101,27.824316,0.980488657951355,0.10749399,0.9625570776255707,0.9285714285714286,0.9284009546539379
Uformer + PathologyLoss,BraTS2021_00101,28.035645,0.9814532995223999,0.10887771,0.9338446788111218,0.8608695652173913,0.8608695652173913
Uformer + PathologyLoss,BraTS2021_00101,28.076029,0.981564462184906,0.11301958,0.9429280397022333,0.8923076923076924,0.8940269749518305
Uformer + PathologyLoss,BraTS2021_00101,27.937784,0.9816794395446777,0.118270054,0.7663934426229508,0.5591397849462365,0.5591397849462365
Uformer + PathologyLoss,BraTS2021_00101,28.252338,0.9828583002090454,0.12088242,0.0,0.0,0.0
Uformer + PathologyLoss,BraTS2021_00103,31.596043,0.9789348840713501,0.14044648,0.5699481865284974,nan,nan
Uformer + PathologyLoss,BraTS2021_00103,31.464293,0.9788655042648315,0.13687392,0.43733333333333335,nan,nan
Uformer + PathologyLoss,BraTS2021_00103,31.681442,0.9789739847183228,0.13087842,0.575197889182058,nan,nan
Uformer + PathologyLoss,BraTS2021_00103,31.718628,0.9786545038223267,0.1281875,0.7616279069767442,nan,nan
Uformer + PathologyLoss,BraTS2021_00103,31.425907,0.9790391325950623,0.12436739,0.7652582159624414,nan,nan
Uformer + PathologyLoss,BraTS2021_00103,31.862522,0.9783304333686829,0.12183823,0.8336755646817249,nan,nan
Uformer + PathologyLoss,BraTS2021_00103,31.501564,0.9780267477035522,0.122352354,0.7852437417654808,nan,nan
Uformer + PathologyLoss,BraTS2021_00103,31.793896,0.9788514971733093,0.117238246,0.8240252897787145,nan,nan
Uformer + PathologyLoss,BraTS2021_00103,31.479774,0.9789424538612366,0.11880553,0.7936507936507936,nan,nan
Uformer + PathologyLoss,BraTS2021_00103,31.5522,0.9798504710197449,0.11539457,0.9049516220830962,nan,nan
Uformer + PathologyLoss,BraTS2021_00103,31.166525,0.9812993407249451,0.11320709,0.8775607432110529,nan,nan
Uformer + PathologyLoss,BraTS2021_00103,31.198881,0.9799461960792542,0.11596143,0.864090316977855,nan,nan
Uformer + PathologyLoss,BraTS2021_00103,31.184462,0.9799892902374268,0.113924995,0.8169250104733976,0.0,0.0
Uformer + PathologyLoss,BraTS2021_00103,31.139462,0.9816502332687378,0.110698745,0.8599771079740557,0.0,0.0
Uformer + PathologyLoss,BraTS2021_00103,31.07477,0.9824766516685486,0.10808636,0.8818953323903819,0.042735042735042736,0.042735042735042736
Uformer + PathologyLoss,BraTS2021_00103,30.974092,0.9827127456665039,0.10793798,0.9141429909459882,0.12232415902140673,0.1388888888888889
Uformer + PathologyLoss,BraTS2021_00103,30.707703,0.9823173880577087,0.10918404,0.9166906889593542,0.2260536398467433,0.28433734939759037
Uformer + PathologyLoss,BraTS2021_00103,30.414547,0.9787157773971558,0.116577506,0.9327329017731495,0.34196891191709844,0.367003367003367
Uformer + PathologyLoss,BraTS2021_00103,29.939125,0.9790037274360657,0.11573049,0.9247613700168444,0.504930966469428,0.465564738292011
Uformer + PathologyLoss,BraTS2021_00103,29.45194,0.9755418300628662,0.12161529,0.9301272984441301,0.7431340872374798,0.6593137254901961
Uformer + PathologyLoss,BraTS2021_00103,29.568422,0.9746618866920471,0.12267922,0.9384827586206896,0.5914069081718618,0.5327635327635327
Uformer + PathologyLoss,BraTS2021_00103,29.495007,0.9707595705986023,0.12275424,0.9283058948486458,0.6224328593996841,0.5920471281296024
Uformer + PathologyLoss,BraTS2021_00103,29.701458,0.9699229001998901,0.118270814,0.908816120906801,0.6529453513129879,0.7001254705144291
Uformer + PathologyLoss,BraTS2021_00103,29.980019,0.9716511964797974,0.11419569,0.9060565275908479,0.4925255704169945,0.5807407407407408
Uformer + PathologyLoss,BraTS2021_00103,30.068655,0.974064826965332,0.10995369,0.9151807228915663,0.4467741935483871,0.5815831987075929
Uformer + PathologyLoss,BraTS2021_00103,30.42138,0.9713222980499268,0.106709756,0.917132008041099,0.9354497354497354,0.8079161816065192
Uformer + PathologyLoss,BraTS2021_00103,30.526237,0.9750422239303589,0.101921186,0.9160115846090194,0.710828025477707,0.7704728950403691
Uformer + PathologyLoss,BraTS2021_00103,30.60419,0.9755324721336365,0.10065392,0.9146512092744353,0.5378031383737518,0.7568862275449102
Uformer + PathologyLoss,BraTS2021_00103,30.74522,0.9732004404067993,0.10051976,0.928075117370892,0.7136618839675608,0.8008213552361396
Uformer + PathologyLoss,BraTS2021_00103,30.727219,0.9773305654525757,0.09619531,0.9336114007646854,0.8665207877461707,0.839332748024583
Uformer + PathologyLoss,BraTS2021_00103,30.79456,0.9774671196937561,0.09500863,0.9523347875262562,0.7979154603358425,0.7918593894542091
Uformer + PathologyLoss,BraTS2021_00103,30.953342,0.9792444705963135,0.09086865,0.9518815545959285,0.7751027598355843,0.7657657657657657
Uformer + PathologyLoss,BraTS2021_00103,31.200275,0.9795883297920227,0.08960042,0.9542907696844589,0.8885367142102483,0.8604294478527608
Uformer + PathologyLoss,BraTS2021_00103,31.352835,0.9845808148384094,0.08356654,0.9552238805970149,0.8880714661061482,0.8356877323420074
Uformer + PathologyLoss,BraTS2021_00103,31.399616,0.9843112826347351,0.08442723,0.9450679267572357,0.9025534132360604,0.8482709950599859
Uformer + PathologyLoss,BraTS2021_00103,31.489258,0.9853766560554504,0.08216848,0.9472952301487971,0.8486212718064153,0.8292011019283747
Uformer + PathologyLoss,BraTS2021_00103,31.787119,0.9839232563972473,0.082568064,0.9519108729375264,0.8984018264840182,0.8369272237196765
Uformer + PathologyLoss,BraTS2021_00103,31.908434,0.985184371471405,0.079839,0.951181983494195,0.8286852589641435,0.7859237536656891
Uformer + PathologyLoss,BraTS2021_00103,31.782066,0.9871103763580322,0.07844916,0.9448051948051948,0.7040133779264214,0.6883230904302019
Uformer + PathologyLoss,BraTS2021_00103,31.957825,0.9862167835235596,0.07928328,0.9421824104234527,0.8339483394833949,0.8357348703170029
Uformer + PathologyLoss,BraTS2021_00103,31.529003,0.9864298105239868,0.08065085,0.9530164025576869,0.8335100742311771,0.7850467289719626
Uformer + PathologyLoss,BraTS2021_00103,31.728554,0.9868293404579163,0.07874918,0.9474129423375158,0.8419721871049305,0.8256624825662483
Uformer + PathologyLoss,BraTS2021_00103,31.688425,0.9877104163169861,0.07943582,0.94398610508033,0.8246153846153846,0.823327615780446
Uformer + PathologyLoss,BraTS2021_00103,31.471611,0.9867280125617981,0.08070071,0.9552857565886882,0.887459807073955,0.8783068783068783
Uformer + PathologyLoss,BraTS2021_00103,31.704634,0.9886744618415833,0.07721624,0.9548088064889919,0.8705035971223022,0.8414872798434442
Uformer + PathologyLoss,BraTS2021_00103,32.17398,0.9893539547920227,0.074663155,0.9563318777292577,0.876,0.8484848484848485
Uformer + PathologyLoss,BraTS2021_00103,32.046616,0.9898130893707275,0.074162886,0.9595198213288666,0.7835051546391752,0.7745358090185677
Uformer + PathologyLoss,BraTS2021_00103,32.078594,0.9891358613967896,0.07506611,0.9579687275857123,0.7272727272727273,0.7272727272727273
Uformer + PathologyLoss,BraTS2021_00103,32.30411,0.9901489019393921,0.07297814,0.9609547664653013,0.5325443786982249,0.5325443786982249
Uformer + PathologyLoss,BraTS2021_00103,32.04705,0.9906849265098572,0.07201892,0.9427530954115076,0.0,0.0
Uformer + PathologyLoss,BraTS2021_00103,32.472347,0.99089115858078,0.070106395,0.9592174567343867,0.0,0.0
Uformer + PathologyLoss,BraTS2021_00103,32.3626,0.9905775785446167,0.071974196,0.9358860195903829,nan,nan
Uformer + PathologyLoss,BraTS2021_00103,32.879814,0.9907442927360535,0.069290265,0.9549684779345542,nan,nan
Uformer + PathologyLoss,BraTS2021_00103,33.199364,0.9914782047271729,0.06646795,0.9468005394874869,nan,nan
Uformer + PathologyLoss,BraTS2021_00103,33.042923,0.9920859932899475,0.06556776,0.9566226606702452,nan,nan
Uformer + PathologyLoss,BraTS2021_00103,33.218487,0.9924235343933105,0.064906634,0.9583952451708767,nan,nan
Uformer + PathologyLoss,BraTS2021_00103,33.30676,0.9922775626182556,0.06489676,0.9475257886081626,nan,nan
Uformer + PathologyLoss,BraTS2021_00103,33.24311,0.9927704930305481,0.06351083,0.945239852398524,nan,nan
Uformer + PathologyLoss,BraTS2021_00103,33.435738,0.9919877052307129,0.063848145,0.9602814011431922,nan,nan
Uformer + PathologyLoss,BraTS2021_00103,33.466873,0.9927355647087097,0.06374053,0.9743663182013461,nan,nan
Uformer + PathologyLoss,BraTS2021_00103,33.501736,0.9923943281173706,0.06322776,0.9631711285312824,nan,nan
Uformer + PathologyLoss,BraTS2021_00103,33.39039,0.9921092987060547,0.06417212,0.964869029275809,nan,nan
Uformer + PathologyLoss,BraTS2021_00103,33.376553,0.9910508990287781,0.06658031,0.9732811990876507,nan,nan
Uformer + PathologyLoss,BraTS2021_00103,32.987564,0.9913808703422546,0.066949114,0.9649122807017544,nan,nan
Uformer + PathologyLoss,BraTS2021_00103,33.34564,0.9896361231803894,0.06853181,0.9757150566648678,nan,nan
Uformer + PathologyLoss,BraTS2021_00103,33.10796,0.9904571175575256,0.069036774,0.9701907054249214,nan,nan
Uformer + PathologyLoss,BraTS2021_00103,33.136402,0.9900019764900208,0.0689424,0.9692277917553707,nan,nan
Uformer + PathologyLoss,BraTS2021_00103,33.05467,0.9885321259498596,0.07187713,0.9828810020876827,nan,nan
Uformer + PathologyLoss,BraTS2021_00103,32.917683,0.9883744716644287,0.072098024,0.9668411867364747,nan,nan
Uformer + PathologyLoss,BraTS2021_00103,32.756077,0.9872150421142578,0.073983066,0.9714285714285714,nan,nan
Uformer + PathologyLoss,BraTS2021_00103,32.81195,0.9856995940208435,0.07545898,0.9634920634920635,nan,nan
Uformer + PathologyLoss,BraTS2021_00103,32.846466,0.9839177131652832,0.07745821,0.971945701357466,nan,nan
Uformer + PathologyLoss,BraTS2021_00103,32.72449,0.9826862812042236,0.07939871,0.9183117767188563,nan,nan
Uformer + PathologyLoss,BraTS2021_00103,32.86664,0.9796619415283203,0.079991676,0.9343456900401965,nan,nan
Uformer + PathologyLoss,BraTS2021_00103,33.19693,0.9775062799453735,0.08131922,0.8670886075949367,nan,nan
Uformer + PathologyLoss,BraTS2021_00103,32.93063,0.9803069233894348,0.07976466,0.7210084033613445,nan,nan
Uformer + PathologyLoss,BraTS2021_00103,32.964947,0.9734401702880859,0.08353756,0.6540880503144654,nan,nan
Uformer + PathologyLoss,BraTS2021_00107,30.814583,0.9496690630912781,0.08476124,0.0,0.0,0.0
Uformer + PathologyLoss,BraTS2021_00107,30.711592,0.9433377385139465,0.08402571,0.0,0.0,0.0
Uformer + PathologyLoss,BraTS2021_00107,31.050217,0.9398433566093445,0.082110986,0.20382165605095542,0.017543859649122806,0.0
Uformer + PathologyLoss,BraTS2021_00107,31.571075,0.9449206590652466,0.076489255,0.7272727272727273,0.3709090909090909,0.3821138211382114
Uformer + PathologyLoss,BraTS2021_00107,31.59601,0.9460979104042053,0.07305342,0.8481012658227848,0.7522935779816514,0.7609756097560976
Uformer + PathologyLoss,BraTS2021_00107,32.118916,0.9527226090431213,0.06889373,0.891640866873065,0.8682745825602969,0.8671875
Uformer + PathologyLoss,BraTS2021_00107,32.268112,0.9546705484390259,0.06865937,0.8284910965323337,0.8948247078464107,0.8963093145869947
Uformer + PathologyLoss,BraTS2021_00107,32.285694,0.9590074419975281,0.06768374,0.8976608187134503,0.9216300940438872,0.9072512647554806
Uformer + PathologyLoss,BraTS2021_00107,32.154686,0.9604077935218811,0.06705247,0.89875,0.9256449165402124,0.9320987654320988
Uformer + PathologyLoss,BraTS2021_00107,32.34739,0.9630765914916992,0.06618566,0.9123595505617977,0.8428781204111601,0.8509316770186336
Uformer + PathologyLoss,BraTS2021_00107,32.158134,0.9608966112136841,0.06782386,0.9271523178807947,0.8910891089108911,0.898936170212766
Uformer + PathologyLoss,BraTS2021_00107,32.36916,0.9636671543121338,0.06530288,0.9193317422434367,0.9036402569593148,0.9099415204678363
Uformer + PathologyLoss,BraTS2021_00107,32.33295,0.9679495096206665,0.064149246,0.9617021276595744,0.9031578947368422,0.8914819136522754
Uformer + PathologyLoss,BraTS2021_00107,32.27341,0.9673283100128174,0.06403277,0.9405705229793978,0.9362119725220804,0.9094922737306843
Uformer + PathologyLoss,BraTS2021_00107,32.266335,0.9700110554695129,0.063610926,0.9433008306247743,0.9278752436647173,0.8996458087367178
Uformer + PathologyLoss,BraTS2021_00107,32.24105,0.9686211347579956,0.06468538,0.9466759002770083,0.9397810218978102,0.9161747343565525
Uformer + PathologyLoss,BraTS2021_00107,32.341373,0.9738843441009521,0.06193784,0.9785874081176095,0.9336870026525199,0.9103291713961408
Uformer + PathologyLoss,BraTS2021_00107,32.178196,0.9741097092628479,0.06475667,0.9760199314855186,0.9357326478149101,0.9225512528473804
Uformer + PathologyLoss,BraTS2021_00107,32.52006,0.9786118865013123,0.060772084,0.9860740740740741,0.9550466497031382,0.9466666666666667
Uformer + PathologyLoss,BraTS2021_00107,32.318417,0.9787917733192444,0.060430408,0.9772079772079773,0.9742738589211618,0.9588744588744589
Uformer + PathologyLoss,BraTS2021_00107,32.59361,0.9803842902183533,0.060019914,0.981718963165075,0.9721048182586645,0.9555302166476625
Uformer + PathologyLoss,BraTS2021_00107,32.850338,0.9802356362342834,0.05953611,0.9658749658749659,0.9368088467614534,0.9396551724137931
Uformer + PathologyLoss,BraTS2021_00107,32.800583,0.9829268455505371,0.057398114,0.9855225059226113,0.9512195121951219,0.9546485260770975
Uformer + PathologyLoss,BraTS2021_00107,32.826267,0.98363196849823,0.056784276,0.9912235415591121,0.9631449631449631,0.9234042553191489
Uformer + PathologyLoss,BraTS2021_00107,33.036636,0.9836108088493347,0.056675248,0.9907407407407407,0.9820971867007673,0.9570815450643777
Uformer + PathologyLoss,BraTS2021_00107,32.639942,0.9828528761863708,0.05757119,0.9928716904276986,0.940099833610649,0.9354838709677419
Uformer + PathologyLoss,BraTS2021_00107,32.79962,0.981890082359314,0.056734577,0.9906115199188024,0.9575971731448764,0.949814126394052
Uformer + PathologyLoss,BraTS2021_00107,32.943645,0.9807189702987671,0.05703913,0.9884881043745203,0.9121561668145519,0.9611374407582939
Uformer + PathologyLoss,BraTS2021_00107,32.951653,0.9808903932571411,0.05779637,0.9908303616912888,0.8746518105849582,0.9516957862281603
Uformer + PathologyLoss,BraTS2021_00107,33.017136,0.980171799659729,0.057281345,0.9907881269191402,0.8828451882845189,0.9398663697104677
Uformer + PathologyLoss,BraTS2021_00107,32.842068,0.9807156324386597,0.056979742,0.9926189870195978,0.8462377317339149,0.9383313180169287
Uformer + PathologyLoss,BraTS2021_00107,32.979107,0.9804587364196777,0.056880817,0.9831460674157303,0.8875453446191052,0.9455958549222798
Uformer + PathologyLoss,BraTS2021_00107,33.209858,0.9793080687522888,0.055019397,0.9824107604759441,0.9048207663782447,0.9574468085106383
Uformer + PathologyLoss,BraTS2021_00107,33.24634,0.9789034724235535,0.05567766,0.9774201920581366,0.8553137003841229,0.9294964028776979
Uformer + PathologyLoss,BraTS2021_00107,33.562317,0.9791715145111084,0.055587657,0.9577922077922078,0.4608695652173913,0.5608465608465608
Uformer + PathologyLoss,BraTS2021_00107,33.373055,0.9770932197570801,0.055417743,0.9491332764990054,0.0,0.0
Uformer + PathologyLoss,BraTS2021_00107,33.459545,0.9787896275520325,0.056584537,0.9606345475910694,0.0,0.0
Uformer + PathologyLoss,BraTS2021_00107,32.86004,0.9792423248291016,0.05803656,0.9753012048192771,nan,nan
Uformer + PathologyLoss,BraTS2021_00107,33.018078,0.9782512784004211,0.058867306,0.9799270072992701,0.0,nan
Uformer + PathologyLoss,BraTS2021_00107,33.431713,0.9773479104042053,0.056226503,0.9596953348143447,nan,nan
Uformer + PathologyLoss,BraTS2021_00107,33.00978,0.9750685095787048,0.060191587,0.949475065616798,nan,nan
Uformer + PathologyLoss,BraTS2021_00107,32.601532,0.9721039533615112,0.06199456,0.9399585921325052,nan,nan
Uformer + PathologyLoss,BraTS2021_00107,32.60737,0.9684386849403381,0.063091055,0.9434815373021854,nan,nan
Uformer + PathologyLoss,BraTS2021_00107,32.70829,0.9684773683547974,0.063816726,0.9457364341085271,nan,nan
Uformer + PathologyLoss,BraTS2021_00107,32.5562,0.9694755673408508,0.064144135,0.9440069991251093,nan,nan
Uformer + PathologyLoss,BraTS2021_00107,32.52114,0.9673922061920166,0.06765636,0.8730911005792522,nan,nan
Uformer + PathologyLoss,BraTS2021_00107,32.2831,0.9685779809951782,0.067989185,0.9090909090909091,nan,nan
Uformer + PathologyLoss,BraTS2021_00107,31.932152,0.9646952748298645,0.07349655,0.9022662889518414,nan,nan
Uformer + PathologyLoss,BraTS2021_00107,31.572857,0.9638686180114746,0.07546256,0.771960958296362,nan,nan
Uformer + PathologyLoss,BraTS2021_00107,31.289846,0.9637954235076904,0.08094017,0.3949930458970793,nan,nan
Uformer + PathologyLoss,BraTS2021_00107,30.879292,0.9634081125259399,0.08563056,0.0,nan,nan
Uformer + PathologyLoss,BraTS2021_00107,30.709202,0.9681483507156372,0.08419333,0.0,nan,nan
Uformer + PathologyLoss,BraTS2021_00108,28.598127,0.9834519028663635,0.1294585,0.14164588528678304,0.0,nan
Uformer + PathologyLoss,BraTS2021_00108,28.768734,0.9851588606834412,0.12098802,0.17148869016307206,0.0,nan
Uformer + PathologyLoss,BraTS2021_00108,29.154945,0.9853670597076416,0.11826934,0.26217457886676876,0.0,nan
Uformer + PathologyLoss,BraTS2021_00108,29.004602,0.985812246799469,0.11437065,0.30301222785565163,0.0,0.0
Uformer + PathologyLoss,BraTS2021_00108,28.993908,0.9852251410484314,0.115225546,0.3295982508882208,0.0,0.0
Uformer + PathologyLoss,BraTS2021_00108,28.302528,0.9835473895072937,0.116667174,0.26788756388415674,0.0,0.0
Uformer + PathologyLoss,BraTS2021_00108,28.380117,0.98243248462677,0.119348645,0.308152924919392,0.0,0.0
Uformer + PathologyLoss,BraTS2021_00108,28.104794,0.9804641604423523,0.11752942,0.2867065406135443,0.0,0.0
Uformer + PathologyLoss,BraTS2021_00108,28.13469,0.9814127087593079,0.112565346,0.3810662204159694,0.0,0.0
Uformer + PathologyLoss,BraTS2021_00108,29.35292,0.9845884442329407,0.09818732,0.419774501300954,0.0,nan
Uformer + PathologyLoss,BraTS2021_00108,29.348473,0.9851473569869995,0.09550994,0.4396939693969397,0.0,nan
Uformer + PathologyLoss,BraTS2021_00108,29.98267,0.9876307249069214,0.08792491,0.32565180824222034,0.0,0.0
Uformer + PathologyLoss,BraTS2021_00108,30.107079,0.9877609014511108,0.086805664,0.33063733419605307,0.24113475177304963,0.7640449438202247
Uformer + PathologyLoss,BraTS2021_00108,30.079292,0.9870551824569702,0.08926539,0.3817065927539101,0.3056768558951965,0.5862068965517241
Uformer + PathologyLoss,BraTS2021_00108,29.637058,0.9870686531066895,0.088639274,0.3601806548739179,0.42063492063492064,0.6794871794871795
Uformer + PathologyLoss,BraTS2021_00108,29.776678,0.9870591163635254,0.08902521,0.4084110123563841,0.6857142857142857,0.6857142857142857
Uformer + PathologyLoss,BraTS2021_00108,29.683455,0.9871238470077515,0.08939188,0.36584440227703985,0.34196891191709844,0.65625
Uformer + PathologyLoss,BraTS2021_00108,29.840332,0.9882901906967163,0.0848565,0.33460327977472254,0.25749559082892415,0.6063348416289592
Uformer + PathologyLoss,BraTS2021_00108,29.95635,0.9871603846549988,0.08751562,0.5354585354585355,0.5779036827195467,0.7983870967741935
Uformer + PathologyLoss,BraTS2021_00108,29.140997,0.985771119594574,0.09261699,0.36287046788024674,0.2974683544303797,0.6829268292682927
Uformer + PathologyLoss,BraTS2021_00108,28.734764,0.9832426309585571,0.09835089,0.44663894663894665,0.45,0.70042194092827
Uformer + PathologyLoss,BraTS2021_00108,28.662321,0.981240451335907,0.09553223,0.5510774142059058,0.657243816254417,0.7647058823529411
Uformer + PathologyLoss,BraTS2021_00108,28.643997,0.9803934097290039,0.094873644,0.5287655929994415,0.29809358752166376,0.6896551724137931
Uformer + PathologyLoss,BraTS2021_00108,28.644047,0.979454517364502,0.091497004,0.45853808353808356,0.11796246648793565,0.5321888412017167
Uformer + PathologyLoss,BraTS2021_00108,28.229113,0.9782295823097229,0.09210265,0.43041237113402064,0.14925373134328357,0.5376344086021505
Uformer + PathologyLoss,BraTS2021_00108,28.474932,0.9732949733734131,0.0905619,0.5093019286567674,0.11228813559322035,0.5096153846153846
Uformer + PathologyLoss,BraTS2021_00108,28.471375,0.9717862606048584,0.09058765,0.5832363213038417,0.2154696132596685,0.49032258064516127
Uformer + PathologyLoss,BraTS2021_00108,28.758764,0.9708475470542908,0.08623461,0.4499370277078086,0.21103117505995203,0.41904761904761906
Uformer + PathologyLoss,BraTS2021_00108,28.933619,0.9700796008110046,0.08543144,0.4926981919332406,0.4406779661016949,0.4340425531914894
Uformer + PathologyLoss,BraTS2021_00108,29.226646,0.9709153771400452,0.08128567,0.47711088504577825,0.3933333333333333,0.3790322580645161
Uformer + PathologyLoss,BraTS2021_00108,29.584074,0.9742637872695923,0.0761823,0.46299684017961085,0.27602905569007263,0.42290748898678415
Uformer + PathologyLoss,BraTS2021_00108,29.989338,0.9735320806503296,0.07277121,0.4635237439779766,0.24074074074074073,0.3333333333333333
Uformer + PathologyLoss,BraTS2021_00108,30.18532,0.9740653038024902,0.072756104,0.5433727925480303,0.25925925925925924,0.34
Uformer + PathologyLoss,BraTS2021_00108,30.26475,0.9719473123550415,0.071422055,0.5681244743481918,0.20754716981132076,0.22916666666666666
Uformer + PathologyLoss,BraTS2021_00108,30.351044,0.9759629368782043,0.069417864,0.4310637640883125,0.027210884353741496,0.020833333333333332
Uformer + PathologyLoss,BraTS2021_00108,30.701786,0.9720766544342041,0.06954486,0.6666666666666666,0.0,0.0
Uformer + PathologyLoss,BraTS2021_00108,30.744907,0.9760410785675049,0.06879957,0.6591496358938219,0.0,0.0
Uformer + PathologyLoss,BraTS2021_00108,30.62497,0.9745748043060303,0.06881593,0.6361556064073226,0.0,0.0
Uformer + PathologyLoss,BraTS2021_00108,30.414196,0.9765104651451111,0.06825945,0.6035998325659272,0.0,0.0
Uformer + PathologyLoss,BraTS2021_00108,30.671932,0.9715217351913452,0.06873704,0.7188703465982028,0.0,0.0
Uformer + PathologyLoss,BraTS2021_00108,30.689028,0.9703829884529114,0.07033682,0.7440443213296399,0.0,0.0
Uformer + PathologyLoss,BraTS2021_00108,30.655308,0.9737728834152222,0.070235536,0.6552617936754795,0.0,0.0
Uformer + PathologyLoss,BraTS2021_00108,30.619097,0.9726675748825073,0.070686944,0.560328317373461,0.0,0.0
Uformer + PathologyLoss,BraTS2021_00108,30.484991,0.9746446013450623,0.070964724,0.43946188340807174,0.0,0.0
Uformer + PathologyLoss,BraTS2021_00108,30.732124,0.976362407207489,0.07043876,0.56,0.0,nan
Uformer + PathologyLoss,BraTS2021_00108,30.74852,0.9722999334335327,0.07199791,0.6625704045058883,nan,nan
Uformer + PathologyLoss,BraTS2021_00108,30.798698,0.9745703935623169,0.07022093,0.6242774566473989,nan,nan
Uformer + PathologyLoss,BraTS2021_00108,30.866653,0.9761161804199219,0.068996586,0.4561970125151393,nan,nan
Uformer + PathologyLoss,BraTS2021_00108,30.94862,0.9778444766998291,0.06722846,0.3211319593971086,0.0,0.0
Uformer + PathologyLoss,BraTS2021_00108,31.04553,0.9809657335281372,0.06638223,0.1491461695127683,0.0,0.0
Uformer + PathologyLoss,BraTS2021_00108,31.140215,0.9804897904396057,0.06696813,0.1912632821723731,0.0,0.0
Uformer + PathologyLoss,BraTS2021_00108,31.247639,0.9813360571861267,0.06602024,0.21878025169409487,nan,nan
Uformer + PathologyLoss,BraTS2021_00108,31.268456,0.98209148645401,0.065237306,0.1582115219260533,nan,nan
Uformer + PathologyLoss,BraTS2021_00108,31.481504,0.9843379259109497,0.06345511,0.10633619828103139,0.0,nan
Uformer + PathologyLoss,BraTS2021_00108,31.656921,0.9823501110076904,0.06323768,0.19885613726352838,nan,nan
Uformer + PathologyLoss,BraTS2021_00108,31.845325,0.9831603169441223,0.062098645,0.07879924953095685,0.0,nan
Uformer + PathologyLoss,BraTS2021_00110,30.02604,0.9782199859619141,0.068654634,0.32839224629418473,nan,nan
Uformer + PathologyLoss,BraTS2021_00110,30.170658,0.9792438745498657,0.06782536,0.5622710622710623,nan,nan
Uformer + PathologyLoss,BraTS2021_00110,30.216072,0.9814173579216003,0.06766609,0.6152748037116346,nan,nan
Uformer + PathologyLoss,BraTS2021_00110,30.321445,0.9829474091529846,0.066068284,0.7115384615384616,nan,nan
Uformer + PathologyLoss,BraTS2021_00110,30.476988,0.9835686087608337,0.06585556,0.7437699680511182,nan,nan
Uformer + PathologyLoss,BraTS2021_00110,30.676983,0.9849145412445068,0.06392953,0.7127545551982851,nan,nan
Uformer + PathologyLoss,BraTS2021_00110,30.547512,0.9848721623420715,0.063529655,0.7568873852102465,nan,nan
Uformer + PathologyLoss,BraTS2021_00110,30.637999,0.9870397448539734,0.061835807,0.7831715210355987,0.0,nan
Uformer + PathologyLoss,BraTS2021_00110,31.077595,0.9880411028862,0.059898004,0.8423373759647188,nan,nan
Uformer + PathologyLoss,BraTS2021_00110,31.164097,0.9887131452560425,0.058844306,0.800385109114249,0.0,nan
Uformer + PathologyLoss,BraTS2021_00110,31.261576,0.9885789155960083,0.058070965,0.8512396694214877,nan,nan
Uformer + PathologyLoss,BraTS2021_00110,31.133139,0.9886915683746338,0.057770837,0.8557692307692307,nan,nan
Uformer + PathologyLoss,BraTS2021_00110,31.515682,0.9877550601959229,0.056905515,0.8819776714513556,nan,nan
Uformer + PathologyLoss,BraTS2021_00110,30.985615,0.9882486462593079,0.05687877,0.8495532480077276,0.0,0.0
Uformer + PathologyLoss,BraTS2021_00110,31.0692,0.9868912696838379,0.057212304,0.8467019076074466,0.0,0.0
Uformer + PathologyLoss,BraTS2021_00110,31.080639,0.9858777523040771,0.05800235,0.8504347826086956,0.0,0.0
Uformer + PathologyLoss,BraTS2021_00110,30.676628,0.985724925994873,0.058711115,0.8415902140672783,0.7638888888888888,0.7857142857142857
Uformer + PathologyLoss,BraTS2021_00110,30.716175,0.9851886034011841,0.05863765,0.8438654481819949,0.8303571428571429,0.8340807174887892
Uformer + PathologyLoss,BraTS2021_00110,30.911549,0.9846683144569397,0.059293948,0.8644228940863282,0.8816568047337278,0.9197530864197531
Uformer + PathologyLoss,BraTS2021_00110,30.344337,0.9862486124038696,0.060125384,0.8496014171833481,0.8614609571788413,0.8883116883116883
Uformer + PathologyLoss,BraTS2021_00110,30.60974,0.9857073426246643,0.06023621,0.8676241564284478,0.8991228070175439,0.9297052154195011
Uformer + PathologyLoss,BraTS2021_00110,30.665133,0.9847974181175232,0.05987131,0.895800933125972,0.9156626506024096,0.9440993788819876
Uformer + PathologyLoss,BraTS2021_00110,30.431446,0.9861651659011841,0.059592616,0.8805052351670267,0.8905380333951762,0.9195402298850575
Uformer + PathologyLoss,BraTS2021_00110,30.519953,0.9874269366264343,0.059502933,0.9153754469606674,0.9186602870813397,0.9427168576104746
Uformer + PathologyLoss,BraTS2021_00110,30.538582,0.9870479106903076,0.06005418,0.9325533379215416,0.8835820895522388,0.8983308042488619
Uformer + PathologyLoss,BraTS2021_00110,30.072533,0.9864100217819214,0.06288167,0.9073950699533644,0.8540540540540541,0.8802228412256268
Uformer + PathologyLoss,BraTS2021_00110,30.10499,0.9857524037361145,0.06356631,0.9209049158020072,0.8643457382953181,0.8897149938042132
Uformer + PathologyLoss,BraTS2021_00110,30.238258,0.9856500625610352,0.06387568,0.9256511988959807,0.8477272727272728,0.8766157461809636
Uformer + PathologyLoss,BraTS2021_00110,29.950056,0.9847770929336548,0.066686,0.9322834645669291,0.8859198355601233,0.9145299145299145
Uformer + PathologyLoss,BraTS2021_00110,29.626938,0.9854798913002014,0.06851962,0.9183246073298429,0.8991935483870968,0.9148717948717948
Uformer + PathologyLoss,BraTS2021_00110,29.684427,0.986487627029419,0.068165116,0.9013192612137203,0.9029126213592233,0.9169960474308301
Uformer + PathologyLoss,BraTS2021_00110,29.27634,0.9857702255249023,0.070483804,0.8988804622607439,0.9243542435424354,0.9390815370196813
Uformer + PathologyLoss,BraTS2021_00110,29.246021,0.9855090379714966,0.07362581,0.8968860712287898,0.8961748633879781,0.9092592592592592
Uformer + PathologyLoss,BraTS2021_00110,29.21403,0.9860548377037048,0.07276852,0.8873822975517891,0.9192546583850931,0.9316546762589928
Uformer + PathologyLoss,BraTS2021_00110,28.8396,0.9851224422454834,0.077460095,0.9043545878693624,0.9166666666666666,0.9281867145421903
Uformer + PathologyLoss,BraTS2021_00110,28.28038,0.9836522936820984,0.082216844,0.8820690986296081,0.9242819843342036,0.9365079365079365
Uformer + PathologyLoss,BraTS2021_00110,28.228088,0.9846076965332031,0.08413153,0.8897430710095084,0.9276595744680851,0.9445407279029463
Uformer + PathologyLoss,BraTS2021_00110,28.84087,0.9853719472885132,0.08251474,0.8959084163663346,0.9306599832915622,0.9305084745762712
Uformer + PathologyLoss,BraTS2021_00110,28.896334,0.9865230917930603,0.083508335,0.8787878787878788,0.9261410788381743,0.9259574468085107
Uformer + PathologyLoss,BraTS2021_00110,28.51442,0.9865773916244507,0.085772544,0.8613237280504278,0.9302707136997539,0.940084388185654
Uformer + PathologyLoss,BraTS2021_00110,28.270794,0.9859381318092346,0.09144223,0.8478414720452937,0.932443703085905,0.9514066496163683
Uformer + PathologyLoss,BraTS2021_00110,28.590372,0.9875419735908508,0.08910338,0.8471445929526124,0.9323050556983719,0.9483814523184602
Uformer + PathologyLoss,BraTS2021_00110,28.572445,0.9878869652748108,0.091991305,0.8455120101137801,0.9240393208221627,0.9451553930530164
Uformer + PathologyLoss,BraTS2021_00110,28.417559,0.98810875415802,0.093585335,0.8305084745762712,0.9165867689357622,0.9308666017526777
Uformer + PathologyLoss,BraTS2021_00110,28.546093,0.9880499243736267,0.098485604,0.8472791105909889,0.8895768833849329,0.9083245521601686
Uformer + PathologyLoss,BraTS2021_00110,28.96328,0.9886412024497986,0.098528795,0.8619662363455809,0.8704784130688448,0.8836104513064132
Uformer + PathologyLoss,BraTS2021_00110,28.506172,0.9883737564086914,0.10483698,0.822993340343498,0.8,0.818577648766328
Uformer + PathologyLoss,BraTS2021_00110,29.026226,0.9891313910484314,0.103788145,0.801085692128732,0.8396694214876033,0.853781512605042
Uformer + PathologyLoss,BraTS2021_00110,28.58239,0.9871622920036316,0.11755961,0.8130081300813008,0.6629526462395543,0.6780626780626781
Uformer + PathologyLoss,BraTS2021_00110,28.921843,0.9883573055267334,0.11458358,0.7553246753246753,0.7657142857142857,0.822429906542056
Uformer + PathologyLoss,BraTS2021_00110,28.899738,0.9872224926948547,0.12569,0.7450076804915514,0.375,0.39344262295081966
Uformer + PathologyLoss,BraTS2021_00110,29.066814,0.986858069896698,0.13098565,0.6232709519934907,0.04,0.044444444444444446
Uformer + PathologyLoss,BraTS2021_00110,29.18482,0.9843497276306152,0.15009958,0.6548463356973995,0.0,0.0
Uformer + PathologyLoss,BraTS2021_00110,29.540682,0.9846113920211792,0.152342,0.6757990867579908,nan,nan
Uformer + PathologyLoss,BraTS2021_00110,30.1879,0.9820456504821777,0.17088085,0.6504347826086957,nan,nan
Uformer + PathologyLoss,BraTS2021_00110,30.224972,0.9760393500328064,0.20154327,0.3464566929133858,nan,nan
Uformer + PathologyLoss,BraTS2021_00117,28.45731,0.9535958766937256,0.109799065,0.0,nan,nan
Uformer + PathologyLoss,BraTS2021_00117,28.959538,0.9560824036598206,0.10389951,0.0,nan,nan
Uformer + PathologyLoss,BraTS2021_00117,29.371498,0.9648997783660889,0.096072055,0.0,nan,nan
Uformer + PathologyLoss,BraTS2021_00117,29.769861,0.9635084867477417,0.09523502,0.05013927576601671,nan,nan
Uformer + PathologyLoss,BraTS2021_00117,29.848223,0.9652963876724243,0.09273924,0.0,nan,nan
Uformer + PathologyLoss,BraTS2021_00117,30.048119,0.9693847894668579,0.08719121,0.5,nan,nan
Uformer + PathologyLoss,BraTS2021_00117,30.241678,0.9649295806884766,0.08667814,0.08831168831168831,nan,nan
Uformer + PathologyLoss,BraTS2021_00117,30.261578,0.9691960215568542,0.085829824,0.15865384615384615,nan,nan
Uformer + PathologyLoss,BraTS2021_00117,30.308552,0.9700735211372375,0.08512453,0.0,nan,nan
Uformer + PathologyLoss,BraTS2021_00117,30.195654,0.9664384126663208,0.084602304,0.0,nan,nan
Uformer + PathologyLoss,BraTS2021_00117,30.494999,0.9699304699897766,0.082406916,0.0,nan,nan
Uformer + PathologyLoss,BraTS2021_00117,30.454275,0.9659543037414551,0.08303805,0.15508021390374332,nan,nan
Uformer + PathologyLoss,BraTS2021_00117,30.462894,0.9667944312095642,0.083297394,0.0,0.0,0.0
Uformer + PathologyLoss,BraTS2021_00117,30.359695,0.9671987295150757,0.084414095,0.0,0.0,0.0
Uformer + PathologyLoss,BraTS2021_00117,30.528622,0.9703275561332703,0.08236134,0.0,0.0,0.0
Uformer + PathologyLoss,BraTS2021_00117,30.297932,0.9711769819259644,0.0812621,0.0,0.0,0.0
Uformer + PathologyLoss,BraTS2021_00117,30.289433,0.9706849455833435,0.08378067,0.0,0.0,0.0
Uformer + PathologyLoss,BraTS2021_00117,30.330458,0.9733718633651733,0.08293464,0.0,0.0,0.0
Uformer + PathologyLoss,BraTS2021_00117,30.430231,0.976262092590332,0.08062211,0.0,0.0,0.0
Uformer + PathologyLoss,BraTS2021_00117,30.61638,0.9759393930435181,0.080326125,0.0,0.0,0.0
Uformer + PathologyLoss,BraTS2021_00117,30.76951,0.9769482612609863,0.078928374,0.18124507486209615,0.0,0.0
Uformer + PathologyLoss,BraTS2021_00117,30.88505,0.9775580167770386,0.07888275,0.06200317965023847,0.0,0.0
Uformer + PathologyLoss,BraTS2021_00117,30.803862,0.9795857667922974,0.075628586,0.13690476190476192,0.0,0.0
Uformer + PathologyLoss,BraTS2021_00117,31.16638,0.9824995994567871,0.072145335,0.0015455950540958269,0.0,0.0
Uformer + PathologyLoss,BraTS2021_00117,31.428759,0.9832377433776855,0.071488686,0.2940793754066363,0.0,0.0
Uformer + PathologyLoss,BraTS2021_00117,31.539295,0.9838821887969971,0.07139288,0.22088353413654618,0.0,0.0
Uformer + PathologyLoss,BraTS2021_00117,31.504557,0.9839972257614136,0.07034566,0.24633056796426292,0.0,0.0
Uformer + PathologyLoss,BraTS2021_00117,31.547632,0.9827374815940857,0.06981699,0.28327228327228327,0.0,0.0
Uformer + PathologyLoss,BraTS2021_00117,31.679329,0.983261227607727,0.06896667,0.41731066460587324,0.017057569296375266,0.03980099502487562
Uformer + PathologyLoss,BraTS2021_00117,31.489323,0.9849477410316467,0.067902416,0.6441385064664163,0.4682926829268293,0.6348314606741573
Uformer + PathologyLoss,BraTS2021_00117,31.509773,0.9829922914505005,0.0707236,0.5898972602739726,0.4440993788819876,0.6855524079320113
Uformer + PathologyLoss,BraTS2021_00117,31.08119,0.9800014495849609,0.072761126,0.431796801505174,0.24333333333333335,0.36551724137931035
Uformer + PathologyLoss,BraTS2021_00117,30.793226,0.980607271194458,0.072157696,0.5441112559756628,0.38819875776397517,0.6130952380952381
Uformer + PathologyLoss,BraTS2021_00117,30.786636,0.9794800877571106,0.07261946,0.7905832747716093,0.5883940620782726,0.774818401937046
Uformer + PathologyLoss,BraTS2021_00117,30.97099,0.976496160030365,0.07379249,0.8981739399566697,0.8198103266596417,0.6438848920863309
Uformer + PathologyLoss,BraTS2021_00117,31.07722,0.9758795499801636,0.07364365,0.8355411954765751,0.7573696145124716,0.6678571428571428
Uformer + PathologyLoss,BraTS2021_00117,30.815306,0.9771618843078613,0.07274185,0.9357429718875502,0.7009569377990431,0.6926070038910506
Uformer + PathologyLoss,BraTS2021_00117,30.883327,0.973121702671051,0.073956266,0.9058927000879508,0.6990049751243781,0.7815126050420168
Uformer + PathologyLoss,BraTS2021_00117,30.852188,0.9741159081459045,0.073607735,0.8921912996487436,0.7082683307332294,0.7139479905437353
Uformer + PathologyLoss,BraTS2021_00117,30.897312,0.9749819040298462,0.07396202,0.9008723235527359,0.47780126849894294,0.5819672131147541
Uformer + PathologyLoss,BraTS2021_00117,30.910137,0.9686539769172668,0.07749753,0.8921128989712477,0.22160664819944598,0.4550898203592814
Uformer + PathologyLoss,BraTS2021_00117,30.931456,0.974326491355896,0.07378862,0.9017543859649123,0.6858974358974359,0.48598130841121495
Uformer + PathologyLoss,BraTS2021_00117,31.108816,0.9699633121490479,0.074783295,0.9009159034138218,0.3685800604229607,0.6052631578947368
Uformer + PathologyLoss,BraTS2021_00117,30.743443,0.9688943028450012,0.07639763,0.9140987182983366,0.5245901639344263,0.5728155339805825
Uformer + PathologyLoss,BraTS2021_00117,30.799324,0.969767153263092,0.07782049,0.8745312950677819,0.37722419928825623,0.6099290780141844
Uformer + PathologyLoss,BraTS2021_00117,30.452032,0.973763644695282,0.07723924,0.8653906495136492,0.4140625,0.3157894736842105
Uformer + PathologyLoss,BraTS2021_00117,30.458563,0.9738714098930359,0.07801875,0.8825301204819277,0.7655502392344498,0.475177304964539
Uformer + PathologyLoss,BraTS2021_00117,30.47276,0.9719225168228149,0.08089295,0.8535564853556485,0.1276595744680851,0.10869565217391304
Uformer + PathologyLoss,BraTS2021_00117,30.377934,0.9750792980194092,0.081419826,0.8798842257597684,0.43853820598006643,0.5211267605633803
Uformer + PathologyLoss,BraTS2021_00117,30.291965,0.9722792506217957,0.084586024,0.8171945701357466,0.34532374100719426,0.3620689655172414
Uformer + PathologyLoss,BraTS2021_00117,30.15566,0.9739155769348145,0.08516433,0.788659793814433,0.1092436974789916,0.2222222222222222
Uformer + PathologyLoss,BraTS2021_00117,30.310762,0.9781561493873596,0.08549572,0.7976811594202898,0.08979591836734693,0.19753086419753085
Uformer + PathologyLoss,BraTS2021_00117,29.990337,0.9782949686050415,0.0876119,0.7647849462365591,0.023529411764705882,0.0
Uformer + PathologyLoss,BraTS2021_00117,29.954266,0.9812116622924805,0.088155866,0.6548984995586937,0.0,0.0
Uformer + PathologyLoss,BraTS2021_00117,29.46463,0.9793999791145325,0.0963324,0.5414364640883977,nan,nan
Uformer + PathologyLoss,BraTS2021_00117,29.318203,0.9797360301017761,0.100351244,0.562390158172232,nan,nan
Uformer + PathologyLoss,BraTS2021_00117,30.10621,0.9842888116836548,0.09438033,0.43037974683544306,nan,nan
Uformer + PathologyLoss,BraTS2021_00117,30.232103,0.9858367443084717,0.09362343,0.0,nan,nan
Uformer + PathologyLoss,BraTS2021_00118,32.682835,0.9670628905296326,0.079351656,0.7096774193548387,nan,nan
Uformer + PathologyLoss,BraTS2021_00118,32.723118,0.9703729748725891,0.07853521,0.5456012913640033,nan,nan
Uformer + PathologyLoss,BraTS2021_00118,32.60205,0.9690552949905396,0.077782065,0.6203508771929824,nan,nan
Uformer + PathologyLoss,BraTS2021_00118,32.675972,0.963848888874054,0.080263674,0.703016241299304,nan,nan
Uformer + PathologyLoss,BraTS2021_00118,32.577168,0.96973717212677,0.078259856,0.7989734816082121,0.0,0.0
Uformer + PathologyLoss,BraTS2021_00118,32.440464,0.9686011672019958,0.080432326,0.9037721324095458,0.0,0.0
Uformer + PathologyLoss,BraTS2021_00118,32.666874,0.9733989238739014,0.076937445,0.9444043321299639,0.005970149253731343,0.007434944237918215
Uformer + PathologyLoss,BraTS2021_00118,32.383137,0.9748998880386353,0.07715411,0.9660732280819617,0.12224938875305623,0.141643059490085
Uformer + PathologyLoss,BraTS2021_00118,32.32768,0.9795448184013367,0.07507148,0.9534811114580081,0.506108202443281,0.3905579399141631
Uformer + PathologyLoss,BraTS2021_00118,32.32993,0.9774483442306519,0.07615026,0.9539007092198581,0.6134094151212554,0.4982456140350877
Uformer + PathologyLoss,BraTS2021_00118,32.463776,0.9791204333305359,0.07448446,0.9751157407407407,0.5108958837772397,0.3981762917933131
Uformer + PathologyLoss,BraTS2021_00118,32.614502,0.9804586172103882,0.07212175,0.9657236126224157,0.6049382716049383,0.3839541547277937
Uformer + PathologyLoss,BraTS2021_00118,32.75965,0.9826154708862305,0.069521636,0.963855421686747,0.7953410981697171,0.46612466124661245
Uformer + PathologyLoss,BraTS2021_00118,32.888866,0.9840348362922668,0.06801453,0.9631137115237853,0.8486238532110092,0.5275590551181102
Uformer + PathologyLoss,BraTS2021_00118,32.723717,0.9837846755981445,0.06878534,0.958,0.892679459843639,0.6666666666666666
Uformer + PathologyLoss,BraTS2021_00118,33.029705,0.984192430973053,0.0668995,0.9570613055348722,0.8807089297886844,0.6666666666666666
Uformer + PathologyLoss,BraTS2021_00118,32.748802,0.9849885702133179,0.06712655,0.9511848341232227,0.8283093053735255,0.6196172248803827
Uformer + PathologyLoss,BraTS2021_00118,32.848915,0.9838147759437561,0.06642878,0.9508738781294285,0.7780678851174935,0.5105328376703842
Uformer + PathologyLoss,BraTS2021_00118,32.953728,0.9851292967796326,0.0642929,0.9278441788401948,0.8938299055030573,0.6248624862486248
Uformer + PathologyLoss,BraTS2021_00118,33.014587,0.9848877191543579,0.063697554,0.9290378754897692,0.8654060066740823,0.5846867749419954
Uformer + PathologyLoss,BraTS2021_00118,33.093746,0.9824804663658142,0.065174185,0.930385288966725,0.9419419419419419,0.8094747682801235
Uformer + PathologyLoss,BraTS2021_00118,32.947556,0.9834463596343994,0.06421405,0.9436985708098744,0.9321533923303835,0.770199370409234
Uformer + PathologyLoss,BraTS2021_00118,32.74938,0.98228520154953,0.066260904,0.9694450218249844,0.926711668273867,0.7865853658536586
Uformer + PathologyLoss,BraTS2021_00118,32.797134,0.9828243255615234,0.06509186,0.9565033783783784,0.937995337995338,0.7848101265822784
Uformer + PathologyLoss,BraTS2021_00118,32.131973,0.980111837387085,0.068890885,0.9654315876630097,0.9525959367945824,0.8032200357781754
Uformer + PathologyLoss,BraTS2021_00118,32.281803,0.9807655215263367,0.067707226,0.9796747967479674,0.9390134529147982,0.7613941018766756
Uformer + PathologyLoss,BraTS2021_00118,32.62647,0.9810163378715515,0.06697766,0.9811774128954746,0.9325591782045556,0.7646017699115044
Uformer + PathologyLoss,BraTS2021_00118,32.209732,0.9806967973709106,0.067398004,0.9813469467897113,0.9336263736263736,0.808688387635756
Uformer + PathologyLoss,BraTS2021_00118,32.35549,0.9812756776809692,0.067852415,0.9746983261969638,0.9263157894736842,0.7860187553282183
Uformer + PathologyLoss,BraTS2021_00118,31.988222,0.9816871285438538,0.06871049,0.9780994096362597,0.9211908931698775,0.7786391042204995
Uformer + PathologyLoss,BraTS2021_00118,32.10956,0.9824762344360352,0.06953055,0.9742819598272949,0.8948975141735718,0.6993755575379126
Uformer + PathologyLoss,BraTS2021_00118,31.86245,0.9821326732635498,0.06879891,0.9726755914175683,0.8963182395260262,0.705
Uformer + PathologyLoss,BraTS2021_00118,31.970676,0.9814560413360596,0.0710784,0.9610866372980911,0.8993231810490694,0.7159663865546219
Uformer + PathologyLoss,BraTS2021_00118,31.865063,0.9805763363838196,0.07182419,0.9689598838264658,0.8246575342465754,0.5623188405797102
Uformer + PathologyLoss,BraTS2021_00118,31.30965,0.9813728928565979,0.07244615,0.9773416592328278,0.9183932346723045,0.7410491257285595
Uformer + PathologyLoss,BraTS2021_00118,31.596233,0.9800119996070862,0.074715964,0.9791332263242376,0.9008300567933596,0.6945392491467577
Uformer + PathologyLoss,BraTS2021_00118,31.116615,0.9810255169868469,0.07614252,0.9687332499553332,0.9106753812636166,0.6989966555183946
Uformer + PathologyLoss,BraTS2021_00118,30.82957,0.9785575270652771,0.0808971,0.9721087226860899,0.9318377911993098,0.7397476340694006
Uformer + PathologyLoss,BraTS2021_00118,30.632832,0.9786170125007629,0.082641765,0.9579681631192989,0.9493562231759657,0.7532656023222061
Uformer + PathologyLoss,BraTS2021_00118,30.440163,0.9771952033042908,0.08647476,0.9730021598272138,0.9414870215574132,0.7226074895977809
Uformer + PathologyLoss,BraTS2021_00118,29.972002,0.9781739711761475,0.08799258,0.9553882871305306,0.9534175010883762,0.7764550264550265
Uformer + PathologyLoss,BraTS2021_00118,29.476723,0.975924015045166,0.09448234,0.9685185185185186,0.9358690844758957,0.7486559139784946
Uformer + PathologyLoss,BraTS2021_00118,29.80469,0.9793595671653748,0.08902129,0.9661982529434106,0.9242076251722554,0.8158390949088623
Uformer + PathologyLoss,BraTS2021_00118,30.10649,0.9780114889144897,0.09055409,0.940739211232707,0.9242990654205607,0.7853598014888338
Uformer + PathologyLoss,BraTS2021_00118,29.838879,0.9795787930488586,0.09147541,0.946993670886076,0.8993157380254154,0.7503184713375797
Uformer + PathologyLoss,BraTS2021_00118,28.710682,0.9746164083480835,0.10328054,0.9531092775206279,0.864,0.7359477124183007
Uformer + PathologyLoss,BraTS2021_00118,29.18925,0.9777331352233887,0.1009216,0.95240032546786,0.8642533936651584,0.6843946815955213
Uformer + PathologyLoss,BraTS2021_00118,29.437273,0.9792029857635498,0.09978554,0.9404534859080314,0.9322404371584699,0.8067010309278351
Uformer + PathologyLoss,BraTS2021_00118,29.292858,0.9820029139518738,0.09952857,0.9329874621703416,0.8459627329192546,0.6656826568265682
Uformer + PathologyLoss,BraTS2021_00118,29.141539,0.9810278415679932,0.10314272,0.9316479400749064,0.7790055248618785,0.6230283911671924
Uformer + PathologyLoss,BraTS2021_00118,29.354765,0.9816074967384338,0.101514526,0.9207875457875457,0.8930899608865711,0.7328358208955223
Uformer + PathologyLoss,BraTS2021_00118,27.954704,0.9780860543251038,0.11944881,0.9399130657120941,0.793939393939394,0.5973568281938326
Uformer + PathologyLoss,BraTS2021_00118,29.727201,0.9857872724533081,0.10759316,0.9495216100296932,0.7937743190661478,0.6752136752136753
Uformer + PathologyLoss,BraTS2021_00118,29.556694,0.9858396053314209,0.10867159,0.8169097945817207,0.7502726281352236,0.7017142857142857
Uformer + PathologyLoss,BraTS2021_00118,29.460012,0.9861928224563599,0.110562526,0.834371925221384,0.75,0.6013071895424836
Uformer + PathologyLoss,BraTS2021_00118,29.599226,0.9867749810218811,0.10983979,0.7680381633870006,0.5955786736020806,0.6284916201117319
Uformer + PathologyLoss,BraTS2021_00118,29.048807,0.9851598143577576,0.11850872,0.730638691761802,0.5025380710659898,0.47058823529411764
Uformer + PathologyLoss,BraTS2021_00118,29.173706,0.9850534200668335,0.12319488,0.6909090909090909,0.550354609929078,0.43577981651376146
Uformer + PathologyLoss,BraTS2021_00118,29.632627,0.9864989519119263,0.11829613,0.6122699386503068,0.3014354066985646,0.11960132890365449
Uformer + PathologyLoss,BraTS2021_00118,29.33048,0.9861903190612793,0.12143293,0.5364612775579424,0.18461538461538463,0.08579088471849866
Uformer + PathologyLoss,BraTS2021_00118,29.97566,0.9869110584259033,0.12262332,0.549546279491833,0.0,0.0
Uformer + PathologyLoss,BraTS2021_00118,29.890797,0.9866667985916138,0.12560008,0.426131511528608,0.0,0.0
Uformer + PathologyLoss,BraTS2021_00118,30.041391,0.9861948490142822,0.1302522,0.31973434535104367,0.0,0.0
Uformer + PathologyLoss,BraTS2021_00118,30.727232,0.9879373908042908,0.12904647,0.21542083578575633,0.0,0.0
Uformer + PathologyLoss,BraTS2021_00122,30.993229,0.9848852753639221,0.09630639,0.0,0.0,nan
Uformer + PathologyLoss,BraTS2021_00122,31.191223,0.9867041707038879,0.09114247,0.5640138408304498,0.0,0.0
Uformer + PathologyLoss,BraTS2021_00122,31.546455,0.9871581196784973,0.08876266,0.8032979976442874,0.0,0.0
Uformer + PathologyLoss,BraTS2021_00122,31.207863,0.9875601530075073,0.08812192,0.8343313373253493,0.0,0.0
Uformer + PathologyLoss,BraTS2021_00122,31.028862,0.9866688847541809,0.090990886,0.8796068796068796,0.09836065573770492,0.18888888888888888
Uformer + PathologyLoss,BraTS2021_00122,30.953564,0.9860959053039551,0.09297316,0.8590308370044053,0.0,0.0
Uformer + PathologyLoss,BraTS2021_00122,30.428743,0.9844605326652527,0.09730128,0.9033112582781457,0.2222222222222222,0.47183098591549294
Uformer + PathologyLoss,BraTS2021_00122,29.684351,0.9795789122581482,0.10710358,0.85177733065057,0.2594142259414226,0.5382262996941896
Uformer + PathologyLoss,BraTS2021_00122,29.642838,0.9779883623123169,0.10137071,0.8682170542635659,0.3711843711843712,0.5960591133004927
Uformer + PathologyLoss,BraTS2021_00122,29.439962,0.9767084717750549,0.10213596,0.8966376089663761,0.4419134396355353,0.5746102449888641
Uformer + PathologyLoss,BraTS2021_00122,29.805325,0.9773926138877869,0.09481574,0.9043896572459411,0.6561043802423113,0.7439759036144579
Uformer + PathologyLoss,BraTS2021_00122,30.022839,0.9760323166847229,0.09442794,0.8911483253588517,0.6666666666666666,0.7146814404432132
Uformer + PathologyLoss,BraTS2021_00122,29.322273,0.9698852896690369,0.10126412,0.8983342906375646,0.6953696181965882,0.7394094993581515
Uformer + PathologyLoss,BraTS2021_00122,29.839918,0.9723922610282898,0.0945725,0.9371671991480298,0.6151315789473685,0.7238335435056746
Uformer + PathologyLoss,BraTS2021_00122,30.030272,0.9720340371131897,0.08968385,0.9669135802469135,0.83526999316473,0.8086359175662414
Uformer + PathologyLoss,BraTS2021_00122,30.025005,0.9719696044921875,0.08767948,0.964233219010289,0.7131086142322097,0.7254901960784313
Uformer + PathologyLoss,BraTS2021_00122,30.2291,0.9671628475189209,0.08682617,0.944638403990025,0.8325423728813559,0.786308973172988
Uformer + PathologyLoss,BraTS2021_00122,30.591549,0.9707378149032593,0.08285628,0.9606903163950143,0.8245010323468686,0.7857811038353602
Uformer + PathologyLoss,BraTS2021_00122,30.939934,0.9726765155792236,0.07945193,0.9353724716329551,0.6789554531490015,0.7481713688610241
Uformer + PathologyLoss,BraTS2021_00122,30.796816,0.9732067584991455,0.07790434,0.9423558897243107,0.788135593220339,0.8237623762376237
Uformer + PathologyLoss,BraTS2021_00122,31.721382,0.974791944026947,0.07176135,0.9405737704918032,0.7516387472687546,0.7769477054429029
Uformer + PathologyLoss,BraTS2021_00122,31.958342,0.974395751953125,0.07035722,0.9414784394250514,0.7789017341040463,0.7829698857736241
Uformer + PathologyLoss,BraTS2021_00122,31.924744,0.9738451242446899,0.070784956,0.9497950819672131,0.781294964028777,0.7232237539766702
Uformer + PathologyLoss,BraTS2021_00122,31.972973,0.9715405106544495,0.07188285,0.9169831795984807,0.643265306122449,0.6195652173913043
Uformer + PathologyLoss,BraTS2021_00122,32.011356,0.973486065864563,0.07217842,0.9279731993299832,0.5647899910634495,0.5681063122923588
Uformer + PathologyLoss,BraTS2021_00122,31.995682,0.9731854200363159,0.071224764,0.926056338028169,0.5832583258325833,0.6040955631399317
Uformer + PathologyLoss,BraTS2021_00122,32.108696,0.9753825664520264,0.06888332,0.9480597014925373,0.5627376425855514,0.5796545105566219
Uformer + PathologyLoss,BraTS2021_00122,32.2284,0.9742032289505005,0.068894304,0.9440104166666666,0.603448275862069,0.6571428571428571
Uformer + PathologyLoss,BraTS2021_00122,32.154022,0.9741907715797424,0.06876287,0.9709379128137384,0.5853080568720379,0.6226012793176973
Uformer + PathologyLoss,BraTS2021_00122,32.214073,0.9772624373435974,0.0675523,0.9625085207907293,0.42363112391930835,0.6310160427807486
Uformer + PathologyLoss,BraTS2021_00122,31.784946,0.974317193031311,0.07205351,0.9601139601139601,0.5159420289855072,0.7761194029850746
Uformer + PathologyLoss,BraTS2021_00122,31.99687,0.9778522849082947,0.06922214,0.938403041825095,0.4631578947368421,0.6840390879478827
Uformer + PathologyLoss,BraTS2021_00122,32.12406,0.9805656671524048,0.06771746,0.937799043062201,0.5271317829457365,0.698961937716263
Uformer + PathologyLoss,BraTS2021_00122,32.371822,0.9808564186096191,0.06728909,0.9328968903436988,0.6822157434402333,0.7692307692307693
Uformer + PathologyLoss,BraTS2021_00122,32.432907,0.9796476364135742,0.06803033,0.901593252108716,0.7508305647840532,0.8171206225680934
Uformer + PathologyLoss,BraTS2021_00122,32.586792,0.9816306829452515,0.06466666,0.8771573604060914,0.7615384615384615,0.8430493273542601
Uformer + PathologyLoss,BraTS2021_00122,32.773834,0.9813742637634277,0.06502543,0.9132706374085684,0.7614213197969543,0.8727272727272727
Uformer + PathologyLoss,BraTS2021_00122,32.75234,0.9821133017539978,0.06425261,0.9171396140749148,0.7710843373493976,0.835820895522388
Uformer + PathologyLoss,BraTS2021_00122,32.883034,0.9816164970397949,0.06360215,0.8973105134474327,0.4489795918367347,0.6666666666666666
Uformer + PathologyLoss,BraTS2021_00122,33.05488,0.9821633100509644,0.06337004,0.9145077720207254,0.0,0.0
Uformer + PathologyLoss,BraTS2021_00122,33.28459,0.9848930239677429,0.060650147,0.8813056379821959,0.0,0.0
Uformer + PathologyLoss,BraTS2021_00122,33.337837,0.9854709506034851,0.058937967,0.8757961783439491,0.0,0.0
Uformer + PathologyLoss,BraTS2021_00122,33.3461,0.9847166538238525,0.05991997,0.7208791208791209,0.0,0.0
Uformer + PathologyLoss,BraTS2021_00122,33.43789,0.9845136404037476,0.059550982,0.8665207877461707,nan,nan
Uformer + PathologyLoss,BraTS2021_00124,30.33555,0.9880178570747375,0.10936896,0.0,nan,nan
Uformer + PathologyLoss,BraTS2021_00124,30.020462,0.9881604909896851,0.10641851,0.0,nan,nan
Uformer + PathologyLoss,BraTS2021_00124,30.030365,0.9872986078262329,0.1075759,0.19047619047619047,0.3225806451612903,0.0
Uformer + PathologyLoss,BraTS2021_00124,30.244724,0.9881096482276917,0.10167941,0.43147208121827413,0.07692307692307693,0.0
Uformer + PathologyLoss,BraTS2021_00124,30.135227,0.9873823523521423,0.10229709,0.5565939771547248,0.1111111111111111,0.0
Uformer + PathologyLoss,BraTS2021_00124,29.397003,0.9859737753868103,0.10402765,0.6287625418060201,0.4166666666666667,0.11009174311926606
Uformer + PathologyLoss,BraTS2021_00124,30.046562,0.9876731038093567,0.095767386,0.6728176011355571,0.10784313725490197,0.022727272727272728
Uformer + PathologyLoss,BraTS2021_00124,30.301512,0.9884265661239624,0.090647794,0.6971569839307787,0.5531914893617021,0.38153846153846155
Uformer + PathologyLoss,BraTS2021_00124,30.407108,0.9886549711227417,0.08877124,0.7054220234768027,0.4358974358974359,0.3857566765578635
Uformer + PathologyLoss,BraTS2021_00124,30.257847,0.9887009263038635,0.08629172,0.7489114658925979,0.9287749287749287,0.49948400412796695
Uformer + PathologyLoss,BraTS2021_00124,30.469532,0.990168571472168,0.08065325,0.7484089944845143,0.8142957252978276,0.5148514851485149
Uformer + PathologyLoss,BraTS2021_00124,30.47227,0.9901697635650635,0.08038188,0.8052136133236785,0.6153846153846154,0.6254728877679697
Uformer + PathologyLoss,BraTS2021_00124,30.791702,0.9907085299491882,0.07763054,0.7976478727084054,0.8422800221361373,0.5279605263157895
Uformer + PathologyLoss,BraTS2021_00124,30.489449,0.9906198978424072,0.07781731,0.8238375900458416,0.8081714000996513,0.5364705882352941
Uformer + PathologyLoss,BraTS2021_00124,29.988232,0.9902628660202026,0.07921607,0.8680618744313012,0.8786911412609737,0.5046153846153846
Uformer + PathologyLoss,BraTS2021_00124,30.016243,0.9902665615081787,0.07863703,0.8633342964461138,0.6713656387665198,0.5959671396564601
Uformer + PathologyLoss,BraTS2021_00124,29.861,0.9902929067611694,0.07807996,0.8569087930092846,0.9296464823241162,0.5567430025445292
Uformer + PathologyLoss,BraTS2021_00124,29.497862,0.9893378019332886,0.080340825,0.8619892058596762,0.7945106536655833,0.5445086705202312
Uformer + PathologyLoss,BraTS2021_00124,28.86447,0.9877303242683411,0.084116444,0.8870967741935484,0.9287614543304759,0.5799828913601369
Uformer + PathologyLoss,BraTS2021_00124,28.500633,0.9865087866783142,0.0843675,0.9029868025005788,0.9055604589585172,0.6145299145299146
Uformer + PathologyLoss,BraTS2021_00124,27.942333,0.9848013520240784,0.087627456,0.9123745819397994,0.9015979814970564,0.666073018699911
Uformer + PathologyLoss,BraTS2021_00124,28.737955,0.9861911535263062,0.08077765,0.9008228670420095,0.9031028851388133,0.6141147338010731
Uformer + PathologyLoss,BraTS2021_00124,29.104614,0.9870151281356812,0.07721452,0.8858581619806966,0.8531468531468531,0.6129774505292223
Uformer + PathologyLoss,BraTS2021_00124,28.72863,0.9857011437416077,0.079339735,0.8775510204081632,0.9541738915035918,0.573262839879154
Uformer + PathologyLoss,BraTS2021_00124,28.622978,0.9860570430755615,0.07802214,0.8820123777201038,0.8939354838709678,0.5476575121163166
Uformer + PathologyLoss,BraTS2021_00124,28.85066,0.9854897260665894,0.07654034,0.8817666601524331,0.9441672606319791,0.556343019135365
Uformer + PathologyLoss,BraTS2021_00124,28.96434,0.9858161807060242,0.07511795,0.8703597944031982,0.9450651769087524,0.5478018143754362
Uformer + PathologyLoss,BraTS2021_00124,28.82189,0.985014021396637,0.07527221,0.8635776259922466,0.9270446096654275,0.5407328352899324
Uformer + PathologyLoss,BraTS2021_00124,28.186941,0.9831446409225464,0.0787795,0.8555495592732506,0.9293158133212506,0.5577942735949099
Uformer + PathologyLoss,BraTS2021_00124,28.481314,0.9821764230728149,0.07657116,0.855026455026455,0.9214542190305206,0.5535776614310646
Uformer + PathologyLoss,BraTS2021_00124,28.955927,0.9839626550674438,0.07242803,0.8479747501315097,0.9364416098526501,0.5059342149881316
Uformer + PathologyLoss,BraTS2021_00124,28.345722,0.980780839920044,0.07728821,0.8626974483596598,0.9383033419023136,0.5640074211502782
Uformer + PathologyLoss,BraTS2021_00124,29.36623,0.9847468733787537,0.068470955,0.8847362906042613,0.8562300319488818,0.5908910891089109
Uformer + PathologyLoss,BraTS2021_00124,29.146034,0.9841305017471313,0.07010543,0.8912699806780257,0.9014267185473411,0.4695100458230525
Uformer + PathologyLoss,BraTS2021_00124,30.042591,0.9861121773719788,0.06434576,0.9149159663865546,0.9695772421967602,0.47501505117399156
Uformer + PathologyLoss,BraTS2021_00124,29.961063,0.9861024022102356,0.06466419,0.9194113524877365,0.958871448440294,0.5102491327656891
Uformer + PathologyLoss,BraTS2021_00124,30.673862,0.9875887036323547,0.060377523,0.9238919300723998,0.9763718023823472,0.48470588235294115
Uformer + PathologyLoss,BraTS2021_00124,30.107851,0.9866901636123657,0.06310077,0.9335437489040855,0.9658536585365853,0.4948453608247423
Uformer + PathologyLoss,BraTS2021_00124,30.518383,0.9882095456123352,0.06005348,0.9334510150044131,0.9376006441223832,0.4764347547290798
Uformer + PathologyLoss,BraTS2021_00124,30.571955,0.9881718754768372,0.059323993,0.93672236046925,0.949498997995992,0.4640400250156348
Uformer + PathologyLoss,BraTS2021_00124,30.424726,0.9880300164222717,0.059828553,0.9446126447016919,0.9547079856972587,0.500768049155146
Uformer + PathologyLoss,BraTS2021_00124,29.837845,0.9863553047180176,0.06435733,0.9413035649981994,0.953877139979859,0.4895541004053633
Uformer + PathologyLoss,BraTS2021_00124,30.72615,0.9882879853248596,0.059709437,0.9462599854756718,0.9204355108877722,0.5705285264263213
Uformer + PathologyLoss,BraTS2021_00124,30.51181,0.9878787994384766,0.06051418,0.9521023765996344,0.9648200566114031,0.5289465359063588
Uformer + PathologyLoss,BraTS2021_00124,30.83933,0.9881442189216614,0.059825536,0.9474657787643359,0.9681112019623875,0.516289171579274
Uformer + PathologyLoss,BraTS2021_00124,31.669085,0.9897912740707397,0.05534754,0.9462125442024939,0.8908007941760424,0.5341701534170153
Uformer + PathologyLoss,BraTS2021_00124,30.472713,0.9871861934661865,0.061923698,0.944947209653092,0.9365663563541892,0.5149279943800492
Uformer + PathologyLoss,BraTS2021_00124,30.93658,0.988229513168335,0.05924848,0.9348540498743476,0.921034561684596,0.4869244935543278
Uformer + PathologyLoss,BraTS2021_00124,31.601074,0.9887873530387878,0.056826822,0.9318092234923138,0.9025522041763341,0.4627720504009164
Uformer + PathologyLoss,BraTS2021_00124,31.924513,0.9889172911643982,0.05623992,0.9177943849727328,0.8825622775800712,0.42857142857142855
Uformer + PathologyLoss,BraTS2021_00124,31.757421,0.9881008267402649,0.058299895,0.904268545379196,0.8698666666666667,0.47846441947565543
Uformer + PathologyLoss,BraTS2021_00124,32.02038,0.9886322021484375,0.056848034,0.9007601351351351,0.8665530948324816,0.39389463318562284
Uformer + PathologyLoss,BraTS2021_00124,31.994198,0.9886983036994934,0.05630592,0.8809314586994728,0.6939371804236669,0.38310269482884196
Uformer + PathologyLoss,BraTS2021_00124,32.58856,0.9882518649101257,0.055023115,0.8447552447552448,0.899194847020934,0.18767665347654042
Uformer + PathologyLoss,BraTS2021_00124,32.961212,0.9886612296104431,0.053660847,0.8332930075006049,0.8570404872805446,0.1643835616438356
Uformer + PathologyLoss,BraTS2021_00124,33.236343,0.9891205430030823,0.053151987,0.839587005791992,0.5869140625,0.16483516483516483
Uformer + PathologyLoss,BraTS2021_00124,33.00075,0.9884665012359619,0.053738173,0.8552118533922537,0.7811194653299917,0.07706093189964158
Uformer + PathologyLoss,BraTS2021_00124,33.657158,0.9877948760986328,0.053303447,0.797602055381102,0.7278225806451613,0.026696329254727477
Uformer + PathologyLoss,BraTS2021_00124,33.4107,0.987089216709137,0.05564923,0.7965791081246182,0.5159851301115241,0.0
Uformer + PathologyLoss,BraTS2021_00124,33.99438,0.9881249070167542,0.05314605,0.7340901272789818,0.2586002372479241,0.0
Uformer + PathologyLoss,BraTS2021_00124,34.00138,0.9860514998435974,0.055298053,0.7088107467404188,0.5034770514603616,0.0
Uformer + PathologyLoss,BraTS2021_00124,34.284973,0.9850431084632874,0.054183032,0.6944444444444444,0.5169712793733682,0.0
Uformer + PathologyLoss,BraTS2021_00124,34.119568,0.984737753868103,0.055162635,0.7060869565217391,0.0,nan
Uformer + PathologyLoss,BraTS2021_00124,34.217293,0.98482346534729,0.055418644,0.4597495527728086,nan,nan
Uformer + PathologyLoss,BraTS2021_00124,34.30549,0.9834477305412292,0.054855518,0.0,nan,nan
Uformer + PathologyLoss,BraTS2021_00124,34.512173,0.985188901424408,0.054007914,0.0,nan,nan
Uformer + PathologyLoss,BraTS2021_00128,31.186525,0.9906821846961975,0.081008606,0.5509641873278237,nan,nan
Uformer + PathologyLoss,BraTS2021_00128,30.893362,0.9906644821166992,0.08132215,0.3360287511230907,nan,nan
Uformer + PathologyLoss,BraTS2021_00128,31.021826,0.9910855889320374,0.079874404,0.33172302737520126,0.0,0.0
Uformer + PathologyLoss,BraTS2021_00128,30.922468,0.990696132183075,0.08116589,0.5725971370143149,0.0,0.0
Uformer + PathologyLoss,BraTS2021_00128,30.835983,0.9906138181686401,0.08129572,0.6446578631452581,0.0,0.0
Uformer + PathologyLoss,BraTS2021_00128,30.800068,0.9903135895729065,0.08229907,0.6645126548196015,0.0,0.0
Uformer + PathologyLoss,BraTS2021_00128,30.680199,0.9905904531478882,0.080957904,0.6676029962546817,0.0,0.0
Uformer + PathologyLoss,BraTS2021_00128,30.699581,0.9903949499130249,0.081411496,0.7716165413533834,0.0,0.0
Uformer + PathologyLoss,BraTS2021_00128,30.632492,0.9897895455360413,0.082746625,0.8375350140056023,0.0,0.0
Uformer + PathologyLoss,BraTS2021_00128,30.481575,0.9904813766479492,0.07990094,0.8001693480101609,0.0,0.0
Uformer + PathologyLoss,BraTS2021_00128,30.6222,0.990276575088501,0.07968946,0.8561525129982669,0.0,0.0
Uformer + PathologyLoss,BraTS2021_00128,30.459534,0.9899783730506897,0.080238044,0.8878887070376432,0.0,0.0
Uformer + PathologyLoss,BraTS2021_00128,30.327927,0.9899309277534485,0.080368705,0.8198034219148161,0.0,0.0
Uformer + PathologyLoss,BraTS2021_00128,30.827044,0.9907317757606506,0.07502152,0.9100903023164507,0.0,0.0
Uformer + PathologyLoss,BraTS2021_00128,30.706879,0.9906138181686401,0.076152444,0.8959757023538345,0.0,0.0
Uformer + PathologyLoss,BraTS2021_00128,30.8308,0.9904754757881165,0.074587494,0.9055028462998103,0.0,0.0
Uformer + PathologyLoss,BraTS2021_00128,30.453331,0.9896932244300842,0.075724475,0.9038823972860912,0.24299065420560748,0.2708333333333333
Uformer + PathologyLoss,BraTS2021_00128,30.26283,0.9892163872718811,0.076674625,0.8577509755232352,0.07627118644067797,0.08653846153846154
Uformer + PathologyLoss,BraTS2021_00128,30.112568,0.9881567358970642,0.07746394,0.8646536412078153,0.32697547683923706,0.35398230088495575
Uformer + PathologyLoss,BraTS2021_00128,29.834585,0.985529899597168,0.08074117,0.9035570223689036,0.4775510204081633,0.5043103448275862
Uformer + PathologyLoss,BraTS2021_00128,30.09283,0.9868023991584778,0.077047125,0.8900071890726097,0.42907801418439717,0.4336917562724014
Uformer + PathologyLoss,BraTS2021_00128,30.13351,0.9860518574714661,0.07633829,0.848990953375087,0.3525423728813559,0.3543441226575809
Uformer + PathologyLoss,BraTS2021_00128,30.22293,0.9852871894836426,0.07681612,0.857851825593761,0.49271137026239065,0.49926144756277696
Uformer + PathologyLoss,BraTS2021_00128,30.26501,0.9844719171524048,0.07467102,0.9057301293900185,0.4889502762430939,0.49235048678720444
Uformer + PathologyLoss,BraTS2021_00128,30.30939,0.9859687685966492,0.072255366,0.8217105263157894,0.45789473684210524,0.4609271523178808
Uformer + PathologyLoss,BraTS2021_00128,30.025501,0.9833641052246094,0.07466631,0.8685366677931734,0.6616702355460385,0.6513157894736842
Uformer + PathologyLoss,BraTS2021_00128,30.52275,0.9850735068321228,0.071399145,0.8452494439148396,0.4470046082949309,0.470873786407767
Uformer + PathologyLoss,BraTS2021_00128,30.560398,0.9845849275588989,0.07040772,0.8585425597060624,0.3949579831932773,0.45554202192448234
Uformer + PathologyLoss,BraTS2021_00128,30.822262,0.9838019609451294,0.06941764,0.9168497019140257,0.7290015847860539,0.6489252814738997
Uformer + PathologyLoss,BraTS2021_00128,30.548767,0.9824353456497192,0.07089198,0.9154761904761904,0.8186968838526912,0.752548656163114
Uformer + PathologyLoss,BraTS2021_00128,30.835384,0.9845604300498962,0.067758545,0.8842975206611571,0.7326880119136262,0.7545787545787546
Uformer + PathologyLoss,BraTS2021_00128,30.761112,0.9833374619483948,0.06656076,0.8902045209903121,0.816711590296496,0.814625850340136
Uformer + PathologyLoss,BraTS2021_00128,31.453457,0.9845089316368103,0.06343601,0.9419966536530954,0.876951905059338,0.8411669367909238
Uformer + PathologyLoss,BraTS2021_00128,31.039886,0.9839315414428711,0.065087944,0.9196058091286307,0.9082297217288336,0.8688271604938271
Uformer + PathologyLoss,BraTS2021_00128,30.813925,0.9820660352706909,0.0659138,0.943971081848696,0.8480392156862745,0.8238095238095238
Uformer + PathologyLoss,BraTS2021_00128,31.629765,0.9843389391899109,0.062263872,0.957870250710778,0.8805179517363155,0.8208722741433022
Uformer + PathologyLoss,BraTS2021_00128,31.407608,0.9859153628349304,0.061072357,0.935967983991996,0.7860317460317461,0.7636068237205524
Uformer + PathologyLoss,BraTS2021_00128,31.58632,0.9868524670600891,0.060674697,0.9146341463414634,0.8025078369905956,0.8
Uformer + PathologyLoss,BraTS2021_00128,31.764347,0.986596405506134,0.059854053,0.9556625285026602,0.71875,0.6649122807017543
Uformer + PathologyLoss,BraTS2021_00128,31.840233,0.9866711497306824,0.060271684,0.9668367346938775,0.8366834170854272,0.7710464201416207
Uformer + PathologyLoss,BraTS2021_00128,31.847412,0.9856945276260376,0.060505323,0.9636594663278272,0.8431245965138799,0.8147590361445783
Uformer + PathologyLoss,BraTS2021_00128,31.635122,0.9875840544700623,0.06048137,0.9449724862431216,0.7386448250186151,0.7556675062972292
Uformer + PathologyLoss,BraTS2021_00128,31.753761,0.9873126149177551,0.059709657,0.9541656115472271,0.7366795366795367,0.7482876712328768
Uformer + PathologyLoss,BraTS2021_00128,31.94024,0.986501157283783,0.059678894,0.9617458279845956,0.7884322678843226,0.8080321285140563
Uformer + PathologyLoss,BraTS2021_00128,32.141838,0.9855835437774658,0.05996841,0.9589889089502193,0.8962061560486757,0.8754833720030936
Uformer + PathologyLoss,BraTS2021_00128,31.629242,0.9854003190994263,0.061626732,0.938366718027735,0.7531380753138075,0.7282608695652174
Uformer + PathologyLoss,BraTS2021_00128,31.907383,0.9831412434577942,0.061634544,0.9540504648074369,0.8,0.8092691622103387
Uformer + PathologyLoss,BraTS2021_00128,31.742306,0.9843453168869019,0.06101291,0.9090437937289453,0.8203753351206434,0.825187969924812
Uformer + PathologyLoss,BraTS2021_00128,31.782486,0.983061671257019,0.06326515,0.9436383928571429,0.76,0.7670103092783506
Uformer + PathologyLoss,BraTS2021_00128,31.816364,0.9820486307144165,0.06437147,0.9386092522548735,0.6563614744351962,0.6551724137931034
Uformer + PathologyLoss,BraTS2021_00128,31.702938,0.9832187294960022,0.06415505,0.8967343336275375,0.6463576158940397,0.6539509536784741
Uformer + PathologyLoss,BraTS2021_00128,31.846827,0.9830489754676819,0.063525565,0.8840356813288219,0.5414012738853503,0.5370675453047776
Uformer + PathologyLoss,BraTS2021_00128,31.598782,0.9824731945991516,0.06672814,0.8774574049803407,0.6346483704974271,0.6583629893238434
Uformer + PathologyLoss,BraTS2021_00128,31.577148,0.9811698794364929,0.06796312,0.8796651552145099,0.3349282296650718,0.37735849056603776
Uformer + PathologyLoss,BraTS2021_00128,31.552864,0.9810876846313477,0.06988478,0.8519195612431444,0.31333333333333335,0.32081911262798635
Uformer + PathologyLoss,BraTS2021_00128,30.726927,0.9808054566383362,0.07353256,0.7925673113386424,0.046948356807511735,0.04784688995215311
Uformer + PathologyLoss,BraTS2021_00128,30.79004,0.9815770387649536,0.07510058,0.71869918699187,0.05714285714285714,0.058823529411764705
Uformer + PathologyLoss,BraTS2021_00128,30.627192,0.9799849390983582,0.07766822,0.6631779257849667,0.0,0.0
Uformer + PathologyLoss,BraTS2021_00128,30.981962,0.9796037077903748,0.07892751,0.7016393442622951,0.0,0.0
Uformer + PathologyLoss,BraTS2021_00128,30.663767,0.981437087059021,0.07928331,0.5799457994579946,nan,nan
Uformer + PathologyLoss,BraTS2021_00128,30.352972,0.9787439107894897,0.08406423,0.6717724288840262,nan,nan
Uformer + PathologyLoss,BraTS2021_00128,30.242966,0.9790101051330566,0.08721777,0.6120689655172413,nan,nan
Uformer + PathologyLoss,BraTS2021_00128,29.824038,0.9779847264289856,0.091646045,0.578125,nan,nan
Uformer + PathologyLoss,BraTS2021_00132,29.220028,0.9819425344467163,0.12392364,0.9114583333333334,0.0,0.0
Uformer + PathologyLoss,BraTS2021_00132,29.36106,0.9830451607704163,0.11801455,0.851063829787234,0.0,0.0
Uformer + PathologyLoss,BraTS2021_00132,29.32336,0.9827395677566528,0.11452792,0.8194622279129321,0.0,0.0
Uformer + PathologyLoss,BraTS2021_00132,29.214937,0.9827820062637329,0.11223846,0.8505997818974919,0.0,0.0
Uformer + PathologyLoss,BraTS2021_00132,29.714611,0.9837589263916016,0.10518972,0.8248803827751197,0.0,0.0
Uformer + PathologyLoss,BraTS2021_00132,29.88905,0.9838817715644836,0.10225445,0.8111769686706182,0.4435483870967742,0.4690831556503198
Uformer + PathologyLoss,BraTS2021_00132,29.863855,0.9846421480178833,0.09869703,0.897503285151117,0.771889400921659,0.8024096385542169
Uformer + PathologyLoss,BraTS2021_00132,29.785667,0.983951985836029,0.09989176,0.9456018518518519,0.8216619981325863,0.8551992225461613
Uformer + PathologyLoss,BraTS2021_00132,29.859545,0.9845976233482361,0.09592108,0.9242273180458624,0.8598277212216131,0.9014778325123153
Uformer + PathologyLoss,BraTS2021_00132,29.9695,0.984501838684082,0.096032605,0.9372022520571676,0.8881535407015222,0.9107266435986159
Uformer + PathologyLoss,BraTS2021_00132,29.906942,0.9850384593009949,0.09367918,0.9688637282652649,0.9259259259259259,0.9509388249545729
Uformer + PathologyLoss,BraTS2021_00132,29.88667,0.9854345321655273,0.09320414,0.962877030162413,0.9279475982532751,0.8906933166770769
Uformer + PathologyLoss,BraTS2021_00132,29.694344,0.9848132133483887,0.094958246,0.9563567362428842,0.9170679507758159,0.8803701255783212
Uformer + PathologyLoss,BraTS2021_00132,29.051792,0.9834901094436646,0.09837277,0.9354263289332858,0.7314423657211828,0.7533073929961089
Uformer + PathologyLoss,BraTS2021_00132,28.45987,0.9807001948356628,0.10187008,0.9420849420849421,0.738728323699422,0.8071748878923767
Uformer + PathologyLoss,BraTS2021_00132,28.24608,0.9774866700172424,0.10496199,0.958102279728897,0.8265147591921285,0.8706838185511171
Uformer + PathologyLoss,BraTS2021_00132,27.835768,0.9741190671920776,0.104789205,0.9654195011337868,0.9139438564196962,0.9156769596199525
Uformer + PathologyLoss,BraTS2021_00132,27.82531,0.9723491072654724,0.10535867,0.9367022662151602,0.8371428571428572,0.8919540229885058
Uformer + PathologyLoss,BraTS2021_00132,27.810154,0.9688073396682739,0.101415664,0.9437359339834959,0.8691423519009726,0.9083109919571045
Uformer + PathologyLoss,BraTS2021_00132,27.821018,0.9699588418006897,0.09945644,0.9242388482416805,0.9294306335204491,0.894929430214323
Uformer + PathologyLoss,BraTS2021_00132,28.403568,0.968955934047699,0.09250854,0.9271644525881814,0.9601489757914339,0.9072561268620856
Uformer + PathologyLoss,BraTS2021_00132,28.56047,0.9658987522125244,0.09130832,0.947537227949599,0.97,0.9323173464813985
Uformer + PathologyLoss,BraTS2021_00132,28.650593,0.9653659462928772,0.08807932,0.9366071428571429,0.9600833044081916,0.8977016674177557
Uformer + PathologyLoss,BraTS2021_00132,29.006084,0.9667679667472839,0.08442553,0.944,0.9632598530394122,0.9340058848255569
Uformer + PathologyLoss,BraTS2021_00132,29.339697,0.9691129326820374,0.0809126,0.9407791038054493,0.929616724738676,0.8960441582336707
Uformer + PathologyLoss,BraTS2021_00132,29.720371,0.9664332866668701,0.080032185,0.938368860055607,0.9194279734914544,0.9006499535747446
Uformer + PathologyLoss,BraTS2021_00132,29.61356,0.9666165113449097,0.07752174,0.9494252873563218,0.8613032398980707,0.886873508353222
Uformer + PathologyLoss,BraTS2021_00132,29.898546,0.9643852114677429,0.07706753,0.948589626933576,0.9286452947259566,0.9158129175946548
Uformer + PathologyLoss,BraTS2021_00132,29.915573,0.9640867710113525,0.07428656,0.9507678410117435,0.9477124183006536,0.9270998415213946
Uformer + PathologyLoss,BraTS2021_00132,29.926964,0.9632173776626587,0.074243,0.9586056644880174,0.9378205128205128,0.9052871814378091
Uformer + PathologyLoss,BraTS2021_00132,30.04372,0.9643832445144653,0.072478145,0.9605963791267306,0.9517806492278601,0.936663047412233
Uformer + PathologyLoss,BraTS2021_00132,30.213482,0.9634471535682678,0.07225881,0.9728714524207012,0.9671419714817111,0.952146375791696
Uformer + PathologyLoss,BraTS2021_00132,30.172855,0.9645499587059021,0.07166145,0.9683330013941446,0.9722645534897897,0.9590846047156727
Uformer + PathologyLoss,BraTS2021_00132,30.27327,0.9667842984199524,0.069873475,0.9488884666539996,0.9498910675381264,0.9426751592356688
Uformer + PathologyLoss,BraTS2021_00132,30.410406,0.9645893573760986,0.071549356,0.967581998474447,0.9670794321957112,0.9331010452961672
Uformer + PathologyLoss,BraTS2021_00132,30.179575,0.9685899615287781,0.06882576,0.96035734226689,0.9674894641782059,0.9391187352842247
Uformer + PathologyLoss,BraTS2021_00132,30.383121,0.9710415601730347,0.06913142,0.9582336706531739,0.9502347417840376,0.9305263157894736
Uformer + PathologyLoss,BraTS2021_00132,30.37114,0.9725921154022217,0.068687595,0.9571769895239846,0.9557975656630365,0.9169755374351372
Uformer + PathologyLoss,BraTS2021_00132,30.383865,0.9720242023468018,0.06868729,0.9576144036009002,0.9241427086941462,0.9142176330420969
Uformer + PathologyLoss,BraTS2021_00132,30.383732,0.9738182425498962,0.06904416,0.958971450179618,0.9379816513761468,0.8951647411210955
Uformer + PathologyLoss,BraTS2021_00132,30.054153,0.9743658304214478,0.070466064,0.9447735524555704,0.9317723052079128,0.9065958388667552
Uformer + PathologyLoss,BraTS2021_00132,30.081161,0.9739648103713989,0.07,0.9352169525731584,0.9226519337016574,0.922552362396493
Uformer + PathologyLoss,BraTS2021_00132,30.119307,0.9723381400108337,0.0710313,0.9586961375306988,0.955955955955956,0.9605809128630706
Uformer + PathologyLoss,BraTS2021_00132,30.077497,0.9712823629379272,0.07316403,0.9447880870561283,0.9299221357063404,0.9398969662278192
Uformer + PathologyLoss,BraTS2021_00132,30.2001,0.9731364846229553,0.07025823,0.9388258510113469,0.9040404040404041,0.9094412331406551
Uformer + PathologyLoss,BraTS2021_00132,30.288584,0.975223183631897,0.06931745,0.9373211963589076,0.8695014662756598,0.8930722891566265
Uformer + PathologyLoss,BraTS2021_00132,30.216042,0.9713830351829529,0.070952654,0.9411764705882353,0.8833063209076175,0.9038142620232172
Uformer + PathologyLoss,BraTS2021_00132,30.514334,0.9741765856742859,0.07003907,0.9295115530856976,0.8326771653543307,0.8462311557788945
Uformer + PathologyLoss,BraTS2021_00132,30.588982,0.9754137396812439,0.06766959,0.9304221251819506,0.7512820512820513,0.7817938420348058
Uformer + PathologyLoss,BraTS2021_00132,30.85105,0.9749172329902649,0.06652129,0.9488653555219364,0.588,0.6282051282051282
Uformer + PathologyLoss,BraTS2021_00132,30.991058,0.9739075899124146,0.06673289,0.9533518690145196,0.08764940239043825,0.0990990990990991
Uformer + PathologyLoss,BraTS2021_00132,31.025171,0.9732153415679932,0.06776343,0.9445859872611465,0.0,0.0
Uformer + PathologyLoss,BraTS2021_00132,30.868328,0.973294734954834,0.06721616,0.9172932330827067,0.0,0.0
Uformer + PathologyLoss,BraTS2021_00132,30.947655,0.9689711928367615,0.06805393,0.9338078291814946,nan,nan
Uformer + PathologyLoss,BraTS2021_00132,30.929218,0.9664514660835266,0.06677542,0.9162282476730069,nan,nan
Uformer + PathologyLoss,BraTS2021_00132,30.972063,0.9656273722648621,0.06701123,0.932536293766012,nan,nan
Uformer + PathologyLoss,BraTS2021_00132,30.923378,0.9632226824760437,0.066513434,0.8766849725411883,nan,nan
Uformer + PathologyLoss,BraTS2021_00132,31.258438,0.9607850909233093,0.065818004,0.9197344598672299,nan,nan
Uformer + PathologyLoss,BraTS2021_00132,31.194895,0.9638863801956177,0.0652942,0.8986948415164698,nan,nan
Uformer + PathologyLoss,BraTS2021_00132,31.322742,0.9582477807998657,0.067462124,0.8876190476190476,nan,nan
Uformer + PathologyLoss,BraTS2021_00132,31.512043,0.9608663320541382,0.064112306,0.8764665286404417,nan,nan
Uformer + PathologyLoss,BraTS2021_00132,31.366041,0.9607463479042053,0.06595232,0.8639405204460967,nan,nan
Uformer + PathologyLoss,BraTS2021_00132,31.069052,0.9588837027549744,0.06736325,0.8204711616571893,nan,nan
Uformer + PathologyLoss,BraTS2021_00132,31.499784,0.9583864808082581,0.06709556,0.8295739348370927,nan,nan
Uformer + PathologyLoss,BraTS2021_00132,30.776083,0.9563012719154358,0.07239033,0.6068702290076335,nan,nan
Uformer + PathologyLoss,BraTS2021_00133,28.516651,0.9830103516578674,0.13053206,0.7773109243697479,nan,nan
Uformer + PathologyLoss,BraTS2021_00133,28.112099,0.9799111485481262,0.13880838,0.7144827586206897,nan,nan
Uformer + PathologyLoss,BraTS2021_00133,28.61055,0.982187807559967,0.12300625,0.7173252279635258,nan,nan
Uformer + PathologyLoss,BraTS2021_00133,28.68864,0.9816428422927856,0.12285681,0.7423076923076923,nan,nan
Uformer + PathologyLoss,BraTS2021_00133,29.048595,0.9821323752403259,0.11728302,0.7814569536423841,0.0,0.0
Uformer + PathologyLoss,BraTS2021_00133,28.975346,0.9833197593688965,0.113432266,0.7916376306620209,0.4,0.4
Uformer + PathologyLoss,BraTS2021_00133,28.832115,0.9821176528930664,0.114038356,0.8431618569636136,0.0,0.0
Uformer + PathologyLoss,BraTS2021_00133,29.359547,0.9830626845359802,0.10944457,0.8757961783439491,0.7838827838827839,0.7477477477477478
Uformer + PathologyLoss,BraTS2021_00133,28.966791,0.9817571640014648,0.11269799,0.8869741510390269,0.8315217391304348,0.8131147540983606
Uformer + PathologyLoss,BraTS2021_00133,28.938187,0.9817395210266113,0.11243099,0.9086672879776329,0.8203266787658802,0.7807933194154488
Uformer + PathologyLoss,BraTS2021_00133,29.226974,0.9835025072097778,0.10731913,0.8902027027027027,0.8944281524926686,0.8709677419354839
Uformer + PathologyLoss,BraTS2021_00133,29.003582,0.9830352663993835,0.1088418,0.8707256046705588,0.9109159347553325,0.8525641025641025
Uformer + PathologyLoss,BraTS2021_00133,29.485838,0.9840230345726013,0.105489805,0.8978658536585366,0.9312681510164569,0.8535031847133758
Uformer + PathologyLoss,BraTS2021_00133,29.415428,0.9840418696403503,0.10560333,0.8930624760444614,0.9520488230165649,0.8938271604938272
Uformer + PathologyLoss,BraTS2021_00133,29.257908,0.9834319353103638,0.10758697,0.8961950498707055,0.9194167306216423,0.8378995433789954
Uformer + PathologyLoss,BraTS2021_00133,29.20031,0.983656108379364,0.10723702,0.9061464850938535,0.9417108251324754,0.8172942817294282
Uformer + PathologyLoss,BraTS2021_00133,29.053162,0.9839180111885071,0.107749656,0.8932722789714689,0.9301994301994302,0.849083215796897
Uformer + PathologyLoss,BraTS2021_00133,29.249596,0.9839566349983215,0.10632194,0.8811808118081181,0.8813324080499653,0.8157524613220816
Uformer + PathologyLoss,BraTS2021_00133,29.033567,0.9835862517356873,0.10808554,0.8773519163763066,0.81419624217119,0.7994227994227994
Uformer + PathologyLoss,BraTS2021_00133,28.59809,0.9823483228683472,0.11110248,0.8470254957507082,0.7682119205298014,0.727735368956743
Uformer + PathologyLoss,BraTS2021_00133,28.340437,0.9810198545455933,0.113315135,0.8769178315717695,0.8401215805471125,0.7855626326963907
Uformer + PathologyLoss,BraTS2021_00133,27.669199,0.9769372344017029,0.1204176,0.8563988095238095,0.8492492492492493,0.7683284457478006
Uformer + PathologyLoss,BraTS2021_00133,27.502167,0.9737036824226379,0.11786526,0.8300252616383977,0.8285714285714286,0.8205590622182146
Uformer + PathologyLoss,BraTS2021_00133,27.399445,0.9713772535324097,0.117560446,0.8469910371318822,0.8939732142857143,0.8315529991783073
Uformer + PathologyLoss,BraTS2021_00133,27.682495,0.9685238003730774,0.116333455,0.8252656434474617,0.8916876574307305,0.8280060882800608
Uformer + PathologyLoss,BraTS2021_00133,27.755507,0.968100368976593,0.11291345,0.8718984420080784,0.9212940608401738,0.8539659006671608
Uformer + PathologyLoss,BraTS2021_00133,27.006733,0.9629607200622559,0.11645927,0.9003568487510294,0.9139523578026252,0.8872512896094326
Uformer + PathologyLoss,BraTS2021_00133,27.586878,0.963559627532959,0.11161298,0.9020604007902907,0.919103313840156,0.8569144684252598
Uformer + PathologyLoss,BraTS2021_00133,27.807224,0.9663636088371277,0.104701824,0.9016304347826087,0.9448669201520913,0.8285465622280244
Uformer + PathologyLoss,BraTS2021_00133,27.602484,0.9653679132461548,0.10649536,0.9004005340453939,0.912142152023692,0.7961165048543689
Uformer + PathologyLoss,BraTS2021_00133,27.911568,0.963832437992096,0.10689953,0.8953027730616865,0.9406657018813314,0.8032936870997255
Uformer + PathologyLoss,BraTS2021_00133,27.395596,0.960980236530304,0.110130414,0.8735980600181873,0.8884276076803321,0.7717842323651453
Uformer + PathologyLoss,BraTS2021_00133,27.795738,0.9616998434066772,0.102215976,0.9045101088646967,0.9428713363139593,0.8406593406593407
Uformer + PathologyLoss,BraTS2021_00133,28.136644,0.9636682868003845,0.10061622,0.8455114822546973,0.8857606930157012,0.7644539614561028
Uformer + PathologyLoss,BraTS2021_00133,28.245562,0.9611905217170715,0.09852645,0.8003150846790075,0.869762174405436,0.7156970362239298
Uformer + PathologyLoss,BraTS2021_00133,28.361673,0.9666387438774109,0.094931975,0.8626270229582236,0.8795389048991354,0.7513935340022296
Uformer + PathologyLoss,BraTS2021_00133,28.441734,0.9637173414230347,0.098448515,0.8753377074488614,0.9323562570462233,0.8479355488418933
Uformer + PathologyLoss,BraTS2021_00133,28.88748,0.967374324798584,0.09110245,0.8863636363636364,0.9184038117927338,0.8813229571984436
Uformer + PathologyLoss,BraTS2021_00133,28.8596,0.9702093601226807,0.08948677,0.8888048411497731,0.9119496855345912,0.8660624370594159
Uformer + PathologyLoss,BraTS2021_00133,28.802769,0.9681569933891296,0.09119273,0.8657105606258149,0.8957475994513031,0.8512396694214877
Uformer + PathologyLoss,BraTS2021_00133,28.773401,0.967613935470581,0.0927413,0.8272727272727273,0.881559220389805,0.826608505997819
Uformer + PathologyLoss,BraTS2021_00133,28.399286,0.9621701240539551,0.09722717,0.8352455254703993,0.9001560062402496,0.8498942917547568
Uformer + PathologyLoss,BraTS2021_00133,28.718243,0.9697481989860535,0.09115773,0.8549686660698299,0.7774538386783285,0.7045454545454546
Uformer + PathologyLoss,BraTS2021_00133,28.796215,0.9671578407287598,0.09077364,0.7884210526315789,0.7352941176470589,0.6666666666666666
Uformer + PathologyLoss,BraTS2021_00133,28.588661,0.9695836305618286,0.09168445,0.6405648267008985,0.009324009324009324,0.011267605633802818
Uformer + PathologyLoss,BraTS2021_00133,28.971668,0.9711390733718872,0.08982322,0.7309446254071661,0.40350877192982454,0.42592592592592593
Uformer + PathologyLoss,BraTS2021_00133,28.352442,0.9690037369728088,0.09345678,0.7212874908558888,0.6388888888888888,0.6456140350877193
Uformer + PathologyLoss,BraTS2021_00133,28.936825,0.9728535413742065,0.0879134,0.7609375,0.35428571428571426,0.36046511627906974
Uformer + PathologyLoss,BraTS2021_00133,29.283007,0.9701880216598511,0.08902061,0.6378174976481655,0.0,0.0
Uformer + PathologyLoss,BraTS2021_00133,29.014996,0.9700916409492493,0.090862595,0.6580773042616452,0.0,0.0
Uformer + PathologyLoss,BraTS2021_00133,29.115677,0.9758559465408325,0.08564696,0.7084188911704312,nan,nan
Uformer + PathologyLoss,BraTS2021_00133,28.737991,0.9717198610305786,0.0917412,0.7452631578947368,nan,nan
Uformer + PathologyLoss,BraTS2021_00133,29.380606,0.9741269946098328,0.086698435,0.7017937219730942,nan,nan
Uformer + PathologyLoss,BraTS2021_00133,29.481897,0.973356306552887,0.08563641,0.7510822510822511,nan,nan
Uformer + PathologyLoss,BraTS2021_00133,29.713062,0.9763965606689453,0.08246012,0.782422293676313,nan,nan
Uformer + PathologyLoss,BraTS2021_00133,29.98225,0.9760026335716248,0.081539586,0.35906040268456374,nan,nan
Uformer + PathologyLoss,BraTS2021_00133,29.466984,0.9760297536849976,0.08349797,0.7254901960784313,nan,nan
Uformer + PathologyLoss,BraTS2021_00133,30.160206,0.9759673476219177,0.08023624,0.444015444015444,nan,nan
Uformer + PathologyLoss,BraTS2021_00133,30.025082,0.9758504033088684,0.07970583,0.6029411764705882,nan,nan
Uformer + PathologyLoss,BraTS2021_00133,29.768639,0.9741595983505249,0.0817292,0.7465753424657534,nan,nan
Uformer + PathologyLoss,BraTS2021_00133,29.968689,0.9752737879753113,0.07780893,0.7861271676300579,nan,nan
Uformer + PathologyLoss,BraTS2021_00133,29.822315,0.9742591381072998,0.08076005,0.7705263157894737,nan,nan
Uformer + PathologyLoss,BraTS2021_00133,30.271915,0.9746060371398926,0.07465286,0.7360406091370558,nan,nan
Uformer + PathologyLoss,BraTS2021_00133,30.181808,0.9718024730682373,0.07604138,0.29596412556053814,nan,nan
