method,subject,psnr,ssim,nrmse,dice_wt,dice_tc,dice_et
SwinIR + PathologyLoss,BraTS2021_00002,32.398537,0.9801974892616272,0.15810989,0.0,nan,nan
SwinIR + PathologyLoss,BraTS2021_00002,32.07892,0.9798462986946106,0.15685499,0.0,nan,nan
SwinIR + PathologyLoss,BraTS2021_00002,31.562109,0.9788983464241028,0.15795274,0.006666666666666667,nan,nan
SwinIR + PathologyLoss,BraTS2021_00002,31.763685,0.980457067489624,0.1487226,0.30153846153846153,nan,nan
SwinIR + PathologyLoss,BraTS2021_00002,31.62137,0.9799381494522095,0.14781305,0.12962962962962962,nan,nan
SwinIR + PathologyLoss,BraTS2021_00002,31.16357,0.9785956144332886,0.1493975,0.2994011976047904,nan,nan
SwinIR + PathologyLoss,BraTS2021_00002,30.699556,0.9778311848640442,0.14808473,0.8602941176470589,nan,nan
SwinIR + PathologyLoss,BraTS2021_00002,30.41214,0.975630521774292,0.15086457,0.9005376344086021,nan,nan
SwinIR + PathologyLoss,BraTS2021_00002,30.748194,0.9756391644477844,0.14610352,0.895040369088812,nan,nan
SwinIR + PathologyLoss,BraTS2021_00002,30.75325,0.9766769409179688,0.13958152,0.8826714801444043,nan,nan
SwinIR + PathologyLoss,BraTS2021_00002,30.383291,0.9750045537948608,0.14150001,0.9098712446351931,nan,nan
SwinIR + PathologyLoss,BraTS2021_00002,30.653294,0.9752607345581055,0.13609916,0.9064279902359642,nan,nan
SwinIR + PathologyLoss,BraTS2021_00002,30.621239,0.9746169447898865,0.1314485,0.8319039451114922,nan,nan
SwinIR + PathologyLoss,BraTS2021_00002,30.386051,0.9734101891517639,0.13254121,0.8776859504132232,nan,nan
SwinIR + PathologyLoss,BraTS2021_00002,30.608377,0.9730311036109924,0.12970331,0.9185291997116077,0.0,nan
SwinIR + PathologyLoss,BraTS2021_00002,30.71394,0.9723928570747375,0.1290891,0.56071076011846,0.0,nan
SwinIR + PathologyLoss,BraTS2021_00002,30.43607,0.9708482623100281,0.13257377,0.8097631012203876,nan,nan
SwinIR + PathologyLoss,BraTS2021_00002,30.56593,0.9712044596672058,0.13171151,0.028833551769331587,nan,nan
SwinIR + PathologyLoss,BraTS2021_00002,30.27929,0.9703835248947144,0.13188568,0.22065727699530516,nan,nan
SwinIR + PathologyLoss,BraTS2021_00002,30.139309,0.9680226445198059,0.13540992,0.0,nan,nan
SwinIR + PathologyLoss,BraTS2021_00002,29.864948,0.9689918756484985,0.12999049,0.4938036224976168,0.0,0.0
SwinIR + PathologyLoss,BraTS2021_00002,29.596676,0.9673148393630981,0.13049346,0.77088948787062,0.0,0.0
SwinIR + PathologyLoss,BraTS2021_00002,29.690598,0.9621198773384094,0.13110115,0.709541381128097,0.0,0.0
SwinIR + PathologyLoss,BraTS2021_00002,30.056671,0.9655969142913818,0.120726,0.8463749600766528,0.0,0.0
SwinIR + PathologyLoss,BraTS2021_00002,30.157516,0.965248703956604,0.11595869,0.8436185133239832,0.0,0.0
SwinIR + PathologyLoss,BraTS2021_00002,30.24441,0.9614044427871704,0.11663868,0.6636894537959465,0.0,0.0
SwinIR + PathologyLoss,BraTS2021_00002,30.379751,0.9608958959579468,0.11412373,0.7860169491525424,0.0,0.0
SwinIR + PathologyLoss,BraTS2021_00002,30.30299,0.9627419710159302,0.11018358,0.7668231611893583,0.0,0.0
SwinIR + PathologyLoss,BraTS2021_00002,30.484964,0.9607403874397278,0.11162859,0.8410899445382204,0.07142857142857142,0.08888888888888889
SwinIR + PathologyLoss,BraTS2021_00002,30.755745,0.9671463966369629,0.104083076,0.7691231343283582,0.28860759493670884,0.25
SwinIR + PathologyLoss,BraTS2021_00002,31.273026,0.9685956835746765,0.09964123,0.7933319085274632,0.4863636363636364,0.4863636363636364
SwinIR + PathologyLoss,BraTS2021_00002,31.177357,0.9687861800193787,0.09999932,0.8391370174110523,0.34057971014492755,0.3161764705882353
SwinIR + PathologyLoss,BraTS2021_00002,31.329647,0.9717850089073181,0.09579903,0.8567664219838133,0.4243964421855146,0.4270833333333333
SwinIR + PathologyLoss,BraTS2021_00002,31.174683,0.9726455211639404,0.09632451,0.9305292191001552,0.519742883379247,0.5088536812674743
SwinIR + PathologyLoss,BraTS2021_00002,31.108238,0.972895622253418,0.09634225,0.960309451732257,0.5968790637191157,0.5674232309746329
SwinIR + PathologyLoss,BraTS2021_00002,31.076088,0.9751029014587402,0.09479282,0.9214469502043288,0.47115384615384615,0.4851138353765324
SwinIR + PathologyLoss,BraTS2021_00002,31.098682,0.9732111692428589,0.094250135,0.9032258064516129,0.6918982850384388,0.6
SwinIR + PathologyLoss,BraTS2021_00002,31.042526,0.974055826663971,0.09383945,0.9141538461538462,0.6319404693760733,0.6753078418664938
SwinIR + PathologyLoss,BraTS2021_00002,30.858452,0.9745190739631653,0.09464534,0.882502619368358,0.4651685393258427,0.4819759679572764
SwinIR + PathologyLoss,BraTS2021_00002,30.95379,0.9757387042045593,0.09299035,0.8749616916947595,0.5083467959073775,0.5357372826786864
SwinIR + PathologyLoss,BraTS2021_00002,30.918121,0.9771475195884705,0.0914739,0.8777273392883291,0.6041366041366041,0.6654366543665436
SwinIR + PathologyLoss,BraTS2021_00002,30.922173,0.977169394493103,0.091653,0.8987708879988952,0.47613636363636364,0.5910867865519938
SwinIR + PathologyLoss,BraTS2021_00002,30.92154,0.9799031615257263,0.088152386,0.8875924871940808,0.41739130434782606,0.5246212121212122
SwinIR + PathologyLoss,BraTS2021_00002,31.237122,0.9808973073959351,0.085761845,0.8940194714881781,0.5634386328327291,0.6823324630113142
SwinIR + PathologyLoss,BraTS2021_00002,31.294312,0.9799685478210449,0.08664742,0.9092124615590319,0.590539894887721,0.6947697111631538
SwinIR + PathologyLoss,BraTS2021_00002,31.110443,0.9825940132141113,0.084435515,0.9224220788136757,0.42742857142857144,0.6744639376218323
SwinIR + PathologyLoss,BraTS2021_00002,31.111338,0.9814236164093018,0.085854396,0.9067002377954959,0.4121004566210046,0.6435845213849287
SwinIR + PathologyLoss,BraTS2021_00002,31.230707,0.9809778332710266,0.085622504,0.8965620777661012,0.8434343434343434,0.7013201320132013
SwinIR + PathologyLoss,BraTS2021_00002,31.132269,0.9819627404212952,0.08444653,0.8859514294497387,0.5684210526315789,0.625
SwinIR + PathologyLoss,BraTS2021_00002,31.05473,0.9830692410469055,0.08369063,0.8834045246005379,0.76981852913085,0.6767485822306238
SwinIR + PathologyLoss,BraTS2021_00002,31.412006,0.9828448295593262,0.08278125,0.9004648180798205,0.46117084826762245,0.6996047430830039
SwinIR + PathologyLoss,BraTS2021_00002,31.065857,0.9824101328849792,0.08569346,0.9001327140013271,0.4672330097087379,0.630859375
SwinIR + PathologyLoss,BraTS2021_00002,31.180075,0.9830290079116821,0.08283982,0.9222674813306178,0.54375,0.7264150943396226
SwinIR + PathologyLoss,BraTS2021_00002,31.446644,0.9836395382881165,0.08182215,0.8979232664554734,0.6961953435547984,0.6666666666666666
SwinIR + PathologyLoss,BraTS2021_00002,31.610525,0.9847630262374878,0.07961883,0.9133031674208145,0.3723325974981604,0.5102040816326531
SwinIR + PathologyLoss,BraTS2021_00002,31.702145,0.9854779839515686,0.07884144,0.91690641394483,0.8138328530259366,0.7203389830508474
SwinIR + PathologyLoss,BraTS2021_00002,31.62717,0.9862695932388306,0.0770791,0.9355860612460402,0.5615686274509804,0.637546468401487
SwinIR + PathologyLoss,BraTS2021_00002,32.164093,0.9865396618843079,0.077479705,0.9093036863662961,0.5697278911564626,0.6528925619834711
SwinIR + PathologyLoss,BraTS2021_00002,32.28032,0.9870544672012329,0.07568064,0.9174347911355167,0.446,0.5425
SwinIR + PathologyLoss,BraTS2021_00002,32.030937,0.9875128865242004,0.075837165,0.9181713407606608,0.6986425339366515,0.7196467991169978
SwinIR + PathologyLoss,BraTS2021_00002,32.147556,0.9879725575447083,0.07439503,0.9510732933668536,0.6597222222222222,0.7117346938775511
SwinIR + PathologyLoss,BraTS2021_00002,32.001392,0.98797208070755,0.075182654,0.945292147376256,0.7887029288702929,0.7628607277289837
SwinIR + PathologyLoss,BraTS2021_00002,32.196083,0.9872770309448242,0.07549348,0.9407869107908063,0.816,0.7687687687687688
SwinIR + PathologyLoss,BraTS2021_00002,32.12714,0.986609160900116,0.07717048,0.9686031208873849,0.8365817091454273,0.791095890410959
SwinIR + PathologyLoss,BraTS2021_00002,32.04851,0.9859043955802917,0.07708265,0.9679524083669161,0.7912457912457912,0.7410207939508506
SwinIR + PathologyLoss,BraTS2021_00002,32.071896,0.9859920740127563,0.077567115,0.9728643216080402,0.8285163776493256,0.8
SwinIR + PathologyLoss,BraTS2021_00002,32.196415,0.9826588034629822,0.080566645,0.9724009130525005,0.7211538461538461,0.7197943444730077
SwinIR + PathologyLoss,BraTS2021_00002,32.14256,0.9824292063713074,0.079914145,0.9723512497235125,0.8465608465608465,0.8323353293413174
SwinIR + PathologyLoss,BraTS2021_00002,32.087933,0.9814109802246094,0.081853785,0.9588467798186469,0.65625,0.6638297872340425
SwinIR + PathologyLoss,BraTS2021_00002,31.922733,0.9812288880348206,0.083234034,0.970970970970971,0.7575757575757576,0.7487179487179487
SwinIR + PathologyLoss,BraTS2021_00002,31.621494,0.9795006513595581,0.08621696,0.9625099707524595,0.822429906542056,0.822429906542056
SwinIR + PathologyLoss,BraTS2021_00002,31.76659,0.9810065627098083,0.0841336,0.9574655324141977,0.0,0.0
SwinIR + PathologyLoss,BraTS2021_00002,31.6837,0.9786838293075562,0.089557745,0.9687191307211064,nan,nan
SwinIR + PathologyLoss,BraTS2021_00002,31.48743,0.9807852506637573,0.08671737,0.966690290574061,0.0,nan
SwinIR + PathologyLoss,BraTS2021_00002,31.353857,0.9794011116027832,0.09093731,0.9747634069400631,nan,nan
SwinIR + PathologyLoss,BraTS2021_00002,31.137896,0.9794061779975891,0.092769235,0.967687074829932,nan,nan
SwinIR + PathologyLoss,BraTS2021_00002,31.009857,0.9765059351921082,0.09664618,0.9673704414587332,nan,nan
SwinIR + PathologyLoss,BraTS2021_00002,30.760328,0.9753856062889099,0.10040302,0.94225580140313,nan,nan
SwinIR + PathologyLoss,BraTS2021_00002,30.851822,0.9735597968101501,0.103328496,0.9694209499024072,nan,nan
SwinIR + PathologyLoss,BraTS2021_00002,30.474163,0.9728574156761169,0.10682603,0.9528049866429208,nan,nan
SwinIR + PathologyLoss,BraTS2021_00002,30.593655,0.9747399687767029,0.104188,0.942578548212351,nan,nan
SwinIR + PathologyLoss,BraTS2021_00002,30.684875,0.9735786318778992,0.10742199,0.9500713266761769,nan,nan
SwinIR + PathologyLoss,BraTS2021_00002,30.47424,0.9713139533996582,0.11289015,0.9217758985200846,nan,nan
SwinIR + PathologyLoss,BraTS2021_00002,30.450886,0.9730214476585388,0.11317556,0.851985559566787,nan,nan
SwinIR + PathologyLoss,BraTS2021_00014,31.87912,0.9850303530693054,0.14735343,0.0,nan,nan
SwinIR + PathologyLoss,BraTS2021_00014,31.721802,0.9845196008682251,0.14558765,0.0,nan,nan
SwinIR + PathologyLoss,BraTS2021_00014,31.500923,0.986096978187561,0.13680351,0.0967741935483871,nan,nan
SwinIR + PathologyLoss,BraTS2021_00014,31.282406,0.9849130511283875,0.13984543,0.0,nan,nan
SwinIR + PathologyLoss,BraTS2021_00014,31.297947,0.9863192439079285,0.13124467,0.0,nan,nan
SwinIR + PathologyLoss,BraTS2021_00014,31.478897,0.9863747954368591,0.12920202,0.0,nan,nan
SwinIR + PathologyLoss,BraTS2021_00014,31.451857,0.9853093028068542,0.13226898,0.0,nan,nan
SwinIR + PathologyLoss,BraTS2021_00014,31.127604,0.9859220385551453,0.1277245,0.0,nan,nan
SwinIR + PathologyLoss,BraTS2021_00014,31.218925,0.9861987829208374,0.12523244,0.3352272727272727,0.36363636363636365,0.36363636363636365
SwinIR + PathologyLoss,BraTS2021_00014,30.766026,0.9852966070175171,0.12846693,0.49767441860465117,0.0,0.0
SwinIR + PathologyLoss,BraTS2021_00014,30.076424,0.9818643927574158,0.1372178,0.16844919786096257,0.0,0.0
SwinIR + PathologyLoss,BraTS2021_00014,29.873468,0.9809965491294861,0.13549304,0.754653130287648,0.5263157894736842,0.5263157894736842
SwinIR + PathologyLoss,BraTS2021_00014,29.471025,0.9795441031455994,0.13455999,0.8348954578226387,0.2926829268292683,0.2926829268292683
SwinIR + PathologyLoss,BraTS2021_00014,29.467602,0.9785466194152832,0.13225898,0.6599378881987578,0.0,0.0
SwinIR + PathologyLoss,BraTS2021_00014,29.206598,0.9775819182395935,0.1277484,0.836046511627907,0.6666666666666666,0.6666666666666666
SwinIR + PathologyLoss,BraTS2021_00014,29.240705,0.9764198660850525,0.12540387,0.8993506493506493,0.32,0.32
SwinIR + PathologyLoss,BraTS2021_00014,29.003654,0.9760116338729858,0.12110954,0.8850408850408851,0.1925925925925926,0.1925925925925926
SwinIR + PathologyLoss,BraTS2021_00014,29.03538,0.9738390445709229,0.11963198,0.8178398710370769,0.12698412698412698,0.12698412698412698
SwinIR + PathologyLoss,BraTS2021_00014,29.313068,0.9736354947090149,0.11543948,0.4575342465753425,0.0,0.0
SwinIR + PathologyLoss,BraTS2021_00014,29.208029,0.9727065563201904,0.1146899,0.3540462427745665,0.0,0.0
SwinIR + PathologyLoss,BraTS2021_00014,29.291252,0.972838819026947,0.11205546,0.832442933462846,0.39846743295019155,0.4
SwinIR + PathologyLoss,BraTS2021_00014,29.200138,0.973119854927063,0.10921762,0.8331822302810517,0.0,0.0
SwinIR + PathologyLoss,BraTS2021_00014,29.20288,0.9704692959785461,0.1099727,0.8578274760383386,0.44274809160305345,0.44274809160305345
SwinIR + PathologyLoss,BraTS2021_00014,29.274628,0.9707207679748535,0.107928365,0.9003630496167809,0.5086206896551724,0.5086206896551724
SwinIR + PathologyLoss,BraTS2021_00014,29.516975,0.9683274030685425,0.10575281,0.5413043478260869,0.0,0.0
SwinIR + PathologyLoss,BraTS2021_00014,29.253235,0.9707344174385071,0.10440153,0.853855986365573,0.0,0.0
SwinIR + PathologyLoss,BraTS2021_00014,29.44299,0.9659648537635803,0.10486834,0.7371456030754445,0.4685714285714286,0.4685714285714286
SwinIR + PathologyLoss,BraTS2021_00014,29.237068,0.969087541103363,0.10381204,0.8624567474048442,0.4457831325301205,0.4457831325301205
SwinIR + PathologyLoss,BraTS2021_00014,29.43124,0.9699547290802002,0.09931989,0.8822269807280514,0.34782608695652173,0.35658914728682173
SwinIR + PathologyLoss,BraTS2021_00014,29.471876,0.9721212387084961,0.10019209,0.8535309503051438,0.23076923076923078,0.23076923076923078
SwinIR + PathologyLoss,BraTS2021_00014,29.413778,0.9716995358467102,0.100487575,0.8886168910648715,0.6845637583892618,0.7596899224806202
SwinIR + PathologyLoss,BraTS2021_00014,29.42499,0.9728581309318542,0.09834798,0.8629270350063264,0.33962264150943394,0.33962264150943394
SwinIR + PathologyLoss,BraTS2021_00014,29.445734,0.9719058275222778,0.09986413,0.8497453310696095,0.42105263157894735,0.42105263157894735
SwinIR + PathologyLoss,BraTS2021_00014,29.579922,0.9706567525863647,0.09956653,0.8513220632856524,0.0,0.0
SwinIR + PathologyLoss,BraTS2021_00014,29.542484,0.9738282561302185,0.09857323,0.9030013049151805,0.0,0.0
SwinIR + PathologyLoss,BraTS2021_00014,29.331234,0.9718233942985535,0.1000379,0.9147072383586906,0.0,0.0
SwinIR + PathologyLoss,BraTS2021_00014,29.399162,0.9751969575881958,0.09766015,0.9026845637583892,0.0,0.0
SwinIR + PathologyLoss,BraTS2021_00014,29.51358,0.9745309352874756,0.097985886,0.8682719546742209,0.0,0.0
SwinIR + PathologyLoss,BraTS2021_00014,29.556183,0.9753125905990601,0.09752985,0.892416225749559,0.0,0.0
SwinIR + PathologyLoss,BraTS2021_00014,29.801067,0.9773573279380798,0.09497864,0.867570385818561,nan,nan
SwinIR + PathologyLoss,BraTS2021_00014,29.78952,0.9776208400726318,0.09457262,0.7667121418826739,nan,nan
SwinIR + PathologyLoss,BraTS2021_00014,29.948595,0.9782500267028809,0.09391255,0.6246851385390428,nan,nan
SwinIR + PathologyLoss,BraTS2021_00014,29.752068,0.9772065281867981,0.09484704,0.69164265129683,nan,nan
SwinIR + PathologyLoss,BraTS2021_00032,31.4174,0.9615409970283508,0.10645815,0.7540983606557377,nan,nan
SwinIR + PathologyLoss,BraTS2021_00032,31.612171,0.9633966088294983,0.1044254,0.8049281314168378,nan,nan
SwinIR + PathologyLoss,BraTS2021_00032,31.55796,0.9653387069702148,0.102714546,0.7463175122749591,nan,nan
SwinIR + PathologyLoss,BraTS2021_00032,31.937935,0.968471884727478,0.098426946,0.8183079056865464,nan,nan
SwinIR + PathologyLoss,BraTS2021_00032,32.156975,0.9647959470748901,0.09981953,0.8556962025316456,nan,nan
SwinIR + PathologyLoss,BraTS2021_00032,32.050987,0.9665231704711914,0.09996628,0.8403361344537815,nan,nan
SwinIR + PathologyLoss,BraTS2021_00032,31.822836,0.9677955508232117,0.10048716,0.8526645768025078,nan,nan
SwinIR + PathologyLoss,BraTS2021_00032,32.145336,0.9667518734931946,0.09835858,0.8735213830755232,nan,nan
SwinIR + PathologyLoss,BraTS2021_00032,31.958427,0.9684407711029053,0.098723404,0.875710804224208,nan,nan
SwinIR + PathologyLoss,BraTS2021_00032,32.012363,0.9685379862785339,0.10018855,0.8976497346474602,nan,nan
SwinIR + PathologyLoss,BraTS2021_00032,31.941395,0.9717478156089783,0.09512622,0.9274755927475593,nan,nan
SwinIR + PathologyLoss,BraTS2021_00032,31.99187,0.9709419012069702,0.09748188,0.9376558603491272,0.0,0.0
SwinIR + PathologyLoss,BraTS2021_00032,31.826323,0.9718925952911377,0.097290546,0.9340845070422535,0.0,0.0
SwinIR + PathologyLoss,BraTS2021_00032,31.739773,0.9725452661514282,0.095763244,0.9511918274687855,0.0,0.0
SwinIR + PathologyLoss,BraTS2021_00032,31.762745,0.9719365835189819,0.09766732,0.9361004915346806,0.0,0.0
SwinIR + PathologyLoss,BraTS2021_00032,31.994984,0.9703309535980225,0.09653378,0.9461948618516723,0.39705882352941174,0.39705882352941174
SwinIR + PathologyLoss,BraTS2021_00032,31.806263,0.9740000367164612,0.09390491,0.9476394849785408,0.5245901639344263,0.5245901639344263
SwinIR + PathologyLoss,BraTS2021_00032,31.817217,0.9719017148017883,0.09572475,0.9481481481481482,0.6206896551724138,0.6126126126126126
SwinIR + PathologyLoss,BraTS2021_00032,32.059,0.9751086831092834,0.09276647,0.9648135116115412,0.4921875,0.5147679324894515
SwinIR + PathologyLoss,BraTS2021_00032,32.016636,0.9781205654144287,0.090203606,0.9659863945578231,0.17037037037037037,0.17857142857142858
SwinIR + PathologyLoss,BraTS2021_00032,32.081745,0.9777238368988037,0.08929994,0.9844031193761248,0.683371298405467,0.7281553398058253
SwinIR + PathologyLoss,BraTS2021_00032,32.268356,0.9802189469337463,0.086633325,0.9922848664688427,0.5429864253393665,0.5790754257907542
SwinIR + PathologyLoss,BraTS2021_00032,32.29826,0.9809787273406982,0.08549628,0.990922401171303,0.7793103448275862,0.8
SwinIR + PathologyLoss,BraTS2021_00032,32.49788,0.9822016358375549,0.08391761,0.9803102625298329,0.6379647749510763,0.6780383795309168
SwinIR + PathologyLoss,BraTS2021_00032,32.65322,0.9831796884536743,0.08125592,0.9903536977491961,0.8364779874213837,0.8043478260869565
SwinIR + PathologyLoss,BraTS2021_00032,32.736202,0.9826398491859436,0.08380322,0.9511002444987775,0.8221476510067114,0.8282442748091603
SwinIR + PathologyLoss,BraTS2021_00032,32.785465,0.9841808080673218,0.08055261,0.9693439607602697,0.5737704918032787,0.5961538461538461
SwinIR + PathologyLoss,BraTS2021_00032,32.868805,0.9840995073318481,0.07997249,0.9701776649746193,0.5387931034482759,0.6062176165803109
SwinIR + PathologyLoss,BraTS2021_00032,32.6243,0.9836841821670532,0.08119775,0.9728,0.6707566462167689,0.7378640776699029
SwinIR + PathologyLoss,BraTS2021_00032,33.33995,0.9833872318267822,0.07793447,0.9621162638798171,0.7777777777777778,0.82560706401766
SwinIR + PathologyLoss,BraTS2021_00032,33.296192,0.9857030510902405,0.07555748,0.9728173968660058,0.8086021505376344,0.8486238532110092
SwinIR + PathologyLoss,BraTS2021_00032,33.386044,0.9848348498344421,0.076095246,0.9768041237113402,0.2676056338028169,0.2743682310469314
SwinIR + PathologyLoss,BraTS2021_00032,33.31309,0.9853874444961548,0.07561836,0.9762820512820513,0.5904761904761905,0.5980707395498392
SwinIR + PathologyLoss,BraTS2021_00032,33.239853,0.9841342568397522,0.077361435,0.9833653230966091,0.7962382445141066,0.8115015974440895
SwinIR + PathologyLoss,BraTS2021_00032,33.192707,0.9857434034347534,0.075533144,0.9735994848679974,0.3027027027027027,0.3146067415730337
SwinIR + PathologyLoss,BraTS2021_00032,33.519054,0.9843736290931702,0.0758645,0.9779967159277504,0.2898550724637681,0.30303030303030304
SwinIR + PathologyLoss,BraTS2021_00032,32.995922,0.9824919104576111,0.07918214,0.9756909756909757,0.35789473684210527,0.3695652173913043
SwinIR + PathologyLoss,BraTS2021_00032,33.206474,0.9844375252723694,0.07560566,0.9658002735978112,0.2898550724637681,0.30303030303030304
SwinIR + PathologyLoss,BraTS2021_00032,32.867523,0.9815863966941833,0.079822876,0.9438622754491018,0.0,0.0
SwinIR + PathologyLoss,BraTS2021_00032,32.753044,0.9809780120849609,0.083035745,0.9356820975010242,0.0,0.0
SwinIR + PathologyLoss,BraTS2021_00032,32.66452,0.9790866374969482,0.08352489,0.9223170184104176,nan,nan
SwinIR + PathologyLoss,BraTS2021_00032,32.527393,0.9805395007133484,0.083880186,0.9337094499294781,nan,nan
SwinIR + PathologyLoss,BraTS2021_00032,32.099022,0.9803518652915955,0.08629665,0.9364773820981713,nan,nan
SwinIR + PathologyLoss,BraTS2021_00032,31.808775,0.9765017628669739,0.09158634,0.9279835390946503,0.0,0.0
SwinIR + PathologyLoss,BraTS2021_00032,31.85167,0.9765845537185669,0.09167561,0.9273803119956966,nan,nan
SwinIR + PathologyLoss,BraTS2021_00032,31.543022,0.9770885109901428,0.09277122,0.9342481417953116,nan,nan
SwinIR + PathologyLoss,BraTS2021_00032,31.580324,0.9755299687385559,0.096062414,0.9291640076579452,nan,nan
SwinIR + PathologyLoss,BraTS2021_00032,31.543964,0.9746301770210266,0.09688126,0.9542662116040955,nan,nan
SwinIR + PathologyLoss,BraTS2021_00032,31.39629,0.9740033745765686,0.09919473,0.9361393323657474,nan,nan
SwinIR + PathologyLoss,BraTS2021_00032,31.318817,0.9751253128051758,0.09892252,0.9335324869305451,nan,nan
SwinIR + PathologyLoss,BraTS2021_00032,31.337715,0.9710444808006287,0.10374861,0.9399830938292477,nan,nan
SwinIR + PathologyLoss,BraTS2021_00032,30.908588,0.9729459881782532,0.106616944,0.9388888888888889,nan,nan
SwinIR + PathologyLoss,BraTS2021_00032,30.782843,0.9715960621833801,0.109511174,0.9317507418397626,nan,nan
SwinIR + PathologyLoss,BraTS2021_00032,30.7129,0.9715743660926819,0.10967384,0.9146919431279621,nan,nan
SwinIR + PathologyLoss,BraTS2021_00032,30.460155,0.9699822068214417,0.11423155,0.8932926829268293,nan,nan
SwinIR + PathologyLoss,BraTS2021_00032,30.292665,0.9702551364898682,0.11505911,0.8706739526411658,nan,nan
SwinIR + PathologyLoss,BraTS2021_00032,30.368128,0.9697960615158081,0.11832889,0.8865979381443299,nan,nan
SwinIR + PathologyLoss,BraTS2021_00035,31.214945,0.9609277844429016,0.09617514,0.11403508771929824,nan,nan
SwinIR + PathologyLoss,BraTS2021_00035,31.257874,0.9655758738517761,0.09225318,0.19435736677115986,nan,nan
SwinIR + PathologyLoss,BraTS2021_00035,31.461834,0.9663177728652954,0.09008658,0.39185750636132316,nan,nan
SwinIR + PathologyLoss,BraTS2021_00035,31.406343,0.9647367000579834,0.09229994,0.543778801843318,0.0,0.0
SwinIR + PathologyLoss,BraTS2021_00035,31.095617,0.9629661440849304,0.09131054,0.7324749642346209,0.19574468085106383,0.19574468085106383
SwinIR + PathologyLoss,BraTS2021_00035,31.156979,0.9630987048149109,0.092684366,0.8669201520912547,0.4146981627296588,0.42133333333333334
SwinIR + PathologyLoss,BraTS2021_00035,31.113195,0.9644181132316589,0.093082376,0.8385269121813032,0.8206785137318255,0.7602339181286549
SwinIR + PathologyLoss,BraTS2021_00035,31.223759,0.9702978134155273,0.08813524,0.8975206611570248,0.7533632286995515,0.7587412587412588
SwinIR + PathologyLoss,BraTS2021_00035,31.097939,0.9666119813919067,0.0913431,0.9408866995073891,0.8284625158831004,0.8679817905918058
SwinIR + PathologyLoss,BraTS2021_00035,31.162266,0.9719786643981934,0.08919446,0.9304964539007092,0.8649885583524027,0.8693009118541033
SwinIR + PathologyLoss,BraTS2021_00035,31.302652,0.9752984642982483,0.08543525,0.9662301860785665,0.7664670658682635,0.8065040650406504
SwinIR + PathologyLoss,BraTS2021_00035,31.338718,0.9729454517364502,0.08733859,0.9642625081221572,0.8078175895765473,0.8628048780487805
SwinIR + PathologyLoss,BraTS2021_00035,31.24564,0.9737724661827087,0.08795234,0.9544895448954489,0.9136760426770126,0.8919753086419753
SwinIR + PathologyLoss,BraTS2021_00035,31.381166,0.9743096828460693,0.08633919,0.9518213866039953,0.8761726078799249,0.875
SwinIR + PathologyLoss,BraTS2021_00035,31.466343,0.9771661162376404,0.08375872,0.9448818897637795,0.7968596663395485,0.8663282571912013
SwinIR + PathologyLoss,BraTS2021_00035,31.809994,0.9783533811569214,0.08138544,0.9500531349628055,0.8137164040778498,0.859375
SwinIR + PathologyLoss,BraTS2021_00035,31.842117,0.9779024124145508,0.08141254,0.9385875127942682,0.8161434977578476,0.8575851393188855
SwinIR + PathologyLoss,BraTS2021_00035,31.799923,0.9794902801513672,0.08013411,0.9561360275998029,0.8273444347063978,0.8946564885496183
SwinIR + PathologyLoss,BraTS2021_00035,31.960918,0.9778987169265747,0.08026654,0.9536423841059603,0.8442123585726719,0.8952380952380953
SwinIR + PathologyLoss,BraTS2021_00035,32.16639,0.9774105548858643,0.07869557,0.9581056466302368,0.8168007149240393,0.9185667752442996
SwinIR + PathologyLoss,BraTS2021_00035,32.056305,0.9783890843391418,0.07876348,0.9535864978902954,0.7732831608654751,0.9038785834738617
SwinIR + PathologyLoss,BraTS2021_00035,32.22001,0.9752074480056763,0.07920067,0.964550700741962,0.7939793038570084,0.8900523560209425
SwinIR + PathologyLoss,BraTS2021_00035,32.13432,0.9768167734146118,0.07742058,0.969047619047619,0.8174235403151066,0.8828250401284109
SwinIR + PathologyLoss,BraTS2021_00035,32.174103,0.9753406047821045,0.078550056,0.9805632685442285,0.8555452003727866,0.8678071539657853
SwinIR + PathologyLoss,BraTS2021_00035,32.133743,0.9777335524559021,0.07668918,0.9711613406079501,0.8192032686414709,0.839622641509434
SwinIR + PathologyLoss,BraTS2021_00035,32.185112,0.9788620471954346,0.07528996,0.9775855289028706,0.9285714285714286,0.9033112582781457
SwinIR + PathologyLoss,BraTS2021_00035,32.395283,0.9766486287117004,0.07658545,0.9828343313373253,0.8923766816143498,0.8824343015214384
SwinIR + PathologyLoss,BraTS2021_00035,32.268177,0.9778233170509338,0.07528679,0.9753933037515127,0.905852417302799,0.8705882352941177
SwinIR + PathologyLoss,BraTS2021_00035,32.291172,0.977056622505188,0.07818404,0.9860197368421053,0.8073089700996677,0.7771836007130125
SwinIR + PathologyLoss,BraTS2021_00035,32.26105,0.9750043153762817,0.079202004,0.9782608695652174,0.8243243243243243,0.8216704288939052
SwinIR + PathologyLoss,BraTS2021_00035,32.057365,0.9750853180885315,0.08012282,0.9727195225916454,0.6877470355731226,0.6877470355731226
SwinIR + PathologyLoss,BraTS2021_00035,31.979914,0.9725004434585571,0.08421237,0.9780018331805683,0.5043478260869565,0.5043478260869565
SwinIR + PathologyLoss,BraTS2021_00035,31.923347,0.9739816188812256,0.0844436,0.9541284403669725,0.0,0.0
SwinIR + PathologyLoss,BraTS2021_00035,31.554893,0.9746275544166565,0.086400695,0.9313131313131313,nan,nan
SwinIR + PathologyLoss,BraTS2021_00035,31.32346,0.9722540378570557,0.08866044,0.9221556886227545,nan,nan
SwinIR + PathologyLoss,BraTS2021_00035,31.055029,0.9681874513626099,0.093544185,0.8921389396709324,nan,nan
SwinIR + PathologyLoss,BraTS2021_00035,31.081669,0.9697146415710449,0.09318191,0.9231863442389758,nan,nan
SwinIR + PathologyLoss,BraTS2021_00035,31.00732,0.969139039516449,0.09788128,0.8714408973252804,nan,nan
SwinIR + PathologyLoss,BraTS2021_00035,30.80177,0.9703017473220825,0.09717917,0.8266331658291457,nan,nan
SwinIR + PathologyLoss,BraTS2021_00035,30.837831,0.9660617113113403,0.10319779,0.8666666666666667,nan,nan
SwinIR + PathologyLoss,BraTS2021_00035,30.582647,0.9704515933990479,0.1023188,0.0,nan,nan
SwinIR + PathologyLoss,BraTS2021_00060,32.675007,0.9783027172088623,0.16823462,0.28440366972477066,0.0,0.0
SwinIR + PathologyLoss,BraTS2021_00060,32.29158,0.976137638092041,0.1727016,0.007407407407407408,0.0,0.0
SwinIR + PathologyLoss,BraTS2021_00060,31.976759,0.9757382273674011,0.17060971,0.3562231759656652,0.0,0.0
SwinIR + PathologyLoss,BraTS2021_00060,32.185318,0.9776592254638672,0.15918942,0.39661016949152544,0.0,0.0
SwinIR + PathologyLoss,BraTS2021_00060,31.756563,0.9741163849830627,0.16855226,0.4490934449093445,0.1258741258741259,0.1258741258741259
SwinIR + PathologyLoss,BraTS2021_00060,31.57809,0.9725655317306519,0.17005979,0.3779527559055118,0.0,0.0
SwinIR + PathologyLoss,BraTS2021_00060,31.268806,0.9728450775146484,0.16532263,0.42742857142857144,0.34169278996865204,0.26851851851851855
SwinIR + PathologyLoss,BraTS2021_00060,31.049385,0.9715425372123718,0.16435318,0.6408640864086409,0.49939975990396157,0.5442622950819672
SwinIR + PathologyLoss,BraTS2021_00060,30.388775,0.9685460925102234,0.1680635,0.755192878338279,0.598825831702544,0.6873385012919897
SwinIR + PathologyLoss,BraTS2021_00060,30.29139,0.9638326168060303,0.17048046,0.656984785615491,0.5853658536585366,0.590964590964591
SwinIR + PathologyLoss,BraTS2021_00060,30.721943,0.9708250164985657,0.15127707,0.7821969696969697,0.678117048346056,0.7762408462164361
SwinIR + PathologyLoss,BraTS2021_00060,30.717384,0.9712902903556824,0.14708675,0.6440677966101694,0.29210134128166915,0.39473684210526316
SwinIR + PathologyLoss,BraTS2021_00060,30.926352,0.9703630805015564,0.14546996,0.6790496760259179,0.4418604651162791,0.5212569316081331
SwinIR + PathologyLoss,BraTS2021_00060,30.951654,0.9719588756561279,0.14111306,0.6836534692277538,0.32379793061472917,0.4408817635270541
SwinIR + PathologyLoss,BraTS2021_00060,30.825268,0.9701729416847229,0.14104748,0.6752460257380772,0.2512019230769231,0.4083769633507853
SwinIR + PathologyLoss,BraTS2021_00060,30.75637,0.9701969623565674,0.14148687,0.6753059755219583,0.5221674876847291,0.5264207377866401
SwinIR + PathologyLoss,BraTS2021_00060,30.896534,0.9716842770576477,0.13861094,0.7315839392981347,0.34328358208955223,0.48565573770491804
SwinIR + PathologyLoss,BraTS2021_00060,31.012486,0.9738609194755554,0.13527107,0.822788277184333,0.524988743809095,0.625314333612741
SwinIR + PathologyLoss,BraTS2021_00060,30.926134,0.9760128855705261,0.13132122,0.8321899736147758,0.4471766848816029,0.6524486571879937
SwinIR + PathologyLoss,BraTS2021_00060,30.744524,0.9775738716125488,0.12915386,0.8505284348263714,0.5162116040955631,0.6661654135338346
SwinIR + PathologyLoss,BraTS2021_00060,30.961277,0.9770511388778687,0.12796429,0.8370939747086537,0.5420944558521561,0.6534090909090909
SwinIR + PathologyLoss,BraTS2021_00060,30.560905,0.9776573181152344,0.12566064,0.8431558935361216,0.5441955193482688,0.6859903381642513
SwinIR + PathologyLoss,BraTS2021_00060,30.25571,0.9761122465133667,0.12990731,0.8636566830576665,0.5488958990536278,0.7562062380649268
SwinIR + PathologyLoss,BraTS2021_00060,29.835232,0.9730604887008667,0.13494784,0.8795232013622818,0.5539730134932533,0.7547619047619047
SwinIR + PathologyLoss,BraTS2021_00060,29.82625,0.9744957089424133,0.12833922,0.9117997616209773,0.546935883811548,0.7736051502145923
SwinIR + PathologyLoss,BraTS2021_00060,29.812511,0.9713659882545471,0.1291854,0.927448380375071,0.5924516333650491,0.7678227360308285
SwinIR + PathologyLoss,BraTS2021_00060,29.819004,0.9715402722358704,0.12590463,0.9529814447847235,0.6499705362404242,0.8300258843830889
SwinIR + PathologyLoss,BraTS2021_00060,30.081205,0.9720856547355652,0.122607015,0.9518304431599229,0.6855858387187412,0.8334036271615353
SwinIR + PathologyLoss,BraTS2021_00060,30.17355,0.9772768616676331,0.11558028,0.9637790018360874,0.6140712393288196,0.8224907063197026
SwinIR + PathologyLoss,BraTS2021_00060,30.430176,0.9767452478408813,0.112513475,0.9512111907198908,0.5848093665565897,0.7994402985074627
SwinIR + PathologyLoss,BraTS2021_00060,30.353653,0.9794443249702454,0.1090412,0.9675834970530451,0.7496681709583223,0.8500222518914108
SwinIR + PathologyLoss,BraTS2021_00060,30.59528,0.979726254940033,0.10742072,0.9752523607945295,0.766510660426417,0.8393782383419689
SwinIR + PathologyLoss,BraTS2021_00060,30.6005,0.9771992564201355,0.110349715,0.9800261951538966,0.7666494579246257,0.8280254777070064
SwinIR + PathologyLoss,BraTS2021_00060,30.6431,0.9772711992263794,0.10772481,0.9819587628865979,0.8745283018867924,0.8366909558508359
SwinIR + PathologyLoss,BraTS2021_00060,30.53257,0.9773909449577332,0.10900058,0.9834844559585493,0.806435137895812,0.8757709251101321
SwinIR + PathologyLoss,BraTS2021_00060,30.617458,0.9808562994003296,0.10335681,0.984729143224562,0.6536897152818129,0.8635346756152126
SwinIR + PathologyLoss,BraTS2021_00060,30.71577,0.9787140488624573,0.106363125,0.9709883625635142,0.7933454639979205,0.8605790645879733
SwinIR + PathologyLoss,BraTS2021_00060,30.818865,0.9809509515762329,0.10322326,0.9699161597895775,0.6235498839907193,0.7669811320754717
SwinIR + PathologyLoss,BraTS2021_00060,30.950834,0.9802882671356201,0.10227348,0.974400518470512,0.6947089947089947,0.8213219616204691
SwinIR + PathologyLoss,BraTS2021_00060,30.604647,0.9823338985443115,0.100092724,0.9774577332498434,0.706037437384656,0.8485915492957746
SwinIR + PathologyLoss,BraTS2021_00060,30.919487,0.983210563659668,0.097803034,0.9786112833230006,0.6162162162162163,0.8193116634799236
SwinIR + PathologyLoss,BraTS2021_00060,31.017668,0.9840924739837646,0.09555483,0.9804893155775782,0.6821917808219178,0.7875968992248062
SwinIR + PathologyLoss,BraTS2021_00060,31.00096,0.9816582202911377,0.09928506,0.9732390033835743,0.8217871485943775,0.8122317596566524
SwinIR + PathologyLoss,BraTS2021_00060,31.27164,0.9842331409454346,0.09351355,0.9626865671641791,0.665699361578642,0.7516616314199396
SwinIR + PathologyLoss,BraTS2021_00060,31.213787,0.9846110939979553,0.09247431,0.9705746418117394,0.508736559139785,0.806930693069307
SwinIR + PathologyLoss,BraTS2021_00060,31.205618,0.982805073261261,0.09609115,0.9638137193203272,0.7344028520499108,0.8154235145385588
SwinIR + PathologyLoss,BraTS2021_00060,31.038647,0.9829205274581909,0.09666116,0.9723145071982281,0.775460864309459,0.8309114927344782
SwinIR + PathologyLoss,BraTS2021_00060,31.09058,0.9816074371337891,0.09832584,0.9706589706589707,0.8941308621173828,0.8351063829787234
SwinIR + PathologyLoss,BraTS2021_00060,30.83703,0.9833245873451233,0.09744476,0.9688777114115058,0.8544910179640719,0.8248366013071895
SwinIR + PathologyLoss,BraTS2021_00060,30.817354,0.9827747344970703,0.09774025,0.9571584358934413,0.8970238095238096,0.8473804100227791
SwinIR + PathologyLoss,BraTS2021_00060,31.006077,0.9830860495567322,0.096503735,0.9537065999374413,0.7679614987968374,0.7271627344222625
SwinIR + PathologyLoss,BraTS2021_00060,31.004553,0.982764482498169,0.09744667,0.960198234474214,0.8624338624338624,0.777458309373203
SwinIR + PathologyLoss,BraTS2021_00060,31.29432,0.983479380607605,0.09582699,0.960581233575514,0.7295938104448743,0.8064516129032258
SwinIR + PathologyLoss,BraTS2021_00060,31.187326,0.9842528700828552,0.09382236,0.964006739163731,0.7953667953667953,0.7884486232370719
SwinIR + PathologyLoss,BraTS2021_00060,31.466608,0.9860826134681702,0.08915483,0.9552331929496178,0.5543107647345348,0.7513069454817027
SwinIR + PathologyLoss,BraTS2021_00060,31.645277,0.987619936466217,0.08602375,0.9484824902723735,0.6996730499766465,0.817629179331307
SwinIR + PathologyLoss,BraTS2021_00060,31.570786,0.9857184886932373,0.089958616,0.9469180795436539,0.6369230769230769,0.7961783439490446
SwinIR + PathologyLoss,BraTS2021_00060,31.607449,0.986882746219635,0.08788442,0.9584541062801932,0.8181384248210024,0.8421875
SwinIR + PathologyLoss,BraTS2021_00060,31.905846,0.9885582327842712,0.0828212,0.955964771817454,0.6647432198499712,0.8035859820700897
SwinIR + PathologyLoss,BraTS2021_00060,32.201496,0.988968551158905,0.081326514,0.9613650998068255,0.745260663507109,0.854320987654321
SwinIR + PathologyLoss,BraTS2021_00060,32.195927,0.9892143607139587,0.08051043,0.9671651495448634,0.7319922128487995,0.8330373001776199
SwinIR + PathologyLoss,BraTS2021_00060,32.56292,0.9888038635253906,0.0799279,0.9702838063439065,0.8586052463211772,0.8148148148148148
SwinIR + PathologyLoss,BraTS2021_00060,32.3503,0.9889432787895203,0.08215004,0.9568005399932501,0.850179211469534,0.8652094717668488
SwinIR + PathologyLoss,BraTS2021_00060,32.365234,0.9889651536941528,0.079843424,0.950646698434309,0.864297253634895,0.8521739130434782
SwinIR + PathologyLoss,BraTS2021_00060,32.536484,0.988679051399231,0.08058304,0.9595070422535211,0.8676923076923077,0.8438818565400844
SwinIR + PathologyLoss,BraTS2021_00060,32.47889,0.9887133836746216,0.08137311,0.9450146627565983,0.8225108225108225,0.8225108225108225
SwinIR + PathologyLoss,BraTS2021_00060,32.690277,0.9882325530052185,0.08249058,0.9419535628502802,0.6302083333333334,0.6302083333333334
SwinIR + PathologyLoss,BraTS2021_00060,32.716236,0.987063467502594,0.082561,0.9186666666666666,0.0,0.0
SwinIR + PathologyLoss,BraTS2021_00060,32.412525,0.9854985475540161,0.08682077,0.9574413206087181,nan,nan
SwinIR + PathologyLoss,BraTS2021_00060,32.340233,0.9839906096458435,0.088476434,0.8967240421987784,nan,nan
SwinIR + PathologyLoss,BraTS2021_00060,32.13439,0.9805839657783508,0.0924272,0.9331466573328666,nan,nan
SwinIR + PathologyLoss,BraTS2021_00060,32.11104,0.9795929193496704,0.09379314,0.9456394211967148,nan,nan
SwinIR + PathologyLoss,BraTS2021_00060,32.238358,0.9760529398918152,0.098320566,0.9605609114811569,nan,nan
SwinIR + PathologyLoss,BraTS2021_00060,32.46862,0.9770578145980835,0.09320329,0.939113492450073,nan,nan
SwinIR + PathologyLoss,BraTS2021_00060,32.649273,0.976138710975647,0.09355261,0.8577384054194893,nan,nan
SwinIR + PathologyLoss,BraTS2021_00060,32.506493,0.9723340272903442,0.09650403,0.8304735758407688,nan,nan
SwinIR + PathologyLoss,BraTS2021_00060,32.722836,0.970288097858429,0.09552984,0.810958904109589,nan,nan
SwinIR + PathologyLoss,BraTS2021_00060,32.682213,0.9661168456077576,0.09922628,0.7682775712515489,nan,nan
SwinIR + PathologyLoss,BraTS2021_00060,32.526672,0.9586515426635742,0.105762355,0.7072599531615925,0.0,0.0
SwinIR + PathologyLoss,BraTS2021_00061,31.05598,0.9745599031448364,0.13475195,0.0,0.0,0.0
SwinIR + PathologyLoss,BraTS2021_00061,31.262089,0.975917398929596,0.12820148,0.0,0.0,0.0
SwinIR + PathologyLoss,BraTS2021_00061,31.208345,0.9729232788085938,0.1335397,0.027491408934707903,0.1095890410958904,0.13114754098360656
SwinIR + PathologyLoss,BraTS2021_00061,31.359875,0.975699245929718,0.12426931,0.039603960396039604,0.0,0.0
SwinIR + PathologyLoss,BraTS2021_00061,31.248905,0.9766210317611694,0.122081116,0.2376237623762376,0.06722689075630252,0.025
SwinIR + PathologyLoss,BraTS2021_00061,31.244274,0.9768495559692383,0.12102557,0.45792563600782776,0.2158273381294964,0.3010752688172043
SwinIR + PathologyLoss,BraTS2021_00061,31.150063,0.9779043793678284,0.11934185,0.5563636363636364,0.25,0.3076923076923077
SwinIR + PathologyLoss,BraTS2021_00061,31.247389,0.9779155850410461,0.11836499,0.5976331360946746,0.2638888888888889,0.3469387755102041
SwinIR + PathologyLoss,BraTS2021_00061,31.142256,0.9785873889923096,0.11706691,0.5161923454367027,0.21476510067114093,0.24074074074074073
SwinIR + PathologyLoss,BraTS2021_00061,30.970482,0.9790876507759094,0.11524216,0.6241379310344828,0.30935251798561153,0.3360655737704918
SwinIR + PathologyLoss,BraTS2021_00061,30.414005,0.9710703492164612,0.1293459,0.7370786516853932,0.40318302387267907,0.3783783783783784
SwinIR + PathologyLoss,BraTS2021_00061,30.084333,0.9714145064353943,0.12500304,0.8936170212765957,0.31336405529953915,0.3305785123966942
SwinIR + PathologyLoss,BraTS2021_00061,30.116644,0.9669491052627563,0.12626529,0.7523245984784447,0.21315192743764172,0.25825825825825827
SwinIR + PathologyLoss,BraTS2021_00061,30.207401,0.9690772891044617,0.11921612,0.7492850333651097,0.12048192771084337,0.11594202898550725
SwinIR + PathologyLoss,BraTS2021_00061,30.306036,0.9676305055618286,0.11861619,0.7316636851520573,0.003816793893129771,0.006042296072507553
SwinIR + PathologyLoss,BraTS2021_00061,30.07149,0.9652838110923767,0.11882386,0.8435054773082942,0.03169014084507042,0.05325443786982249
SwinIR + PathologyLoss,BraTS2021_00061,29.99355,0.9673707485198975,0.116139315,0.8405797101449275,0.013289036544850499,0.023880597014925373
SwinIR + PathologyLoss,BraTS2021_00061,30.155718,0.9705786108970642,0.11227384,0.841025641025641,0.006756756756756757,0.013422818791946308
SwinIR + PathologyLoss,BraTS2021_00061,30.244133,0.9725508093833923,0.109162524,0.7738461538461539,0.034013605442176874,0.056140350877192984
SwinIR + PathologyLoss,BraTS2021_00061,30.318518,0.9723400473594666,0.11040425,0.8149231894659839,0.02158273381294964,0.05042016806722689
SwinIR + PathologyLoss,BraTS2021_00061,30.19065,0.9721344113349915,0.10891111,0.828363154406892,0.059369202226345084,0.1306122448979592
SwinIR + PathologyLoss,BraTS2021_00061,30.763376,0.9744479060173035,0.104806304,0.7896296296296297,0.0694980694980695,0.15517241379310345
SwinIR + PathologyLoss,BraTS2021_00061,30.441607,0.9738126993179321,0.105065204,0.8352668213457076,0.11218568665377177,0.20253164556962025
SwinIR + PathologyLoss,BraTS2021_00061,30.576838,0.9743807911872864,0.10499432,0.823937554206418,0.0,0.0
SwinIR + PathologyLoss,BraTS2021_00061,30.58126,0.9739838242530823,0.10579874,0.85662100456621,0.05176470588235294,0.08620689655172414
SwinIR + PathologyLoss,BraTS2021_00061,30.569687,0.9725605845451355,0.10572983,0.8376421923474664,0.16358839050131926,0.1893939393939394
SwinIR + PathologyLoss,BraTS2021_00061,30.76251,0.9717369079589844,0.10457114,0.7931428571428571,0.11228070175438597,0.1271186440677966
SwinIR + PathologyLoss,BraTS2021_00061,30.753305,0.9701164960861206,0.10512899,0.6639118457300276,0.05154639175257732,0.054945054945054944
SwinIR + PathologyLoss,BraTS2021_00061,30.863848,0.9709939956665039,0.1045416,0.8248730964467005,0.5466666666666666,0.5466666666666666
SwinIR + PathologyLoss,BraTS2021_00061,30.749989,0.9696601033210754,0.10446303,0.8587257617728532,0.0,0.0
SwinIR + PathologyLoss,BraTS2021_00061,30.80648,0.9706400036811829,0.10310401,0.719626168224299,0.0,0.0
SwinIR + PathologyLoss,BraTS2021_00061,31.001572,0.9729691743850708,0.10220091,0.7402597402597403,0.0,0.0
SwinIR + PathologyLoss,BraTS2021_00061,31.280334,0.9715017676353455,0.10028451,0.7244094488188977,nan,nan
SwinIR + PathologyLoss,BraTS2021_00061,31.196241,0.972594141960144,0.099382706,0.25225225225225223,nan,nan
SwinIR + PathologyLoss,BraTS2021_00062,29.213585,0.9732807874679565,0.1151752,0.6869070208728653,nan,nan
SwinIR + PathologyLoss,BraTS2021_00062,29.085697,0.9706383943557739,0.117964976,0.6924101198402131,nan,nan
SwinIR + PathologyLoss,BraTS2021_00062,29.190443,0.9735321402549744,0.11253009,0.6403225806451613,nan,nan
SwinIR + PathologyLoss,BraTS2021_00062,29.519922,0.9748785495758057,0.106629536,0.8600953895071543,nan,nan
SwinIR + PathologyLoss,BraTS2021_00062,29.639198,0.9748119115829468,0.10522233,0.820580474934037,nan,nan
SwinIR + PathologyLoss,BraTS2021_00062,29.805986,0.9754646420478821,0.104109414,0.7452677122769065,0.0,0.0
SwinIR + PathologyLoss,BraTS2021_00062,29.782822,0.9782670736312866,0.099509306,0.8184679958027282,nan,nan
SwinIR + PathologyLoss,BraTS2021_00062,29.946152,0.9782472252845764,0.09810503,0.8927083333333333,nan,nan
SwinIR + PathologyLoss,BraTS2021_00062,30.02483,0.9810132384300232,0.09426948,0.8257956448911222,nan,nan
SwinIR + PathologyLoss,BraTS2021_00062,30.258713,0.9807722568511963,0.092465416,0.8916504854368932,nan,nan
SwinIR + PathologyLoss,BraTS2021_00062,30.031372,0.9822939038276672,0.0914312,0.8646379853095488,nan,nan
SwinIR + PathologyLoss,BraTS2021_00062,30.156458,0.982200026512146,0.09188024,0.9078667611622963,nan,nan
SwinIR + PathologyLoss,BraTS2021_00062,30.049093,0.9825208187103271,0.09075341,0.9336661911554922,nan,nan
SwinIR + PathologyLoss,BraTS2021_00062,30.045206,0.981833815574646,0.09127879,0.9464963755609251,nan,nan
SwinIR + PathologyLoss,BraTS2021_00062,29.96093,0.9820910692214966,0.091054045,0.9491641078130331,nan,nan
SwinIR + PathologyLoss,BraTS2021_00062,30.216202,0.9825873374938965,0.09058182,0.9586324786324786,nan,nan
SwinIR + PathologyLoss,BraTS2021_00062,30.261562,0.9836810231208801,0.08750419,0.9490848585690516,0.0,0.0
SwinIR + PathologyLoss,BraTS2021_00062,30.030863,0.9825884699821472,0.09061307,0.9411039161270429,0.0,0.0
SwinIR + PathologyLoss,BraTS2021_00062,29.76831,0.9831482172012329,0.090232305,0.9343675417661098,0.0,0.0
SwinIR + PathologyLoss,BraTS2021_00062,29.952106,0.9838927984237671,0.088587,0.9573317307692307,0.0,0.0
SwinIR + PathologyLoss,BraTS2021_00062,30.09187,0.983837366104126,0.08751143,0.9620782323081517,0.5925925925925926,0.5925925925925926
SwinIR + PathologyLoss,BraTS2021_00062,29.932272,0.9832838177680969,0.0895171,0.9716312056737588,0.0,0.0
SwinIR + PathologyLoss,BraTS2021_00062,30.049639,0.9850612878799438,0.08575844,0.9697858609562922,0.0,0.0
SwinIR + PathologyLoss,BraTS2021_00062,30.102186,0.9851779341697693,0.08606446,0.9657994738380591,0.0,0.0
SwinIR + PathologyLoss,BraTS2021_00062,30.236282,0.9857385754585266,0.083419226,0.955388180764774,0.4,0.4
SwinIR + PathologyLoss,BraTS2021_00062,30.431902,0.9872008562088013,0.08132846,0.9549600912200684,0.36363636363636365,0.36363636363636365
SwinIR + PathologyLoss,BraTS2021_00062,30.644102,0.9870785474777222,0.08174935,0.9634146341463414,0.0,0.0
SwinIR + PathologyLoss,BraTS2021_00062,30.360348,0.988039493560791,0.07961098,0.9604880883207437,0.0,0.0
SwinIR + PathologyLoss,BraTS2021_00062,30.866339,0.9887127876281738,0.07823157,0.9611224788073662,0.0,0.0
SwinIR + PathologyLoss,BraTS2021_00062,31.059826,0.9894731044769287,0.07593812,0.9582698751142248,nan,nan
SwinIR + PathologyLoss,BraTS2021_00062,31.360176,0.9897388815879822,0.07442753,0.9669631512071156,nan,nan
SwinIR + PathologyLoss,BraTS2021_00062,31.280596,0.9899914860725403,0.073724724,0.9689708141321045,nan,nan
SwinIR + PathologyLoss,BraTS2021_00062,31.365683,0.9898725748062134,0.07409029,0.9632726186921469,0.0,nan
SwinIR + PathologyLoss,BraTS2021_00062,31.018848,0.9895710945129395,0.07595426,0.9418234442836468,nan,nan
SwinIR + PathologyLoss,BraTS2021_00062,31.446732,0.9905412793159485,0.07146262,0.9524087591240876,nan,nan
SwinIR + PathologyLoss,BraTS2021_00062,31.082531,0.9898558855056763,0.07499439,0.9247372905424596,nan,nan
SwinIR + PathologyLoss,BraTS2021_00062,31.164906,0.9895307421684265,0.07394286,0.9541284403669725,nan,nan
SwinIR + PathologyLoss,BraTS2021_00062,31.275078,0.9894269108772278,0.07411538,0.9348209042865532,nan,nan
SwinIR + PathologyLoss,BraTS2021_00062,30.97081,0.9879848957061768,0.07665925,0.9215398178078167,nan,nan
SwinIR + PathologyLoss,BraTS2021_00062,31.161287,0.9874014854431152,0.07781918,0.9040612124779281,nan,nan
SwinIR + PathologyLoss,BraTS2021_00062,31.335745,0.9873683452606201,0.076464966,0.8796511627906977,nan,nan
SwinIR + PathologyLoss,BraTS2021_00062,31.476337,0.9875134229660034,0.07536135,0.8968636911942099,nan,nan
SwinIR + PathologyLoss,BraTS2021_00062,31.767208,0.9867823123931885,0.07571786,0.89689135118498,nan,nan
SwinIR + PathologyLoss,BraTS2021_00062,31.855011,0.9870542883872986,0.074613914,0.9048665620094192,nan,nan
SwinIR + PathologyLoss,BraTS2021_00062,31.336067,0.9869449138641357,0.07674479,0.8961161982949163,nan,nan
SwinIR + PathologyLoss,BraTS2021_00062,31.294662,0.9866082668304443,0.07708506,0.8941027266962587,nan,nan
SwinIR + PathologyLoss,BraTS2021_00062,31.201582,0.986754298210144,0.07841293,0.9076330981398332,nan,nan
SwinIR + PathologyLoss,BraTS2021_00062,31.222137,0.9859188199043274,0.07972161,0.9052361066495342,nan,nan
SwinIR + PathologyLoss,BraTS2021_00062,31.212969,0.9867877960205078,0.078767195,0.9105058365758755,nan,nan
SwinIR + PathologyLoss,BraTS2021_00062,31.298075,0.9862281084060669,0.079742104,0.9176859504132231,nan,nan
SwinIR + PathologyLoss,BraTS2021_00062,31.316742,0.9867253303527832,0.080261245,0.93296853625171,nan,nan
SwinIR + PathologyLoss,BraTS2021_00062,31.397802,0.9855067133903503,0.08243204,0.9225963207219715,nan,nan
SwinIR + PathologyLoss,BraTS2021_00062,31.133026,0.98426753282547,0.085790545,0.8977591036414566,nan,nan
SwinIR + PathologyLoss,BraTS2021_00062,30.93688,0.9853541851043701,0.0845947,0.8899521531100478,nan,nan
SwinIR + PathologyLoss,BraTS2021_00062,30.975458,0.9848683476448059,0.087626554,0.9077287066246057,nan,nan
SwinIR + PathologyLoss,BraTS2021_00062,30.636154,0.9852643609046936,0.08965402,0.8902291917973462,nan,nan
SwinIR + PathologyLoss,BraTS2021_00062,30.729027,0.9839310646057129,0.0927895,0.8923205342237062,nan,nan
SwinIR + PathologyLoss,BraTS2021_00062,30.554207,0.9839780330657959,0.09437823,0.9240895129442738,nan,nan
SwinIR + PathologyLoss,BraTS2021_00062,30.384594,0.9836403131484985,0.09623613,0.9247216035634744,nan,nan
SwinIR + PathologyLoss,BraTS2021_00062,30.414734,0.9845699667930603,0.095417544,0.9037433155080213,nan,nan
SwinIR + PathologyLoss,BraTS2021_00062,30.453678,0.9844211339950562,0.096305564,0.9179415855354659,nan,nan
SwinIR + PathologyLoss,BraTS2021_00062,30.493822,0.9832003116607666,0.101603284,0.9230033476805356,nan,nan
SwinIR + PathologyLoss,BraTS2021_00062,30.288527,0.9830500483512878,0.103321984,0.8937589328251548,nan,nan
SwinIR + PathologyLoss,BraTS2021_00062,30.389738,0.9835962057113647,0.10506877,0.9522821576763485,nan,nan
SwinIR + PathologyLoss,BraTS2021_00062,30.198118,0.9832713007926941,0.10750937,0.9173249078462349,nan,nan
SwinIR + PathologyLoss,BraTS2021_00062,30.270378,0.9849210381507874,0.10661673,0.8881614839061648,nan,nan
SwinIR + PathologyLoss,BraTS2021_00062,30.341854,0.9852752685546875,0.107811466,0.8812121212121212,nan,nan
SwinIR + PathologyLoss,BraTS2021_00062,30.441101,0.9853445291519165,0.11070716,0.9018789144050104,nan,nan
SwinIR + PathologyLoss,BraTS2021_00062,30.491198,0.9838985800743103,0.118040234,0.9217919514047077,0.0,0.0
SwinIR + PathologyLoss,BraTS2021_00062,30.805813,0.9853090643882751,0.1161973,0.9431034482758621,0.0,0.0
SwinIR + PathologyLoss,BraTS2021_00062,30.942438,0.9868837594985962,0.114027895,0.9022556390977443,0.0,0.0
SwinIR + PathologyLoss,BraTS2021_00062,31.094215,0.9865396022796631,0.118757375,0.8678815489749431,nan,nan
SwinIR + PathologyLoss,BraTS2021_00062,31.104162,0.9855391979217529,0.12699309,0.8012232415902141,nan,nan
SwinIR + PathologyLoss,BraTS2021_00062,31.26852,0.9858266711235046,0.12864695,0.6828193832599119,nan,nan
SwinIR + PathologyLoss,BraTS2021_00088,31.744808,0.9595006704330444,0.10047429,0.0966183574879227,0.0,0.0
SwinIR + PathologyLoss,BraTS2021_00088,31.733192,0.9637197852134705,0.09765021,0.884272997032641,0.7991543340380549,0.8076923076923077
SwinIR + PathologyLoss,BraTS2021_00088,31.73056,0.9662094116210938,0.09728344,0.9029443838604144,0.8253012048192772,0.8392282958199357
SwinIR + PathologyLoss,BraTS2021_00088,31.788757,0.9709333181381226,0.094983324,0.8813559322033898,0.8781038374717833,0.819718309859155
SwinIR + PathologyLoss,BraTS2021_00088,31.83521,0.9731017351150513,0.09080423,0.9346534653465347,0.9133154602323503,0.8602673147023087
SwinIR + PathologyLoss,BraTS2021_00088,31.809729,0.9720404148101807,0.09331526,0.9342105263157895,0.8984812150279776,0.8375286041189931
SwinIR + PathologyLoss,BraTS2021_00088,31.580536,0.9734194278717041,0.09332434,0.8924889543446245,0.857539958304378,0.7839195979899497
SwinIR + PathologyLoss,BraTS2021_00088,31.561792,0.9743141531944275,0.09293697,0.8828907270352634,0.8225214198286414,0.7275985663082437
SwinIR + PathologyLoss,BraTS2021_00088,31.29115,0.9753918647766113,0.09339599,0.9274283587644213,0.8759358288770054,0.7879799666110183
SwinIR + PathologyLoss,BraTS2021_00088,31.464575,0.9765846729278564,0.08996246,0.9476565172767705,0.9240957717778909,0.8705882352941177
SwinIR + PathologyLoss,BraTS2021_00088,31.404305,0.9747391939163208,0.09308937,0.9618222649983958,0.9373571101966164,0.8651162790697674
SwinIR + PathologyLoss,BraTS2021_00088,31.513645,0.9781779050827026,0.08791498,0.9580354367423065,0.9301700984780662,0.8397328881469115
SwinIR + PathologyLoss,BraTS2021_00088,31.754465,0.9790363907814026,0.087276064,0.9686369119420989,0.9270965023177412,0.8309260832625318
SwinIR + PathologyLoss,BraTS2021_00088,31.599396,0.979511559009552,0.087137796,0.976155431262879,0.9328295549958019,0.8145386766076421
SwinIR + PathologyLoss,BraTS2021_00088,31.815453,0.9798177480697632,0.08460593,0.9728323699421966,0.9345870809484873,0.8115134633240483
SwinIR + PathologyLoss,BraTS2021_00088,31.592218,0.9788292050361633,0.08670938,0.97581317764804,0.9387911247130833,0.8293918918918919
SwinIR + PathologyLoss,BraTS2021_00088,31.765903,0.9807490706443787,0.08396119,0.9643336015017431,0.9430284857571214,0.8513169073916738
SwinIR + PathologyLoss,BraTS2021_00088,31.710787,0.9816311597824097,0.082420334,0.9634020618556701,0.94620486366986,0.8464874241110147
SwinIR + PathologyLoss,BraTS2021_00088,31.667786,0.9813918471336365,0.082386285,0.9663147310206134,0.9602555003548616,0.8789915966386554
SwinIR + PathologyLoss,BraTS2021_00088,31.859566,0.9823737144470215,0.08237008,0.9619868220983274,0.953998584571833,0.851363236587511
SwinIR + PathologyLoss,BraTS2021_00088,31.916,0.9830762147903442,0.08071602,0.9714285714285714,0.9533239038189534,0.8385899814471243
SwinIR + PathologyLoss,BraTS2021_00088,31.979836,0.9834303259849548,0.08097012,0.9710107077565944,0.9583481666073336,0.8737327188940092
SwinIR + PathologyLoss,BraTS2021_00088,32.313267,0.9843059182167053,0.077491574,0.972411909314395,0.958109559613319,0.8377581120943953
SwinIR + PathologyLoss,BraTS2021_00088,32.30714,0.9848716855049133,0.07811225,0.9787928221859706,0.9574848160057163,0.8535885167464115
SwinIR + PathologyLoss,BraTS2021_00088,32.48613,0.9864886999130249,0.074161254,0.9813698630136987,0.9516943042537851,0.8612167300380228
SwinIR + PathologyLoss,BraTS2021_00088,32.663353,0.9869858622550964,0.07285661,0.9838978345363687,0.9358006042296072,0.80042689434365
SwinIR + PathologyLoss,BraTS2021_00088,32.742493,0.9855417609214783,0.0757085,0.9793871866295265,0.9622147399925177,0.8615071283095723
SwinIR + PathologyLoss,BraTS2021_00088,32.694813,0.9857048988342285,0.07428732,0.9865846841811068,0.9711427472104656,0.8958333333333334
SwinIR + PathologyLoss,BraTS2021_00088,32.817444,0.985732913017273,0.07434154,0.9727559506739317,0.9539852095316351,0.8286384976525821
SwinIR + PathologyLoss,BraTS2021_00088,32.722298,0.9835149645805359,0.07568799,0.9839883551673945,0.9660507090674688,0.8602941176470589
SwinIR + PathologyLoss,BraTS2021_00088,32.68092,0.9853655099868774,0.073947236,0.9859237536656892,0.9462169553327257,0.8063660477453581
SwinIR + PathologyLoss,BraTS2021_00088,32.583435,0.982505738735199,0.07676451,0.9832835820895522,0.9704251386321626,0.8433734939759037
SwinIR + PathologyLoss,BraTS2021_00088,32.575058,0.9839920401573181,0.076403625,0.9882005899705014,0.9786628733997155,0.8734177215189873
SwinIR + PathologyLoss,BraTS2021_00088,32.7105,0.9823495149612427,0.0760892,0.9821698398307646,0.9702675916749257,0.8353413654618473
SwinIR + PathologyLoss,BraTS2021_00088,32.79324,0.9842029213905334,0.074248455,0.9813365442504516,0.9634273772204807,0.8308115543328748
SwinIR + PathologyLoss,BraTS2021_00088,32.454018,0.983224093914032,0.07622321,0.9856028794241152,0.9795060430898581,0.868766404199475
SwinIR + PathologyLoss,BraTS2021_00088,32.29181,0.9840976595878601,0.07553471,0.9861612515042117,0.9852700490998363,0.866225165562914
SwinIR + PathologyLoss,BraTS2021_00088,32.390842,0.9818589091300964,0.07862938,0.9784615384615385,0.9484173505275498,0.8293963254593176
SwinIR + PathologyLoss,BraTS2021_00088,32.061604,0.9843993186950684,0.07774591,0.9729078868151716,0.9686575990538143,0.8717948717948718
SwinIR + PathologyLoss,BraTS2021_00088,31.964533,0.9834270477294922,0.08049214,0.986183604544059,0.9777503090234858,0.9058402860548271
SwinIR + PathologyLoss,BraTS2021_00088,31.939533,0.9827198386192322,0.08087209,0.9897356143079316,0.9743926460932371,0.8962264150943396
SwinIR + PathologyLoss,BraTS2021_00088,32.13605,0.9829037189483643,0.08131604,0.988621997471555,0.925,0.904487917146145
SwinIR + PathologyLoss,BraTS2021_00088,31.941595,0.9821622371673584,0.08308486,0.9803793328973185,0.8817204301075269,0.8481308411214953
SwinIR + PathologyLoss,BraTS2021_00088,31.928898,0.9835463166236877,0.08262631,0.9773030707610146,0.8463713477851084,0.8029739776951673
SwinIR + PathologyLoss,BraTS2021_00088,31.67084,0.98394775390625,0.081436776,0.9737750172532781,0.7951541850220264,0.7858048162230672
SwinIR + PathologyLoss,BraTS2021_00088,31.882153,0.9820021390914917,0.08455944,0.9685672514619883,0.6909090909090909,0.6990881458966566
SwinIR + PathologyLoss,BraTS2021_00088,31.417595,0.9831120371818542,0.0866442,0.9645125140082181,0.6936619718309859,0.7103825136612022
SwinIR + PathologyLoss,BraTS2021_00088,31.517199,0.982326865196228,0.08917332,0.9576907868722815,0.7674943566591422,0.7674943566591422
SwinIR + PathologyLoss,BraTS2021_00088,31.154552,0.9816576838493347,0.09086732,0.9446845289541919,0.5923076923076923,0.5923076923076923
SwinIR + PathologyLoss,BraTS2021_00088,31.240692,0.9793583750724792,0.09368108,0.9695264885138303,0.6821705426356589,0.6821705426356589
SwinIR + PathologyLoss,BraTS2021_00088,30.682186,0.9791988134384155,0.09836591,0.9581931763575204,0.0,0.0
SwinIR + PathologyLoss,BraTS2021_00088,30.738298,0.9788928627967834,0.10011943,0.9558521560574949,nan,nan
SwinIR + PathologyLoss,BraTS2021_00088,30.22179,0.9778745174407959,0.10454569,0.9350509930220076,nan,nan
SwinIR + PathologyLoss,BraTS2021_00088,29.721867,0.9776273369789124,0.10832844,0.883793642522147,0.0,0.0
SwinIR + PathologyLoss,BraTS2021_00088,29.993702,0.9758960008621216,0.11155955,0.9216867469879518,0.5074626865671642,0.5074626865671642
SwinIR + PathologyLoss,BraTS2021_00088,29.874481,0.9768626093864441,0.112251826,0.9146579804560261,0.8113207547169812,0.8113207547169812
SwinIR + PathologyLoss,BraTS2021_00088,29.902182,0.9778040051460266,0.11432592,0.9416909620991254,0.8301886792452831,0.8301886792452831
SwinIR + PathologyLoss,BraTS2021_00088,29.625229,0.9794654250144958,0.11582399,0.9128869690424766,0.7865168539325843,0.7865168539325843
SwinIR + PathologyLoss,BraTS2021_00088,29.7543,0.9784707427024841,0.121181846,0.9457627118644067,0.22857142857142856,0.22857142857142856
SwinIR + PathologyLoss,BraTS2021_00088,29.266241,0.9774649143218994,0.12740368,0.9361296472831268,0.0,0.0
SwinIR + PathologyLoss,BraTS2021_00088,29.51196,0.9794044494628906,0.12556031,0.8683602771362586,nan,nan
SwinIR + PathologyLoss,BraTS2021_00088,29.339724,0.97981196641922,0.1291529,0.8654646324549237,nan,nan
SwinIR + PathologyLoss,BraTS2021_00088,29.897797,0.9815196990966797,0.1263807,0.7272727272727273,nan,nan
SwinIR + PathologyLoss,BraTS2021_00088,29.92485,0.9817101359367371,0.13048486,0.6666666666666666,nan,nan
SwinIR + PathologyLoss,BraTS2021_00088,29.712704,0.9814882278442383,0.13576807,0.1935483870967742,nan,nan
SwinIR + PathologyLoss,BraTS2021_00088,29.511202,0.980921745300293,0.14134197,0.0,nan,nan
SwinIR + PathologyLoss,BraTS2021_00101,29.112461,0.9786222577095032,0.07395636,0.448,nan,nan
SwinIR + PathologyLoss,BraTS2021_00101,28.837145,0.9780863523483276,0.07496058,0.8604651162790697,nan,nan
SwinIR + PathologyLoss,BraTS2021_00101,28.567024,0.9796549677848816,0.07635316,0.9154929577464789,nan,nan
SwinIR + PathologyLoss,BraTS2021_00101,29.157106,0.9779400825500488,0.07439687,0.9394904458598726,nan,nan
SwinIR + PathologyLoss,BraTS2021_00101,28.723782,0.9786410331726074,0.07645615,0.9421487603305785,nan,nan
SwinIR + PathologyLoss,BraTS2021_00101,29.21407,0.9793294668197632,0.07456936,0.9344660194174758,nan,nan
SwinIR + PathologyLoss,BraTS2021_00101,29.301544,0.979162335395813,0.0725783,0.9644351464435147,nan,nan
SwinIR + PathologyLoss,BraTS2021_00101,28.844135,0.9809388518333435,0.07473551,0.9704724409448819,nan,nan
SwinIR + PathologyLoss,BraTS2021_00101,28.984474,0.9810980558395386,0.073988356,0.9507346585998271,0.0,0.0
SwinIR + PathologyLoss,BraTS2021_00101,28.871183,0.9821271300315857,0.07378801,0.9709208400646203,0.0,0.0
SwinIR + PathologyLoss,BraTS2021_00101,29.190136,0.9833818078041077,0.07112329,0.9731743666169895,0.0,0.0
SwinIR + PathologyLoss,BraTS2021_00101,28.850342,0.9839765429496765,0.073086254,0.9558011049723757,nan,nan
SwinIR + PathologyLoss,BraTS2021_00101,29.51178,0.9857155084609985,0.06911141,0.9516876240900066,0.0,0.0
SwinIR + PathologyLoss,BraTS2021_00101,29.267586,0.9862120151519775,0.068849996,0.9802924348378894,0.6915887850467289,0.6915887850467289
SwinIR + PathologyLoss,BraTS2021_00101,29.770287,0.9872768521308899,0.06582284,0.971395213076474,0.8252427184466019,0.8252427184466019
SwinIR + PathologyLoss,BraTS2021_00101,30.013432,0.9874911308288574,0.065117046,0.9696969696969697,0.6819672131147541,0.6819672131147541
SwinIR + PathologyLoss,BraTS2021_00101,29.860727,0.9864093065261841,0.06421258,0.9731127197518097,0.8547486033519553,0.848314606741573
SwinIR + PathologyLoss,BraTS2021_00101,29.62248,0.9867419600486755,0.0664672,0.9821701477330617,0.9029535864978903,0.8853868194842407
SwinIR + PathologyLoss,BraTS2021_00101,29.885042,0.9864598512649536,0.064961076,0.9859578736208626,0.915929203539823,0.895152198421646
SwinIR + PathologyLoss,BraTS2021_00101,29.88235,0.9853980541229248,0.063433036,0.9887968826108134,0.953405017921147,0.9356943150046598
SwinIR + PathologyLoss,BraTS2021_00101,30.069214,0.9855993986129761,0.06341211,0.9838630806845966,0.9659090909090909,0.947841726618705
SwinIR + PathologyLoss,BraTS2021_00101,29.891525,0.9864758253097534,0.06458399,0.9891046897205116,0.9805970149253731,0.9350393700787402
SwinIR + PathologyLoss,BraTS2021_00101,30.265743,0.9847749471664429,0.06257195,0.9910756223579145,0.9815340909090909,0.9313725490196079
SwinIR + PathologyLoss,BraTS2021_00101,30.047,0.9852928519248962,0.063962065,0.991083998122947,0.9829351535836177,0.9293139293139293
SwinIR + PathologyLoss,BraTS2021_00101,29.812267,0.9855354428291321,0.065332755,0.9855880985588099,0.9900066622251832,0.9345172031076582
SwinIR + PathologyLoss,BraTS2021_00101,30.204687,0.9839277863502502,0.06437787,0.9865304226660474,0.9902912621359223,0.9264544456641054
SwinIR + PathologyLoss,BraTS2021_00101,30.20875,0.9839228987693787,0.064724036,0.992074592074592,0.9706632653061225,0.914466737064414
SwinIR + PathologyLoss,BraTS2021_00101,30.142881,0.9838905930519104,0.06484967,0.9877934272300469,0.9455252918287937,0.9255861365953109
SwinIR + PathologyLoss,BraTS2021_00101,29.73541,0.9845843315124512,0.06728698,0.9840225563909775,0.9358151476251605,0.9170829170829171
SwinIR + PathologyLoss,BraTS2021_00101,29.591827,0.9836512804031372,0.06847046,0.988009592326139,0.9125827814569536,0.8986960882647944
SwinIR + PathologyLoss,BraTS2021_00101,29.841091,0.9833495020866394,0.06872155,0.9830672472181906,0.8577348066298343,0.8480492813141683
SwinIR + PathologyLoss,BraTS2021_00101,29.922869,0.9820372462272644,0.06953037,0.9868868382710053,0.8980679546968687,0.872617853560682
SwinIR + PathologyLoss,BraTS2021_00101,29.611624,0.9823625683784485,0.07130464,0.9718875502008032,0.8543140028288543,0.8756423432682425
SwinIR + PathologyLoss,BraTS2021_00101,29.605736,0.982278048992157,0.07223945,0.981453634085213,0.8818681318681318,0.8739837398373984
SwinIR + PathologyLoss,BraTS2021_00101,29.32249,0.9812109470367432,0.07452937,0.9874182184197282,0.8851540616246498,0.90134994807892
SwinIR + PathologyLoss,BraTS2021_00101,29.35836,0.9814571142196655,0.07495713,0.986013986013986,0.8603827072997874,0.8905109489051095
SwinIR + PathologyLoss,BraTS2021_00101,29.299213,0.9805915951728821,0.07617237,0.9883897021706209,0.875270367700072,0.9230769230769231
SwinIR + PathologyLoss,BraTS2021_00101,29.101141,0.9797772765159607,0.079119295,0.9868686868686869,0.946164199192463,0.9208494208494209
SwinIR + PathologyLoss,BraTS2021_00101,28.832834,0.9809733629226685,0.08093242,0.9851965288412455,0.8818316100443131,0.916256157635468
SwinIR + PathologyLoss,BraTS2021_00101,28.829681,0.9799243211746216,0.08232626,0.9834881320949432,0.9244060475161987,0.9281045751633987
SwinIR + PathologyLoss,BraTS2021_00101,28.65653,0.981798529624939,0.08362924,0.9817232375979112,0.9356223175965666,0.9398496240601504
SwinIR + PathologyLoss,BraTS2021_00101,28.612673,0.9809752702713013,0.085828476,0.9806522940851299,0.9221556886227545,0.9319271332694151
SwinIR + PathologyLoss,BraTS2021_00101,28.848732,0.9807626605033875,0.08758913,0.9742415569547797,0.9761904761904762,0.926873857404022
SwinIR + PathologyLoss,BraTS2021_00101,28.626966,0.9810455441474915,0.08868258,0.9740181268882175,0.9293394777265745,0.9056974459724951
SwinIR + PathologyLoss,BraTS2021_00101,28.694021,0.9820207953453064,0.08938148,0.9758576874205845,0.9448818897637795,0.9081632653061225
SwinIR + PathologyLoss,BraTS2021_00101,28.646225,0.9816048741340637,0.09268654,0.9645203679369251,0.9651898734177216,0.9153605015673981
SwinIR + PathologyLoss,BraTS2021_00101,28.444809,0.9815074801445007,0.094219744,0.9688385269121813,0.9765828274067649,0.9197860962566845
SwinIR + PathologyLoss,BraTS2021_00101,28.365406,0.9814968109130859,0.09938636,0.9439754412893323,0.9601554907677357,0.9279811097992916
SwinIR + PathologyLoss,BraTS2021_00101,28.418858,0.982479453086853,0.100200206,0.9514237855946399,0.9655913978494624,0.945664739884393
SwinIR + PathologyLoss,BraTS2021_00101,28.51082,0.9836443066596985,0.09932509,0.9605866177818515,0.933649289099526,0.9347568208778173
SwinIR + PathologyLoss,BraTS2021_00101,28.670914,0.9842237830162048,0.101198845,0.9385365853658536,0.8686868686868687,0.8683068017366136
SwinIR + PathologyLoss,BraTS2021_00101,28.872425,0.984896183013916,0.103117816,0.9224904701397713,0.8796844181459567,0.8814229249011858
SwinIR + PathologyLoss,BraTS2021_00101,28.730614,0.9849482774734497,0.10795264,0.6038647342995169,0.3221476510067114,0.3221476510067114
SwinIR + PathologyLoss,BraTS2021_00101,29.204426,0.9864099025726318,0.10833253,0.0,0.0,0.0
SwinIR + PathologyLoss,BraTS2021_00103,31.513174,0.9787883758544922,0.14179288,0.6382978723404256,nan,nan
SwinIR + PathologyLoss,BraTS2021_00103,31.376331,0.9786750078201294,0.1382671,0.6507936507936508,nan,nan
SwinIR + PathologyLoss,BraTS2021_00103,31.627014,0.9788947701454163,0.13170111,0.7927272727272727,nan,nan
SwinIR + PathologyLoss,BraTS2021_00103,31.794455,0.9792235493659973,0.12707333,0.808641975308642,nan,nan
SwinIR + PathologyLoss,BraTS2021_00103,31.52784,0.9797450304031372,0.12291643,0.7801418439716312,nan,nan
SwinIR + PathologyLoss,BraTS2021_00103,31.88159,0.9785729050636292,0.12157104,0.8333333333333334,nan,nan
SwinIR + PathologyLoss,BraTS2021_00103,31.478413,0.978106677532196,0.122678936,0.8205841446453408,nan,nan
SwinIR + PathologyLoss,BraTS2021_00103,31.563686,0.9780728816986084,0.12038701,0.8360477741585234,nan,nan
SwinIR + PathologyLoss,BraTS2021_00103,31.392763,0.9787477254867554,0.12000164,0.7997076023391813,nan,nan
SwinIR + PathologyLoss,BraTS2021_00103,31.307383,0.9789255261421204,0.11869333,0.9092983456930975,nan,nan
SwinIR + PathologyLoss,BraTS2021_00103,31.284868,0.9820652604103088,0.11167512,0.8825487398953875,nan,nan
SwinIR + PathologyLoss,BraTS2021_00103,31.133844,0.9798834323883057,0.11683298,0.8642732049036778,nan,nan
SwinIR + PathologyLoss,BraTS2021_00103,31.204672,0.9804601669311523,0.11366022,0.8151578947368421,0.0,0.0
SwinIR + PathologyLoss,BraTS2021_00103,31.255224,0.9824418425559998,0.10923318,0.8662613981762918,0.05504587155963303,0.05504587155963303
SwinIR + PathologyLoss,BraTS2021_00103,31.145401,0.9831030964851379,0.107210994,0.8848314606741573,0.27169811320754716,0.27169811320754716
SwinIR + PathologyLoss,BraTS2021_00103,31.138784,0.9836568236351013,0.10591066,0.9139484311898105,0.16909620991253643,0.18421052631578946
SwinIR + PathologyLoss,BraTS2021_00103,30.923948,0.9834510087966919,0.10649934,0.918165989553105,0.26003824091778205,0.32211538461538464
SwinIR + PathologyLoss,BraTS2021_00103,30.667791,0.9803608059883118,0.11322766,0.9344585091420534,0.4138785625774473,0.4451510333863275
SwinIR + PathologyLoss,BraTS2021_00103,30.096338,0.9803177118301392,0.113654636,0.9301675977653632,0.6548358473824313,0.5628140703517588
SwinIR + PathologyLoss,BraTS2021_00103,29.623844,0.9771639108657837,0.11923203,0.9292586304470855,0.6989157631359466,0.6226175349428208
SwinIR + PathologyLoss,BraTS2021_00103,29.620686,0.9757381081581116,0.12194325,0.9392265193370166,0.6240786240786241,0.5421348314606742
SwinIR + PathologyLoss,BraTS2021_00103,29.598587,0.9724782705307007,0.12129907,0.9286282833642876,0.6296006264682851,0.6035502958579881
SwinIR + PathologyLoss,BraTS2021_00103,29.675705,0.9708232879638672,0.118622,0.9077620967741935,0.653954802259887,0.6956521739130435
SwinIR + PathologyLoss,BraTS2021_00103,29.870375,0.9718202352523804,0.11564635,0.8949061662198391,0.5636774679728711,0.6226685796269728
SwinIR + PathologyLoss,BraTS2021_00103,29.861504,0.9736006855964661,0.11260751,0.9078083191437606,0.40957886044591246,0.5906902086677368
SwinIR + PathologyLoss,BraTS2021_00103,30.181849,0.9706826210021973,0.10969341,0.908843537414966,0.9282296650717703,0.8009478672985783
SwinIR + PathologyLoss,BraTS2021_00103,30.347782,0.9747725129127502,0.10403687,0.9064143007360673,0.615595075239398,0.7526627218934911
SwinIR + PathologyLoss,BraTS2021_00103,30.404322,0.9751525521278381,0.10299689,0.9102254428341385,0.4811250925240563,0.7064676616915423
SwinIR + PathologyLoss,BraTS2021_00103,30.583782,0.9731826186180115,0.1024055,0.9159953970080552,0.7023285084959093,0.7840670859538784
SwinIR + PathologyLoss,BraTS2021_00103,30.720835,0.9779497981071472,0.096266046,0.9313621964097148,0.7920560747663551,0.8367899008115419
SwinIR + PathologyLoss,BraTS2021_00103,30.639381,0.9774225354194641,0.09672124,0.9573150863473444,0.7145510835913312,0.7557251908396947
SwinIR + PathologyLoss,BraTS2021_00103,30.731142,0.9788552522659302,0.09322323,0.9530596436870643,0.7403381642512077,0.7550274223034735
SwinIR + PathologyLoss,BraTS2021_00103,30.701538,0.9778993725776672,0.09489578,0.9530717986676536,0.8909952606635071,0.8628659476117103
SwinIR + PathologyLoss,BraTS2021_00103,30.945026,0.9834622144699097,0.08758361,0.9527502513284504,0.8553054662379421,0.8125466766243465
SwinIR + PathologyLoss,BraTS2021_00103,31.104588,0.983597457408905,0.08734417,0.94597803502523,0.8886543535620053,0.8421052631578947
SwinIR + PathologyLoss,BraTS2021_00103,31.157713,0.9845665693283081,0.08536552,0.9481007374426047,0.847972972972973,0.8335625859697386
SwinIR + PathologyLoss,BraTS2021_00103,31.477093,0.9831651449203491,0.08556839,0.949794937066893,0.8958810068649885,0.835016835016835
SwinIR + PathologyLoss,BraTS2021_00103,31.466902,0.9840198755264282,0.08400238,0.9471914834010365,0.8118279569892473,0.7785136129506991
SwinIR + PathologyLoss,BraTS2021_00103,31.273859,0.9857973456382751,0.08317612,0.9426596177307849,0.7103734439834025,0.703030303030303
SwinIR + PathologyLoss,BraTS2021_00103,31.62733,0.9854648113250732,0.08235809,0.9409035075747236,0.8308823529411765,0.8325358851674641
SwinIR + PathologyLoss,BraTS2021_00103,31.333744,0.9861459732055664,0.0824844,0.9526198439241917,0.8350951374207188,0.7807737397420867
SwinIR + PathologyLoss,BraTS2021_00103,31.38109,0.9860534071922302,0.08196328,0.9453312614776098,0.8448928121059268,0.8289290681502086
SwinIR + PathologyLoss,BraTS2021_00103,31.255758,0.986682116985321,0.08349295,0.9444039106960456,0.8489425981873112,0.8347529812606473
SwinIR + PathologyLoss,BraTS2021_00103,31.177387,0.9861090779304504,0.08348114,0.9529550132314025,0.887459807073955,0.8743362831858407
SwinIR + PathologyLoss,BraTS2021_00103,31.347673,0.9879231452941895,0.08045565,0.9582545454545455,0.8602540834845736,0.8504854368932039
SwinIR + PathologyLoss,BraTS2021_00103,31.702566,0.9883318543434143,0.07882737,0.9556750472315071,0.882703777335984,0.8559139784946237
SwinIR + PathologyLoss,BraTS2021_00103,31.625452,0.9890050292015076,0.0778475,0.9575300363229953,0.8050632911392405,0.7874015748031497
SwinIR + PathologyLoss,BraTS2021_00103,31.600191,0.9881066679954529,0.0793166,0.9598508746773731,0.7098976109215017,0.7098976109215017
SwinIR + PathologyLoss,BraTS2021_00103,31.779629,0.9890821576118469,0.0775206,0.9603057924139958,0.5238095238095238,0.5238095238095238
SwinIR + PathologyLoss,BraTS2021_00103,31.587376,0.9898176193237305,0.07593296,0.9379450661241099,0.0,0.0
SwinIR + PathologyLoss,BraTS2021_00103,31.948635,0.9898921251296997,0.07446346,0.9600963710284596,0.0,0.0
SwinIR + PathologyLoss,BraTS2021_00103,31.925686,0.9897924065589905,0.07568718,0.936056044119839,nan,nan
SwinIR + PathologyLoss,BraTS2021_00103,32.36639,0.9897951483726501,0.07350948,0.9543605964753727,nan,nan
SwinIR + PathologyLoss,BraTS2021_00103,32.509495,0.9901994466781616,0.07196243,0.9464366091522881,nan,nan
SwinIR + PathologyLoss,BraTS2021_00103,32.428642,0.9910538196563721,0.07037274,0.9528109525196621,nan,nan
SwinIR + PathologyLoss,BraTS2021_00103,32.51029,0.9912452101707458,0.070420496,0.9560946569429974,nan,nan
SwinIR + PathologyLoss,BraTS2021_00103,32.63307,0.9911322593688965,0.07013056,0.9466406132571772,nan,nan
SwinIR + PathologyLoss,BraTS2021_00103,32.61383,0.9917605519294739,0.06828288,0.9416617560400707,nan,nan
SwinIR + PathologyLoss,BraTS2021_00103,32.539154,0.9903438091278076,0.07079089,0.9579335793357934,nan,nan
SwinIR + PathologyLoss,BraTS2021_00103,32.649952,0.9914090037345886,0.07002636,0.9651871192341166,nan,nan
SwinIR + PathologyLoss,BraTS2021_00103,32.72057,0.991080105304718,0.06917768,0.9600593912397921,nan,nan
SwinIR + PathologyLoss,BraTS2021_00103,32.591797,0.9906777143478394,0.070351906,0.9615800030859435,nan,nan
SwinIR + PathologyLoss,BraTS2021_00103,32.556995,0.9894581437110901,0.073168404,0.9718862373324616,nan,nan
SwinIR + PathologyLoss,BraTS2021_00103,32.345257,0.9902015328407288,0.072087556,0.9640506329113924,nan,nan
SwinIR + PathologyLoss,BraTS2021_00103,32.514786,0.9877268671989441,0.07541104,0.9772809231878832,nan,nan
SwinIR + PathologyLoss,BraTS2021_00103,32.417915,0.9890281558036804,0.074745096,0.9712696941612604,nan,nan
SwinIR + PathologyLoss,BraTS2021_00103,32.228218,0.9879375696182251,0.07654129,0.9720388349514563,nan,nan
SwinIR + PathologyLoss,BraTS2021_00103,32.218967,0.9863739013671875,0.079136305,0.9834485648439136,nan,nan
SwinIR + PathologyLoss,BraTS2021_00103,32.077927,0.9861562252044678,0.07941658,0.9696041985567461,nan,nan
SwinIR + PathologyLoss,BraTS2021_00103,31.990185,0.9850813150405884,0.08080289,0.9723677941877085,nan,nan
SwinIR + PathologyLoss,BraTS2021_00103,32.02766,0.983269214630127,0.0825896,0.968,nan,nan
SwinIR + PathologyLoss,BraTS2021_00103,32.144745,0.9815243482589722,0.08397569,0.9761175750153093,nan,nan
SwinIR + PathologyLoss,BraTS2021_00103,32.062607,0.9801775217056274,0.085685566,0.9309868875086267,nan,nan
SwinIR + PathologyLoss,BraTS2021_00103,32.105618,0.9763375520706177,0.087316394,0.9260663507109005,nan,nan
SwinIR + PathologyLoss,BraTS2021_00103,32.435326,0.9737716317176819,0.08877145,0.9002123142250531,nan,nan
SwinIR + PathologyLoss,BraTS2021_00103,32.209198,0.9772666692733765,0.08667266,0.7666068222621185,nan,nan
SwinIR + PathologyLoss,BraTS2021_00103,32.141644,0.9687337279319763,0.091843195,0.6968174204355109,nan,nan
SwinIR + PathologyLoss,BraTS2021_00107,31.079493,0.9550787210464478,0.082215145,0.0,0.0,0.0
SwinIR + PathologyLoss,BraTS2021_00107,30.937216,0.9492146968841553,0.08187117,0.0,0.0,0.0
SwinIR + PathologyLoss,BraTS2021_00107,31.052324,0.9434703588485718,0.08209107,0.08813559322033898,0.0,0.0
SwinIR + PathologyLoss,BraTS2021_00107,31.38151,0.9449965357780457,0.07817696,0.6467289719626168,0.4154929577464789,0.35390946502057613
SwinIR + PathologyLoss,BraTS2021_00107,31.441338,0.9470231533050537,0.074365936,0.811554332874828,0.7858719646799117,0.7934272300469484
SwinIR + PathologyLoss,BraTS2021_00107,31.65699,0.949687123298645,0.07265677,0.8736383442265795,0.9009009009009009,0.8935361216730038
SwinIR + PathologyLoss,BraTS2021_00107,31.677193,0.9510021805763245,0.07349296,0.7680157946692991,0.881578947368421,0.8943661971830986
SwinIR + PathologyLoss,BraTS2021_00107,31.609118,0.9546964168548584,0.07316666,0.822239624119029,0.8983308042488619,0.9072847682119205
SwinIR + PathologyLoss,BraTS2021_00107,31.645784,0.9576663970947266,0.07109842,0.8725868725868726,0.9029275808936826,0.9073783359497645
SwinIR + PathologyLoss,BraTS2021_00107,31.826935,0.9602845907211304,0.0702727,0.8978893325727325,0.8418079096045198,0.8602150537634409
SwinIR + PathologyLoss,BraTS2021_00107,31.815512,0.9596084952354431,0.0705527,0.8987939171473519,0.882282996432818,0.9006622516556292
SwinIR + PathologyLoss,BraTS2021_00107,31.888971,0.9613114595413208,0.06901473,0.889651790093183,0.8821138211382114,0.9116279069767442
SwinIR + PathologyLoss,BraTS2021_00107,31.745272,0.9645634889602661,0.0686397,0.9558129558129558,0.9096573208722741,0.8940628637951106
SwinIR + PathologyLoss,BraTS2021_00107,31.780912,0.9648280143737793,0.067768365,0.9269662921348315,0.9435406698564593,0.9247546346782988
SwinIR + PathologyLoss,BraTS2021_00107,31.73896,0.9673366546630859,0.067592815,0.9388201019664967,0.9332042594385286,0.9131985731272295
SwinIR + PathologyLoss,BraTS2021_00107,31.714582,0.9661064743995667,0.06872734,0.9294781382228491,0.9408553230209281,0.9080188679245284
SwinIR + PathologyLoss,BraTS2021_00107,31.778362,0.9716036319732666,0.06608558,0.9716129032258064,0.9360210341805434,0.9204545454545454
SwinIR + PathologyLoss,BraTS2021_00107,31.807854,0.9728930592536926,0.06757743,0.9715179968701095,0.8727833461835004,0.9343891402714932
SwinIR + PathologyLoss,BraTS2021_00107,31.833118,0.9758186340332031,0.06577354,0.981807336713391,0.9595278246205734,0.947603121516165
SwinIR + PathologyLoss,BraTS2021_00107,31.790094,0.9769431948661804,0.06422021,0.9750930432293158,0.9650690495532088,0.9538131041890441
SwinIR + PathologyLoss,BraTS2021_00107,31.998917,0.9783220291137695,0.06427323,0.9805319440636139,0.9739276703111859,0.9453302961275627
SwinIR + PathologyLoss,BraTS2021_00107,32.06887,0.9773533940315247,0.0651409,0.9641782882143833,0.8782991202346041,0.9490790899241603
SwinIR + PathologyLoss,BraTS2021_00107,31.942745,0.9799991846084595,0.063356265,0.9839007653734495,0.9049079754601227,0.9580022701475596
SwinIR + PathologyLoss,BraTS2021_00107,31.866867,0.9805788397789001,0.06341589,0.9888629888629888,0.9173745173745174,0.9229144667370645
SwinIR + PathologyLoss,BraTS2021_00107,32.228306,0.980991005897522,0.062202793,0.9868319132455461,0.901930501930502,0.9594882729211087
SwinIR + PathologyLoss,BraTS2021_00107,32.121788,0.9815008044242859,0.06111011,0.9908069458631257,0.9164677804295943,0.9395085066162571
SwinIR + PathologyLoss,BraTS2021_00107,32.19722,0.9799895882606506,0.060809,0.9893129770992366,0.919732441471572,0.9537037037037037
SwinIR + PathologyLoss,BraTS2021_00107,32.121624,0.977531909942627,0.06270093,0.9851052901900359,0.8645054031587698,0.9577464788732394
SwinIR + PathologyLoss,BraTS2021_00107,32.379856,0.9789512753486633,0.061729174,0.9910463034024047,0.8528368794326241,0.9501525940996948
SwinIR + PathologyLoss,BraTS2021_00107,32.45718,0.9780385494232178,0.061095733,0.9884704073789393,0.8502879078694817,0.9527991218441273
SwinIR + PathologyLoss,BraTS2021_00107,32.38098,0.9791513085365295,0.060086213,0.9890166028097063,0.8170731707317073,0.9438470728793309
SwinIR + PathologyLoss,BraTS2021_00107,32.409805,0.978111207485199,0.06073388,0.9842580645161291,0.8441558441558441,0.9596977329974811
SwinIR + PathologyLoss,BraTS2021_00107,32.56647,0.976488471031189,0.059249565,0.980473834938818,0.8283499446290143,0.9578947368421052
SwinIR + PathologyLoss,BraTS2021_00107,32.66979,0.9764525294303894,0.059498858,0.9716535433070866,0.8004459308807135,0.9355742296918768
SwinIR + PathologyLoss,BraTS2021_00107,32.74209,0.9750640988349915,0.06109276,0.9519912711402073,0.6040061633281972,0.7066974595842956
SwinIR + PathologyLoss,BraTS2021_00107,32.686115,0.9736894965171814,0.059978545,0.940097449125824,0.4701492537313433,0.6391752577319587
SwinIR + PathologyLoss,BraTS2021_00107,32.6049,0.9744827151298523,0.06243529,0.9543838862559242,0.0,0.0
SwinIR + PathologyLoss,BraTS2021_00107,32.389935,0.977176308631897,0.061264213,0.9700272479564033,0.0,nan
SwinIR + PathologyLoss,BraTS2021_00107,32.425266,0.9754935503005981,0.06302526,0.9705159705159705,0.0,nan
SwinIR + PathologyLoss,BraTS2021_00107,32.587284,0.9730738401412964,0.06196729,0.9540229885057471,0.0,0.0
SwinIR + PathologyLoss,BraTS2021_00107,32.393044,0.9714259505271912,0.06462083,0.9422632794457275,0.0,nan
SwinIR + PathologyLoss,BraTS2021_00107,32.15779,0.9697315692901611,0.065244,0.9332870048644892,0.0,nan
SwinIR + PathologyLoss,BraTS2021_00107,32.113007,0.9650493264198303,0.066786066,0.9264367816091954,nan,nan
SwinIR + PathologyLoss,BraTS2021_00107,32.299324,0.965461015701294,0.06689333,0.9117025771018167,nan,nan
SwinIR + PathologyLoss,BraTS2021_00107,31.99865,0.9657523036003113,0.06839659,0.909007773205304,nan,nan
SwinIR + PathologyLoss,BraTS2021_00107,32.20871,0.9652643799781799,0.07013427,0.8435300487276665,nan,nan
SwinIR + PathologyLoss,BraTS2021_00107,31.93691,0.9661281108856201,0.07075373,0.8773234200743495,nan,nan
SwinIR + PathologyLoss,BraTS2021_00107,31.704645,0.9630594253540039,0.07544706,0.8406881077038145,nan,nan
SwinIR + PathologyLoss,BraTS2021_00107,31.555841,0.9641575217247009,0.07561052,0.7245841035120147,nan,nan
SwinIR + PathologyLoss,BraTS2021_00107,31.302511,0.9642080068588257,0.080822244,0.13870967741935483,nan,nan
SwinIR + PathologyLoss,BraTS2021_00107,31.22648,0.9666378498077393,0.08227528,0.0,nan,nan
SwinIR + PathologyLoss,BraTS2021_00107,30.860615,0.9699982404708862,0.0827384,0.0,nan,nan
SwinIR + PathologyLoss,BraTS2021_00108,30.168236,0.9885908961296082,0.1080501,0.15198237885462554,0.0,nan
SwinIR + PathologyLoss,BraTS2021_00108,30.37961,0.9898691773414612,0.10050754,0.18486916951080773,0.0,0.0
SwinIR + PathologyLoss,BraTS2021_00108,30.517302,0.9894325733184814,0.10110074,0.26260762607626076,0.0,0.0
SwinIR + PathologyLoss,BraTS2021_00108,30.54614,0.9901607036590576,0.095771804,0.30773881499395406,0.0,0.0
SwinIR + PathologyLoss,BraTS2021_00108,30.517874,0.9896996021270752,0.096683085,0.3474503025064823,0.0,0.0
SwinIR + PathologyLoss,BraTS2021_00108,29.800056,0.9885021448135376,0.09819114,0.2880696130066407,0.0,0.0
SwinIR + PathologyLoss,BraTS2021_00108,29.839874,0.9876242280006409,0.10088573,0.32538910505836577,0.0,0.0
SwinIR + PathologyLoss,BraTS2021_00108,29.6424,0.9865098595619202,0.09846144,0.32201914708442125,0.0,0.0
SwinIR + PathologyLoss,BraTS2021_00108,29.694365,0.9872304201126099,0.094063476,0.4313194256299106,0.0,0.0
SwinIR + PathologyLoss,BraTS2021_00108,30.219908,0.9875947833061218,0.08885995,0.47073111488948266,0.0,0.0
SwinIR + PathologyLoss,BraTS2021_00108,30.277534,0.9882192015647888,0.08582139,0.49949031600407745,0.0,nan
SwinIR + PathologyLoss,BraTS2021_00108,30.808758,0.9899477362632751,0.07994798,0.34658073755818114,0.0,0.0
SwinIR + PathologyLoss,BraTS2021_00108,30.850433,0.9898620247840881,0.079685666,0.3725597518700967,0.07712082262210797,0.6666666666666666
SwinIR + PathologyLoss,BraTS2021_00108,31.031607,0.9897937178611755,0.07999584,0.4541813898704358,0.23333333333333334,0.509090909090909
SwinIR + PathologyLoss,BraTS2021_00108,30.636532,0.9898635745048523,0.079004616,0.44470260223048325,0.5314009661835749,0.6794871794871795
SwinIR + PathologyLoss,BraTS2021_00108,30.489067,0.989190936088562,0.08201503,0.4707938092860709,0.5555555555555556,0.7222222222222222
SwinIR + PathologyLoss,BraTS2021_00108,30.538883,0.9896088242530823,0.08100776,0.4903357070193286,0.30390143737166325,0.696969696969697
SwinIR + PathologyLoss,BraTS2021_00108,30.388096,0.9898475408554077,0.07967039,0.34690022325261893,0.16338028169014085,0.6255144032921811
SwinIR + PathologyLoss,BraTS2021_00108,30.801008,0.9895886778831482,0.07940588,0.5944973000771406,0.5305164319248826,0.8494208494208494
SwinIR + PathologyLoss,BraTS2021_00108,30.131542,0.9888999462127686,0.08263487,0.38809332260659696,0.1753846153846154,0.64
SwinIR + PathologyLoss,BraTS2021_00108,29.848846,0.9872768521308899,0.086511575,0.5036111653328128,0.27134502923976606,0.7851851851851852
SwinIR + PathologyLoss,BraTS2021_00108,29.901207,0.9862310290336609,0.08283343,0.5956437351736036,0.6455696202531646,0.8192771084337349
SwinIR + PathologyLoss,BraTS2021_00108,29.82012,0.9854304194450378,0.08285896,0.540952380952381,0.20518602029312288,0.680327868852459
SwinIR + PathologyLoss,BraTS2021_00108,29.607063,0.9840013384819031,0.08189476,0.4677115987460815,0.09023354564755838,0.5770750988142292
SwinIR + PathologyLoss,BraTS2021_00108,29.346046,0.9836519956588745,0.08098888,0.4585112873703478,0.09057164068299926,0.5951219512195122
SwinIR + PathologyLoss,BraTS2021_00108,29.253754,0.9785038828849792,0.082795046,0.5189057327060463,0.0710868079289132,0.43333333333333335
SwinIR + PathologyLoss,BraTS2021_00108,29.123238,0.9766501188278198,0.084038034,0.6290863369656329,0.136986301369863,0.4875
SwinIR + PathologyLoss,BraTS2021_00108,29.299961,0.9754073023796082,0.081025526,0.4898660254208176,0.1148036253776435,0.5410628019323671
SwinIR + PathologyLoss,BraTS2021_00108,29.415348,0.9742524027824402,0.08082231,0.5246205109218808,0.23788546255506607,0.452991452991453
SwinIR + PathologyLoss,BraTS2021_00108,29.550049,0.9741252064704895,0.078314796,0.5453840186190846,0.17280453257790368,0.3591549295774648
SwinIR + PathologyLoss,BraTS2021_00108,29.737537,0.9760420918464661,0.074848115,0.4709066305818674,0.12620320855614972,0.3952569169960474
SwinIR + PathologyLoss,BraTS2021_00108,29.972492,0.9744146466255188,0.07291249,0.4615120864049374,0.12544802867383512,0.35359116022099446
SwinIR + PathologyLoss,BraTS2021_00108,30.201054,0.9752243757247925,0.07262442,0.5744768157570784,0.13400758533501897,0.43243243243243246
SwinIR + PathologyLoss,BraTS2021_00108,30.167465,0.9725975394248962,0.0722265,0.6185993111366246,0.05084745762711865,0.1927710843373494
SwinIR + PathologyLoss,BraTS2021_00108,30.246984,0.9764332175254822,0.0702545,0.45097722500403814,0.024742268041237112,0.01904761904761905
SwinIR + PathologyLoss,BraTS2021_00108,30.558613,0.9721706509590149,0.0707007,0.688048108243548,0.0,0.0
SwinIR + PathologyLoss,BraTS2021_00108,30.555468,0.9760185480117798,0.070316575,0.7110998479472884,0.0,0.0
SwinIR + PathologyLoss,BraTS2021_00108,30.447762,0.974563717842102,0.070234306,0.6859116703676289,0.0,0.0
SwinIR + PathologyLoss,BraTS2021_00108,30.28054,0.9766859412193298,0.06931794,0.6360829289810322,0.0,0.0
SwinIR + PathologyLoss,BraTS2021_00108,30.364403,0.9705183506011963,0.071214296,0.7450771687067589,0.0,0.0
SwinIR + PathologyLoss,BraTS2021_00108,30.53151,0.9705827236175537,0.071624,0.7699827487061529,0.0,0.0
SwinIR + PathologyLoss,BraTS2021_00108,30.409052,0.9734907150268555,0.0722553,0.6723449560819803,0.0,0.0
SwinIR + PathologyLoss,BraTS2021_00108,30.418365,0.9725105166435242,0.07233955,0.5596280087527352,0.0,0.0
SwinIR + PathologyLoss,BraTS2021_00108,30.328732,0.9748743176460266,0.07225292,0.4330232558139535,0.0,0.0
SwinIR + PathologyLoss,BraTS2021_00108,30.471672,0.975921094417572,0.072582886,0.5754231052244297,0.0,nan
SwinIR + PathologyLoss,BraTS2021_00108,30.45087,0.9716305732727051,0.0745079,0.7072243346007605,0.0,nan
SwinIR + PathologyLoss,BraTS2021_00108,30.57627,0.9743574261665344,0.072042376,0.6610831937465104,0.0,0.0
SwinIR + PathologyLoss,BraTS2021_00108,30.605194,0.9756901860237122,0.07110507,0.421518054532056,0.0,0.0
SwinIR + PathologyLoss,BraTS2021_00108,30.69813,0.9776116013526917,0.06919548,0.29811536264991434,0.0,0.0
SwinIR + PathologyLoss,BraTS2021_00108,30.745102,0.9804567694664001,0.068718426,0.1465291673079883,0.0,0.0
SwinIR + PathologyLoss,BraTS2021_00108,30.828564,0.9799996614456177,0.069414586,0.20351758793969849,0.0,0.0
SwinIR + PathologyLoss,BraTS2021_00108,30.82324,0.9803057909011841,0.06932615,0.29073756432247,0.0,0.0
SwinIR + PathologyLoss,BraTS2021_00108,30.929382,0.9813445210456848,0.06783437,0.1686010995723885,0.0,nan
SwinIR + PathologyLoss,BraTS2021_00108,31.12328,0.9835786819458008,0.06612685,0.12006319115323855,0.0,nan
SwinIR + PathologyLoss,BraTS2021_00108,31.182444,0.9811006784439087,0.06678821,0.22113502935420742,nan,nan
SwinIR + PathologyLoss,BraTS2021_00108,31.351517,0.9818611741065979,0.06573137,0.07914572864321608,0.0,0.0
SwinIR + PathologyLoss,BraTS2021_00110,29.823574,0.9771489500999451,0.070273735,0.3157894736842105,nan,nan
SwinIR + PathologyLoss,BraTS2021_00110,29.899004,0.9779312014579773,0.06998014,0.549686660698299,nan,nan
SwinIR + PathologyLoss,BraTS2021_00110,29.902924,0.9800581932067871,0.07015013,0.6109550561797753,nan,nan
SwinIR + PathologyLoss,BraTS2021_00110,29.92243,0.9813362956047058,0.06917414,0.702557200538358,nan,nan
SwinIR + PathologyLoss,BraTS2021_00110,30.159979,0.9824165105819702,0.068303496,0.7401869158878505,nan,nan
SwinIR + PathologyLoss,BraTS2021_00110,30.378065,0.9839830994606018,0.066167906,0.7074468085106383,nan,nan
SwinIR + PathologyLoss,BraTS2021_00110,30.226612,0.9837671518325806,0.06592065,0.760806916426513,nan,nan
SwinIR + PathologyLoss,BraTS2021_00110,30.347082,0.986148476600647,0.06394195,0.7759519038076153,0.0,nan
SwinIR + PathologyLoss,BraTS2021_00110,30.681389,0.986985445022583,0.06269352,0.8470066518847007,nan,nan
SwinIR + PathologyLoss,BraTS2021_00110,30.73352,0.9876190423965454,0.061834842,0.8019292604501608,0.0,nan
SwinIR + PathologyLoss,BraTS2021_00110,30.978573,0.987793505191803,0.059994183,0.846129541864139,nan,nan
SwinIR + PathologyLoss,BraTS2021_00110,30.883047,0.9879248142242432,0.059458412,0.8527088036117382,0.0,nan
SwinIR + PathologyLoss,BraTS2021_00110,31.181795,0.9867914915084839,0.05913554,0.8819776714513556,nan,nan
SwinIR + PathologyLoss,BraTS2021_00110,30.766268,0.9872651696205139,0.05833344,0.8380181038589805,0.0,0.0
SwinIR + PathologyLoss,BraTS2021_00110,30.887335,0.9861041903495789,0.05842285,0.844179651695692,0.0,0.0
SwinIR + PathologyLoss,BraTS2021_00110,30.852652,0.9850401878356934,0.059544962,0.8504347826086956,0.4406779661016949,0.48148148148148145
SwinIR + PathologyLoss,BraTS2021_00110,30.536655,0.9849861264228821,0.059664883,0.8270887597675817,0.7724137931034483,0.7943262411347518
SwinIR + PathologyLoss,BraTS2021_00110,30.516785,0.9843127727508545,0.059999302,0.8258801141769743,0.8608695652173913,0.8646288209606987
SwinIR + PathologyLoss,BraTS2021_00110,30.671453,0.9838370680809021,0.060955808,0.8583836858006042,0.8856304985337243,0.9235474006116208
SwinIR + PathologyLoss,BraTS2021_00110,30.025587,0.9848672151565552,0.062372833,0.8095881161377447,0.8866995073891626,0.9035532994923858
SwinIR + PathologyLoss,BraTS2021_00110,30.3034,0.9845254421234131,0.062398553,0.8585616438356164,0.9039301310043668,0.9345372460496614
SwinIR + PathologyLoss,BraTS2021_00110,30.645906,0.9848117828369141,0.060003974,0.8953367875647669,0.9264413518886679,0.9508196721311475
SwinIR + PathologyLoss,BraTS2021_00110,30.31478,0.9855490922927856,0.060398452,0.8595068137573004,0.8933823529411765,0.9184060721062619
SwinIR + PathologyLoss,BraTS2021_00110,30.403282,0.9868590235710144,0.06030758,0.9052028961104563,0.9029126213592233,0.9251247920133111
SwinIR + PathologyLoss,BraTS2021_00110,30.396814,0.9865891337394714,0.06104241,0.9136884693189481,0.8819133034379671,0.8966565349544073
SwinIR + PathologyLoss,BraTS2021_00110,30.02105,0.98606938123703,0.06325547,0.8865744507729861,0.8617449664429531,0.8879668049792531
SwinIR + PathologyLoss,BraTS2021_00110,30.096998,0.985584557056427,0.06362482,0.9077800134138162,0.8804733727810651,0.905982905982906
SwinIR + PathologyLoss,BraTS2021_00110,30.126133,0.985265851020813,0.06470559,0.9105718649244867,0.8606741573033708,0.8896631823461092
SwinIR + PathologyLoss,BraTS2021_00110,29.965391,0.9847803711891174,0.06656837,0.9225974025974026,0.8868312757201646,0.9176470588235294
SwinIR + PathologyLoss,BraTS2021_00110,29.714832,0.9856724739074707,0.06782975,0.9088082901554404,0.905284147557328,0.9237029501525941
SwinIR + PathologyLoss,BraTS2021_00110,29.798695,0.9868111610412598,0.06727426,0.8961175236096537,0.9124157844080847,0.9265426052889324
SwinIR + PathologyLoss,BraTS2021_00110,29.511621,0.9865102767944336,0.068600185,0.8932352413421856,0.9294225481209899,0.9441340782122905
SwinIR + PathologyLoss,BraTS2021_00110,29.635592,0.9868987798690796,0.07039658,0.8962176262343954,0.9011786038077969,0.9152854511970534
SwinIR + PathologyLoss,BraTS2021_00110,29.491785,0.987000584602356,0.07047836,0.8817365269461078,0.9281961471103327,0.9422222222222222
SwinIR + PathologyLoss,BraTS2021_00110,28.969463,0.9856626391410828,0.076310575,0.8946153846153846,0.9223985890652557,0.9339285714285714
SwinIR + PathologyLoss,BraTS2021_00110,28.691044,0.9852460622787476,0.07842014,0.8795227097767514,0.9225413402959095,0.9347442680776014
SwinIR + PathologyLoss,BraTS2021_00110,28.814648,0.9867128133773804,0.07863771,0.8794241151769646,0.9258312020460358,0.9427083333333334
SwinIR + PathologyLoss,BraTS2021_00110,29.382862,0.9872385263442993,0.077523254,0.894202285230639,0.93,0.9325463743676222
SwinIR + PathologyLoss,BraTS2021_00110,29.408157,0.9881541728973389,0.07872971,0.8795493934142115,0.9243557772236076,0.9241261722080136
SwinIR + PathologyLoss,BraTS2021_00110,29.197754,0.9886643290519714,0.07928326,0.8551631649530621,0.929159802306425,0.9399830938292477
SwinIR + PathologyLoss,BraTS2021_00110,29.005157,0.988277792930603,0.08402888,0.8442565186751233,0.9199009083402147,0.9504273504273504
SwinIR + PathologyLoss,BraTS2021_00110,29.369013,0.9897019863128662,0.081463315,0.8471445929526124,0.9332191780821918,0.9493006993006993
SwinIR + PathologyLoss,BraTS2021_00110,29.374578,0.9900517463684082,0.083876476,0.8455120101137801,0.925,0.9461187214611873
SwinIR + PathologyLoss,BraTS2021_00110,29.530046,0.990908682346344,0.08233479,0.8283148441627047,0.9103182256509161,0.9226248775710089
SwinIR + PathologyLoss,BraTS2021_00110,29.413277,0.9903242588043213,0.08912788,0.8423502036067481,0.8918640576725025,0.9106203995793901
SwinIR + PathologyLoss,BraTS2021_00110,29.933788,0.9910191297531128,0.088112526,0.8633663366336634,0.875725900116144,0.8888888888888888
SwinIR + PathologyLoss,BraTS2021_00110,29.857977,0.9915784597396851,0.08972724,0.8295414770738537,0.7931526390870185,0.8116788321167884
SwinIR + PathologyLoss,BraTS2021_00110,30.220898,0.9918138384819031,0.09045119,0.8007619047619048,0.8325041459369817,0.8465430016863407
SwinIR + PathologyLoss,BraTS2021_00110,30.059174,0.9909619688987732,0.09917883,0.8103201146679407,0.6440677966101694,0.6589595375722543
SwinIR + PathologyLoss,BraTS2021_00110,30.380518,0.9917492270469666,0.096869834,0.7554630593132154,0.7411764705882353,0.8038585209003215
SwinIR + PathologyLoss,BraTS2021_00110,30.59306,0.991436779499054,0.10342718,0.746875,0.12612612612612611,0.13333333333333333
SwinIR + PathologyLoss,BraTS2021_00110,30.587822,0.9908215999603271,0.10994446,0.6266447368421053,0.0,0.0
SwinIR + PathologyLoss,BraTS2021_00110,31.048525,0.9898967742919922,0.12111396,0.6839506172839506,0.0,0.0
SwinIR + PathologyLoss,BraTS2021_00110,31.57605,0.990464448928833,0.12051781,0.6741573033707865,nan,nan
SwinIR + PathologyLoss,BraTS2021_00110,32.211823,0.9887992143630981,0.13536221,0.6388888888888888,nan,nan
SwinIR + PathologyLoss,BraTS2021_00110,32.36142,0.9854919910430908,0.15759623,0.2903225806451613,nan,nan
SwinIR + PathologyLoss,BraTS2021_00117,28.535599,0.9558221101760864,0.10881384,0.0,nan,nan
SwinIR + PathologyLoss,BraTS2021_00117,28.99586,0.9576192498207092,0.10346593,0.0,nan,nan
SwinIR + PathologyLoss,BraTS2021_00117,29.376217,0.9657399654388428,0.09601989,0.006191950464396285,nan,nan
SwinIR + PathologyLoss,BraTS2021_00117,29.667082,0.9636062979698181,0.096368626,0.12332439678284182,nan,nan
SwinIR + PathologyLoss,BraTS2021_00117,29.753942,0.9655455350875854,0.093751356,0.0,nan,nan
SwinIR + PathologyLoss,BraTS2021_00117,29.796047,0.9683216214179993,0.08975865,0.34942528735632183,nan,nan
SwinIR + PathologyLoss,BraTS2021_00117,29.899061,0.9633559584617615,0.09016552,0.16,nan,nan
SwinIR + PathologyLoss,BraTS2021_00117,29.931423,0.9675518274307251,0.089155056,0.1718377088305489,nan,nan
SwinIR + PathologyLoss,BraTS2021_00117,30.008156,0.9685715436935425,0.08812001,0.34541577825159914,nan,nan
SwinIR + PathologyLoss,BraTS2021_00117,30.002506,0.9656591415405273,0.086504675,0.0,nan,nan
SwinIR + PathologyLoss,BraTS2021_00117,30.138805,0.9679187536239624,0.08585655,0.0221606648199446,nan,nan
SwinIR + PathologyLoss,BraTS2021_00117,30.141819,0.9643000364303589,0.08607955,0.2619647355163728,nan,nan
SwinIR + PathologyLoss,BraTS2021_00117,30.102741,0.9647000432014465,0.086823866,0.0,0.0,0.0
SwinIR + PathologyLoss,BraTS2021_00117,30.090351,0.9659979343414307,0.08707272,0.0,0.0,0.0
SwinIR + PathologyLoss,BraTS2021_00117,30.266842,0.9691066741943359,0.084881335,0.0,0.0,0.0
SwinIR + PathologyLoss,BraTS2021_00117,30.030878,0.9700478911399841,0.08379937,0.0,0.0,0.0
SwinIR + PathologyLoss,BraTS2021_00117,30.06297,0.969993531703949,0.0859938,0.0,0.0,0.0
SwinIR + PathologyLoss,BraTS2021_00117,30.148758,0.9727770686149597,0.084687814,0.0,0.0,0.0
SwinIR + PathologyLoss,BraTS2021_00117,30.302208,0.9758979678153992,0.0818192,0.0,0.0,0.0
SwinIR + PathologyLoss,BraTS2021_00117,30.286018,0.97465980052948,0.083440125,0.016498625114573784,0.0,0.0
SwinIR + PathologyLoss,BraTS2021_00117,30.358864,0.9753503203392029,0.082749516,0.14469453376205788,0.0,0.0
SwinIR + PathologyLoss,BraTS2021_00117,30.50538,0.9763138890266418,0.08240727,0.0227088402270884,0.0,0.0
SwinIR + PathologyLoss,BraTS2021_00117,30.34033,0.9781022071838379,0.07977419,0.055900621118012424,0.0,0.0
SwinIR + PathologyLoss,BraTS2021_00117,30.680466,0.9809867143630981,0.0762964,0.07014925373134329,0.0,0.0
SwinIR + PathologyLoss,BraTS2021_00117,30.984283,0.9819455742835999,0.07524216,0.1943874058863792,0.0,0.0
SwinIR + PathologyLoss,BraTS2021_00117,31.120724,0.9827001094818115,0.07491754,0.19796610169491524,0.0,0.0
SwinIR + PathologyLoss,BraTS2021_00117,31.095078,0.9829152226448059,0.07374139,0.1813368630046327,0.0,0.0
SwinIR + PathologyLoss,BraTS2021_00117,31.195591,0.9818454384803772,0.07270483,0.23173803526448364,0.0,0.0
SwinIR + PathologyLoss,BraTS2021_00117,31.196043,0.9817612171173096,0.07291275,0.39811419591409114,0.042105263157894736,0.0966183574879227
SwinIR + PathologyLoss,BraTS2021_00117,31.070454,0.9838113188743591,0.07125719,0.6132994493858535,0.48923076923076925,0.6490765171503958
SwinIR + PathologyLoss,BraTS2021_00117,31.210756,0.9822230935096741,0.0732007,0.5698129621574598,0.43585780525502316,0.6742209631728046
SwinIR + PathologyLoss,BraTS2021_00117,30.986675,0.9801441431045532,0.07355718,0.4105515587529976,0.17482517482517482,0.3448275862068966
SwinIR + PathologyLoss,BraTS2021_00117,30.664425,0.9804648756980896,0.07323569,0.5216240070609003,0.43609022556390975,0.6610644257703081
SwinIR + PathologyLoss,BraTS2021_00117,30.784843,0.9799081087112427,0.07263445,0.7298892988929889,0.5772357723577236,0.7360774818401937
SwinIR + PathologyLoss,BraTS2021_00117,30.808622,0.9761513471603394,0.07518487,0.8402095612311722,0.7568756875687569,0.6382189239332097
SwinIR + PathologyLoss,BraTS2021_00117,30.86587,0.9751225113868713,0.075457565,0.7777403035413153,0.635036496350365,0.639344262295082
SwinIR + PathologyLoss,BraTS2021_00117,30.564007,0.9761509299278259,0.07487714,0.9342898134863702,0.6731470230862697,0.68389662027833
SwinIR + PathologyLoss,BraTS2021_00117,30.671406,0.972235381603241,0.07578285,0.8921368021046477,0.7027027027027027,0.8008213552361396
SwinIR + PathologyLoss,BraTS2021_00117,30.566147,0.9726020693778992,0.076072134,0.8894282632146709,0.7144948755490483,0.7164835164835165
SwinIR + PathologyLoss,BraTS2021_00117,30.40586,0.972422182559967,0.07826748,0.8949579831932774,0.4827586206896552,0.6015037593984962
SwinIR + PathologyLoss,BraTS2021_00117,30.408604,0.9652676582336426,0.08210402,0.8910526315789473,0.20105820105820105,0.40217391304347827
SwinIR + PathologyLoss,BraTS2021_00117,30.5397,0.9722357988357544,0.077192865,0.8985433171479683,0.5730337078651685,0.37209302325581395
SwinIR + PathologyLoss,BraTS2021_00117,30.701105,0.9675431847572327,0.07837727,0.8838637632607482,0.30538922155688625,0.5032258064516129
SwinIR + PathologyLoss,BraTS2021_00117,30.553286,0.9678532481193542,0.07808861,0.9063609063609064,0.45977011494252873,0.4738955823293173
SwinIR + PathologyLoss,BraTS2021_00117,30.429466,0.9673943519592285,0.08120578,0.8656542056074766,0.35,0.4666666666666667
SwinIR + PathologyLoss,BraTS2021_00117,30.195404,0.9723911285400391,0.079555355,0.8575129533678757,0.23868312757201646,0.15
SwinIR + PathologyLoss,BraTS2021_00117,30.18033,0.9726310968399048,0.08055834,0.8742157155661787,0.7699530516431925,0.46206896551724136
SwinIR + PathologyLoss,BraTS2021_00117,30.228693,0.9708347320556641,0.08319821,0.8389339513325609,0.05309734513274336,0.047058823529411764
SwinIR + PathologyLoss,BraTS2021_00117,30.10496,0.9738044142723083,0.08401929,0.8817359855334539,0.43934426229508194,0.5342465753424658
SwinIR + PathologyLoss,BraTS2021_00117,30.102036,0.9715062379837036,0.08645597,0.781630740393627,0.34408602150537637,0.12612612612612611
SwinIR + PathologyLoss,BraTS2021_00117,30.083494,0.9740941524505615,0.08587487,0.7396061269146609,0.10126582278481013,0.13333333333333333
SwinIR + PathologyLoss,BraTS2021_00117,30.140438,0.977410078048706,0.087188765,0.7770549970431697,0.04184100418410042,0.02666666666666667
SwinIR + PathologyLoss,BraTS2021_00117,30.004929,0.9785729050636292,0.087464854,0.7814569536423841,0.143646408839779,0.17647058823529413
SwinIR + PathologyLoss,BraTS2021_00117,29.894756,0.981094241142273,0.08876192,0.6235186873290793,0.0,0.0
SwinIR + PathologyLoss,BraTS2021_00117,29.568287,0.9799279570579529,0.095189646,0.4522760646108664,nan,nan
SwinIR + PathologyLoss,BraTS2021_00117,29.639782,0.9811866879463196,0.09670386,0.5699300699300699,0.0,0.0
SwinIR + PathologyLoss,BraTS2021_00117,30.202513,0.9846343994140625,0.09333971,0.4939467312348668,nan,nan
SwinIR + PathologyLoss,BraTS2021_00117,30.478863,0.9865744113922119,0.09100108,0.0,nan,nan
SwinIR + PathologyLoss,BraTS2021_00118,31.91105,0.9632250666618347,0.08672518,0.6824817518248175,nan,nan
SwinIR + PathologyLoss,BraTS2021_00118,31.843075,0.9657517075538635,0.086909324,0.5442834138486312,nan,nan
SwinIR + PathologyLoss,BraTS2021_00118,31.769745,0.964901864528656,0.085604124,0.7444253859348199,nan,nan
SwinIR + PathologyLoss,BraTS2021_00118,31.932745,0.959976315498352,0.087433994,0.7185840707964601,nan,nan
SwinIR + PathologyLoss,BraTS2021_00118,31.78231,0.9657832384109497,0.08575945,0.7696744952616399,0.0,0.0
SwinIR + PathologyLoss,BraTS2021_00118,31.7529,0.9654978513717651,0.087058045,0.9132633216647219,0.023809523809523808,0.023809523809523808
SwinIR + PathologyLoss,BraTS2021_00118,31.796629,0.9694265723228455,0.08504524,0.9438609199565375,0.06321839080459771,0.07801418439716312
SwinIR + PathologyLoss,BraTS2021_00118,31.80438,0.9728692173957825,0.08247016,0.9687394957983193,0.2651685393258427,0.3033419023136247
SwinIR + PathologyLoss,BraTS2021_00118,31.567175,0.9770368933677673,0.08194078,0.9483188044831881,0.7108433734939759,0.5465116279069767
SwinIR + PathologyLoss,BraTS2021_00118,31.60764,0.9750392436981201,0.082753405,0.9635603345280764,0.6739427012278308,0.5266781411359724
SwinIR + PathologyLoss,BraTS2021_00118,31.727583,0.9766692519187927,0.08107283,0.9737540548510764,0.5647607934655776,0.4262295081967213
SwinIR + PathologyLoss,BraTS2021_00118,31.96829,0.9785516858100891,0.07769207,0.9721071527202431,0.6600985221674877,0.3805436337625179
SwinIR + PathologyLoss,BraTS2021_00118,32.040043,0.9804286956787109,0.07552666,0.9701137265273737,0.8121410992616899,0.42777777777777776
SwinIR + PathologyLoss,BraTS2021_00118,31.993683,0.9812259078025818,0.07539821,0.9645790554414785,0.8706058339566193,0.5395590142671854
SwinIR + PathologyLoss,BraTS2021_00118,31.963892,0.9815387725830078,0.07507357,0.9582704876822524,0.9020436927413672,0.6873385012919897
SwinIR + PathologyLoss,BraTS2021_00118,32.11134,0.9814012050628662,0.07436032,0.952808988764045,0.878479293957909,0.6519480519480519
SwinIR + PathologyLoss,BraTS2021_00118,31.97992,0.982894241809845,0.073339626,0.9565843127848405,0.834419817470665,0.6254458977407847
SwinIR + PathologyLoss,BraTS2021_00118,32.144875,0.981816291809082,0.07203745,0.9445362284635355,0.793036750483559,0.50187265917603
SwinIR + PathologyLoss,BraTS2021_00118,32.278656,0.9833269715309143,0.0694891,0.9329459097004917,0.9029768467475193,0.6080178173719376
SwinIR + PathologyLoss,BraTS2021_00118,32.22947,0.9826187491416931,0.06972342,0.9289450741063644,0.8914223669923995,0.5757575757575758
SwinIR + PathologyLoss,BraTS2021_00118,32.20905,0.9795081615447998,0.07216231,0.9246696035242291,0.9468455042225534,0.8074150360453141
SwinIR + PathologyLoss,BraTS2021_00118,32.25179,0.9813331365585327,0.06956941,0.937029873200086,0.934761441090555,0.760593220338983
SwinIR + PathologyLoss,BraTS2021_00118,32.15599,0.9804674386978149,0.07094583,0.9735849056603774,0.9303219605958674,0.7728674203494348
SwinIR + PathologyLoss,BraTS2021_00118,32.244324,0.9811992049217224,0.06936929,0.9587058322690507,0.9424326833797586,0.7848101265822784
SwinIR + PathologyLoss,BraTS2021_00118,31.82886,0.97944575548172,0.07133743,0.9789495197220519,0.9554655870445344,0.7982062780269058
SwinIR + PathologyLoss,BraTS2021_00118,31.891861,0.9796896576881409,0.070816115,0.9791751735402205,0.94375,0.7647058823529411
SwinIR + PathologyLoss,BraTS2021_00118,32.145123,0.9794973134994507,0.07079416,0.9835076427996782,0.9326193663543061,0.7428057553956835
SwinIR + PathologyLoss,BraTS2021_00118,31.793182,0.9793924689292908,0.070709,0.9814595660749507,0.9341527655838455,0.7969671440606572
SwinIR + PathologyLoss,BraTS2021_00118,31.95473,0.9800835251808167,0.0710564,0.9750584567420109,0.9300699300699301,0.7952622673434856
SwinIR + PathologyLoss,BraTS2021_00118,31.74355,0.9811686277389526,0.07067351,0.9803772147075633,0.9259581881533101,0.7849185946872322
SwinIR + PathologyLoss,BraTS2021_00118,31.854103,0.9819502830505371,0.07160584,0.9755730928222472,0.902555218709398,0.70859167404783
SwinIR + PathologyLoss,BraTS2021_00118,31.64716,0.9816641807556152,0.07052547,0.9720793534166055,0.8978040540540541,0.704412989175687
SwinIR + PathologyLoss,BraTS2021_00118,31.560959,0.9802303910255432,0.07451153,0.9611489596759345,0.906801007556675,0.7190635451505016
SwinIR + PathologyLoss,BraTS2021_00118,31.60836,0.9799935221672058,0.07397856,0.968236582694414,0.8363471971066908,0.5664739884393064
SwinIR + PathologyLoss,BraTS2021_00118,31.24336,0.9815801382064819,0.073001154,0.9781205164992827,0.9278523489932886,0.7547481420313791
SwinIR + PathologyLoss,BraTS2021_00118,31.372944,0.9795582294464111,0.07666162,0.9756185012549301,0.9060869565217391,0.7082630691399663
SwinIR + PathologyLoss,BraTS2021_00118,31.037415,0.981162428855896,0.07683998,0.9717554522702896,0.9242685025817556,0.7140495867768595
SwinIR + PathologyLoss,BraTS2021_00118,30.86427,0.9792883396148682,0.08057456,0.9705409748259239,0.936990998714102,0.7445141065830722
SwinIR + PathologyLoss,BraTS2021_00118,30.72652,0.9796192049980164,0.08175516,0.9589384974000359,0.9539249146757679,0.7559739319333816
SwinIR + PathologyLoss,BraTS2021_00118,30.481033,0.9780088663101196,0.086068824,0.9728260869565217,0.9489751417357174,0.7287784679089027
SwinIR + PathologyLoss,BraTS2021_00118,30.350714,0.9804648756980896,0.084238485,0.950476889214967,0.9585849870578085,0.7807133421400264
SwinIR + PathologyLoss,BraTS2021_00118,29.782661,0.9779909253120422,0.09121236,0.9705663189269746,0.9418502202643172,0.7452830188679245
SwinIR + PathologyLoss,BraTS2021_00118,30.16761,0.9814322590827942,0.085378364,0.9713516631417035,0.9271644525881814,0.8200626959247649
SwinIR + PathologyLoss,BraTS2021_00118,30.459044,0.9800969362258911,0.086952165,0.9311571458464114,0.9298000929800093,0.7853598014888338
SwinIR + PathologyLoss,BraTS2021_00118,30.340155,0.9822224974632263,0.08634567,0.9407378335949764,0.9017509727626459,0.7276264591439688
SwinIR + PathologyLoss,BraTS2021_00118,29.428352,0.9789662957191467,0.09509003,0.955193062151559,0.8774329300368228,0.7309711286089239
SwinIR + PathologyLoss,BraTS2021_00118,29.846373,0.9813739061355591,0.09356814,0.9493618773157678,0.8777219430485762,0.6685552407932012
SwinIR + PathologyLoss,BraTS2021_00118,29.953993,0.9819043278694153,0.09402244,0.9333902647309992,0.9382850901146914,0.8133418858242463
SwinIR + PathologyLoss,BraTS2021_00118,29.716953,0.9839922189712524,0.094785735,0.9350021958717611,0.8786964393482197,0.6627218934911243
SwinIR + PathologyLoss,BraTS2021_00118,29.681969,0.9836263656616211,0.09692081,0.9399010134338911,0.8806064434617814,0.6757575757575758
SwinIR + PathologyLoss,BraTS2021_00118,29.869354,0.9840620160102844,0.095675066,0.9148351648351648,0.9100126742712294,0.737546468401487
SwinIR + PathologyLoss,BraTS2021_00118,29.434519,0.9847795367240906,0.1007375,0.9450492483151892,0.8230088495575221,0.6010544815465729
SwinIR + PathologyLoss,BraTS2021_00118,30.56014,0.9884711503982544,0.0977547,0.9406637613141133,0.786692759295499,0.6550976138828634
SwinIR + PathologyLoss,BraTS2021_00118,30.286112,0.988282322883606,0.09991832,0.8113207547169812,0.7558733401430031,0.7061503416856492
SwinIR + PathologyLoss,BraTS2021_00118,30.624674,0.9896522164344788,0.09668853,0.8278123975073794,0.7715269804822044,0.6103896103896104
SwinIR + PathologyLoss,BraTS2021_00118,30.648462,0.9898382425308228,0.097341456,0.75244589386303,0.5882352941176471,0.6031294452347084
SwinIR + PathologyLoss,BraTS2021_00118,30.377125,0.9893348813056946,0.10170314,0.6948472693613083,0.45629965947786605,0.381651376146789
SwinIR + PathologyLoss,BraTS2021_00118,30.569405,0.9893749356269836,0.10490776,0.6576657665766577,0.3689064558629776,0.32116788321167883
SwinIR + PathologyLoss,BraTS2021_00118,30.786438,0.9898423552513123,0.10358098,0.6124578091439091,0.26019417475728157,0.06825938566552901
SwinIR + PathologyLoss,BraTS2021_00118,30.700064,0.990166187286377,0.10371877,0.5275862068965518,0.11510791366906475,0.041916167664670656
SwinIR + PathologyLoss,BraTS2021_00118,31.047218,0.9899790287017822,0.10839149,0.551347414420976,0.0,0.0
SwinIR + PathologyLoss,BraTS2021_00118,31.406467,0.9908248782157898,0.10548884,0.4334763948497854,0.0,0.0
SwinIR + PathologyLoss,BraTS2021_00118,31.52911,0.990444540977478,0.109748654,0.2651113467656416,0.0,0.0
SwinIR + PathologyLoss,BraTS2021_00118,32.128746,0.9913899302482605,0.10981725,0.2057142857142857,0.0,0.0
SwinIR + PathologyLoss,BraTS2021_00122,31.738913,0.9874311685562134,0.088383436,0.0,0.0,nan
SwinIR + PathologyLoss,BraTS2021_00122,31.785316,0.9885476231575012,0.08511696,0.6102819237147595,0.0,0.0
SwinIR + PathologyLoss,BraTS2021_00122,31.995476,0.9885387420654297,0.08429062,0.6890322580645162,0.0,0.0
SwinIR + PathologyLoss,BraTS2021_00122,31.78003,0.9892106056213379,0.082504116,0.7858627858627859,0.11864406779661017,0.19444444444444445
SwinIR + PathologyLoss,BraTS2021_00122,31.435106,0.9880630970001221,0.0868332,0.8530646515533166,0.3188405797101449,0.5350877192982456
SwinIR + PathologyLoss,BraTS2021_00122,31.26471,0.9872430562973022,0.08970163,0.8539985326485693,0.0410958904109589,0.08530805687203792
SwinIR + PathologyLoss,BraTS2021_00122,30.92599,0.9863600134849548,0.091887474,0.8888888888888888,0.25691056910569104,0.5337837837837838
SwinIR + PathologyLoss,BraTS2021_00122,30.288706,0.9825718402862549,0.09990476,0.8284347231715653,0.29740791268758526,0.5714285714285714
SwinIR + PathologyLoss,BraTS2021_00122,30.301418,0.981543242931366,0.09396876,0.8569562377531026,0.4231678486997636,0.6276346604215457
SwinIR + PathologyLoss,BraTS2021_00122,29.9988,0.9801414608955383,0.09577158,0.9047029702970297,0.5446808510638298,0.6747474747474748
SwinIR + PathologyLoss,BraTS2021_00122,30.14799,0.9798322319984436,0.09114801,0.9016294508147255,0.6917562724014337,0.738944365192582
SwinIR + PathologyLoss,BraTS2021_00122,30.171087,0.9776681661605835,0.09282994,0.9023090586145648,0.7173725151253241,0.744
SwinIR + PathologyLoss,BraTS2021_00122,29.956467,0.9749636650085449,0.094133876,0.9107447413303013,0.8014925373134328,0.7804878048780488
SwinIR + PathologyLoss,BraTS2021_00122,30.088245,0.9747751355171204,0.091906965,0.9478123352662098,0.7046153846153846,0.7857988165680473
SwinIR + PathologyLoss,BraTS2021_00122,30.211494,0.9741249084472656,0.08783206,0.9601593625498008,0.8664451827242525,0.8165225744476465
SwinIR + PathologyLoss,BraTS2021_00122,30.133308,0.9734907150268555,0.08659299,0.9601574028529267,0.8008356545961003,0.781563126252505
SwinIR + PathologyLoss,BraTS2021_00122,30.382465,0.9693461656570435,0.08530651,0.942,0.9031847133757962,0.8116938950988822
SwinIR + PathologyLoss,BraTS2021_00122,30.61513,0.9720717668533325,0.08263166,0.9587332053742802,0.8823529411764706,0.8456843940714909
SwinIR + PathologyLoss,BraTS2021_00122,30.865417,0.9731889367103577,0.0801365,0.9501466275659824,0.7620416966211359,0.7956131605184447
SwinIR + PathologyLoss,BraTS2021_00122,30.719006,0.973752498626709,0.07860535,0.9360201511335012,0.8349120433017592,0.8345864661654135
SwinIR + PathologyLoss,BraTS2021_00122,31.29073,0.9736189246177673,0.07540902,0.941717791411043,0.8356997971602435,0.8325074331020813
SwinIR + PathologyLoss,BraTS2021_00122,31.467554,0.9727901816368103,0.074447155,0.940934771443246,0.8244274809160306,0.7972027972027972
SwinIR + PathologyLoss,BraTS2021_00122,31.558891,0.9729315638542175,0.07383014,0.9448169159360496,0.7931769722814499,0.7452229299363057
SwinIR + PathologyLoss,BraTS2021_00122,31.5781,0.9702437520027161,0.07522616,0.9163952225841476,0.7106283941039565,0.6641123882503193
SwinIR + PathologyLoss,BraTS2021_00122,31.568687,0.9718299508094788,0.075952284,0.9316286826014453,0.6458684654300169,0.6134969325153374
SwinIR + PathologyLoss,BraTS2021_00122,31.539463,0.9714324474334717,0.075065754,0.9261430246189918,0.6442721791559001,0.6645367412140575
SwinIR + PathologyLoss,BraTS2021_00122,31.55008,0.9731060862541199,0.07345897,0.9469290399522957,0.5910780669144982,0.6150943396226415
SwinIR + PathologyLoss,BraTS2021_00122,31.682915,0.9719107151031494,0.07335971,0.9453125,0.6357894736842106,0.7100591715976331
SwinIR + PathologyLoss,BraTS2021_00122,31.564672,0.9717388153076172,0.07359048,0.9648774022531478,0.6185567010309279,0.6707317073170732
SwinIR + PathologyLoss,BraTS2021_00122,31.739376,0.9755226373672485,0.071346894,0.9695740365111561,0.49725274725274726,0.6733668341708543
SwinIR + PathologyLoss,BraTS2021_00122,31.337055,0.9727434515953064,0.07586643,0.9527220630372493,0.5549295774647888,0.8114558472553699
SwinIR + PathologyLoss,BraTS2021_00122,31.452951,0.9758607745170593,0.07369551,0.93353705118411,0.46638655462184875,0.6818181818181818
SwinIR + PathologyLoss,BraTS2021_00122,31.501728,0.9783792495727539,0.07274739,0.9308681672025724,0.5309278350515464,0.696551724137931
SwinIR + PathologyLoss,BraTS2021_00122,31.780636,0.9787534475326538,0.07202842,0.9237079573420837,0.7303370786516854,0.782608695652174
SwinIR + PathologyLoss,BraTS2021_00122,31.678772,0.9767404198646545,0.07420091,0.8936970837253058,0.7961783439490446,0.8296296296296296
SwinIR + PathologyLoss,BraTS2021_00122,31.86309,0.979099452495575,0.070285454,0.8601036269430051,0.8,0.8326180257510729
SwinIR + PathologyLoss,BraTS2021_00122,32.054867,0.9788505434989929,0.07063692,0.8994708994708994,0.803921568627451,0.8604651162790697
SwinIR + PathologyLoss,BraTS2021_00122,32.094692,0.979977011680603,0.069306366,0.9128440366972477,0.7831325301204819,0.8955223880597015
SwinIR + PathologyLoss,BraTS2021_00122,32.179302,0.9791820049285889,0.06896972,0.8880688806888068,0.6833333333333333,0.6575342465753424
SwinIR + PathologyLoss,BraTS2021_00122,32.25224,0.9794957637786865,0.069505,0.9145860709592641,0.3157894736842105,0.5217391304347826
SwinIR + PathologyLoss,BraTS2021_00122,32.305874,0.9818881750106812,0.06788406,0.8805970149253731,0.0,0.0
SwinIR + PathologyLoss,BraTS2021_00122,32.531216,0.9832409024238586,0.06467345,0.8433333333333334,0.0,0.0
SwinIR + PathologyLoss,BraTS2021_00122,32.50891,0.9823259711265564,0.06598285,0.6574074074074074,0.0,0.0
SwinIR + PathologyLoss,BraTS2021_00122,32.345566,0.9810011982917786,0.06753128,0.7638190954773869,nan,nan
SwinIR + PathologyLoss,BraTS2021_00124,31.28432,0.9903860092163086,0.098051816,0.0,nan,nan
SwinIR + PathologyLoss,BraTS2021_00124,30.89627,0.9903642535209656,0.09621143,0.0,nan,nan
SwinIR + PathologyLoss,BraTS2021_00124,31.22566,0.9904198050498962,0.09374546,0.215962441314554,0.5581395348837209,0.0
SwinIR + PathologyLoss,BraTS2021_00124,31.283876,0.9906975030899048,0.09021433,0.4759556103575832,0.47058823529411764,0.0
SwinIR + PathologyLoss,BraTS2021_00124,31.31901,0.9904671907424927,0.08926355,0.5790010193679919,0.5808383233532934,0.0
SwinIR + PathologyLoss,BraTS2021_00124,30.813654,0.9900032877922058,0.08837235,0.6435070306038048,0.8603174603174604,0.03908794788273615
SwinIR + PathologyLoss,BraTS2021_00124,31.322882,0.9908995628356934,0.08268023,0.6765746638358103,0.31827956989247314,0.20689655172413793
SwinIR + PathologyLoss,BraTS2021_00124,31.716648,0.9917218089103699,0.07701946,0.6825,0.7279411764705882,0.44954128440366975
SwinIR + PathologyLoss,BraTS2021_00124,31.843311,0.9919611811637878,0.07524232,0.6952112676056338,0.6555819477434679,0.4109014675052411
SwinIR + PathologyLoss,BraTS2021_00124,31.1991,0.9910936951637268,0.07742952,0.7646778042959427,0.9104579630895421,0.4738878143133462
SwinIR + PathologyLoss,BraTS2021_00124,31.689877,0.9927513599395752,0.07008169,0.7586206896551724,0.821882951653944,0.45674740484429066
SwinIR + PathologyLoss,BraTS2021_00124,31.51803,0.9924590587615967,0.07126398,0.8116672668347137,0.7538829151732378,0.43415802075019955
SwinIR + PathologyLoss,BraTS2021_00124,31.78459,0.992838442325592,0.06924497,0.7934744880249913,0.8770532603285216,0.5038705137227305
SwinIR + PathologyLoss,BraTS2021_00124,31.380146,0.992588996887207,0.07023304,0.8175230566534915,0.8740808823529411,0.5217391304347826
SwinIR + PathologyLoss,BraTS2021_00124,31.069736,0.9927000403404236,0.069942,0.8635809987819733,0.9324424647364514,0.4956043956043956
SwinIR + PathologyLoss,BraTS2021_00124,31.302546,0.9930360913276672,0.067812845,0.8628472222222222,0.9062836624775583,0.5651237890204521
SwinIR + PathologyLoss,BraTS2021_00124,30.683954,0.9923338890075684,0.07102182,0.8562055768179333,0.9621010638297872,0.5634066448291998
SwinIR + PathologyLoss,BraTS2021_00124,30.598795,0.9920729398727417,0.07077659,0.860818111654232,0.8945454545454545,0.525
SwinIR + PathologyLoss,BraTS2021_00124,30.089993,0.9912428259849548,0.073047385,0.9,0.952354260089686,0.5459501557632399
SwinIR + PathologyLoss,BraTS2021_00124,29.551115,0.9899695515632629,0.07475687,0.9120147025040202,0.951362907536077,0.5768528660094925
SwinIR + PathologyLoss,BraTS2021_00124,28.96797,0.9886847734451294,0.0778679,0.9191225348991802,0.9680412371134021,0.5804274465691789
SwinIR + PathologyLoss,BraTS2021_00124,29.484337,0.9890815615653992,0.07412628,0.9057986635050658,0.9659318637274549,0.5591007976794778
SwinIR + PathologyLoss,BraTS2021_00124,29.890148,0.9898297190666199,0.07053785,0.8872590108968986,0.9714143673875217,0.5461393596986818
SwinIR + PathologyLoss,BraTS2021_00124,29.456795,0.9887141585350037,0.0729596,0.8786952089704383,0.9828489757027156,0.5348997926744989
SwinIR + PathologyLoss,BraTS2021_00124,29.42497,0.9891966581344604,0.0711407,0.8797759551910382,0.96,0.5138539042821159
SwinIR + PathologyLoss,BraTS2021_00124,29.830935,0.9892101287841797,0.06837174,0.8848177743129995,0.9748470428280082,0.5275304978569073
SwinIR + PathologyLoss,BraTS2021_00124,29.771801,0.9890066385269165,0.06844958,0.8744309559939302,0.9770754507010906,0.5183501136732706
SwinIR + PathologyLoss,BraTS2021_00124,29.685593,0.9886049032211304,0.06814745,0.8642066420664206,0.9780412823891085,0.5109298531810766
SwinIR + PathologyLoss,BraTS2021_00124,29.269667,0.9877864718437195,0.069546774,0.8557553956834533,0.9763135228251507,0.5199746353836399
SwinIR + PathologyLoss,BraTS2021_00124,29.379856,0.9867679476737976,0.06904593,0.8562367864693446,0.9788404570461278,0.5130298273155416
SwinIR + PathologyLoss,BraTS2021_00124,29.605633,0.9872533679008484,0.06720807,0.8479214172952114,0.9566716964863117,0.4892926670992862
SwinIR + PathologyLoss,BraTS2021_00124,29.388927,0.9860928058624268,0.06854139,0.8642745709828393,0.9844644317252658,0.49734457981880664
SwinIR + PathologyLoss,BraTS2021_00124,30.141521,0.9882447719573975,0.062624164,0.8853203002269157,0.9707386944956006,0.5026143790849673
SwinIR + PathologyLoss,BraTS2021_00124,29.792984,0.9871945977210999,0.06507353,0.8934081346423562,0.9584352078239609,0.45730372223959964
SwinIR + PathologyLoss,BraTS2021_00124,30.51474,0.9885385632514954,0.060941417,0.920236851271334,0.9793156775565436,0.47572254335260117
SwinIR + PathologyLoss,BraTS2021_00124,30.737968,0.9892144799232483,0.059131477,0.9248736273313578,0.9811610918877355,0.4830805134189031
SwinIR + PathologyLoss,BraTS2021_00124,30.82222,0.9889593124389648,0.05935501,0.9282448118185016,0.9775628626692456,0.48129892722528267
SwinIR + PathologyLoss,BraTS2021_00124,30.638618,0.9890962839126587,0.059360325,0.9374563242487771,0.9825426944971537,0.48493462194428655
SwinIR + PathologyLoss,BraTS2021_00124,30.850449,0.9898534417152405,0.05780095,0.934273127753304,0.9513833992094861,0.4612568639414277
SwinIR + PathologyLoss,BraTS2021_00124,31.057133,0.9900546073913574,0.056101102,0.9369337360099484,0.9798136645962733,0.4683619160260201
SwinIR + PathologyLoss,BraTS2021_00124,31.142464,0.9904139041900635,0.055083502,0.9464888888888889,0.9838523644752019,0.48642266824085006
SwinIR + PathologyLoss,BraTS2021_00124,30.224703,0.9881611466407776,0.06155384,0.9436063218390804,0.9741871921182266,0.46750149075730474
SwinIR + PathologyLoss,BraTS2021_00124,30.952406,0.9896292686462402,0.05817418,0.9497105643994211,0.984182776801406,0.5139664804469274
SwinIR + PathologyLoss,BraTS2021_00124,30.55351,0.9888623952865601,0.060224358,0.9544460641399417,0.9864626250735727,0.5022368028631077
SwinIR + PathologyLoss,BraTS2021_00124,30.854565,0.9889289140701294,0.05972072,0.9468813622061818,0.9845350471982326,0.5048134777376655
SwinIR + PathologyLoss,BraTS2021_00124,31.596947,0.9903355240821838,0.055809125,0.9501390176088971,0.9576480263157895,0.5143415906127771
SwinIR + PathologyLoss,BraTS2021_00124,30.845316,0.9891535639762878,0.059323486,0.9478833490122296,0.9692691029900332,0.4852108244178729
SwinIR + PathologyLoss,BraTS2021_00124,31.103088,0.9894150495529175,0.05812351,0.9377289377289377,0.9497354497354498,0.4642735042735043
SwinIR + PathologyLoss,BraTS2021_00124,31.396553,0.9889984726905823,0.058180764,0.9351669941060904,0.9438899977822134,0.45161290322580644
SwinIR + PathologyLoss,BraTS2021_00124,31.744568,0.9892187118530273,0.0574172,0.9249598715890851,0.9359676267555344,0.4239877769289534
SwinIR + PathologyLoss,BraTS2021_00124,31.699009,0.9887621402740479,0.058693275,0.9114862083161795,0.937592867756315,0.43148450244698205
SwinIR + PathologyLoss,BraTS2021_00124,32.089966,0.9894645810127258,0.0563944,0.9046917736166632,0.9285333333333333,0.36971046770601335
SwinIR + PathologyLoss,BraTS2021_00124,31.966093,0.9893503785133362,0.056488395,0.8860704132954297,0.8269776236999685,0.3369752731454859
SwinIR + PathologyLoss,BraTS2021_00124,31.915619,0.9871476292610168,0.059455503,0.8556915262064189,0.9094827586206896,0.18877818563188253
SwinIR + PathologyLoss,BraTS2021_00124,32.310223,0.9876683354377747,0.05783715,0.8315968015507633,0.8798646362098139,0.147239263803681
SwinIR + PathologyLoss,BraTS2021_00124,32.52604,0.9879223704338074,0.057681233,0.8372445117335352,0.8009535160905841,0.11027568922305764
SwinIR + PathologyLoss,BraTS2021_00124,32.27924,0.9871878623962402,0.05839269,0.8480251111692388,0.8298787641767696,0.06677018633540373
SwinIR + PathologyLoss,BraTS2021_00124,32.531025,0.984964907169342,0.060682286,0.8155230596175478,0.8213535098781001,0.01854714064914992
SwinIR + PathologyLoss,BraTS2021_00124,32.559204,0.9850724935531616,0.061381012,0.8198683423099941,0.6039823008849557,0.0
SwinIR + PathologyLoss,BraTS2021_00124,32.70796,0.9844923615455627,0.061630003,0.7681498829039812,0.6336477987421384,0.0
SwinIR + PathologyLoss,BraTS2021_00124,32.71572,0.9820051789283752,0.064119875,0.7274143302180686,0.7717391304347826,0.0
SwinIR + PathologyLoss,BraTS2021_00124,33.182568,0.9813887476921082,0.061515365,0.7074442863916548,0.6085825747724317,0.0
SwinIR + PathologyLoss,BraTS2021_00124,32.956497,0.9806876182556152,0.06306646,0.7142857142857143,0.5,0.0
SwinIR + PathologyLoss,BraTS2021_00124,32.990223,0.9808123111724854,0.06382774,0.5282051282051282,0.0,0.0
SwinIR + PathologyLoss,BraTS2021_00124,33.1914,0.9796425700187683,0.062362682,0.0,nan,nan
SwinIR + PathologyLoss,BraTS2021_00124,33.2016,0.9813480973243713,0.062803805,0.0,nan,nan
SwinIR + PathologyLoss,BraTS2021_00128,31.554138,0.9915978908538818,0.07765162,0.5025125628140703,nan,nan
SwinIR + PathologyLoss,BraTS2021_00128,31.15074,0.9913800954818726,0.07894779,0.3083264633140973,nan,nan
SwinIR + PathologyLoss,BraTS2021_00128,31.410868,0.9920024871826172,0.07637577,0.3177377892030848,0.0,0.0
SwinIR + PathologyLoss,BraTS2021_00128,31.436205,0.9919167757034302,0.07650446,0.5733788395904437,0.0,0.0
SwinIR + PathologyLoss,BraTS2021_00128,31.21062,0.9915334582328796,0.07786386,0.6469879518072289,0.0,0.0
SwinIR + PathologyLoss,BraTS2021_00128,31.038403,0.990977942943573,0.080071546,0.6400414937759336,0.0,0.0
SwinIR + PathologyLoss,BraTS2021_00128,31.20202,0.9918146729469299,0.07623741,0.6178509532062392,0.0,0.0
SwinIR + PathologyLoss,BraTS2021_00128,31.000404,0.991165280342102,0.078640215,0.7532110091743119,0.0,0.0
SwinIR + PathologyLoss,BraTS2021_00128,30.916431,0.990604043006897,0.0800854,0.8313253012048193,0.0,0.0
SwinIR + PathologyLoss,BraTS2021_00128,30.728157,0.9911404252052307,0.077664554,0.7941176470588235,0.0,0.0
SwinIR + PathologyLoss,BraTS2021_00128,30.888042,0.9909992814064026,0.07728741,0.855781723689909,0.0,0.0
SwinIR + PathologyLoss,BraTS2021_00128,31.032272,0.991378128528595,0.07511789,0.868,0.0,0.0
SwinIR + PathologyLoss,BraTS2021_00128,30.506306,0.990471601486206,0.07873502,0.7587601078167115,0.0,0.0
SwinIR + PathologyLoss,BraTS2021_00128,31.114304,0.9914906620979309,0.07258097,0.8925683480939546,0.0,0.0
SwinIR + PathologyLoss,BraTS2021_00128,30.918213,0.9912261962890625,0.07432197,0.8932626797880394,0.0,0.0
SwinIR + PathologyLoss,BraTS2021_00128,30.95437,0.99092698097229,0.07353387,0.8491103202846975,0.0,0.0
SwinIR + PathologyLoss,BraTS2021_00128,30.673697,0.9904323816299438,0.07382748,0.9117199391171994,0.3013698630136986,0.336734693877551
SwinIR + PathologyLoss,BraTS2021_00128,30.56245,0.9901731014251709,0.07407483,0.8105933623868589,0.11618257261410789,0.13145539906103287
SwinIR + PathologyLoss,BraTS2021_00128,30.243626,0.988793671131134,0.07630389,0.8806078147612156,0.38095238095238093,0.4114285714285714
SwinIR + PathologyLoss,BraTS2021_00128,30.19327,0.9870582818984985,0.07747486,0.8995983935742972,0.5188118811881188,0.5481171548117155
SwinIR + PathologyLoss,BraTS2021_00128,30.305027,0.9877745509147644,0.07518767,0.8817663817663818,0.4206773618538324,0.4252252252252252
SwinIR + PathologyLoss,BraTS2021_00128,30.401863,0.9871991276741028,0.07401584,0.8528486543166724,0.3581081081081081,0.3599320882852292
SwinIR + PathologyLoss,BraTS2021_00128,30.558321,0.9867513179779053,0.07390655,0.8812818645302258,0.514367816091954,0.5211062590975255
SwinIR + PathologyLoss,BraTS2021_00128,30.29027,0.9849039912223816,0.074454196,0.9101040118870728,0.5216216216216216,0.5251700680272109
SwinIR + PathologyLoss,BraTS2021_00128,30.529396,0.9869596362113953,0.07044817,0.8182115951523092,0.5070063694267516,0.5102564102564102
SwinIR + PathologyLoss,BraTS2021_00128,30.43823,0.9852861762046814,0.071201354,0.8448389217619987,0.7033195020746889,0.6914893617021277
SwinIR + PathologyLoss,BraTS2021_00128,30.520668,0.98546302318573,0.07141626,0.8237844533911428,0.517051705170517,0.5382830626450116
SwinIR + PathologyLoss,BraTS2021_00128,30.56122,0.9849963188171387,0.07040106,0.8385167464114832,0.436028659160696,0.4976303317535545
SwinIR + PathologyLoss,BraTS2021_00128,31.04483,0.984963059425354,0.067661464,0.919496855345912,0.748829953198128,0.6720321931589537
SwinIR + PathologyLoss,BraTS2021_00128,30.647678,0.9833135604858398,0.07008928,0.9076968445886169,0.8220338983050848,0.7583025830258303
SwinIR + PathologyLoss,BraTS2021_00128,30.8619,0.9850749373435974,0.06755203,0.8789704271631983,0.7540263543191801,0.7725631768953068
SwinIR + PathologyLoss,BraTS2021_00128,30.692032,0.9834635257720947,0.067092255,0.8854389721627409,0.8214765100671141,0.8216398985629755
SwinIR + PathologyLoss,BraTS2021_00128,31.26275,0.9842203855514526,0.06484421,0.9356886558101021,0.8914919852034525,0.855084067253803
SwinIR + PathologyLoss,BraTS2021_00128,30.997147,0.9841699600219727,0.065409005,0.9110996916752312,0.914655679811654,0.8778625954198473
SwinIR + PathologyLoss,BraTS2021_00128,30.763577,0.9823639392852783,0.06629698,0.9432404540763674,0.8640483383685801,0.8321513002364066
SwinIR + PathologyLoss,BraTS2021_00128,31.34022,0.9838120937347412,0.06437444,0.9583656581329196,0.894828588030215,0.8293436293436294
SwinIR + PathologyLoss,BraTS2021_00128,31.026825,0.985053300857544,0.063809276,0.9352661834541365,0.8035043804755945,0.7682333873581848
SwinIR + PathologyLoss,BraTS2021_00128,31.15575,0.9858990907669067,0.06375821,0.9179524859172178,0.8209876543209876,0.8075117370892019
SwinIR + PathologyLoss,BraTS2021_00128,31.276388,0.9853963255882263,0.0633128,0.9556625285026602,0.7640891218872871,0.6805555555555556
SwinIR + PathologyLoss,BraTS2021_00128,31.318903,0.9853481650352478,0.06399999,0.9607097591888466,0.8395989974937343,0.7634920634920634
SwinIR + PathologyLoss,BraTS2021_00128,31.283148,0.9842506647109985,0.06456644,0.9651310766098243,0.8549520766773163,0.8150375939849624
SwinIR + PathologyLoss,BraTS2021_00128,31.182102,0.9865365028381348,0.06371954,0.9284836569181617,0.7405204460966542,0.7598326359832636
SwinIR + PathologyLoss,BraTS2021_00128,31.281746,0.9861047863960266,0.063044235,0.9539240506329114,0.7327652982184353,0.7320034692107545
SwinIR + PathologyLoss,BraTS2021_00128,31.359522,0.9849758148193359,0.06380529,0.9612522453169104,0.7893536121673004,0.8080321285140563
SwinIR + PathologyLoss,BraTS2021_00128,31.543457,0.9840616583824158,0.06424533,0.9599793441776401,0.8890489913544669,0.877030162412993
SwinIR + PathologyLoss,BraTS2021_00128,31.379652,0.9848644733428955,0.063423276,0.9352444330688507,0.7634854771784232,0.7453083109919572
SwinIR + PathologyLoss,BraTS2021_00128,31.515831,0.9821646213531494,0.064476535,0.953797132235794,0.8141295206055509,0.823943661971831
SwinIR + PathologyLoss,BraTS2021_00128,31.330303,0.9832813739776611,0.0639767,0.9195281782437745,0.8501742160278746,0.844731977818854
SwinIR + PathologyLoss,BraTS2021_00128,31.370659,0.9820923209190369,0.06633703,0.9402279677509036,0.786692759295499,0.7927199191102123
SwinIR + PathologyLoss,BraTS2021_00128,31.515005,0.9813913702964783,0.06664404,0.941073512252042,0.7217194570135747,0.7152941176470589
SwinIR + PathologyLoss,BraTS2021_00128,31.567604,0.9832078814506531,0.06516246,0.8996458087367178,0.7301980198019802,0.7369758576874206
SwinIR + PathologyLoss,BraTS2021_00128,31.517183,0.9822143316268921,0.06598278,0.8851247305204805,0.5929339477726574,0.583732057416268
SwinIR + PathologyLoss,BraTS2021_00128,31.40982,0.9823119640350342,0.06819571,0.8806313712594541,0.6621848739495798,0.686411149825784
SwinIR + PathologyLoss,BraTS2021_00128,31.38814,0.9809360504150391,0.069458224,0.8817354793561931,0.5064377682403434,0.5632458233890215
SwinIR + PathologyLoss,BraTS2021_00128,31.366196,0.9808231592178345,0.07140292,0.8548327820654171,0.4236760124610592,0.43312101910828027
SwinIR + PathologyLoss,BraTS2021_00128,30.6052,0.9808838963508606,0.07457033,0.8023032629558541,0.08294930875576037,0.08450704225352113
SwinIR + PathologyLoss,BraTS2021_00128,30.89853,0.9825964570045471,0.07416838,0.7315658657829329,0.14965986394557823,0.15384615384615385
SwinIR + PathologyLoss,BraTS2021_00128,30.765163,0.9811860918998718,0.07644422,0.6711603273952816,0.0,0.0
SwinIR + PathologyLoss,BraTS2021_00128,31.029942,0.9803709983825684,0.07849272,0.7283866575901974,0.0,0.0
SwinIR + PathologyLoss,BraTS2021_00128,30.846127,0.9827591776847839,0.07763613,0.5811269517990496,nan,nan
SwinIR + PathologyLoss,BraTS2021_00128,30.68726,0.9809315204620361,0.08089037,0.6806167400881057,nan,nan
SwinIR + PathologyLoss,BraTS2021_00128,30.61094,0.9813008904457092,0.08359999,0.5933147632311978,nan,nan
SwinIR + PathologyLoss,BraTS2021_00128,30.165396,0.9802636504173279,0.088114195,0.5719769673704415,nan,nan
SwinIR + PathologyLoss,BraTS2021_00132,30.165756,0.9857238531112671,0.11113935,0.9086161879895561,0.0,0.0
SwinIR + PathologyLoss,BraTS2021_00132,30.108652,0.9859279990196228,0.10828193,0.847457627118644,0.0,0.0
SwinIR + PathologyLoss,BraTS2021_00132,30.07042,0.9856885671615601,0.1050893,0.8005115089514067,0.0,0.0
SwinIR + PathologyLoss,BraTS2021_00132,29.903734,0.985434353351593,0.10368166,0.8484848484848485,0.0,0.0
SwinIR + PathologyLoss,BraTS2021_00132,30.269142,0.9858111143112183,0.09868403,0.8318924111431316,0.0,0.0
SwinIR + PathologyLoss,BraTS2021_00132,30.509195,0.9861672520637512,0.09520831,0.8697711128650355,0.6504347826086957,0.6788321167883211
SwinIR + PathologyLoss,BraTS2021_00132,30.594759,0.9871728420257568,0.09073167,0.9143593045717965,0.8119469026548672,0.8429561200923787
SwinIR + PathologyLoss,BraTS2021_00132,30.713661,0.9871593713760376,0.08976974,0.9494479953515398,0.8527272727272728,0.8865784499054821
SwinIR + PathologyLoss,BraTS2021_00132,30.646532,0.9872767925262451,0.08761224,0.9252243270189432,0.857365549493375,0.8986928104575164
SwinIR + PathologyLoss,BraTS2021_00132,30.666088,0.9869130849838257,0.08863173,0.9332751853467074,0.8918205804749341,0.9144827586206896
SwinIR + PathologyLoss,BraTS2021_00132,30.61958,0.9874669909477234,0.08630011,0.9710558499796168,0.9208381839348079,0.9437652811735942
SwinIR + PathologyLoss,BraTS2021_00132,30.552116,0.9876020550727844,0.08633023,0.9642716921868866,0.9152354570637119,0.8818698673404928
SwinIR + PathologyLoss,BraTS2021_00132,30.191952,0.9866051077842712,0.08967107,0.9562883435582822,0.9135802469135802,0.8670674682698731
SwinIR + PathologyLoss,BraTS2021_00132,29.62585,0.9857738018035889,0.09208144,0.9360318033971811,0.8015963511972634,0.7730061349693251
SwinIR + PathologyLoss,BraTS2021_00132,29.110016,0.9837435483932495,0.09452336,0.9507772020725389,0.7915975677169707,0.8206642066420664
SwinIR + PathologyLoss,BraTS2021_00132,29.235382,0.9825143218040466,0.09366276,0.9573283858998145,0.847682119205298,0.8702702702702703
SwinIR + PathologyLoss,BraTS2021_00132,28.546637,0.9789193272590637,0.09655462,0.963302752293578,0.9305054151624549,0.9178403755868545
SwinIR + PathologyLoss,BraTS2021_00132,28.298195,0.9761459231376648,0.09977599,0.9441970133612785,0.8900999091734787,0.9047619047619048
SwinIR + PathologyLoss,BraTS2021_00132,28.5198,0.9745950698852539,0.09345935,0.9504950495049505,0.902229845626072,0.9065670048051254
SwinIR + PathologyLoss,BraTS2021_00132,28.34552,0.9744576215744019,0.09362843,0.9299666507860886,0.9462875197472354,0.8904037755637126
SwinIR + PathologyLoss,BraTS2021_00132,28.597836,0.9716376066207886,0.09046246,0.93235158766682,0.9625231910946197,0.9097852028639618
SwinIR + PathologyLoss,BraTS2021_00132,28.73768,0.9689119458198547,0.089464314,0.9512643678160919,0.9711435696473103,0.9328590484659849
SwinIR + PathologyLoss,BraTS2021_00132,28.736105,0.9678961634635925,0.08721646,0.9471316085489314,0.9700310024112987,0.9065713008493518
SwinIR + PathologyLoss,BraTS2021_00132,28.84553,0.9676113128662109,0.086000614,0.9505039193729004,0.945501451144792,0.9335548172757475
SwinIR + PathologyLoss,BraTS2021_00132,29.082039,0.9690272808074951,0.08334875,0.9426579716662918,0.9458161865569273,0.8990825688073395
SwinIR + PathologyLoss,BraTS2021_00132,29.580177,0.9673810601234436,0.08133441,0.9412037037037037,0.934566632408359,0.9061338289962825
SwinIR + PathologyLoss,BraTS2021_00132,29.320644,0.9662267565727234,0.080180585,0.9522050334795659,0.8806290207290922,0.8858230256898192
SwinIR + PathologyLoss,BraTS2021_00132,29.575268,0.9638795256614685,0.07998996,0.9442922374429223,0.9261790840738209,0.9117647058823529
SwinIR + PathologyLoss,BraTS2021_00132,29.480156,0.9630730152130127,0.07810541,0.9485662266727356,0.9499838657631494,0.9254901960784314
SwinIR + PathologyLoss,BraTS2021_00132,29.66101,0.9631678462028503,0.07655141,0.9628334062090075,0.9443742098609356,0.9097040089921319
SwinIR + PathologyLoss,BraTS2021_00132,29.589115,0.9625832438468933,0.07637258,0.9617093293843876,0.9553626782393057,0.9359430604982206
SwinIR + PathologyLoss,BraTS2021_00132,29.849735,0.9625298380851746,0.07534913,0.9682274247491639,0.9722814498933902,0.9479166666666666
SwinIR + PathologyLoss,BraTS2021_00132,29.745901,0.9632457494735718,0.07527199,0.9681043129388165,0.9729404690318701,0.9583048530416951
SwinIR + PathologyLoss,BraTS2021_00132,29.802696,0.9647101759910583,0.07376342,0.9481481481481482,0.9563882063882064,0.9408884225253585
SwinIR + PathologyLoss,BraTS2021_00132,30.022127,0.9633597731590271,0.074820355,0.9709035222052067,0.9692077727952167,0.9332872450743174
SwinIR + PathologyLoss,BraTS2021_00132,29.722935,0.9673898220062256,0.07254091,0.9623134328358209,0.9651682048228639,0.9383538820393202
SwinIR + PathologyLoss,BraTS2021_00132,29.88434,0.9694896340370178,0.07321743,0.9585559034813042,0.9542804541270329,0.9326856349757113
SwinIR + PathologyLoss,BraTS2021_00132,29.896605,0.9712113738059998,0.072544575,0.9532744665194997,0.9547038327526133,0.9176728869374314
SwinIR + PathologyLoss,BraTS2021_00132,29.886566,0.9702496528625488,0.07273466,0.9567831642239759,0.9122085048010974,0.9076023391812865
SwinIR + PathologyLoss,BraTS2021_00132,30.001827,0.9728909730911255,0.07214766,0.9541737972998668,0.9412623130244436,0.8916488222698072
SwinIR + PathologyLoss,BraTS2021_00132,29.74661,0.9738752841949463,0.07300577,0.9440707284259081,0.9439551641313051,0.9199648197009674
SwinIR + PathologyLoss,BraTS2021_00132,29.68092,0.9727952480316162,0.07330104,0.9306930693069307,0.9298724954462659,0.9238187078109933
SwinIR + PathologyLoss,BraTS2021_00132,29.761522,0.9716396331787109,0.07401828,0.958417621937514,0.9578163771712159,0.9579487179487179
SwinIR + PathologyLoss,BraTS2021_00132,29.786703,0.970754086971283,0.07565496,0.945840055312284,0.9385722191477587,0.9431818181818182
SwinIR + PathologyLoss,BraTS2021_00132,29.840982,0.9723896980285645,0.07322395,0.927201180521397,0.9010448678549478,0.9038701622971286
SwinIR + PathologyLoss,BraTS2021_00132,29.877968,0.9741587042808533,0.07267307,0.9395373291272345,0.88,0.9021657953696789
SwinIR + PathologyLoss,BraTS2021_00132,29.955772,0.9711174368858337,0.073110886,0.9440539780714085,0.8924558587479936,0.9129720853858785
SwinIR + PathologyLoss,BraTS2021_00132,30.150621,0.9732445478439331,0.07303414,0.925522519870474,0.8543876567020251,0.8661417322834646
SwinIR + PathologyLoss,BraTS2021_00132,30.271484,0.9747922420501709,0.07018889,0.9399167162403331,0.800982800982801,0.8297055057618438
SwinIR + PathologyLoss,BraTS2021_00132,30.500416,0.9740983843803406,0.069261566,0.9530864197530864,0.6590909090909091,0.6935483870967742
SwinIR + PathologyLoss,BraTS2021_00132,30.632889,0.973177969455719,0.0695422,0.95448798988622,0.3333333333333333,0.37065637065637064
SwinIR + PathologyLoss,BraTS2021_00132,30.724705,0.9724941849708557,0.07014856,0.9398765030874228,0.0,0.0
SwinIR + PathologyLoss,BraTS2021_00132,30.557491,0.9726680517196655,0.06966514,0.9265498652291105,0.0,0.0
SwinIR + PathologyLoss,BraTS2021_00132,30.878471,0.9696791172027588,0.068598144,0.9380403458213257,nan,nan
SwinIR + PathologyLoss,BraTS2021_00132,30.69529,0.966314435005188,0.068598226,0.9096209912536443,nan,nan
SwinIR + PathologyLoss,BraTS2021_00132,30.780155,0.9653276205062866,0.06850826,0.9213085764809903,nan,nan
SwinIR + PathologyLoss,BraTS2021_00132,30.783262,0.9634910821914673,0.06759511,0.9066937119675457,nan,nan
SwinIR + PathologyLoss,BraTS2021_00132,31.071129,0.960864245891571,0.06725276,0.9339152119700748,nan,nan
SwinIR + PathologyLoss,BraTS2021_00132,30.981476,0.963283121585846,0.066918395,0.9213051823416507,nan,nan
SwinIR + PathologyLoss,BraTS2021_00132,31.087008,0.9569982886314392,0.069318116,0.9283783783783783,nan,nan
SwinIR + PathologyLoss,BraTS2021_00132,31.192406,0.9589876532554626,0.06651557,0.8995695839311334,nan,nan
SwinIR + PathologyLoss,BraTS2021_00132,31.006529,0.9593802094459534,0.0687394,0.9192645883293366,nan,nan
SwinIR + PathologyLoss,BraTS2021_00132,30.800802,0.9581533670425415,0.069476105,0.8505550811272417,nan,nan
SwinIR + PathologyLoss,BraTS2021_00132,30.952188,0.9556131958961487,0.07146175,0.7886904761904762,nan,nan
SwinIR + PathologyLoss,BraTS2021_00132,30.685713,0.9572523832321167,0.07314743,0.700507614213198,nan,nan
SwinIR + PathologyLoss,BraTS2021_00133,29.124517,0.9854300022125244,0.12170934,0.7752577319587629,nan,nan
SwinIR + PathologyLoss,BraTS2021_00133,28.78002,0.9830581545829773,0.12853447,0.7180192572214581,nan,nan
SwinIR + PathologyLoss,BraTS2021_00133,29.060766,0.9841794967651367,0.11679288,0.7128514056224899,nan,nan
SwinIR + PathologyLoss,BraTS2021_00133,29.061058,0.9834015965461731,0.11770052,0.7009760425909495,0.0,0.0
SwinIR + PathologyLoss,BraTS2021_00133,29.297558,0.9833121299743652,0.11396908,0.7706766917293233,0.0,0.0
SwinIR + PathologyLoss,BraTS2021_00133,29.276855,0.9846307039260864,0.10956232,0.8005677785663591,0.3076923076923077,0.3076923076923077
SwinIR + PathologyLoss,BraTS2021_00133,28.960896,0.9828259944915771,0.11236004,0.8492975734355045,0.2631578947368421,0.3508771929824561
SwinIR + PathologyLoss,BraTS2021_00133,29.661093,0.9843998551368713,0.1057102,0.8800430338891877,0.7972508591065293,0.7634854771784232
SwinIR + PathologyLoss,BraTS2021_00133,29.590328,0.9844257831573486,0.10489129,0.895112016293279,0.8556701030927835,0.8297213622291022
SwinIR + PathologyLoss,BraTS2021_00133,29.30832,0.9834240078926086,0.107740596,0.9114510894761243,0.8191881918819188,0.7855626326963907
SwinIR + PathologyLoss,BraTS2021_00133,29.559338,0.9849603772163391,0.103290185,0.8954718578078713,0.8931185944363104,0.8617594254937163
SwinIR + PathologyLoss,BraTS2021_00133,29.132414,0.9837700724601746,0.10723934,0.8661351237935375,0.9018087855297158,0.8557536466774717
SwinIR + PathologyLoss,BraTS2021_00133,29.616669,0.9847440123558044,0.10391279,0.8951948543321983,0.9352657004830918,0.8593155893536122
SwinIR + PathologyLoss,BraTS2021_00133,29.592659,0.9849428534507751,0.1034704,0.9017959495605655,0.9302736098852604,0.8880688806888068
SwinIR + PathologyLoss,BraTS2021_00133,29.491974,0.9845296740531921,0.10472647,0.9004072565716401,0.9048361934477379,0.8285385500575374
SwinIR + PathologyLoss,BraTS2021_00133,29.302822,0.984251081943512,0.105978854,0.8899737138565528,0.8865814696485623,0.7866473149492017
SwinIR + PathologyLoss,BraTS2021_00133,29.125778,0.9844573736190796,0.106852606,0.8854961832061069,0.8941524796447077,0.8245614035087719
SwinIR + PathologyLoss,BraTS2021_00133,29.330288,0.9844215512275696,0.10533881,0.8707533234859675,0.8629943502824858,0.811965811965812
SwinIR + PathologyLoss,BraTS2021_00133,29.099443,0.9840404391288757,0.10726892,0.8732099196646874,0.8067463106113844,0.7779390420899854
SwinIR + PathologyLoss,BraTS2021_00133,28.787678,0.983313798904419,0.10870368,0.8656195462478184,0.7603748326639893,0.7367088607594937
SwinIR + PathologyLoss,BraTS2021_00133,28.578392,0.9823532700538635,0.11025294,0.8911745189117452,0.8269581056466302,0.7900723888314375
SwinIR + PathologyLoss,BraTS2021_00133,27.987364,0.9789139628410339,0.11608652,0.8841573439191628,0.8641975308641975,0.7939221272554606
SwinIR + PathologyLoss,BraTS2021_00133,27.831142,0.9761146306991577,0.11348461,0.8558620689655172,0.8631201434548715,0.8544358311800172
SwinIR + PathologyLoss,BraTS2021_00133,27.721598,0.9739043116569519,0.11328006,0.8368176538908246,0.9273684210526316,0.8858024691358025
SwinIR + PathologyLoss,BraTS2021_00133,27.7948,0.9700032472610474,0.11483899,0.8294853963838665,0.9060336300692384,0.8548268238761975
SwinIR + PathologyLoss,BraTS2021_00133,27.907326,0.9697903990745544,0.11095699,0.8874135546334716,0.9321953532479849,0.8751793400286944
SwinIR + PathologyLoss,BraTS2021_00133,27.17142,0.9651389122009277,0.11427203,0.9048128342245989,0.928537170263789,0.9037776193870278
SwinIR + PathologyLoss,BraTS2021_00133,27.693033,0.9652904868125916,0.11025719,0.9022011702424073,0.9129158512720157,0.8578199052132701
SwinIR + PathologyLoss,BraTS2021_00133,27.783945,0.9666839241981506,0.104982845,0.9012378193310508,0.9476124246638851,0.8394039735099338
SwinIR + PathologyLoss,BraTS2021_00133,27.56211,0.9656124711036682,0.10699151,0.8955928646379853,0.9177615571776155,0.8020833333333334
SwinIR + PathologyLoss,BraTS2021_00133,27.850471,0.9640817046165466,0.10765415,0.9079856313898867,0.9412317818523742,0.8024691358024691
SwinIR + PathologyLoss,BraTS2021_00133,27.468489,0.9622838497161865,0.109210074,0.9015063731170336,0.9339950372208436,0.8375241779497099
SwinIR + PathologyLoss,BraTS2021_00133,27.789932,0.9623026847839355,0.102284335,0.9131349564171927,0.944390243902439,0.845414847161572
SwinIR + PathologyLoss,BraTS2021_00133,28.083918,0.9638827443122864,0.10122884,0.89996720236143,0.9331952356292077,0.8204613841524574
SwinIR + PathologyLoss,BraTS2021_00133,28.155287,0.9608061909675598,0.0995558,0.8880943868430461,0.9410526315789474,0.8136882129277566
SwinIR + PathologyLoss,BraTS2021_00133,28.27338,0.9663163423538208,0.095901914,0.9097370291400142,0.9271232876712329,0.8004012036108324
SwinIR + PathologyLoss,BraTS2021_00133,28.30793,0.9630905389785767,0.09997684,0.8993338267949667,0.9408482142857143,0.8546341463414634
SwinIR + PathologyLoss,BraTS2021_00133,28.68282,0.9664775729179382,0.09327455,0.8990689013035382,0.9317784256559767,0.8702147525676938
SwinIR + PathologyLoss,BraTS2021_00133,28.774094,0.9699129462242126,0.09037205,0.8960119269474469,0.9289684990735022,0.8779527559055118
SwinIR + PathologyLoss,BraTS2021_00133,28.630869,0.9671767354011536,0.09301546,0.8789161727349704,0.9073825503355705,0.8756218905472637
SwinIR + PathologyLoss,BraTS2021_00133,28.620874,0.9668110013008118,0.094384246,0.8510266491917868,0.8989090909090909,0.8493723849372385
SwinIR + PathologyLoss,BraTS2021_00133,28.263355,0.961821973323822,0.09876074,0.8630742049469965,0.9193669932177845,0.8657921291624622
SwinIR + PathologyLoss,BraTS2021_00133,28.596203,0.9694170355796814,0.09244755,0.8459105286940805,0.7507447864945382,0.6820512820512821
SwinIR + PathologyLoss,BraTS2021_00133,28.744015,0.9672757387161255,0.0913208,0.8470705064548163,0.8154897494305239,0.7485207100591716
SwinIR + PathologyLoss,BraTS2021_00133,28.506691,0.9693322777748108,0.09255379,0.725314183123878,0.18683651804670912,0.2216624685138539
SwinIR + PathologyLoss,BraTS2021_00133,28.850708,0.970661461353302,0.09108285,0.726552179656539,0.4355300859598854,0.459214501510574
SwinIR + PathologyLoss,BraTS2021_00133,28.290466,0.9687404036521912,0.09412598,0.7385952208544533,0.7147540983606557,0.7218543046357616
SwinIR + PathologyLoss,BraTS2021_00133,28.795012,0.97222501039505,0.089360535,0.8357558139534884,0.5951219512195122,0.594059405940594
SwinIR + PathologyLoss,BraTS2021_00133,29.174784,0.9699132442474365,0.09013672,0.6460674157303371,0.0,0.0
SwinIR + PathologyLoss,BraTS2021_00133,28.933891,0.969947874546051,0.091715,0.7231638418079096,0.0,0.0
SwinIR + PathologyLoss,BraTS2021_00133,28.973915,0.9751731753349304,0.087056264,0.7479838709677419,nan,nan
SwinIR + PathologyLoss,BraTS2021_00133,28.62563,0.9713526368141174,0.092935674,0.7747196738022426,nan,nan
SwinIR + PathologyLoss,BraTS2021_00133,29.235611,0.9735139608383179,0.08815786,0.6947835738068813,nan,nan
SwinIR + PathologyLoss,BraTS2021_00133,29.38755,0.9731142520904541,0.08657167,0.7625133120340788,nan,nan
SwinIR + PathologyLoss,BraTS2021_00133,29.528217,0.9755493402481079,0.084233776,0.8145077720207254,nan,nan
SwinIR + PathologyLoss,BraTS2021_00133,29.871471,0.9757341146469116,0.08258619,0.6826666666666666,nan,nan
SwinIR + PathologyLoss,BraTS2021_00133,29.349764,0.9755145311355591,0.08463246,0.7724867724867724,nan,nan
SwinIR + PathologyLoss,BraTS2021_00133,29.940634,0.9750456809997559,0.082290396,0.7846607669616519,nan,nan
SwinIR + PathologyLoss,BraTS2021_00133,29.862068,0.975102961063385,0.081215836,0.780952380952381,nan,nan
SwinIR + PathologyLoss,BraTS2021_00133,29.68098,0.9739274382591248,0.08255819,0.8200312989045383,nan,nan
SwinIR + PathologyLoss,BraTS2021_00133,29.778553,0.9741805195808411,0.079530984,0.8121442125237192,nan,nan
SwinIR + PathologyLoss,BraTS2021_00133,29.706753,0.9736314415931702,0.08184174,0.8532289628180039,nan,nan
SwinIR + PathologyLoss,BraTS2021_00133,30.146477,0.9738897681236267,0.07573879,0.7951219512195122,nan,nan
SwinIR + PathologyLoss,BraTS2021_00133,30.070503,0.9711946845054626,0.07702209,0.42323651452282157,nan,nan
