method,subject,psnr,ssim,nrmse,dice_wt,dice_tc,dice_et
Uformer + PathologyLoss,BraTS2021_00006,30.57787,0.9756289720535278,0.10489233,0.8405797101449275,nan,nan
Uformer + PathologyLoss,BraTS2021_00006,30.61522,0.9782445430755615,0.09913901,0.7966942148760331,nan,nan
Uformer + PathologyLoss,BraTS2021_00006,30.863523,0.9788526892662048,0.097530656,0.8980891719745223,nan,nan
Uformer + PathologyLoss,BraTS2021_00006,31.277283,0.9823511838912964,0.09107868,0.8870356330553449,nan,nan
Uformer + PathologyLoss,BraTS2021_00006,31.493088,0.9854381084442139,0.08423064,0.9359543436905516,0.0,0.0
Uformer + PathologyLoss,BraTS2021_00006,31.89508,0.9848023653030396,0.08301931,0.9265242313705054,0.7480916030534351,0.7335907335907336
Uformer + PathologyLoss,BraTS2021_00006,31.915382,0.9860542416572571,0.08098961,0.9619512195121951,0.9201680672268907,0.918552036199095
Uformer + PathologyLoss,BraTS2021_00006,31.717216,0.9872425198554993,0.07942361,0.9415279556124626,0.9093904448105437,0.8865979381443299
Uformer + PathologyLoss,BraTS2021_00006,31.718475,0.9862185120582581,0.080265544,0.9372128637059725,0.9735449735449735,0.9242718446601942
Uformer + PathologyLoss,BraTS2021_00006,31.707983,0.9855170845985413,0.08211301,0.9699601882012305,0.9334889148191365,0.864963503649635
Uformer + PathologyLoss,BraTS2021_00006,31.812468,0.9867003560066223,0.07932583,0.9608564737370358,0.9485148514851485,0.8935483870967742
Uformer + PathologyLoss,BraTS2021_00006,31.869026,0.9873292446136475,0.07801558,0.9751958224543081,0.9637209302325581,0.8849557522123894
Uformer + PathologyLoss,BraTS2021_00006,31.89817,0.9882603287696838,0.07563619,0.9581167838581474,0.9754445385266723,0.9195804195804196
Uformer + PathologyLoss,BraTS2021_00006,31.963243,0.9894617795944214,0.07304282,0.9574024426571344,0.982200647249191,0.9233390119250426
Uformer + PathologyLoss,BraTS2021_00006,31.855791,0.9869881868362427,0.07771774,0.962723803933079,0.9679389312977099,0.8852988691437803
Uformer + PathologyLoss,BraTS2021_00006,31.763706,0.9889016151428223,0.074415706,0.9645635263612792,0.9647058823529412,0.8817891373801917
Uformer + PathologyLoss,BraTS2021_00006,31.86223,0.9881312847137451,0.07540096,0.969287123133277,0.9820014398848093,0.9195402298850575
Uformer + PathologyLoss,BraTS2021_00006,32.060665,0.9897388815879822,0.070785545,0.9481715338068929,0.984743411927878,0.9393468118195957
Uformer + PathologyLoss,BraTS2021_00006,32.155487,0.9897362589836121,0.07091804,0.9617087783276895,0.9821673525377229,0.9139280125195618
Uformer + PathologyLoss,BraTS2021_00006,31.974268,0.9894499182701111,0.07157213,0.9585,0.9709379128137384,0.9074889867841409
Uformer + PathologyLoss,BraTS2021_00006,31.683105,0.9892696738243103,0.07291271,0.9837232960325534,0.976063829787234,0.9125925925925926
Uformer + PathologyLoss,BraTS2021_00006,31.995373,0.9891106486320496,0.07239652,0.9784493435719593,0.9748344370860927,0.8816568047337278
Uformer + PathologyLoss,BraTS2021_00006,32.08786,0.9908227920532227,0.067488186,0.9782348720401818,0.9796186719263642,0.8654124457308249
Uformer + PathologyLoss,BraTS2021_00006,31.789005,0.9897223711013794,0.07030873,0.9805687203791469,0.9738903394255874,0.8903743315508021
Uformer + PathologyLoss,BraTS2021_00006,31.945442,0.9902780055999756,0.07024222,0.971673411092597,0.981675392670157,0.9081081081081082
Uformer + PathologyLoss,BraTS2021_00006,32.25306,0.9903818368911743,0.06838688,0.9686411149825784,0.9805238415043653,0.8976608187134503
Uformer + PathologyLoss,BraTS2021_00006,32.59705,0.9910895824432373,0.06654521,0.9760900140646976,0.9720670391061452,0.8813056379821959
Uformer + PathologyLoss,BraTS2021_00006,32.28734,0.9910972118377686,0.06664648,0.976778293815693,0.9731743666169895,0.8796147672552167
Uformer + PathologyLoss,BraTS2021_00006,32.166744,0.9910519123077393,0.06854785,0.979381443298969,0.9652509652509652,0.9032258064516129
Uformer + PathologyLoss,BraTS2021_00006,32.419563,0.9917107224464417,0.066196606,0.9635586830862025,0.9865399841646872,0.9355371900826446
Uformer + PathologyLoss,BraTS2021_00006,32.78083,0.9920517802238464,0.064273074,0.9570170895908856,0.96875,0.9125874125874126
Uformer + PathologyLoss,BraTS2021_00006,32.946606,0.9928402304649353,0.06252675,0.9682920330402345,0.9569202566452796,0.882661996497373
Uformer + PathologyLoss,BraTS2021_00006,33.070835,0.9924653768539429,0.06373703,0.9756787330316742,0.966796875,0.9110320284697508
Uformer + PathologyLoss,BraTS2021_00006,33.449482,0.9929331541061401,0.0618603,0.9796968830426079,0.9516648764769066,0.8795411089866156
Uformer + PathologyLoss,BraTS2021_00006,33.538864,0.9932244420051575,0.060476013,0.9690781796966161,0.956221198156682,0.884990253411306
Uformer + PathologyLoss,BraTS2021_00006,33.318115,0.9928855299949646,0.061637606,0.9732588892153982,0.9439374185136897,0.8739130434782608
Uformer + PathologyLoss,BraTS2021_00006,33.202557,0.9928105473518372,0.06271324,0.956359102244389,0.969521044992743,0.9359823399558499
Uformer + PathologyLoss,BraTS2021_00006,33.363213,0.9932094812393188,0.060225327,0.9446172993154948,0.922360248447205,0.9
Uformer + PathologyLoss,BraTS2021_00006,34.137474,0.9932090640068054,0.058404364,0.9795361527967258,0.8929292929292929,0.8519480519480519
Uformer + PathologyLoss,BraTS2021_00006,33.68006,0.9922581911087036,0.061069287,0.9770236832803111,0.9064748201438849,0.8680351906158358
Uformer + PathologyLoss,BraTS2021_00006,33.916164,0.992880642414093,0.059184134,0.9790104947526237,0.8378378378378378,0.85
Uformer + PathologyLoss,BraTS2021_00006,33.92774,0.9920802116394043,0.0616468,0.9838187702265372,0.8416988416988417,0.8144796380090498
Uformer + PathologyLoss,BraTS2021_00006,34.255413,0.9929625988006592,0.05802567,0.9770662051060147,0.8018433179723502,0.8114285714285714
Uformer + PathologyLoss,BraTS2021_00006,33.98058,0.9931511282920837,0.05931414,0.9669920966992097,0.5435897435897435,0.6868686868686869
Uformer + PathologyLoss,BraTS2021_00006,33.999207,0.9917815327644348,0.06276223,0.9746142359382778,0.5753424657534246,0.3
Uformer + PathologyLoss,BraTS2021_00006,33.80406,0.9920135736465454,0.062313344,0.9627016129032258,0.18032786885245902,0.0
Uformer + PathologyLoss,BraTS2021_00006,33.994553,0.9918704032897949,0.061704855,0.8525214081826832,0.0,nan
Uformer + PathologyLoss,BraTS2021_00006,34.099518,0.9918239116668701,0.061884277,0.9534368070953437,0.0,nan
Uformer + PathologyLoss,BraTS2021_00006,33.803753,0.9924218058586121,0.061462644,0.8751991502920871,0.0,nan
Uformer + PathologyLoss,BraTS2021_00006,34.005703,0.9916708469390869,0.06351397,0.9823232323232324,0.0,nan
Uformer + PathologyLoss,BraTS2021_00006,33.623356,0.9905673861503601,0.067846656,0.9180327868852459,0.0,nan
Uformer + PathologyLoss,BraTS2021_00006,33.307243,0.9912052750587463,0.06692555,0.9669142471303174,nan,nan
Uformer + PathologyLoss,BraTS2021_00006,33.109444,0.989588737487793,0.07186299,0.919908466819222,0.0,nan
Uformer + PathologyLoss,BraTS2021_00006,32.95397,0.9900082945823669,0.07277006,0.9522842639593908,0.0,nan
Uformer + PathologyLoss,BraTS2021_00006,32.795326,0.9896823167800903,0.07360643,0.904862579281184,nan,nan
Uformer + PathologyLoss,BraTS2021_00006,32.78164,0.9898190498352051,0.073516175,0.9466192170818505,nan,nan
Uformer + PathologyLoss,BraTS2021_00006,32.729908,0.9881268739700317,0.0780821,0.9759547383309759,nan,nan
Uformer + PathologyLoss,BraTS2021_00006,32.468742,0.9884276986122131,0.0790588,0.9751552795031055,nan,nan
Uformer + PathologyLoss,BraTS2021_00006,32.25443,0.9870039224624634,0.084246725,0.9793103448275862,nan,nan
Uformer + PathologyLoss,BraTS2021_00006,32.301285,0.987189769744873,0.08527818,0.8543046357615894,nan,nan
Uformer + PathologyLoss,BraTS2021_00006,32.33229,0.9877230525016785,0.085208364,0.9466357308584686,nan,nan
Uformer + PathologyLoss,BraTS2021_00006,32.312637,0.9872889518737793,0.08656437,0.7494356659142212,nan,nan
Uformer + PathologyLoss,BraTS2021_00006,32.271763,0.9868481755256653,0.090158135,0.0,nan,nan
Uformer + PathologyLoss,BraTS2021_00014,31.590784,0.9839015603065491,0.15235545,0.0,nan,nan
Uformer + PathologyLoss,BraTS2021_00014,30.968216,0.9829151034355164,0.15336931,0.07582938388625593,nan,nan
Uformer + PathologyLoss,BraTS2021_00014,31.020166,0.9827173948287964,0.1513553,0.0,nan,nan
Uformer + PathologyLoss,BraTS2021_00014,31.142246,0.9836662411689758,0.14500423,0.0,nan,nan
Uformer + PathologyLoss,BraTS2021_00014,31.126862,0.985527753829956,0.13476649,0.0,nan,nan
Uformer + PathologyLoss,BraTS2021_00014,30.992142,0.985072135925293,0.13517313,0.0,nan,nan
Uformer + PathologyLoss,BraTS2021_00014,30.943472,0.9849944710731506,0.13453783,0.164,nan,nan
Uformer + PathologyLoss,BraTS2021_00014,30.918991,0.9845879673957825,0.13406065,0.0,nan,nan
Uformer + PathologyLoss,BraTS2021_00014,30.736906,0.984468400478363,0.13348894,0.7209554831704669,0.3783783783783784,0.3783783783783784
Uformer + PathologyLoss,BraTS2021_00014,30.105116,0.9830660820007324,0.1372069,0.6921529175050302,0.3333333333333333,0.3333333333333333
Uformer + PathologyLoss,BraTS2021_00014,29.33237,0.9794393181800842,0.14698693,0.6242424242424243,0.6774193548387096,0.6774193548387096
Uformer + PathologyLoss,BraTS2021_00014,29.33447,0.9791337251663208,0.14284688,0.8181818181818182,0.0,0.0
Uformer + PathologyLoss,BraTS2021_00014,29.092258,0.9782999157905579,0.1394849,0.8961892247043364,0.15789473684210525,0.15789473684210525
Uformer + PathologyLoss,BraTS2021_00014,28.882502,0.9759926795959473,0.13831934,0.9012567324955116,0.7428571428571429,0.7428571428571429
Uformer + PathologyLoss,BraTS2021_00014,28.841297,0.9750361442565918,0.13492465,0.8692468619246861,0.20689655172413793,0.20689655172413793
Uformer + PathologyLoss,BraTS2021_00014,28.71773,0.9740381240844727,0.13133933,0.8705882352941177,0.39263803680981596,0.39263803680981596
Uformer + PathologyLoss,BraTS2021_00014,28.64642,0.9747388958930969,0.12546442,0.9089201877934272,0.3316582914572864,0.3316582914572864
Uformer + PathologyLoss,BraTS2021_00014,28.687181,0.9715365171432495,0.12329065,0.8851317752362009,0.8022284122562674,0.8022284122562674
Uformer + PathologyLoss,BraTS2021_00014,29.004528,0.9731815457344055,0.11743368,0.8944444444444445,0.6873614190687362,0.6873614190687362
Uformer + PathologyLoss,BraTS2021_00014,29.016409,0.9711447358131409,0.115612336,0.8711832061068703,0.8148148148148148,0.8148148148148148
Uformer + PathologyLoss,BraTS2021_00014,28.9371,0.9726942777633667,0.11386601,0.926261319534282,0.7492957746478873,0.7457627118644068
Uformer + PathologyLoss,BraTS2021_00014,29.156773,0.9697210192680359,0.11337029,0.9323931978432186,0.6322188449848024,0.6280487804878049
Uformer + PathologyLoss,BraTS2021_00014,29.03357,0.9709003567695618,0.10960434,0.9048591261739486,0.6948051948051948,0.6948051948051948
Uformer + PathologyLoss,BraTS2021_00014,29.062712,0.9712080359458923,0.10597697,0.8980716253443526,0.624561403508772,0.624561403508772
Uformer + PathologyLoss,BraTS2021_00014,29.532223,0.9696314930915833,0.104410246,0.7201946472019465,0.7461538461538462,0.7461538461538462
Uformer + PathologyLoss,BraTS2021_00014,29.401207,0.9692670106887817,0.10221533,0.7981900452488688,0.7673716012084593,0.7673716012084593
Uformer + PathologyLoss,BraTS2021_00014,29.614677,0.9707403182983398,0.09939915,0.8535528596187175,0.7516339869281046,0.7516339869281046
Uformer + PathologyLoss,BraTS2021_00014,29.699593,0.971024215221405,0.10029957,0.8005476951163852,0.8760330578512396,0.8760330578512396
Uformer + PathologyLoss,BraTS2021_00014,29.829302,0.9695644378662109,0.09892267,0.5603543743078627,0.0,0.0
Uformer + PathologyLoss,BraTS2021_00014,29.629213,0.9717286825180054,0.09760259,0.7870967741935484,0.6046511627906976,0.6046511627906976
Uformer + PathologyLoss,BraTS2021_00014,29.7027,0.972906231880188,0.09728705,0.8396551724137931,0.6203703703703703,0.64
Uformer + PathologyLoss,BraTS2021_00014,29.70176,0.9749913811683655,0.096126676,0.7550644567219152,0.0,0.0
Uformer + PathologyLoss,BraTS2021_00014,29.694614,0.9731212854385376,0.096708916,0.662716049382716,0.0,0.0
Uformer + PathologyLoss,BraTS2021_00014,29.795553,0.9749251008033752,0.093867704,0.6926877470355731,nan,nan
Uformer + PathologyLoss,BraTS2021_00014,29.781479,0.9728537201881409,0.09731442,0.889083735203858,0.0,0.0
Uformer + PathologyLoss,BraTS2021_00014,29.587286,0.97587651014328,0.09542146,0.8697788697788698,nan,nan
Uformer + PathologyLoss,BraTS2021_00014,29.680046,0.9732215404510498,0.096575916,0.8886241810601548,0.0,0.0
Uformer + PathologyLoss,BraTS2021_00014,29.838531,0.9744257926940918,0.09574438,0.7636932707355243,nan,nan
Uformer + PathologyLoss,BraTS2021_00014,29.87814,0.9772677421569824,0.094601385,0.8716528162511542,nan,nan
Uformer + PathologyLoss,BraTS2021_00014,30.009022,0.9780029058456421,0.09351615,0.8966267682263329,nan,nan
Uformer + PathologyLoss,BraTS2021_00014,30.19554,0.9786975383758545,0.09169204,0.40973630831643004,nan,nan
Uformer + PathologyLoss,BraTS2021_00014,30.320166,0.9784362316131592,0.09129966,0.6517412935323383,nan,nan
Uformer + PathologyLoss,BraTS2021_00014,30.276993,0.9805587530136108,0.088731535,0.027906976744186046,nan,nan
Uformer + PathologyLoss,BraTS2021_00016,29.478739,0.9834590554237366,0.1081131,0.0,nan,nan
Uformer + PathologyLoss,BraTS2021_00016,28.938625,0.984294593334198,0.10822058,0.0,nan,nan
Uformer + PathologyLoss,BraTS2021_00016,28.500965,0.980250895023346,0.11610111,0.0,nan,nan
Uformer + PathologyLoss,BraTS2021_00016,28.45088,0.979269802570343,0.114411056,0.0,nan,nan
Uformer + PathologyLoss,BraTS2021_00016,28.446676,0.9802917838096619,0.11063808,0.0,nan,nan
Uformer + PathologyLoss,BraTS2021_00016,28.50358,0.9791327714920044,0.11115966,0.0,nan,nan
Uformer + PathologyLoss,BraTS2021_00016,28.619547,0.9789091944694519,0.10769911,0.0,nan,nan
Uformer + PathologyLoss,BraTS2021_00016,28.601036,0.9794225096702576,0.10495564,0.0,nan,nan
Uformer + PathologyLoss,BraTS2021_00016,28.641235,0.9803699851036072,0.10299796,0.0,nan,nan
Uformer + PathologyLoss,BraTS2021_00016,28.53237,0.9804332852363586,0.1002094,0.5049019607843137,nan,nan
Uformer + PathologyLoss,BraTS2021_00016,29.281656,0.9819840788841248,0.094905086,0.0,nan,nan
Uformer + PathologyLoss,BraTS2021_00016,29.038395,0.981225848197937,0.09548837,0.7490820073439413,nan,nan
Uformer + PathologyLoss,BraTS2021_00016,28.999783,0.9832927584648132,0.09308912,0.9177330895795247,0.0,0.0
Uformer + PathologyLoss,BraTS2021_00016,29.152052,0.9831489324569702,0.09312278,0.7609359104781281,0.0,0.0
Uformer + PathologyLoss,BraTS2021_00016,29.102423,0.9834078550338745,0.09216566,0.8817733990147784,0.6714285714285714,0.6417910447761194
Uformer + PathologyLoss,BraTS2021_00016,28.639744,0.9825931787490845,0.095658146,0.7317574511819116,0.5423728813559322,0.4675324675324675
Uformer + PathologyLoss,BraTS2021_00016,28.678715,0.9833378791809082,0.092678994,0.8883025505716798,0.7490636704119851,0.72
Uformer + PathologyLoss,BraTS2021_00016,28.91597,0.983278214931488,0.09215497,0.8987234042553192,0.8146067415730337,0.6771653543307087
Uformer + PathologyLoss,BraTS2021_00016,28.789358,0.9838523864746094,0.09094483,0.8968318440292445,0.8888888888888888,0.8466666666666667
Uformer + PathologyLoss,BraTS2021_00016,29.137327,0.9834354519844055,0.08912721,0.799660441426146,0.7948717948717948,0.5925925925925926
Uformer + PathologyLoss,BraTS2021_00016,28.512619,0.9838995337486267,0.09068345,0.7977707006369427,0.9290540540540541,0.7551020408163265
Uformer + PathologyLoss,BraTS2021_00016,28.880299,0.9838160872459412,0.08922009,0.7692307692307693,0.9292035398230089,0.7605633802816901
Uformer + PathologyLoss,BraTS2021_00016,29.095669,0.9844149351119995,0.088101104,0.8026424442609413,0.8941176470588236,0.7150837988826816
Uformer + PathologyLoss,BraTS2021_00016,28.86904,0.9840630292892456,0.086999305,0.9270516717325228,0.9437908496732026,0.7484276729559748
Uformer + PathologyLoss,BraTS2021_00016,28.23484,0.9834340214729309,0.09146224,0.8831168831168831,0.9570552147239264,0.7745358090185677
Uformer + PathologyLoss,BraTS2021_00016,28.85828,0.9834107160568237,0.088904254,0.9068413391557496,0.96875,0.7917737789203085
Uformer + PathologyLoss,BraTS2021_00016,28.94735,0.9834699034690857,0.088503346,0.8673091178650852,0.9166666666666666,0.752
Uformer + PathologyLoss,BraTS2021_00016,28.660408,0.9835022687911987,0.089536406,0.8911465892597968,0.9386792452830188,0.7990430622009569
Uformer + PathologyLoss,BraTS2021_00016,28.234318,0.9833189845085144,0.0916659,0.9348441926345609,0.9681818181818181,0.863961813842482
Uformer + PathologyLoss,BraTS2021_00016,28.114378,0.982796847820282,0.09317733,0.8994627782041443,0.9563218390804598,0.785
Uformer + PathologyLoss,BraTS2021_00016,28.459425,0.9830126166343689,0.09082294,0.9041095890410958,0.9700996677740864,0.8413461538461539
Uformer + PathologyLoss,BraTS2021_00016,28.236464,0.9833191633224487,0.09062764,0.9187935034802784,0.9503858875413451,0.810304449648712
Uformer + PathologyLoss,BraTS2021_00016,28.912537,0.9838843941688538,0.08787498,0.8924818108326596,0.9657534246575342,0.8531468531468531
Uformer + PathologyLoss,BraTS2021_00016,28.235819,0.9840551018714905,0.09060379,0.8665540540540541,0.9420289855072463,0.8075117370892019
Uformer + PathologyLoss,BraTS2021_00016,28.648129,0.9851658344268799,0.08679594,0.8802083333333334,0.9407313997477932,0.7852193995381063
Uformer + PathologyLoss,BraTS2021_00016,29.234848,0.9861539006233215,0.083711036,0.9015544041450777,0.9242618741976893,0.8053097345132744
Uformer + PathologyLoss,BraTS2021_00016,29.66431,0.9870069026947021,0.08050216,0.8633364750235627,0.9193083573487032,0.8151447661469933
Uformer + PathologyLoss,BraTS2021_00016,29.97665,0.9879472851753235,0.07791758,0.8852140077821011,0.9345794392523364,0.8656036446469249
Uformer + PathologyLoss,BraTS2021_00016,29.273092,0.9881442785263062,0.07981464,0.891542288557214,0.9055258467023173,0.8157248157248157
Uformer + PathologyLoss,BraTS2021_00016,29.872122,0.9888905882835388,0.07584076,0.9442307692307692,0.9087301587301587,0.8534704370179949
Uformer + PathologyLoss,BraTS2021_00016,30.25167,0.9891856908798218,0.07514296,0.882921589688507,0.8505154639175257,0.7717041800643086
Uformer + PathologyLoss,BraTS2021_00016,29.698296,0.9893811941146851,0.07500433,0.8404494382022472,0.7250996015936255,0.6755555555555556
Uformer + PathologyLoss,BraTS2021_00016,29.922535,0.9896478652954102,0.074497014,0.48757763975155277,0.23809523809523808,0.23809523809523808
Uformer + PathologyLoss,BraTS2021_00016,30.14366,0.989470362663269,0.0740819,0.45346869712351945,0.0,0.0
Uformer + PathologyLoss,BraTS2021_00016,30.62352,0.9893372654914856,0.07324002,0.2862669245647969,0.0,0.0
Uformer + PathologyLoss,BraTS2021_00016,30.010265,0.9890643358230591,0.07350942,0.9152941176470588,nan,nan
Uformer + PathologyLoss,BraTS2021_00016,30.114576,0.9890192747116089,0.07407343,0.6843853820598007,nan,nan
Uformer + PathologyLoss,BraTS2021_00016,30.439196,0.9890719652175903,0.07275428,0.022535211267605635,nan,nan
Uformer + PathologyLoss,BraTS2021_00016,30.127182,0.9888630509376526,0.07392139,0.602803738317757,nan,nan
Uformer + PathologyLoss,BraTS2021_00016,30.380356,0.9883424639701843,0.07402663,0.4166666666666667,nan,nan
Uformer + PathologyLoss,BraTS2021_00016,30.31839,0.9877971410751343,0.077003725,0.05825242718446602,nan,nan
Uformer + PathologyLoss,BraTS2021_00016,29.819336,0.9861007928848267,0.0797518,0.0,nan,nan
Uformer + PathologyLoss,BraTS2021_00016,29.848362,0.98561030626297,0.081780314,0.0,nan,nan
Uformer + PathologyLoss,BraTS2021_00022,29.713272,0.9732056856155396,0.12617587,0.0,0.0,0.0
Uformer + PathologyLoss,BraTS2021_00022,29.373322,0.9718266725540161,0.1281072,0.0,0.0,0.0
Uformer + PathologyLoss,BraTS2021_00022,28.648197,0.9610248804092407,0.14082049,0.0,0.0,0.0
Uformer + PathologyLoss,BraTS2021_00022,28.10062,0.9517059326171875,0.14643134,0.0,0.0,0.0
Uformer + PathologyLoss,BraTS2021_00022,28.688013,0.9537673592567444,0.13436577,0.1130952380952381,0.013888888888888888,0.013888888888888888
Uformer + PathologyLoss,BraTS2021_00022,28.8312,0.9530671834945679,0.13024223,0.36065573770491804,0.0,0.0
Uformer + PathologyLoss,BraTS2021_00022,28.99616,0.9518595933914185,0.12716012,0.824,0.6839186691312384,0.6779026217228464
Uformer + PathologyLoss,BraTS2021_00022,29.387932,0.9542946815490723,0.12411179,0.24866785079928952,0.0,0.0
Uformer + PathologyLoss,BraTS2021_00022,29.298294,0.9572927355766296,0.12014256,0.6819830713422007,0.4259634888438134,0.4733178654292343
Uformer + PathologyLoss,BraTS2021_00022,29.488165,0.9575016498565674,0.11725066,0.7785234899328859,0.7247386759581882,0.6029173419773096
Uformer + PathologyLoss,BraTS2021_00022,29.565296,0.9603493213653564,0.11396942,0.8010999083409716,0.7839506172839507,0.6335403726708074
Uformer + PathologyLoss,BraTS2021_00022,29.855621,0.9590440988540649,0.11289234,0.8336192109777015,0.8336314847942755,0.7049180327868853
Uformer + PathologyLoss,BraTS2021_00022,29.846321,0.9603281021118164,0.112586014,0.8657407407407407,0.8653530377668309,0.7633986928104575
Uformer + PathologyLoss,BraTS2021_00022,30.211164,0.9630139470100403,0.10848007,0.8643578643578643,0.8553654743390358,0.7129750982961992
Uformer + PathologyLoss,BraTS2021_00022,29.90752,0.9639908671379089,0.10588976,0.8516678495386799,0.8632986627043091,0.6937738246505718
Uformer + PathologyLoss,BraTS2021_00022,30.162985,0.9652414917945862,0.10472472,0.8829174664107485,0.8698539176626826,0.739514348785872
Uformer + PathologyLoss,BraTS2021_00022,30.121649,0.9629402756690979,0.10670317,0.8956310679611651,0.8473034437946718,0.7491926803013994
Uformer + PathologyLoss,BraTS2021_00022,29.813812,0.9645743370056152,0.10434484,0.9150622876557192,0.8886198547215496,0.8165680473372781
Uformer + PathologyLoss,BraTS2021_00022,29.926146,0.9626346230506897,0.10565015,0.9027932960893855,0.8557634278817139,0.7898477157360406
Uformer + PathologyLoss,BraTS2021_00022,29.774687,0.963585615158081,0.10474278,0.9027921406411582,0.9106382978723404,0.7869142351900973
Uformer + PathologyLoss,BraTS2021_00022,29.914104,0.9650977253913879,0.103415005,0.8735398679532758,0.8571428571428571,0.7382053654024052
Uformer + PathologyLoss,BraTS2021_00022,29.777306,0.9664751887321472,0.103103675,0.8831798351914687,0.8689866939611054,0.7422303473491774
Uformer + PathologyLoss,BraTS2021_00022,29.837658,0.9655788540840149,0.1034851,0.874409820585458,0.8685376661742984,0.737410071942446
Uformer + PathologyLoss,BraTS2021_00022,29.964888,0.9687175750732422,0.09925794,0.8931159420289855,0.9056429232192414,0.7890691716481639
Uformer + PathologyLoss,BraTS2021_00022,29.887522,0.9698114395141602,0.09753053,0.9221556886227545,0.927042376583661,0.8107229894394801
Uformer + PathologyLoss,BraTS2021_00022,29.956585,0.970276415348053,0.0977738,0.9370629370629371,0.9382924767540152,0.8548387096774194
Uformer + PathologyLoss,BraTS2021_00022,29.931814,0.9709435701370239,0.098515846,0.9204123711340206,0.9094772630684232,0.7956448911222781
Uformer + PathologyLoss,BraTS2021_00022,30.021156,0.9695494771003723,0.10011228,0.9180982820615262,0.8828752642706131,0.7906976744186046
Uformer + PathologyLoss,BraTS2021_00022,30.208782,0.972989022731781,0.09304878,0.9416604338070307,0.9589251439539347,0.8701854493580599
Uformer + PathologyLoss,BraTS2021_00022,30.332924,0.9746338725090027,0.09102837,0.9714482284141727,0.9723032069970845,0.8974189278623428
Uformer + PathologyLoss,BraTS2021_00022,30.4772,0.9767966866493225,0.08969277,0.9343065693430657,0.892047637341529,0.7912984364377974
Uformer + PathologyLoss,BraTS2021_00022,30.719316,0.9791889786720276,0.085345276,0.9380291229258382,0.8476153547886778,0.7532981530343008
Uformer + PathologyLoss,BraTS2021_00022,30.9743,0.9794798493385315,0.08504941,0.9801449732114718,0.957983193277311,0.8997890295358649
Uformer + PathologyLoss,BraTS2021_00022,30.955622,0.9799466729164124,0.08352235,0.9751552795031055,0.95478374836173,0.8827444956477215
Uformer + PathologyLoss,BraTS2021_00022,31.09935,0.9793533086776733,0.08503398,0.9776852127343053,0.9634945397815913,0.9014084507042254
Uformer + PathologyLoss,BraTS2021_00022,31.120705,0.9812703132629395,0.08058183,0.9652096342551294,0.9630788485607009,0.9059907834101383
Uformer + PathologyLoss,BraTS2021_00022,30.903793,0.9798125624656677,0.08301802,0.9709567198177677,0.9709618874773139,0.8705258506407424
Uformer + PathologyLoss,BraTS2021_00022,31.381962,0.9798932075500488,0.08108244,0.9808470461289452,0.9466192170818505,0.8492063492063492
Uformer + PathologyLoss,BraTS2021_00022,31.049942,0.9750238656997681,0.08444879,0.9891275523733758,0.9563927617917531,0.8984263233190272
Uformer + PathologyLoss,BraTS2021_00022,31.114492,0.9753071069717407,0.08366208,0.961715992397502,0.9253152279340446,0.8680947012401353
Uformer + PathologyLoss,BraTS2021_00022,31.270798,0.9739086627960205,0.08173823,0.9769011160134959,0.9448191293684856,0.8974106850213045
Uformer + PathologyLoss,BraTS2021_00022,31.17619,0.969886839389801,0.08391146,0.9814912744579588,0.9461436170212766,0.888967468175389
Uformer + PathologyLoss,BraTS2021_00022,31.2331,0.9664825201034546,0.085128486,0.9632721202003339,0.9376126938333934,0.9275037369207773
Uformer + PathologyLoss,BraTS2021_00022,31.363037,0.9656580686569214,0.085599855,0.9428571428571428,0.8185170012290045,0.8377230246389125
Uformer + PathologyLoss,BraTS2021_00022,31.10674,0.965409517288208,0.087277666,0.9532582736267485,0.8568281938325991,0.8622821810005621
Uformer + PathologyLoss,BraTS2021_00022,30.979841,0.9690995812416077,0.0872114,0.9209645010046885,0.813273340832396,0.8704038577456299
Uformer + PathologyLoss,BraTS2021_00022,30.644724,0.9647970795631409,0.091214664,0.9307295504789977,0.9503335804299481,0.9503335804299481
Uformer + PathologyLoss,BraTS2021_00022,30.73664,0.9634456634521484,0.092383936,0.8960901725959844,0.9398663697104677,0.9382899628252788
Uformer + PathologyLoss,BraTS2021_00022,30.321957,0.9650107026100159,0.09398724,0.8952676493405741,0.9328743545611016,0.9328743545611016
Uformer + PathologyLoss,BraTS2021_00022,30.22705,0.9644802212715149,0.095763944,0.9054054054054054,0.9413919413919414,0.9413919413919414
Uformer + PathologyLoss,BraTS2021_00022,30.118315,0.9623205065727234,0.097837284,0.9162740123233055,0.9338235294117647,0.9346826126954921
Uformer + PathologyLoss,BraTS2021_00022,30.332989,0.9675742387771606,0.095646076,0.9385749385749386,0.920892494929006,0.8981288981288982
Uformer + PathologyLoss,BraTS2021_00022,30.098192,0.9634142518043518,0.09821894,0.9404411764705882,0.9048106448311156,0.9039665970772442
Uformer + PathologyLoss,BraTS2021_00022,29.710716,0.9658631086349487,0.10010894,0.9505791505791505,0.8784227820372399,0.883668903803132
Uformer + PathologyLoss,BraTS2021_00022,29.32556,0.9654070138931274,0.10379369,0.9304518664047151,0.7680180180180181,0.8285356695869838
Uformer + PathologyLoss,BraTS2021_00022,29.395674,0.9640330672264099,0.10679238,0.9634408602150538,0.9022082018927445,0.9076433121019108
Uformer + PathologyLoss,BraTS2021_00022,29.217636,0.9630685448646545,0.10922796,0.9512740277156907,0.75642965204236,0.794912559618442
Uformer + PathologyLoss,BraTS2021_00022,29.0409,0.9628587365150452,0.11306746,0.9275491949910555,0.8669724770642202,0.8709677419354839
Uformer + PathologyLoss,BraTS2021_00022,28.749361,0.9674593806266785,0.110528424,0.9427740058195926,0.7,0.7208672086720868
Uformer + PathologyLoss,BraTS2021_00022,29.035368,0.9684358239173889,0.113996945,0.8978947368421053,0.6728110599078341,0.7227722772277227
Uformer + PathologyLoss,BraTS2021_00022,29.032429,0.970328688621521,0.113743484,0.9329411764705883,0.5294117647058824,0.5294117647058824
Uformer + PathologyLoss,BraTS2021_00022,28.70218,0.9696044921875,0.11916032,0.9340166559897501,0.0,0.0
Uformer + PathologyLoss,BraTS2021_00022,28.029861,0.9676493406295776,0.12633118,0.9018366054464851,0.0,0.0
Uformer + PathologyLoss,BraTS2021_00022,27.85754,0.967658281326294,0.13016519,0.9221311475409836,0.0,0.0
Uformer + PathologyLoss,BraTS2021_00022,27.717695,0.9686281681060791,0.13394849,0.9176984705025492,0.0,0.0
Uformer + PathologyLoss,BraTS2021_00022,27.56069,0.9694675803184509,0.13734713,0.9201581027667984,0.0,0.0
Uformer + PathologyLoss,BraTS2021_00022,27.461586,0.9700788259506226,0.14079344,0.9089285714285714,nan,nan
Uformer + PathologyLoss,BraTS2021_00022,27.866957,0.9718457460403442,0.14235185,0.824468085106383,nan,nan
Uformer + PathologyLoss,BraTS2021_00022,27.781488,0.9744367003440857,0.14154764,0.8433734939759037,0.0,0.0
Uformer + PathologyLoss,BraTS2021_00022,28.049948,0.9750615358352661,0.14536607,0.8070175438596491,0.0,0.0
Uformer + PathologyLoss,BraTS2021_00022,27.782345,0.9746443629264832,0.15167877,0.9154013015184381,nan,nan
Uformer + PathologyLoss,BraTS2021_00022,28.055256,0.9770822525024414,0.14938739,0.8733624454148472,nan,nan
Uformer + PathologyLoss,BraTS2021_00022,28.324306,0.978469729423523,0.1503195,0.8807339449541285,nan,nan
Uformer + PathologyLoss,BraTS2021_00022,28.135086,0.9784266948699951,0.15575182,0.8404669260700389,nan,nan
Uformer + PathologyLoss,BraTS2021_00028,29.593962,0.9700039625167847,0.15072188,0.0,0.0,0.0
Uformer + PathologyLoss,BraTS2021_00028,29.696524,0.9692836403846741,0.14870778,0.5147058823529411,0.4418604651162791,0.4418604651162791
Uformer + PathologyLoss,BraTS2021_00028,29.5163,0.9693288803100586,0.14441626,0.20526315789473684,0.0,0.0
Uformer + PathologyLoss,BraTS2021_00028,29.70139,0.9693159461021423,0.14066595,0.5558659217877095,0.5626204238921002,0.5910931174089069
Uformer + PathologyLoss,BraTS2021_00028,29.73918,0.967340886592865,0.13983294,0.7307086614173228,0.5830388692579506,0.6226415094339622
Uformer + PathologyLoss,BraTS2021_00028,29.835155,0.9658616781234741,0.13744776,0.6455266138165345,0.6510851419031719,0.6989247311827957
Uformer + PathologyLoss,BraTS2021_00028,29.82189,0.9699516296386719,0.12949775,0.5676077265973254,0.28699551569506726,0.3160493827160494
Uformer + PathologyLoss,BraTS2021_00028,29.90683,0.9658668637275696,0.13215749,0.7263681592039801,0.34801762114537443,0.38072289156626504
Uformer + PathologyLoss,BraTS2021_00028,30.079102,0.9650927782058716,0.1280882,0.6798679867986799,0.4326530612244898,0.452991452991453
Uformer + PathologyLoss,BraTS2021_00028,29.992407,0.9626860022544861,0.12673096,0.3354564755838641,0.0,0.0
Uformer + PathologyLoss,BraTS2021_00028,29.787891,0.9578396677970886,0.12942916,0.7887667887667887,0.5578747628083491,0.5578747628083491
Uformer + PathologyLoss,BraTS2021_00028,29.901525,0.9574407935142517,0.12774219,0.6422250316055625,0.26732673267326734,0.26732673267326734
Uformer + PathologyLoss,BraTS2021_00028,29.984217,0.9637467861175537,0.11972665,0.7208872458410351,0.012987012987012988,0.012987012987012988
Uformer + PathologyLoss,BraTS2021_00028,30.154068,0.9638577103614807,0.118349336,0.0,0.0,0.0
Uformer + PathologyLoss,BraTS2021_00028,30.092266,0.9649001359939575,0.1142578,0.23684210526315788,0.0,0.0
Uformer + PathologyLoss,BraTS2021_00028,29.935146,0.9644933938980103,0.11515827,0.0,0.0,0.0
Uformer + PathologyLoss,BraTS2021_00028,30.325905,0.9667909145355225,0.112122074,0.12307692307692308,0.0,0.0
Uformer + PathologyLoss,BraTS2021_00028,30.154419,0.9654526114463806,0.114073806,0.37320574162679426,0.0,0.0
Uformer + PathologyLoss,BraTS2021_00028,30.620077,0.9648615717887878,0.11253902,0.0,0.0,0.0
Uformer + PathologyLoss,BraTS2021_00028,30.795418,0.9679668545722961,0.10686422,0.31762652705061084,nan,nan
Uformer + PathologyLoss,BraTS2021_00028,31.060596,0.9722301959991455,0.10100706,0.5590230664857531,nan,nan
Uformer + PathologyLoss,BraTS2021_00028,31.065104,0.9725296497344971,0.09911205,0.7746319365798414,nan,nan
Uformer + PathologyLoss,BraTS2021_00028,30.882244,0.9721235036849976,0.10147281,0.8272827282728272,nan,nan
Uformer + PathologyLoss,BraTS2021_00028,30.844753,0.9715339541435242,0.10387814,0.7344913151364765,0.0,0.0
Uformer + PathologyLoss,BraTS2021_00028,30.780067,0.9722204804420471,0.101909034,0.5730994152046783,0.0,0.0
Uformer + PathologyLoss,BraTS2021_00028,30.847965,0.9751806259155273,0.09976605,0.6484268125854993,0.0,0.0
Uformer + PathologyLoss,BraTS2021_00028,30.973518,0.9744999408721924,0.09984909,0.7457627118644068,0.0,0.0
Uformer + PathologyLoss,BraTS2021_00028,31.032915,0.9734171628952026,0.099667765,0.6583463338533542,0.0,0.0
Uformer + PathologyLoss,BraTS2021_00028,31.31771,0.9746536612510681,0.09620393,0.8710407239819005,0.0,0.0
Uformer + PathologyLoss,BraTS2021_00028,31.309797,0.9736328125,0.09757872,0.8933177022274326,0.29739776951672864,0.29739776951672864
Uformer + PathologyLoss,BraTS2021_00028,31.065596,0.9755493998527527,0.096515164,0.8407643312101911,0.0,0.0
Uformer + PathologyLoss,BraTS2021_00028,31.3517,0.9744373559951782,0.09622204,0.8613138686131386,0.0,0.0
Uformer + PathologyLoss,BraTS2021_00028,31.330933,0.974635660648346,0.09520589,0.6257142857142857,0.0,0.0
Uformer + PathologyLoss,BraTS2021_00028,31.224592,0.9771202802658081,0.09479503,0.7946308724832215,0.0,0.0
Uformer + PathologyLoss,BraTS2021_00028,31.24554,0.9730013608932495,0.09811423,0.4782608695652174,0.0,0.0
Uformer + PathologyLoss,BraTS2021_00028,30.994534,0.9720613360404968,0.10083352,0.1810344827586207,0.0,0.0
Uformer + PathologyLoss,BraTS2021_00028,30.886269,0.9753938317298889,0.09712953,0.5070921985815603,0.0,0.0
Uformer + PathologyLoss,BraTS2021_00028,31.138563,0.973781168460846,0.09648178,0.7795620437956204,0.0,0.0
Uformer + PathologyLoss,BraTS2021_00028,31.198185,0.9733648896217346,0.0979639,0.8228571428571428,0.06930693069306931,0.0830860534124629
Uformer + PathologyLoss,BraTS2021_00028,30.983055,0.9730470776557922,0.0974538,0.8171091445427728,0.0,0.0
Uformer + PathologyLoss,BraTS2021_00028,31.088533,0.97617107629776,0.093895495,0.8538681948424068,0.0,0.0
Uformer + PathologyLoss,BraTS2021_00028,31.180538,0.9772409796714783,0.09253849,0.8989071038251366,0.19679633867276888,0.21182266009852216
Uformer + PathologyLoss,BraTS2021_00028,31.442518,0.9789974689483643,0.09131926,0.56,0.0,0.0
Uformer + PathologyLoss,BraTS2021_00028,31.81697,0.981533408164978,0.08778979,0.43711340206185567,0.0,0.0
Uformer + PathologyLoss,BraTS2021_00028,32.159416,0.9817847609519958,0.086204015,0.5085470085470085,0.0,0.0
Uformer + PathologyLoss,BraTS2021_00028,32.0019,0.9801474213600159,0.088427566,0.6257928118393234,0.0,0.0
Uformer + PathologyLoss,BraTS2021_00028,32.18324,0.9829790592193604,0.08525306,0.4425287356321839,0.0,0.0
Uformer + PathologyLoss,BraTS2021_00028,31.78213,0.9797182679176331,0.08875453,0.5116279069767442,0.0,0.0
Uformer + PathologyLoss,BraTS2021_00028,32.400055,0.9824503660202026,0.08230684,0.0,0.0,0.0
Uformer + PathologyLoss,BraTS2021_00028,32.51055,0.9779424071311951,0.0877718,0.0,0.0,0.0
Uformer + PathologyLoss,BraTS2021_00051,32.234272,0.9893198013305664,0.091111176,0.8026315789473685,nan,nan
Uformer + PathologyLoss,BraTS2021_00051,32.399776,0.9888542294502258,0.09207302,0.8845070422535212,nan,nan
Uformer + PathologyLoss,BraTS2021_00051,31.995108,0.9886752963066101,0.09299679,0.6954954954954955,nan,nan
Uformer + PathologyLoss,BraTS2021_00051,31.50158,0.9877043962478638,0.0937653,0.7102272727272727,nan,nan
Uformer + PathologyLoss,BraTS2021_00051,31.06604,0.9852616190910339,0.09805848,0.5197044334975369,nan,nan
Uformer + PathologyLoss,BraTS2021_00051,30.976236,0.9831410646438599,0.09701437,0.7049608355091384,nan,nan
Uformer + PathologyLoss,BraTS2021_00051,31.087381,0.9829964637756348,0.09263846,0.77007700770077,nan,nan
Uformer + PathologyLoss,BraTS2021_00051,31.5948,0.9843536615371704,0.087363034,0.7919463087248322,0.0,0.0
Uformer + PathologyLoss,BraTS2021_00051,31.669624,0.983262300491333,0.08482838,0.7916251246261217,0.0,0.0
Uformer + PathologyLoss,BraTS2021_00051,31.68889,0.9840894341468811,0.08251236,0.8108597285067873,nan,nan
Uformer + PathologyLoss,BraTS2021_00051,31.680574,0.9808790683746338,0.08419141,0.8495428096425602,0.0,0.0
Uformer + PathologyLoss,BraTS2021_00051,31.26768,0.981671929359436,0.08330011,0.7335058214747736,0.0,0.0
Uformer + PathologyLoss,BraTS2021_00051,31.28317,0.9820858836174011,0.08037938,0.704,0.0,0.0
Uformer + PathologyLoss,BraTS2021_00051,31.341593,0.9821027517318726,0.07954206,0.7693617021276595,0.39864864864864863,0.4083044982698962
Uformer + PathologyLoss,BraTS2021_00051,31.685059,0.9836576581001282,0.075600766,0.8554125662376987,0.26422764227642276,0.25684210526315787
Uformer + PathologyLoss,BraTS2021_00051,31.805576,0.985016942024231,0.07395462,0.8783530879600748,0.2954898911353033,0.29523809523809524
Uformer + PathologyLoss,BraTS2021_00051,31.777626,0.98394376039505,0.074578255,0.9249789266647935,0.8674275680421423,0.7736220472440944
Uformer + PathologyLoss,BraTS2021_00051,31.481874,0.9850407838821411,0.07389308,0.9199048374306106,0.8326596604688763,0.7883082373782108
Uformer + PathologyLoss,BraTS2021_00051,31.500107,0.9847392439842224,0.074837886,0.899414311179017,0.9782016348773842,0.7410138248847926
Uformer + PathologyLoss,BraTS2021_00051,31.530155,0.9854692816734314,0.073322974,0.9241743725231175,0.9699680511182108,0.8044406490179334
Uformer + PathologyLoss,BraTS2021_00051,31.777073,0.9864515066146851,0.07031365,0.9117126233240577,0.9822194972409565,0.8429184549356223
Uformer + PathologyLoss,BraTS2021_00051,32.061615,0.9873511791229248,0.06928256,0.9327668082979255,0.9146183699870634,0.6579520697167756
Uformer + PathologyLoss,BraTS2021_00051,32.082,0.9884383678436279,0.06594494,0.9318398474737846,0.9616279069767442,0.8430493273542601
Uformer + PathologyLoss,BraTS2021_00051,32.343647,0.9885337352752686,0.065456115,0.9098143236074271,0.9773123909249564,0.8611111111111112
Uformer + PathologyLoss,BraTS2021_00051,32.379814,0.9890668392181396,0.0639194,0.93007769145394,0.9797101449275363,0.8888888888888888
Uformer + PathologyLoss,BraTS2021_00051,32.30725,0.9884204864501953,0.064111516,0.9324618736383442,0.9609949123798757,0.8933566433566433
Uformer + PathologyLoss,BraTS2021_00051,32.356888,0.9885886311531067,0.06373432,0.9320044296788483,0.9807474518686297,0.9387417218543046
Uformer + PathologyLoss,BraTS2021_00051,32.347225,0.9887912273406982,0.0647114,0.9397266412726866,0.9598643301300169,0.8609715242881072
Uformer + PathologyLoss,BraTS2021_00051,32.12682,0.9892615675926208,0.06404056,0.9372478709099059,0.9841642228739003,0.8813868613138686
Uformer + PathologyLoss,BraTS2021_00051,32.29518,0.9888092279434204,0.06422626,0.9408553230209281,0.9780415430267062,0.893136403127715
Uformer + PathologyLoss,BraTS2021_00051,32.20822,0.989186704158783,0.06318071,0.9389435170363595,0.9830713422007256,0.8751091703056768
Uformer + PathologyLoss,BraTS2021_00051,32.165382,0.9898494482040405,0.062040046,0.9025663331883428,0.972809667673716,0.8392089423903697
Uformer + PathologyLoss,BraTS2021_00051,32.33609,0.9896533489227295,0.06122089,0.9103359726086027,0.9642416769420469,0.8723051409618574
Uformer + PathologyLoss,BraTS2021_00051,32.157677,0.989613950252533,0.062064115,0.9300833867864016,0.9593908629441624,0.8618421052631579
Uformer + PathologyLoss,BraTS2021_00051,32.370888,0.9897217154502869,0.061259855,0.9257623554153522,0.9393737508327782,0.8445146014206788
Uformer + PathologyLoss,BraTS2021_00051,32.34847,0.9890236258506775,0.06231665,0.9200083980684443,0.9306930693069307,0.8394222599830077
Uformer + PathologyLoss,BraTS2021_00051,32.558098,0.9899149537086487,0.060595892,0.9216433714527742,0.934931506849315,0.9081177520071365
Uformer + PathologyLoss,BraTS2021_00051,32.893784,0.9914124011993408,0.05683783,0.9225901708500316,0.9299111549851925,0.8972533062054934
Uformer + PathologyLoss,BraTS2021_00051,32.630264,0.9915266036987305,0.056643687,0.9352173913043478,0.9244644870349493,0.904707233065442
Uformer + PathologyLoss,BraTS2021_00051,32.442905,0.9903364777565002,0.059667055,0.9252653927813164,0.9481865284974094,0.9357798165137615
Uformer + PathologyLoss,BraTS2021_00051,32.56329,0.9913314580917358,0.057534337,0.94452524413048,0.9406528189910979,0.9406528189910979
Uformer + PathologyLoss,BraTS2021_00051,32.999023,0.9923843145370483,0.05442361,0.9468233419637523,0.9422066549912435,0.9422066549912435
Uformer + PathologyLoss,BraTS2021_00051,33.307545,0.9927228689193726,0.05318505,0.9519423307969563,0.8967136150234741,0.8967136150234741
Uformer + PathologyLoss,BraTS2021_00051,32.84419,0.9931504726409912,0.05415623,0.9459189782478548,0.7749077490774908,0.7657992565055762
Uformer + PathologyLoss,BraTS2021_00051,33.01374,0.993448793888092,0.052586265,0.9573344169036977,0.4742268041237113,0.4742268041237113
Uformer + PathologyLoss,BraTS2021_00051,32.62079,0.9927160143852234,0.055544287,0.96794208893485,0.0,0.0
Uformer + PathologyLoss,BraTS2021_00051,33.188515,0.9931798577308655,0.052383624,0.9638253638253639,0.0,nan
Uformer + PathologyLoss,BraTS2021_00051,33.054337,0.9930641055107117,0.05284652,0.955685618729097,nan,nan
Uformer + PathologyLoss,BraTS2021_00051,33.14622,0.993658185005188,0.05170196,0.9378389653733834,nan,nan
Uformer + PathologyLoss,BraTS2021_00051,33.392143,0.9933028221130371,0.051663283,0.9579904720658293,nan,nan
Uformer + PathologyLoss,BraTS2021_00051,33.706802,0.9933332800865173,0.05145924,0.9749605233476201,nan,nan
Uformer + PathologyLoss,BraTS2021_00051,33.148438,0.9932207465171814,0.052565426,0.9777465448582806,nan,nan
Uformer + PathologyLoss,BraTS2021_00051,33.145668,0.993337094783783,0.05178553,0.9748350842902517,nan,nan
Uformer + PathologyLoss,BraTS2021_00051,33.339863,0.9929185509681702,0.052957896,0.9747593026281551,nan,nan
Uformer + PathologyLoss,BraTS2021_00051,33.330845,0.9924765229225159,0.054029204,0.9488243430152143,nan,nan
Uformer + PathologyLoss,BraTS2021_00051,33.351254,0.9914764165878296,0.05480203,0.9347432024169184,nan,nan
Uformer + PathologyLoss,BraTS2021_00051,32.92102,0.9915223717689514,0.056394536,0.9375632804589943,nan,nan
Uformer + PathologyLoss,BraTS2021_00051,33.170433,0.9912838935852051,0.056312125,0.8584269662921349,nan,nan
Uformer + PathologyLoss,BraTS2021_00051,33.003452,0.9907968640327454,0.058668442,0.8981525343439128,nan,nan
Uformer + PathologyLoss,BraTS2021_00051,32.618973,0.9907651543617249,0.060548276,0.8754974417282547,nan,nan
Uformer + PathologyLoss,BraTS2021_00051,32.930077,0.9899725317955017,0.062137406,0.790834312573443,nan,nan
Uformer + PathologyLoss,BraTS2021_00051,32.676006,0.9897720813751221,0.063348964,0.7432698621142482,nan,nan
Uformer + PathologyLoss,BraTS2021_00051,32.818504,0.9900369644165039,0.06365492,0.7962264150943397,nan,nan
Uformer + PathologyLoss,BraTS2021_00051,32.409527,0.9883362054824829,0.0667346,0.7357954545454546,nan,nan
Uformer + PathologyLoss,BraTS2021_00051,32.159218,0.988695502281189,0.06813037,0.6772908366533864,nan,nan
Uformer + PathologyLoss,BraTS2021_00054,30.355804,0.9554055333137512,0.12741938,0.04081632653061224,0.045454545454545456,0.045454545454545456
Uformer + PathologyLoss,BraTS2021_00054,30.433601,0.9523369669914246,0.12795146,0.2920353982300885,0.32038834951456313,0.32038834951456313
Uformer + PathologyLoss,BraTS2021_00054,30.24576,0.9493821859359741,0.12796514,0.5071151358344114,0.6937119675456389,0.7213930348258707
Uformer + PathologyLoss,BraTS2021_00054,30.247543,0.948576807975769,0.1270545,0.6481113320079522,0.7135416666666666,0.6135693215339233
Uformer + PathologyLoss,BraTS2021_00054,30.000362,0.9463115334510803,0.12492541,0.8029465930018416,0.8191881918819188,0.729264475743349
Uformer + PathologyLoss,BraTS2021_00054,30.306177,0.9421879649162292,0.12585157,0.8027522935779816,0.8008519701810437,0.7062146892655368
Uformer + PathologyLoss,BraTS2021_00054,30.080608,0.945406973361969,0.12024604,0.8536409516943042,0.8018348623853211,0.7723669309173273
Uformer + PathologyLoss,BraTS2021_00054,30.439468,0.9442442059516907,0.1185221,0.886829913964262,0.8148148148148148,0.833641404805915
Uformer + PathologyLoss,BraTS2021_00054,30.466694,0.9434069395065308,0.11651829,0.8883774453394706,0.8467683369644154,0.8248888888888889
Uformer + PathologyLoss,BraTS2021_00054,30.295528,0.9348154664039612,0.11895489,0.8976994615761136,0.8820638820638821,0.8313908313908314
Uformer + PathologyLoss,BraTS2021_00054,30.337336,0.9362382888793945,0.11622327,0.8876055086628165,0.8674062334918119,0.783617747440273
Uformer + PathologyLoss,BraTS2021_00054,30.5098,0.9292764663696289,0.11612193,0.917994558880684,0.8891916439600364,0.7665847665847666
Uformer + PathologyLoss,BraTS2021_00054,30.866985,0.9384492039680481,0.109296404,0.9294117647058824,0.8842375053395984,0.7871198568872988
Uformer + PathologyLoss,BraTS2021_00054,30.635387,0.9412470459938049,0.1085828,0.919500346981263,0.8864696734059098,0.8114942528735632
Uformer + PathologyLoss,BraTS2021_00054,30.88378,0.945837676525116,0.106144704,0.9105160026126714,0.8991416309012875,0.7411273486430062
Uformer + PathologyLoss,BraTS2021_00054,30.924355,0.9511402249336243,0.10283496,0.9171339563862928,0.8789893617021277,0.689553702795488
Uformer + PathologyLoss,BraTS2021_00054,30.549442,0.9557328224182129,0.1031661,0.839677047289504,0.7854430379746835,0.64
Uformer + PathologyLoss,BraTS2021_00054,30.968592,0.962684690952301,0.09865348,0.8843791722296395,0.7833590138674884,0.7125353440150801
Uformer + PathologyLoss,BraTS2021_00054,31.003304,0.9629281759262085,0.09860682,0.8262987012987013,0.8005856515373353,0.6924113156713066
Uformer + PathologyLoss,BraTS2021_00054,31.059353,0.9648237824440002,0.096348174,0.8872219348163477,0.8443181818181819,0.7255389718076285
Uformer + PathologyLoss,BraTS2021_00054,30.957066,0.9625334143638611,0.09905043,0.8933333333333333,0.8616404308202155,0.7695943284757779
Uformer + PathologyLoss,BraTS2021_00054,31.2099,0.9636182188987732,0.097101904,0.9275154983309489,0.9055177626606198,0.773839970770917
Uformer + PathologyLoss,BraTS2021_00054,31.020569,0.9635933637619019,0.096404545,0.927246790299572,0.8575875486381322,0.7992766726943942
Uformer + PathologyLoss,BraTS2021_00054,31.153912,0.9615159034729004,0.0967016,0.9221476510067114,0.8667628667628667,0.7424042272126816
Uformer + PathologyLoss,BraTS2021_00054,31.218296,0.9535910487174988,0.10004902,0.8925729442970822,0.8234728234728235,0.7190167292591328
Uformer + PathologyLoss,BraTS2021_00054,31.299812,0.9499455094337463,0.09764224,0.9130732375085557,0.823409669211196,0.7329992841803865
Uformer + PathologyLoss,BraTS2021_00054,31.349514,0.9459773898124695,0.09782992,0.9151775616376385,0.8550548112058465,0.6951607205934299
Uformer + PathologyLoss,BraTS2021_00054,31.563965,0.9500219821929932,0.09529472,0.9582361670553318,0.8389440542504238,0.6993557623478883
Uformer + PathologyLoss,BraTS2021_00054,31.255705,0.9494519233703613,0.09691853,0.9247958745165449,0.8290680830516659,0.6761262859169919
Uformer + PathologyLoss,BraTS2021_00054,31.565535,0.955844521522522,0.09377213,0.9347919347919348,0.7895271987798678,0.6496865203761756
Uformer + PathologyLoss,BraTS2021_00054,31.3256,0.9514996409416199,0.09735455,0.923679060665362,0.8098434004474273,0.6562113082955014
Uformer + PathologyLoss,BraTS2021_00054,31.268349,0.9511390328407288,0.09845443,0.9202614379084967,0.8085648738210554,0.6603119584055459
Uformer + PathologyLoss,BraTS2021_00054,31.05668,0.9497407078742981,0.100584775,0.883110906580764,0.8386131204789224,0.663575042158516
Uformer + PathologyLoss,BraTS2021_00054,31.08655,0.9538621306419373,0.100059606,0.8970688479890934,0.8332506203473945,0.6690734055354994
Uformer + PathologyLoss,BraTS2021_00054,30.940384,0.9530575275421143,0.100592345,0.8570048309178744,0.8244313825709174,0.7067137809187279
Uformer + PathologyLoss,BraTS2021_00054,31.274616,0.961656928062439,0.096519776,0.9449035812672176,0.8866699950074888,0.7205998421468035
Uformer + PathologyLoss,BraTS2021_00054,31.091057,0.9596140384674072,0.09691492,0.9608475356978351,0.9238119185315564,0.7577689243027889
Uformer + PathologyLoss,BraTS2021_00054,31.114388,0.958984375,0.099005744,0.944078947368421,0.9173306772908366,0.7426415094339622
Uformer + PathologyLoss,BraTS2021_00054,31.023962,0.9556825757026672,0.103547916,0.931323283082077,0.891926747485169,0.7183154549066348
Uformer + PathologyLoss,BraTS2021_00054,30.803602,0.9550857543945312,0.10642826,0.9477234401349073,0.8360200111172874,0.7531380753138075
Uformer + PathologyLoss,BraTS2021_00054,30.442438,0.9558696150779724,0.10806052,0.9238241308793456,0.8576329331046312,0.6596398770311814
Uformer + PathologyLoss,BraTS2021_00054,30.431273,0.9544373750686646,0.111314885,0.9355002539360081,0.8579009433962265,0.6733852496564361
Uformer + PathologyLoss,BraTS2021_00054,30.381462,0.9618658423423767,0.11057814,0.8665603402445508,0.7301808066759388,0.6544474393530997
Uformer + PathologyLoss,BraTS2021_00054,29.8488,0.9559205770492554,0.11949459,0.8052325581395349,0.787598944591029,0.6028059990324142
Uformer + PathologyLoss,BraTS2021_00054,30.22707,0.9631531834602356,0.115833774,0.8241421568627451,0.6744639376218323,0.6176808266360505
Uformer + PathologyLoss,BraTS2021_00054,30.52832,0.9630094170570374,0.11785414,0.6774441878367975,0.5794846864365581,0.5514089870525514
Uformer + PathologyLoss,BraTS2021_00054,30.395115,0.9624588489532471,0.119040705,0.6735366859027205,0.6032608695652174,0.5880452342487884
Uformer + PathologyLoss,BraTS2021_00054,30.069527,0.9624901413917542,0.12288752,0.7221994255231843,0.73767258382643,0.5875486381322957
Uformer + PathologyLoss,BraTS2021_00054,29.965437,0.9603269696235657,0.13100359,0.7392578125,0.7488087134104833,0.562610229276896
Uformer + PathologyLoss,BraTS2021_00054,29.728088,0.9597098231315613,0.13493276,0.6384401114206129,0.699601593625498,0.5727878211227403
Uformer + PathologyLoss,BraTS2021_00054,29.555243,0.9635322093963623,0.13499427,0.5560716655607166,0.6771819137749737,0.6604651162790698
Uformer + PathologyLoss,BraTS2021_00054,29.926678,0.9686282277107239,0.13165474,0.6898432174505794,0.8447488584474886,0.831942789034565
Uformer + PathologyLoss,BraTS2021_00054,29.71828,0.9667153358459473,0.14122535,0.2742616033755274,0.5171717171717172,0.5082644628099173
Uformer + PathologyLoss,BraTS2021_00054,29.639431,0.9685210585594177,0.14328657,0.20330368487928843,0.2261904761904762,0.2261904761904762
Uformer + PathologyLoss,BraTS2021_00054,29.800064,0.9710496068000793,0.14729352,0.24437299035369775,0.0,0.0
Uformer + PathologyLoss,BraTS2021_00054,30.22631,0.9747534990310669,0.14747007,0.35684647302904565,nan,nan
Uformer + PathologyLoss,BraTS2021_00054,30.272406,0.9758129119873047,0.15312687,0.0,nan,nan
Uformer + PathologyLoss,BraTS2021_00054,30.761005,0.9793608784675598,0.14835481,0.0,nan,nan
Uformer + PathologyLoss,BraTS2021_00056,31.356852,0.9799748659133911,0.1473556,0.0,0.0,0.0
Uformer + PathologyLoss,BraTS2021_00056,30.648296,0.9784234762191772,0.14953153,0.4420289855072464,0.07692307692307693,0.07692307692307693
Uformer + PathologyLoss,BraTS2021_00056,30.98761,0.9784923791885376,0.14523485,0.2698412698412698,0.0,0.0
Uformer + PathologyLoss,BraTS2021_00056,30.799477,0.9780290126800537,0.14413773,0.06763285024154589,0.0,0.0
Uformer + PathologyLoss,BraTS2021_00056,30.494942,0.975448489189148,0.14626199,0.7484472049689441,0.5918854415274463,0.5396039603960396
Uformer + PathologyLoss,BraTS2021_00056,30.207752,0.9740857481956482,0.14491431,0.6666666666666666,0.3663003663003663,0.3295880149812734
Uformer + PathologyLoss,BraTS2021_00056,30.2556,0.9730990529060364,0.14162597,0.8776732249786142,0.6941935483870968,0.6553191489361702
Uformer + PathologyLoss,BraTS2021_00056,30.221445,0.9726101160049438,0.13716286,0.8647822765469825,0.5450399087799316,0.5181476846057572
Uformer + PathologyLoss,BraTS2021_00056,30.41341,0.975471556186676,0.12650341,0.8746770025839793,0.7564766839378239,0.6818181818181818
Uformer + PathologyLoss,BraTS2021_00056,30.102554,0.9728813171386719,0.12956497,0.8878048780487805,0.6972477064220184,0.5961904761904762
Uformer + PathologyLoss,BraTS2021_00056,30.261736,0.9737592935562134,0.12549955,0.8329764453961456,0.6433666191155493,0.5767154973014649
Uformer + PathologyLoss,BraTS2021_00056,30.411758,0.9739169478416443,0.12210703,0.8880118401578688,0.786273329319687,0.7395171537484116
Uformer + PathologyLoss,BraTS2021_00056,30.106441,0.9715784192085266,0.12578794,0.9385474860335196,0.8618316569613552,0.8204545454545454
Uformer + PathologyLoss,BraTS2021_00056,30.239513,0.9732499122619629,0.12101517,0.9187423438138016,0.9092692496321726,0.8473655621944596
Uformer + PathologyLoss,BraTS2021_00056,30.65283,0.9738180041313171,0.11748306,0.9019461077844312,0.8804243008678881,0.8720330237358102
Uformer + PathologyLoss,BraTS2021_00056,30.313938,0.9729954600334167,0.118076466,0.9075742409075742,0.8849935870029927,0.8305252725470763
Uformer + PathologyLoss,BraTS2021_00056,30.249813,0.974941611289978,0.11528519,0.9418364334219073,0.9181467181467181,0.8420573509330905
Uformer + PathologyLoss,BraTS2021_00056,30.130766,0.975252628326416,0.11364773,0.969648133225893,0.9058734939759037,0.8220300409649522
Uformer + PathologyLoss,BraTS2021_00056,29.993334,0.9749295115470886,0.115110055,0.9648627853295717,0.9226985242445538,0.8684640522875817
Uformer + PathologyLoss,BraTS2021_00056,29.719063,0.9758279919624329,0.11327619,0.9714981729598051,0.9234417344173442,0.8736926790024135
Uformer + PathologyLoss,BraTS2021_00056,29.678246,0.9746394157409668,0.11463341,0.9796586392331074,0.9246164109406271,0.8749494131930392
Uformer + PathologyLoss,BraTS2021_00056,29.55921,0.9694597721099854,0.11949768,0.9757914338919925,0.9507563566140972,0.8989126057188884
Uformer + PathologyLoss,BraTS2021_00056,29.344023,0.9653905630111694,0.11942528,0.9683195592286501,0.9397513547975773,0.890775762253956
Uformer + PathologyLoss,BraTS2021_00056,29.021006,0.9648544788360596,0.11587325,0.977728285077951,0.9221183800623053,0.8613592233009709
Uformer + PathologyLoss,BraTS2021_00056,29.434208,0.9632588028907776,0.115609296,0.9828345070422535,0.9413233458177278,0.8875048657065006
Uformer + PathologyLoss,BraTS2021_00056,29.224794,0.9624583125114441,0.116381414,0.9799301919720768,0.9390394088669951,0.8619214313496694
Uformer + PathologyLoss,BraTS2021_00056,29.676676,0.9667857885360718,0.10750012,0.9807355516637478,0.9434306569343066,0.8771395968048687
Uformer + PathologyLoss,BraTS2021_00056,29.771967,0.9686608910560608,0.104972966,0.9737072743207712,0.9317751105495894,0.8763622698233746
Uformer + PathologyLoss,BraTS2021_00056,29.88282,0.9687954783439636,0.10373695,0.9794917521176995,0.9596697364242617,0.9027726432532347
Uformer + PathologyLoss,BraTS2021_00056,29.97042,0.9685171246528625,0.10505738,0.9603503918856616,0.935973597359736,0.8708571428571429
Uformer + PathologyLoss,BraTS2021_00056,30.143053,0.970084547996521,0.09992517,0.9582366589327146,0.9422818791946309,0.8825448613376835
Uformer + PathologyLoss,BraTS2021_00056,30.342218,0.9718613028526306,0.09739296,0.9662819642453043,0.9410196601132955,0.901605599011939
Uformer + PathologyLoss,BraTS2021_00056,30.21965,0.969739556312561,0.09909508,0.9734432234432234,0.9438684304612084,0.919006919006919
Uformer + PathologyLoss,BraTS2021_00056,30.51525,0.9720516800880432,0.09510625,0.9802389705882353,0.9432571849668386,0.9161129568106312
Uformer + PathologyLoss,BraTS2021_00056,30.808296,0.9727401733398438,0.09306681,0.9756558733160009,0.9318801089918256,0.897039328325232
Uformer + PathologyLoss,BraTS2021_00056,30.607841,0.9732695817947388,0.09374038,0.9611392710596186,0.8977673325499412,0.851764705882353
Uformer + PathologyLoss,BraTS2021_00056,30.903833,0.9762683510780334,0.08919507,0.9580809304579597,0.9291270527225584,0.822
Uformer + PathologyLoss,BraTS2021_00056,30.972885,0.9772319793701172,0.08738399,0.9563350035790981,0.9202797202797203,0.8193029490616622
Uformer + PathologyLoss,BraTS2021_00056,31.087961,0.9763903617858887,0.08724801,0.963895486935867,0.8621323529411765,0.8554412560909583
Uformer + PathologyLoss,BraTS2021_00056,31.376984,0.9793506264686584,0.08467064,0.9788235294117648,0.8996235884567126,0.8352387357094821
Uformer + PathologyLoss,BraTS2021_00056,31.229818,0.9803562164306641,0.08378878,0.972755271262734,0.9259259259259259,0.9152787834902245
Uformer + PathologyLoss,BraTS2021_00056,31.269972,0.9804350733757019,0.08510752,0.9682501790403437,0.7969811320754717,0.8085106382978723
Uformer + PathologyLoss,BraTS2021_00056,31.26374,0.9823533296585083,0.08169435,0.9708029197080292,0.8353948620361561,0.8694665153234961
Uformer + PathologyLoss,BraTS2021_00056,31.197931,0.9801318049430847,0.085418984,0.9606727677467227,0.5217391304347826,0.8297872340425532
Uformer + PathologyLoss,BraTS2021_00056,31.060707,0.9807864427566528,0.08491964,0.9623430962343096,0.7014028056112225,0.8337349397590361
Uformer + PathologyLoss,BraTS2021_00056,31.53743,0.9822659492492676,0.08309641,0.9545454545454546,0.08571428571428572,0.3185840707964602
Uformer + PathologyLoss,BraTS2021_00056,31.38735,0.9821133613586426,0.083461404,0.9570093457943926,0.0,nan
Uformer + PathologyLoss,BraTS2021_00056,31.182764,0.9821789860725403,0.08486904,0.9671094244149273,0.0,nan
Uformer + PathologyLoss,BraTS2021_00056,31.312584,0.9827668070793152,0.083530396,0.9633120161561763,0.0,nan
Uformer + PathologyLoss,BraTS2021_00056,31.707794,0.9811056852340698,0.08402887,0.9329799318439985,0.0,nan
Uformer + PathologyLoss,BraTS2021_00056,31.860043,0.9826932549476624,0.08103129,0.8994360902255639,nan,nan
Uformer + PathologyLoss,BraTS2021_00056,31.772654,0.9805122017860413,0.08584702,0.8726442033123929,nan,nan
Uformer + PathologyLoss,BraTS2021_00056,31.84395,0.9811017513275146,0.08308387,0.8521485797523671,nan,nan
Uformer + PathologyLoss,BraTS2021_00056,31.792162,0.982380211353302,0.08320114,0.8484848484848485,nan,nan
Uformer + PathologyLoss,BraTS2021_00056,32.00558,0.9825055599212646,0.081607796,0.6649214659685864,nan,nan
Uformer + PathologyLoss,BraTS2021_00056,32.010654,0.9812468886375427,0.08290131,0.1375,nan,nan
Uformer + PathologyLoss,BraTS2021_00058,30.760004,0.9743248820304871,0.12621771,0.0,nan,nan
Uformer + PathologyLoss,BraTS2021_00058,30.439144,0.9729759097099304,0.12883991,0.0,0.0,0.0
Uformer + PathologyLoss,BraTS2021_00058,30.392677,0.9739561080932617,0.12650222,0.665,0.8514851485148515,0.8514851485148515
Uformer + PathologyLoss,BraTS2021_00058,29.981361,0.9716683626174927,0.13070609,0.9329529243937232,0.9323843416370107,0.8888888888888888
Uformer + PathologyLoss,BraTS2021_00058,30.029266,0.9730535745620728,0.12886883,0.8491620111731844,0.954954954954955,0.891566265060241
Uformer + PathologyLoss,BraTS2021_00058,29.359043,0.9696484804153442,0.13602959,0.8590057049714751,0.8977556109725686,0.8172757475083057
Uformer + PathologyLoss,BraTS2021_00058,29.2101,0.9705726504325867,0.13526526,0.9132075471698113,0.8988235294117647,0.8322981366459627
Uformer + PathologyLoss,BraTS2021_00058,28.8689,0.9683050513267517,0.13888304,0.9327286470143613,0.8807339449541285,0.8366013071895425
Uformer + PathologyLoss,BraTS2021_00058,29.011393,0.9691545367240906,0.13414612,0.9300911854103343,0.8842975206611571,0.7846607669616519
Uformer + PathologyLoss,BraTS2021_00058,29.093243,0.9662678241729736,0.13461734,0.9331075359864521,0.9274725274725275,0.8506493506493507
Uformer + PathologyLoss,BraTS2021_00058,28.87646,0.9640727043151855,0.13648689,0.9555214723926381,0.915057915057915,0.827027027027027
Uformer + PathologyLoss,BraTS2021_00058,28.908768,0.9601395130157471,0.13932887,0.9582689335394127,0.9148936170212766,0.8598574821852731
Uformer + PathologyLoss,BraTS2021_00058,28.868082,0.9591007828712463,0.13770147,0.9488372093023256,0.9133333333333333,0.8376068376068376
Uformer + PathologyLoss,BraTS2021_00058,29.174461,0.9595462679862976,0.13312857,0.9349655700076511,0.9219858156028369,0.8743362831858407
Uformer + PathologyLoss,BraTS2021_00058,29.46802,0.9613171815872192,0.12574506,0.9477786438035853,0.9322709163346613,0.8613861386138614
Uformer + PathologyLoss,BraTS2021_00058,29.563873,0.9612563252449036,0.12419108,0.9533169533169533,0.8507265521796565,0.7846410684474123
Uformer + PathologyLoss,BraTS2021_00058,29.565899,0.961166262626648,0.120592445,0.8825786646201075,0.9439461883408071,0.9071332436069987
Uformer + PathologyLoss,BraTS2021_00058,29.710522,0.958366334438324,0.1216038,0.8935483870967742,0.9626168224299065,0.9119318181818182
Uformer + PathologyLoss,BraTS2021_00058,29.99343,0.9638600945472717,0.11409862,0.8786885245901639,0.9605568445475638,0.8901734104046243
Uformer + PathologyLoss,BraTS2021_00058,29.757948,0.9587514400482178,0.1193684,0.8568856885688569,0.9633251833740831,0.9183006535947712
Uformer + PathologyLoss,BraTS2021_00058,29.7039,0.9582563042640686,0.11925895,0.8492417484388939,0.9251870324189526,0.855595667870036
Uformer + PathologyLoss,BraTS2021_00058,29.453796,0.9517961144447327,0.120828345,0.872454448017149,0.9313186813186813,0.8648648648648649
Uformer + PathologyLoss,BraTS2021_00058,29.85464,0.9516662359237671,0.11693227,0.8849347568208779,0.946875,0.871578947368421
Uformer + PathologyLoss,BraTS2021_00058,29.924162,0.9503207206726074,0.11701325,0.9331259720062208,0.9442379182156134,0.8823529411764706
Uformer + PathologyLoss,BraTS2021_00058,29.817379,0.949455976486206,0.115810655,0.8483920367534457,0.9168443496801706,0.8877805486284289
Uformer + PathologyLoss,BraTS2021_00058,30.228214,0.949811577796936,0.11231299,0.8543689320388349,0.9315789473684211,0.9047619047619048
Uformer + PathologyLoss,BraTS2021_00058,30.321064,0.9428751468658447,0.11339477,0.8816568047337278,0.9513888888888888,0.9290780141843972
Uformer + PathologyLoss,BraTS2021_00058,30.210396,0.9432398080825806,0.11196886,0.8355263157894737,0.9365853658536586,0.9365853658536586
Uformer + PathologyLoss,BraTS2021_00058,30.31945,0.9376806020736694,0.11238547,0.8324873096446701,0.8787878787878788,0.8787878787878788
Uformer + PathologyLoss,BraTS2021_00058,30.506844,0.9414670467376709,0.11044752,0.0,0.0,0.0
Uformer + PathologyLoss,BraTS2021_00058,30.551113,0.9435735940933228,0.10780072,0.0,nan,nan
Uformer + PathologyLoss,BraTS2021_00058,30.361355,0.9432511329650879,0.10859334,0.0,nan,nan
Uformer + PathologyLoss,BraTS2021_00064,31.030502,0.9694741368293762,0.12265227,0.7955555555555556,0.0,0.0
Uformer + PathologyLoss,BraTS2021_00064,30.822472,0.9689584374427795,0.121870056,0.9136276391554703,nan,nan
Uformer + PathologyLoss,BraTS2021_00064,31.201727,0.9721262454986572,0.114981174,0.9251247920133111,nan,nan
Uformer + PathologyLoss,BraTS2021_00064,30.819614,0.9672313332557678,0.12006256,0.8802228412256268,0.0,0.0
Uformer + PathologyLoss,BraTS2021_00064,30.792984,0.9686779975891113,0.11764062,0.8809766022380467,0.4166666666666667,0.4166666666666667
Uformer + PathologyLoss,BraTS2021_00064,31.069191,0.9691870212554932,0.11340824,0.8318840579710145,0.5899280575539568,0.5343511450381679
Uformer + PathologyLoss,BraTS2021_00064,31.142467,0.9693293571472168,0.11203923,0.9068684516880093,0.6777408637873754,0.5942028985507246
Uformer + PathologyLoss,BraTS2021_00064,31.242138,0.9736061096191406,0.106602944,0.8944038929440389,0.7419354838709677,0.6813725490196079
Uformer + PathologyLoss,BraTS2021_00064,31.50483,0.9747961163520813,0.10352768,0.8883868052417533,0.773371104815864,0.6916524701873935
Uformer + PathologyLoss,BraTS2021_00064,31.693924,0.9758738875389099,0.10220687,0.9101644875579924,0.6089238845144357,0.5082872928176796
Uformer + PathologyLoss,BraTS2021_00064,31.637718,0.9736693501472473,0.105774626,0.8875968992248062,0.6647058823529411,0.5873925501432665
Uformer + PathologyLoss,BraTS2021_00064,31.78526,0.9771096706390381,0.10019152,0.9067092651757188,0.8127490039840638,0.6950053134962806
Uformer + PathologyLoss,BraTS2021_00064,31.831009,0.9765554070472717,0.0997235,0.9275862068965517,0.8468468468468469,0.7659574468085106
Uformer + PathologyLoss,BraTS2021_00064,31.940825,0.9803572297096252,0.094921745,0.9450843825341548,0.8017287952458131,0.6945681211041852
Uformer + PathologyLoss,BraTS2021_00064,31.786686,0.9782636165618896,0.09636181,0.9465376782077393,0.927042376583661,0.7567140600315956
Uformer + PathologyLoss,BraTS2021_00064,31.74588,0.9812876582145691,0.09308333,0.9485714285714286,0.9433962264150944,0.7619047619047619
Uformer + PathologyLoss,BraTS2021_00064,31.791035,0.9812878370285034,0.09267937,0.9512419503219871,0.9062730627306274,0.7251370399373531
Uformer + PathologyLoss,BraTS2021_00064,31.817116,0.9794437885284424,0.0955734,0.9644484958979034,0.9196209196209196,0.7433501078360891
Uformer + PathologyLoss,BraTS2021_00064,31.867163,0.9807072281837463,0.094003,0.9655172413793104,0.9296977660972404,0.757213230119634
Uformer + PathologyLoss,BraTS2021_00064,31.67818,0.9809884428977966,0.094306804,0.9701525536148574,0.9324240545567266,0.7945375543140907
Uformer + PathologyLoss,BraTS2021_00064,31.634945,0.9787963032722473,0.09706013,0.9628801431127012,0.9331168831168831,0.7685060565275909
Uformer + PathologyLoss,BraTS2021_00064,31.738094,0.9799648523330688,0.09507532,0.9548009894310772,0.8424414478353442,0.6715542521994134
Uformer + PathologyLoss,BraTS2021_00064,31.785574,0.9818386435508728,0.09206929,0.9579982126899017,0.8763029881862404,0.662704309063893
Uformer + PathologyLoss,BraTS2021_00064,31.584267,0.9824406504631042,0.09237289,0.9559450497394599,0.9061701350857977,0.6625194401244168
Uformer + PathologyLoss,BraTS2021_00064,31.69853,0.9806663990020752,0.09453091,0.954556741991557,0.9154045068341338,0.6869300911854104
Uformer + PathologyLoss,BraTS2021_00064,31.42804,0.980159342288971,0.09547904,0.9442302749935749,0.8826901031715705,0.6245181187355435
Uformer + PathologyLoss,BraTS2021_00064,31.61998,0.9811292886734009,0.0932569,0.917693445046821,0.8427006009190526,0.6993957703927492
Uformer + PathologyLoss,BraTS2021_00064,31.52869,0.9808942675590515,0.09440054,0.9412072119153384,0.8793503480278422,0.7428170988086895
Uformer + PathologyLoss,BraTS2021_00064,31.577534,0.9814013838768005,0.09402863,0.9237124759019554,0.80067283431455,0.6990965948575399
Uformer + PathologyLoss,BraTS2021_00064,31.45419,0.9805241823196411,0.09506519,0.9238148984198645,0.8040333187198597,0.7482993197278912
Uformer + PathologyLoss,BraTS2021_00064,31.552437,0.9837099313735962,0.089722544,0.9314996032795557,0.8481675392670157,0.6940993788819876
Uformer + PathologyLoss,BraTS2021_00064,31.769207,0.9825433492660522,0.090908274,0.9134479842120101,0.7874720357941835,0.6977848101265823
Uformer + PathologyLoss,BraTS2021_00064,31.80729,0.9836429953575134,0.09078517,0.8974087784241143,0.8083222664895972,0.6259946949602122
Uformer + PathologyLoss,BraTS2021_00064,31.908777,0.9851422905921936,0.08780619,0.888266591991039,0.5912240184757506,0.5529411764705883
Uformer + PathologyLoss,BraTS2021_00064,32.119427,0.9850644469261169,0.086997285,0.7409309791332264,0.105,0.2089041095890411
Uformer + PathologyLoss,BraTS2021_00064,32.325497,0.9851182103157043,0.08561526,0.8584877905266255,0.6793846153846154,0.6246719160104987
Uformer + PathologyLoss,BraTS2021_00064,32.5153,0.9869869947433472,0.081724614,0.8665701881331404,0.5085271317829457,0.5059021922428331
Uformer + PathologyLoss,BraTS2021_00064,32.864586,0.9878411889076233,0.07916679,0.8643867924528302,0.5984496124031008,0.5671641791044776
Uformer + PathologyLoss,BraTS2021_00064,32.8048,0.9867202043533325,0.08047422,0.8907412920512057,0.7152221412964311,0.6529411764705882
Uformer + PathologyLoss,BraTS2021_00064,33.136543,0.9882996678352356,0.07733647,0.9214876033057852,0.7803468208092486,0.7094133697135061
Uformer + PathologyLoss,BraTS2021_00064,33.14698,0.9871456027030945,0.0774282,0.9484784573666767,0.8236141108711303,0.7888748419721872
Uformer + PathologyLoss,BraTS2021_00064,33.20989,0.9875827431678772,0.07754787,0.9467084639498433,0.8538181818181818,0.7502986857825568
Uformer + PathologyLoss,BraTS2021_00064,33.383747,0.9884823560714722,0.074731916,0.9360730593607306,0.7933609958506224,0.7201946472019465
Uformer + PathologyLoss,BraTS2021_00064,33.407425,0.987080991268158,0.07654256,0.9239766081871345,0.666,0.7183673469387755
Uformer + PathologyLoss,BraTS2021_00064,33.454994,0.9876448512077332,0.0742501,0.9046015712682379,0.6697782963827305,0.7021630615640599
Uformer + PathologyLoss,BraTS2021_00064,33.647507,0.9858231544494629,0.076314166,0.9115488605639243,0.7809110629067245,0.7126099706744868
Uformer + PathologyLoss,BraTS2021_00064,33.914703,0.9842274785041809,0.076260634,0.8859649122807017,0.8035714285714286,0.75
Uformer + PathologyLoss,BraTS2021_00064,33.84433,0.9852428436279297,0.07409992,0.7776261937244202,0.5972006220839814,0.5656565656565656
Uformer + PathologyLoss,BraTS2021_00064,34.33096,0.9853802919387817,0.07210492,0.7790998448008277,0.7358916478555305,0.6629834254143646
Uformer + PathologyLoss,BraTS2021_00064,34.384777,0.9835402965545654,0.07340081,0.7868641339343206,0.7191011235955056,0.7191011235955056
Uformer + PathologyLoss,BraTS2021_00064,34.177338,0.9834629893302917,0.07499523,0.7736486486486487,0.8721804511278195,0.8721804511278195
Uformer + PathologyLoss,BraTS2021_00064,34.358578,0.981665313243866,0.07419313,0.6782608695652174,0.0,0.0
Uformer + PathologyLoss,BraTS2021_00064,34.176403,0.9800542593002319,0.077162504,0.82,nan,nan
Uformer + PathologyLoss,BraTS2021_00074,31.138004,0.9648789763450623,0.11235798,0.0,nan,nan
Uformer + PathologyLoss,BraTS2021_00074,31.372097,0.9638069272041321,0.11350732,0.0,nan,nan
Uformer + PathologyLoss,BraTS2021_00074,31.5804,0.9687585830688477,0.10706239,0.4479166666666667,nan,nan
Uformer + PathologyLoss,BraTS2021_00074,31.645716,0.9682856798171997,0.10598454,0.8670520231213873,nan,nan
Uformer + PathologyLoss,BraTS2021_00074,31.824432,0.9701172113418579,0.10382208,0.8414096916299559,nan,nan
Uformer + PathologyLoss,BraTS2021_00074,31.703375,0.9704425930976868,0.10464425,0.8466257668711656,nan,nan
Uformer + PathologyLoss,BraTS2021_00074,31.758907,0.9696323275566101,0.10360095,0.9220657276995305,nan,nan
Uformer + PathologyLoss,BraTS2021_00074,32.032627,0.9737417697906494,0.09908136,0.89419795221843,nan,nan
Uformer + PathologyLoss,BraTS2021_00074,32.09888,0.9749624133110046,0.0963968,0.8780200353565115,0.0,0.0
Uformer + PathologyLoss,BraTS2021_00074,32.110935,0.9725499153137207,0.098503806,0.9109848484848485,0.7605633802816901,0.7941176470588235
Uformer + PathologyLoss,BraTS2021_00074,32.0028,0.9719488620758057,0.09929794,0.9562753036437247,0.7425149700598802,0.8013029315960912
Uformer + PathologyLoss,BraTS2021_00074,32.145744,0.9762783050537109,0.09470701,0.9599700710811822,0.5354330708661418,0.6170798898071626
Uformer + PathologyLoss,BraTS2021_00074,31.993685,0.9733920693397522,0.09762034,0.9639519359145527,0.7935578330893118,0.7822736030828517
Uformer + PathologyLoss,BraTS2021_00074,32.13116,0.975786030292511,0.09420707,0.9390519187358917,0.7196367763904654,0.7305194805194806
Uformer + PathologyLoss,BraTS2021_00074,32.02401,0.9769964814186096,0.09326683,0.9610698365527489,0.7605363984674329,0.7847769028871391
Uformer + PathologyLoss,BraTS2021_00074,32.03941,0.9758662581443787,0.09318489,0.95475910693302,0.8400315208825847,0.8031145717463849
Uformer + PathologyLoss,BraTS2021_00074,32.13902,0.9768669009208679,0.092135556,0.9536009109023627,0.847940074906367,0.7569367369589345
Uformer + PathologyLoss,BraTS2021_00074,31.962418,0.9766491651535034,0.093022324,0.9624965781549412,0.863448275862069,0.79296875
Uformer + PathologyLoss,BraTS2021_00074,31.928013,0.9746048450469971,0.09346583,0.9769123783031989,0.8720112517580872,0.7538601271571299
Uformer + PathologyLoss,BraTS2021_00074,31.825527,0.9732130169868469,0.09574484,0.9783068783068783,0.9058614564831261,0.7623862487360971
Uformer + PathologyLoss,BraTS2021_00074,31.922066,0.9751104712486267,0.09457938,0.9782493368700266,0.9076923076923077,0.7841658812441094
Uformer + PathologyLoss,BraTS2021_00074,31.862352,0.9763020277023315,0.091973215,0.971252566735113,0.9143161255987228,0.8069022185702547
Uformer + PathologyLoss,BraTS2021_00074,32.026367,0.9780407547950745,0.08971285,0.9724862431215607,0.9129411764705883,0.856909239574816
Uformer + PathologyLoss,BraTS2021_00074,32.19875,0.9772099852561951,0.08879372,0.9737883283877349,0.9422521655437921,0.8402832415420929
Uformer + PathologyLoss,BraTS2021_00074,32.110588,0.979141354560852,0.08691418,0.9733069698467622,0.9164722351843211,0.8387585162755489
Uformer + PathologyLoss,BraTS2021_00074,32.061447,0.9791836738586426,0.0876298,0.9756709305242036,0.9397477814105558,0.7890044576523031
Uformer + PathologyLoss,BraTS2021_00074,32.03057,0.9799044728279114,0.08773577,0.9676604345629105,0.9494438827098078,0.7964731814842028
Uformer + PathologyLoss,BraTS2021_00074,32.17343,0.9803120493888855,0.08732372,0.9689001264222503,0.968031968031968,0.8312816799420709
Uformer + PathologyLoss,BraTS2021_00074,32.367195,0.9810650944709778,0.08505116,0.9744506898313745,0.9460957178841309,0.8305921052631579
Uformer + PathologyLoss,BraTS2021_00074,32.55779,0.9826549291610718,0.08374807,0.9799398194583752,0.9475292919001528,0.8180147058823529
Uformer + PathologyLoss,BraTS2021_00074,32.501305,0.9843210577964783,0.08016169,0.9751614505712867,0.944987146529563,0.8372093023255814
Uformer + PathologyLoss,BraTS2021_00074,32.764065,0.9833366274833679,0.08116404,0.9628506444275967,0.9551900170164492,0.8198895027624309
Uformer + PathologyLoss,BraTS2021_00074,32.579422,0.9821332097053528,0.08295449,0.9570490146538656,0.8692852543464262,0.8403547671840355
Uformer + PathologyLoss,BraTS2021_00074,32.874176,0.9828472137451172,0.081197016,0.9642769154964277,0.8825665859564165,0.8574468085106383
Uformer + PathologyLoss,BraTS2021_00074,32.875935,0.9836617112159729,0.07936548,0.9681104236078059,0.843065693430657,0.8239355581127733
Uformer + PathologyLoss,BraTS2021_00074,33.157005,0.9851695895195007,0.07543783,0.976491862567812,0.7961414790996785,0.7670250896057348
Uformer + PathologyLoss,BraTS2021_00074,33.06932,0.9855059385299683,0.07566699,0.9743475351327237,0.581021897810219,0.6719745222929936
Uformer + PathologyLoss,BraTS2021_00074,33.160484,0.9842722415924072,0.07798273,0.976305397103993,0.6104294478527608,0.6943521594684385
Uformer + PathologyLoss,BraTS2021_00074,33.24837,0.9862772822380066,0.073379345,0.9747386759581882,0.5296324081020255,0.7696793002915452
Uformer + PathologyLoss,BraTS2021_00074,33.586754,0.9847700595855713,0.07466636,0.9820960698689957,0.6140209508460919,0.8755364806866953
Uformer + PathologyLoss,BraTS2021_00074,33.66667,0.9856675267219543,0.07213038,0.9729370008873115,0.45190839694656487,0.7553191489361702
Uformer + PathologyLoss,BraTS2021_00074,33.44944,0.9859809279441833,0.07271632,0.9809715692858741,0.4288052373158756,0.7565392354124748
Uformer + PathologyLoss,BraTS2021_00074,33.756786,0.9857856035232544,0.072789416,0.9822621515779775,0.3121852970795569,0.5786802030456852
Uformer + PathologyLoss,BraTS2021_00074,33.702126,0.9858623743057251,0.072722465,0.9768451519536903,0.4022099447513812,0.5328467153284672
Uformer + PathologyLoss,BraTS2021_00074,33.947693,0.9858546853065491,0.07273675,0.9834771886559802,0.2620967741935484,0.0
Uformer + PathologyLoss,BraTS2021_00074,33.879913,0.9856524467468262,0.07198555,0.9872084273890143,0.23225806451612904,0.0
Uformer + PathologyLoss,BraTS2021_00074,33.790356,0.9866979718208313,0.07238404,0.9832317073170732,0.09244992295839753,0.0
Uformer + PathologyLoss,BraTS2021_00074,33.471672,0.9858985543251038,0.07454289,0.9822940723633564,0.0,nan
Uformer + PathologyLoss,BraTS2021_00074,33.331406,0.9847449064254761,0.07508654,0.9928665785997358,0.0,nan
Uformer + PathologyLoss,BraTS2021_00074,33.53669,0.9849613904953003,0.07514132,0.9910290237467019,0.0,nan
Uformer + PathologyLoss,BraTS2021_00074,33.237236,0.9839510321617126,0.077295125,0.9859307359307359,0.0,nan
Uformer + PathologyLoss,BraTS2021_00074,33.12835,0.9840924143791199,0.07847747,0.9882030178326474,0.0,nan
Uformer + PathologyLoss,BraTS2021_00074,32.77757,0.9823272824287415,0.08116427,0.984047019311503,0.0,nan
Uformer + PathologyLoss,BraTS2021_00074,32.838303,0.9833804368972778,0.079547405,0.9833284586136297,0.0,nan
Uformer + PathologyLoss,BraTS2021_00074,32.734375,0.9809087514877319,0.083941415,0.9771271729185728,0.0,nan
Uformer + PathologyLoss,BraTS2021_00074,32.664433,0.9785245060920715,0.08451523,0.9737258626147515,0.0,nan
Uformer + PathologyLoss,BraTS2021_00074,32.56733,0.979802131652832,0.084418744,0.9733464955577492,0.0,nan
Uformer + PathologyLoss,BraTS2021_00074,32.73334,0.9789193868637085,0.08618978,0.9739952718676123,0.0,nan
Uformer + PathologyLoss,BraTS2021_00074,32.626812,0.9793835878372192,0.0841645,0.9797627355198884,0.0,nan
Uformer + PathologyLoss,BraTS2021_00074,32.44432,0.9774660468101501,0.08956766,0.9738219895287958,0.0,nan
Uformer + PathologyLoss,BraTS2021_00074,32.119488,0.9730822443962097,0.0940835,0.9650462032944958,0.0,nan
Uformer + PathologyLoss,BraTS2021_00074,32.170357,0.9747495651245117,0.09280757,0.9532442748091603,nan,nan
Uformer + PathologyLoss,BraTS2021_00074,31.917068,0.9760884046554565,0.09346919,0.9440521455730582,nan,nan
Uformer + PathologyLoss,BraTS2021_00074,32.057148,0.9733012914657593,0.098221175,0.9404309252217997,nan,nan
Uformer + PathologyLoss,BraTS2021_00074,31.918121,0.9730942249298096,0.098259926,0.9093904448105437,nan,nan
Uformer + PathologyLoss,BraTS2021_00074,31.728687,0.9666582942008972,0.10523206,0.7178217821782178,nan,nan
Uformer + PathologyLoss,BraTS2021_00077,29.503147,0.9722947478294373,0.13129908,0.9219858156028369,nan,nan
Uformer + PathologyLoss,BraTS2021_00077,29.648357,0.9741109609603882,0.12233912,0.8920863309352518,nan,nan
Uformer + PathologyLoss,BraTS2021_00077,29.823025,0.9736946821212769,0.121337004,0.9404517453798767,nan,nan
Uformer + PathologyLoss,BraTS2021_00077,29.799316,0.9726985692977905,0.12261556,0.839344262295082,nan,nan
Uformer + PathologyLoss,BraTS2021_00077,30.11232,0.9709339737892151,0.11947953,0.8324022346368715,nan,nan
Uformer + PathologyLoss,BraTS2021_00077,30.386608,0.9759165644645691,0.1121794,0.7908653846153846,nan,nan
Uformer + PathologyLoss,BraTS2021_00077,30.670881,0.9745065569877625,0.11018709,0.7397849462365591,0.0,0.0
Uformer + PathologyLoss,BraTS2021_00077,30.662668,0.9742794632911682,0.1087974,0.7037037037037037,0.0,0.0
Uformer + PathologyLoss,BraTS2021_00077,30.779476,0.9751923084259033,0.107004784,0.7406819984139572,0.8732394366197183,0.8732394366197183
Uformer + PathologyLoss,BraTS2021_00077,30.435999,0.970485508441925,0.10990967,0.702263493905978,0.927536231884058,0.9157509157509157
Uformer + PathologyLoss,BraTS2021_00077,30.78304,0.9739028811454773,0.10204703,0.6426839126919968,0.6777777777777778,0.6936416184971098
Uformer + PathologyLoss,BraTS2021_00077,31.032291,0.9752104878425598,0.10045474,0.7102292165583305,0.6384615384615384,0.6569920844327177
Uformer + PathologyLoss,BraTS2021_00077,31.123999,0.9761490225791931,0.09834785,0.8695957820738137,0.8282828282828283,0.8268015170670038
Uformer + PathologyLoss,BraTS2021_00077,31.295109,0.9777702689170837,0.096484825,0.8686131386861314,0.9370786516853933,0.9168646080760094
Uformer + PathologyLoss,BraTS2021_00077,31.194298,0.9809309244155884,0.092576094,0.8911152122330609,0.8678021086780211,0.8292682926829268
Uformer + PathologyLoss,BraTS2021_00077,31.150787,0.9816176295280457,0.08994339,0.9325513196480938,0.9526813880126183,0.9080675422138836
Uformer + PathologyLoss,BraTS2021_00077,31.343586,0.9805788993835449,0.091591425,0.925575101488498,0.9061696658097687,0.8612521150592216
Uformer + PathologyLoss,BraTS2021_00077,31.388554,0.9822922348976135,0.08831078,0.9450110864745012,0.9392324093816631,0.9051412020275162
Uformer + PathologyLoss,BraTS2021_00077,31.241686,0.9828237295150757,0.08877963,0.9547325102880658,0.9555880917520742,0.925531914893617
Uformer + PathologyLoss,BraTS2021_00077,31.276762,0.9832462072372437,0.087854825,0.9599669830788279,0.9618055555555556,0.9340463458110517
Uformer + PathologyLoss,BraTS2021_00077,31.171734,0.9842825531959534,0.08678463,0.9639255236617533,0.9609856262833676,0.9337313432835821
Uformer + PathologyLoss,BraTS2021_00077,31.034466,0.984429657459259,0.086739115,0.9667742547940004,0.9839080459770115,0.9492537313432836
Uformer + PathologyLoss,BraTS2021_00077,30.975931,0.9835366606712341,0.087915234,0.9734413260501036,0.9846153846153847,0.9547920433996383
Uformer + PathologyLoss,BraTS2021_00077,30.999561,0.985202431678772,0.085074015,0.9719222462203023,0.9798471160528145,0.9535160905840286
Uformer + PathologyLoss,BraTS2021_00077,30.952509,0.9854872822761536,0.08388358,0.9695652173913043,0.9872225958305313,0.9601427721594289
Uformer + PathologyLoss,BraTS2021_00077,30.917568,0.9855032563209534,0.08365876,0.9719626168224299,0.9832622251394815,0.9473684210526315
Uformer + PathologyLoss,BraTS2021_00077,30.817627,0.985877513885498,0.08423956,0.9685357707857268,0.9873745548721269,0.9555698647778493
Uformer + PathologyLoss,BraTS2021_00077,30.836687,0.9872177839279175,0.08282538,0.9544998327199732,0.9725984251968504,0.9103078982597055
Uformer + PathologyLoss,BraTS2021_00077,30.92335,0.986728310585022,0.08276583,0.9644757164921915,0.9873417721518988,0.9460013670539986
Uformer + PathologyLoss,BraTS2021_00077,30.765007,0.9867140650749207,0.083136365,0.9655054644808743,0.9718925671455341,0.9363762102351314
Uformer + PathologyLoss,BraTS2021_00077,31.166054,0.9866807460784912,0.08164987,0.9436133486766398,0.9731232622798888,0.9205020920502092
Uformer + PathologyLoss,BraTS2021_00077,31.053688,0.987985372543335,0.07911805,0.9428104575163399,0.9738805970149254,0.9346590909090909
Uformer + PathologyLoss,BraTS2021_00077,31.266483,0.9877840280532837,0.07936562,0.9678288697995621,0.9680076021539437,0.9329446064139941
Uformer + PathologyLoss,BraTS2021_00077,31.523914,0.9885366559028625,0.075549774,0.9664316884860692,0.970917225950783,0.9396363636363636
Uformer + PathologyLoss,BraTS2021_00077,31.974295,0.9888695478439331,0.07373274,0.9485033794657226,0.9680884676145339,0.9242970439798125
Uformer + PathologyLoss,BraTS2021_00077,32.006596,0.9903149008750916,0.07183605,0.9631746031746031,0.9758609591245575,0.9143708116157856
Uformer + PathologyLoss,BraTS2021_00077,32.10901,0.9907812476158142,0.069249704,0.9374050440595564,0.9766081871345029,0.8819007686932215
Uformer + PathologyLoss,BraTS2021_00077,31.805365,0.9909446835517883,0.07024455,0.9425599276345545,0.9877035559986707,0.924223602484472
Uformer + PathologyLoss,BraTS2021_00077,31.843433,0.99012690782547,0.07103186,0.9247471743010113,0.966900702106319,0.9166666666666666
Uformer + PathologyLoss,BraTS2021_00077,31.637943,0.98995041847229,0.07281134,0.9095447870778267,0.9743055555555555,0.9243511871893981
Uformer + PathologyLoss,BraTS2021_00077,31.811413,0.990327775478363,0.07133225,0.9088213491475167,0.9879868947943211,0.9492099322799097
Uformer + PathologyLoss,BraTS2021_00077,31.980953,0.9905759692192078,0.06997746,0.888560885608856,0.9892884468247896,0.9621917808219178
Uformer + PathologyLoss,BraTS2021_00077,31.708593,0.9899863600730896,0.07127267,0.8909712925777182,0.9791240278346296,0.9586864406779662
Uformer + PathologyLoss,BraTS2021_00077,31.993134,0.9907320737838745,0.070034534,0.8897531787584143,0.9692570452604612,0.9396825396825397
Uformer + PathologyLoss,BraTS2021_00077,31.888672,0.9893164038658142,0.07163257,0.881851400730816,0.9611742424242424,0.930952380952381
Uformer + PathologyLoss,BraTS2021_00077,31.84325,0.9889912009239197,0.07346381,0.884376937383757,0.9295010845986985,0.9202127659574468
Uformer + PathologyLoss,BraTS2021_00077,31.967796,0.9886552095413208,0.07366305,0.8769935259750513,0.9172457359444094,0.9002093510118633
Uformer + PathologyLoss,BraTS2021_00077,31.686096,0.9873847365379333,0.07656863,0.8842921784098254,0.8614748449345279,0.8623188405797102
Uformer + PathologyLoss,BraTS2021_00077,31.724985,0.9877769351005554,0.07562995,0.8675649030561945,0.8264058679706602,0.8473154362416108
Uformer + PathologyLoss,BraTS2021_00077,31.777952,0.9876325130462646,0.0749401,0.8422491881729619,0.9142857142857143,0.9142857142857143
Uformer + PathologyLoss,BraTS2021_00077,31.569057,0.9848085045814514,0.07941557,0.8282463427849016,0.9530791788856305,0.9513991163475699
Uformer + PathologyLoss,BraTS2021_00077,31.67634,0.9843769073486328,0.07925877,0.8164114199281528,0.9287169042769857,0.9287169042769857
Uformer + PathologyLoss,BraTS2021_00077,31.464619,0.9835025668144226,0.08070056,0.7961090978447454,0.704225352112676,0.7146974063400576
Uformer + PathologyLoss,BraTS2021_00077,31.822674,0.9853147268295288,0.07800179,0.7864561695056086,0.0,0.0
Uformer + PathologyLoss,BraTS2021_00077,31.770704,0.9829942584037781,0.08071106,0.8113975576662144,0.0,0.0
Uformer + PathologyLoss,BraTS2021_00077,31.966022,0.9819148182868958,0.082585774,0.8389788905252823,nan,nan
Uformer + PathologyLoss,BraTS2021_00077,31.655407,0.9815166592597961,0.08380303,0.8268568617806198,nan,nan
Uformer + PathologyLoss,BraTS2021_00077,31.418358,0.9822258949279785,0.08297196,0.8467638782297263,nan,nan
Uformer + PathologyLoss,BraTS2021_00077,31.494825,0.9827415347099304,0.08413258,0.8570677877036259,0.0,0.0
Uformer + PathologyLoss,BraTS2021_00077,31.317928,0.9789453148841858,0.0884546,0.8687482730035921,nan,nan
Uformer + PathologyLoss,BraTS2021_00077,31.372366,0.9805915355682373,0.08903643,0.9028064992614475,nan,nan
Uformer + PathologyLoss,BraTS2021_00077,31.326363,0.9806632995605469,0.08942227,0.9668789808917198,nan,nan
Uformer + PathologyLoss,BraTS2021_00077,30.970081,0.9798293113708496,0.09200572,0.9720597790773229,nan,nan
Uformer + PathologyLoss,BraTS2021_00077,31.004482,0.97841876745224,0.093502976,0.9658862876254181,0.0,0.0
Uformer + PathologyLoss,BraTS2021_00077,30.953444,0.9770064949989319,0.096693605,0.969932790944464,0.0,0.0
Uformer + PathologyLoss,BraTS2021_00077,31.03183,0.9793140888214111,0.09411241,0.9511909410386568,0.0,0.0
Uformer + PathologyLoss,BraTS2021_00077,30.822275,0.9745919704437256,0.100286186,0.9565614997713763,nan,nan
Uformer + PathologyLoss,BraTS2021_00077,30.512001,0.9769677519798279,0.10094162,0.9546858908341915,0.0,0.0
Uformer + PathologyLoss,BraTS2021_00077,30.461002,0.9739611744880676,0.10708246,0.8848025959978366,0.0,0.0
Uformer + PathologyLoss,BraTS2021_00077,30.34276,0.9743834733963013,0.107997,0.9236111111111112,0.0,0.0
Uformer + PathologyLoss,BraTS2021_00077,30.263992,0.9738642573356628,0.112320736,0.9206842923794712,0.0,0.0
Uformer + PathologyLoss,BraTS2021_00077,30.013046,0.9744607210159302,0.11715271,0.8393162393162393,0.0,0.0
Uformer + PathologyLoss,BraTS2021_00077,29.862892,0.9713836908340454,0.12584272,0.8687089715536105,0.0,0.0
Uformer + PathologyLoss,BraTS2021_00077,29.941826,0.97484290599823,0.12416202,0.7965043695380774,0.0,0.0
Uformer + PathologyLoss,BraTS2021_00077,30.215504,0.9766754508018494,0.12392751,0.8681898066783831,0.0,0.0
Uformer + PathologyLoss,BraTS2021_00077,30.336582,0.979073166847229,0.12187208,0.6854838709677419,0.0,0.0
Uformer + PathologyLoss,BraTS2021_00081,31.008863,0.9772338271141052,0.15001203,0.0,nan,nan
Uformer + PathologyLoss,BraTS2021_00081,30.668125,0.976364254951477,0.15048616,0.0,nan,nan
Uformer + PathologyLoss,BraTS2021_00081,30.510288,0.9767551422119141,0.14775544,0.0,nan,nan
Uformer + PathologyLoss,BraTS2021_00081,30.71374,0.9771685004234314,0.1434601,0.0,nan,nan
Uformer + PathologyLoss,BraTS2021_00081,30.681099,0.977980375289917,0.13934864,0.5550847457627118,nan,nan
Uformer + PathologyLoss,BraTS2021_00081,30.976826,0.9799841046333313,0.1303876,0.6666666666666666,nan,nan
Uformer + PathologyLoss,BraTS2021_00081,30.899475,0.9802442789077759,0.12915172,0.6881720430107527,0.0,0.0
Uformer + PathologyLoss,BraTS2021_00081,31.190626,0.9810136556625366,0.12474255,0.802937576499388,0.6551724137931034,0.6551724137931034
Uformer + PathologyLoss,BraTS2021_00081,30.780415,0.9803214073181152,0.12691775,0.9541284403669725,0.3392226148409894,0.3735408560311284
Uformer + PathologyLoss,BraTS2021_00081,30.960875,0.9814272522926331,0.122050874,0.8907849829351536,0.39303482587064675,0.43169398907103823
Uformer + PathologyLoss,BraTS2021_00081,31.18823,0.9825310707092285,0.11826619,0.90360435875943,0.6153846153846154,0.6329113924050633
Uformer + PathologyLoss,BraTS2021_00081,30.978851,0.9824958443641663,0.11867128,0.9355345911949685,0.5728395061728395,0.6216216216216216
Uformer + PathologyLoss,BraTS2021_00081,30.839994,0.9823058843612671,0.119364195,0.9296482412060302,0.8501742160278746,0.8501742160278746
Uformer + PathologyLoss,BraTS2021_00081,31.039032,0.9817107319831848,0.12088162,0.9232,0.7079207920792079,0.7079207920792079
Uformer + PathologyLoss,BraTS2021_00081,31.00321,0.9822870492935181,0.11845249,0.9539622641509434,0.9198813056379822,0.9198813056379822
Uformer + PathologyLoss,BraTS2021_00081,30.933098,0.9828542470932007,0.117231146,0.9518492672714585,0.7891156462585034,0.7891156462585034
Uformer + PathologyLoss,BraTS2021_00081,31.179115,0.983588457107544,0.114596665,0.9630110317975341,0.7775551102204409,0.7757575757575758
Uformer + PathologyLoss,BraTS2021_00081,30.964382,0.9836167693138123,0.11533105,0.9838308457711443,0.8221343873517787,0.8247011952191236
Uformer + PathologyLoss,BraTS2021_00081,30.667715,0.9841876029968262,0.11360061,0.9772727272727273,0.8566308243727598,0.8535262206148282
Uformer + PathologyLoss,BraTS2021_00081,30.406815,0.9832944273948669,0.116969615,0.9660421545667447,0.9528985507246377,0.9528985507246377
Uformer + PathologyLoss,BraTS2021_00081,30.668724,0.9821417331695557,0.12032294,0.9610062893081761,0.878125,0.8822605965463108
Uformer + PathologyLoss,BraTS2021_00081,30.167343,0.9823703169822693,0.11985003,0.970722186076773,0.8978328173374613,0.9048361934477379
Uformer + PathologyLoss,BraTS2021_00081,30.14051,0.9809328317642212,0.12176827,0.9580756013745705,0.9413629160063391,0.9443561208267091
Uformer + PathologyLoss,BraTS2021_00081,30.089035,0.9810814261436462,0.121286236,0.9579335793357934,0.9642857142857143,0.9642857142857143
Uformer + PathologyLoss,BraTS2021_00081,30.473255,0.9812573790550232,0.118579865,0.950446791226645,0.9508196721311475,0.9508196721311475
Uformer + PathologyLoss,BraTS2021_00081,29.986126,0.9784382581710815,0.12636258,0.9132007233273056,0.9436619718309859,0.9436619718309859
Uformer + PathologyLoss,BraTS2021_00081,30.134287,0.9792759418487549,0.12177077,0.9465186680121089,0.9420560747663551,0.9420560747663551
Uformer + PathologyLoss,BraTS2021_00081,30.39946,0.9795778393745422,0.12021491,0.9608465608465608,0.9404761904761905,0.9404761904761905
Uformer + PathologyLoss,BraTS2021_00081,30.444092,0.9790953397750854,0.12039386,0.9347368421052632,0.8315018315018315,0.8315018315018315
Uformer + PathologyLoss,BraTS2021_00081,30.839674,0.9805341958999634,0.115477555,0.9555302166476625,0.8454011741682974,0.8454011741682974
Uformer + PathologyLoss,BraTS2021_00081,30.800285,0.9804694056510925,0.114838436,0.9261300992282249,0.7663551401869159,0.775047258979206
Uformer + PathologyLoss,BraTS2021_00081,30.772717,0.9805462956428528,0.11298943,0.9466950959488273,0.78,0.78
Uformer + PathologyLoss,BraTS2021_00081,30.937649,0.980292022228241,0.112295516,0.9421841541755889,0.9230769230769231,0.9090909090909091
Uformer + PathologyLoss,BraTS2021_00081,31.06059,0.9813638925552368,0.11001233,0.9458333333333333,0.8941798941798942,0.8763440860215054
Uformer + PathologyLoss,BraTS2021_00081,30.716202,0.9809939861297607,0.110007286,0.9488636363636364,0.7535545023696683,0.7535545023696683
Uformer + PathologyLoss,BraTS2021_00081,30.943207,0.9811575412750244,0.1086821,0.9236499068901304,0.8988095238095238,0.8988095238095238
Uformer + PathologyLoss,BraTS2021_00081,30.774357,0.9810469150543213,0.10932117,0.9732065687121867,0.7648725212464589,0.7648725212464589
Uformer + PathologyLoss,BraTS2021_00081,30.837976,0.9814411997795105,0.10782764,0.9661921708185054,0.8253968253968254,0.8253968253968254
Uformer + PathologyLoss,BraTS2021_00081,30.777655,0.982351541519165,0.106400914,0.9397810218978102,0.6130268199233716,0.6130268199233716
Uformer + PathologyLoss,BraTS2021_00081,30.893631,0.9817198514938354,0.105525345,0.9555345316934721,0.7959183673469388,0.7959183673469388
Uformer + PathologyLoss,BraTS2021_00081,30.786612,0.9816294312477112,0.10404431,0.9609375,0.6451612903225806,0.6451612903225806
Uformer + PathologyLoss,BraTS2021_00081,30.8798,0.9810625314712524,0.104461625,0.981243830207305,0.0,0.0
Uformer + PathologyLoss,BraTS2021_00081,30.796196,0.98017418384552,0.103437215,0.9653725078698846,nan,nan
Uformer + PathologyLoss,BraTS2021_00081,30.913784,0.9807164669036865,0.10360406,0.9693654266958425,nan,nan
Uformer + PathologyLoss,BraTS2021_00081,30.881918,0.9794028401374817,0.10293715,0.9513641755634639,0.0,0.0
Uformer + PathologyLoss,BraTS2021_00081,30.9315,0.9782727360725403,0.102632664,0.953551912568306,nan,nan
Uformer + PathologyLoss,BraTS2021_00081,30.907879,0.9751988649368286,0.106404684,0.8565965583173997,nan,nan
Uformer + PathologyLoss,BraTS2021_00081,30.79232,0.9747961759567261,0.10635129,0.7788461538461539,nan,nan
Uformer + PathologyLoss,BraTS2021_00081,30.870403,0.9764900207519531,0.10404162,0.7437185929648241,nan,nan
Uformer + PathologyLoss,BraTS2021_00081,30.911043,0.9746837019920349,0.10393666,0.6813186813186813,nan,nan
Uformer + PathologyLoss,BraTS2021_00099,29.573362,0.9630798697471619,0.12517436,0.7076923076923077,nan,nan
Uformer + PathologyLoss,BraTS2021_00099,29.733675,0.9623993039131165,0.121788375,0.8928571428571429,nan,nan
Uformer + PathologyLoss,BraTS2021_00099,29.706432,0.9622219204902649,0.120543726,0.7777777777777778,nan,nan
Uformer + PathologyLoss,BraTS2021_00099,29.933851,0.9643186926841736,0.1179696,0.0,nan,nan
Uformer + PathologyLoss,BraTS2021_00099,30.023539,0.9615810513496399,0.11679452,0.6494252873563219,nan,nan
Uformer + PathologyLoss,BraTS2021_00099,29.87537,0.9641583561897278,0.11492164,0.13580246913580246,nan,nan
Uformer + PathologyLoss,BraTS2021_00099,30.084696,0.9666416645050049,0.1115834,0.018518518518518517,nan,nan
Uformer + PathologyLoss,BraTS2021_00099,30.275013,0.9647077322006226,0.11151331,0.3843137254901961,nan,nan
Uformer + PathologyLoss,BraTS2021_00099,30.35632,0.9650732278823853,0.1086889,0.3602941176470588,0.0,0.0
Uformer + PathologyLoss,BraTS2021_00099,30.364075,0.9673483967781067,0.107776515,0.48244274809160304,0.0,0.0
Uformer + PathologyLoss,BraTS2021_00099,30.577225,0.966870903968811,0.10637012,0.014925373134328358,0.0,0.0
Uformer + PathologyLoss,BraTS2021_00099,30.543755,0.9650006294250488,0.10741742,0.6032171581769437,0.4864864864864865,0.4864864864864865
Uformer + PathologyLoss,BraTS2021_00099,30.587122,0.968277096748352,0.10319277,0.8893166506256015,0.8142857142857143,0.8142857142857143
Uformer + PathologyLoss,BraTS2021_00099,30.802711,0.9681660532951355,0.10334108,0.8738647830474269,0.7971014492753623,0.7971014492753623
Uformer + PathologyLoss,BraTS2021_00099,30.51756,0.9668750166893005,0.1034994,0.8760035682426405,0.6875,0.6875
Uformer + PathologyLoss,BraTS2021_00099,30.071383,0.9681907296180725,0.10383892,0.911070780399274,0.696969696969697,0.696969696969697
Uformer + PathologyLoss,BraTS2021_00099,30.28229,0.9676457047462463,0.10509808,0.9356223175965666,0.1951219512195122,0.1951219512195122
Uformer + PathologyLoss,BraTS2021_00099,30.20543,0.9703725576400757,0.10196585,0.8708609271523179,0.0,0.0
Uformer + PathologyLoss,BraTS2021_00099,30.176552,0.9698537588119507,0.10555601,0.8730800323362975,nan,nan
Uformer + PathologyLoss,BraTS2021_00099,30.163425,0.9726423025131226,0.10242234,0.8617265087853323,nan,nan
Uformer + PathologyLoss,BraTS2021_00099,30.451992,0.974559485912323,0.098141775,0.7277321541377132,nan,nan
Uformer + PathologyLoss,BraTS2021_00099,30.611828,0.9764540791511536,0.096336104,0.7776332899869961,0.0,0.0
Uformer + PathologyLoss,BraTS2021_00099,30.388262,0.9746514558792114,0.09968033,0.7793484941610326,0.0,0.0
Uformer + PathologyLoss,BraTS2021_00099,30.345692,0.9771367311477661,0.09737876,0.8222958057395143,0.0,0.0
Uformer + PathologyLoss,BraTS2021_00099,30.490398,0.9779347777366638,0.09572849,0.7422680412371134,0.0,0.0
Uformer + PathologyLoss,BraTS2021_00099,30.989101,0.9797085523605347,0.09187656,0.7239074550128535,0.0,0.0
Uformer + PathologyLoss,BraTS2021_00099,30.956543,0.9810472130775452,0.08953844,0.7418856259659969,0.25225225225225223,0.25225225225225223
Uformer + PathologyLoss,BraTS2021_00099,31.184454,0.9820311665534973,0.087754875,0.6550308008213552,0.4915254237288136,0.4845814977973568
Uformer + PathologyLoss,BraTS2021_00099,31.560247,0.9831473231315613,0.08486082,0.6673238048299655,0.7877237851662404,0.7636363636363637
Uformer + PathologyLoss,BraTS2021_00099,31.562702,0.9834170937538147,0.08563337,0.7083333333333334,0.9557894736842105,0.8391608391608392
Uformer + PathologyLoss,BraTS2021_00099,31.182545,0.9835999608039856,0.08521228,0.7895189003436426,0.9397163120567376,0.8333333333333334
Uformer + PathologyLoss,BraTS2021_00099,31.295979,0.9826476573944092,0.08626804,0.8695652173913043,0.9037267080745341,0.6934984520123839
Uformer + PathologyLoss,BraTS2021_00099,31.342194,0.9814713001251221,0.0873087,0.8636363636363636,0.9146005509641874,0.7278481012658228
Uformer + PathologyLoss,BraTS2021_00099,31.183628,0.9818565845489502,0.08725979,0.8541820873427091,0.9122807017543859,0.7527472527472527
Uformer + PathologyLoss,BraTS2021_00099,31.469545,0.9806901216506958,0.08822467,0.7877862595419848,0.9215686274509803,0.7298050139275766
Uformer + PathologyLoss,BraTS2021_00099,31.15429,0.9796793460845947,0.0894771,0.8090145148968678,0.9009009009009009,0.7445255474452555
Uformer + PathologyLoss,BraTS2021_00099,31.104975,0.9756036996841431,0.09336571,0.8306878306878307,0.9415971394517283,0.8059701492537313
Uformer + PathologyLoss,BraTS2021_00099,30.872553,0.9758602380752563,0.09173338,0.8512428298279159,0.9228998849252014,0.7650273224043715
Uformer + PathologyLoss,BraTS2021_00099,30.943253,0.9741056561470032,0.09376284,0.9138638228055783,0.9165628891656289,0.7034482758620689
Uformer + PathologyLoss,BraTS2021_00099,30.927967,0.9755821228027344,0.092314996,0.9268069533394327,0.9641532756489494,0.8571428571428571
Uformer + PathologyLoss,BraTS2021_00099,30.329416,0.9739851951599121,0.09705926,0.9511343804537522,0.9463414634146341,0.8128654970760234
Uformer + PathologyLoss,BraTS2021_00099,30.420265,0.9751419425010681,0.096528605,0.9467248908296944,0.9053177691309987,0.6821192052980133
Uformer + PathologyLoss,BraTS2021_00099,30.279428,0.9751226305961609,0.097805634,0.9477543538038496,0.9376693766937669,0.8104575163398693
Uformer + PathologyLoss,BraTS2021_00099,30.291147,0.9730970859527588,0.10113471,0.9481915933528837,0.935656836461126,0.7887323943661971
Uformer + PathologyLoss,BraTS2021_00099,29.971983,0.9724343419075012,0.10283171,0.914914914914915,0.9249658935879945,0.7989130434782609
Uformer + PathologyLoss,BraTS2021_00099,29.995173,0.9737173318862915,0.10239113,0.9449152542372882,0.9484536082474226,0.8343558282208589
Uformer + PathologyLoss,BraTS2021_00099,29.809662,0.9743428826332092,0.10599583,0.9704016913319239,0.941358024691358,0.8227848101265823
Uformer + PathologyLoss,BraTS2021_00099,29.60508,0.9745949506759644,0.10672732,0.9296875,0.9138840070298769,0.8
Uformer + PathologyLoss,BraTS2021_00099,29.394924,0.9740158319473267,0.108701296,0.9342177998894416,0.9163763066202091,0.822742474916388
Uformer + PathologyLoss,BraTS2021_00099,29.138643,0.9732062816619873,0.114157565,0.9318541996830428,0.9058614564831261,0.8167202572347267
Uformer + PathologyLoss,BraTS2021_00099,29.309208,0.9742098450660706,0.11372012,0.9360780065005417,0.931237721021611,0.8428571428571429
Uformer + PathologyLoss,BraTS2021_00099,29.5523,0.9759132862091064,0.11108315,0.906508875739645,0.9387755102040817,0.8600682593856656
Uformer + PathologyLoss,BraTS2021_00099,29.66031,0.976762592792511,0.11132386,0.8983688833124216,0.8975609756097561,0.8016528925619835
Uformer + PathologyLoss,BraTS2021_00099,29.365423,0.9747427105903625,0.11840893,0.9431751611013474,0.8652482269503546,0.8458781362007168
Uformer + PathologyLoss,BraTS2021_00099,29.374561,0.9777446389198303,0.11590748,0.9491525423728814,0.9287925696594427,0.8497854077253219
Uformer + PathologyLoss,BraTS2021_00099,29.275454,0.9779044985771179,0.117854394,0.9452796151533374,0.9338842975206612,0.8823529411764706
Uformer + PathologyLoss,BraTS2021_00099,29.298843,0.9796478748321533,0.116599955,0.9547374773687387,0.827906976744186,0.9025641025641026
Uformer + PathologyLoss,BraTS2021_00099,29.468754,0.9792783260345459,0.11851748,0.9487024743512372,0.5545454545454546,0.7612903225806451
Uformer + PathologyLoss,BraTS2021_00099,29.442432,0.9804401993751526,0.118087545,0.9710238248551192,0.0,0.0
Uformer + PathologyLoss,BraTS2021_00099,29.149117,0.9804048538208008,0.12241814,0.9699799866577719,0.0,0.0
Uformer + PathologyLoss,BraTS2021_00099,29.02407,0.9806233048439026,0.124342896,0.9717825189263593,nan,nan
Uformer + PathologyLoss,BraTS2021_00099,28.887268,0.9793098568916321,0.13054776,0.966452533904354,0.0,0.0
Uformer + PathologyLoss,BraTS2021_00099,29.143599,0.980174720287323,0.13295047,0.974981046247157,0.0,0.0
Uformer + PathologyLoss,BraTS2021_00099,29.045212,0.981029212474823,0.13501501,0.9642857142857143,0.0,0.0
Uformer + PathologyLoss,BraTS2021_00099,29.36317,0.9817582368850708,0.13580789,0.9530434782608695,0.0,0.0
Uformer + PathologyLoss,BraTS2021_00099,29.154087,0.9810484051704407,0.14250061,0.917470525187567,nan,nan
Uformer + PathologyLoss,BraTS2021_00099,29.648855,0.9832451939582825,0.13849144,0.8409986859395532,nan,nan
Uformer + PathologyLoss,BraTS2021_00099,29.883259,0.9828609228134155,0.14324161,0.9061102831594635,nan,nan
Uformer + PathologyLoss,BraTS2021_00099,29.572496,0.9814593195915222,0.1534313,0.9488536155202821,nan,nan
Uformer + PathologyLoss,BraTS2021_00099,30.37734,0.9835020303726196,0.14915816,0.8382352941176471,nan,nan
Uformer + PathologyLoss,BraTS2021_00099,30.836123,0.9835203289985657,0.15284283,0.8311688311688312,nan,nan
Uformer + PathologyLoss,BraTS2021_00100,29.260872,0.9622572064399719,0.10080372,0.8291139240506329,0.75,0.75
Uformer + PathologyLoss,BraTS2021_00100,29.501497,0.962677538394928,0.09780551,0.8068181818181818,0.8143712574850299,0.8143712574850299
Uformer + PathologyLoss,BraTS2021_00100,29.688469,0.9620729684829712,0.095315844,0.8631239935587761,0.8691099476439791,0.8691099476439791
Uformer + PathologyLoss,BraTS2021_00100,29.680557,0.9614515900611877,0.09493762,0.872,0.7642276422764228,0.7948717948717948
Uformer + PathologyLoss,BraTS2021_00100,29.269276,0.9513722658157349,0.096205644,0.9235602094240838,0.8823529411764706,0.8823529411764706
Uformer + PathologyLoss,BraTS2021_00100,29.617207,0.9481175541877747,0.097069256,0.9031111111111111,0.8616352201257862,0.8544303797468354
Uformer + PathologyLoss,BraTS2021_00100,30.009445,0.9482709169387817,0.08987006,0.8979591836734694,0.8199052132701422,0.815347721822542
Uformer + PathologyLoss,BraTS2021_00100,30.3584,0.9455808401107788,0.08713907,0.9140562248995984,0.8333333333333334,0.8104575163398693
Uformer + PathologyLoss,BraTS2021_00100,30.446152,0.9502305388450623,0.08416703,0.9004392386530015,0.8067226890756303,0.7722342733188721
Uformer + PathologyLoss,BraTS2021_00100,30.67497,0.9543350338935852,0.08197753,0.900742741390952,0.8423236514522822,0.7849223946784922
Uformer + PathologyLoss,BraTS2021_00100,30.727966,0.9538623094558716,0.08333838,0.922397476340694,0.8571428571428571,0.8367729831144465
Uformer + PathologyLoss,BraTS2021_00100,30.659592,0.9564738273620605,0.07985933,0.9267421083978559,0.8070796460176991,0.7624309392265194
Uformer + PathologyLoss,BraTS2021_00100,31.003956,0.960873007774353,0.07814045,0.9321175278622087,0.8979591836734694,0.8796147672552167
Uformer + PathologyLoss,BraTS2021_00100,30.745186,0.960940420627594,0.07849829,0.9353369763205829,0.8473748473748474,0.8
Uformer + PathologyLoss,BraTS2021_00100,30.903652,0.9601483941078186,0.079294845,0.8930348258706468,0.908695652173913,0.8039950062421972
Uformer + PathologyLoss,BraTS2021_00100,30.870867,0.9655763506889343,0.07637099,0.952448045086298,0.9256544502617801,0.8245192307692307
Uformer + PathologyLoss,BraTS2021_00100,30.70155,0.9669874310493469,0.077655524,0.9511051574012056,0.9217719132893497,0.8723404255319149
Uformer + PathologyLoss,BraTS2021_00100,30.957123,0.9706863164901733,0.07597126,0.938964241676942,0.927920463960232,0.8833333333333333
Uformer + PathologyLoss,BraTS2021_00100,30.793598,0.9724022150039673,0.076865666,0.9625727751594123,0.9278810408921933,0.8854337152209493
Uformer + PathologyLoss,BraTS2021_00100,30.779758,0.9728404879570007,0.076062165,0.9673684210526315,0.9562878278412912,0.9265454545454546
Uformer + PathologyLoss,BraTS2021_00100,30.798723,0.9738552570343018,0.07538705,0.9716818517606501,0.8910776361529548,0.8747616020343293
Uformer + PathologyLoss,BraTS2021_00100,30.86562,0.9747626185417175,0.07375496,0.9634893408478314,0.934040047114252,0.9179910998092816
Uformer + PathologyLoss,BraTS2021_00100,30.838106,0.9785780906677246,0.07334901,0.9769392033542977,0.9266589057043073,0.9005847953216374
Uformer + PathologyLoss,BraTS2021_00100,30.962852,0.9799656271934509,0.07126179,0.9763341067285383,0.9631284916201117,0.9303514376996805
Uformer + PathologyLoss,BraTS2021_00100,31.355358,0.9817004203796387,0.06799346,0.9752066115702479,0.9621380846325167,0.9349645846748229
Uformer + PathologyLoss,BraTS2021_00100,30.922386,0.9826788902282715,0.06907493,0.9677274764679515,0.9475374732334048,0.9244114002478315
Uformer + PathologyLoss,BraTS2021_00100,31.043503,0.9826676845550537,0.068994865,0.9769196626719929,0.9568382735309412,0.929678188319428
Uformer + PathologyLoss,BraTS2021_00100,31.247854,0.9816412925720215,0.067794345,0.9700415482178001,0.9331352154531947,0.9058553386911596
Uformer + PathologyLoss,BraTS2021_00100,31.444756,0.9812072515487671,0.06677205,0.9766528474798167,0.9603612644254892,0.9323220536756126
Uformer + PathologyLoss,BraTS2021_00100,31.490768,0.9799224138259888,0.06867772,0.9763261727312582,0.9643916913946587,0.9330985915492958
Uformer + PathologyLoss,BraTS2021_00100,31.58786,0.9789313077926636,0.06783062,0.9730794484569928,0.947265625,0.9087719298245615
Uformer + PathologyLoss,BraTS2021_00100,31.464565,0.9796867966651917,0.06676063,0.9776440240756664,0.9410618606916707,0.9014251781472684
Uformer + PathologyLoss,BraTS2021_00100,31.539412,0.9785393476486206,0.06552992,0.976371125081292,0.951231289232255,0.9009407858328722
Uformer + PathologyLoss,BraTS2021_00100,31.529009,0.9758443832397461,0.06829233,0.9805464480874317,0.9611940298507463,0.9346622369878184
Uformer + PathologyLoss,BraTS2021_00100,31.77481,0.9780104756355286,0.06609196,0.9803579223046704,0.8866171003717472,0.8444666001994018
Uformer + PathologyLoss,BraTS2021_00100,31.515167,0.9764089584350586,0.06910787,0.979148181011535,0.9289099526066351,0.8908045977011494
Uformer + PathologyLoss,BraTS2021_00100,31.212715,0.9757725596427917,0.07087077,0.9811748695849399,0.9199110122358176,0.8788627935723115
Uformer + PathologyLoss,BraTS2021_00100,31.119553,0.9751993417739868,0.07299123,0.9794967381174278,0.9273060476481368,0.8937368050668544
Uformer + PathologyLoss,BraTS2021_00100,30.98445,0.9734458327293396,0.074781075,0.979611190137506,0.9148665819567979,0.8885714285714286
Uformer + PathologyLoss,BraTS2021_00100,31.061638,0.9763533473014832,0.07242769,0.9753787878787878,0.9373219373219374,0.9101978691019786
Uformer + PathologyLoss,BraTS2021_00100,31.143517,0.9751499891281128,0.07292688,0.9791059280855199,0.9383458646616541,0.9130434782608695
Uformer + PathologyLoss,BraTS2021_00100,30.901558,0.9759200215339661,0.07553087,0.971712158808933,0.9007751937984496,0.8926282051282052
Uformer + PathologyLoss,BraTS2021_00100,30.932943,0.975051999092102,0.07512611,0.9751937984496124,0.8765880217785844,0.869406392694064
Uformer + PathologyLoss,BraTS2021_00100,30.740862,0.9765569567680359,0.076946795,0.9699208443271767,0.8345784418356457,0.8270676691729323
Uformer + PathologyLoss,BraTS2021_00100,30.634338,0.9756061434745789,0.079607636,0.9740155371015269,0.895040369088812,0.8847497089639115
Uformer + PathologyLoss,BraTS2021_00100,30.570099,0.9758216738700867,0.080456756,0.9697624190064795,0.8623188405797102,0.8581907090464548
Uformer + PathologyLoss,BraTS2021_00100,30.575378,0.9769209027290344,0.0809317,0.9761709120788825,0.8236744759556104,0.8149068322981367
Uformer + PathologyLoss,BraTS2021_00100,30.327818,0.9761383533477783,0.08391476,0.9631490787269682,0.7368421052631579,0.7562043795620438
Uformer + PathologyLoss,BraTS2021_00100,30.276276,0.9760347604751587,0.085418254,0.9628074385122976,0.7208791208791209,0.7370786516853932
Uformer + PathologyLoss,BraTS2021_00100,29.947165,0.9757512211799622,0.08907745,0.9589660743134087,0.6319444444444444,0.6341463414634146
Uformer + PathologyLoss,BraTS2021_00100,29.759123,0.977084219455719,0.09034863,0.9605309116311561,0.0,0.0
Uformer + PathologyLoss,BraTS2021_00100,29.842533,0.9772631525993347,0.09270071,0.9594040968342644,0.0,0.0
Uformer + PathologyLoss,BraTS2021_00100,29.61271,0.9779446721076965,0.0941599,0.9723538704581358,0.0,0.0
Uformer + PathologyLoss,BraTS2021_00100,29.611628,0.9785164594650269,0.09501052,0.9682068673166596,0.0,0.0
Uformer + PathologyLoss,BraTS2021_00100,29.714169,0.9791395664215088,0.0964602,0.9552899513058876,0.0,0.0
Uformer + PathologyLoss,BraTS2021_00100,29.752367,0.9793868064880371,0.10030924,0.9568378009995456,0.0,0.0
Uformer + PathologyLoss,BraTS2021_00100,29.439957,0.9795867800712585,0.1027335,0.9446284902981543,0.0,0.0
Uformer + PathologyLoss,BraTS2021_00100,29.270233,0.9790489673614502,0.10818085,0.9443339960238568,0.0,0.0
Uformer + PathologyLoss,BraTS2021_00100,29.421593,0.9792507886886597,0.111852385,0.9276780859162589,0.0,0.0
Uformer + PathologyLoss,BraTS2021_00100,29.139225,0.978563129901886,0.118774615,0.900562851782364,0.0,0.0
Uformer + PathologyLoss,BraTS2021_00100,29.214314,0.9805663824081421,0.1182043,0.9167950693374423,0.0,0.0
Uformer + PathologyLoss,BraTS2021_00100,29.827293,0.9818066358566284,0.120226085,0.8423772609819121,nan,nan
Uformer + PathologyLoss,BraTS2021_00100,29.97044,0.9834545850753784,0.11891028,0.8466257668711656,0.0,0.0
Uformer + PathologyLoss,BraTS2021_00100,29.747503,0.9833829998970032,0.1252356,0.8141809290953546,nan,nan
Uformer + PathologyLoss,BraTS2021_00100,29.383955,0.982193112373352,0.13492532,0.7253218884120172,0.0,0.0
Uformer + PathologyLoss,BraTS2021_00115,31.105013,0.977290689945221,0.09756465,0.4019138755980861,nan,nan
Uformer + PathologyLoss,BraTS2021_00115,31.095152,0.978853166103363,0.092842765,0.8146453089244852,nan,nan
Uformer + PathologyLoss,BraTS2021_00115,30.886204,0.9753059148788452,0.095969826,0.7850467289719626,0.3333333333333333,0.3333333333333333
Uformer + PathologyLoss,BraTS2021_00115,30.581696,0.9723682403564453,0.09909078,0.8041958041958042,0.5225225225225225,0.5225225225225225
Uformer + PathologyLoss,BraTS2021_00115,30.65016,0.9694115519523621,0.09870993,0.9321058688147296,0.8761061946902655,0.8761061946902655
Uformer + PathologyLoss,BraTS2021_00115,30.653038,0.9708280563354492,0.0961107,0.8716763005780347,0.5258620689655172,0.3791469194312796
Uformer + PathologyLoss,BraTS2021_00115,30.715303,0.9730246067047119,0.093459554,0.9043478260869565,0.6516129032258065,0.5169491525423728
Uformer + PathologyLoss,BraTS2021_00115,30.858833,0.9721872806549072,0.090277486,0.9463667820069204,0.8063063063063063,0.6962457337883959
Uformer + PathologyLoss,BraTS2021_00115,31.09664,0.9708321690559387,0.08744949,0.9095519864750634,0.82421875,0.6714285714285714
Uformer + PathologyLoss,BraTS2021_00115,31.51661,0.9751560091972351,0.083284944,0.9121725731895224,0.5887096774193549,0.5467625899280576
Uformer + PathologyLoss,BraTS2021_00115,31.67681,0.9716448783874512,0.08245651,0.8512658227848101,0.5910780669144982,0.48249027237354086
Uformer + PathologyLoss,BraTS2021_00115,31.470888,0.9728139042854309,0.08199793,0.9498607242339833,0.910547396528705,0.8100558659217877
Uformer + PathologyLoss,BraTS2021_00115,31.687988,0.9743339419364929,0.07803355,0.8821022727272727,0.4246823956442831,0.5140845070422535
Uformer + PathologyLoss,BraTS2021_00115,31.636726,0.9752297401428223,0.07833251,0.9205340114431023,0.8247162673392182,0.7804878048780488
Uformer + PathologyLoss,BraTS2021_00115,31.692684,0.9753821492195129,0.07668274,0.9383720930232559,0.8274231678486997,0.810126582278481
Uformer + PathologyLoss,BraTS2021_00115,31.852554,0.9741812944412231,0.07674499,0.9567172568858909,0.7920560747663551,0.8387096774193549
Uformer + PathologyLoss,BraTS2021_00115,31.899662,0.9715086221694946,0.07742214,0.9630836047774158,0.9432835820895522,0.8787878787878788
Uformer + PathologyLoss,BraTS2021_00115,31.81335,0.9741411805152893,0.075788155,0.9589770911028237,0.9357976653696498,0.8864059590316573
Uformer + PathologyLoss,BraTS2021_00115,31.839334,0.9743987321853638,0.07541461,0.960082944530845,0.9258215962441314,0.865979381443299
Uformer + PathologyLoss,BraTS2021_00115,32.11164,0.9765509366989136,0.07409611,0.9478957915831663,0.9087523277467412,0.8780487804878049
Uformer + PathologyLoss,BraTS2021_00115,31.767242,0.9764612317085266,0.07499678,0.9373134328358209,0.7971311475409836,0.8390804597701149
Uformer + PathologyLoss,BraTS2021_00115,31.868587,0.9724265933036804,0.07525587,0.9441176470588235,0.7568710359408034,0.8544776119402985
Uformer + PathologyLoss,BraTS2021_00115,31.997967,0.9759799242019653,0.07420665,0.9528439474963539,0.8123138033763655,0.8370221327967807
Uformer + PathologyLoss,BraTS2021_00115,31.962976,0.9781014323234558,0.074060075,0.9462867818776273,0.7827868852459017,0.8617594254937163
Uformer + PathologyLoss,BraTS2021_00115,31.687454,0.9772610664367676,0.07437819,0.8281938325991189,0.9251577998196574,0.8709122203098106
Uformer + PathologyLoss,BraTS2021_00115,31.937788,0.9754316806793213,0.07430975,0.9624197983501375,0.9141824751580849,0.879746835443038
Uformer + PathologyLoss,BraTS2021_00115,31.85992,0.9748749136924744,0.07521978,0.9662408759124088,0.9403383793410508,0.9022556390977443
Uformer + PathologyLoss,BraTS2021_00115,31.830524,0.9746295809745789,0.07491462,0.9697243560777226,0.9402319357716324,0.90625
Uformer + PathologyLoss,BraTS2021_00115,31.839523,0.980048418045044,0.07149184,0.9766590389016019,0.9106628242074928,0.8628571428571429
Uformer + PathologyLoss,BraTS2021_00115,32.16063,0.9787577986717224,0.07199689,0.9696119682094436,0.9170731707317074,0.865359477124183
Uformer + PathologyLoss,BraTS2021_00115,32.15092,0.9803832173347473,0.07043298,0.9725036179450073,0.8982528263103803,0.8782287822878229
Uformer + PathologyLoss,BraTS2021_00115,32.405754,0.9826460480690002,0.06818179,0.9716796875,0.9369183040330921,0.8991696322657177
Uformer + PathologyLoss,BraTS2021_00115,32.225655,0.981901228427887,0.0675123,0.9570858283433133,0.9691991786447639,0.9369988545246277
Uformer + PathologyLoss,BraTS2021_00115,32.71206,0.9831199049949646,0.065412864,0.9436170212765957,0.8845686512758202,0.8540829986613119
Uformer + PathologyLoss,BraTS2021_00115,32.414124,0.97889244556427,0.06788673,0.9416755037115588,0.9333333333333333,0.8947368421052632
Uformer + PathologyLoss,BraTS2021_00115,32.756916,0.9818668365478516,0.06521442,0.9447128287707998,0.93,0.8818635607321131
Uformer + PathologyLoss,BraTS2021_00115,32.894375,0.9796004295349121,0.06621361,0.9573621375781695,0.9575289575289575,0.918625678119349
Uformer + PathologyLoss,BraTS2021_00115,32.965847,0.9816612601280212,0.065540336,0.9450029568302779,0.8917748917748918,0.8112798264642083
Uformer + PathologyLoss,BraTS2021_00115,32.930927,0.9836349487304688,0.06310777,0.8721461187214612,0.8990825688073395,0.8329621380846325
Uformer + PathologyLoss,BraTS2021_00115,33.059288,0.9831737279891968,0.06410456,0.8814729574223246,0.9172185430463576,0.8603104212860311
Uformer + PathologyLoss,BraTS2021_00115,32.768227,0.9807798862457275,0.06548755,0.8690058479532163,0.935064935064935,0.8942731277533039
Uformer + PathologyLoss,BraTS2021_00115,32.97456,0.9812679290771484,0.064466245,0.9057788944723618,0.9437229437229437,0.9296482412060302
Uformer + PathologyLoss,BraTS2021_00115,32.85537,0.9813650250434875,0.06559739,0.9662113587347232,0.8994413407821229,0.8792569659442725
Uformer + PathologyLoss,BraTS2021_00115,32.890476,0.9774813652038574,0.06519947,0.888130968622101,0.7607843137254902,0.7509881422924901
Uformer + PathologyLoss,BraTS2021_00115,32.96573,0.9830432534217834,0.065116,0.9359457422758101,0.8431372549019608,0.835820895522388
Uformer + PathologyLoss,BraTS2021_00115,33.187847,0.9837356209754944,0.06355508,0.9397781299524565,0.6666666666666666,0.6666666666666666
Uformer + PathologyLoss,BraTS2021_00115,33.231133,0.9793068170547485,0.066597015,0.9373474369406021,0.11940298507462686,0.11940298507462686
Uformer + PathologyLoss,BraTS2021_00115,33.218117,0.9791062474250793,0.06510366,0.9289891395154553,0.0,0.0
Uformer + PathologyLoss,BraTS2021_00115,32.94893,0.9822444319725037,0.06606569,0.94106463878327,0.0,0.0
Uformer + PathologyLoss,BraTS2021_00115,32.79447,0.9784727096557617,0.06814286,0.9566055930568949,0.0,0.0
Uformer + PathologyLoss,BraTS2021_00115,32.69512,0.9815549254417419,0.0676986,0.9480249480249481,nan,nan
Uformer + PathologyLoss,BraTS2021_00115,32.79635,0.9825597405433655,0.066934444,0.925754060324826,nan,nan
Uformer + PathologyLoss,BraTS2021_00115,32.575974,0.978870153427124,0.06938557,0.8809523809523809,nan,nan
Uformer + PathologyLoss,BraTS2021_00115,32.552017,0.9806332588195801,0.07031529,0.9169675090252708,nan,nan
Uformer + PathologyLoss,BraTS2021_00115,32.595345,0.9799069166183472,0.069895506,0.864321608040201,nan,nan
Uformer + PathologyLoss,BraTS2021_00115,32.615494,0.9820055365562439,0.06933312,0.7038327526132404,nan,nan
Uformer + PathologyLoss,BraTS2021_00115,32.726765,0.9845535755157471,0.06819339,0.852112676056338,nan,nan
Uformer + PathologyLoss,BraTS2021_00115,32.273582,0.9832602739334106,0.07197915,0.0,nan,nan
Uformer + PathologyLoss,BraTS2021_00115,32.344322,0.980352520942688,0.07382958,0.9325842696629213,nan,nan
Uformer + PathologyLoss,BraTS2021_00115,31.788729,0.9830793738365173,0.07556284,0.0,nan,nan
Uformer + PathologyLoss,BraTS2021_00116,30.639475,0.9873985648155212,0.10484642,0.0,0.0,0.0
Uformer + PathologyLoss,BraTS2021_00116,29.946732,0.9841700792312622,0.1136938,0.0,0.0,0.0
Uformer + PathologyLoss,BraTS2021_00116,30.61783,0.9860172867774963,0.101843655,0.0,0.0,0.0
Uformer + PathologyLoss,BraTS2021_00116,30.886425,0.9861091375350952,0.0996367,0.07228915662650602,0.12556053811659193,0.12727272727272726
Uformer + PathologyLoss,BraTS2021_00116,31.28464,0.9864330291748047,0.095466465,0.01932367149758454,0.03663003663003663,0.03663003663003663
Uformer + PathologyLoss,BraTS2021_00116,31.451756,0.9874396920204163,0.09096081,0.007082152974504249,0.0,0.0
Uformer + PathologyLoss,BraTS2021_00116,31.388247,0.9874968528747559,0.08967168,0.009181331293037491,0.0,0.0
Uformer + PathologyLoss,BraTS2021_00116,31.563225,0.988498330116272,0.08668162,0.0,0.0,0.0
Uformer + PathologyLoss,BraTS2021_00116,31.26369,0.9878599047660828,0.087853834,0.04158790170132325,0.0,0.0
Uformer + PathologyLoss,BraTS2021_00116,31.43822,0.9877678751945496,0.08815364,0.23338485316846985,0.029339853300733496,0.03529411764705882
Uformer + PathologyLoss,BraTS2021_00116,31.331638,0.9874781966209412,0.089347675,0.17832957110609482,0.07610993657505286,0.08607594936708861
Uformer + PathologyLoss,BraTS2021_00116,31.35743,0.9871963858604431,0.08976362,0.21314741035856574,0.0,0.0
Uformer + PathologyLoss,BraTS2021_00116,31.542152,0.9884142279624939,0.08556546,0.59721300597213,0.1447811447811448,0.16149068322981366
Uformer + PathologyLoss,BraTS2021_00116,31.445208,0.9881252646446228,0.08736041,0.4549828178694158,0.08843537414965986,0.11206896551724138
Uformer + PathologyLoss,BraTS2021_00116,31.128025,0.9874133467674255,0.09008185,0.3896362730443448,0.07248322147651007,0.09375
Uformer + PathologyLoss,BraTS2021_00116,31.156029,0.9882950186729431,0.086937465,0.5379537953795379,0.1646090534979424,0.17034700315457413
Uformer + PathologyLoss,BraTS2021_00116,30.983574,0.9881196022033691,0.08756374,0.6652136006974717,0.13282247765006386,0.15453194650817237
Uformer + PathologyLoss,BraTS2021_00116,30.816826,0.9869807958602905,0.09097212,0.6940356312935708,0.2808988764044944,0.2773333333333333
Uformer + PathologyLoss,BraTS2021_00116,30.20643,0.9860216975212097,0.09262046,0.6916030534351145,0.2914466737064414,0.3764367816091954
Uformer + PathologyLoss,BraTS2021_00116,29.617107,0.9821686148643494,0.09847795,0.6892361111111112,0.36012207527975587,0.35128205128205126
Uformer + PathologyLoss,BraTS2021_00116,29.964691,0.9801962375640869,0.09394766,0.7398444252376837,0.30752688172043013,0.3281437125748503
Uformer + PathologyLoss,BraTS2021_00116,29.67503,0.9774800539016724,0.09715629,0.6323666978484564,0.2736842105263158,0.2828282828282828
Uformer + PathologyLoss,BraTS2021_00116,30.105047,0.9793598651885986,0.09049358,0.7137484329293774,0.15955056179775282,0.18134034165571616
Uformer + PathologyLoss,BraTS2021_00116,30.084799,0.9782487154006958,0.08968977,0.7938871473354232,0.19362186788154898,0.24216524216524216
Uformer + PathologyLoss,BraTS2021_00116,30.243341,0.981329619884491,0.08377986,0.8035714285714286,0.267314702308627,0.24892703862660945
Uformer + PathologyLoss,BraTS2021_00116,30.43114,0.9799858927726746,0.08351614,0.7951612903225806,0.06318681318681318,0.0738362760834671
Uformer + PathologyLoss,BraTS2021_00116,30.22768,0.9777017831802368,0.08493951,0.6181465308102863,0.08405797101449275,0.0873634945397816
Uformer + PathologyLoss,BraTS2021_00116,30.022337,0.9754437208175659,0.08585461,0.6538090646094503,0.003436426116838488,0.003838771593090211
Uformer + PathologyLoss,BraTS2021_00116,30.41293,0.9767051935195923,0.08157457,0.6737425011536686,0.026981450252951095,0.02877697841726619
Uformer + PathologyLoss,BraTS2021_00116,30.488888,0.9786444902420044,0.07796739,0.6203703703703703,0.0036429872495446266,0.00411522633744856
Uformer + PathologyLoss,BraTS2021_00116,30.749432,0.9784539341926575,0.07677306,0.6522187822497421,0.004098360655737705,0.0
Uformer + PathologyLoss,BraTS2021_00116,30.703922,0.9812245965003967,0.075408585,0.7396335583413693,0.03571428571428571,0.029925187032418952
Uformer + PathologyLoss,BraTS2021_00116,30.630377,0.9801357984542847,0.07433861,0.7606263982102909,0.00437636761487965,0.005194805194805195
Uformer + PathologyLoss,BraTS2021_00116,30.724937,0.9795293807983398,0.07471533,0.7772428884026258,0.0944206008583691,0.08482142857142858
Uformer + PathologyLoss,BraTS2021_00116,30.990133,0.9819307923316956,0.071284324,0.7975778546712803,0.14663951120162932,0.07600950118764846
Uformer + PathologyLoss,BraTS2021_00116,31.045338,0.9823421239852905,0.07110579,0.8080965356169716,0.004395604395604396,0.004975124378109453
Uformer + PathologyLoss,BraTS2021_00116,31.142162,0.9831254482269287,0.06966155,0.8310358408822371,0.17207792207792208,0.0988235294117647
Uformer + PathologyLoss,BraTS2021_00116,30.956242,0.9820555448532104,0.07178091,0.8336520076481836,0.16498993963782696,0.17889908256880735
Uformer + PathologyLoss,BraTS2021_00116,30.93463,0.9803555607795715,0.073107675,0.9073816155988857,0.5815602836879432,0.6493506493506493
Uformer + PathologyLoss,BraTS2021_00116,30.739017,0.9819290637969971,0.07325287,0.8060055314105097,0.33488372093023255,0.39539347408829173
Uformer + PathologyLoss,BraTS2021_00116,30.919998,0.9846121668815613,0.071243405,0.8696791093647676,0.41480446927374304,0.6290322580645161
Uformer + PathologyLoss,BraTS2021_00116,30.990599,0.9835197329521179,0.07142962,0.7885759619198731,0.24154589371980675,0.28225806451612906
Uformer + PathologyLoss,BraTS2021_00116,30.894394,0.9838109612464905,0.07109117,0.8113933795227097,0.055776892430278883,0.013761467889908258
Uformer + PathologyLoss,BraTS2021_00116,31.139183,0.9855766892433167,0.07035729,0.8180167090446785,0.05925925925925926,0.07158836689038031
Uformer + PathologyLoss,BraTS2021_00116,30.9346,0.9840030074119568,0.07397351,0.8506819813352476,0.39325842696629215,0.24691358024691357
Uformer + PathologyLoss,BraTS2021_00116,30.955864,0.9851411581039429,0.07231952,0.743202416918429,0.1322314049586777,0.13636363636363635
Uformer + PathologyLoss,BraTS2021_00116,30.847637,0.9854403138160706,0.07323507,0.781530568619068,0.1901639344262295,0.034739454094292806
Uformer + PathologyLoss,BraTS2021_00116,31.081635,0.9875093698501587,0.070644185,0.8147894556658678,0.34433443344334436,0.5478119935170178
Uformer + PathologyLoss,BraTS2021_00116,31.10779,0.9863181710243225,0.07116089,0.729064039408867,0.03501945525291829,0.03773584905660377
Uformer + PathologyLoss,BraTS2021_00116,31.022602,0.9853507876396179,0.073280215,0.7057719380572501,0.04436229205175601,0.048484848484848485
Uformer + PathologyLoss,BraTS2021_00116,31.042738,0.9866338968276978,0.0725282,0.738929889298893,0.017167381974248927,0.01775147928994083
Uformer + PathologyLoss,BraTS2021_00116,31.012917,0.9883251786231995,0.07034268,0.7786577740725302,0.12660731948565776,0.08695652173913043
Uformer + PathologyLoss,BraTS2021_00116,31.374458,0.98724365234375,0.070506714,0.8137755102040817,0.0,0.0
Uformer + PathologyLoss,BraTS2021_00116,31.41612,0.987881600856781,0.068590336,0.7606263982102909,0.0,0.0
Uformer + PathologyLoss,BraTS2021_00116,31.577158,0.987367570400238,0.068891205,0.7884696905468419,0.02626641651031895,0.0106951871657754
Uformer + PathologyLoss,BraTS2021_00116,31.636667,0.989469051361084,0.065350905,0.7765254566653712,0.06989247311827956,0.07547169811320754
Uformer + PathologyLoss,BraTS2021_00116,31.91741,0.987934947013855,0.06651992,0.747538048343778,0.0,0.0
Uformer + PathologyLoss,BraTS2021_00116,31.597229,0.9862633943557739,0.06879495,0.782760121898128,0.06748466257668712,0.0728476821192053
Uformer + PathologyLoss,BraTS2021_00116,31.839848,0.9876657128334045,0.06617386,0.7808628791114908,0.0,0.0
Uformer + PathologyLoss,BraTS2021_00116,32.008568,0.9862675666809082,0.06511629,0.8683495145631068,0.0,0.0
Uformer + PathologyLoss,BraTS2021_00116,32.07026,0.9860549569129944,0.06388978,0.8737044145873321,0.0,0.0
Uformer + PathologyLoss,BraTS2021_00116,32.11772,0.985430121421814,0.06490376,0.8495222929936306,0.0,0.0
Uformer + PathologyLoss,BraTS2021_00116,31.776545,0.9815765619277954,0.06790793,0.8846153846153846,0.0,0.0
Uformer + PathologyLoss,BraTS2021_00116,31.823332,0.981393575668335,0.06726706,0.8895800933125972,0.0,0.0
Uformer + PathologyLoss,BraTS2021_00116,31.974249,0.9815216660499573,0.06547251,0.8646723646723646,0.0,0.0
Uformer + PathologyLoss,BraTS2021_00116,31.93504,0.9824910759925842,0.065349095,0.8249832999331997,0.0,0.0
Uformer + PathologyLoss,BraTS2021_00116,32.12426,0.9793680310249329,0.06510029,0.909979633401222,0.0,0.0
Uformer + PathologyLoss,BraTS2021_00116,31.94608,0.9780162572860718,0.066976696,0.9079550187421908,0.0,0.0
Uformer + PathologyLoss,BraTS2021_00116,32.14125,0.9820637702941895,0.0640267,0.9046836483155299,0.0,0.0
Uformer + PathologyLoss,BraTS2021_00116,31.979977,0.9794408679008484,0.06685814,0.8448275862068966,0.0,0.0
Uformer + PathologyLoss,BraTS2021_00116,31.820738,0.9791199564933777,0.06640886,0.8771929824561403,nan,nan
Uformer + PathologyLoss,BraTS2021_00116,31.9322,0.9776437282562256,0.06710513,0.9076464746772592,nan,nan
Uformer + PathologyLoss,BraTS2021_00116,31.955315,0.9770882725715637,0.068029456,0.9334787350054525,nan,nan
Uformer + PathologyLoss,BraTS2021_00116,31.781773,0.9787355065345764,0.067881346,0.9287330316742082,0.0,nan
Uformer + PathologyLoss,BraTS2021_00116,31.716202,0.978424608707428,0.06833854,0.8837837837837837,nan,nan
Uformer + PathologyLoss,BraTS2021_00116,31.551249,0.9794036149978638,0.069881625,0.8295537673738113,nan,nan
Uformer + PathologyLoss,BraTS2021_00116,31.223434,0.9770481586456299,0.07242656,0.8534412955465587,nan,nan
Uformer + PathologyLoss,BraTS2021_00116,31.326807,0.9753260612487793,0.07546924,0.8596491228070176,nan,nan
Uformer + PathologyLoss,BraTS2021_00116,31.554283,0.982489287853241,0.070956424,0.8816568047337278,nan,nan
Uformer + PathologyLoss,BraTS2021_00116,31.19385,0.9821706414222717,0.0748887,0.7622739018087855,nan,nan
Uformer + PathologyLoss,BraTS2021_00116,31.173382,0.9806945323944092,0.0754776,0.7581047381546134,nan,nan
Uformer + PathologyLoss,BraTS2021_00116,31.145136,0.9807671904563904,0.07741526,0.0,nan,nan
Uformer + PathologyLoss,BraTS2021_00116,30.74686,0.9793140888214111,0.08153094,0.0,nan,nan
Uformer + PathologyLoss,BraTS2021_00116,30.471113,0.97885662317276,0.08549771,0.0,nan,nan
Uformer + PathologyLoss,BraTS2021_00116,30.652851,0.9824086427688599,0.08351764,0.0,nan,nan
Uformer + PathologyLoss,BraTS2021_00116,30.194855,0.9811736345291138,0.08984986,0.0,nan,nan
Uformer + PathologyLoss,BraTS2021_00116,30.426847,0.9835802316665649,0.08902977,0.0,nan,nan
Uformer + PathologyLoss,BraTS2021_00116,30.778458,0.9865466356277466,0.085563414,0.0,nan,nan
Uformer + PathologyLoss,BraTS2021_00116,30.73536,0.9871962666511536,0.087022334,0.0,nan,nan
Uformer + PathologyLoss,BraTS2021_00120,29.100325,0.9478732347488403,0.1139937,0.0,0.0,nan
Uformer + PathologyLoss,BraTS2021_00120,29.514462,0.9446888566017151,0.11152378,0.22096317280453256,0.0,0.0
Uformer + PathologyLoss,BraTS2021_00120,30.286564,0.9533267021179199,0.098647945,0.300556586270872,0.0,0.0
Uformer + PathologyLoss,BraTS2021_00120,30.368656,0.9562702178955078,0.09578823,0.21320973348783315,0.0,0.0
Uformer + PathologyLoss,BraTS2021_00120,30.8006,0.9559206366539001,0.091474414,0.9044347282948157,0.8415584415584415,0.8474178403755869
Uformer + PathologyLoss,BraTS2021_00120,30.51483,0.9556307196617126,0.09594596,0.8389299943084804,0.8869143780290791,0.7939590075512406
Uformer + PathologyLoss,BraTS2021_00120,30.507013,0.956839382648468,0.093254335,0.8430367955286446,0.8596750369276218,0.8639736191261336
Uformer + PathologyLoss,BraTS2021_00120,30.74332,0.9595969319343567,0.08963284,0.8543767648245261,0.9048473967684022,0.867231638418079
Uformer + PathologyLoss,BraTS2021_00120,30.451841,0.9631213545799255,0.09154965,0.8622540250447227,0.8791985857395404,0.7191679049034175
Uformer + PathologyLoss,BraTS2021_00120,30.649988,0.9634220004081726,0.09015704,0.8450980392156863,0.7937273823884198,0.7302904564315352
Uformer + PathologyLoss,BraTS2021_00120,30.354212,0.9642618894577026,0.09092469,0.8468199462526127,0.7509836987071389,0.6788079470198676
Uformer + PathologyLoss,BraTS2021_00120,30.748714,0.9677146077156067,0.08684045,0.850716896260894,0.7693121693121693,0.7051762940735183
Uformer + PathologyLoss,BraTS2021_00120,30.855938,0.9693631529808044,0.084787734,0.8491379310344828,0.7305801376597837,0.65086887835703
Uformer + PathologyLoss,BraTS2021_00120,30.419628,0.9687313437461853,0.08750208,0.8702523578893704,0.7110912343470484,0.7277227722772277
Uformer + PathologyLoss,BraTS2021_00120,30.350807,0.9704245924949646,0.08918026,0.8483763743288162,0.7186346863468634,0.6358490566037736
Uformer + PathologyLoss,BraTS2021_00120,30.466108,0.9721184372901917,0.0883645,0.8574987543597409,0.7511777301927195,0.6832535885167464
Uformer + PathologyLoss,BraTS2021_00120,30.884703,0.9702087044715881,0.08708502,0.862475442043222,0.8219284603421462,0.7058823529411765
Uformer + PathologyLoss,BraTS2021_00120,30.695343,0.9700946807861328,0.08878503,0.8654653172056282,0.8303142329020333,0.72
Uformer + PathologyLoss,BraTS2021_00120,30.510748,0.9723171591758728,0.08762613,0.8676543209876543,0.7849002849002849,0.6992215145081387
Uformer + PathologyLoss,BraTS2021_00120,30.46928,0.9736084342002869,0.08645943,0.9367670728903196,0.9300225733634312,0.7891816920943134
Uformer + PathologyLoss,BraTS2021_00120,30.888538,0.9731625318527222,0.08451411,0.9326788218793829,0.9116427432216906,0.7476635514018691
Uformer + PathologyLoss,BraTS2021_00120,30.554789,0.975064218044281,0.08498248,0.9514031485284052,0.9371358478994174,0.7445997458703939
Uformer + PathologyLoss,BraTS2021_00120,30.677631,0.975115954875946,0.08360079,0.9295710025235145,0.863766275007939,0.6761363636363636
Uformer + PathologyLoss,BraTS2021_00120,30.501663,0.9753792881965637,0.084017254,0.9628641316433177,0.9417206290471786,0.7396226415094339
Uformer + PathologyLoss,BraTS2021_00120,30.671642,0.9751154780387878,0.08212052,0.9152320767051645,0.8667061611374408,0.7495817066369214
Uformer + PathologyLoss,BraTS2021_00120,30.734726,0.9746233820915222,0.08340944,0.9581291759465479,0.936405529953917,0.7512794268167861
Uformer + PathologyLoss,BraTS2021_00120,30.546383,0.9737743735313416,0.085672766,0.9809252356939268,0.9735320961362945,0.8018063221274461
Uformer + PathologyLoss,BraTS2021_00120,30.759022,0.9719465970993042,0.08561228,0.9745743975237674,0.9729897547345545,0.8
Uformer + PathologyLoss,BraTS2021_00120,30.569527,0.9714757800102234,0.085121885,0.9822773593265397,0.9643304130162703,0.88366124893071
Uformer + PathologyLoss,BraTS2021_00120,30.49513,0.9700670838356018,0.08548217,0.9802513464991023,0.9541864139020537,0.8879310344827587
Uformer + PathologyLoss,BraTS2021_00120,30.579735,0.9680061340332031,0.08690972,0.9792512404149752,0.9669142471303174,0.9042179261862917
Uformer + PathologyLoss,BraTS2021_00120,30.68329,0.969001829624176,0.08490633,0.9792817679558011,0.9532520325203252,0.9072416598860863
Uformer + PathologyLoss,BraTS2021_00120,30.98038,0.967032790184021,0.08541137,0.9750175110903573,0.9421841541755889,0.8948488718603661
Uformer + PathologyLoss,BraTS2021_00120,30.705946,0.9669616222381592,0.0878982,0.9693192713326941,0.9193682460515378,0.8853795211411105
Uformer + PathologyLoss,BraTS2021_00120,30.792412,0.9680929183959961,0.0862327,0.9701673538685424,0.927710843373494,0.8808463251670379
Uformer + PathologyLoss,BraTS2021_00120,30.940918,0.9649775624275208,0.089197636,0.964438839848676,0.9366729678638941,0.8981693363844394
Uformer + PathologyLoss,BraTS2021_00120,30.652966,0.9664523005485535,0.090173736,0.9666053115961083,0.9537126325940212,0.8786999419616948
Uformer + PathologyLoss,BraTS2021_00120,30.805914,0.9668161869049072,0.08881578,0.9636817299695037,0.9321446260525013,0.9239130434782609
Uformer + PathologyLoss,BraTS2021_00120,30.948017,0.9683480262756348,0.088915914,0.9310240048617442,0.9298813376483279,0.9216231239577543
Uformer + PathologyLoss,BraTS2021_00120,30.695328,0.9667830467224121,0.0908934,0.9310676498877846,0.9654390934844193,0.951332560834299
Uformer + PathologyLoss,BraTS2021_00120,30.32058,0.9667830467224121,0.0952839,0.9185134674394818,0.927023945267959,0.9160401002506265
Uformer + PathologyLoss,BraTS2021_00120,30.477654,0.9653065800666809,0.096910015,0.9180082366154998,0.9570164348925411,0.9008766014834795
Uformer + PathologyLoss,BraTS2021_00120,30.090546,0.9634683132171631,0.10179945,0.945321992709599,0.9403085177733065,0.9278206026629292
Uformer + PathologyLoss,BraTS2021_00120,30.225466,0.965505838394165,0.10078569,0.8594297148574287,0.8357949609035621,0.8215547703180212
Uformer + PathologyLoss,BraTS2021_00120,30.00605,0.966970682144165,0.102409326,0.8861571352218065,0.8787602552415679,0.8520263901979265
Uformer + PathologyLoss,BraTS2021_00120,30.194551,0.9669254422187805,0.104926765,0.8656518861681006,0.8794178794178794,0.8732984293193717
Uformer + PathologyLoss,BraTS2021_00120,30.20813,0.9684366583824158,0.10587696,0.8637770897832817,0.716236722306525,0.6978193146417445
Uformer + PathologyLoss,BraTS2021_00120,30.081417,0.9681013822555542,0.10976689,0.8910200523103748,0.8339100346020761,0.8028933092224232
Uformer + PathologyLoss,BraTS2021_00120,30.037642,0.9671470522880554,0.11440406,0.8338983050847457,0.14559386973180077,0.1484375
Uformer + PathologyLoss,BraTS2021_00120,30.107483,0.9711301326751709,0.11214805,0.7643142476697736,0.192090395480226,0.19653179190751446
Uformer + PathologyLoss,BraTS2021_00120,30.106794,0.9694891571998596,0.11848288,0.43243243243243246,0.0,0.0
Uformer + PathologyLoss,BraTS2021_00120,29.937212,0.9706840515136719,0.12041105,0.2808219178082192,0.0,0.0
Uformer + PathologyLoss,BraTS2021_00120,29.922462,0.9721161723136902,0.12087086,0.5419847328244275,0.0,0.0
Uformer + PathologyLoss,BraTS2021_00120,29.563423,0.9716377854347229,0.12666906,0.16560509554140126,0.0,0.0
Uformer + PathologyLoss,BraTS2021_00127,30.074535,0.9841529130935669,0.13182324,0.8160535117056856,nan,nan
Uformer + PathologyLoss,BraTS2021_00127,30.022621,0.9835584759712219,0.1318205,0.9090909090909091,nan,nan
Uformer + PathologyLoss,BraTS2021_00127,29.796438,0.9829142689704895,0.1319032,0.9205175600739371,nan,nan
Uformer + PathologyLoss,BraTS2021_00127,29.985722,0.9828625917434692,0.12936702,0.7864768683274022,nan,nan
Uformer + PathologyLoss,BraTS2021_00127,29.2443,0.9816341996192932,0.130275,0.9079754601226994,0.25,0.25806451612903225
Uformer + PathologyLoss,BraTS2021_00127,29.231205,0.9802207946777344,0.1293242,0.7786790266512167,0.17307692307692307,0.17307692307692307
Uformer + PathologyLoss,BraTS2021_00127,29.336462,0.9797627925872803,0.1267002,0.840531561461794,0.5543071161048689,0.578125
Uformer + PathologyLoss,BraTS2021_00127,29.464813,0.9810663461685181,0.11856749,0.8938618925831202,0.8306451612903226,0.8189300411522634
Uformer + PathologyLoss,BraTS2021_00127,29.664677,0.9811171293258667,0.115715705,0.8746518105849582,0.9286675639300135,0.8850574712643678
Uformer + PathologyLoss,BraTS2021_00127,29.685305,0.9810742735862732,0.112725325,0.9015296367112811,0.8913043478260869,0.8097281831187411
Uformer + PathologyLoss,BraTS2021_00127,30.038698,0.9817495942115784,0.108556464,0.9113043478260869,0.9220023282887078,0.7919254658385093
Uformer + PathologyLoss,BraTS2021_00127,30.252459,0.9829937815666199,0.10348997,0.9389140271493213,0.9150622876557192,0.7672253258845437
Uformer + PathologyLoss,BraTS2021_00127,30.131126,0.9821884632110596,0.10434053,0.928395061728395,0.9483146067415731,0.8261758691206544
Uformer + PathologyLoss,BraTS2021_00127,30.354553,0.9822441935539246,0.104384765,0.9318257399401396,0.9336283185840708,0.7797356828193832
Uformer + PathologyLoss,BraTS2021_00127,30.140934,0.9831647276878357,0.10185573,0.9378172588832487,0.9215469613259668,0.75
Uformer + PathologyLoss,BraTS2021_00127,30.012348,0.9835507273674011,0.10039528,0.9591712370505789,0.9028077753779697,0.7333333333333333
Uformer + PathologyLoss,BraTS2021_00127,29.92174,0.9822900295257568,0.10324864,0.960887332165791,0.8216432865731463,0.6534296028880866
Uformer + PathologyLoss,BraTS2021_00127,29.848011,0.9830771088600159,0.10147874,0.9670203613421279,0.9090909090909091,0.782608695652174
Uformer + PathologyLoss,BraTS2021_00127,29.68888,0.9831773638725281,0.101181045,0.9707801418439717,0.8763005780346821,0.7727272727272727
Uformer + PathologyLoss,BraTS2021_00127,29.590324,0.981114387512207,0.106295355,0.9825242718446602,0.8763769889840881,0.7859649122807018
Uformer + PathologyLoss,BraTS2021_00127,29.20536,0.976636528968811,0.10560468,0.9573789504204118,0.8942436412315931,0.8241758241758241
Uformer + PathologyLoss,BraTS2021_00127,28.894005,0.9759457111358643,0.1073808,0.9812518027112778,0.8377253814147018,0.76
Uformer + PathologyLoss,BraTS2021_00127,28.774721,0.97354656457901,0.10769431,0.9733372399648403,0.9134125636672326,0.8676789587852495
Uformer + PathologyLoss,BraTS2021_00127,28.515242,0.9713634252548218,0.108836204,0.9794947994056463,0.825925925925926,0.7803837953091685
Uformer + PathologyLoss,BraTS2021_00127,28.850527,0.9712485074996948,0.10564659,0.9680223533064266,0.8047058823529412,0.7883211678832117
Uformer + PathologyLoss,BraTS2021_00127,28.94328,0.9702329039573669,0.10292933,0.9656050955414013,0.6322188449848024,0.6341463414634146
Uformer + PathologyLoss,BraTS2021_00127,28.553715,0.9679293036460876,0.10460926,0.9541795665634675,0.4878048780487805,0.4975124378109453
Uformer + PathologyLoss,BraTS2021_00127,28.870363,0.9640989303588867,0.10571908,0.9452141057934509,0.030534351145038167,0.032
Uformer + PathologyLoss,BraTS2021_00127,28.726328,0.9664974808692932,0.10328704,0.9473019880088356,0.0,0.0
Uformer + PathologyLoss,BraTS2021_00127,28.964916,0.9664965271949768,0.09952144,0.9634408602150538,0.0,0.0
Uformer + PathologyLoss,BraTS2021_00127,28.83315,0.963753879070282,0.09800059,0.9712843168191858,0.0,0.0
Uformer + PathologyLoss,BraTS2021_00127,29.158592,0.9623432755470276,0.09686302,0.9531593838415593,0.0,0.0
Uformer + PathologyLoss,BraTS2021_00127,29.44885,0.9607889652252197,0.09565351,0.9547932029496633,0.0,0.0
Uformer + PathologyLoss,BraTS2021_00127,29.288904,0.965283215045929,0.09328701,0.9712995807803935,0.0,0.0
Uformer + PathologyLoss,BraTS2021_00127,29.414848,0.962293803691864,0.093995094,0.9556650246305419,0.0,0.0
Uformer + PathologyLoss,BraTS2021_00127,29.565203,0.9664302468299866,0.090846844,0.9620837454665347,0.02631578947368421,0.0380952380952381
Uformer + PathologyLoss,BraTS2021_00127,29.528568,0.965916633605957,0.08925554,0.9697975439761035,0.0,0.0
Uformer + PathologyLoss,BraTS2021_00127,29.949852,0.9664459824562073,0.088178456,0.966678358470712,0.043478260869565216,0.06896551724137931
Uformer + PathologyLoss,BraTS2021_00127,30.05865,0.9661152362823486,0.08703159,0.9463087248322147,0.0,0.0
Uformer + PathologyLoss,BraTS2021_00127,30.289654,0.9673783183097839,0.084212326,0.9640987284966342,0.0,0.0
Uformer + PathologyLoss,BraTS2021_00127,30.454506,0.9686321020126343,0.082534924,0.9557522123893806,0.0,0.0
Uformer + PathologyLoss,BraTS2021_00127,30.090675,0.9679797291755676,0.08613881,0.9417701863354038,0.0,0.0
Uformer + PathologyLoss,BraTS2021_00127,30.21629,0.9690110683441162,0.08393607,0.9573690621193667,0.0,0.0
Uformer + PathologyLoss,BraTS2021_00127,29.990181,0.9688162803649902,0.0865499,0.9414279606669517,0.0,0.0
Uformer + PathologyLoss,BraTS2021_00127,30.036938,0.9700314402580261,0.08656958,0.9693406131877362,nan,nan
Uformer + PathologyLoss,BraTS2021_00127,30.015955,0.9696023464202881,0.08516711,0.9568627450980393,nan,nan
Uformer + PathologyLoss,BraTS2021_00127,30.163689,0.969077467918396,0.085231826,0.9114043355325165,0.0,0.0
Uformer + PathologyLoss,BraTS2021_00127,29.973373,0.9704911708831787,0.08565188,0.9314796425024826,0.0,0.0
Uformer + PathologyLoss,BraTS2021_00127,29.878407,0.9704737663269043,0.08731907,0.8920238741182854,0.0,0.0
Uformer + PathologyLoss,BraTS2021_00127,30.099133,0.9709909558296204,0.08799559,0.9412423055400112,0.0,0.0
Uformer + PathologyLoss,BraTS2021_00127,29.893324,0.9717422127723694,0.08751817,0.8552368245496998,nan,nan
Uformer + PathologyLoss,BraTS2021_00127,29.899693,0.9732148051261902,0.086015284,0.8418708240534521,0.0,0.0
Uformer + PathologyLoss,BraTS2021_00127,30.30483,0.974198043346405,0.085314006,0.8529886914378029,0.0,0.0
Uformer + PathologyLoss,BraTS2021_00127,30.467035,0.9743120670318604,0.08448481,0.7299703264094956,0.0,0.0
Uformer + PathologyLoss,BraTS2021_00127,30.486984,0.9756698608398438,0.08393313,0.7232472324723247,0.0,0.0
Uformer + PathologyLoss,BraTS2021_00127,30.49913,0.9748519659042358,0.08404693,0.5842391304347826,0.0,0.0
Uformer + PathologyLoss,BraTS2021_00127,30.44506,0.9752892851829529,0.08249663,0.12063492063492064,nan,nan
Uformer + PathologyLoss,BraTS2021_00127,30.476809,0.9735842347145081,0.083201684,0.0,nan,nan
Uformer + PathologyLoss,BraTS2021_00134,30.993498,0.9857005476951599,0.08761807,0.18627450980392157,0.0,nan
Uformer + PathologyLoss,BraTS2021_00134,30.89531,0.9856201410293579,0.08813618,0.4672036823935558,0.0,0.0
Uformer + PathologyLoss,BraTS2021_00134,30.734682,0.9844350218772888,0.09251844,0.259047619047619,0.0,0.0
Uformer + PathologyLoss,BraTS2021_00134,30.84063,0.9855427742004395,0.09053369,0.7139845397048489,0.1568627450980392,0.013986013986013986
Uformer + PathologyLoss,BraTS2021_00134,30.822973,0.9861815571784973,0.08972368,0.808351976137211,0.06309148264984227,0.056338028169014086
Uformer + PathologyLoss,BraTS2021_00134,30.652767,0.9857147932052612,0.09183833,0.8774474256707759,0.18032786885245902,0.0
Uformer + PathologyLoss,BraTS2021_00134,30.360546,0.985450267791748,0.09189953,0.8609523809523809,0.048672566371681415,0.015267175572519083
Uformer + PathologyLoss,BraTS2021_00134,29.973114,0.9840264320373535,0.09537036,0.8311688311688312,0.02531645569620253,0.0
Uformer + PathologyLoss,BraTS2021_00134,29.637714,0.9811214208602905,0.10058796,0.8312342569269522,0.29365079365079366,0.0
Uformer + PathologyLoss,BraTS2021_00134,29.355843,0.9812407493591309,0.0951931,0.8818407960199005,0.2843915343915344,0.0
Uformer + PathologyLoss,BraTS2021_00134,29.251747,0.9803552031517029,0.093938194,0.8932194340630005,0.27495908346972175,0.002635046113306983
Uformer + PathologyLoss,BraTS2021_00134,30.25366,0.9817831516265869,0.08457122,0.915651358950328,0.44275491949910556,0.08571428571428572
Uformer + PathologyLoss,BraTS2021_00134,30.297272,0.9849077463150024,0.07906991,0.9024341178837256,0.6262850791886635,0.0378619153674833
Uformer + PathologyLoss,BraTS2021_00134,30.504322,0.985342800617218,0.075833954,0.9490638212200524,0.601884952876178,0.04895104895104895
Uformer + PathologyLoss,BraTS2021_00134,30.46834,0.9859679937362671,0.07464569,0.9561386707527294,0.7352785145888594,0.034220532319391636
Uformer + PathologyLoss,BraTS2021_00134,30.8296,0.9846469759941101,0.07201378,0.9251798561151079,0.7813953488372093,0.0110803324099723
Uformer + PathologyLoss,BraTS2021_00134,30.998793,0.987539529800415,0.067369506,0.8694521216062429,0.7065302911093627,0.061145080600333516
Uformer + PathologyLoss,BraTS2021_00134,31.468489,0.9875370264053345,0.06547304,0.9524789843884028,0.7946792533791032,0.1111111111111111
Uformer + PathologyLoss,BraTS2021_00134,32.116753,0.98944491147995,0.061813276,0.9602938604163023,0.825696316262354,0.13033175355450238
Uformer + PathologyLoss,BraTS2021_00134,31.950846,0.9903609752655029,0.060141735,0.9487179487179487,0.8377703826955075,0.1388638412984671
Uformer + PathologyLoss,BraTS2021_00134,32.228737,0.9905902743339539,0.05999812,0.9526424159231297,0.8418803418803419,0.15384615384615385
Uformer + PathologyLoss,BraTS2021_00134,32.02982,0.9904584288597107,0.060748648,0.976063829787234,0.8314225053078557,0.09734513274336283
Uformer + PathologyLoss,BraTS2021_00134,32.105747,0.9903666973114014,0.05998248,0.9619868220983274,0.8482802278961806,0.13043478260869565
Uformer + PathologyLoss,BraTS2021_00134,31.885086,0.9904515147209167,0.061322477,0.9552385636989671,0.8716293201671098,0.08665511265164645
Uformer + PathologyLoss,BraTS2021_00134,31.757053,0.9906556010246277,0.0615231,0.9563683028553096,0.8606128550074739,0.08496176720475786
Uformer + PathologyLoss,BraTS2021_00134,31.802917,0.9896168112754822,0.06230516,0.9673051519154557,0.863928362857699,0.0041753653444676405
Uformer + PathologyLoss,BraTS2021_00134,31.933773,0.9901758432388306,0.06279266,0.9651315789473685,0.8757396449704142,0.006322444678609062
Uformer + PathologyLoss,BraTS2021_00134,31.62113,0.9911900758743286,0.061019048,0.9588235294117647,0.8748802452577122,0.009184845005740528
Uformer + PathologyLoss,BraTS2021_00134,31.74557,0.9902262091636658,0.062438793,0.9609559071019859,0.860189096761215,0.03345280764635603
Uformer + PathologyLoss,BraTS2021_00134,31.571144,0.991289496421814,0.061917994,0.9620210808097708,0.8682634730538922,0.05965909090909091
Uformer + PathologyLoss,BraTS2021_00134,31.339132,0.9910867214202881,0.0629538,0.9713168187744459,0.8762149275628095,0.0684811237928007
Uformer + PathologyLoss,BraTS2021_00134,31.585825,0.9904204607009888,0.06368272,0.9628259041211101,0.901010871638375,0.0817347789824854
Uformer + PathologyLoss,BraTS2021_00134,31.5672,0.9922094345092773,0.060077306,0.9617632325930874,0.8559239868140391,0.13617021276595745
Uformer + PathologyLoss,BraTS2021_00134,31.497507,0.9917566180229187,0.06129898,0.9637964774951077,0.8608856088560886,0.14216701173222912
Uformer + PathologyLoss,BraTS2021_00134,31.739597,0.9916725754737854,0.06098729,0.9681355932203389,0.8385907414993855,0.27149321266968324
Uformer + PathologyLoss,BraTS2021_00134,31.678465,0.9929758310317993,0.058986247,0.9705931776172072,0.8857087603945079,0.2586046511627907
Uformer + PathologyLoss,BraTS2021_00134,31.837215,0.9928638339042664,0.058988113,0.9763752953088086,0.8885530789573102,0.22537207654145996
Uformer + PathologyLoss,BraTS2021_00134,31.694677,0.9919688701629639,0.061544,0.9739627078783807,0.8706896551724138,0.22234957020057305
Uformer + PathologyLoss,BraTS2021_00134,31.554182,0.992426872253418,0.061527498,0.971943193626602,0.8680282796543598,0.2949894142554693
Uformer + PathologyLoss,BraTS2021_00134,31.942165,0.9924829006195068,0.06049713,0.9689174705251876,0.9036860879904876,0.3509272467902996
Uformer + PathologyLoss,BraTS2021_00134,31.590706,0.9921744465827942,0.061467,0.9593695271453591,0.8568623601021009,0.2849519743863394
Uformer + PathologyLoss,BraTS2021_00134,31.627487,0.9924200773239136,0.061379306,0.9522481700941094,0.8296616837136114,0.30713547052740436
Uformer + PathologyLoss,BraTS2021_00134,32.003895,0.9936521649360657,0.057229172,0.9650877524061143,0.8788207240407544,0.42616033755274263
Uformer + PathologyLoss,BraTS2021_00134,31.995775,0.9934471845626831,0.05735747,0.9630342703118984,0.8604342046964998,0.4076923076923077
Uformer + PathologyLoss,BraTS2021_00134,32.11114,0.9935590028762817,0.057505403,0.9669139763384801,0.8859795286836467,0.47058823529411764
Uformer + PathologyLoss,BraTS2021_00134,31.907475,0.9930850267410278,0.05923983,0.9524776604386678,0.8181174805378627,0.42695289206917114
Uformer + PathologyLoss,BraTS2021_00134,32.13012,0.9932287931442261,0.05792743,0.9583603020496224,0.9084191079440486,0.6089068825910932
Uformer + PathologyLoss,BraTS2021_00134,32.146343,0.99381023645401,0.05715147,0.9413363533408834,0.9064279902359642,0.6200162733930025
Uformer + PathologyLoss,BraTS2021_00134,31.975592,0.9935154914855957,0.05761215,0.9525773195876288,0.9096826688364524,0.5540540540540541
Uformer + PathologyLoss,BraTS2021_00134,32.124413,0.9934189915657043,0.05823949,0.9303703703703704,0.8886283704572099,0.6709039548022598
Uformer + PathologyLoss,BraTS2021_00134,32.209705,0.993298351764679,0.057941552,0.9288118042971784,0.8849135360763267,0.6191989828353465
Uformer + PathologyLoss,BraTS2021_00134,32.286304,0.9932600259780884,0.058077484,0.9417789757412399,0.880391557051086,0.5878750765462339
Uformer + PathologyLoss,BraTS2021_00134,32.113106,0.9928337931632996,0.058813885,0.9364747986877423,0.7336722721939773,0.6628895184135978
Uformer + PathologyLoss,BraTS2021_00134,32.043797,0.9926135540008545,0.05964985,0.9329538266919671,0.7752895752895753,0.6215673141326189
Uformer + PathologyLoss,BraTS2021_00134,32.210903,0.9926121830940247,0.058937814,0.9338284942606347,0.6394279877425945,0.7321772639691715
Uformer + PathologyLoss,BraTS2021_00134,32.169415,0.9915367364883423,0.06111158,0.9248146840804801,0.7743040685224839,0.5342913128674069
Uformer + PathologyLoss,BraTS2021_00134,32.147526,0.9922117590904236,0.0585555,0.8773513920240783,0.7330567081604425,0.498960498960499
Uformer + PathologyLoss,BraTS2021_00134,32.21874,0.9917172789573669,0.05878473,0.9195893926432849,0.7592033796016898,0.6333012512030799
Uformer + PathologyLoss,BraTS2021_00134,32.264896,0.9910855293273926,0.059299905,0.9128156264888042,0.6925619834710743,0.7201017811704835
Uformer + PathologyLoss,BraTS2021_00134,32.15377,0.9885953664779663,0.061962444,0.9025039957378796,0.6546762589928058,0.5558035714285714
Uformer + PathologyLoss,BraTS2021_00134,32.05735,0.9876578450202942,0.062390294,0.8673408685306365,0.6362545018007203,0.56657223796034
Uformer + PathologyLoss,BraTS2021_00134,32.389393,0.9860572814941406,0.06241508,0.7525622254758418,0.6037099494097807,0.5663716814159292
Uformer + PathologyLoss,BraTS2021_00134,32.223763,0.9843003749847412,0.06365968,0.6978798586572438,0.56047197640118,0.56047197640118
Uformer + PathologyLoss,BraTS2021_00134,32.117332,0.9818337559700012,0.06508406,0.4555052790346908,0.323943661971831,0.323943661971831
Uformer + PathologyLoss,BraTS2021_00134,32.1827,0.979457437992096,0.06570097,0.45183887915936954,0.42105263157894735,0.42105263157894735
Uformer + PathologyLoss,BraTS2021_00134,32.16275,0.9783416390419006,0.06557973,0.0,0.0,0.0
