method,subject,psnr,ssim,nrmse,dice_wt,dice_tc,dice_et
SwinIR + PathologyLoss,BraTS2021_00000,29.333055,0.9644866585731506,0.13682987,0.0,0.0,0.0
SwinIR + PathologyLoss,BraTS2021_00000,29.385874,0.9648428559303284,0.13286357,0.5338645418326693,0.5378151260504201,0.5378151260504201
SwinIR + PathologyLoss,BraTS2021_00000,29.27422,0.9662848711013794,0.1264301,0.8175895765472313,0.8008658008658008,0.7956521739130434
SwinIR + PathologyLoss,BraTS2021_00000,29.460121,0.9667503833770752,0.122268125,0.868995633187773,0.8632138114209827,0.8571428571428571
SwinIR + PathologyLoss,BraTS2021_00000,29.180773,0.9640469551086426,0.12345183,0.9181141439205955,0.8648111332007953,0.871587462082912
SwinIR + PathologyLoss,BraTS2021_00000,28.95239,0.9636210203170776,0.12297887,0.9408327246165084,0.9208400646203554,0.8924914675767918
SwinIR + PathologyLoss,BraTS2021_00000,28.852932,0.960233211517334,0.12452864,0.9366286438529785,0.9316939890710383,0.8702993092862624
SwinIR + PathologyLoss,BraTS2021_00000,28.76961,0.9620661735534668,0.12203679,0.9365798414496036,0.9181111775254035,0.848951048951049
SwinIR + PathologyLoss,BraTS2021_00000,28.784315,0.9610400199890137,0.11904453,0.9631901840490797,0.9505582137161085,0.907165109034268
SwinIR + PathologyLoss,BraTS2021_00000,28.74298,0.957852303981781,0.12229151,0.9602680708472954,0.95789995047053,0.895
SwinIR + PathologyLoss,BraTS2021_00000,28.4293,0.9588404893875122,0.12123113,0.9501630181648812,0.9395577395577396,0.8677316293929712
SwinIR + PathologyLoss,BraTS2021_00000,28.659088,0.9580935835838318,0.11799136,0.9609820254274442,0.9599627560521415,0.8976279650436954
SwinIR + PathologyLoss,BraTS2021_00000,29.229847,0.9600714445114136,0.11546486,0.9679376083188909,0.965205603253502,0.8825757575757576
SwinIR + PathologyLoss,BraTS2021_00000,29.25666,0.9654593467712402,0.110875025,0.9337223843268029,0.9386084583901774,0.8264580369843528
SwinIR + PathologyLoss,BraTS2021_00000,29.402922,0.9708737134933472,0.10372197,0.9567699836867863,0.9576234163390127,0.8378170637970792
SwinIR + PathologyLoss,BraTS2021_00000,29.529823,0.9710490703582764,0.10318004,0.9457305502846299,0.9620355411954766,0.8919597989949749
SwinIR + PathologyLoss,BraTS2021_00000,29.329063,0.9702895283699036,0.10669857,0.9385113268608414,0.9638364779874213,0.9094202898550725
SwinIR + PathologyLoss,BraTS2021_00000,29.325409,0.9706708788871765,0.10457916,0.9486638537271449,0.965705378020265,0.9114990969295605
SwinIR + PathologyLoss,BraTS2021_00000,29.143507,0.9705877304077148,0.105321884,0.9427101200686107,0.9548133595284872,0.9058240396530359
SwinIR + PathologyLoss,BraTS2021_00000,29.244663,0.9698848724365234,0.10702352,0.9300301305657851,0.9602543720190779,0.9079975947083584
SwinIR + PathologyLoss,BraTS2021_00000,29.179123,0.9719517827033997,0.10488482,0.9557764826876929,0.9590361445783132,0.8973570989551322
SwinIR + PathologyLoss,BraTS2021_00000,29.077284,0.9702252149581909,0.104434304,0.9456182888811916,0.9560306575231948,0.9008109794135996
SwinIR + PathologyLoss,BraTS2021_00000,29.308033,0.9703050255775452,0.10516321,0.9437259699405802,0.9379876796714579,0.8761528326745718
SwinIR + PathologyLoss,BraTS2021_00000,29.419685,0.9696506857872009,0.1050875,0.9551810684833274,0.9604887983706721,0.8834355828220859
SwinIR + PathologyLoss,BraTS2021_00000,29.30439,0.970363974571228,0.10258376,0.9798515376458112,0.9723352318958502,0.8937062937062937
SwinIR + PathologyLoss,BraTS2021_00000,29.55484,0.9696263670921326,0.10271734,0.9790854306983339,0.9774375503626108,0.8750862663906143
SwinIR + PathologyLoss,BraTS2021_00000,29.501045,0.9703055620193481,0.10056782,0.9827160493827161,0.9745454545454545,0.89272030651341
SwinIR + PathologyLoss,BraTS2021_00000,29.279633,0.9704670310020447,0.101123855,0.9804200783196867,0.9754701553556827,0.8942065491183879
SwinIR + PathologyLoss,BraTS2021_00000,29.614153,0.9684791564941406,0.10193868,0.9724508050089445,0.9734879867439934,0.8867313915857605
SwinIR + PathologyLoss,BraTS2021_00000,29.519274,0.9688254594802856,0.10090896,0.9742633345766505,0.9721048182586645,0.8692257644762524
SwinIR + PathologyLoss,BraTS2021_00000,29.432636,0.9715194702148438,0.10030794,0.9712509712509713,0.9699381078691424,0.8963623884694578
SwinIR + PathologyLoss,BraTS2021_00000,29.543402,0.9712873697280884,0.09877311,0.9628148740503798,0.9658356417359187,0.8914057295136576
SwinIR + PathologyLoss,BraTS2021_00000,29.647753,0.9723449349403381,0.097572185,0.9742724588781105,0.9734427812650893,0.9047931713722915
SwinIR + PathologyLoss,BraTS2021_00000,29.541685,0.9715555310249329,0.09945051,0.958670260557053,0.9582027168234065,0.8926401080351114
SwinIR + PathologyLoss,BraTS2021_00000,29.490316,0.9715529680252075,0.099946916,0.9627151051625239,0.9306122448979591,0.8762886597938144
SwinIR + PathologyLoss,BraTS2021_00000,29.533096,0.9725396037101746,0.09926785,0.9546638874413758,0.9145931405514459,0.8522920203735145
SwinIR + PathologyLoss,BraTS2021_00000,29.70566,0.974818229675293,0.09529382,0.912759643916914,0.8720066061106524,0.8118609406952966
SwinIR + PathologyLoss,BraTS2021_00000,30.272762,0.9783222675323486,0.09092218,0.8971082716879624,0.899904671115348,0.8390804597701149
SwinIR + PathologyLoss,BraTS2021_00000,30.339058,0.9795275330543518,0.08821059,0.9021827000808408,0.7496617050067659,0.7366946778711485
SwinIR + PathologyLoss,BraTS2021_00000,30.486912,0.9807495474815369,0.08656986,0.8225966303270565,0.7792642140468228,0.7792642140468228
SwinIR + PathologyLoss,BraTS2021_00000,30.914627,0.9829149842262268,0.084462345,0.6833855799373041,0.5882352941176471,0.5882352941176471
SwinIR + PathologyLoss,BraTS2021_00000,31.255627,0.9850105047225952,0.0799416,0.6361746361746362,0.030303030303030304,0.030303030303030304
SwinIR + PathologyLoss,BraTS2021_00000,31.148987,0.9843560457229614,0.082672335,0.5432098765432098,0.0,0.0
SwinIR + PathologyLoss,BraTS2021_00006,29.682335,0.9691016674041748,0.11675005,0.8825622775800712,nan,nan
SwinIR + PathologyLoss,BraTS2021_00006,29.76007,0.971445620059967,0.113809556,0.7225325884543762,nan,nan
SwinIR + PathologyLoss,BraTS2021_00006,30.031815,0.9730679392814636,0.10787786,0.9355216881594373,nan,nan
SwinIR + PathologyLoss,BraTS2021_00006,30.14389,0.9789711236953735,0.10120062,0.8991452991452992,nan,nan
SwinIR + PathologyLoss,BraTS2021_00006,30.383474,0.9779025316238403,0.099925995,0.9450694904037061,0.0,0.0
SwinIR + PathologyLoss,BraTS2021_00006,30.470535,0.9809746146202087,0.094910584,0.9490196078431372,0.5739130434782609,0.5739130434782609
SwinIR + PathologyLoss,BraTS2021_00006,30.397127,0.982715904712677,0.09273751,0.9654481722583875,0.8215158924205379,0.7584415584415585
SwinIR + PathologyLoss,BraTS2021_00006,30.306013,0.9822269678115845,0.09367355,0.9540126239855726,0.8460111317254174,0.75
SwinIR + PathologyLoss,BraTS2021_00006,30.47991,0.9824464917182922,0.09203417,0.9485204702067288,0.9129213483146067,0.8427672955974843
SwinIR + PathologyLoss,BraTS2021_00006,30.696949,0.9837114214897156,0.0897965,0.9572072072072072,0.9125748502994012,0.8311195445920304
SwinIR + PathologyLoss,BraTS2021_00006,30.479847,0.9838666915893555,0.08929994,0.9662761803336883,0.9479166666666666,0.8793103448275862
SwinIR + PathologyLoss,BraTS2021_00006,30.581263,0.9851695895195007,0.08764643,0.9755607633076665,0.9614299153339605,0.861878453038674
SwinIR + PathologyLoss,BraTS2021_00006,30.701717,0.9848076105117798,0.085840486,0.9723472668810289,0.9582963620230701,0.8609523809523809
SwinIR + PathologyLoss,BraTS2021_00006,30.960043,0.9855427742004395,0.08430332,0.9760403530895334,0.9694467382328654,0.8768115942028986
SwinIR + PathologyLoss,BraTS2021_00006,30.804157,0.9845573902130127,0.08696573,0.9744990892531876,0.9724626278520849,0.851063829787234
SwinIR + PathologyLoss,BraTS2021_00006,30.95266,0.9848077297210693,0.084438674,0.972504482964734,0.970566037735849,0.8855218855218855
SwinIR + PathologyLoss,BraTS2021_00006,31.050577,0.9848253130912781,0.08506167,0.9486799169385939,0.975254730713246,0.8967851099830795
SwinIR + PathologyLoss,BraTS2021_00006,30.946697,0.9870582222938538,0.08078681,0.9785932721712538,0.9681978798586572,0.8839590443686007
SwinIR + PathologyLoss,BraTS2021_00006,30.958511,0.9864286780357361,0.081706434,0.9779351675292836,0.9506790564689064,0.9146537842190016
SwinIR + PathologyLoss,BraTS2021_00006,30.976757,0.9874249696731567,0.078311704,0.9761019649495486,0.9429763560500696,0.9010654490106544
SwinIR + PathologyLoss,BraTS2021_00006,30.618164,0.9862784743309021,0.08405551,0.9482621384982755,0.9222144358794674,0.8698315467075038
SwinIR + PathologyLoss,BraTS2021_00006,30.69638,0.9867227077484131,0.08124992,0.9635073492143943,0.9424657534246575,0.8734939759036144
SwinIR + PathologyLoss,BraTS2021_00006,31.127956,0.9869132041931152,0.078906365,0.9793137016305671,0.9756418696510862,0.863905325443787
SwinIR + PathologyLoss,BraTS2021_00006,30.820963,0.9867997169494629,0.08035335,0.9753175173735922,0.9175977653631285,0.8321167883211679
SwinIR + PathologyLoss,BraTS2021_00006,30.96616,0.9869189858436584,0.080175005,0.9752582272399711,0.9291228070175439,0.8869814020028612
SwinIR + PathologyLoss,BraTS2021_00006,30.965649,0.988315761089325,0.07747229,0.9651983450961305,0.9717436250861475,0.88125
SwinIR + PathologyLoss,BraTS2021_00006,31.287209,0.9880028963088989,0.076765545,0.9532803180914513,0.9494505494505494,0.8707692307692307
SwinIR + PathologyLoss,BraTS2021_00006,30.943901,0.9878899455070496,0.07941969,0.9578736208625878,0.9488939740655988,0.8701298701298701
SwinIR + PathologyLoss,BraTS2021_00006,31.121847,0.9885749220848083,0.07754404,0.962421185372005,0.9649805447470817,0.8690909090909091
SwinIR + PathologyLoss,BraTS2021_00006,31.12713,0.9881693720817566,0.07887211,0.9590373783922171,0.9357021996615905,0.8876611418047882
SwinIR + PathologyLoss,BraTS2021_00006,31.08918,0.9897730946540833,0.07489803,0.9560468140442132,0.9458740017746229,0.8756756756756757
SwinIR + PathologyLoss,BraTS2021_00006,31.38334,0.9904869198799133,0.073008075,0.95092693565976,0.9443413729128015,0.8174904942965779
SwinIR + PathologyLoss,BraTS2021_00006,31.456078,0.9892377257347107,0.07688522,0.9654576856649395,0.9627450980392157,0.8672897196261682
SwinIR + PathologyLoss,BraTS2021_00006,31.839788,0.9897747039794922,0.07348022,0.9781659388646288,0.9391304347826087,0.8850574712643678
SwinIR + PathologyLoss,BraTS2021_00006,31.633438,0.9908308982849121,0.07220994,0.9507598784194529,0.9197604790419162,0.8068669527896996
SwinIR + PathologyLoss,BraTS2021_00006,31.938873,0.9903695583343506,0.072885185,0.9448275862068966,0.9399477806788512,0.8571428571428571
SwinIR + PathologyLoss,BraTS2021_00006,31.975616,0.9897850155830383,0.07394356,0.9461268728084157,0.9226100151745068,0.8316831683168316
SwinIR + PathologyLoss,BraTS2021_00006,31.831776,0.9892558455467224,0.07447039,0.9624305782424044,0.9182608695652174,0.8374384236453202
SwinIR + PathologyLoss,BraTS2021_00006,31.943386,0.9899157285690308,0.074043125,0.9748778785764132,0.8697478991596639,0.8
SwinIR + PathologyLoss,BraTS2021_00006,32.133034,0.9893481135368347,0.07319151,0.9753086419753086,0.86,0.8063492063492064
SwinIR + PathologyLoss,BraTS2021_00006,32.07133,0.9901174306869507,0.07350091,0.955607476635514,0.8227848101265823,0.7739463601532567
SwinIR + PathologyLoss,BraTS2021_00006,32.40742,0.9897279739379883,0.07217912,0.9737704918032787,0.8360655737704918,0.8018433179723502
SwinIR + PathologyLoss,BraTS2021_00006,32.50975,0.9903505444526672,0.07035973,0.9387568555758684,0.7317073170731707,0.7317073170731707
SwinIR + PathologyLoss,BraTS2021_00006,32.480305,0.9906118512153625,0.069513686,0.9779482262703739,0.4883720930232558,0.4883720930232558
SwinIR + PathologyLoss,BraTS2021_00006,32.515377,0.9884328246116638,0.07331585,0.9703069954705587,0.36363636363636365,0.21052631578947367
SwinIR + PathologyLoss,BraTS2021_00006,31.968422,0.9889060854911804,0.07598977,0.9744680851063829,0.42857142857142855,0.0
SwinIR + PathologyLoss,BraTS2021_00006,32.212166,0.9885705709457397,0.07617442,0.9526558891454965,nan,nan
SwinIR + PathologyLoss,BraTS2021_00006,32.291912,0.9878878593444824,0.07654581,0.9631363370392042,0.0,nan
SwinIR + PathologyLoss,BraTS2021_00006,32.23753,0.987594485282898,0.07641831,0.9746070133010882,0.0,nan
SwinIR + PathologyLoss,BraTS2021_00006,31.9477,0.987322986125946,0.08079451,0.9851708575112831,nan,nan
SwinIR + PathologyLoss,BraTS2021_00006,32.03374,0.9870455265045166,0.07967244,0.9739478957915831,nan,nan
SwinIR + PathologyLoss,BraTS2021_00006,31.555883,0.9862853288650513,0.08588284,0.9605734767025089,nan,nan
SwinIR + PathologyLoss,BraTS2021_00006,31.187258,0.9840375781059265,0.09089502,0.870420017873101,nan,nan
SwinIR + PathologyLoss,BraTS2021_00006,31.17263,0.9848799109458923,0.09067716,0.948051948051948,nan,nan
SwinIR + PathologyLoss,BraTS2021_00006,31.106588,0.9845982193946838,0.09056488,0.9575471698113207,nan,nan
SwinIR + PathologyLoss,BraTS2021_00006,30.953182,0.9838053584098816,0.09479858,0.9498069498069498,nan,nan
SwinIR + PathologyLoss,BraTS2021_00006,30.904789,0.981998860836029,0.09726847,0.9607843137254902,nan,nan
SwinIR + PathologyLoss,BraTS2021_00006,30.940325,0.9829654097557068,0.096671276,0.9728915662650602,nan,nan
SwinIR + PathologyLoss,BraTS2021_00006,30.60862,0.982601523399353,0.10008117,0.964824120603015,nan,nan
SwinIR + PathologyLoss,BraTS2021_00006,30.679924,0.9837676882743835,0.10026244,0.9548133595284872,nan,nan
SwinIR + PathologyLoss,BraTS2021_00006,30.835342,0.9812352061271667,0.105663165,0.9478458049886621,nan,nan
SwinIR + PathologyLoss,BraTS2021_00006,30.644968,0.981163501739502,0.10655195,0.9504373177842566,nan,nan
SwinIR + PathologyLoss,BraTS2021_00006,30.895267,0.9814398288726807,0.10669395,0.6823529411764706,nan,nan
SwinIR + PathologyLoss,BraTS2021_00011,30.833757,0.9636325836181641,0.09462173,0.6285714285714286,nan,nan
SwinIR + PathologyLoss,BraTS2021_00011,30.793573,0.9645720720291138,0.09486334,0.7808219178082192,nan,nan
SwinIR + PathologyLoss,BraTS2021_00011,30.90869,0.9666615724563599,0.091284245,0.8822314049586777,nan,nan
SwinIR + PathologyLoss,BraTS2021_00011,30.997112,0.9654877781867981,0.09140197,0.9197475202885482,nan,nan
SwinIR + PathologyLoss,BraTS2021_00011,30.971867,0.9678870439529419,0.08905345,0.9276264591439689,nan,nan
SwinIR + PathologyLoss,BraTS2021_00011,30.961658,0.9676169157028198,0.08885787,0.8977350720658888,nan,nan
SwinIR + PathologyLoss,BraTS2021_00011,31.086739,0.9712530970573425,0.0867975,0.901712111604312,nan,nan
SwinIR + PathologyLoss,BraTS2021_00011,31.116583,0.9689571857452393,0.08797938,0.8909774436090225,nan,nan
SwinIR + PathologyLoss,BraTS2021_00011,31.132118,0.9703034162521362,0.088236,0.9112426035502958,nan,nan
SwinIR + PathologyLoss,BraTS2021_00011,31.125435,0.9742848873138428,0.083493404,0.9543661971830986,nan,nan
SwinIR + PathologyLoss,BraTS2021_00011,31.121525,0.9762787818908691,0.08286177,0.9660922734852696,nan,nan
SwinIR + PathologyLoss,BraTS2021_00011,31.2416,0.9774627685546875,0.08219982,0.9672489082969432,nan,nan
SwinIR + PathologyLoss,BraTS2021_00011,31.067062,0.9786401987075806,0.082530126,0.9675359233634913,nan,nan
SwinIR + PathologyLoss,BraTS2021_00011,31.142448,0.9789022207260132,0.08135384,0.9701414353064431,nan,nan
SwinIR + PathologyLoss,BraTS2021_00011,30.838097,0.9797366261482239,0.08191947,0.9760814249363867,nan,nan
SwinIR + PathologyLoss,BraTS2021_00011,31.14834,0.9807793498039246,0.079062976,0.9674465920651069,0.0,0.0
SwinIR + PathologyLoss,BraTS2021_00011,31.158068,0.9802014827728271,0.080742046,0.9618473895582329,0.0,0.0
SwinIR + PathologyLoss,BraTS2021_00011,31.303396,0.9832012057304382,0.07613383,0.962,0.75,0.6868686868686869
SwinIR + PathologyLoss,BraTS2021_00011,31.180962,0.9838703870773315,0.07565717,0.9788489916379735,0.37383177570093457,0.37383177570093457
SwinIR + PathologyLoss,BraTS2021_00011,31.359406,0.9842975735664368,0.07458987,0.9821782178217822,0.5103448275862069,0.46808510638297873
SwinIR + PathologyLoss,BraTS2021_00011,31.619347,0.9851139783859253,0.074463695,0.9751491053677932,0.6994535519125683,0.6162790697674418
SwinIR + PathologyLoss,BraTS2021_00011,31.687424,0.9863507747650146,0.07132373,0.9774066797642437,0.9243697478991597,0.9106382978723404
SwinIR + PathologyLoss,BraTS2021_00011,31.633923,0.9858616590499878,0.072472416,0.9820649539505575,0.8506787330316742,0.8018867924528302
SwinIR + PathologyLoss,BraTS2021_00011,31.684473,0.9864994883537292,0.06999768,0.9791969037252056,0.9166666666666666,0.9230769230769231
SwinIR + PathologyLoss,BraTS2021_00011,31.835135,0.9856500029563904,0.071764454,0.9636363636363636,0.8451612903225807,0.9083969465648855
SwinIR + PathologyLoss,BraTS2021_00011,31.535217,0.9854131937026978,0.07156938,0.9791376912378303,0.8200589970501475,0.9357142857142857
SwinIR + PathologyLoss,BraTS2021_00011,31.710348,0.9847790002822876,0.07194762,0.9789377289377289,0.910958904109589,0.8723404255319149
SwinIR + PathologyLoss,BraTS2021_00011,31.695358,0.9832593202590942,0.07296396,0.9776357827476039,0.9381107491856677,0.9054054054054054
SwinIR + PathologyLoss,BraTS2021_00011,31.611565,0.9818717837333679,0.07321661,0.986142154671435,0.9313432835820895,0.9299363057324841
SwinIR + PathologyLoss,BraTS2021_00011,31.413748,0.9804297685623169,0.07329549,0.9866548042704626,0.9618768328445748,0.948948948948949
SwinIR + PathologyLoss,BraTS2021_00011,31.574375,0.9790154695510864,0.07304161,0.9896722047597665,0.9079365079365079,0.9009584664536742
SwinIR + PathologyLoss,BraTS2021_00011,31.707266,0.9779276251792908,0.07403579,0.9914375844975214,0.9380530973451328,0.916923076923077
SwinIR + PathologyLoss,BraTS2021_00011,31.658133,0.9750533699989319,0.07511121,0.9866543948458353,0.9480122324159022,0.9345794392523364
SwinIR + PathologyLoss,BraTS2021_00011,31.551365,0.9760929942131042,0.07542213,0.9839773798303487,0.9511400651465798,0.9084745762711864
SwinIR + PathologyLoss,BraTS2021_00011,31.75624,0.9753871560096741,0.07603789,0.989443378119002,0.9424460431654677,0.9386281588447654
SwinIR + PathologyLoss,BraTS2021_00011,31.661978,0.976170539855957,0.076399535,0.9840954274353877,0.8272727272727273,0.8272727272727273
SwinIR + PathologyLoss,BraTS2021_00011,31.50304,0.9735887050628662,0.07907262,0.9845995893223819,0.9183673469387755,0.9119170984455959
SwinIR + PathologyLoss,BraTS2021_00011,31.421879,0.9727718234062195,0.07939042,0.9542195256480971,0.906832298136646,0.906832298136646
SwinIR + PathologyLoss,BraTS2021_00011,31.517027,0.9737114906311035,0.079795726,0.9678571428571429,0.37333333333333335,0.37333333333333335
SwinIR + PathologyLoss,BraTS2021_00011,31.151506,0.9696762561798096,0.0832516,0.9788774894387448,0.0,0.0
SwinIR + PathologyLoss,BraTS2021_00011,31.13419,0.971045196056366,0.0838811,0.9807093963907902,0.0,0.0
SwinIR + PathologyLoss,BraTS2021_00011,30.888329,0.9722985625267029,0.08363295,0.9722042663219134,nan,nan
SwinIR + PathologyLoss,BraTS2021_00011,30.7482,0.9695555567741394,0.08651408,0.9744931327665141,0.0,0.0
SwinIR + PathologyLoss,BraTS2021_00011,30.718279,0.9680032134056091,0.09050192,0.9626556016597511,0.0,0.0
SwinIR + PathologyLoss,BraTS2021_00011,30.415888,0.968198835849762,0.09108127,0.9685094471658502,nan,nan
SwinIR + PathologyLoss,BraTS2021_00011,30.4862,0.9656707644462585,0.09350465,0.9558173784977909,nan,nan
SwinIR + PathologyLoss,BraTS2021_00011,30.510824,0.9687479734420776,0.09270186,0.9420062695924765,nan,nan
SwinIR + PathologyLoss,BraTS2021_00011,30.376797,0.9670427441596985,0.0946646,0.9491803278688524,nan,nan
SwinIR + PathologyLoss,BraTS2021_00011,30.190453,0.9658078551292419,0.09795069,0.964041095890411,0.0,0.0
SwinIR + PathologyLoss,BraTS2021_00011,30.192822,0.9669475555419922,0.099715255,0.9647495361781077,nan,nan
SwinIR + PathologyLoss,BraTS2021_00011,30.150879,0.9694002866744995,0.10074632,0.9634888438133874,nan,nan
SwinIR + PathologyLoss,BraTS2021_00011,29.936857,0.9697243571281433,0.10452233,0.9241540256709452,nan,nan
SwinIR + PathologyLoss,BraTS2021_00011,30.006477,0.970339834690094,0.10656801,0.95822454308094,nan,nan
SwinIR + PathologyLoss,BraTS2021_00011,29.62502,0.9704470038414001,0.11161006,0.8811881188118812,nan,nan
SwinIR + PathologyLoss,BraTS2021_00011,29.822731,0.9737229943275452,0.11113036,0.9293361884368309,nan,nan
SwinIR + PathologyLoss,BraTS2021_00011,29.848888,0.9736740589141846,0.11596369,0.86,nan,nan
SwinIR + PathologyLoss,BraTS2021_00014,31.751125,0.9836726784706116,0.15204838,0.39631336405529954,nan,nan
SwinIR + PathologyLoss,BraTS2021_00014,31.410961,0.9839512705802917,0.14786862,0.48552338530066813,nan,nan
SwinIR + PathologyLoss,BraTS2021_00014,31.20157,0.9848465323448181,0.14184853,0.5741029641185648,nan,nan
SwinIR + PathologyLoss,BraTS2021_00014,31.249392,0.9842897653579712,0.14164901,0.1360544217687075,nan,nan
SwinIR + PathologyLoss,BraTS2021_00014,31.030455,0.9843814373016357,0.13951321,0.7551622418879056,nan,nan
SwinIR + PathologyLoss,BraTS2021_00014,31.419878,0.9853825569152832,0.1330692,0.4828711256117455,nan,nan
SwinIR + PathologyLoss,BraTS2021_00014,31.278646,0.9850677251815796,0.13288073,0.7669172932330827,nan,nan
SwinIR + PathologyLoss,BraTS2021_00014,31.212618,0.985750675201416,0.12846579,0.8754134509371555,nan,nan
SwinIR + PathologyLoss,BraTS2021_00014,30.908413,0.9856189489364624,0.12789123,0.8547169811320755,0.0,0.0
SwinIR + PathologyLoss,BraTS2021_00014,30.666885,0.9851728677749634,0.1277687,0.6568364611260054,0.0,0.0
SwinIR + PathologyLoss,BraTS2021_00014,29.829464,0.9816701412200928,0.13770376,0.8095572733661279,0.0,0.0
SwinIR + PathologyLoss,BraTS2021_00014,29.702322,0.9821464419364929,0.13174134,0.8532046864231564,0.0,0.0
SwinIR + PathologyLoss,BraTS2021_00014,29.742264,0.9798598885536194,0.13175802,0.8754034861200775,0.21052631578947367,0.21052631578947367
SwinIR + PathologyLoss,BraTS2021_00014,29.13086,0.9779629707336426,0.13287623,0.8804733727810651,0.3673469387755102,0.3673469387755102
SwinIR + PathologyLoss,BraTS2021_00014,29.195908,0.9765048623085022,0.12965225,0.8407851690294439,0.4482758620689655,0.4482758620689655
SwinIR + PathologyLoss,BraTS2021_00014,28.91626,0.9753196239471436,0.12925534,0.8900468994267848,0.0,0.0
SwinIR + PathologyLoss,BraTS2021_00014,28.794987,0.9735633730888367,0.12662284,0.9048991354466859,0.016260162601626018,0.016260162601626018
SwinIR + PathologyLoss,BraTS2021_00014,28.550205,0.9727064371109009,0.12353659,0.9078341013824884,0.0,0.0
SwinIR + PathologyLoss,BraTS2021_00014,28.67506,0.9725775122642517,0.1197595,0.8965205603253502,0.0,0.0
SwinIR + PathologyLoss,BraTS2021_00014,28.986723,0.9695920944213867,0.119935356,0.918018018018018,0.45977011494252873,0.45977011494252873
SwinIR + PathologyLoss,BraTS2021_00014,28.775263,0.9687713384628296,0.11584596,0.9240953221535746,0.3543307086614173,0.3557312252964427
SwinIR + PathologyLoss,BraTS2021_00014,28.799677,0.9703031182289124,0.11252984,0.9416498993963782,0.2009132420091324,0.1926605504587156
SwinIR + PathologyLoss,BraTS2021_00014,28.932438,0.9688431620597839,0.11188853,0.9233164655507979,0.22110552763819097,0.22110552763819097
SwinIR + PathologyLoss,BraTS2021_00014,28.865326,0.9665529727935791,0.11377049,0.9005032907471932,0.47161572052401746,0.47161572052401746
SwinIR + PathologyLoss,BraTS2021_00014,28.792116,0.9672511219978333,0.10978855,0.927843137254902,0.39,0.39
SwinIR + PathologyLoss,BraTS2021_00014,28.993961,0.9618273973464966,0.11172541,0.8190559440559441,0.6608695652173913,0.6608695652173913
SwinIR + PathologyLoss,BraTS2021_00014,28.70919,0.9664446711540222,0.108541675,0.8798988621997471,0.6206896551724138,0.6206896551724138
SwinIR + PathologyLoss,BraTS2021_00014,28.921812,0.9629721641540527,0.108614266,0.8775595486836607,0.794392523364486,0.794392523364486
SwinIR + PathologyLoss,BraTS2021_00014,28.946121,0.9671735763549805,0.10460549,0.7474649927571222,0.0,0.0
SwinIR + PathologyLoss,BraTS2021_00014,29.043417,0.9668212532997131,0.10497436,0.734006734006734,0.16822429906542055,0.16822429906542055
SwinIR + PathologyLoss,BraTS2021_00014,28.973219,0.9673977494239807,0.104424916,0.7592592592592593,0.345679012345679,0.345679012345679
SwinIR + PathologyLoss,BraTS2021_00014,29.144575,0.9666216373443604,0.10374053,0.8473998294970162,0.0,0.0
SwinIR + PathologyLoss,BraTS2021_00014,29.010107,0.9673120975494385,0.10482405,0.8360515021459227,0.0,0.0
SwinIR + PathologyLoss,BraTS2021_00014,29.176025,0.9689992666244507,0.10133671,0.7847985347985348,nan,nan
SwinIR + PathologyLoss,BraTS2021_00014,29.023354,0.9687549471855164,0.1046925,0.897172236503856,nan,nan
SwinIR + PathologyLoss,BraTS2021_00014,29.121124,0.9705392718315125,0.10267488,0.8763936015511391,nan,nan
SwinIR + PathologyLoss,BraTS2021_00014,29.074612,0.9702402353286743,0.10329002,0.8314606741573034,0.0,0.0
SwinIR + PathologyLoss,BraTS2021_00014,29.33771,0.9706529378890991,0.10339284,0.783410138248848,nan,nan
SwinIR + PathologyLoss,BraTS2021_00014,29.245127,0.9713966250419617,0.103298776,0.8637627432808156,nan,nan
SwinIR + PathologyLoss,BraTS2021_00014,29.460682,0.9727261662483215,0.100894265,0.8912354804646251,nan,nan
SwinIR + PathologyLoss,BraTS2021_00014,29.526073,0.9776663184165955,0.09512427,0.7798036465638148,nan,nan
SwinIR + PathologyLoss,BraTS2021_00014,29.453392,0.9753029942512512,0.09727099,0.8205128205128205,nan,nan
SwinIR + PathologyLoss,BraTS2021_00014,29.427034,0.9744316935539246,0.0989069,0.7319884726224783,nan,nan
SwinIR + PathologyLoss,BraTS2021_00017,30.997545,0.9736390709877014,0.13247639,0.0,nan,nan
SwinIR + PathologyLoss,BraTS2021_00017,30.92057,0.9722265005111694,0.13449275,0.7704280155642024,nan,nan
SwinIR + PathologyLoss,BraTS2021_00017,31.231758,0.9752147197723389,0.12824315,0.903370786516854,nan,nan
SwinIR + PathologyLoss,BraTS2021_00017,30.865387,0.9748998284339905,0.12839708,0.8779599271402551,nan,nan
SwinIR + PathologyLoss,BraTS2021_00017,30.866186,0.9743207693099976,0.12823753,0.8994082840236687,nan,nan
SwinIR + PathologyLoss,BraTS2021_00017,30.583742,0.973891019821167,0.12980358,0.8837209302325582,nan,nan
SwinIR + PathologyLoss,BraTS2021_00017,30.328003,0.9741978645324707,0.12891546,0.9261300992282249,nan,nan
SwinIR + PathologyLoss,BraTS2021_00017,30.198502,0.9707826972007751,0.13025641,0.9271255060728745,nan,nan
SwinIR + PathologyLoss,BraTS2021_00017,30.35876,0.9702129364013672,0.12798746,0.9,0.0,0.0
SwinIR + PathologyLoss,BraTS2021_00017,30.097525,0.9679127335548401,0.12574443,0.9121813031161473,nan,nan
SwinIR + PathologyLoss,BraTS2021_00017,29.974285,0.9634978771209717,0.12660502,0.9260204081632653,nan,nan
SwinIR + PathologyLoss,BraTS2021_00017,30.053587,0.9661811590194702,0.120189875,0.9431680773881499,nan,nan
SwinIR + PathologyLoss,BraTS2021_00017,29.955427,0.9606581926345825,0.12012327,0.9124044679600235,nan,nan
SwinIR + PathologyLoss,BraTS2021_00017,30.257586,0.9595537185668945,0.1179898,0.9660010793308149,nan,nan
SwinIR + PathologyLoss,BraTS2021_00017,30.229904,0.9614979028701782,0.115278736,0.965042372881356,nan,nan
SwinIR + PathologyLoss,BraTS2021_00017,30.220377,0.9606338143348694,0.11447144,0.973305954825462,nan,nan
SwinIR + PathologyLoss,BraTS2021_00017,30.535192,0.9651392102241516,0.10616774,0.9716348633316142,nan,nan
SwinIR + PathologyLoss,BraTS2021_00017,30.598133,0.9665858745574951,0.10500492,0.9787234042553191,nan,nan
SwinIR + PathologyLoss,BraTS2021_00017,30.958843,0.9705715775489807,0.10321578,0.9704641350210971,nan,nan
SwinIR + PathologyLoss,BraTS2021_00017,30.973711,0.9705992937088013,0.10142194,0.9677072120559742,nan,nan
SwinIR + PathologyLoss,BraTS2021_00017,31.040066,0.9696577787399292,0.10173844,0.9675615212527964,nan,nan
SwinIR + PathologyLoss,BraTS2021_00017,31.0697,0.9707936644554138,0.10239539,0.9583558680367766,0.0,0.0
SwinIR + PathologyLoss,BraTS2021_00017,31.145164,0.9686551690101624,0.1024078,0.9599109131403119,0.0,0.0
SwinIR + PathologyLoss,BraTS2021_00017,31.186998,0.9693707823753357,0.10156026,0.9588888888888889,0.0,0.0
SwinIR + PathologyLoss,BraTS2021_00017,31.039145,0.9700161218643188,0.10298624,0.956081081081081,0.0,0.0
SwinIR + PathologyLoss,BraTS2021_00017,31.003706,0.9711463451385498,0.098477006,0.9364096792346651,0.0,0.0
SwinIR + PathologyLoss,BraTS2021_00017,30.93384,0.972200334072113,0.0994096,0.9363166953528399,0.0,0.0
SwinIR + PathologyLoss,BraTS2021_00017,31.06656,0.9740745425224304,0.09821008,0.9678550555230859,0.0,0.0
SwinIR + PathologyLoss,BraTS2021_00017,30.758936,0.9699292182922363,0.102287635,0.9482653682288497,0.0,0.0
SwinIR + PathologyLoss,BraTS2021_00017,30.750072,0.9739653468132019,0.09937788,0.963308095515434,nan,nan
SwinIR + PathologyLoss,BraTS2021_00017,30.916065,0.9750242233276367,0.09841577,0.9396898334290638,nan,nan
SwinIR + PathologyLoss,BraTS2021_00017,31.179832,0.9760433435440063,0.09673313,0.929593589009731,nan,nan
SwinIR + PathologyLoss,BraTS2021_00017,30.899961,0.9765978455543518,0.09792097,0.8465346534653465,nan,nan
SwinIR + PathologyLoss,BraTS2021_00017,30.85205,0.9764608144760132,0.09745982,0.8775384615384615,nan,nan
SwinIR + PathologyLoss,BraTS2021_00017,30.873487,0.9772513508796692,0.09781526,0.9006785934608267,nan,nan
SwinIR + PathologyLoss,BraTS2021_00017,30.866486,0.9774869084358215,0.09636354,0.844851904090268,nan,nan
SwinIR + PathologyLoss,BraTS2021_00017,30.582527,0.9786081314086914,0.09579448,0.8496732026143791,nan,nan
SwinIR + PathologyLoss,BraTS2021_00017,30.851738,0.9803457260131836,0.09368417,0.8579710144927536,nan,nan
SwinIR + PathologyLoss,BraTS2021_00017,30.927547,0.9799467921257019,0.095083065,0.9045984900480439,nan,nan
SwinIR + PathologyLoss,BraTS2021_00017,31.00912,0.9821698665618896,0.09172413,0.9183400267737617,nan,nan
SwinIR + PathologyLoss,BraTS2021_00017,31.082966,0.9823092818260193,0.09070901,0.846031746031746,nan,nan
SwinIR + PathologyLoss,BraTS2021_00017,31.241985,0.9836359024047852,0.08997705,0.887709991158267,nan,nan
SwinIR + PathologyLoss,BraTS2021_00017,31.22395,0.9835895895957947,0.0900155,0.9328358208955224,nan,nan
SwinIR + PathologyLoss,BraTS2021_00017,31.293547,0.9847572445869446,0.08827369,0.897803247373448,nan,nan
SwinIR + PathologyLoss,BraTS2021_00017,31.297123,0.9850395917892456,0.08797759,0.8562992125984252,nan,nan
SwinIR + PathologyLoss,BraTS2021_00017,31.347095,0.9858599305152893,0.08712962,0.922089825847846,nan,nan
SwinIR + PathologyLoss,BraTS2021_00017,31.477932,0.9865373969078064,0.08520091,0.9283154121863799,nan,nan
SwinIR + PathologyLoss,BraTS2021_00017,31.412352,0.9862672686576843,0.08630337,0.9449618966977138,nan,nan
SwinIR + PathologyLoss,BraTS2021_00017,31.511229,0.9867212176322937,0.0838769,0.9323899371069182,nan,nan
SwinIR + PathologyLoss,BraTS2021_00017,31.666367,0.9849501252174377,0.08602411,0.9615384615384616,nan,nan
SwinIR + PathologyLoss,BraTS2021_00017,31.5646,0.9843153953552246,0.08626429,0.9587955625990491,nan,nan
SwinIR + PathologyLoss,BraTS2021_00017,31.562134,0.9842356443405151,0.086468026,0.9728867623604466,nan,nan
SwinIR + PathologyLoss,BraTS2021_00017,31.6522,0.9838791489601135,0.08603134,0.9348314606741573,nan,nan
SwinIR + PathologyLoss,BraTS2021_00017,31.339685,0.98178631067276,0.08934753,0.9569455727051178,nan,nan
SwinIR + PathologyLoss,BraTS2021_00017,31.451733,0.9799633026123047,0.08950259,0.943650126156434,nan,nan
SwinIR + PathologyLoss,BraTS2021_00017,31.547638,0.9765244126319885,0.09110361,0.8986615678776291,nan,nan
SwinIR + PathologyLoss,BraTS2021_00017,31.562803,0.9777268767356873,0.089330636,0.8908296943231441,nan,nan
SwinIR + PathologyLoss,BraTS2021_00017,31.494959,0.9734495878219604,0.089863144,0.8287671232876712,nan,nan
SwinIR + PathologyLoss,BraTS2021_00017,31.560087,0.9723606109619141,0.090913944,0.8728606356968215,nan,nan
SwinIR + PathologyLoss,BraTS2021_00017,31.71963,0.9646603465080261,0.09214489,0.6623586429725363,nan,nan
SwinIR + PathologyLoss,BraTS2021_00017,31.435472,0.9613639116287231,0.09587559,0.7728813559322034,nan,nan
SwinIR + PathologyLoss,BraTS2021_00017,31.863548,0.9591349363327026,0.09306464,0.7582417582417582,nan,nan
SwinIR + PathologyLoss,BraTS2021_00017,31.574162,0.9594326615333557,0.09905761,0.7665198237885462,nan,nan
SwinIR + PathologyLoss,BraTS2021_00017,31.24432,0.9625186324119568,0.096460916,0.6469428007889546,nan,nan
SwinIR + PathologyLoss,BraTS2021_00017,31.277508,0.9622535705566406,0.09832688,0.44834307992202727,nan,nan
SwinIR + PathologyLoss,BraTS2021_00018,30.334522,0.9720707535743713,0.10321732,0.38522427440633245,nan,nan
SwinIR + PathologyLoss,BraTS2021_00018,30.130875,0.9733023047447205,0.09865156,0.8425624321389794,nan,nan
SwinIR + PathologyLoss,BraTS2021_00018,30.426033,0.9749964475631714,0.09557068,0.8731966590736523,nan,nan
SwinIR + PathologyLoss,BraTS2021_00018,30.470503,0.9766096472740173,0.094715655,0.8374760994263862,0.0,0.0
SwinIR + PathologyLoss,BraTS2021_00018,30.346127,0.9765625596046448,0.094209895,0.8804554079696395,0.0,0.0
SwinIR + PathologyLoss,BraTS2021_00018,30.407036,0.9788199067115784,0.09155342,0.9211155378486056,0.0,0.0
SwinIR + PathologyLoss,BraTS2021_00018,30.691017,0.9817134141921997,0.08718679,0.9255910987482615,0.0,0.0
SwinIR + PathologyLoss,BraTS2021_00018,31.06909,0.9825706481933594,0.08573266,0.9442290486131822,0.0,0.0
SwinIR + PathologyLoss,BraTS2021_00018,30.977057,0.9851680994033813,0.08073783,0.9551136363636363,0.0,0.0
SwinIR + PathologyLoss,BraTS2021_00018,30.854687,0.9842427968978882,0.08238004,0.9141607435757244,0.0,0.0
SwinIR + PathologyLoss,BraTS2021_00018,30.846632,0.9852277040481567,0.081690975,0.9333675038441824,0.0,0.0
SwinIR + PathologyLoss,BraTS2021_00018,30.821907,0.9854223728179932,0.08204734,0.9212062256809338,0.0,0.0
SwinIR + PathologyLoss,BraTS2021_00018,30.948095,0.987072229385376,0.078353845,0.9371763116415222,0.06776180698151951,0.07317073170731707
SwinIR + PathologyLoss,BraTS2021_00018,30.615923,0.9866368174552917,0.08004654,0.9482722513089005,0.19651567944250872,0.22508038585209003
SwinIR + PathologyLoss,BraTS2021_00018,30.492506,0.986361026763916,0.08142472,0.9577350859453994,0.28992628992628994,0.3249821045096636
SwinIR + PathologyLoss,BraTS2021_00018,30.472923,0.9874878525733948,0.0799478,0.9397879575915183,0.1968503937007874,0.206052801030264
SwinIR + PathologyLoss,BraTS2021_00018,30.359793,0.9869908690452576,0.08067742,0.9489443378119002,0.2971538832609744,0.3283775048480931
SwinIR + PathologyLoss,BraTS2021_00018,30.228634,0.9864240288734436,0.082607955,0.937381404174573,0.3771043771043771,0.41509433962264153
SwinIR + PathologyLoss,BraTS2021_00018,30.612633,0.9869304895401001,0.08056211,0.9371534195933456,0.43841007477371113,0.47540983606557374
SwinIR + PathologyLoss,BraTS2021_00018,30.510612,0.9876339435577393,0.07850759,0.9501708940456917,0.610079575596817,0.44407158836689037
SwinIR + PathologyLoss,BraTS2021_00018,30.353203,0.9867745637893677,0.0817128,0.9558772836952775,0.6521060842433697,0.383739837398374
SwinIR + PathologyLoss,BraTS2021_00018,30.346346,0.9870244264602661,0.08070879,0.9470827679782904,0.3904208998548621,0.31084727468969237
SwinIR + PathologyLoss,BraTS2021_00018,30.327845,0.986058235168457,0.082137614,0.9452100840336134,0.5471757652256233,0.3507537688442211
SwinIR + PathologyLoss,BraTS2021_00018,30.373898,0.986571729183197,0.08169796,0.9394648829431438,0.3147353361945637,0.22545846817691478
SwinIR + PathologyLoss,BraTS2021_00018,30.243248,0.98591148853302,0.08300233,0.9464816650148662,0.4012036108324975,0.23319452706722188
SwinIR + PathologyLoss,BraTS2021_00018,30.133953,0.9856589436531067,0.082957886,0.952723703582529,0.29108635097493035,0.15741789354473387
SwinIR + PathologyLoss,BraTS2021_00018,30.237144,0.9842170476913452,0.08500838,0.9612027158098934,0.459915611814346,0.23601847101077475
SwinIR + PathologyLoss,BraTS2021_00018,30.324875,0.9839900732040405,0.0834579,0.9175833474361144,0.36866059817945385,0.2802283341982356
SwinIR + PathologyLoss,BraTS2021_00018,30.251091,0.9838180541992188,0.083605,0.9517716535433071,0.3333333333333333,0.20907079646017698
SwinIR + PathologyLoss,BraTS2021_00018,30.531141,0.9837897419929504,0.081896156,0.9485903814262023,0.5608591885441527,0.3593833067517278
SwinIR + PathologyLoss,BraTS2021_00018,30.39064,0.9831390976905823,0.08327736,0.9563775087079117,0.22815884476534296,0.18434782608695652
SwinIR + PathologyLoss,BraTS2021_00018,30.541504,0.9817872047424316,0.08303686,0.9571452392863098,0.4371069182389937,0.30728051391862954
SwinIR + PathologyLoss,BraTS2021_00018,30.827818,0.9824171662330627,0.08273918,0.9514237855946399,0.22206654991243432,0.17364905889496055
SwinIR + PathologyLoss,BraTS2021_00018,30.786257,0.9829763770103455,0.08041278,0.9572564612326043,0.2512178148921364,0.2372448979591837
SwinIR + PathologyLoss,BraTS2021_00018,30.806921,0.9828077554702759,0.08130441,0.9650856389986825,0.17178822658274714,0.16136195410806808
SwinIR + PathologyLoss,BraTS2021_00018,30.782612,0.983409583568573,0.078497894,0.9770320899169246,0.5260997067448681,0.2537606278613473
SwinIR + PathologyLoss,BraTS2021_00018,30.849773,0.9817987084388733,0.08093692,0.9833387781770663,0.667024993281376,0.3598274799753543
SwinIR + PathologyLoss,BraTS2021_00018,31.012764,0.9831494688987732,0.079641685,0.9795783926218709,0.43680356574339385,0.2780952380952381
SwinIR + PathologyLoss,BraTS2021_00018,30.692251,0.9823851585388184,0.0819067,0.955673455416738,0.5060918462980318,0.28125
SwinIR + PathologyLoss,BraTS2021_00018,30.867916,0.9835149049758911,0.08068822,0.9704884667571235,0.4929214929214929,0.34306569343065696
SwinIR + PathologyLoss,BraTS2021_00018,30.620586,0.9837498664855957,0.08018251,0.95750609543713,0.4064538276690697,0.17819148936170212
SwinIR + PathologyLoss,BraTS2021_00018,30.499947,0.9813822507858276,0.08495019,0.9657807886051764,0.41904761904761906,0.20776119402985074
SwinIR + PathologyLoss,BraTS2021_00018,30.594625,0.9805973768234253,0.08657764,0.9700243987452074,0.5551601423487544,0.3050847457627119
SwinIR + PathologyLoss,BraTS2021_00018,30.045536,0.9775032997131348,0.09283698,0.9382716049382716,0.5141242937853108,0.35398230088495575
SwinIR + PathologyLoss,BraTS2021_00018,30.023933,0.9782969355583191,0.093205005,0.9528147203497905,0.6003418803418803,0.3562130177514793
SwinIR + PathologyLoss,BraTS2021_00018,30.265831,0.9787588715553284,0.09321508,0.9699794890919261,0.503858024691358,0.2
SwinIR + PathologyLoss,BraTS2021_00018,29.842205,0.9791703820228577,0.09501153,0.9543942063026033,0.3534136546184739,0.07854984894259819
SwinIR + PathologyLoss,BraTS2021_00018,29.754656,0.9802045226097107,0.0957564,0.9321654104705642,0.1696522655426765,0.03153526970954357
SwinIR + PathologyLoss,BraTS2021_00018,29.891617,0.9794761538505554,0.09612966,0.936266447368421,0.3715139442231076,0.16941176470588235
SwinIR + PathologyLoss,BraTS2021_00018,29.715801,0.9793869256973267,0.09966195,0.9126760563380282,0.15812776723592664,0.016632016632016633
SwinIR + PathologyLoss,BraTS2021_00018,29.354118,0.977837085723877,0.10462666,0.9041353383458647,0.21668909825033647,0.08479834539813857
SwinIR + PathologyLoss,BraTS2021_00018,29.530338,0.976530909538269,0.108507425,0.8690476190476191,0.04222972972972973,0.05044136191677175
SwinIR + PathologyLoss,BraTS2021_00018,29.68025,0.9788963198661804,0.1058757,0.8514376996805112,0.05303678357570573,0.0
SwinIR + PathologyLoss,BraTS2021_00018,29.702015,0.9773572087287903,0.111325055,0.8787335722819594,0.0617399438727783,0.008310249307479225
SwinIR + PathologyLoss,BraTS2021_00018,29.58068,0.9782833456993103,0.10962045,0.8578861788617886,0.01900739176346357,0.025787965616045846
SwinIR + PathologyLoss,BraTS2021_00018,29.69878,0.9787384271621704,0.111467816,0.8469601677148847,0.0,0.0
SwinIR + PathologyLoss,BraTS2021_00018,29.532318,0.9794607758522034,0.112860516,0.8027366020524516,0.005215123859191656,0.0061633281972265025
SwinIR + PathologyLoss,BraTS2021_00018,29.883236,0.981660008430481,0.109594405,0.7935958459541325,0.05362776025236593,0.05733558178752108
SwinIR + PathologyLoss,BraTS2021_00018,29.907982,0.9810788035392761,0.11446975,0.8373943311785181,0.3709090909090909,0.3709090909090909
SwinIR + PathologyLoss,BraTS2021_00018,29.515364,0.9807625412940979,0.11872989,0.8286038592508513,0.4,0.4
SwinIR + PathologyLoss,BraTS2021_00018,29.98336,0.981877326965332,0.11837979,0.7813163481953291,0.0,0.0
SwinIR + PathologyLoss,BraTS2021_00018,30.05453,0.9810343384742737,0.12355169,0.8203799654576857,nan,nan
SwinIR + PathologyLoss,BraTS2021_00018,29.920204,0.9811398983001709,0.12719567,0.8608247422680413,nan,nan
SwinIR + PathologyLoss,BraTS2021_00018,30.010666,0.9815535545349121,0.12995175,0.9079229122055674,nan,nan
SwinIR + PathologyLoss,BraTS2021_00021,30.90579,0.9676668047904968,0.15418153,0.0,nan,nan
SwinIR + PathologyLoss,BraTS2021_00021,30.969799,0.967961847782135,0.15008783,0.0,nan,nan
SwinIR + PathologyLoss,BraTS2021_00021,30.990356,0.9664850234985352,0.14880133,0.0,nan,nan
SwinIR + PathologyLoss,BraTS2021_00021,30.758162,0.9648047089576721,0.15125233,0.0,nan,nan
SwinIR + PathologyLoss,BraTS2021_00021,30.964746,0.9675636291503906,0.14262134,0.0,nan,nan
SwinIR + PathologyLoss,BraTS2021_00021,31.031792,0.9668837785720825,0.1449753,0.0,nan,nan
SwinIR + PathologyLoss,BraTS2021_00021,30.72742,0.9624056220054626,0.14959803,0.0,nan,nan
SwinIR + PathologyLoss,BraTS2021_00021,30.44179,0.9587985873222351,0.14917329,0.0,nan,nan
SwinIR + PathologyLoss,BraTS2021_00021,30.272884,0.949736475944519,0.1562809,0.0,nan,nan
SwinIR + PathologyLoss,BraTS2021_00021,30.446285,0.9509990811347961,0.14401929,0.0,nan,nan
SwinIR + PathologyLoss,BraTS2021_00021,30.08583,0.9493293166160583,0.14038017,0.05194805194805195,nan,nan
SwinIR + PathologyLoss,BraTS2021_00021,30.236008,0.9486381411552429,0.13702776,0.15126903553299492,nan,nan
SwinIR + PathologyLoss,BraTS2021_00021,30.444504,0.9446277618408203,0.13622907,0.0,nan,nan
SwinIR + PathologyLoss,BraTS2021_00021,30.418852,0.9441165328025818,0.13232836,0.0759602934829521,nan,nan
SwinIR + PathologyLoss,BraTS2021_00021,30.714977,0.9440887570381165,0.13091539,0.0035634743875278397,nan,nan
SwinIR + PathologyLoss,BraTS2021_00021,30.472015,0.9364268779754639,0.13357374,0.037188208616780044,nan,nan
SwinIR + PathologyLoss,BraTS2021_00021,30.305439,0.9342254400253296,0.13065895,0.10840606338998622,nan,nan
SwinIR + PathologyLoss,BraTS2021_00021,30.57018,0.939073383808136,0.12806286,0.0,nan,nan
SwinIR + PathologyLoss,BraTS2021_00021,30.678167,0.93616783618927,0.12646316,0.0,nan,nan
SwinIR + PathologyLoss,BraTS2021_00021,31.141607,0.9439062476158142,0.120982885,0.0,nan,nan
SwinIR + PathologyLoss,BraTS2021_00021,30.879093,0.9361319541931152,0.12249547,0.0,nan,nan
SwinIR + PathologyLoss,BraTS2021_00021,31.304146,0.9390974044799805,0.11902964,0.0,nan,nan
SwinIR + PathologyLoss,BraTS2021_00021,31.114014,0.942341685295105,0.118274815,0.0,nan,nan
SwinIR + PathologyLoss,BraTS2021_00021,31.100716,0.9439272284507751,0.1192123,0.0,nan,nan
SwinIR + PathologyLoss,BraTS2021_00021,30.958986,0.9429916739463806,0.1230665,0.012623985572587917,nan,nan
SwinIR + PathologyLoss,BraTS2021_00021,31.186031,0.9451892971992493,0.11760961,0.015852047556142668,nan,nan
SwinIR + PathologyLoss,BraTS2021_00021,31.243568,0.948318362236023,0.11515163,0.0,0.0,0.0
SwinIR + PathologyLoss,BraTS2021_00021,31.08804,0.9475155472755432,0.117889024,0.013120899718837863,0.0,0.0
SwinIR + PathologyLoss,BraTS2021_00021,31.015656,0.9478574991226196,0.117722824,0.07827956989247312,0.0,0.0
SwinIR + PathologyLoss,BraTS2021_00021,30.946848,0.94997239112854,0.117955655,0.08812421317666806,0.0,0.0
SwinIR + PathologyLoss,BraTS2021_00021,31.074787,0.9519842863082886,0.11554138,0.12276882890727035,0.0,0.0
SwinIR + PathologyLoss,BraTS2021_00021,30.993116,0.9483770728111267,0.11654302,0.19312362838332114,0.0,0.0
SwinIR + PathologyLoss,BraTS2021_00021,31.105038,0.9516651034355164,0.11630219,0.24032738095238096,0.0,0.0
SwinIR + PathologyLoss,BraTS2021_00021,31.215328,0.950628936290741,0.113220215,0.2991518889745567,0.016227180527383367,0.018648018648018648
SwinIR + PathologyLoss,BraTS2021_00021,31.140484,0.9560771584510803,0.1119743,0.3074558032282859,0.04727272727272727,0.05591397849462366
SwinIR + PathologyLoss,BraTS2021_00021,31.166359,0.9539200663566589,0.113782234,0.294351630867144,0.007476635514018692,0.008695652173913044
SwinIR + PathologyLoss,BraTS2021_00021,31.3109,0.9546959400177002,0.112490594,0.21270842721946823,0.0,0.0
SwinIR + PathologyLoss,BraTS2021_00021,31.09575,0.95493483543396,0.115080774,0.2607538802660754,0.0,0.0
SwinIR + PathologyLoss,BraTS2021_00021,31.27558,0.957599401473999,0.11236799,0.29096477794793263,0.0,0.0
SwinIR + PathologyLoss,BraTS2021_00021,31.047054,0.9573867321014404,0.11353915,0.2217595002602811,0.11475409836065574,0.1330166270783848
SwinIR + PathologyLoss,BraTS2021_00021,31.283886,0.9619336128234863,0.112557724,0.23019431988041852,0.0288659793814433,0.0319634703196347
SwinIR + PathologyLoss,BraTS2021_00021,31.158318,0.9633210301399231,0.11032522,0.2473771397018222,0.0,0.0
SwinIR + PathologyLoss,BraTS2021_00021,31.43452,0.9666798114776611,0.10747876,0.19895287958115182,0.0,0.0
SwinIR + PathologyLoss,BraTS2021_00021,31.400932,0.9664767980575562,0.10758985,0.13141993957703926,0.10631229235880399,0.12121212121212122
SwinIR + PathologyLoss,BraTS2021_00021,31.568544,0.9666540026664734,0.10710835,0.15766423357664233,0.19745222929936307,0.12686567164179105
SwinIR + PathologyLoss,BraTS2021_00021,32.068237,0.9698206186294556,0.1017283,0.01855287569573284,0.0,0.0
SwinIR + PathologyLoss,BraTS2021_00021,31.933,0.9714266657829285,0.10288509,0.0,nan,nan
SwinIR + PathologyLoss,BraTS2021_00021,32.12009,0.971849262714386,0.09978524,0.0,nan,nan
SwinIR + PathologyLoss,BraTS2021_00021,32.02884,0.9736524224281311,0.10084821,0.0,nan,nan
SwinIR + PathologyLoss,BraTS2021_00021,32.36693,0.9742749929428101,0.09653945,0.0,nan,nan
SwinIR + PathologyLoss,BraTS2021_00021,32.28996,0.9747471213340759,0.097839005,0.0,nan,nan
SwinIR + PathologyLoss,BraTS2021_00021,32.51468,0.971163272857666,0.097064555,0.0,nan,nan
SwinIR + PathologyLoss,BraTS2021_00021,32.810684,0.973412036895752,0.092345774,0.0,nan,nan
SwinIR + PathologyLoss,BraTS2021_00021,32.928818,0.9722747802734375,0.09260237,0.0,nan,nan
SwinIR + PathologyLoss,BraTS2021_00021,32.90865,0.9708108901977539,0.090186164,0.0,nan,nan
SwinIR + PathologyLoss,BraTS2021_00021,33.030975,0.9646863341331482,0.094351076,0.0819277108433735,nan,nan
SwinIR + PathologyLoss,BraTS2021_00021,32.85943,0.960773229598999,0.09452763,0.0,nan,nan
SwinIR + PathologyLoss,BraTS2021_00021,33.257458,0.9605534672737122,0.089507125,0.0,nan,nan
SwinIR + PathologyLoss,BraTS2021_00021,32.906265,0.9450762271881104,0.097725496,0.0,nan,nan
SwinIR + PathologyLoss,BraTS2021_00021,33.1365,0.9411229491233826,0.09519483,0.0,nan,nan
SwinIR + PathologyLoss,BraTS2021_00021,33.189995,0.9428555369377136,0.09350081,0.0,nan,nan
SwinIR + PathologyLoss,BraTS2021_00053,29.149082,0.93503338098526,0.2098471,0.0,0.0,0.0
SwinIR + PathologyLoss,BraTS2021_00053,29.077337,0.926726222038269,0.21842737,0.0,0.0,0.0
SwinIR + PathologyLoss,BraTS2021_00053,29.119583,0.9372169971466064,0.20725508,0.0,0.0,0.0
SwinIR + PathologyLoss,BraTS2021_00053,29.11854,0.9428297281265259,0.201123,0.0,0.0,0.0
SwinIR + PathologyLoss,BraTS2021_00053,29.428215,0.9431548714637756,0.19574633,0.0,0.0,0.0
SwinIR + PathologyLoss,BraTS2021_00053,29.420685,0.9420202374458313,0.19712207,0.04241435562805873,0.0,0.0
SwinIR + PathologyLoss,BraTS2021_00053,29.2089,0.9389806389808655,0.20342116,0.0946372239747634,0.0,0.0
SwinIR + PathologyLoss,BraTS2021_00053,29.261019,0.9498165249824524,0.18842861,0.4286708420320111,0.0,0.0
SwinIR + PathologyLoss,BraTS2021_00053,29.342173,0.9469731450080872,0.19380242,0.3591258121677496,0.0,0.0
SwinIR + PathologyLoss,BraTS2021_00053,29.062428,0.9527551531791687,0.18831551,0.6813285457809695,0.03582718651211802,0.044386422976501305
SwinIR + PathologyLoss,BraTS2021_00053,29.289062,0.9535849094390869,0.18515536,0.6434855467113532,0.007736943907156673,0.009345794392523364
SwinIR + PathologyLoss,BraTS2021_00053,29.618477,0.9578354954719543,0.17184141,0.6499032882011605,0.16175231676495366,0.11086474501108648
SwinIR + PathologyLoss,BraTS2021_00053,29.730934,0.9546270966529846,0.17379346,0.4112903225806452,0.029234737747205503,0.002277904328018223
SwinIR + PathologyLoss,BraTS2021_00053,29.417648,0.9592797756195068,0.17497268,0.6994328922495274,0.18334606569900688,0.18055555555555555
SwinIR + PathologyLoss,BraTS2021_00053,29.554386,0.9551603198051453,0.17670198,0.7151095732410612,0.4627892432770482,0.45930701047542305
SwinIR + PathologyLoss,BraTS2021_00053,29.290138,0.9591968655586243,0.1751198,0.7223021582733813,0.05841660261337433,0.07715736040609138
SwinIR + PathologyLoss,BraTS2021_00053,29.549429,0.9574209451675415,0.17367743,0.5637141916364834,0.03978576893649579,0.05531914893617021
SwinIR + PathologyLoss,BraTS2021_00053,29.438879,0.9651485085487366,0.16844341,0.8087049973132724,0.018706157443491817,0.02545068928950159
SwinIR + PathologyLoss,BraTS2021_00053,29.714695,0.9623772501945496,0.16904996,0.8521641371557055,0.533410138248848,0.5364041604754829
SwinIR + PathologyLoss,BraTS2021_00053,29.727379,0.9661051034927368,0.1626895,0.7978482446206115,0.1466275659824047,0.138671875
SwinIR + PathologyLoss,BraTS2021_00053,29.730785,0.9689124822616577,0.16078877,0.8445146014206788,0.19742489270386265,0.24292237442922374
SwinIR + PathologyLoss,BraTS2021_00053,29.687426,0.9698216915130615,0.16028069,0.8447142134547294,0.11726907630522089,0.11946902654867257
SwinIR + PathologyLoss,BraTS2021_00053,29.634296,0.9716079235076904,0.15542072,0.86150061500615,0.13412563667232597,0.16842105263157894
SwinIR + PathologyLoss,BraTS2021_00053,29.756119,0.9676410555839539,0.16392522,0.7372996468350992,0.0,0.0
SwinIR + PathologyLoss,BraTS2021_00053,29.72843,0.9713229537010193,0.15666035,0.7754891864057673,0.13968253968253969,0.2006172839506173
SwinIR + PathologyLoss,BraTS2021_00053,29.781868,0.9712409973144531,0.15799999,0.8882132834424696,0.18566392479435959,0.28893058161350843
SwinIR + PathologyLoss,BraTS2021_00053,29.891062,0.9700390100479126,0.1584244,0.8137450199203188,0.054404145077720206,0.09502262443438914
SwinIR + PathologyLoss,BraTS2021_00053,29.23768,0.9727087020874023,0.16064997,0.9031969595349877,0.09195402298850575,0.16363636363636364
SwinIR + PathologyLoss,BraTS2021_00053,29.572296,0.9724544882774353,0.15938999,0.9052878965922444,0.018741633199464525,0.03341288782816229
SwinIR + PathologyLoss,BraTS2021_00053,29.70352,0.9724552035331726,0.15944761,0.9378556794900978,0.12244897959183673,0.1906779661016949
SwinIR + PathologyLoss,BraTS2021_00053,29.580042,0.9717874526977539,0.16269019,0.9470547788219116,0.23572296476306198,0.28112449799196787
SwinIR + PathologyLoss,BraTS2021_00053,29.499638,0.974250853061676,0.1550943,0.94302377747869,0.13440860215053763,0.21413276231263384
SwinIR + PathologyLoss,BraTS2021_00053,29.432476,0.972960352897644,0.15854274,0.9426693859052798,0.06866952789699571,0.1054945054945055
SwinIR + PathologyLoss,BraTS2021_00053,29.460217,0.970273494720459,0.16539377,0.9485396383866481,0.0,0.0
SwinIR + PathologyLoss,BraTS2021_00053,29.741371,0.9711344242095947,0.1592293,0.9599236641221374,0.2397743300423131,0.2556701030927835
SwinIR + PathologyLoss,BraTS2021_00053,29.311844,0.9744507670402527,0.15684703,0.9585231359386238,0.09841269841269841,0.1393258426966292
SwinIR + PathologyLoss,BraTS2021_00053,29.220448,0.9697831869125366,0.16836697,0.9682115991264256,0.3901098901098901,0.30833333333333335
SwinIR + PathologyLoss,BraTS2021_00053,29.415571,0.9706144332885742,0.16252093,0.9719530851606323,0.11390284757118928,0.1514476614699332
SwinIR + PathologyLoss,BraTS2021_00053,29.264404,0.97104412317276,0.16302118,0.972844713946744,0.07958477508650519,0.08775981524249422
SwinIR + PathologyLoss,BraTS2021_00053,29.339104,0.969754159450531,0.16382343,0.966304347826087,0.2852512155591572,0.25957446808510637
SwinIR + PathologyLoss,BraTS2021_00053,28.898228,0.9689393043518066,0.17116643,0.9753772835583797,0.46407185628742514,0.377431906614786
SwinIR + PathologyLoss,BraTS2021_00053,29.046227,0.9720355868339539,0.16173522,0.9788456516061634,0.6267409470752089,0.5230202578268877
SwinIR + PathologyLoss,BraTS2021_00053,29.138441,0.9679003953933716,0.16864833,0.9594701986754967,0.3397548161120841,0.39263803680981596
SwinIR + PathologyLoss,BraTS2021_00053,28.630388,0.9710478186607361,0.16733818,0.9612919764163035,0.5225806451612903,0.5212355212355212
SwinIR + PathologyLoss,BraTS2021_00053,28.919815,0.9680265188217163,0.16970378,0.9691562579658425,0.27058823529411763,0.28841607565011823
SwinIR + PathologyLoss,BraTS2021_00053,28.952158,0.968424916267395,0.16874719,0.9737846780351235,0.33136094674556216,0.3046683046683047
SwinIR + PathologyLoss,BraTS2021_00053,28.543322,0.9675655961036682,0.1759667,0.9757591222250575,0.009950248756218905,0.012084592145015106
SwinIR + PathologyLoss,BraTS2021_00053,28.660568,0.9685229659080505,0.17172197,0.9687662675689744,0.0106951871657754,0.013114754098360656
SwinIR + PathologyLoss,BraTS2021_00053,28.572796,0.9672419428825378,0.17506589,0.9687249398556536,0.24181360201511334,0.2782608695652174
SwinIR + PathologyLoss,BraTS2021_00053,28.498718,0.9679392576217651,0.17388056,0.9718004338394793,0.22028985507246376,0.24262295081967214
SwinIR + PathologyLoss,BraTS2021_00053,28.321121,0.9664431214332581,0.17907642,0.9646672144617913,0.15593220338983052,0.16727272727272727
SwinIR + PathologyLoss,BraTS2021_00053,28.501223,0.9634541273117065,0.18317457,0.9651972157772621,0.7795698924731183,0.7795698924731183
SwinIR + PathologyLoss,BraTS2021_00053,28.385788,0.9661839604377747,0.17873102,0.960161662817552,0.3643724696356275,0.3643724696356275
SwinIR + PathologyLoss,BraTS2021_00053,28.299347,0.9621420502662659,0.18890473,0.9649122807017544,0.5555555555555556,0.5555555555555556
SwinIR + PathologyLoss,BraTS2021_00053,28.287542,0.9637255072593689,0.18281426,0.9652582159624413,0.26744186046511625,0.26744186046511625
SwinIR + PathologyLoss,BraTS2021_00053,28.202087,0.9626283645629883,0.18839984,0.9597663854639844,0.0,0.0
SwinIR + PathologyLoss,BraTS2021_00053,28.38829,0.9615650177001953,0.18802482,0.9683995922528033,0.0,0.0
SwinIR + PathologyLoss,BraTS2021_00053,28.099182,0.9635280966758728,0.18692729,0.9582079572049482,0.0,0.0
SwinIR + PathologyLoss,BraTS2021_00053,28.366611,0.9618593454360962,0.18623953,0.9689396644055694,nan,nan
SwinIR + PathologyLoss,BraTS2021_00053,28.259293,0.9619032740592957,0.18985493,0.9600280504908836,nan,nan
SwinIR + PathologyLoss,BraTS2021_00053,28.071077,0.9633484482765198,0.1875862,0.9622166246851386,nan,nan
SwinIR + PathologyLoss,BraTS2021_00053,28.113304,0.9628518223762512,0.18883565,0.9659863945578231,nan,nan
SwinIR + PathologyLoss,BraTS2021_00053,27.965204,0.9622253179550171,0.19213668,0.9578571428571429,nan,nan
SwinIR + PathologyLoss,BraTS2021_00053,28.078382,0.9602102637290955,0.19451825,0.9513553657630895,nan,nan
SwinIR + PathologyLoss,BraTS2021_00053,28.008797,0.9597352147102356,0.19567166,0.9612403100775194,nan,nan
SwinIR + PathologyLoss,BraTS2021_00053,27.976837,0.9580621123313904,0.1995259,0.9553719008264463,nan,nan
SwinIR + PathologyLoss,BraTS2021_00053,27.943514,0.9570754766464233,0.20427415,0.9348295209322399,nan,nan
SwinIR + PathologyLoss,BraTS2021_00053,28.237028,0.9554572105407715,0.21112756,0.9298334174659263,nan,nan
SwinIR + PathologyLoss,BraTS2021_00053,28.394981,0.9586114883422852,0.20862392,0.9488636363636364,nan,nan
SwinIR + PathologyLoss,BraTS2021_00053,28.588547,0.9534206390380859,0.2252549,0.9059233449477352,nan,nan
SwinIR + PathologyLoss,BraTS2021_00053,28.896317,0.9559628367424011,0.222486,0.9224555735056543,nan,nan
SwinIR + PathologyLoss,BraTS2021_00053,28.97961,0.9576486945152283,0.2226168,0.91651865008881,nan,nan
SwinIR + PathologyLoss,BraTS2021_00053,29.259861,0.9510555267333984,0.2453248,0.9066985645933014,nan,nan
SwinIR + PathologyLoss,BraTS2021_00053,29.478304,0.9498552680015564,0.2527085,0.8858024691358025,nan,nan
SwinIR + PathologyLoss,BraTS2021_00053,29.898092,0.9524832367897034,0.25152797,0.8942115768463074,nan,nan
SwinIR + PathologyLoss,BraTS2021_00053,30.080437,0.9492724537849426,0.2649809,0.9359605911330049,nan,nan
SwinIR + PathologyLoss,BraTS2021_00053,30.54642,0.9493277072906494,0.27225417,0.864516129032258,nan,nan
SwinIR + PathologyLoss,BraTS2021_00059,30.382338,0.9789121747016907,0.115419134,0.13333333333333333,nan,nan
SwinIR + PathologyLoss,BraTS2021_00059,30.401974,0.9779337048530579,0.1136823,0.2754491017964072,nan,nan
SwinIR + PathologyLoss,BraTS2021_00059,30.560143,0.9786672592163086,0.11072873,0.5024875621890548,nan,nan
SwinIR + PathologyLoss,BraTS2021_00059,30.743572,0.9797449111938477,0.106475994,0.8216867469879519,nan,nan
SwinIR + PathologyLoss,BraTS2021_00059,30.721188,0.9794232249259949,0.10672957,0.8698412698412699,nan,nan
SwinIR + PathologyLoss,BraTS2021_00059,30.8695,0.9792654514312744,0.105889484,0.9516310461192351,nan,nan
SwinIR + PathologyLoss,BraTS2021_00059,30.67258,0.9796208143234253,0.10551575,0.9367327667610954,nan,nan
SwinIR + PathologyLoss,BraTS2021_00059,30.53331,0.9782129526138306,0.108643174,0.9390681003584229,0.7837837837837838,0.7837837837837838
SwinIR + PathologyLoss,BraTS2021_00059,30.247314,0.9781559705734253,0.10855844,0.9329073482428115,0.8272251308900523,0.8272251308900523
SwinIR + PathologyLoss,BraTS2021_00059,30.185555,0.9783860445022583,0.10807516,0.934092758340114,0.9149797570850202,0.9149797570850202
SwinIR + PathologyLoss,BraTS2021_00059,30.004398,0.9765737056732178,0.11057186,0.9282576866764275,0.9214092140921409,0.9214092140921409
SwinIR + PathologyLoss,BraTS2021_00059,30.250969,0.9788289666175842,0.10797911,0.9158110882956879,0.9026128266033254,0.9
SwinIR + PathologyLoss,BraTS2021_00059,30.121552,0.9771689772605896,0.11239009,0.9228611500701263,0.9230769230769231,0.902127659574468
SwinIR + PathologyLoss,BraTS2021_00059,29.758997,0.9759449362754822,0.115401804,0.9072847682119205,0.9797421731123389,0.9288702928870293
SwinIR + PathologyLoss,BraTS2021_00059,29.426838,0.9751740097999573,0.11541913,0.9556541019955654,0.962432915921288,0.869757174392936
SwinIR + PathologyLoss,BraTS2021_00059,29.045582,0.9698972702026367,0.1201665,0.895601483836778,0.9437086092715232,0.8728813559322034
SwinIR + PathologyLoss,BraTS2021_00059,29.063223,0.9659954905509949,0.11901126,0.9209558823529411,0.8927152317880794,0.8133535660091047
SwinIR + PathologyLoss,BraTS2021_00059,29.164732,0.9659385681152344,0.11264063,0.9476628046344386,0.916095890410959,0.8798521256931608
SwinIR + PathologyLoss,BraTS2021_00059,29.12537,0.9648728370666504,0.11153984,0.9412188965019834,0.9286239882266373,0.8894154818325435
SwinIR + PathologyLoss,BraTS2021_00059,28.935413,0.9640055298805237,0.109925546,0.9321808510638298,0.938851142680667,0.9133646742780389
SwinIR + PathologyLoss,BraTS2021_00059,29.131924,0.9622388482093811,0.10897267,0.9435133457479826,0.9479574706211528,0.9253547193090684
SwinIR + PathologyLoss,BraTS2021_00059,28.750647,0.9619983434677124,0.10956022,0.9364418540105468,0.9743852459016393,0.9490740740740741
SwinIR + PathologyLoss,BraTS2021_00059,29.080904,0.9630721807479858,0.10522974,0.9619551524313429,0.971953578336557,0.9287888009738283
SwinIR + PathologyLoss,BraTS2021_00059,29.375917,0.9636034965515137,0.10215745,0.9561637200290627,0.9606373008434864,0.9110275689223057
SwinIR + PathologyLoss,BraTS2021_00059,29.366539,0.9636642932891846,0.09907756,0.9628261371507735,0.9615720524017467,0.9047619047619048
SwinIR + PathologyLoss,BraTS2021_00059,29.41004,0.9605379700660706,0.09975158,0.9595402298850575,0.9635164835164836,0.9096901779828609
SwinIR + PathologyLoss,BraTS2021_00059,29.588215,0.9632205367088318,0.09869517,0.9631449631449631,0.9701427953266984,0.9090909090909091
SwinIR + PathologyLoss,BraTS2021_00059,29.221977,0.9631741642951965,0.09903658,0.9508551634552933,0.9496462754889721,0.8864373783257625
SwinIR + PathologyLoss,BraTS2021_00059,29.747103,0.9611658453941345,0.09766175,0.9456642271013529,0.9580119965724079,0.8845108695652174
SwinIR + PathologyLoss,BraTS2021_00059,29.785507,0.9622101783752441,0.09632416,0.953087497272529,0.9621530698065601,0.9130434782608695
SwinIR + PathologyLoss,BraTS2021_00059,29.985018,0.9639860391616821,0.09360799,0.9425698324022347,0.977872340425532,0.9318036966220523
SwinIR + PathologyLoss,BraTS2021_00059,29.788929,0.9654639959335327,0.09186289,0.9562607204116638,0.9501289767841788,0.8973185088293002
SwinIR + PathologyLoss,BraTS2021_00059,30.030325,0.9674748182296753,0.0908242,0.9574423036205801,0.9531109107303878,0.9064039408866995
SwinIR + PathologyLoss,BraTS2021_00059,29.919582,0.9623302221298218,0.09264438,0.9462412587412588,0.9398496240601504,0.8986975397973951
SwinIR + PathologyLoss,BraTS2021_00059,29.743547,0.9622175693511963,0.09373349,0.9291161956034096,0.9481765834932822,0.8997134670487106
SwinIR + PathologyLoss,BraTS2021_00059,30.17105,0.9627386927604675,0.09158827,0.9470183994679672,0.9637826961770624,0.9090909090909091
SwinIR + PathologyLoss,BraTS2021_00059,30.089489,0.9630796313285828,0.091991976,0.9136622390891841,0.9646680942184154,0.9164086687306502
SwinIR + PathologyLoss,BraTS2021_00059,30.033464,0.9635817408561707,0.09141457,0.9484442425618896,0.9575688073394495,0.9112709832134293
SwinIR + PathologyLoss,BraTS2021_00059,29.863968,0.9675805568695068,0.09073001,0.9418181818181818,0.9548780487804878,0.9089469517022961
SwinIR + PathologyLoss,BraTS2021_00059,29.7337,0.9641151428222656,0.09266482,0.946321147616844,0.9380053908355795,0.897370653095844
SwinIR + PathologyLoss,BraTS2021_00059,29.810486,0.96458500623703,0.09164858,0.9378852536747273,0.9259525521207764,0.9000825763831544
SwinIR + PathologyLoss,BraTS2021_00059,29.717842,0.9655879139900208,0.091353394,0.9090909090909091,0.9403453689167975,0.9290540540540541
SwinIR + PathologyLoss,BraTS2021_00059,29.78985,0.9670529365539551,0.09298791,0.9289222021194107,0.9331016507384883,0.9230769230769231
SwinIR + PathologyLoss,BraTS2021_00059,29.886702,0.9671816825866699,0.09161909,0.88604898828541,0.8957688338493293,0.8957688338493293
SwinIR + PathologyLoss,BraTS2021_00059,30.169987,0.9659485816955566,0.09048956,0.8343416882742726,0.8907363420427553,0.8926014319809069
SwinIR + PathologyLoss,BraTS2021_00059,29.838947,0.9678135514259338,0.09018944,0.848048048048048,0.8963503649635036,0.8963503649635036
SwinIR + PathologyLoss,BraTS2021_00059,29.958258,0.9673140645027161,0.09022042,0.8444444444444444,0.8741258741258742,0.8741258741258742
SwinIR + PathologyLoss,BraTS2021_00059,30.203804,0.9712016582489014,0.08820984,0.8414473684210526,0.9205702647657841,0.9205702647657841
SwinIR + PathologyLoss,BraTS2021_00059,30.30711,0.97295743227005,0.08631635,0.8483532392327181,0.8958837772397095,0.8958837772397095
SwinIR + PathologyLoss,BraTS2021_00059,30.8206,0.9736529588699341,0.08480679,0.8373000390167772,0.8994708994708994,0.8994708994708994
SwinIR + PathologyLoss,BraTS2021_00059,30.64729,0.9746200442314148,0.08312522,0.8738805970149254,0.7840531561461794,0.7840531561461794
SwinIR + PathologyLoss,BraTS2021_00059,30.890692,0.9754509329795837,0.08108133,0.9074475777295734,0.8321167883211679,0.8321167883211679
SwinIR + PathologyLoss,BraTS2021_00059,30.936396,0.9765027165412903,0.07994484,0.9208584842387659,0.5079365079365079,0.5079365079365079
SwinIR + PathologyLoss,BraTS2021_00059,30.820007,0.9762269854545593,0.081422806,0.9342316329804299,0.5625,0.5625
SwinIR + PathologyLoss,BraTS2021_00059,30.91736,0.9764288663864136,0.079742774,0.9235474006116208,0.0,0.0
SwinIR + PathologyLoss,BraTS2021_00059,31.087084,0.9727193713188171,0.07902415,0.9206917113893858,nan,nan
SwinIR + PathologyLoss,BraTS2021_00059,31.236034,0.9733536243438721,0.07853566,0.930379746835443,nan,nan
SwinIR + PathologyLoss,BraTS2021_00059,30.959967,0.9739209413528442,0.079847366,0.9418794133623031,nan,nan
SwinIR + PathologyLoss,BraTS2021_00059,31.318562,0.9705986976623535,0.07865456,0.9342776203966006,nan,nan
SwinIR + PathologyLoss,BraTS2021_00059,31.319273,0.9681795835494995,0.08068716,0.9368179207352096,nan,nan
SwinIR + PathologyLoss,BraTS2021_00059,30.87125,0.9716083407402039,0.08054092,0.9573770491803278,nan,nan
SwinIR + PathologyLoss,BraTS2021_00059,30.88074,0.9690702557563782,0.08281705,0.9011213047910296,nan,nan
SwinIR + PathologyLoss,BraTS2021_00059,31.136131,0.9648473262786865,0.08415546,0.8602801968951155,nan,nan
SwinIR + PathologyLoss,BraTS2021_00059,30.52441,0.965414822101593,0.08674707,0.8442211055276382,nan,nan
SwinIR + PathologyLoss,BraTS2021_00059,30.225279,0.963592529296875,0.088496864,0.8671655753040225,nan,nan
SwinIR + PathologyLoss,BraTS2021_00059,30.116413,0.9618600010871887,0.09069626,0.9019402202412166,nan,nan
SwinIR + PathologyLoss,BraTS2021_00059,30.052374,0.9615315198898315,0.09144436,0.8683035714285714,nan,nan
SwinIR + PathologyLoss,BraTS2021_00059,30.080366,0.962849497795105,0.09108038,0.8488298545224542,nan,nan
SwinIR + PathologyLoss,BraTS2021_00059,30.003475,0.9606541991233826,0.09254811,0.759493670886076,nan,nan
SwinIR + PathologyLoss,BraTS2021_00059,30.028093,0.9544690847396851,0.096283264,0.7311827956989247,nan,nan
SwinIR + PathologyLoss,BraTS2021_00059,29.919537,0.9548622965812683,0.09720353,0.8070796460176991,nan,nan
SwinIR + PathologyLoss,BraTS2021_00059,29.633091,0.9590620398521423,0.09835635,0.8425925925925926,nan,nan
SwinIR + PathologyLoss,BraTS2021_00059,29.485989,0.9606219530105591,0.100628294,0.8849557522123894,nan,nan
SwinIR + PathologyLoss,BraTS2021_00059,29.448927,0.9595069289207458,0.10365162,0.8959660297239915,nan,nan
SwinIR + PathologyLoss,BraTS2021_00059,29.214447,0.9590786099433899,0.104040086,0.7763157894736842,nan,nan
SwinIR + PathologyLoss,BraTS2021_00061,31.064283,0.9742147922515869,0.13701345,0.0,0.0,0.0
SwinIR + PathologyLoss,BraTS2021_00061,31.009533,0.9741951823234558,0.13300297,0.3471698113207547,0.0,0.0
SwinIR + PathologyLoss,BraTS2021_00061,30.97739,0.9733908176422119,0.1332905,0.0,0.0,0.0
SwinIR + PathologyLoss,BraTS2021_00061,31.110647,0.9756639003753662,0.12617685,0.14375,0.0,0.0
SwinIR + PathologyLoss,BraTS2021_00061,31.026184,0.9754989147186279,0.12569512,0.6142322097378277,0.14516129032258066,0.1411764705882353
SwinIR + PathologyLoss,BraTS2021_00061,31.073013,0.9764363765716553,0.12279563,0.5673758865248227,0.0,0.0
SwinIR + PathologyLoss,BraTS2021_00061,30.983002,0.9766279458999634,0.12211065,0.7631975867269984,0.183206106870229,0.23255813953488372
SwinIR + PathologyLoss,BraTS2021_00061,31.202162,0.9775307178497314,0.11833667,0.5256609642301711,0.10687022900763359,0.16470588235294117
SwinIR + PathologyLoss,BraTS2021_00061,31.02505,0.9769130349159241,0.12035014,0.5904059040590406,0.0,0.0
SwinIR + PathologyLoss,BraTS2021_00061,30.796513,0.9750166535377502,0.124726385,0.4444444444444444,0.08979591836734693,0.0947867298578199
SwinIR + PathologyLoss,BraTS2021_00061,30.151987,0.9695007801055908,0.13190866,0.5219683655536028,0.19939577039274925,0.20905923344947736
SwinIR + PathologyLoss,BraTS2021_00061,30.088291,0.9684196710586548,0.13006791,0.6095238095238096,0.522633744855967,0.563855421686747
SwinIR + PathologyLoss,BraTS2021_00061,29.992542,0.9636711478233337,0.13099742,0.6376274328081557,0.1411764705882353,0.15141955835962145
SwinIR + PathologyLoss,BraTS2021_00061,29.860151,0.9651734232902527,0.12511356,0.5828819068255688,0.0,0.0
SwinIR + PathologyLoss,BraTS2021_00061,29.77212,0.9665261507034302,0.121697396,0.6251217137293087,0.0,0.0
SwinIR + PathologyLoss,BraTS2021_00061,29.738796,0.9622036218643188,0.124357924,0.6365348399246704,0.010676156583629894,0.018072289156626505
SwinIR + PathologyLoss,BraTS2021_00061,29.751017,0.9654741883277893,0.12054728,0.7032590051457976,0.013605442176870748,0.024922118380062305
SwinIR + PathologyLoss,BraTS2021_00061,29.92668,0.9669394493103027,0.117491275,0.6516072980017377,0.0,0.0
SwinIR + PathologyLoss,BraTS2021_00061,29.820091,0.9676310420036316,0.115722165,0.6513994910941476,0.0,0.0
SwinIR + PathologyLoss,BraTS2021_00061,30.008936,0.9697026610374451,0.113924354,0.6795626576955425,0.007246376811594203,0.017094017094017096
SwinIR + PathologyLoss,BraTS2021_00061,30.074461,0.9709511399269104,0.11150892,0.6301587301587301,0.08073394495412844,0.11952191235059761
SwinIR + PathologyLoss,BraTS2021_00061,30.072277,0.9719308614730835,0.11020712,0.6847736625514403,0.050682261208576995,0.10572687224669604
SwinIR + PathologyLoss,BraTS2021_00061,30.155655,0.9687168598175049,0.11350458,0.7208904109589042,0.0,0.0
SwinIR + PathologyLoss,BraTS2021_00061,29.915,0.9720335602760315,0.1105951,0.7231638418079096,0.0,0.0
SwinIR + PathologyLoss,BraTS2021_00061,29.984047,0.9689358472824097,0.11290564,0.7012448132780082,0.02386634844868735,0.04424778761061947
SwinIR + PathologyLoss,BraTS2021_00061,29.93312,0.9683247804641724,0.11216503,0.7111622554660529,0.15915119363395225,0.19923371647509577
SwinIR + PathologyLoss,BraTS2021_00061,30.053215,0.9682163000106812,0.1114772,0.6868686868686869,0.3,0.2792452830188679
SwinIR + PathologyLoss,BraTS2021_00061,30.182264,0.965100884437561,0.11332156,0.7165775401069518,0.4426877470355731,0.3983402489626556
SwinIR + PathologyLoss,BraTS2021_00061,30.184875,0.9660224914550781,0.11058872,0.70254110612855,0.5,0.5
SwinIR + PathologyLoss,BraTS2021_00061,30.22708,0.9619695544242859,0.11565904,0.07211538461538461,0.0,0.0
SwinIR + PathologyLoss,BraTS2021_00061,30.19789,0.965030312538147,0.11211372,0.5254582484725051,0.0,0.0
SwinIR + PathologyLoss,BraTS2021_00061,30.843714,0.9677694439888,0.10752721,0.25,nan,nan
SwinIR + PathologyLoss,BraTS2021_00061,30.600285,0.9679593443870544,0.10840514,0.6242424242424243,nan,nan
SwinIR + PathologyLoss,BraTS2021_00061,30.769197,0.9653339385986328,0.10774338,0.38333333333333336,nan,nan
SwinIR + PathologyLoss,BraTS2021_00062,28.601173,0.9706271886825562,0.12115422,0.5276967930029155,nan,nan
SwinIR + PathologyLoss,BraTS2021_00062,28.876543,0.9694081544876099,0.12034525,0.7421875,nan,nan
SwinIR + PathologyLoss,BraTS2021_00062,28.536386,0.9705196022987366,0.11736242,0.8291621327529923,nan,nan
SwinIR + PathologyLoss,BraTS2021_00062,28.873903,0.9717656970024109,0.11424772,0.8531029065200314,nan,nan
SwinIR + PathologyLoss,BraTS2021_00062,29.367617,0.971881628036499,0.11012401,0.8866714183891661,nan,nan
SwinIR + PathologyLoss,BraTS2021_00062,29.468327,0.9738855361938477,0.10727422,0.9257759784075573,nan,nan
SwinIR + PathologyLoss,BraTS2021_00062,29.15843,0.9744206666946411,0.10578143,0.9243597379392495,nan,nan
SwinIR + PathologyLoss,BraTS2021_00062,29.458733,0.976608395576477,0.10071379,0.8971279373368146,nan,nan
SwinIR + PathologyLoss,BraTS2021_00062,29.78664,0.9774416089057922,0.09922817,0.8807588075880759,nan,nan
SwinIR + PathologyLoss,BraTS2021_00062,29.752625,0.9778595566749573,0.098926656,0.9190705128205128,nan,nan
SwinIR + PathologyLoss,BraTS2021_00062,29.902164,0.9807940125465393,0.09396172,0.9152165864494631,nan,nan
SwinIR + PathologyLoss,BraTS2021_00062,29.593342,0.9802722334861755,0.09560617,0.9353778751369113,0.0,nan
SwinIR + PathologyLoss,BraTS2021_00062,29.659967,0.9803312420845032,0.09453197,0.953522149600581,nan,nan
SwinIR + PathologyLoss,BraTS2021_00062,29.774277,0.9803836941719055,0.09487584,0.9586545199719692,0.0,nan
SwinIR + PathologyLoss,BraTS2021_00062,29.73094,0.9810155034065247,0.09268159,0.9559532002752925,nan,nan
SwinIR + PathologyLoss,BraTS2021_00062,29.50248,0.9798514246940613,0.09618943,0.951508986096982,0.0,nan
SwinIR + PathologyLoss,BraTS2021_00062,29.4719,0.9800865054130554,0.09432921,0.951935914552737,0.08333333333333333,0.0
SwinIR + PathologyLoss,BraTS2021_00062,29.45225,0.981013834476471,0.09486854,0.9411039161270429,0.0,0.0
SwinIR + PathologyLoss,BraTS2021_00062,29.329456,0.9804826974868774,0.09470373,0.9612307692307692,0.25688073394495414,0.8275862068965517
SwinIR + PathologyLoss,BraTS2021_00062,29.499443,0.9801760315895081,0.09635267,0.9628953771289538,0.6666666666666666,0.8235294117647058
SwinIR + PathologyLoss,BraTS2021_00062,29.353228,0.9805594682693481,0.09513208,0.9646282973621103,0.36363636363636365,0.8108108108108109
SwinIR + PathologyLoss,BraTS2021_00062,29.380783,0.9817740321159363,0.09408778,0.9671361502347418,0.2647058823529412,0.38095238095238093
SwinIR + PathologyLoss,BraTS2021_00062,29.361778,0.9819324016571045,0.094693355,0.9717978848413631,0.0,0.0
SwinIR + PathologyLoss,BraTS2021_00062,29.580276,0.9822339415550232,0.09173828,0.9691448721716133,0.07272727272727272,0.0
SwinIR + PathologyLoss,BraTS2021_00062,30.142653,0.9847180247306824,0.086847134,0.9714957390537761,0.0,0.0
SwinIR + PathologyLoss,BraTS2021_00062,29.629375,0.9847116470336914,0.086677104,0.9654974123059229,0.27722772277227725,0.6153846153846154
SwinIR + PathologyLoss,BraTS2021_00062,29.832773,0.9850201606750488,0.08669925,0.966802562609202,0.0,0.0
SwinIR + PathologyLoss,BraTS2021_00062,29.765533,0.9862205386161804,0.08468244,0.9640456007015492,0.0,0.0
SwinIR + PathologyLoss,BraTS2021_00062,30.175617,0.9866010546684265,0.08311953,0.9616306954436451,0.125,0.0
SwinIR + PathologyLoss,BraTS2021_00062,30.212385,0.986467719078064,0.08430457,0.950952827241487,0.0,nan
SwinIR + PathologyLoss,BraTS2021_00062,30.726107,0.9878289699554443,0.079054296,0.9651612903225807,0.0,nan
SwinIR + PathologyLoss,BraTS2021_00062,31.033762,0.9886342883110046,0.07849512,0.9774718397997497,nan,nan
SwinIR + PathologyLoss,BraTS2021_00062,30.460213,0.988112211227417,0.08086873,0.9546128745179472,nan,nan
SwinIR + PathologyLoss,BraTS2021_00062,30.893194,0.9880083799362183,0.0798944,0.9678188319427891,0.0,nan
SwinIR + PathologyLoss,BraTS2021_00062,30.863464,0.9881569743156433,0.077999346,0.969733293377285,nan,nan
SwinIR + PathologyLoss,BraTS2021_00062,30.793877,0.987967848777771,0.08019176,0.9723889555822329,nan,nan
SwinIR + PathologyLoss,BraTS2021_00062,30.595045,0.9873990416526794,0.07974563,0.9662650602409638,nan,nan
SwinIR + PathologyLoss,BraTS2021_00062,30.743828,0.9865562319755554,0.08131435,0.9622815087396505,nan,nan
SwinIR + PathologyLoss,BraTS2021_00062,30.60156,0.9863582849502563,0.08187744,0.9040462427745665,0.0,nan
SwinIR + PathologyLoss,BraTS2021_00062,30.704578,0.9850091934204102,0.08325009,0.9383096853793954,nan,nan
SwinIR + PathologyLoss,BraTS2021_00062,30.883749,0.9843142032623291,0.083096944,0.919815668202765,nan,nan
SwinIR + PathologyLoss,BraTS2021_00062,31.068893,0.9841511249542236,0.081066765,0.9059720457433291,nan,nan
SwinIR + PathologyLoss,BraTS2021_00062,31.086552,0.9838600754737854,0.08283203,0.9290826284970722,nan,nan
SwinIR + PathologyLoss,BraTS2021_00062,30.957783,0.9834384322166443,0.081948794,0.9373776908023483,nan,nan
SwinIR + PathologyLoss,BraTS2021_00062,30.929146,0.9831849932670593,0.08478664,0.9424119241192412,nan,nan
SwinIR + PathologyLoss,BraTS2021_00062,30.622772,0.9835072755813599,0.083646655,0.944672131147541,nan,nan
SwinIR + PathologyLoss,BraTS2021_00062,30.394527,0.9835019707679749,0.086766206,0.9340878828229028,nan,nan
SwinIR + PathologyLoss,BraTS2021_00062,30.564407,0.9835436344146729,0.085080385,0.9222695965890456,nan,nan
SwinIR + PathologyLoss,BraTS2021_00062,30.732553,0.9828020930290222,0.08690055,0.9377926421404682,nan,nan
SwinIR + PathologyLoss,BraTS2021_00062,30.795284,0.9837713241577148,0.08578204,0.9506849315068493,nan,nan
SwinIR + PathologyLoss,BraTS2021_00062,30.373251,0.9836172461509705,0.08768128,0.9194472531176272,nan,nan
SwinIR + PathologyLoss,BraTS2021_00062,30.657919,0.9834884405136108,0.08703496,0.9273938968782883,nan,nan
SwinIR + PathologyLoss,BraTS2021_00062,30.556213,0.9823049902915955,0.09010416,0.9246922519913107,nan,nan
SwinIR + PathologyLoss,BraTS2021_00062,30.366991,0.981766402721405,0.094432384,0.8866813833701251,nan,nan
SwinIR + PathologyLoss,BraTS2021_00062,30.214787,0.9817478060722351,0.09475223,0.9315403422982885,nan,nan
SwinIR + PathologyLoss,BraTS2021_00062,29.987923,0.9816757440567017,0.09682172,0.8763419483101391,nan,nan
SwinIR + PathologyLoss,BraTS2021_00062,30.057758,0.9808416366577148,0.099446155,0.8751027115858668,nan,nan
SwinIR + PathologyLoss,BraTS2021_00062,29.941189,0.9824122190475464,0.09965463,0.9279080053073862,nan,nan
SwinIR + PathologyLoss,BraTS2021_00062,30.030668,0.9809455871582031,0.10216088,0.9128113879003559,nan,nan
SwinIR + PathologyLoss,BraTS2021_00062,30.085743,0.9816297888755798,0.10258221,0.9320388349514563,nan,nan
SwinIR + PathologyLoss,BraTS2021_00062,29.988304,0.9816774129867554,0.10487252,0.8613904678618277,nan,nan
SwinIR + PathologyLoss,BraTS2021_00062,29.948524,0.9812067151069641,0.106329985,0.8628158844765343,nan,nan
SwinIR + PathologyLoss,BraTS2021_00062,29.7425,0.9814653396606445,0.110097475,0.8515660463004994,nan,nan
SwinIR + PathologyLoss,BraTS2021_00062,29.71777,0.9819169640541077,0.11124056,0.8781653129479217,0.0,0.0
SwinIR + PathologyLoss,BraTS2021_00062,29.79409,0.9810736179351807,0.11426126,0.8794326241134752,nan,nan
SwinIR + PathologyLoss,BraTS2021_00062,30.02644,0.983220636844635,0.11217972,0.868632707774799,0.0,0.0
SwinIR + PathologyLoss,BraTS2021_00062,29.86639,0.9830945134162903,0.115372196,0.8736330498177399,nan,nan
SwinIR + PathologyLoss,BraTS2021_00062,30.033152,0.9823543429374695,0.12036439,0.8839779005524862,nan,nan
SwinIR + PathologyLoss,BraTS2021_00062,30.046402,0.9840372800827026,0.1181854,0.8848129126925899,nan,nan
SwinIR + PathologyLoss,BraTS2021_00062,30.361744,0.9840736389160156,0.12131537,0.905940594059406,0.0,0.0
SwinIR + PathologyLoss,BraTS2021_00062,30.215261,0.9840936064720154,0.124770835,0.8618481244281794,0.0,0.0
SwinIR + PathologyLoss,BraTS2021_00062,30.671001,0.9854744076728821,0.12339792,0.7876447876447876,0.0,0.0
SwinIR + PathologyLoss,BraTS2021_00062,30.746546,0.9850429892539978,0.12905583,0.8156862745098039,nan,nan
SwinIR + PathologyLoss,BraTS2021_00062,31.054619,0.9843535423278809,0.1339958,0.6377816291161178,0.0,0.0
SwinIR + PathologyLoss,BraTS2021_00066,29.71134,0.9643667340278625,0.109255426,0.8603773584905661,nan,nan
SwinIR + PathologyLoss,BraTS2021_00066,29.765522,0.9662009477615356,0.1091202,0.8807339449541285,nan,nan
SwinIR + PathologyLoss,BraTS2021_00066,29.847946,0.967485249042511,0.107313655,0.9257142857142857,nan,nan
SwinIR + PathologyLoss,BraTS2021_00066,29.935682,0.9676891565322876,0.10731945,0.9546218487394958,nan,nan
SwinIR + PathologyLoss,BraTS2021_00066,29.985718,0.9696879386901855,0.10484287,0.9647390691114246,nan,nan
SwinIR + PathologyLoss,BraTS2021_00066,29.940063,0.9685447812080383,0.10763936,0.9698431845597105,nan,nan
SwinIR + PathologyLoss,BraTS2021_00066,29.67297,0.973555862903595,0.10279491,0.9487418452935694,nan,nan
SwinIR + PathologyLoss,BraTS2021_00066,30.101187,0.9757828116416931,0.09878937,0.9729272419627749,nan,nan
SwinIR + PathologyLoss,BraTS2021_00066,30.188877,0.9759059548377991,0.09785855,0.9761354888375674,nan,nan
SwinIR + PathologyLoss,BraTS2021_00066,30.0618,0.9767152070999146,0.098645166,0.9672016748080949,0.0,0.0
SwinIR + PathologyLoss,BraTS2021_00066,29.879204,0.9762111902236938,0.09907416,0.950986632718014,0.6125,0.6125
SwinIR + PathologyLoss,BraTS2021_00066,29.854944,0.9737984538078308,0.10218771,0.9641337386018237,0.8153310104529616,0.7941176470588235
SwinIR + PathologyLoss,BraTS2021_00066,29.813482,0.9754320979118347,0.10071815,0.9522700814901047,0.9025641025641026,0.8131147540983606
SwinIR + PathologyLoss,BraTS2021_00066,29.627817,0.975287914276123,0.10179764,0.9606481481481481,0.8903803131991052,0.7457627118644068
SwinIR + PathologyLoss,BraTS2021_00066,29.582863,0.9754312634468079,0.10150003,0.9724254361283061,0.9204545454545454,0.7720364741641338
SwinIR + PathologyLoss,BraTS2021_00066,29.524769,0.9762843251228333,0.100449204,0.9628832705755783,0.7952755905511811,0.6822742474916388
SwinIR + PathologyLoss,BraTS2021_00066,29.470789,0.9779841303825378,0.09986429,0.9453993933265925,0.9090909090909091,0.7619047619047619
SwinIR + PathologyLoss,BraTS2021_00066,29.839344,0.9783368706703186,0.09783732,0.9477250726040658,0.8336134453781513,0.6993865030674846
SwinIR + PathologyLoss,BraTS2021_00066,29.844143,0.980006754398346,0.09646296,0.9515418502202643,0.9233082706766917,0.7741935483870968
SwinIR + PathologyLoss,BraTS2021_00066,29.824636,0.9800828695297241,0.09701615,0.9677725118483412,0.8053244592346089,0.6046511627906976
SwinIR + PathologyLoss,BraTS2021_00066,29.913923,0.9808824062347412,0.09573608,0.9729216152019002,0.5769230769230769,0.39365079365079364
SwinIR + PathologyLoss,BraTS2021_00066,30.041245,0.9805747866630554,0.095484674,0.9611883085769046,0.7386172006745363,0.45871559633027525
SwinIR + PathologyLoss,BraTS2021_00066,30.116661,0.9804800748825073,0.093351215,0.9542668552569543,0.6689895470383276,0.4121212121212121
SwinIR + PathologyLoss,BraTS2021_00066,30.134735,0.9793843626976013,0.093910545,0.9660307119590508,0.7697368421052632,0.5771428571428572
SwinIR + PathologyLoss,BraTS2021_00066,30.176104,0.9775094389915466,0.09469214,0.9619181946403385,0.9066265060240963,0.7197802197802198
SwinIR + PathologyLoss,BraTS2021_00066,30.408566,0.9785797595977783,0.09060065,0.9700093720712277,0.6666666666666666,0.4066666666666667
SwinIR + PathologyLoss,BraTS2021_00066,30.810799,0.9762127995491028,0.09188027,0.9703977798334875,0.8925619834710744,0.7008086253369272
SwinIR + PathologyLoss,BraTS2021_00066,30.383833,0.9756448864936829,0.09376948,0.9435626102292769,0.7709923664122137,0.6123595505617978
SwinIR + PathologyLoss,BraTS2021_00066,30.43528,0.9735201597213745,0.093028404,0.9641873278236914,0.35694050991501414,0.31756756756756754
SwinIR + PathologyLoss,BraTS2021_00066,30.455324,0.971207320690155,0.0945291,0.9487058823529412,0.31715210355987056,0.33447098976109213
SwinIR + PathologyLoss,BraTS2021_00066,30.51215,0.9732210636138916,0.09411786,0.8933691756272402,0.5466237942122186,0.5501618122977346
SwinIR + PathologyLoss,BraTS2021_00066,30.326998,0.9723376035690308,0.09607703,0.9122636936500242,0.5311203319502075,0.5311203319502075
SwinIR + PathologyLoss,BraTS2021_00066,30.245056,0.9719822406768799,0.097641304,0.8874437218609305,0.40875912408759124,0.40875912408759124
SwinIR + PathologyLoss,BraTS2021_00066,30.237083,0.9680063128471375,0.09892265,0.9207977207977208,0.0,0.0
SwinIR + PathologyLoss,BraTS2021_00066,30.167591,0.9713237881660461,0.09846558,0.9020771513353115,nan,nan
SwinIR + PathologyLoss,BraTS2021_00066,29.878464,0.967823326587677,0.103085324,0.9423347398030942,nan,nan
SwinIR + PathologyLoss,BraTS2021_00066,29.793468,0.9660837650299072,0.10783355,0.926829268292683,nan,nan
SwinIR + PathologyLoss,BraTS2021_00066,29.34369,0.9641109108924866,0.11146728,0.9424184261036468,nan,nan
SwinIR + PathologyLoss,BraTS2021_00066,29.125473,0.9632518887519836,0.1129464,0.9418103448275862,nan,nan
SwinIR + PathologyLoss,BraTS2021_00066,29.15656,0.9643182754516602,0.11394697,0.9050410316529894,nan,nan
SwinIR + PathologyLoss,BraTS2021_00066,28.867254,0.9615492224693298,0.11951045,0.9266187050359712,nan,nan
SwinIR + PathologyLoss,BraTS2021_00066,29.005964,0.961001992225647,0.12089184,0.9383886255924171,nan,nan
SwinIR + PathologyLoss,BraTS2021_00066,28.713667,0.9623754024505615,0.12157294,0.9233278955954323,nan,nan
SwinIR + PathologyLoss,BraTS2021_00066,28.992147,0.9613946080207825,0.12493278,0.9284467713787086,nan,nan
SwinIR + PathologyLoss,BraTS2021_00066,28.976458,0.9643970131874084,0.12180051,0.8933092224231465,nan,nan
SwinIR + PathologyLoss,BraTS2021_00066,28.826946,0.9603382349014282,0.12715502,0.9098360655737705,nan,nan
SwinIR + PathologyLoss,BraTS2021_00066,28.93425,0.962432861328125,0.12857297,0.911504424778761,nan,nan
SwinIR + PathologyLoss,BraTS2021_00066,28.63919,0.9623516798019409,0.12839118,0.9265822784810127,nan,nan
SwinIR + PathologyLoss,BraTS2021_00066,28.555735,0.9606053233146667,0.13391761,0.8857142857142857,nan,nan
SwinIR + PathologyLoss,BraTS2021_00071,30.697203,0.9761852025985718,0.118617244,nan,nan,nan
SwinIR + PathologyLoss,BraTS2021_00071,30.830463,0.9760693311691284,0.11713023,nan,nan,nan
SwinIR + PathologyLoss,BraTS2021_00071,30.426846,0.9754754900932312,0.12099272,nan,nan,nan
SwinIR + PathologyLoss,BraTS2021_00071,30.21393,0.9733545780181885,0.12667382,nan,nan,nan
SwinIR + PathologyLoss,BraTS2021_00071,30.319807,0.9752359390258789,0.120553285,nan,nan,nan
SwinIR + PathologyLoss,BraTS2021_00071,30.099726,0.9732862710952759,0.12393509,0.0,nan,nan
SwinIR + PathologyLoss,BraTS2021_00071,29.756584,0.9701592326164246,0.12714513,0.0,nan,nan
SwinIR + PathologyLoss,BraTS2021_00071,30.034534,0.9663805365562439,0.13003325,0.0,nan,nan
SwinIR + PathologyLoss,BraTS2021_00071,30.01888,0.9688092470169067,0.12281121,0.0,nan,nan
SwinIR + PathologyLoss,BraTS2021_00071,29.681477,0.9673877954483032,0.12453242,0.7083854818523154,nan,nan
SwinIR + PathologyLoss,BraTS2021_00071,30.148172,0.9668195843696594,0.11865804,0.8446969696969697,0.0,0.0
SwinIR + PathologyLoss,BraTS2021_00071,29.840391,0.9654527306556702,0.12029444,0.8469154607768469,0.0,0.0
SwinIR + PathologyLoss,BraTS2021_00071,29.864529,0.9659515023231506,0.11749607,0.9525,0.7443946188340808,0.7443946188340808
SwinIR + PathologyLoss,BraTS2021_00071,29.861954,0.9660857915878296,0.11752948,0.9487970388648982,0.8888888888888888,0.8788732394366198
SwinIR + PathologyLoss,BraTS2021_00071,29.94944,0.9650331735610962,0.11859926,0.886408404464872,0.8056042031523643,0.7821229050279329
SwinIR + PathologyLoss,BraTS2021_00071,29.909843,0.9662995338439941,0.11566176,0.8776671408250356,0.8404423380726699,0.793233082706767
SwinIR + PathologyLoss,BraTS2021_00071,30.0412,0.9667952060699463,0.113741,0.8981412639405204,0.8330827067669173,0.7672253258845437
SwinIR + PathologyLoss,BraTS2021_00071,30.216335,0.97013920545578,0.10868311,0.8893871449925261,0.8987730061349694,0.8158995815899581
SwinIR + PathologyLoss,BraTS2021_00071,30.242035,0.969361424446106,0.11003841,0.8797610156833457,0.8926380368098159,0.8081264108352144
SwinIR + PathologyLoss,BraTS2021_00071,30.448261,0.9694972038269043,0.10987424,0.8571428571428571,0.8941176470588236,0.7855530474040632
SwinIR + PathologyLoss,BraTS2021_00071,30.623913,0.9699500799179077,0.11025815,0.8668363019508057,0.9319213313161876,0.8400954653937948
SwinIR + PathologyLoss,BraTS2021_00071,30.38788,0.9727306365966797,0.10806625,0.9117147707979627,0.9617151607963247,0.9046454767726161
SwinIR + PathologyLoss,BraTS2021_00071,30.203611,0.9690102338790894,0.1149508,0.9066666666666666,0.9480314960629921,0.8900523560209425
SwinIR + PathologyLoss,BraTS2021_00071,30.39228,0.9701157212257385,0.109094016,0.9347258485639687,0.9539375928677564,0.8823529411764706
SwinIR + PathologyLoss,BraTS2021_00071,30.34461,0.9689690470695496,0.11111907,0.9134001823154057,0.9661266568483063,0.8845208845208845
SwinIR + PathologyLoss,BraTS2021_00071,30.19495,0.9682237505912781,0.11272782,0.9018867924528302,0.8759571209800919,0.7638190954773869
SwinIR + PathologyLoss,BraTS2021_00071,30.070269,0.9690183401107788,0.11180745,0.9031007751937985,0.8885496183206106,0.8298969072164949
SwinIR + PathologyLoss,BraTS2021_00071,30.369057,0.9681565165519714,0.10962769,0.8963531669865643,0.9519774011299436,0.9
SwinIR + PathologyLoss,BraTS2021_00071,30.379751,0.9700745344161987,0.10793416,0.8848484848484849,0.8810289389067524,0.8471849865951743
SwinIR + PathologyLoss,BraTS2021_00071,30.11677,0.9697484970092773,0.11030883,0.8989205103042198,0.8272425249169435,0.7958115183246073
SwinIR + PathologyLoss,BraTS2021_00071,30.461926,0.969138503074646,0.10703078,0.9368635437881874,0.9676470588235294,0.9354207436399217
SwinIR + PathologyLoss,BraTS2021_00071,30.629257,0.9710955023765564,0.1069412,0.9584599797365755,0.9532428355957768,0.9267399267399268
SwinIR + PathologyLoss,BraTS2021_00071,30.40152,0.9714726209640503,0.10622765,0.9527638190954774,0.9504,0.9285714285714286
SwinIR + PathologyLoss,BraTS2021_00071,30.545635,0.9709839820861816,0.1091511,0.9432404540763674,0.9087779690189329,0.8702928870292888
SwinIR + PathologyLoss,BraTS2021_00071,30.086666,0.9694048762321472,0.11137989,0.9396636993076162,0.9163498098859315,0.8721461187214612
SwinIR + PathologyLoss,BraTS2021_00071,30.098328,0.9691714644432068,0.112518735,0.9172093023255814,0.9418604651162791,0.88
SwinIR + PathologyLoss,BraTS2021_00071,30.25216,0.9715850949287415,0.109167114,0.9521178637200737,0.9217391304347826,0.8594164456233422
SwinIR + PathologyLoss,BraTS2021_00071,30.179022,0.9726710319519043,0.10935027,0.900804289544236,0.7780821917808219,0.7009646302250804
SwinIR + PathologyLoss,BraTS2021_00071,30.03994,0.9735240340232849,0.10943685,0.9480642115203022,0.6397058823529411,0.6265060240963856
SwinIR + PathologyLoss,BraTS2021_00071,30.551636,0.9760341644287109,0.104427874,0.9647532729103726,0.6513761467889908,0.6666666666666666
SwinIR + PathologyLoss,BraTS2021_00071,30.672407,0.97645503282547,0.10343081,0.9247104247104247,0.23423423423423423,0.23853211009174313
SwinIR + PathologyLoss,BraTS2021_00071,31.022596,0.9790667295455933,0.099241965,0.9432404540763674,0.0,0.0
SwinIR + PathologyLoss,BraTS2021_00071,30.877216,0.9800169467926025,0.09799737,0.9193548387096774,0.0,0.0
SwinIR + PathologyLoss,BraTS2021_00071,31.15691,0.9795398712158203,0.09752562,0.9289871944121071,0.0,0.0
SwinIR + PathologyLoss,BraTS2021_00071,30.965427,0.979753851890564,0.09989632,0.8848821081830791,0.0,0.0
SwinIR + PathologyLoss,BraTS2021_00071,30.987368,0.9798451662063599,0.09932358,0.9072463768115943,nan,nan
SwinIR + PathologyLoss,BraTS2021_00071,31.499245,0.9801120162010193,0.09587428,0.9055472263868066,nan,nan
SwinIR + PathologyLoss,BraTS2021_00071,31.722488,0.9817652702331543,0.09250361,0.8932038834951457,nan,nan
SwinIR + PathologyLoss,BraTS2021_00071,31.31551,0.9800739288330078,0.09715173,0.930379746835443,nan,nan
SwinIR + PathologyLoss,BraTS2021_00071,31.372883,0.9803256988525391,0.09571564,0.9153713298791019,nan,nan
SwinIR + PathologyLoss,BraTS2021_00071,31.332838,0.9813277721405029,0.09324359,0.9398907103825137,nan,nan
SwinIR + PathologyLoss,BraTS2021_00071,31.23435,0.978739857673645,0.09620823,0.9047619047619048,nan,nan
SwinIR + PathologyLoss,BraTS2021_00071,31.286175,0.978452205657959,0.096759625,0.9148514851485149,nan,nan
SwinIR + PathologyLoss,BraTS2021_00071,31.202408,0.9775329232215881,0.096198246,0.8995983935742972,nan,nan
SwinIR + PathologyLoss,BraTS2021_00071,31.379284,0.9772215485572815,0.09544148,0.9102296450939458,nan,nan
SwinIR + PathologyLoss,BraTS2021_00071,31.095755,0.9747808575630188,0.10027363,0.8766519823788547,nan,nan
SwinIR + PathologyLoss,BraTS2021_00071,31.791315,0.9784458875656128,0.08973766,0.7580645161290323,nan,nan
SwinIR + PathologyLoss,BraTS2021_00071,31.358597,0.9763739705085754,0.09281665,0.7647058823529411,nan,nan
SwinIR + PathologyLoss,BraTS2021_00071,31.290615,0.9741111993789673,0.09642002,0.7137546468401487,nan,nan
SwinIR + PathologyLoss,BraTS2021_00071,31.27883,0.9724976420402527,0.09610109,0.0,nan,nan
SwinIR + PathologyLoss,BraTS2021_00071,31.368734,0.9710798859596252,0.09532457,0.0,nan,nan
SwinIR + PathologyLoss,BraTS2021_00071,31.266373,0.97477787733078,0.09393165,0.0,nan,nan
SwinIR + PathologyLoss,BraTS2021_00071,31.157059,0.9737323522567749,0.09544753,0.0,nan,nan
SwinIR + PathologyLoss,BraTS2021_00078,30.92028,0.9645174145698547,0.10848211,0.8698884758364313,nan,nan
SwinIR + PathologyLoss,BraTS2021_00078,30.827475,0.9685124754905701,0.10568261,0.9226361031518625,nan,nan
SwinIR + PathologyLoss,BraTS2021_00078,30.748034,0.9699111580848694,0.10560562,0.851581508515815,nan,nan
SwinIR + PathologyLoss,BraTS2021_00078,30.927738,0.9714130759239197,0.101848476,0.800705467372134,nan,nan
SwinIR + PathologyLoss,BraTS2021_00078,31.121773,0.9731955528259277,0.09853653,0.8634772462077013,nan,nan
SwinIR + PathologyLoss,BraTS2021_00078,31.153397,0.9722457528114319,0.100774236,0.9153488372093024,nan,nan
SwinIR + PathologyLoss,BraTS2021_00078,31.035465,0.9767065048217773,0.09610689,0.9485801995395242,nan,nan
SwinIR + PathologyLoss,BraTS2021_00078,31.231344,0.9781854748725891,0.09530803,0.953083109919571,nan,nan
SwinIR + PathologyLoss,BraTS2021_00078,31.354916,0.9805254936218262,0.09101729,0.969442780107849,nan,nan
SwinIR + PathologyLoss,BraTS2021_00078,31.753714,0.9825383424758911,0.08586831,0.968609865470852,nan,nan
SwinIR + PathologyLoss,BraTS2021_00078,31.924173,0.982492983341217,0.08665354,0.972327726532827,nan,nan
SwinIR + PathologyLoss,BraTS2021_00078,31.948107,0.9817526340484619,0.08733323,0.9727506426735218,0.0,0.0
SwinIR + PathologyLoss,BraTS2021_00078,32.210567,0.9813289046287537,0.08634436,0.9713721618953604,0.7222222222222222,0.7222222222222222
SwinIR + PathologyLoss,BraTS2021_00078,32.273354,0.9808849096298218,0.08544791,0.9738372093023255,0.7236180904522613,0.7236180904522613
SwinIR + PathologyLoss,BraTS2021_00078,32.166897,0.9800742268562317,0.08624649,0.9519230769230769,0.6781609195402298,0.6781609195402298
SwinIR + PathologyLoss,BraTS2021_00078,32.120888,0.9785849452018738,0.08576792,0.9405045216563541,0.779896013864818,0.779896013864818
SwinIR + PathologyLoss,BraTS2021_00078,32.37515,0.9781863689422607,0.084529206,0.9477510222626079,0.8582375478927203,0.7800829875518672
SwinIR + PathologyLoss,BraTS2021_00078,32.29812,0.9770338535308838,0.08632228,0.9595124074880279,0.9317023445463812,0.856
SwinIR + PathologyLoss,BraTS2021_00078,32.103867,0.9751194715499878,0.08768582,0.9710691823899371,0.968421052631579,0.8888888888888888
SwinIR + PathologyLoss,BraTS2021_00078,32.01258,0.9752793312072754,0.08686116,0.96045197740113,0.9655724579663731,0.8668555240793201
SwinIR + PathologyLoss,BraTS2021_00078,31.965544,0.9756653904914856,0.08509443,0.9438291139240507,0.926131850675139,0.8064516129032258
SwinIR + PathologyLoss,BraTS2021_00078,31.9878,0.9732319116592407,0.08771355,0.930178432893716,0.9607982893799002,0.8588957055214724
SwinIR + PathologyLoss,BraTS2021_00078,31.98806,0.9738360047340393,0.08838857,0.9370469286531858,0.9415760869565217,0.8389955686853766
SwinIR + PathologyLoss,BraTS2021_00078,31.84699,0.9739536046981812,0.08889471,0.9513914656771799,0.9414758269720102,0.8119891008174387
SwinIR + PathologyLoss,BraTS2021_00078,31.647022,0.9741668701171875,0.08916286,0.9540947484392215,0.9432314410480349,0.8748419721871049
SwinIR + PathologyLoss,BraTS2021_00078,31.47808,0.972241222858429,0.091194764,0.9534103615355944,0.9050350541746335,0.8140161725067385
SwinIR + PathologyLoss,BraTS2021_00078,31.28955,0.9705921411514282,0.09322129,0.978348623853211,0.8302631578947368,0.8461538461538461
SwinIR + PathologyLoss,BraTS2021_00078,31.056385,0.9695703387260437,0.09392937,0.967182195397963,0.917910447761194,0.8847583643122676
SwinIR + PathologyLoss,BraTS2021_00078,31.25849,0.9683369398117065,0.09838544,0.9774551012609859,0.9305724725943971,0.9079903147699758
SwinIR + PathologyLoss,BraTS2021_00078,31.061937,0.9672033190727234,0.098835595,0.9657075285770595,0.9314214463840399,0.8798955613577023
SwinIR + PathologyLoss,BraTS2021_00078,30.896935,0.9705850481987,0.0984983,0.9789599047240969,0.9193650793650794,0.9266503667481663
SwinIR + PathologyLoss,BraTS2021_00078,30.997002,0.9657824635505676,0.100954026,0.9739413680781759,0.878213802435724,0.8493894165535957
SwinIR + PathologyLoss,BraTS2021_00078,30.667858,0.9670127630233765,0.10208834,0.9793388429752066,0.8974881194840462,0.8921933085501859
SwinIR + PathologyLoss,BraTS2021_00078,30.389927,0.9669592380523682,0.10573578,0.9819555182543013,0.8469696969696969,0.7965860597439545
SwinIR + PathologyLoss,BraTS2021_00078,30.425068,0.9604771137237549,0.11070611,0.9801381692573402,0.9658060013956734,0.9185360094451004
SwinIR + PathologyLoss,BraTS2021_00078,30.255596,0.9638181924819946,0.10818893,0.9813287016934433,0.940735183795949,0.857516339869281
SwinIR + PathologyLoss,BraTS2021_00078,30.142506,0.964555561542511,0.11191405,0.9751111111111112,0.9246963562753037,0.8121693121693122
SwinIR + PathologyLoss,BraTS2021_00078,30.399916,0.965135931968689,0.1101195,0.9497206703910615,0.9572052401746725,0.8669410150891632
SwinIR + PathologyLoss,BraTS2021_00078,30.557331,0.9676928520202637,0.10804376,0.9697542533081286,0.9224806201550387,0.8209876543209876
SwinIR + PathologyLoss,BraTS2021_00078,30.277102,0.9681655764579773,0.109439634,0.9663461538461539,0.952755905511811,0.887624466571835
SwinIR + PathologyLoss,BraTS2021_00078,30.305622,0.9696633815765381,0.11118662,0.9745098039215686,0.9453781512605042,0.8792270531400966
SwinIR + PathologyLoss,BraTS2021_00078,30.296463,0.9683219194412231,0.11543852,0.9711975745325923,0.9250288350634371,0.863406408094435
SwinIR + PathologyLoss,BraTS2021_00078,29.98022,0.9677234292030334,0.11759601,0.9597964376590331,0.9605911330049262,0.9014925373134328
SwinIR + PathologyLoss,BraTS2021_00078,30.136597,0.9685230255126953,0.11653939,0.9557333333333333,0.9401709401709402,0.9260355029585798
SwinIR + PathologyLoss,BraTS2021_00078,29.49823,0.9668965339660645,0.12574248,0.9632473944048272,0.944,0.926829268292683
SwinIR + PathologyLoss,BraTS2021_00078,29.523668,0.970544159412384,0.12249151,0.9643483343074225,0.9413793103448276,0.9321739130434783
SwinIR + PathologyLoss,BraTS2021_00078,29.483875,0.9692103862762451,0.12973422,0.9756387403446227,0.9253731343283582,0.9042145593869731
SwinIR + PathologyLoss,BraTS2021_00078,29.474052,0.9706061482429504,0.13028418,0.9652996845425867,0.8747346072186837,0.8747346072186837
SwinIR + PathologyLoss,BraTS2021_00078,29.220428,0.9717355966567993,0.13403165,0.9766822118587608,0.905940594059406,0.900497512437811
SwinIR + PathologyLoss,BraTS2021_00078,29.16602,0.9736238718032837,0.1333608,0.9582448690728945,0.8208955223880597,0.8208955223880597
SwinIR + PathologyLoss,BraTS2021_00078,29.335451,0.97357177734375,0.13951258,0.9384615384615385,0.8148148148148148,0.8148148148148148
SwinIR + PathologyLoss,BraTS2021_00078,29.759995,0.9742693305015564,0.14215752,0.8646408839779005,0.0,0.0
SwinIR + PathologyLoss,BraTS2021_00078,29.201471,0.9737468361854553,0.1489256,0.8606271777003485,nan,nan
SwinIR + PathologyLoss,BraTS2021_00078,29.69641,0.97641921043396,0.14807121,0.8186813186813187,nan,nan
SwinIR + PathologyLoss,BraTS2021_00081,30.930212,0.9785686135292053,0.14697447,0.0,nan,nan
SwinIR + PathologyLoss,BraTS2021_00081,30.946262,0.9780425429344177,0.14690705,0.0,nan,nan
SwinIR + PathologyLoss,BraTS2021_00081,30.668823,0.9787293076515198,0.14249134,0.0,nan,nan
SwinIR + PathologyLoss,BraTS2021_00081,30.662521,0.9795584678649902,0.13781439,0.0,nan,nan
SwinIR + PathologyLoss,BraTS2021_00081,30.768276,0.9786893725395203,0.13830335,0.6569037656903766,nan,nan
SwinIR + PathologyLoss,BraTS2021_00081,30.95448,0.9813692569732666,0.12754412,0.7790893760539629,nan,nan
SwinIR + PathologyLoss,BraTS2021_00081,30.939085,0.9808545708656311,0.12795474,0.7253731343283583,0.7272727272727273,0.7272727272727273
SwinIR + PathologyLoss,BraTS2021_00081,31.006697,0.9820375442504883,0.122364625,0.751219512195122,0.6896551724137931,0.6896551724137931
SwinIR + PathologyLoss,BraTS2021_00081,30.992844,0.9817658066749573,0.12287892,0.8547544409613375,0.5571428571428572,0.5571428571428572
SwinIR + PathologyLoss,BraTS2021_00081,31.19913,0.982272207736969,0.11966518,0.8494208494208494,0.7344632768361582,0.7344632768361582
SwinIR + PathologyLoss,BraTS2021_00081,31.136677,0.9829508662223816,0.116722316,0.9352640545144804,0.6666666666666666,0.6739130434782609
SwinIR + PathologyLoss,BraTS2021_00081,31.260796,0.9821380972862244,0.11908568,0.9314830875975716,0.8547717842323651,0.8547717842323651
SwinIR + PathologyLoss,BraTS2021_00081,31.15437,0.98187255859375,0.11985179,0.9056603773584906,0.8992805755395683,0.8992805755395683
SwinIR + PathologyLoss,BraTS2021_00081,31.012691,0.9829906821250916,0.11687508,0.9397590361445783,0.8996763754045307,0.8996763754045307
SwinIR + PathologyLoss,BraTS2021_00081,31.097954,0.9825394153594971,0.11831053,0.9747774480712166,0.9285714285714286,0.9285714285714286
SwinIR + PathologyLoss,BraTS2021_00081,31.1428,0.9830661416053772,0.11720956,0.9741077676696991,0.9488636363636364,0.9488636363636364
SwinIR + PathologyLoss,BraTS2021_00081,31.070229,0.984460711479187,0.11318694,0.9763469119579501,0.9020618556701031,0.9020618556701031
SwinIR + PathologyLoss,BraTS2021_00081,30.808926,0.9840561151504517,0.11379129,0.9770043505282784,0.9505882352941176,0.957345971563981
SwinIR + PathologyLoss,BraTS2021_00081,30.641653,0.9832475185394287,0.11691544,0.9691096305269533,0.964509394572025,0.9705882352941176
SwinIR + PathologyLoss,BraTS2021_00081,30.581438,0.9826479554176331,0.11832095,0.9712230215827338,0.9514925373134329,0.9514925373134329
SwinIR + PathologyLoss,BraTS2021_00081,30.75993,0.9831965565681458,0.118229665,0.9661121380160197,0.9620689655172414,0.9620689655172414
SwinIR + PathologyLoss,BraTS2021_00081,30.496586,0.9818448424339294,0.120578595,0.9663978494623656,0.9728813559322034,0.9728813559322034
SwinIR + PathologyLoss,BraTS2021_00081,30.578548,0.9828657507896423,0.116090976,0.9686411149825784,0.9716193656093489,0.9716193656093489
SwinIR + PathologyLoss,BraTS2021_00081,30.15322,0.9817325472831726,0.120296985,0.974025974025974,0.9796610169491525,0.9761904761904762
SwinIR + PathologyLoss,BraTS2021_00081,30.126741,0.9811950922012329,0.12070569,0.953416149068323,0.9828178694158075,0.9828178694158075
SwinIR + PathologyLoss,BraTS2021_00081,30.107727,0.9804609417915344,0.12141584,0.9302752293577982,0.9742647058823529,0.9742647058823529
SwinIR + PathologyLoss,BraTS2021_00081,30.174915,0.9792768955230713,0.12376145,0.9326829268292683,0.974559686888454,0.974559686888454
SwinIR + PathologyLoss,BraTS2021_00081,30.259624,0.9785991311073303,0.12377779,0.9518828451882845,0.9672131147540983,0.9672131147540983
SwinIR + PathologyLoss,BraTS2021_00081,30.45166,0.9792186617851257,0.1202966,0.9166666666666666,0.9586056644880174,0.9586056644880174
SwinIR + PathologyLoss,BraTS2021_00081,30.59282,0.9788060784339905,0.119908705,0.9396751740139211,0.951048951048951,0.951048951048951
SwinIR + PathologyLoss,BraTS2021_00081,30.653212,0.978988528251648,0.11865718,0.8798076923076923,0.9339622641509434,0.9339622641509434
SwinIR + PathologyLoss,BraTS2021_00081,30.595444,0.9787010550498962,0.118734665,0.9229024943310657,0.9435897435897436,0.9435897435897436
SwinIR + PathologyLoss,BraTS2021_00081,30.764902,0.9801790714263916,0.11369179,0.9425531914893617,0.9179487179487179,0.9038961038961039
SwinIR + PathologyLoss,BraTS2021_00081,30.71,0.9804373979568481,0.112716965,0.9569672131147541,0.967741935483871,0.9492537313432836
SwinIR + PathologyLoss,BraTS2021_00081,30.81717,0.9799032211303711,0.11400278,0.935546875,0.9433962264150944,0.9433962264150944
SwinIR + PathologyLoss,BraTS2021_00081,30.856419,0.980535626411438,0.11179665,0.9236499068901304,0.9710610932475884,0.9710610932475884
SwinIR + PathologyLoss,BraTS2021_00081,30.367298,0.9805535674095154,0.11105785,0.9810671256454389,0.9236111111111112,0.9236111111111112
SwinIR + PathologyLoss,BraTS2021_00081,30.674154,0.9807460904121399,0.11050186,0.9736379613356766,0.9626168224299065,0.9626168224299065
SwinIR + PathologyLoss,BraTS2021_00081,30.810778,0.9813370108604431,0.10713156,0.9433611884865367,0.9358974358974359,0.9358974358974359
SwinIR + PathologyLoss,BraTS2021_00081,30.60669,0.9825885891914368,0.10580983,0.9602954755309326,0.6,0.6
SwinIR + PathologyLoss,BraTS2021_00081,30.386936,0.9804441332817078,0.108457915,0.9660523763336566,0.32,0.32
SwinIR + PathologyLoss,BraTS2021_00081,30.609266,0.9800492525100708,0.108311325,0.9760479041916168,0.0,0.0
SwinIR + PathologyLoss,BraTS2021_00081,30.723541,0.9803498387336731,0.10610248,0.9817444219066938,nan,nan
SwinIR + PathologyLoss,BraTS2021_00081,30.59455,0.9788047075271606,0.107804365,0.9824945295404814,nan,nan
SwinIR + PathologyLoss,BraTS2021_00081,30.87505,0.9790582656860352,0.10553169,0.961038961038961,nan,nan
SwinIR + PathologyLoss,BraTS2021_00081,30.707266,0.9777634143829346,0.10620222,0.946524064171123,nan,nan
SwinIR + PathologyLoss,BraTS2021_00081,30.51879,0.9758738875389099,0.107629195,0.8225538971807629,nan,nan
SwinIR + PathologyLoss,BraTS2021_00081,30.40369,0.9751030206680298,0.10863722,0.872093023255814,nan,nan
SwinIR + PathologyLoss,BraTS2021_00081,30.439474,0.9744343161582947,0.111249104,0.0,nan,nan
SwinIR + PathologyLoss,BraTS2021_00081,30.493328,0.9731703400611877,0.10850466,0.0,nan,nan
SwinIR + PathologyLoss,BraTS2021_00096,30.627846,0.9655249714851379,0.146063,0.0,nan,nan
SwinIR + PathologyLoss,BraTS2021_00096,30.712849,0.9638749957084656,0.1451048,0.0,nan,nan
SwinIR + PathologyLoss,BraTS2021_00096,30.79671,0.965204119682312,0.14100674,0.4711111111111111,nan,nan
SwinIR + PathologyLoss,BraTS2021_00096,31.100473,0.9670178294181824,0.13421284,0.5905707196029777,nan,nan
SwinIR + PathologyLoss,BraTS2021_00096,31.006735,0.9698998332023621,0.13093115,0.6729857819905213,nan,nan
SwinIR + PathologyLoss,BraTS2021_00096,31.180288,0.9718759655952454,0.124258004,0.9348044132397192,nan,nan
SwinIR + PathologyLoss,BraTS2021_00096,31.07644,0.9721159934997559,0.12579302,0.9426860564585116,nan,nan
SwinIR + PathologyLoss,BraTS2021_00096,31.042587,0.9714434742927551,0.12541105,0.9217919514047077,0.0,0.0
SwinIR + PathologyLoss,BraTS2021_00096,30.772758,0.9720731377601624,0.12629588,0.932013201320132,0.40350877192982454,0.40350877192982454
SwinIR + PathologyLoss,BraTS2021_00096,30.528383,0.9691829681396484,0.12656139,0.9146482122260668,0.7955390334572491,0.7955390334572491
SwinIR + PathologyLoss,BraTS2021_00096,30.034447,0.9684824347496033,0.12957852,0.9178885630498533,0.8514851485148515,0.8514851485148515
SwinIR + PathologyLoss,BraTS2021_00096,29.935762,0.9683318734169006,0.12926196,0.9500213583938488,0.8835489833641405,0.8722109533468559
SwinIR + PathologyLoss,BraTS2021_00096,30.103605,0.9692835211753845,0.12472046,0.9863344051446945,0.8434504792332268,0.8868274582560297
SwinIR + PathologyLoss,BraTS2021_00096,30.0941,0.9695132970809937,0.12063752,0.9844357976653697,0.8726287262872628,0.8861646234676007
SwinIR + PathologyLoss,BraTS2021_00096,30.022312,0.9654375910758972,0.123231284,0.9834805993084902,0.8458692971639951,0.9155844155844156
SwinIR + PathologyLoss,BraTS2021_00096,30.268927,0.9667908549308777,0.11796444,0.9760658189977561,0.7785714285714286,0.9355828220858896
SwinIR + PathologyLoss,BraTS2021_00096,30.571615,0.9725292325019836,0.10900563,0.9728377412437456,0.7328072153325818,0.8926905132192846
SwinIR + PathologyLoss,BraTS2021_00096,30.500916,0.9689030051231384,0.1120249,0.9721170395869191,0.7678207739307535,0.9088191330343797
SwinIR + PathologyLoss,BraTS2021_00096,30.618717,0.9707291126251221,0.11146913,0.9848841115216661,0.7278165503489531,0.9184549356223176
SwinIR + PathologyLoss,BraTS2021_00096,30.729336,0.9713646173477173,0.10936912,0.9883040935672515,0.7703703703703704,0.9158620689655173
SwinIR + PathologyLoss,BraTS2021_00096,30.662231,0.9730319380760193,0.10724623,0.9808254793630159,0.7329650092081031,0.904
SwinIR + PathologyLoss,BraTS2021_00096,30.89607,0.9735262393951416,0.10489486,0.9796182465221611,0.7232142857142857,0.895364238410596
SwinIR + PathologyLoss,BraTS2021_00096,31.20715,0.9768437743186951,0.10060623,0.9821882951653944,0.6752058554437328,0.8670520231213873
SwinIR + PathologyLoss,BraTS2021_00096,31.200771,0.9764018058776855,0.09883166,0.9886649874055415,0.6817769718948323,0.8541353383458646
SwinIR + PathologyLoss,BraTS2021_00096,31.345798,0.9792732000350952,0.09690643,0.9758214507129572,0.7083700440528634,0.8865671641791045
SwinIR + PathologyLoss,BraTS2021_00096,31.430176,0.9781826734542847,0.09766727,0.9780487804878049,0.7329842931937173,0.8903225806451613
SwinIR + PathologyLoss,BraTS2021_00096,31.547497,0.9780497550964355,0.097066075,0.9722906403940886,0.6797385620915033,0.900163666121113
SwinIR + PathologyLoss,BraTS2021_00096,31.622803,0.9809377789497375,0.090743355,0.9830815709969789,0.7005545286506469,0.8727272727272727
SwinIR + PathologyLoss,BraTS2021_00096,31.644398,0.9799193739891052,0.09345486,0.9809379727685326,0.7319778188539742,0.9129720853858785
SwinIR + PathologyLoss,BraTS2021_00096,31.837013,0.9797577857971191,0.09336451,0.9816098884534218,0.7279549718574109,0.9144736842105263
SwinIR + PathologyLoss,BraTS2021_00096,31.851377,0.9821020364761353,0.09037696,0.9754074074074074,0.7194525904203324,0.8911917098445595
SwinIR + PathologyLoss,BraTS2021_00096,31.995296,0.9817035794258118,0.089898154,0.9742069374444116,0.5788336933045356,0.7867132867132867
SwinIR + PathologyLoss,BraTS2021_00096,32.219196,0.9809823036193848,0.0899007,0.9689326361119656,0.6443965517241379,0.8167539267015707
SwinIR + PathologyLoss,BraTS2021_00096,31.88246,0.980177104473114,0.090323165,0.9693558474046279,0.6747787610619469,0.7224489795918367
SwinIR + PathologyLoss,BraTS2021_00096,31.837862,0.9804953336715698,0.09091656,0.9773869346733668,0.8936970837253058,0.8439108061749572
SwinIR + PathologyLoss,BraTS2021_00096,31.67374,0.9772855043411255,0.09547971,0.9749430523917996,0.9006211180124224,0.7875
SwinIR + PathologyLoss,BraTS2021_00096,31.808388,0.9791264533996582,0.09361828,0.9769433465085638,0.9539121114683816,0.8983688833124216
SwinIR + PathologyLoss,BraTS2021_00096,31.981586,0.9772042036056519,0.09410002,0.9716045159083134,0.9247572815533981,0.8809218950064021
SwinIR + PathologyLoss,BraTS2021_00096,31.957073,0.976179838180542,0.09446879,0.9838709677419355,0.7898894154818326,0.760655737704918
SwinIR + PathologyLoss,BraTS2021_00096,31.805534,0.9771624803543091,0.09461569,0.9787080476362324,0.6183574879227053,0.6183574879227053
SwinIR + PathologyLoss,BraTS2021_00096,32.239452,0.9763113260269165,0.09147668,0.9824430332461711,0.4972972972972973,0.4972972972972973
SwinIR + PathologyLoss,BraTS2021_00096,32.160866,0.9789102077484131,0.089008644,0.9799773328296184,0.0,0.0
SwinIR + PathologyLoss,BraTS2021_00096,32.34194,0.978047788143158,0.090424806,0.9666666666666667,nan,nan
SwinIR + PathologyLoss,BraTS2021_00096,32.52694,0.9800052046775818,0.08700868,0.9473225946887244,nan,nan
SwinIR + PathologyLoss,BraTS2021_00096,32.734474,0.9796682000160217,0.085430175,0.9668069191210846,nan,nan
SwinIR + PathologyLoss,BraTS2021_00096,32.98808,0.9814010858535767,0.08284179,0.9734513274336283,nan,nan
SwinIR + PathologyLoss,BraTS2021_00096,33.007484,0.9810290336608887,0.084361754,0.963000506842372,nan,nan
SwinIR + PathologyLoss,BraTS2021_00096,33.262085,0.9822444915771484,0.079539135,0.9619852164730729,nan,nan
SwinIR + PathologyLoss,BraTS2021_00096,33.595028,0.9813629984855652,0.07951232,0.9577777777777777,nan,nan
SwinIR + PathologyLoss,BraTS2021_00096,33.66593,0.9828319549560547,0.07882294,0.9675898644667059,nan,nan
SwinIR + PathologyLoss,BraTS2021_00096,33.954483,0.9798716902732849,0.07903049,0.9435897435897436,nan,nan
SwinIR + PathologyLoss,BraTS2021_00096,33.88867,0.9801543951034546,0.07904476,0.9660678642714571,nan,nan
SwinIR + PathologyLoss,BraTS2021_00096,33.814674,0.9820301532745361,0.07838087,0.9848066298342542,nan,nan
SwinIR + PathologyLoss,BraTS2021_00096,34.218925,0.9786059260368347,0.07760989,0.9785661492978566,nan,nan
SwinIR + PathologyLoss,BraTS2021_00096,33.875355,0.9793055653572083,0.08123636,0.975609756097561,nan,nan
SwinIR + PathologyLoss,BraTS2021_00096,33.674232,0.9803937673568726,0.08078566,0.9673093042749371,nan,nan
SwinIR + PathologyLoss,BraTS2021_00096,33.919445,0.9768534302711487,0.082485035,0.948051948051948,nan,nan
SwinIR + PathologyLoss,BraTS2021_00096,33.38059,0.9757160544395447,0.08651805,0.9686552072800809,nan,nan
SwinIR + PathologyLoss,BraTS2021_00096,33.32539,0.9766703248023987,0.08603753,0.9627906976744186,nan,nan
SwinIR + PathologyLoss,BraTS2021_00096,33.05179,0.9708274602890015,0.09113829,0.9549795361527967,nan,nan
SwinIR + PathologyLoss,BraTS2021_00096,32.759308,0.9729154109954834,0.09237874,0.964968152866242,nan,nan
SwinIR + PathologyLoss,BraTS2021_00096,32.982555,0.9685770273208618,0.091548786,0.9858585858585859,nan,nan
SwinIR + PathologyLoss,BraTS2021_00096,32.654972,0.9648334980010986,0.097024895,0.9487870619946092,nan,nan
SwinIR + PathologyLoss,BraTS2021_00098,30.463781,0.977111279964447,0.14896251,0.0,0.0,0.0
SwinIR + PathologyLoss,BraTS2021_00098,30.455326,0.9775379300117493,0.14395297,0.12444444444444444,0.09907120743034056,0.09907120743034056
SwinIR + PathologyLoss,BraTS2021_00098,30.533035,0.9761578440666199,0.14062965,0.36619718309859156,0.1702970297029703,0.1702970297029703
SwinIR + PathologyLoss,BraTS2021_00098,30.360727,0.9760012626647949,0.13754225,0.45454545454545453,0.20098039215686275,0.1941747572815534
SwinIR + PathologyLoss,BraTS2021_00098,30.24438,0.9755496978759766,0.13557532,0.4688026981450253,0.32518597236981933,0.23401360544217686
SwinIR + PathologyLoss,BraTS2021_00098,29.994053,0.9753193259239197,0.13414599,0.44251968503937006,0.1609907120743034,0.12452350698856417
SwinIR + PathologyLoss,BraTS2021_00098,29.913284,0.9747599363327026,0.13387455,0.2914285714285714,0.0,0.0
SwinIR + PathologyLoss,BraTS2021_00098,30.108614,0.9747443199157715,0.13133295,0.3282247765006386,0.03,0.0392156862745098
SwinIR + PathologyLoss,BraTS2021_00098,29.987843,0.9739634990692139,0.13333166,0.30957683741648107,0.013119533527696793,0.0
SwinIR + PathologyLoss,BraTS2021_00098,30.084206,0.9742888808250427,0.12907806,0.41505791505791506,0.06584362139917696,0.08053691275167785
SwinIR + PathologyLoss,BraTS2021_00098,30.114452,0.9755181670188904,0.12593983,0.5298013245033113,0.047516198704103674,0.059813084112149535
SwinIR + PathologyLoss,BraTS2021_00098,30.0208,0.9766525626182556,0.12231577,0.5035516969218626,0.013836477987421384,0.019349164467897976
SwinIR + PathologyLoss,BraTS2021_00098,30.177544,0.9752944707870483,0.124832064,0.5413363533408834,0.09219858156028368,0.11633875106929
SwinIR + PathologyLoss,BraTS2021_00098,30.048214,0.9779998660087585,0.12020543,0.5855437665782494,0.0,0.0
SwinIR + PathologyLoss,BraTS2021_00098,30.148003,0.9789261221885681,0.116488464,0.5918557662418402,0.008786381109280615,0.010447761194029851
SwinIR + PathologyLoss,BraTS2021_00098,29.828646,0.9771260023117065,0.11894591,0.6200403496973773,0.00936768149882904,0.013201320132013201
SwinIR + PathologyLoss,BraTS2021_00098,29.835228,0.9760180115699768,0.11994188,0.6245701781806815,0.10110584518167456,0.1070931849791377
SwinIR + PathologyLoss,BraTS2021_00098,29.805126,0.9793466329574585,0.1153953,0.6153846153846154,0.00851063829787234,0.011149825783972125
SwinIR + PathologyLoss,BraTS2021_00098,29.711834,0.9799570441246033,0.11562276,0.6449668474984931,0.2675994752951465,0.19617224880382775
SwinIR + PathologyLoss,BraTS2021_00098,29.453924,0.9801312685012817,0.11548784,0.6758747697974218,0.1682509505703422,0.1918158567774936
SwinIR + PathologyLoss,BraTS2021_00098,29.269827,0.9790840744972229,0.11986686,0.6456641766807405,0.16205533596837945,0.13360053440213762
SwinIR + PathologyLoss,BraTS2021_00098,28.944532,0.9768164157867432,0.12558974,0.5676066522053507,0.1911021233569262,0.21107491856677524
SwinIR + PathologyLoss,BraTS2021_00098,28.953037,0.97795170545578,0.123878375,0.5358887636226982,0.2532498796340876,0.25650332728372655
SwinIR + PathologyLoss,BraTS2021_00098,28.826645,0.9745354652404785,0.12948744,0.5709766706207987,0.2784940691077875,0.31815091774303195
SwinIR + PathologyLoss,BraTS2021_00098,28.81172,0.9756589531898499,0.12861392,0.5953259532595326,0.3463338533541342,0.38627187079407804
SwinIR + PathologyLoss,BraTS2021_00098,28.834232,0.9745752811431885,0.12881418,0.613979348689436,0.38308457711442784,0.4216787838730998
SwinIR + PathologyLoss,BraTS2021_00098,28.96774,0.9748535752296448,0.12548769,0.6338928856914469,0.3408259278619969,0.3930384336475707
SwinIR + PathologyLoss,BraTS2021_00098,28.86184,0.9750671982765198,0.124898836,0.6004746835443038,0.3707865168539326,0.35047067342505434
SwinIR + PathologyLoss,BraTS2021_00098,29.032194,0.975558340549469,0.12400308,0.5307057745187901,0.2040072859744991,0.21923076923076923
SwinIR + PathologyLoss,BraTS2021_00098,29.26964,0.9743636250495911,0.122775204,0.46356164383561643,0.08378588052754073,0.10817307692307693
SwinIR + PathologyLoss,BraTS2021_00098,29.195938,0.9734331965446472,0.122050576,0.4241745942921097,0.059006211180124224,0.045949214026602174
SwinIR + PathologyLoss,BraTS2021_00098,29.041603,0.9732096791267395,0.12288704,0.47870967741935483,0.22964867180805484,0.24417009602194786
SwinIR + PathologyLoss,BraTS2021_00098,29.484346,0.9719352126121521,0.11980032,0.35046113306982873,0.14005123825789922,0.18064516129032257
SwinIR + PathologyLoss,BraTS2021_00098,29.275295,0.9732825756072998,0.11652829,0.36838390966831336,0.04008438818565401,0.055964653902798235
SwinIR + PathologyLoss,BraTS2021_00098,29.423607,0.972768247127533,0.11832519,0.2953020134228188,0.009535160905840286,0.012861736334405145
SwinIR + PathologyLoss,BraTS2021_00098,29.681198,0.972009003162384,0.11457174,0.3339317773788151,0.024861878453038673,0.033582089552238806
SwinIR + PathologyLoss,BraTS2021_00098,29.425262,0.9723026752471924,0.114567205,0.33891992551210426,0.10204081632653061,0.13282732447817835
SwinIR + PathologyLoss,BraTS2021_00098,30.02897,0.9726852178573608,0.112618804,0.3283582089552239,0.0436241610738255,0.05739514348785872
SwinIR + PathologyLoss,BraTS2021_00098,29.730652,0.9737309217453003,0.10891845,0.4306498545101843,0.11904761904761904,0.14553014553014554
SwinIR + PathologyLoss,BraTS2021_00098,29.876003,0.9730859994888306,0.109474674,0.5558510638297872,0.0,0.0
SwinIR + PathologyLoss,BraTS2021_00098,30.006874,0.9711860418319702,0.11132748,0.7244094488188977,0.0,0.0
SwinIR + PathologyLoss,BraTS2021_00110,29.944313,0.9788352847099304,0.06972071,0.5026362038664324,nan,nan
SwinIR + PathologyLoss,BraTS2021_00110,29.778765,0.9806088805198669,0.070098795,0.5836431226765799,nan,nan
SwinIR + PathologyLoss,BraTS2021_00110,30.014772,0.980684220790863,0.06995128,0.7594713656387665,nan,nan
SwinIR + PathologyLoss,BraTS2021_00110,29.887253,0.981074333190918,0.06926366,0.6967047747141897,nan,nan
SwinIR + PathologyLoss,BraTS2021_00110,30.098492,0.9806349277496338,0.06917098,0.8181174805378627,nan,nan
SwinIR + PathologyLoss,BraTS2021_00110,30.287506,0.9827046394348145,0.06699219,0.8045254556882464,nan,nan
SwinIR + PathologyLoss,BraTS2021_00110,30.198807,0.9841006994247437,0.066033885,0.8332433890987587,nan,nan
SwinIR + PathologyLoss,BraTS2021_00110,30.375092,0.9857079982757568,0.06399142,0.8238297872340425,nan,nan
SwinIR + PathologyLoss,BraTS2021_00110,30.563929,0.9858525395393372,0.06379706,0.8977812995245642,nan,nan
SwinIR + PathologyLoss,BraTS2021_00110,30.689934,0.9873420000076294,0.061708093,0.8729436471823592,nan,nan
SwinIR + PathologyLoss,BraTS2021_00110,30.660141,0.9877141714096069,0.06110935,0.8490805326569436,nan,nan
SwinIR + PathologyLoss,BraTS2021_00110,30.858267,0.9872215986251831,0.059811044,0.8899550224887556,nan,nan
SwinIR + PathologyLoss,BraTS2021_00110,30.806486,0.9866774678230286,0.060141455,0.9017437032936618,nan,nan
SwinIR + PathologyLoss,BraTS2021_00110,30.87054,0.9863048791885376,0.05919362,0.881850175967823,nan,nan
SwinIR + PathologyLoss,BraTS2021_00110,30.950308,0.9854159355163574,0.05968241,0.8995098039215687,0.0,0.0
SwinIR + PathologyLoss,BraTS2021_00110,30.808292,0.985462486743927,0.059048135,0.8948935195786581,0.0,0.0
SwinIR + PathologyLoss,BraTS2021_00110,30.612137,0.9844938516616821,0.05926282,0.9044697633654689,0.8516129032258064,0.8609271523178808
SwinIR + PathologyLoss,BraTS2021_00110,30.468836,0.984825849533081,0.060398884,0.8813972380178716,0.8355555555555556,0.8392857142857143
SwinIR + PathologyLoss,BraTS2021_00110,30.501478,0.9849328994750977,0.060168874,0.9034181240063593,0.8690476190476191,0.906832298136646
SwinIR + PathologyLoss,BraTS2021_00110,30.4884,0.9829699397087097,0.060422804,0.9212447176334998,0.910411622276029,0.9376558603491272
SwinIR + PathologyLoss,BraTS2021_00110,30.184706,0.9844691753387451,0.06222213,0.9157990867579908,0.929637526652452,0.9559471365638766
SwinIR + PathologyLoss,BraTS2021_00110,30.396349,0.983721137046814,0.06226595,0.92786826561661,0.9090909090909091,0.9375
SwinIR + PathologyLoss,BraTS2021_00110,30.321104,0.984633207321167,0.060936593,0.9395282851569428,0.8990825688073395,0.9166666666666666
SwinIR + PathologyLoss,BraTS2021_00110,30.39223,0.9857133626937866,0.060473908,0.9459792363188457,0.8797364085667215,0.8983050847457628
SwinIR + PathologyLoss,BraTS2021_00110,30.326748,0.9865416288375854,0.061567534,0.9343216686778142,0.8768768768768769,0.8899082568807339
SwinIR + PathologyLoss,BraTS2021_00110,30.285904,0.9853512644767761,0.06298427,0.9527806925498427,0.8929503916449086,0.917900403768506
SwinIR + PathologyLoss,BraTS2021_00110,29.99901,0.9846560955047607,0.06524284,0.9496579547447817,0.8364083640836408,0.8625954198473282
SwinIR + PathologyLoss,BraTS2021_00110,29.391163,0.9847319722175598,0.06723617,0.9314355146675924,0.8503401360544217,0.8713105076741441
SwinIR + PathologyLoss,BraTS2021_00110,29.680565,0.9837141633033752,0.06921312,0.9410102437301306,0.8947906026557712,0.9276595744680851
SwinIR + PathologyLoss,BraTS2021_00110,29.230955,0.9839285612106323,0.069714226,0.9341381146813421,0.9286412512218963,0.9423459244532804
SwinIR + PathologyLoss,BraTS2021_00110,29.552006,0.9854298830032349,0.06831423,0.9350127783862724,0.9458955223880597,0.9590865842055185
SwinIR + PathologyLoss,BraTS2021_00110,29.401323,0.9855797290802002,0.0703794,0.9227062094531974,0.9504950495049505,0.9615384615384616
SwinIR + PathologyLoss,BraTS2021_00110,29.28942,0.986207127571106,0.07170346,0.9223955324475255,0.9121863799283154,0.9262966333030027
SwinIR + PathologyLoss,BraTS2021_00110,29.160892,0.9856815338134766,0.07356348,0.9174454828660437,0.938207136640557,0.9453262786596119
SwinIR + PathologyLoss,BraTS2021_00110,28.8854,0.9843630790710449,0.07790292,0.9285429141716567,0.951240376390077,0.9575757575757575
SwinIR + PathologyLoss,BraTS2021_00110,28.590221,0.9836975336074829,0.08192025,0.928295754621166,0.9408740359897172,0.953125
SwinIR + PathologyLoss,BraTS2021_00110,28.922089,0.9855656027793884,0.07960925,0.9239176124422026,0.9475437135720233,0.964406779661017
SwinIR + PathologyLoss,BraTS2021_00110,29.178183,0.9865366816520691,0.07925652,0.9248959929932121,0.954954954954955,0.9603305785123967
SwinIR + PathologyLoss,BraTS2021_00110,28.895227,0.9866468906402588,0.082230106,0.9058456046407853,0.9447154471544715,0.9528535980148883
SwinIR + PathologyLoss,BraTS2021_00110,29.21754,0.9878073334693909,0.08066271,0.9004002825523899,0.9564516129032258,0.9655737704918033
SwinIR + PathologyLoss,BraTS2021_00110,29.021637,0.9879218339920044,0.0846658,0.8913690476190477,0.9473684210526315,0.9602032176121931
SwinIR + PathologyLoss,BraTS2021_00110,29.004745,0.9885909557342529,0.084986284,0.8970663921770458,0.9385665529010239,0.9545454545454546
SwinIR + PathologyLoss,BraTS2021_00110,28.973799,0.9892745614051819,0.08615188,0.867012987012987,0.933569530558016,0.9528130671506352
SwinIR + PathologyLoss,BraTS2021_00110,29.505127,0.9896729588508606,0.0871516,0.9014976958525346,0.9309366130558183,0.9452449567723343
SwinIR + PathologyLoss,BraTS2021_00110,29.318316,0.9905971884727478,0.0872377,0.9000624609618988,0.9089068825910931,0.9256198347107438
SwinIR + PathologyLoss,BraTS2021_00110,29.688147,0.9910452365875244,0.08791491,0.8806275579809004,0.8704784130688448,0.8833333333333333
SwinIR + PathologyLoss,BraTS2021_00110,29.661276,0.9913835525512695,0.09051455,0.8354166666666667,0.8489795918367347,0.8571428571428571
SwinIR + PathologyLoss,BraTS2021_00110,30.093678,0.9919057488441467,0.08979973,0.842921256629947,0.7889273356401384,0.7985865724381626
SwinIR + PathologyLoss,BraTS2021_00110,29.643852,0.9909179210662842,0.0988528,0.8131021194605009,0.7848101265822784,0.7916666666666666
SwinIR + PathologyLoss,BraTS2021_00110,30.197401,0.9913333654403687,0.09926346,0.8091428571428572,0.6689895470383276,0.6785714285714286
SwinIR + PathologyLoss,BraTS2021_00110,30.48333,0.9910985827445984,0.10531771,0.6857923497267759,0.0,0.0
SwinIR + PathologyLoss,BraTS2021_00110,30.362852,0.9898303151130676,0.11513132,0.6920930232558139,0.0,0.0
SwinIR + PathologyLoss,BraTS2021_00110,30.773039,0.9897287487983704,0.12166849,0.7057324840764331,0.0,0.0
SwinIR + PathologyLoss,BraTS2021_00110,31.574402,0.9897103905677795,0.12437625,0.6129458388375165,nan,nan
SwinIR + PathologyLoss,BraTS2021_00110,32.078846,0.9885791540145874,0.13549188,0.6481802426343154,nan,nan
SwinIR + PathologyLoss,BraTS2021_00110,31.967829,0.9849231243133545,0.15859553,0.6548672566371682,nan,nan
SwinIR + PathologyLoss,BraTS2021_00112,31.153105,0.9883993268013,0.0887946,0.0,nan,nan
SwinIR + PathologyLoss,BraTS2021_00112,31.733948,0.9903995990753174,0.08044698,0.0,nan,nan
SwinIR + PathologyLoss,BraTS2021_00112,31.967356,0.9910093545913696,0.07821313,0.0,nan,nan
SwinIR + PathologyLoss,BraTS2021_00112,31.883413,0.9901512265205383,0.080410995,0.0,nan,nan
SwinIR + PathologyLoss,BraTS2021_00112,31.6697,0.9907005429267883,0.07952913,0.0,nan,nan
SwinIR + PathologyLoss,BraTS2021_00112,31.276777,0.9893635511398315,0.0834133,0.0,nan,nan
SwinIR + PathologyLoss,BraTS2021_00112,31.078674,0.9887663722038269,0.08571692,0.0,nan,nan
SwinIR + PathologyLoss,BraTS2021_00112,31.264229,0.9895052313804626,0.083602734,0.0,nan,nan
SwinIR + PathologyLoss,BraTS2021_00112,31.349125,0.9894362092018127,0.08289704,0.0,nan,nan
SwinIR + PathologyLoss,BraTS2021_00112,31.6408,0.9905897974967957,0.07900561,0.0,nan,nan
SwinIR + PathologyLoss,BraTS2021_00112,31.223852,0.9905993938446045,0.08015503,0.0,nan,nan
SwinIR + PathologyLoss,BraTS2021_00112,30.874561,0.9881083369255066,0.08603351,0.0,nan,nan
SwinIR + PathologyLoss,BraTS2021_00112,30.476149,0.9878441095352173,0.08738477,0.0,nan,nan
SwinIR + PathologyLoss,BraTS2021_00112,30.223558,0.9883625507354736,0.08660595,0.0,nan,nan
SwinIR + PathologyLoss,BraTS2021_00112,30.104162,0.9862245321273804,0.090574756,0.0,nan,nan
SwinIR + PathologyLoss,BraTS2021_00112,29.64238,0.9839188456535339,0.093940146,0.0,nan,nan
SwinIR + PathologyLoss,BraTS2021_00112,29.950111,0.9851672649383545,0.088458516,0.0,nan,nan
SwinIR + PathologyLoss,BraTS2021_00112,29.307095,0.9784795045852661,0.09267704,0.0,nan,nan
SwinIR + PathologyLoss,BraTS2021_00112,29.948484,0.9813705086708069,0.08311458,0.003861003861003861,0.0,nan
SwinIR + PathologyLoss,BraTS2021_00112,30.080603,0.9826456308364868,0.07961521,0.0,0.0,nan
SwinIR + PathologyLoss,BraTS2021_00112,29.91432,0.9830564260482788,0.07955467,0.03980099502487562,0.0,nan
SwinIR + PathologyLoss,BraTS2021_00112,30.204107,0.984125554561615,0.078083165,0.0416,0.0,nan
SwinIR + PathologyLoss,BraTS2021_00112,30.4578,0.9843026995658875,0.07721264,0.21636615811373092,0.0,nan
SwinIR + PathologyLoss,BraTS2021_00112,30.59656,0.9858788251876831,0.07332223,0.21447721179624665,0.0,nan
SwinIR + PathologyLoss,BraTS2021_00112,30.831224,0.9842001795768738,0.0739517,0.1262002743484225,0.0,nan
SwinIR + PathologyLoss,BraTS2021_00112,31.15327,0.9851117134094238,0.07050372,0.3619047619047619,0.0,nan
SwinIR + PathologyLoss,BraTS2021_00112,31.165247,0.9857660531997681,0.07110827,0.47085201793721976,0.0,0.0
SwinIR + PathologyLoss,BraTS2021_00112,30.854485,0.9853650331497192,0.07245562,0.3759036144578313,0.0,0.0
SwinIR + PathologyLoss,BraTS2021_00112,30.824644,0.9857228994369507,0.07161422,0.38461538461538464,nan,nan
SwinIR + PathologyLoss,BraTS2021_00112,30.749996,0.987850546836853,0.0703238,0.4851258581235698,nan,nan
SwinIR + PathologyLoss,BraTS2021_00112,31.153734,0.9889307618141174,0.06613327,0.41412911084043846,nan,nan
SwinIR + PathologyLoss,BraTS2021_00112,31.213732,0.9859303832054138,0.07002362,0.49528301886792453,nan,nan
SwinIR + PathologyLoss,BraTS2021_00112,31.17709,0.9883154034614563,0.066970766,0.3671875,nan,nan
SwinIR + PathologyLoss,BraTS2021_00112,31.319382,0.9872181415557861,0.06911521,0.47980416156670747,nan,nan
SwinIR + PathologyLoss,BraTS2021_00112,31.22986,0.9871337413787842,0.06928784,0.5221674876847291,nan,nan
SwinIR + PathologyLoss,BraTS2021_00112,30.822256,0.9869504570960999,0.07101507,0.48533333333333334,0.0,0.0
SwinIR + PathologyLoss,BraTS2021_00112,30.669933,0.9866628050804138,0.07347076,0.44963503649635034,nan,nan
SwinIR + PathologyLoss,BraTS2021_00112,31.071758,0.9868862628936768,0.07177866,0.3832528180354267,nan,nan
SwinIR + PathologyLoss,BraTS2021_00112,31.209442,0.9894211292266846,0.06701183,0.13389121338912133,nan,nan
SwinIR + PathologyLoss,BraTS2021_00112,31.323994,0.988272488117218,0.067714885,0.3299798792756539,nan,nan
SwinIR + PathologyLoss,BraTS2021_00112,31.437061,0.9894567131996155,0.06754933,0.0,nan,nan
SwinIR + PathologyLoss,BraTS2021_00112,31.568785,0.9898093342781067,0.0656251,0.0,nan,nan
SwinIR + PathologyLoss,BraTS2021_00112,31.210777,0.9882951974868774,0.068272725,0.018575851393188854,nan,nan
SwinIR + PathologyLoss,BraTS2021_00112,31.2024,0.9890136122703552,0.06847272,0.0,nan,nan
SwinIR + PathologyLoss,BraTS2021_00112,31.284374,0.9896432161331177,0.06831507,0.0,nan,nan
SwinIR + PathologyLoss,BraTS2021_00112,31.362532,0.9899512529373169,0.06784683,0.0,nan,nan
SwinIR + PathologyLoss,BraTS2021_00112,31.540792,0.9913696646690369,0.064201124,0.0,nan,nan
SwinIR + PathologyLoss,BraTS2021_00112,31.772213,0.9912413954734802,0.062922426,0.0,nan,nan
SwinIR + PathologyLoss,BraTS2021_00112,32.033897,0.9916738867759705,0.061212502,0.0,nan,nan
SwinIR + PathologyLoss,BraTS2021_00112,32.13929,0.9909217357635498,0.06248987,0.0,nan,nan
SwinIR + PathologyLoss,BraTS2021_00112,31.92371,0.9896959662437439,0.06468574,0.0,nan,nan
SwinIR + PathologyLoss,BraTS2021_00112,31.858494,0.9914794564247131,0.06241694,0.0,nan,nan
SwinIR + PathologyLoss,BraTS2021_00112,32.260048,0.9911368489265442,0.062037207,0.0,nan,nan
SwinIR + PathologyLoss,BraTS2021_00112,32.23164,0.9899646043777466,0.06233233,0.0,nan,nan
SwinIR + PathologyLoss,BraTS2021_00112,32.462704,0.9905874133110046,0.06096163,0.0,nan,nan
SwinIR + PathologyLoss,BraTS2021_00112,32.81282,0.9915066957473755,0.058033552,0.0,nan,nan
SwinIR + PathologyLoss,BraTS2021_00112,32.70322,0.9910226464271545,0.059139773,0.0,nan,nan
SwinIR + PathologyLoss,BraTS2021_00116,31.539185,0.988452672958374,0.10008914,0.0,0.0,0.0
SwinIR + PathologyLoss,BraTS2021_00116,31.036655,0.9867917895317078,0.10478202,0.0,0.0,0.0
SwinIR + PathologyLoss,BraTS2021_00116,30.715862,0.9866979122161865,0.09963898,0.0,0.0,0.0
SwinIR + PathologyLoss,BraTS2021_00116,31.378908,0.9873945713043213,0.0950765,0.0,0.0,0.0
SwinIR + PathologyLoss,BraTS2021_00116,31.738577,0.987989604473114,0.0911443,0.0,0.0,0.0
SwinIR + PathologyLoss,BraTS2021_00116,31.683485,0.9886243343353271,0.087900236,0.0,0.0,0.0
SwinIR + PathologyLoss,BraTS2021_00116,31.788519,0.9877995848655701,0.088222675,0.0,0.0,0.0
SwinIR + PathologyLoss,BraTS2021_00116,31.589844,0.9884141683578491,0.086628586,0.0,0.0,0.0
SwinIR + PathologyLoss,BraTS2021_00116,31.593975,0.9888162612915039,0.08549832,0.1410488245931284,0.0,0.0
SwinIR + PathologyLoss,BraTS2021_00116,31.65532,0.9884600639343262,0.08563613,0.0,0.0,0.0
SwinIR + PathologyLoss,BraTS2021_00116,31.615885,0.9882100224494934,0.08717539,0.0,0.0,0.0
SwinIR + PathologyLoss,BraTS2021_00116,31.52626,0.9893609285354614,0.08431289,0.4592973436161097,0.0,0.0
SwinIR + PathologyLoss,BraTS2021_00116,31.722641,0.9894529581069946,0.08300751,0.14149139579349904,0.0,0.0
SwinIR + PathologyLoss,BraTS2021_00116,31.473902,0.9883533716201782,0.08635589,0.3235294117647059,0.0,0.0
SwinIR + PathologyLoss,BraTS2021_00116,31.455647,0.9885183572769165,0.08622405,0.481437125748503,0.0,0.0
SwinIR + PathologyLoss,BraTS2021_00116,31.129925,0.9888927340507507,0.08585014,0.6331360946745562,0.0,0.0
SwinIR + PathologyLoss,BraTS2021_00116,31.167784,0.9891265630722046,0.085604325,0.6382393397524071,0.0,0.0
SwinIR + PathologyLoss,BraTS2021_00116,31.06385,0.9880819916725159,0.087575056,0.6591687041564792,0.0,0.0
SwinIR + PathologyLoss,BraTS2021_00116,30.478745,0.9857996106147766,0.092849664,0.6025316455696202,0.0,0.0
SwinIR + PathologyLoss,BraTS2021_00116,29.944244,0.9843367338180542,0.09413715,0.6502665026650266,0.0,0.0
SwinIR + PathologyLoss,BraTS2021_00116,29.862648,0.9819655418395996,0.09413838,0.6164251207729469,0.10336538461538461,0.09549795361527967
SwinIR + PathologyLoss,BraTS2021_00116,29.995157,0.9793521165847778,0.09525534,0.5847299813780261,0.004860267314702308,0.0
SwinIR + PathologyLoss,BraTS2021_00116,29.94811,0.9815038442611694,0.08859747,0.6540583136327817,0.045346062052505964,0.03687943262411347
SwinIR + PathologyLoss,BraTS2021_00116,30.119389,0.9779494404792786,0.090066,0.7228618421052632,0.0,0.0
SwinIR + PathologyLoss,BraTS2021_00116,30.129677,0.9805009961128235,0.08516472,0.8342857142857143,0.24213075060532688,0.2238372093023256
SwinIR + PathologyLoss,BraTS2021_00116,30.214006,0.9814732670783997,0.08420728,0.7144675434874841,0.0,0.0
SwinIR + PathologyLoss,BraTS2021_00116,29.989431,0.9805437326431274,0.0836446,0.7828220858895706,0.0029806259314456036,0.0032626427406199023
SwinIR + PathologyLoss,BraTS2021_00116,30.10239,0.9755922555923462,0.08660406,0.6338582677165354,0.013675213675213675,0.003838771593090211
SwinIR + PathologyLoss,BraTS2021_00116,30.144491,0.9760152697563171,0.083473615,0.7458515283842795,0.0,0.0
SwinIR + PathologyLoss,BraTS2021_00116,30.359402,0.9796212911605835,0.07919289,0.7387717690192483,0.021660649819494584,0.0
SwinIR + PathologyLoss,BraTS2021_00116,30.610123,0.9765984416007996,0.07850828,0.7402723735408561,0.0,0.0
SwinIR + PathologyLoss,BraTS2021_00116,30.655014,0.9794387817382812,0.07825547,0.7285992217898832,0.00904977375565611,0.010126582278481013
SwinIR + PathologyLoss,BraTS2021_00116,30.42833,0.977574348449707,0.08014978,0.79305966991113,0.03547671840354767,0.0
SwinIR + PathologyLoss,BraTS2021_00116,30.463646,0.9796816110610962,0.07613044,0.8473629060426127,0.4175152749490835,0.35428571428571426
SwinIR + PathologyLoss,BraTS2021_00116,30.681143,0.9807765483856201,0.0745975,0.7384838592673195,0.0,0.0
SwinIR + PathologyLoss,BraTS2021_00116,30.891094,0.9787542223930359,0.07577916,0.8608964451313755,0.0,0.0
SwinIR + PathologyLoss,BraTS2021_00116,30.788324,0.9816064834594727,0.072963424,0.8181818181818182,0.28426395939086296,0.05314009661835749
SwinIR + PathologyLoss,BraTS2021_00116,30.554844,0.9808541536331177,0.075829625,0.7485549132947977,0.0,0.0
SwinIR + PathologyLoss,BraTS2021_00116,30.803127,0.978866457939148,0.07643407,0.739332488381918,0.0,0.0
SwinIR + PathologyLoss,BraTS2021_00116,30.54903,0.9820385575294495,0.07540461,0.8332783096731594,0.5674876847290641,0.5652892561983471
SwinIR + PathologyLoss,BraTS2021_00116,30.633484,0.9815719127655029,0.07671481,0.7079337401918047,0.1867704280155642,0.1187214611872146
SwinIR + PathologyLoss,BraTS2021_00116,30.63692,0.9838975071907043,0.073814906,0.7258900795022468,0.24396135265700483,0.24439918533604887
SwinIR + PathologyLoss,BraTS2021_00116,30.818897,0.9853272438049316,0.07209357,0.8112344872632267,0.15959252971137522,0.12554112554112554
SwinIR + PathologyLoss,BraTS2021_00116,30.745888,0.9847670197486877,0.07304711,0.8829080740999651,0.29301075268817206,0.32233009708737864
SwinIR + PathologyLoss,BraTS2021_00116,30.635635,0.983810544013977,0.075525686,0.827007299270073,0.24528301886792453,0.2222222222222222
SwinIR + PathologyLoss,BraTS2021_00116,30.72937,0.9848042726516724,0.074460864,0.8132027566195139,0.2087227414330218,0.1557377049180328
SwinIR + PathologyLoss,BraTS2021_00116,30.61219,0.9865047931671143,0.073801205,0.7325855962219598,0.22403733955659277,0.25165562913907286
SwinIR + PathologyLoss,BraTS2021_00116,30.718496,0.987452507019043,0.07222025,0.7338174928954847,0.16783216783216784,0.11940298507462686
SwinIR + PathologyLoss,BraTS2021_00116,30.722557,0.9874984622001648,0.07168765,0.6569712298450838,0.10185185185185185,0.19913419913419914
SwinIR + PathologyLoss,BraTS2021_00116,30.70616,0.9878754615783691,0.07188539,0.7648595689092097,0.1570048309178744,0.14587332053742802
SwinIR + PathologyLoss,BraTS2021_00116,30.654879,0.9871369004249573,0.073233694,0.6581387911736488,0.0911854103343465,0.1487603305785124
SwinIR + PathologyLoss,BraTS2021_00116,30.69828,0.9877200722694397,0.07288192,0.6880960791239844,0.07692307692307693,0.07216494845360824
SwinIR + PathologyLoss,BraTS2021_00116,30.698898,0.9862869381904602,0.07464593,0.6614532420984034,0.011477761836441894,0.010554089709762533
SwinIR + PathologyLoss,BraTS2021_00116,31.179407,0.988368809223175,0.06990924,0.67854694996573,0.011194029850746268,0.010554089709762533
SwinIR + PathologyLoss,BraTS2021_00116,31.434952,0.9879713654518127,0.06977701,0.7711829717560377,0.0,0.0
SwinIR + PathologyLoss,BraTS2021_00116,31.557133,0.9890438914299011,0.06645919,0.7877376794722546,0.005434782608695652,0.0
SwinIR + PathologyLoss,BraTS2021_00116,31.520823,0.9864738583564758,0.070313446,0.7457475380483438,0.04081632653061224,0.0457516339869281
SwinIR + PathologyLoss,BraTS2021_00116,31.399406,0.9879530072212219,0.06794037,0.7192118226600985,0.0,0.0
SwinIR + PathologyLoss,BraTS2021_00116,31.592045,0.9864789843559265,0.069227464,0.8295069627399323,0.0,0.0
SwinIR + PathologyLoss,BraTS2021_00116,31.444672,0.9840958714485168,0.07131386,0.8324586192975374,0.0,0.0
SwinIR + PathologyLoss,BraTS2021_00116,31.622406,0.9835793972015381,0.06908113,0.875,0.0,0.0
SwinIR + PathologyLoss,BraTS2021_00116,31.677277,0.9853404760360718,0.06706741,0.8861016949152543,0.0,0.0
SwinIR + PathologyLoss,BraTS2021_00116,31.733988,0.9835460186004639,0.06789864,0.8684110731892302,0.0,0.0
SwinIR + PathologyLoss,BraTS2021_00116,31.736282,0.9801383018493652,0.06875839,0.8284072249589491,0.0,0.0
SwinIR + PathologyLoss,BraTS2021_00116,32.04274,0.980543315410614,0.067188844,0.8700361010830325,0.0,0.0
SwinIR + PathologyLoss,BraTS2021_00116,31.771877,0.9815256595611572,0.06675107,0.8750981932443048,0.0,0.0
SwinIR + PathologyLoss,BraTS2021_00116,31.833591,0.9782367944717407,0.06691556,0.8390804597701149,0.0,0.0
SwinIR + PathologyLoss,BraTS2021_00116,31.676004,0.9784740805625916,0.06867315,0.7151898734177216,0.0,0.0
SwinIR + PathologyLoss,BraTS2021_00116,31.738663,0.9798619747161865,0.06777585,0.6795224977043158,0.0,0.0
SwinIR + PathologyLoss,BraTS2021_00116,31.464071,0.978665828704834,0.06963349,0.5747907949790795,0.0,0.0
SwinIR + PathologyLoss,BraTS2021_00116,31.799984,0.9791927337646484,0.066894405,0.7176966292134831,0.0,nan
SwinIR + PathologyLoss,BraTS2021_00116,31.829004,0.9758973717689514,0.068272986,0.8373636794689426,0.0,nan
SwinIR + PathologyLoss,BraTS2021_00116,31.76461,0.9777587652206421,0.06928736,0.6422881969587255,nan,nan
SwinIR + PathologyLoss,BraTS2021_00116,31.662886,0.9773216843605042,0.06910646,0.8995983935742972,0.0,nan
SwinIR + PathologyLoss,BraTS2021_00116,31.493757,0.9758448004722595,0.07261106,0.8147239263803681,0.0,nan
SwinIR + PathologyLoss,BraTS2021_00116,31.464197,0.9782752990722656,0.07035468,0.562874251497006,0.0,nan
SwinIR + PathologyLoss,BraTS2021_00116,31.208664,0.9780506491661072,0.072193734,0.5749574105621805,0.0,0.0
SwinIR + PathologyLoss,BraTS2021_00116,31.095198,0.978108286857605,0.07460978,0.6300053390282968,0.0,nan
SwinIR + PathologyLoss,BraTS2021_00116,31.355347,0.980240523815155,0.071950294,0.4949640287769784,0.0,nan
SwinIR + PathologyLoss,BraTS2021_00116,30.929068,0.977502703666687,0.077527314,0.2397003745318352,nan,nan
SwinIR + PathologyLoss,BraTS2021_00116,31.017181,0.9778375029563904,0.07793243,0.2584745762711864,nan,nan
SwinIR + PathologyLoss,BraTS2021_00116,30.696812,0.9822733402252197,0.079195775,0.23039690222652467,0.0,nan
SwinIR + PathologyLoss,BraTS2021_00116,30.767372,0.9810510873794556,0.080511995,0.0,nan,nan
SwinIR + PathologyLoss,BraTS2021_00116,30.768093,0.9808010458946228,0.08159506,0.0,nan,nan
SwinIR + PathologyLoss,BraTS2021_00116,30.819286,0.9810254573822021,0.08474515,0.0,nan,nan
SwinIR + PathologyLoss,BraTS2021_00116,30.265696,0.9832194447517395,0.08797628,0.0,nan,nan
SwinIR + PathologyLoss,BraTS2021_00116,30.810606,0.9838706851005554,0.08622262,0.0,nan,nan
SwinIR + PathologyLoss,BraTS2021_00116,31.051872,0.9861143231391907,0.08513104,0.0,nan,nan
SwinIR + PathologyLoss,BraTS2021_00116,31.157694,0.9876139760017395,0.0851503,0.0,nan,nan
