method,subject,psnr,ssim,nrmse,dice_wt,dice_tc,dice_et
SwinIR-lite (L1),BraTS2021_00000,29.485128,0.9682507514953613,0.13005513,0.0,0.0,0.0
SwinIR-lite (L1),BraTS2021_00000,29.677103,0.9678464531898499,0.12678276,0.6925566343042071,0.7,0.7
SwinIR-lite (L1),BraTS2021_00000,29.877987,0.9697473049163818,0.119628035,0.8412698412698413,0.8977272727272727,0.8977272727272727
SwinIR-lite (L1),BraTS2021_00000,29.829308,0.9672008752822876,0.12024694,0.8440567066521265,0.9173859432799013,0.9165628891656289
SwinIR-lite (L1),BraTS2021_00000,29.43451,0.9665907621383667,0.12019961,0.8519195612431444,0.8042553191489362,0.8125677139761647
SwinIR-lite (L1),BraTS2021_00000,29.24795,0.9664977192878723,0.11940026,0.8459696727853152,0.5591397849462365,0.5698447893569845
SwinIR-lite (L1),BraTS2021_00000,29.056126,0.9650574922561646,0.118035145,0.9400749063670412,0.9276538201487492,0.902491103202847
SwinIR-lite (L1),BraTS2021_00000,29.100666,0.9622496366500854,0.12034879,0.9307384087006296,0.8744534665833854,0.855807743658211
SwinIR-lite (L1),BraTS2021_00000,28.813572,0.9645788669586182,0.11674045,0.9598352214212152,0.9386011745862253,0.8842620943049602
SwinIR-lite (L1),BraTS2021_00000,28.71811,0.962117612361908,0.11777737,0.9639596347909659,0.9628543499511242,0.9095238095238095
SwinIR-lite (L1),BraTS2021_00000,28.71873,0.9606673121452332,0.11801461,0.9555657352267521,0.9636277751535192,0.9046511627906977
SwinIR-lite (L1),BraTS2021_00000,28.942017,0.9637508392333984,0.113915086,0.967420814479638,0.9593647828117702,0.9041095890410958
SwinIR-lite (L1),BraTS2021_00000,29.191551,0.9617191553115845,0.11284575,0.9630281690140845,0.9747747747747748,0.8950471698113207
SwinIR-lite (L1),BraTS2021_00000,29.19549,0.9659571647644043,0.1093721,0.9607173356105893,0.9676274944567628,0.8824306472919419
SwinIR-lite (L1),BraTS2021_00000,29.672276,0.9715978503227234,0.10415028,0.9523019493985898,0.9576234163390127,0.8622754491017964
SwinIR-lite (L1),BraTS2021_00000,29.39775,0.972923219203949,0.103463985,0.9568261376896149,0.9716399506781751,0.9036065573770492
SwinIR-lite (L1),BraTS2021_00000,29.38309,0.9733379483222961,0.10157733,0.9741444866920153,0.974703557312253,0.9193066347878064
SwinIR-lite (L1),BraTS2021_00000,29.417627,0.9739068150520325,0.10234929,0.9583023082650782,0.970889063729347,0.9065702230259193
SwinIR-lite (L1),BraTS2021_00000,29.45298,0.9732397794723511,0.10373222,0.9552129221732746,0.9684791174152876,0.906307409675444
SwinIR-lite (L1),BraTS2021_00000,29.211874,0.9701477885246277,0.10591049,0.9557971014492753,0.9579237121510028,0.9067599067599068
SwinIR-lite (L1),BraTS2021_00000,29.211754,0.97215735912323,0.10314608,0.9548387096774194,0.9554494828957836,0.8962207558488302
SwinIR-lite (L1),BraTS2021_00000,29.401318,0.9730321764945984,0.102122515,0.9625045504186385,0.9579967689822294,0.8917910447761194
SwinIR-lite (L1),BraTS2021_00000,29.543455,0.9739320874214172,0.099845186,0.9541150764748726,0.9477977161500816,0.8624678663239075
SwinIR-lite (L1),BraTS2021_00000,29.61919,0.9738441705703735,0.09947302,0.9517495395948434,0.968421052631579,0.8927152317880794
SwinIR-lite (L1),BraTS2021_00000,29.728848,0.9746492505073547,0.09773689,0.9602941176470589,0.9842678499394917,0.8997926744989634
SwinIR-lite (L1),BraTS2021_00000,29.552685,0.9746960997581482,0.09714182,0.9749821300929236,0.9792,0.8890383322125084
SwinIR-lite (L1),BraTS2021_00000,29.512148,0.9718922972679138,0.0993153,0.9683521280465623,0.9760765550239234,0.8955582232893158
SwinIR-lite (L1),BraTS2021_00000,29.445906,0.971493661403656,0.09939103,0.9579100145137881,0.981847519160952,0.8965936739659367
SwinIR-lite (L1),BraTS2021_00000,29.57221,0.9716960191726685,0.099161796,0.9626617375231054,0.9525,0.87689508793208
SwinIR-lite (L1),BraTS2021_00000,29.660265,0.9710128307342529,0.10057154,0.9547011800532927,0.9677692960135709,0.8771929824561403
SwinIR-lite (L1),BraTS2021_00000,29.681873,0.9727497100830078,0.097291306,0.9619269619269619,0.9796272214997833,0.9072555205047319
SwinIR-lite (L1),BraTS2021_00000,29.770773,0.9732494950294495,0.09622553,0.9736632083000798,0.9699686239354549,0.8994307400379506
SwinIR-lite (L1),BraTS2021_00000,29.916523,0.9733506441116333,0.097459935,0.9430682312038244,0.972181551976574,0.9173027989821882
SwinIR-lite (L1),BraTS2021_00000,29.897345,0.9727863073348999,0.09694158,0.9584462511291779,0.9352972119936875,0.8924252068746021
SwinIR-lite (L1),BraTS2021_00000,29.594448,0.975878119468689,0.09545004,0.9453313981615868,0.9161747343565525,0.8658008658008658
SwinIR-lite (L1),BraTS2021_00000,29.666311,0.9734101891517639,0.098690316,0.9455314648334214,0.9385327164573695,0.8892430278884462
SwinIR-lite (L1),BraTS2021_00000,30.052996,0.975280225276947,0.09533512,0.927144535840188,0.9267924528301886,0.8780053428317008
SwinIR-lite (L1),BraTS2021_00000,30.304646,0.977851152420044,0.09128145,0.9042407660738714,0.9478499542543458,0.9052631578947369
SwinIR-lite (L1),BraTS2021_00000,30.692713,0.9794851541519165,0.08771825,0.8916256157635468,0.9525959367945824,0.9333333333333333
SwinIR-lite (L1),BraTS2021_00000,30.92649,0.9825998544692993,0.08487899,0.7681007345225603,0.8013136288998358,0.8013136288998358
SwinIR-lite (L1),BraTS2021_00000,31.179827,0.983690619468689,0.08177467,0.7518796992481203,0.7331378299120235,0.7331378299120235
SwinIR-lite (L1),BraTS2021_00000,31.65478,0.9849685430526733,0.07970932,0.5052631578947369,0.0,0.0
SwinIR-lite (L1),BraTS2021_00000,31.55753,0.9849226474761963,0.08113098,0.0,0.0,0.0
SwinIR-lite (L1),BraTS2021_00002,32.524136,0.9812909364700317,0.15212822,0.0,nan,nan
SwinIR-lite (L1),BraTS2021_00002,32.475723,0.9801874160766602,0.15348202,0.0,nan,nan
SwinIR-lite (L1),BraTS2021_00002,32.102036,0.981206476688385,0.14618866,0.0,nan,nan
SwinIR-lite (L1),BraTS2021_00002,31.97453,0.9808083176612854,0.14560156,0.2586750788643533,nan,nan
SwinIR-lite (L1),BraTS2021_00002,31.814327,0.9815340042114258,0.14026442,0.4580152671755725,nan,nan
SwinIR-lite (L1),BraTS2021_00002,31.502474,0.9801227450370789,0.1418962,0.8065843621399177,nan,nan
SwinIR-lite (L1),BraTS2021_00002,30.916311,0.9772295355796814,0.14959764,0.8768656716417911,nan,nan
SwinIR-lite (L1),BraTS2021_00002,31.02858,0.9773796200752258,0.14395896,0.8784530386740331,nan,nan
SwinIR-lite (L1),BraTS2021_00002,30.708931,0.9769437909126282,0.14052126,0.8969555035128806,nan,nan
SwinIR-lite (L1),BraTS2021_00002,31.235607,0.978640615940094,0.13296118,0.8552995391705069,nan,nan
SwinIR-lite (L1),BraTS2021_00002,30.749176,0.976401686668396,0.13609397,0.9187279151943463,nan,nan
SwinIR-lite (L1),BraTS2021_00002,31.028622,0.9771098494529724,0.1302693,0.8483333333333334,nan,nan
SwinIR-lite (L1),BraTS2021_00002,30.788803,0.9759334325790405,0.12867984,0.9060773480662984,nan,nan
SwinIR-lite (L1),BraTS2021_00002,30.360569,0.972629964351654,0.13227706,0.9296442687747035,nan,nan
SwinIR-lite (L1),BraTS2021_00002,30.7729,0.9738222360610962,0.12801568,0.8555466879489226,nan,nan
SwinIR-lite (L1),BraTS2021_00002,30.620926,0.9741272330284119,0.12583318,0.7797173732335827,nan,nan
SwinIR-lite (L1),BraTS2021_00002,30.486526,0.9716498255729675,0.12990567,0.0,nan,nan
SwinIR-lite (L1),BraTS2021_00002,30.562143,0.9719714522361755,0.12952913,0.0,nan,nan
SwinIR-lite (L1),BraTS2021_00002,30.36003,0.971558153629303,0.12913167,0.10025062656641603,nan,nan
SwinIR-lite (L1),BraTS2021_00002,30.112705,0.9698725342750549,0.13225111,0.0,nan,nan
SwinIR-lite (L1),BraTS2021_00002,29.920021,0.9678381085395813,0.13294378,0.0,nan,nan
SwinIR-lite (L1),BraTS2021_00002,29.59724,0.9664509296417236,0.13246596,0.0,nan,nan
SwinIR-lite (L1),BraTS2021_00002,29.812262,0.9611817598342896,0.13192587,0.4743243243243243,0.0,0.0
SwinIR-lite (L1),BraTS2021_00002,29.898804,0.9644509553909302,0.12259575,0.5325185508511567,0.0,0.0
SwinIR-lite (L1),BraTS2021_00002,29.880487,0.9641381502151489,0.11878796,0.588088296543107,0.0,0.0
SwinIR-lite (L1),BraTS2021_00002,30.322216,0.9646612405776978,0.114321895,0.03424291064740503,nan,nan
SwinIR-lite (L1),BraTS2021_00002,30.345913,0.9621251225471497,0.11332259,0.14285714285714285,0.0,0.0
SwinIR-lite (L1),BraTS2021_00002,30.350302,0.9602966904640198,0.11328408,0.018691588785046728,nan,nan
SwinIR-lite (L1),BraTS2021_00002,30.415203,0.961539626121521,0.10980785,0.33969930922389274,0.0,0.0
SwinIR-lite (L1),BraTS2021_00002,30.772343,0.9623885154724121,0.106861666,0.044306601683650866,0.0,0.0
SwinIR-lite (L1),BraTS2021_00002,30.871422,0.969159722328186,0.10129783,0.2072657743785851,0.0,0.0
SwinIR-lite (L1),BraTS2021_00002,30.982306,0.9685876369476318,0.10106261,0.12569832402234637,0.0,0.0
SwinIR-lite (L1),BraTS2021_00002,30.91182,0.9714889526367188,0.09925419,0.20076972418216807,0.0,0.0
SwinIR-lite (L1),BraTS2021_00002,30.975456,0.9736367464065552,0.09524976,0.25754884547069273,0.0,0.0
SwinIR-lite (L1),BraTS2021_00002,30.921856,0.9731231927871704,0.09843069,0.23353819139596138,0.0,0.0
SwinIR-lite (L1),BraTS2021_00002,30.759388,0.9749990105628967,0.0958283,0.6294277929155313,0.12471655328798185,0.12886597938144329
SwinIR-lite (L1),BraTS2021_00002,30.667679,0.9729632139205933,0.09727475,0.44342306850514335,0.13380281690140844,0.14613778705636743
SwinIR-lite (L1),BraTS2021_00002,30.893967,0.9732457995414734,0.09667937,0.5780799340749897,0.24542682926829268,0.21844225604297224
SwinIR-lite (L1),BraTS2021_00002,30.892223,0.9732181429862976,0.096431255,0.674088705333094,0.609805924412666,0.5103092783505154
SwinIR-lite (L1),BraTS2021_00002,30.893726,0.9764066934585571,0.09391227,0.5745639819713894,0.16321070234113713,0.1913477537437604
SwinIR-lite (L1),BraTS2021_00002,31.066935,0.9767258763313293,0.091971226,0.575107296137339,0.13636363636363635,0.17869415807560138
SwinIR-lite (L1),BraTS2021_00002,30.998327,0.9785716533660889,0.0904197,0.6400273224043715,0.2213225371120108,0.3016983016983017
SwinIR-lite (L1),BraTS2021_00002,31.090929,0.979352593421936,0.08853171,0.6693989071038251,0.18745785569790965,0.30405405405405406
SwinIR-lite (L1),BraTS2021_00002,31.19713,0.9807168841362,0.087253,0.7187144944002597,0.5103598691384951,0.6107445805843544
SwinIR-lite (L1),BraTS2021_00002,31.09552,0.980511486530304,0.086658195,0.7228003784295175,0.32936756418284285,0.5128779395296752
SwinIR-lite (L1),BraTS2021_00002,30.896502,0.9806904792785645,0.087421276,0.6643975493533015,0.24766977363515313,0.39276485788113696
SwinIR-lite (L1),BraTS2021_00002,30.86107,0.9803721308708191,0.08766566,0.6866576819407008,0.5667022411953042,0.6749482401656315
SwinIR-lite (L1),BraTS2021_00002,30.858822,0.9817475080490112,0.085915044,0.7530171681115078,0.6374085684430512,0.6846307385229541
SwinIR-lite (L1),BraTS2021_00002,30.814056,0.9813421964645386,0.08617683,0.6998562185478073,0.2950166112956811,0.47560975609756095
SwinIR-lite (L1),BraTS2021_00002,31.037647,0.9816552400588989,0.085726656,0.7160037002775208,0.4057071960297767,0.5276872964169381
SwinIR-lite (L1),BraTS2021_00002,31.087673,0.9805372953414917,0.08709011,0.7787895018746652,0.7512100677637947,0.7076648841354723
SwinIR-lite (L1),BraTS2021_00002,30.976494,0.98357754945755,0.08377435,0.7777572510622576,0.37933289731850883,0.6008583690987125
SwinIR-lite (L1),BraTS2021_00002,31.088116,0.9814659953117371,0.08712563,0.8226499719678565,0.529153605015674,0.7502356267672008
SwinIR-lite (L1),BraTS2021_00002,31.05561,0.9846758842468262,0.08189203,0.817338633352262,0.24634334103156275,0.38461538461538464
SwinIR-lite (L1),BraTS2021_00002,31.256367,0.9854936003684998,0.080646165,0.854320987654321,0.39420289855072466,0.5114885114885115
SwinIR-lite (L1),BraTS2021_00002,31.444485,0.9857627153396606,0.07997034,0.8381620225133789,0.5018450184501845,0.61652739090065
SwinIR-lite (L1),BraTS2021_00002,31.41576,0.9863705635070801,0.07866157,0.8401400233372228,0.6163141993957704,0.6575091575091575
SwinIR-lite (L1),BraTS2021_00002,31.843536,0.9861719012260437,0.07783105,0.8320512820512821,0.5687285223367697,0.6659793814432989
SwinIR-lite (L1),BraTS2021_00002,31.83114,0.9874953031539917,0.07649634,0.8818800247371676,0.5354025218234724,0.6371061843640606
SwinIR-lite (L1),BraTS2021_00002,32.162296,0.9872265458106995,0.076100826,0.8914858096828047,0.6365503080082136,0.7114252061248527
SwinIR-lite (L1),BraTS2021_00002,32.096478,0.9885798096656799,0.07441656,0.8984602580108199,0.5878048780487805,0.6442953020134228
SwinIR-lite (L1),BraTS2021_00002,32.255695,0.9876003265380859,0.07575329,0.9098574583416984,0.8244444444444444,0.8137254901960784
SwinIR-lite (L1),BraTS2021_00002,32.00006,0.9873946905136108,0.076401494,0.927634194831014,0.8411458333333334,0.8162692847124825
SwinIR-lite (L1),BraTS2021_00002,32.06166,0.9866942167282104,0.07684543,0.9270559709032128,0.8815977175463623,0.846875
SwinIR-lite (L1),BraTS2021_00002,32.05918,0.9872043132781982,0.0762742,0.9528170416086005,0.8711256117455138,0.840630472854641
SwinIR-lite (L1),BraTS2021_00002,31.988401,0.9845713376998901,0.07950028,0.9524408129059292,0.8187134502923976,0.8088531187122736
SwinIR-lite (L1),BraTS2021_00002,32.21749,0.9863478541374207,0.07714963,0.9625735912531539,0.7019230769230769,0.7052896725440806
SwinIR-lite (L1),BraTS2021_00002,32.013947,0.9833582043647766,0.08107253,0.9581105169340464,0.7164179104477612,0.7307692307692307
SwinIR-lite (L1),BraTS2021_00002,32.151657,0.9834222197532654,0.07993121,0.9616757914782195,0.7116104868913857,0.7380952380952381
SwinIR-lite (L1),BraTS2021_00002,31.640476,0.9790376424789429,0.08684339,0.9587654945610928,0.6785714285714286,0.6706586826347305
SwinIR-lite (L1),BraTS2021_00002,31.788967,0.9823556542396545,0.08455246,0.9666487358795051,0.3055555555555556,0.3055555555555556
SwinIR-lite (L1),BraTS2021_00002,31.733027,0.981784999370575,0.0857307,0.9603603603603603,0.0,0.0
SwinIR-lite (L1),BraTS2021_00002,31.365202,0.9792290925979614,0.08996444,0.9700953006901084,nan,nan
SwinIR-lite (L1),BraTS2021_00002,31.524752,0.9797253608703613,0.08893967,0.9762513701132627,nan,nan
SwinIR-lite (L1),BraTS2021_00002,31.286045,0.9798880219459534,0.09146689,0.9742165807219357,nan,nan
SwinIR-lite (L1),BraTS2021_00002,31.408798,0.978633463382721,0.0938368,0.968548039638087,nan,nan
SwinIR-lite (L1),BraTS2021_00002,31.00552,0.9779722094535828,0.09543098,0.9630723781388478,nan,nan
SwinIR-lite (L1),BraTS2021_00002,30.851147,0.9750934839248657,0.100132816,0.9559888579387187,nan,nan
SwinIR-lite (L1),BraTS2021_00002,30.90393,0.9769442081451416,0.09953049,0.9486166007905138,nan,nan
SwinIR-lite (L1),BraTS2021_00002,30.414745,0.9717592000961304,0.109083824,0.9461400359066428,nan,nan
SwinIR-lite (L1),BraTS2021_00002,30.373707,0.9738916158676147,0.10852309,0.9184549356223176,nan,nan
SwinIR-lite (L1),BraTS2021_00002,30.64602,0.9742753505706787,0.10798089,0.9685714285714285,nan,nan
SwinIR-lite (L1),BraTS2021_00002,30.31382,0.9714481234550476,0.115747176,0.90625,nan,nan
SwinIR-lite (L1),BraTS2021_00002,30.331936,0.9710118770599365,0.11521109,0.8482490272373541,nan,nan
SwinIR-lite (L1),BraTS2021_00003,32.21684,0.9762096405029297,0.09912116,0.0,0.0,0.0
SwinIR-lite (L1),BraTS2021_00003,32.247078,0.9768071174621582,0.09760471,0.0,0.0,0.0
SwinIR-lite (L1),BraTS2021_00003,32.055996,0.9779990315437317,0.097503856,0.7191011235955056,0.7346153846153847,0.7346153846153847
SwinIR-lite (L1),BraTS2021_00003,32.003902,0.979283332824707,0.094788656,0.8788598574821853,0.8772378516624041,0.87146529562982
SwinIR-lite (L1),BraTS2021_00003,32.143562,0.9800589084625244,0.09383164,0.922930542340628,0.9201680672268907,0.8571428571428571
SwinIR-lite (L1),BraTS2021_00003,32.26311,0.980728030204773,0.09115441,0.9372128637059725,0.9394205443371378,0.8744769874476988
SwinIR-lite (L1),BraTS2021_00003,32.37016,0.9809989333152771,0.08879099,0.9158878504672897,0.8944,0.8108108108108109
SwinIR-lite (L1),BraTS2021_00003,32.616817,0.9802865386009216,0.08841505,0.9297227595099935,0.9298123697011814,0.8322639780018332
SwinIR-lite (L1),BraTS2021_00003,32.67394,0.9802882671356201,0.08859871,0.9521061742642816,0.9141742522756827,0.8612354521038496
SwinIR-lite (L1),BraTS2021_00003,32.763046,0.9811869263648987,0.084746994,0.9183266932270916,0.9552071668533034,0.8631950573698146
SwinIR-lite (L1),BraTS2021_00003,32.71626,0.9808793067932129,0.08681563,0.9475890985324947,0.9470404984423676,0.83375104427736
SwinIR-lite (L1),BraTS2021_00003,33.10647,0.9812962412834167,0.08431307,0.9358600583090378,0.95968534906588,0.8400328137817884
SwinIR-lite (L1),BraTS2021_00003,33.082375,0.9830463528633118,0.07997875,0.9522272433828276,0.96875,0.8800721370604148
SwinIR-lite (L1),BraTS2021_00003,33.250237,0.9827960729598999,0.081664346,0.9629848978383181,0.9525919361984936,0.8448275862068966
SwinIR-lite (L1),BraTS2021_00003,33.008278,0.981569230556488,0.08179221,0.9808988764044944,0.9588922544353093,0.8693333333333333
SwinIR-lite (L1),BraTS2021_00003,33.031128,0.9833515882492065,0.07993329,0.9699367088607594,0.9598326359832636,0.8563734290843806
SwinIR-lite (L1),BraTS2021_00003,32.667496,0.9832673072814941,0.08067376,0.9705134722928317,0.9635459817729909,0.8352490421455939
SwinIR-lite (L1),BraTS2021_00003,32.890953,0.9836018681526184,0.08018403,0.9735475896168109,0.9558232931726908,0.8327137546468402
SwinIR-lite (L1),BraTS2021_00003,32.950436,0.9842844605445862,0.078444734,0.9825665859564164,0.9626984126984127,0.8255159474671669
SwinIR-lite (L1),BraTS2021_00003,32.85897,0.983275830745697,0.080306955,0.9717381064531324,0.9406875708349074,0.7962166809974205
SwinIR-lite (L1),BraTS2021_00003,32.777622,0.9828177690505981,0.082810216,0.9686702251102344,0.9503491078355314,0.8028673835125448
SwinIR-lite (L1),BraTS2021_00003,32.631516,0.98316890001297,0.08078667,0.9672351885098743,0.9308687615526802,0.7877320419693301
SwinIR-lite (L1),BraTS2021_00003,32.19721,0.9830657839775085,0.08405545,0.9725542275343072,0.9502637528259231,0.8282009724473258
SwinIR-lite (L1),BraTS2021_00003,32.286354,0.9839443564414978,0.08245834,0.9704476314645806,0.9437293122471497,0.8345642540620384
SwinIR-lite (L1),BraTS2021_00003,32.157665,0.9852771162986755,0.081916034,0.9803341086910552,0.9676470588235294,0.896
SwinIR-lite (L1),BraTS2021_00003,32.388306,0.9843193888664246,0.08150389,0.984794834409498,0.9752367079388201,0.9073806078147613
SwinIR-lite (L1),BraTS2021_00003,32.44713,0.9855009913444519,0.080336474,0.9799716771191584,0.9734448890505638,0.897381457891012
SwinIR-lite (L1),BraTS2021_00003,32.196346,0.9827881455421448,0.08372851,0.9759644516259341,0.9672489082969432,0.8895144264602393
SwinIR-lite (L1),BraTS2021_00003,32.32038,0.9836781024932861,0.08288695,0.9781138081973737,0.9763837638376384,0.8992460589444825
SwinIR-lite (L1),BraTS2021_00003,32.27204,0.9851140379905701,0.08312304,0.9816118935837246,0.9583963691376702,0.8672566371681416
SwinIR-lite (L1),BraTS2021_00003,32.20143,0.9841236472129822,0.08394033,0.9778640776699029,0.9471639471639471,0.8544726301735648
SwinIR-lite (L1),BraTS2021_00003,31.941494,0.9845319986343384,0.08406142,0.9787896477913991,0.9748660898228265,0.8875968992248062
SwinIR-lite (L1),BraTS2021_00003,31.95234,0.9844768643379211,0.08430037,0.9794334497477687,0.9742695159180114,0.8982540638169777
SwinIR-lite (L1),BraTS2021_00003,32.138897,0.9847303628921509,0.0839092,0.9826703426545884,0.9686635944700461,0.9039145907473309
SwinIR-lite (L1),BraTS2021_00003,31.799248,0.9832872152328491,0.0875616,0.9829578844270324,0.9595660749506904,0.9020332717190388
SwinIR-lite (L1),BraTS2021_00003,32.06291,0.985139012336731,0.08544224,0.9802749551703527,0.9539978094194962,0.899931926480599
SwinIR-lite (L1),BraTS2021_00003,31.759464,0.9813255071640015,0.09284692,0.98128727123175,0.9533799533799534,0.9093425605536333
SwinIR-lite (L1),BraTS2021_00003,31.496132,0.982449471950531,0.09263889,0.97571189279732,0.9415584415584416,0.8940298507462686
SwinIR-lite (L1),BraTS2021_00003,31.428335,0.9828377962112427,0.092537895,0.9730769230769231,0.9550794747753973,0.9233152594887684
SwinIR-lite (L1),BraTS2021_00003,31.388845,0.9803265333175659,0.095612876,0.9684304135171187,0.963302752293578,0.9375
SwinIR-lite (L1),BraTS2021_00003,31.439123,0.9808648228645325,0.09633112,0.9703516433003907,0.9014869888475836,0.9004926108374385
SwinIR-lite (L1),BraTS2021_00003,31.114986,0.9820171594619751,0.09799899,0.9733893557422969,0.8738069989395546,0.8738069989395546
SwinIR-lite (L1),BraTS2021_00003,30.858074,0.9817586541175842,0.10008931,0.9742243436754177,0.925575101488498,0.925575101488498
SwinIR-lite (L1),BraTS2021_00003,30.499008,0.9789249897003174,0.10771637,0.9691542288557214,0.8822605965463108,0.8822605965463108
SwinIR-lite (L1),BraTS2021_00003,30.552002,0.9765720367431641,0.11212927,0.9586909871244635,0.895397489539749,0.895397489539749
SwinIR-lite (L1),BraTS2021_00003,30.65198,0.9797433614730835,0.11044209,0.9552407932011332,0.8923076923076924,0.8923076923076924
SwinIR-lite (L1),BraTS2021_00003,30.633411,0.9812655448913574,0.11042297,0.9084529505582137,0.0,0.0
SwinIR-lite (L1),BraTS2021_00003,30.511791,0.9805020093917847,0.11556366,0.9177897574123989,0.0,0.0
SwinIR-lite (L1),BraTS2021_00003,30.705685,0.9825360774993896,0.11307027,0.9367001037703216,nan,nan
SwinIR-lite (L1),BraTS2021_00003,30.16426,0.9809848666191101,0.12193958,0.9543712991988854,nan,nan
SwinIR-lite (L1),BraTS2021_00003,30.33094,0.9831375479698181,0.121365584,0.9575342465753425,nan,nan
SwinIR-lite (L1),BraTS2021_00003,30.4764,0.9830766320228577,0.1246662,0.9463629684055841,nan,nan
SwinIR-lite (L1),BraTS2021_00003,30.50552,0.9825589060783386,0.13253585,0.9385295299316995,nan,nan
SwinIR-lite (L1),BraTS2021_00003,30.457226,0.9817044734954834,0.14059441,0.9542084605320541,nan,nan
SwinIR-lite (L1),BraTS2021_00003,30.486164,0.9824963212013245,0.14410245,0.9673140691615348,nan,nan
SwinIR-lite (L1),BraTS2021_00003,30.67566,0.9811123609542847,0.1563544,0.9448568398727466,nan,nan
SwinIR-lite (L1),BraTS2021_00003,31.031826,0.9804196953773499,0.16758552,0.9322381930184805,nan,nan
SwinIR-lite (L1),BraTS2021_00003,31.721142,0.9794595241546631,0.17945439,0.8564167725540025,nan,nan
SwinIR-lite (L1),BraTS2021_00008,29.152945,0.9655787348747253,0.1174549,0.0,nan,nan
SwinIR-lite (L1),BraTS2021_00008,29.467249,0.9684633612632751,0.114641175,0.0,nan,nan
SwinIR-lite (L1),BraTS2021_00008,29.25462,0.9663091897964478,0.11476472,0.488135593220339,nan,nan
SwinIR-lite (L1),BraTS2021_00008,29.587831,0.9686848521232605,0.111917876,0.7568807339449541,nan,nan
SwinIR-lite (L1),BraTS2021_00008,29.458412,0.969184935092926,0.11164886,0.6722338204592901,nan,nan
SwinIR-lite (L1),BraTS2021_00008,29.189894,0.9655213952064514,0.113119826,0.6323809523809524,nan,nan
SwinIR-lite (L1),BraTS2021_00008,29.240726,0.9649866223335266,0.11176155,0.8380386329866271,nan,nan
SwinIR-lite (L1),BraTS2021_00008,29.511044,0.9668430685997009,0.109347664,0.8870967741935484,nan,nan
SwinIR-lite (L1),BraTS2021_00008,29.3534,0.966159999370575,0.10998087,0.957983193277311,nan,nan
SwinIR-lite (L1),BraTS2021_00008,29.436266,0.9635177850723267,0.109967805,0.9569377990430622,nan,nan
SwinIR-lite (L1),BraTS2021_00008,29.709152,0.9636028409004211,0.10909526,0.9453302961275627,nan,nan
SwinIR-lite (L1),BraTS2021_00008,30.017729,0.96555495262146,0.105429806,0.9261430246189918,0.0,0.0
SwinIR-lite (L1),BraTS2021_00008,30.12971,0.9689944982528687,0.10292585,0.96529284164859,0.0,0.0
SwinIR-lite (L1),BraTS2021_00008,30.11855,0.9701628684997559,0.101179495,0.9678756476683937,0.0,0.0
SwinIR-lite (L1),BraTS2021_00008,30.180958,0.968757152557373,0.10234757,0.9493670886075949,0.0,0.0
SwinIR-lite (L1),BraTS2021_00008,30.091396,0.969601035118103,0.10018325,0.951974386339381,nan,nan
SwinIR-lite (L1),BraTS2021_00008,30.468128,0.972012996673584,0.09745069,0.9440860215053763,nan,nan
SwinIR-lite (L1),BraTS2021_00008,30.328655,0.9676231741905212,0.100528196,0.9382448537378115,nan,nan
SwinIR-lite (L1),BraTS2021_00008,30.382078,0.9697864651679993,0.09826502,0.8891402714932126,nan,nan
SwinIR-lite (L1),BraTS2021_00008,30.441498,0.9700921773910522,0.09660705,0.933184855233853,nan,nan
SwinIR-lite (L1),BraTS2021_00008,30.353813,0.9664347171783447,0.100452915,0.9129943502824859,nan,nan
SwinIR-lite (L1),BraTS2021_00008,30.566084,0.9657766819000244,0.09867545,0.9198606271777003,nan,nan
SwinIR-lite (L1),BraTS2021_00008,30.403032,0.9606478810310364,0.10205759,0.945054945054945,nan,nan
SwinIR-lite (L1),BraTS2021_00008,30.32988,0.9612302780151367,0.10077957,0.9445910290237467,nan,nan
SwinIR-lite (L1),BraTS2021_00008,30.499857,0.9664972424507141,0.09820777,0.8928046989720999,nan,nan
SwinIR-lite (L1),BraTS2021_00008,30.504904,0.9646683931350708,0.0985662,0.8,nan,nan
SwinIR-lite (L1),BraTS2021_00008,30.776352,0.9675776362419128,0.09672545,0.6793650793650794,nan,nan
SwinIR-lite (L1),BraTS2021_00008,30.670221,0.9679000973701477,0.0968007,0.6411149825783972,nan,nan
SwinIR-lite (L1),BraTS2021_00008,30.605282,0.9678567051887512,0.09739825,0.7495961227786753,nan,nan
SwinIR-lite (L1),BraTS2021_00008,30.701315,0.9729253649711609,0.093989074,0.5129310344827587,nan,nan
SwinIR-lite (L1),BraTS2021_00008,30.73122,0.9723462462425232,0.093737245,0.509915014164306,nan,nan
SwinIR-lite (L1),BraTS2021_00008,30.697138,0.9727364182472229,0.09356995,0.8250825082508251,nan,nan
SwinIR-lite (L1),BraTS2021_00009,27.969166,0.9664393067359924,0.11580451,nan,nan,nan
SwinIR-lite (L1),BraTS2021_00009,28.018644,0.9675723314285278,0.11548203,nan,nan,nan
SwinIR-lite (L1),BraTS2021_00009,28.065533,0.9681417346000671,0.115025476,nan,nan,nan
SwinIR-lite (L1),BraTS2021_00009,28.097683,0.9682581424713135,0.11396994,nan,nan,nan
SwinIR-lite (L1),BraTS2021_00009,28.252758,0.9690132141113281,0.11360573,nan,nan,nan
SwinIR-lite (L1),BraTS2021_00009,28.283634,0.9679948687553406,0.11438939,nan,nan,nan
SwinIR-lite (L1),BraTS2021_00009,28.357609,0.9672216773033142,0.1156082,nan,nan,nan
SwinIR-lite (L1),BraTS2021_00009,28.121475,0.9675487875938416,0.114700936,nan,nan,nan
SwinIR-lite (L1),BraTS2021_00009,28.143452,0.9684975743293762,0.11482436,nan,nan,nan
SwinIR-lite (L1),BraTS2021_00009,28.164745,0.9719477891921997,0.11030935,nan,nan,nan
SwinIR-lite (L1),BraTS2021_00009,28.324772,0.9690679311752319,0.11327629,0.0,0.0,0.0
SwinIR-lite (L1),BraTS2021_00009,28.400902,0.9699505567550659,0.11204447,0.0,0.0,0.0
SwinIR-lite (L1),BraTS2021_00009,28.094967,0.9716306328773499,0.10998569,nan,nan,nan
SwinIR-lite (L1),BraTS2021_00009,28.518694,0.9715619087219238,0.10816478,nan,nan,nan
SwinIR-lite (L1),BraTS2021_00009,28.179115,0.9683636426925659,0.11355714,nan,nan,nan
SwinIR-lite (L1),BraTS2021_00009,28.21313,0.9690853953361511,0.11201217,nan,nan,nan
SwinIR-lite (L1),BraTS2021_00009,28.277437,0.9709035158157349,0.110840194,nan,nan,nan
SwinIR-lite (L1),BraTS2021_00009,28.347694,0.9713995456695557,0.10976862,0.0,nan,nan
SwinIR-lite (L1),BraTS2021_00009,28.1092,0.9696712493896484,0.11133197,0.0,nan,nan
SwinIR-lite (L1),BraTS2021_00009,28.151451,0.9697884321212769,0.11102253,nan,nan,nan
SwinIR-lite (L1),BraTS2021_00009,28.245543,0.9686571955680847,0.11291683,nan,nan,nan
SwinIR-lite (L1),BraTS2021_00009,28.241394,0.9716223478317261,0.108641006,nan,nan,nan
SwinIR-lite (L1),BraTS2021_00009,28.584454,0.9745974540710449,0.10427628,nan,nan,nan
SwinIR-lite (L1),BraTS2021_00009,28.482937,0.9735037684440613,0.10703923,nan,nan,nan
SwinIR-lite (L1),BraTS2021_00009,28.542177,0.9724715948104858,0.10659732,nan,nan,nan
SwinIR-lite (L1),BraTS2021_00009,28.821766,0.9762617349624634,0.10189984,0.0,nan,nan
SwinIR-lite (L1),BraTS2021_00009,29.110256,0.9776999354362488,0.09890087,0.0,nan,nan
SwinIR-lite (L1),BraTS2021_00009,29.119883,0.9768438935279846,0.098554805,0.0,nan,nan
SwinIR-lite (L1),BraTS2021_00009,29.015219,0.9774160385131836,0.09693187,0.6075949367088608,nan,nan
SwinIR-lite (L1),BraTS2021_00009,28.852589,0.975364089012146,0.10142269,0.7763975155279503,nan,nan
SwinIR-lite (L1),BraTS2021_00009,29.167686,0.9776518940925598,0.09586556,0.5476190476190477,nan,nan
SwinIR-lite (L1),BraTS2021_00009,28.987606,0.9746096730232239,0.100225665,0.0,nan,nan
SwinIR-lite (L1),BraTS2021_00009,28.907104,0.973639965057373,0.10053984,0.7724137931034483,nan,nan
SwinIR-lite (L1),BraTS2021_00009,29.205704,0.9750897288322449,0.099810824,0.6306913996627319,nan,nan
SwinIR-lite (L1),BraTS2021_00009,29.145016,0.9779738187789917,0.09542222,0.7770177838577291,nan,nan
SwinIR-lite (L1),BraTS2021_00009,28.751963,0.9759184122085571,0.09955628,0.875406283856988,nan,nan
SwinIR-lite (L1),BraTS2021_00009,28.886284,0.9769912362098694,0.09681284,0.8912621359223301,nan,nan
SwinIR-lite (L1),BraTS2021_00009,28.723167,0.9746411442756653,0.10006288,0.910856134157105,nan,nan
SwinIR-lite (L1),BraTS2021_00009,28.684887,0.9746562838554382,0.10234878,0.9480415667466027,0.4918032786885246,0.4918032786885246
SwinIR-lite (L1),BraTS2021_00009,28.65712,0.9762659072875977,0.100188576,0.961038961038961,0.7951807228915663,0.7951807228915663
SwinIR-lite (L1),BraTS2021_00009,28.526995,0.973954439163208,0.10270077,0.9325058184639256,0.7949790794979079,0.7949790794979079
SwinIR-lite (L1),BraTS2021_00009,28.387875,0.9721406698226929,0.1061745,0.9597014925373134,0.8863636363636364,0.84251968503937
SwinIR-lite (L1),BraTS2021_00009,28.02849,0.9719594717025757,0.107723154,0.9566539923954372,0.9144736842105263,0.8214285714285714
SwinIR-lite (L1),BraTS2021_00009,27.804104,0.9705073833465576,0.10963782,0.954369682907966,0.8909657320872274,0.8028169014084507
SwinIR-lite (L1),BraTS2021_00009,27.63897,0.9690232872962952,0.11410738,0.9649259547934529,0.8975069252077562,0.7834394904458599
SwinIR-lite (L1),BraTS2021_00009,27.708088,0.9650722742080688,0.119179934,0.9552481692432873,0.7864406779661017,0.7829787234042553
SwinIR-lite (L1),BraTS2021_00009,27.715107,0.9649664163589478,0.119599536,0.9463986599664992,0.8146067415730337,0.6666666666666666
SwinIR-lite (L1),BraTS2021_00009,27.573946,0.9668298959732056,0.11816495,0.9282550930026572,0.8695652173913043,0.7709923664122137
SwinIR-lite (L1),BraTS2021_00009,27.09077,0.9660338759422302,0.12213943,0.9606587374199451,0.9,0.7322033898305085
SwinIR-lite (L1),BraTS2021_00009,27.526579,0.9645785093307495,0.1242199,0.9063829787234042,0.8780487804878049,0.7739463601532567
SwinIR-lite (L1),BraTS2021_00009,27.322956,0.9631523489952087,0.124952756,0.8920863309352518,0.92018779342723,0.8942307692307693
SwinIR-lite (L1),BraTS2021_00009,26.993034,0.9639780521392822,0.1290762,0.9396662387676509,0.8111888111888111,0.8111888111888111
SwinIR-lite (L1),BraTS2021_00009,27.179277,0.964229941368103,0.12907189,0.9134328358208955,0.33962264150943394,0.33962264150943394
SwinIR-lite (L1),BraTS2021_00009,26.844688,0.9634994268417358,0.13247354,0.8785046728971962,0.0,0.0
SwinIR-lite (L1),BraTS2021_00009,27.04216,0.9660273790359497,0.13201216,0.7647058823529411,nan,nan
SwinIR-lite (L1),BraTS2021_00009,26.909023,0.9673083424568176,0.13397259,0.8184438040345822,nan,nan
SwinIR-lite (L1),BraTS2021_00014,32.252354,0.9847545027732849,0.14584759,0.0,nan,nan
SwinIR-lite (L1),BraTS2021_00014,32.1481,0.9862599968910217,0.13608477,0.0,nan,nan
SwinIR-lite (L1),BraTS2021_00014,31.857292,0.9855689406394958,0.13697547,0.0,nan,nan
SwinIR-lite (L1),BraTS2021_00014,31.61499,0.9862599968910217,0.13196808,0.01892744479495268,nan,nan
SwinIR-lite (L1),BraTS2021_00014,31.557915,0.9862712025642395,0.13018838,0.0,nan,nan
SwinIR-lite (L1),BraTS2021_00014,31.987522,0.9869275689125061,0.12443087,0.0,nan,nan
SwinIR-lite (L1),BraTS2021_00014,31.537172,0.9867856502532959,0.12482506,0.038461538461538464,nan,nan
SwinIR-lite (L1),BraTS2021_00014,31.25309,0.9856451749801636,0.12880258,0.2878228782287823,nan,nan
SwinIR-lite (L1),BraTS2021_00014,31.405853,0.9864311218261719,0.12337806,0.4340659340659341,0.0,0.0
SwinIR-lite (L1),BraTS2021_00014,30.855532,0.9856276512145996,0.12587065,0.5511627906976744,0.0,0.0
SwinIR-lite (L1),BraTS2021_00014,30.358082,0.9838266968727112,0.1289688,0.42093023255813955,0.0,0.0
SwinIR-lite (L1),BraTS2021_00014,30.102104,0.9825388193130493,0.13037853,0.7865353037766831,0.0,0.0
SwinIR-lite (L1),BraTS2021_00014,29.885593,0.9811039566993713,0.12803079,0.6200873362445415,0.0,0.0
SwinIR-lite (L1),BraTS2021_00014,29.632381,0.9797211289405823,0.1267843,0.8483660130718954,0.6875,0.6875
SwinIR-lite (L1),BraTS2021_00014,29.67251,0.9786617159843445,0.12388277,0.8457538994800693,0.043478260869565216,0.043478260869565216
SwinIR-lite (L1),BraTS2021_00014,29.383154,0.9787214994430542,0.11966018,0.8812260536398467,0.6352941176470588,0.6352941176470588
SwinIR-lite (L1),BraTS2021_00014,29.348251,0.9763031005859375,0.12044076,0.8626198083067093,0.05970149253731343,0.05970149253731343
SwinIR-lite (L1),BraTS2021_00014,29.31269,0.9742048382759094,0.118428245,0.7900552486187845,0.0,0.0
SwinIR-lite (L1),BraTS2021_00014,29.350658,0.9742071628570557,0.1141531,0.6405307599517491,0.36666666666666664,0.36666666666666664
SwinIR-lite (L1),BraTS2021_00014,29.284584,0.9749234318733215,0.11035692,0.836901121304791,0.3952569169960474,0.3952569169960474
SwinIR-lite (L1),BraTS2021_00014,29.352692,0.9726665616035461,0.11003211,0.6131639722863741,0.018957345971563982,0.01904761904761905
SwinIR-lite (L1),BraTS2021_00014,29.214785,0.9742848873138428,0.10708742,0.848735632183908,0.34854771784232363,0.3416666666666667
SwinIR-lite (L1),BraTS2021_00014,29.461666,0.9727498292922974,0.10742759,0.7992633517495396,0.5469387755102041,0.5469387755102041
SwinIR-lite (L1),BraTS2021_00014,29.199364,0.9698043465614319,0.107412174,0.6980126030053321,0.6992481203007519,0.6992481203007519
SwinIR-lite (L1),BraTS2021_00014,29.323198,0.9696264863014221,0.10520225,0.5905680600214362,0.7294117647058823,0.7294117647058823
SwinIR-lite (L1),BraTS2021_00014,29.373432,0.9673576951026917,0.10558448,0.509009009009009,0.3333333333333333,0.3333333333333333
SwinIR-lite (L1),BraTS2021_00014,29.478226,0.9693105220794678,0.10259291,0.5606557377049181,0.7387387387387387,0.7387387387387387
SwinIR-lite (L1),BraTS2021_00014,29.343918,0.9698269367218018,0.10157842,0.5858369098712446,0.4823529411764706,0.4823529411764706
SwinIR-lite (L1),BraTS2021_00014,29.646149,0.9675139784812927,0.10184058,0.35510462904248574,0.0,0.0
SwinIR-lite (L1),BraTS2021_00014,29.508633,0.9698525071144104,0.099663235,0.3830049261083744,0.0,0.0
SwinIR-lite (L1),BraTS2021_00014,29.445099,0.9675416350364685,0.10211604,0.5691404164442072,0.8695652173913043,0.8695652173913043
SwinIR-lite (L1),BraTS2021_00014,29.292496,0.9695265889167786,0.10059625,0.6462311557788945,0.0,0.0
SwinIR-lite (L1),BraTS2021_00014,29.36941,0.9721474051475525,0.098151885,0.6069958847736625,0.0,0.0
SwinIR-lite (L1),BraTS2021_00014,29.540358,0.9742053151130676,0.096943885,0.7308429118773946,nan,nan
SwinIR-lite (L1),BraTS2021_00014,29.469269,0.9733664393424988,0.09881547,0.8301712170291532,nan,nan
SwinIR-lite (L1),BraTS2021_00014,29.33704,0.9733232855796814,0.09878119,0.7005134055904164,nan,nan
SwinIR-lite (L1),BraTS2021_00014,29.61746,0.9714263081550598,0.10092447,0.6843267108167771,nan,nan
SwinIR-lite (L1),BraTS2021_00014,29.49989,0.9741628170013428,0.09709739,0.6910907577019151,nan,nan
SwinIR-lite (L1),BraTS2021_00014,29.627506,0.9750030040740967,0.09794631,0.7655310621242485,nan,nan
SwinIR-lite (L1),BraTS2021_00014,29.728779,0.9782779812812805,0.094053276,0.7673860911270983,nan,nan
SwinIR-lite (L1),BraTS2021_00014,29.74705,0.9783056974411011,0.0935392,0.3991769547325103,nan,nan
SwinIR-lite (L1),BraTS2021_00014,29.850843,0.9785102605819702,0.09180895,0.3426791277258567,nan,nan
SwinIR-lite (L1),BraTS2021_00014,29.992989,0.9780169129371643,0.09339163,0.20920502092050208,nan,nan
SwinIR-lite (L1),BraTS2021_00018,30.477615,0.9755895137786865,0.096705794,0.517814726840855,nan,nan
SwinIR-lite (L1),BraTS2021_00018,30.778387,0.9760243892669678,0.09615381,0.8365276211950394,nan,nan
SwinIR-lite (L1),BraTS2021_00018,30.842695,0.9781718254089355,0.09135759,0.8610885458976442,0.0,0.0
SwinIR-lite (L1),BraTS2021_00018,30.740137,0.9788864850997925,0.09054922,0.8734491315136477,0.0136986301369863,0.0136986301369863
SwinIR-lite (L1),BraTS2021_00018,30.781773,0.978475034236908,0.09180708,0.8760493827160494,0.0,0.0
SwinIR-lite (L1),BraTS2021_00018,30.722275,0.981934130191803,0.08628088,0.948535233570863,0.0,0.0
SwinIR-lite (L1),BraTS2021_00018,31.066725,0.9837718605995178,0.08332703,0.9133356915458083,0.0,0.0
SwinIR-lite (L1),BraTS2021_00018,31.262863,0.9839804172515869,0.08236818,0.9397369226063016,0.0,0.0
SwinIR-lite (L1),BraTS2021_00018,31.197788,0.9859788417816162,0.079172544,0.9660207806795844,0.0,0.0
SwinIR-lite (L1),BraTS2021_00018,31.04128,0.9861335158348083,0.07974241,0.9279955518487628,0.0,0.0
SwinIR-lite (L1),BraTS2021_00018,31.099277,0.9870808720588684,0.078498006,0.903276955602537,0.0,0.0
SwinIR-lite (L1),BraTS2021_00018,30.97347,0.9865006804466248,0.07889057,0.9260247392675236,0.0,0.0
SwinIR-lite (L1),BraTS2021_00018,30.874176,0.9868655800819397,0.07848107,0.925867150306053,0.118,0.1271551724137931
SwinIR-lite (L1),BraTS2021_00018,30.750088,0.9884020090103149,0.07651371,0.9435723377174374,0.2273972602739726,0.26004728132387706
SwinIR-lite (L1),BraTS2021_00018,30.540176,0.9874231815338135,0.08017654,0.9296826384567517,0.29097605893186,0.3368869936034115
SwinIR-lite (L1),BraTS2021_00018,30.632418,0.9872660636901855,0.08074868,0.9152472809357686,0.3072,0.34265318262938727
SwinIR-lite (L1),BraTS2021_00018,30.482752,0.9869866371154785,0.08192693,0.9173471420035849,0.44278169014084506,0.48467322151532677
SwinIR-lite (L1),BraTS2021_00018,30.457787,0.9865446090698242,0.083338924,0.9392898052691867,0.741514360313316,0.6118671747414263
SwinIR-lite (L1),BraTS2021_00018,30.279472,0.987266480922699,0.082359314,0.9540377220289324,0.8014660965180208,0.5097560975609756
SwinIR-lite (L1),BraTS2021_00018,30.313229,0.9882481098175049,0.07946451,0.907496561210454,0.7144827586206897,0.415819209039548
SwinIR-lite (L1),BraTS2021_00018,30.482105,0.9880755543708801,0.07939151,0.8998357963875205,0.5948051948051948,0.29063756461803564
SwinIR-lite (L1),BraTS2021_00018,30.379726,0.9880456924438477,0.07926563,0.9281437125748503,0.6944908180300501,0.35044997353096874
SwinIR-lite (L1),BraTS2021_00018,30.297668,0.986937403678894,0.08097809,0.9270532222411154,0.676949443016281,0.4510357815442561
SwinIR-lite (L1),BraTS2021_00018,30.084505,0.9869682788848877,0.08101562,0.9315982649315983,0.6016973953760608,0.3554006968641115
SwinIR-lite (L1),BraTS2021_00018,30.187447,0.9860042333602905,0.08390098,0.9311903566047213,0.6466760961810467,0.4036016949152542
SwinIR-lite (L1),BraTS2021_00018,30.19043,0.9859280586242676,0.083350256,0.8682115690783655,0.5072992700729927,0.2545454545454545
SwinIR-lite (L1),BraTS2021_00018,30.212175,0.9855963587760925,0.082335144,0.9217303484261908,0.6664926931106472,0.4091954022988506
SwinIR-lite (L1),BraTS2021_00018,30.231968,0.9846264719963074,0.08346482,0.9394793566572708,0.6851174934725849,0.4547970479704797
SwinIR-lite (L1),BraTS2021_00018,30.384365,0.9843130111694336,0.0838911,0.879027997886952,0.5644838432942522,0.39231148348940365
SwinIR-lite (L1),BraTS2021_00018,30.684532,0.9827418923377991,0.084241174,0.8975473995477474,0.6312817617165444,0.5293560606060606
SwinIR-lite (L1),BraTS2021_00018,30.327175,0.9837028980255127,0.08267193,0.9070619006102877,0.5978260869565217,0.42857142857142855
SwinIR-lite (L1),BraTS2021_00018,30.57798,0.9818477034568787,0.08376186,0.9590818363273453,0.6480173818576861,0.46072289156626506
SwinIR-lite (L1),BraTS2021_00018,30.642006,0.9829943776130676,0.081721775,0.9511215266153331,0.6598046978094484,0.39893617021276595
SwinIR-lite (L1),BraTS2021_00018,30.72237,0.9840734004974365,0.080454245,0.9331973482916879,0.5278265963678969,0.4394366197183099
SwinIR-lite (L1),BraTS2021_00018,30.872742,0.9832298755645752,0.081610546,0.9292791253843525,0.4897709923664122,0.41296060991105465
SwinIR-lite (L1),BraTS2021_00018,30.64728,0.9827667474746704,0.08071242,0.9342619330728724,0.46111451316595226,0.3930704898446834
SwinIR-lite (L1),BraTS2021_00018,30.906147,0.9846793413162231,0.07871611,0.9697170279662419,0.553540081919251,0.5011185682326622
SwinIR-lite (L1),BraTS2021_00018,31.047485,0.984603762626648,0.07862648,0.9499659632402995,0.15494546822113575,0.24246311738293777
SwinIR-lite (L1),BraTS2021_00018,30.799196,0.9841739535331726,0.07955264,0.9531652084405559,0.30145751866334874,0.37538461538461537
SwinIR-lite (L1),BraTS2021_00018,31.044333,0.9840530753135681,0.080273375,0.9254999115200849,0.3735191637630662,0.36158861885002963
SwinIR-lite (L1),BraTS2021_00018,30.928795,0.9847737550735474,0.080024295,0.9388406310937777,0.25755287009063443,0.30410790925812387
SwinIR-lite (L1),BraTS2021_00018,30.71932,0.982033908367157,0.08431269,0.9132821075740944,0.4696517412935323,0.3399122807017544
SwinIR-lite (L1),BraTS2021_00018,30.51183,0.9831765294075012,0.08355853,0.9350507982583455,0.8070175438596491,0.49074074074074076
SwinIR-lite (L1),BraTS2021_00018,30.45097,0.9809087514877319,0.08746925,0.936247723132969,0.8361708065866592,0.5507246376811594
SwinIR-lite (L1),BraTS2021_00018,30.314215,0.9802165627479553,0.08931918,0.9456821948075861,0.802487414865265,0.5433766233766234
SwinIR-lite (L1),BraTS2021_00018,30.494198,0.9816073179244995,0.08781342,0.944359171143515,0.6240981240981242,0.31277258566978194
SwinIR-lite (L1),BraTS2021_00018,30.512236,0.9807400703430176,0.09047591,0.9027380465876583,0.4876595744680851,0.271505376344086
SwinIR-lite (L1),BraTS2021_00018,30.503815,0.9816715717315674,0.09077503,0.9160810252170318,0.3405511811023622,0.20316027088036118
SwinIR-lite (L1),BraTS2021_00018,30.430904,0.9822253584861755,0.09081784,0.89993626513703,0.26644736842105265,0.23030303030303031
SwinIR-lite (L1),BraTS2021_00018,30.31809,0.9818503260612488,0.09285032,0.8425452856479331,0.03089887640449438,0.04531410916580844
SwinIR-lite (L1),BraTS2021_00018,30.391125,0.9809492826461792,0.09653232,0.8353596757852076,0.09179834462001504,0.12423625254582485
SwinIR-lite (L1),BraTS2021_00018,30.277256,0.9813547134399414,0.0978476,0.8353953738569123,0.07993338884263114,0.11165048543689321
SwinIR-lite (L1),BraTS2021_00018,30.186047,0.9809039235115051,0.100402474,0.7904157043879908,0.0,0.0
SwinIR-lite (L1),BraTS2021_00018,30.134998,0.9807102084159851,0.103378,0.8258675078864354,0.004098360655737705,0.002785515320334262
SwinIR-lite (L1),BraTS2021_00018,30.343498,0.9801893830299377,0.10460983,0.7396860167944506,0.18379446640316205,0.19185282522996058
SwinIR-lite (L1),BraTS2021_00018,30.380508,0.981689453125,0.103826255,0.7673003802281368,0.0022935779816513763,0.002881844380403458
SwinIR-lite (L1),BraTS2021_00018,30.509245,0.9821045994758606,0.10465375,0.6744588744588744,0.0,0.0
SwinIR-lite (L1),BraTS2021_00018,30.787731,0.9829592704772949,0.10583785,0.7529518619436876,0.08695652173913043,0.09195402298850575
SwinIR-lite (L1),BraTS2021_00018,30.567673,0.9840859174728394,0.105179854,0.7755543537047053,0.26356589147286824,0.26356589147286824
SwinIR-lite (L1),BraTS2021_00018,30.377932,0.9828861951828003,0.11206715,0.7695262483994878,0.49411764705882355,0.49411764705882355
SwinIR-lite (L1),BraTS2021_00018,30.514677,0.9827322959899902,0.114301436,0.7351598173515982,0.0,0.0
SwinIR-lite (L1),BraTS2021_00018,30.598083,0.9835411906242371,0.11428315,0.7645951035781544,nan,nan
SwinIR-lite (L1),BraTS2021_00018,30.709167,0.9826949834823608,0.119650945,0.756838905775076,nan,nan
SwinIR-lite (L1),BraTS2021_00018,30.839548,0.9831110835075378,0.12225431,0.7731958762886598,nan,nan
SwinIR-lite (L1),BraTS2021_00019,32.319016,0.9812977313995361,0.11086534,0.3742690058479532,nan,nan
SwinIR-lite (L1),BraTS2021_00019,31.908691,0.9800902009010315,0.114291035,0.4763271162123386,nan,nan
SwinIR-lite (L1),BraTS2021_00019,32.30114,0.9799533486366272,0.11153272,0.7437185929648241,nan,nan
SwinIR-lite (L1),BraTS2021_00019,31.82956,0.9793663620948792,0.11450076,0.8194343727338651,nan,nan
SwinIR-lite (L1),BraTS2021_00019,31.982647,0.9785969853401184,0.11343949,0.8888888888888888,nan,nan
SwinIR-lite (L1),BraTS2021_00019,31.782555,0.9789249300956726,0.11318478,0.9109263657957245,nan,nan
SwinIR-lite (L1),BraTS2021_00019,31.603537,0.9789148569107056,0.11242717,0.9148393676695563,nan,nan
SwinIR-lite (L1),BraTS2021_00019,31.800499,0.9772821068763733,0.11297363,0.9296435272045028,nan,nan
SwinIR-lite (L1),BraTS2021_00019,31.530312,0.9743506908416748,0.11522933,0.9138755980861244,0.034482758620689655,0.034482758620689655
SwinIR-lite (L1),BraTS2021_00019,31.131784,0.9725578427314758,0.11574687,0.9294512877939529,0.6936416184971098,0.6936416184971098
SwinIR-lite (L1),BraTS2021_00019,31.50652,0.9769259691238403,0.107915,0.9370872436565867,0.6320346320346321,0.5982142857142857
SwinIR-lite (L1),BraTS2021_00019,31.58026,0.9789978861808777,0.10374894,0.9292604501607717,0.19607843137254902,0.23809523809523808
SwinIR-lite (L1),BraTS2021_00019,31.317654,0.9786402583122253,0.10474211,0.946894689468947,0.2127659574468085,0.27624309392265195
SwinIR-lite (L1),BraTS2021_00019,31.358177,0.9786037802696228,0.10452913,0.9273858921161826,0.17049180327868851,0.20553359683794467
SwinIR-lite (L1),BraTS2021_00019,31.585112,0.9771689772605896,0.101877205,0.9263211382113821,0.636734693877551,0.6711711711711712
SwinIR-lite (L1),BraTS2021_00019,31.422531,0.9770475625991821,0.102267325,0.932093023255814,0.4253164556962025,0.5169230769230769
SwinIR-lite (L1),BraTS2021_00019,31.626007,0.9798597097396851,0.09748837,0.9293324635790389,0.24427480916030533,0.33217993079584773
SwinIR-lite (L1),BraTS2021_00019,31.414497,0.9784315824508667,0.09936325,0.9220751031039722,0.4589473684210526,0.5777777777777777
SwinIR-lite (L1),BraTS2021_00019,31.66627,0.9805468916893005,0.09445996,0.9192323070771692,0.6592427616926503,0.6374501992031872
SwinIR-lite (L1),BraTS2021_00019,31.570242,0.9815820455551147,0.0925609,0.9316888045540797,0.7549488054607508,0.7799827437446074
SwinIR-lite (L1),BraTS2021_00019,31.941936,0.9830499291419983,0.0885135,0.9308921199066594,0.7682737169517885,0.749034749034749
SwinIR-lite (L1),BraTS2021_00019,32.012653,0.9841631054878235,0.086709656,0.9415022499134649,0.7736686390532544,0.7829716193656093
SwinIR-lite (L1),BraTS2021_00019,31.91494,0.9848908185958862,0.08499679,0.9449035812672176,0.8333333333333334,0.8485804416403786
SwinIR-lite (L1),BraTS2021_00019,31.905172,0.9862857460975647,0.08416487,0.9502247378058931,0.763898916967509,0.8075412411626081
SwinIR-lite (L1),BraTS2021_00019,32.056602,0.9841938018798828,0.08627866,0.9491012934654796,0.8836601307189542,0.8201892744479495
SwinIR-lite (L1),BraTS2021_00019,32.048893,0.9844878315925598,0.08499074,0.9445668757416511,0.7411944869831547,0.7882256745707277
SwinIR-lite (L1),BraTS2021_00019,32.219795,0.9872574806213379,0.08063387,0.9612119194273347,0.8518253400143164,0.8047138047138047
SwinIR-lite (L1),BraTS2021_00019,32.203262,0.9869128465652466,0.07959635,0.9454545454545454,0.7316636851520573,0.7695274831243973
SwinIR-lite (L1),BraTS2021_00019,32.665752,0.9849441647529602,0.08053741,0.9234755570910347,0.8132075471698114,0.8356713426853707
SwinIR-lite (L1),BraTS2021_00019,32.76551,0.9850618243217468,0.079426385,0.935666313184871,0.6611570247933884,0.7115097159940209
SwinIR-lite (L1),BraTS2021_00019,32.69547,0.9878741502761841,0.076758385,0.9162845984038037,0.3559718969555035,0.37530864197530867
SwinIR-lite (L1),BraTS2021_00019,32.8889,0.9853765368461609,0.08118296,0.9279538904899135,0.16891891891891891,0.1736111111111111
SwinIR-lite (L1),BraTS2021_00019,32.775543,0.9868692755699158,0.07899089,0.9469926824915224,0.16666666666666666,0.17573221757322174
SwinIR-lite (L1),BraTS2021_00019,32.805332,0.9858019351959229,0.078513145,0.9435007385524372,0.0,0.0
SwinIR-lite (L1),BraTS2021_00019,32.591404,0.9851804971694946,0.08236655,0.9469491218540648,0.5991902834008097,0.5666666666666667
SwinIR-lite (L1),BraTS2021_00019,32.607445,0.9865230917930603,0.07915603,0.928754110339788,0.4928909952606635,0.4857142857142857
SwinIR-lite (L1),BraTS2021_00019,32.766006,0.9871865510940552,0.07741747,0.9036639857015192,0.4632768361581921,0.4632768361581921
SwinIR-lite (L1),BraTS2021_00019,32.5977,0.9844672083854675,0.082636215,0.9023408924652524,0.509090909090909,0.6
SwinIR-lite (L1),BraTS2021_00019,32.680794,0.9864082932472229,0.07801669,0.8765598003455558,0.2,0.2
SwinIR-lite (L1),BraTS2021_00019,32.76649,0.9854969382286072,0.08008662,0.900562851782364,0.0,0.0
SwinIR-lite (L1),BraTS2021_00019,32.622402,0.9861738085746765,0.07883038,0.88176124501803,nan,nan
SwinIR-lite (L1),BraTS2021_00019,32.624836,0.984932005405426,0.08071484,0.8696505692972124,nan,nan
SwinIR-lite (L1),BraTS2021_00019,32.938797,0.9851149916648865,0.07864276,0.8949687844289387,0.0,0.0
SwinIR-lite (L1),BraTS2021_00019,32.892063,0.9859786033630371,0.07759719,0.8695310967235629,nan,nan
SwinIR-lite (L1),BraTS2021_00019,32.744072,0.9871184229850769,0.07599626,0.8752978554408261,nan,nan
SwinIR-lite (L1),BraTS2021_00019,32.79586,0.9868301153182983,0.07726995,0.8569606801275239,nan,nan
SwinIR-lite (L1),BraTS2021_00019,32.98402,0.9858908653259277,0.077433,0.8522875816993464,nan,nan
SwinIR-lite (L1),BraTS2021_00019,33.316414,0.9880275726318359,0.07267219,0.835891891891892,nan,nan
SwinIR-lite (L1),BraTS2021_00019,33.017128,0.9846334457397461,0.080379285,0.8153701968134958,nan,nan
SwinIR-lite (L1),BraTS2021_00019,33.176098,0.9867902398109436,0.07570787,0.7894073139974779,nan,nan
SwinIR-lite (L1),BraTS2021_00019,33.311806,0.9858323931694031,0.075551875,0.7584179583110636,nan,nan
SwinIR-lite (L1),BraTS2021_00019,33.636707,0.9869714379310608,0.073780045,0.819359569787338,nan,nan
SwinIR-lite (L1),BraTS2021_00019,33.520077,0.9855340123176575,0.0745652,0.8593155893536122,nan,nan
SwinIR-lite (L1),BraTS2021_00019,33.306454,0.9835892915725708,0.076989874,0.7577092511013216,nan,nan
SwinIR-lite (L1),BraTS2021_00019,33.76617,0.9831894040107727,0.07654773,0.7909774436090226,nan,nan
SwinIR-lite (L1),BraTS2021_00019,33.55963,0.9823983311653137,0.07740678,0.8128276287388221,nan,nan
SwinIR-lite (L1),BraTS2021_00019,33.83586,0.9837839007377625,0.07565005,0.7925824175824175,nan,nan
SwinIR-lite (L1),BraTS2021_00019,33.872955,0.9832887649536133,0.07460904,0.7686676427525623,nan,nan
SwinIR-lite (L1),BraTS2021_00019,33.99467,0.9836505055427551,0.07449584,0.6968641114982579,nan,nan
SwinIR-lite (L1),BraTS2021_00019,34.076015,0.9817796349525452,0.07547775,0.7383720930232558,nan,nan
SwinIR-lite (L1),BraTS2021_00019,34.09256,0.9829373955726624,0.07526884,0.6666666666666666,nan,nan
SwinIR-lite (L1),BraTS2021_00019,33.766415,0.9803150296211243,0.077584624,0.6469175340272217,nan,nan
SwinIR-lite (L1),BraTS2021_00019,33.52627,0.9801934957504272,0.081117705,0.6365280289330922,nan,nan
SwinIR-lite (L1),BraTS2021_00019,33.528572,0.9780345559120178,0.08167976,0.4074074074074074,nan,nan
SwinIR-lite (L1),BraTS2021_00019,33.81074,0.9824675917625427,0.07902016,0.430635838150289,nan,nan
SwinIR-lite (L1),BraTS2021_00019,33.769936,0.9798355102539062,0.079034336,0.691304347826087,nan,nan
SwinIR-lite (L1),BraTS2021_00019,33.78608,0.9806033968925476,0.079318315,0.09944751381215469,nan,nan
SwinIR-lite (L1),BraTS2021_00022,30.147991,0.9749022722244263,0.12098865,0.0,0.0,0.0
SwinIR-lite (L1),BraTS2021_00022,29.907726,0.9730404019355774,0.1251269,0.46153846153846156,0.5806451612903226,0.5517241379310345
SwinIR-lite (L1),BraTS2021_00022,29.27212,0.9664366245269775,0.13145465,0.38509316770186336,0.6451612903225806,0.6
SwinIR-lite (L1),BraTS2021_00022,28.840015,0.9596647620201111,0.13315417,0.0,0.0,0.0
SwinIR-lite (L1),BraTS2021_00022,29.039883,0.9573624134063721,0.12990223,0.006289308176100629,0.0,0.0
SwinIR-lite (L1),BraTS2021_00022,29.124294,0.956433892250061,0.12568685,0.45714285714285713,0.0,0.0
SwinIR-lite (L1),BraTS2021_00022,28.989063,0.9539620280265808,0.12570347,0.6256239600665557,0.0,0.0
SwinIR-lite (L1),BraTS2021_00022,29.352734,0.956783652305603,0.11917039,0.5283582089552239,0.0,0.0
SwinIR-lite (L1),BraTS2021_00022,29.43259,0.957318127155304,0.1190623,0.2634146341463415,0.0,0.0
SwinIR-lite (L1),BraTS2021_00022,29.587902,0.9598786234855652,0.1146323,0.72,0.513595166163142,0.36923076923076925
SwinIR-lite (L1),BraTS2021_00022,29.667328,0.9602018594741821,0.11301942,0.8069533394327539,0.7757201646090535,0.655436447166922
SwinIR-lite (L1),BraTS2021_00022,30.119747,0.9614905714988708,0.10953744,0.8288907996560619,0.827966881324747,0.6865248226950355
SwinIR-lite (L1),BraTS2021_00022,30.042974,0.9625173211097717,0.10946874,0.8627450980392157,0.8554421768707483,0.7402234636871509
SwinIR-lite (L1),BraTS2021_00022,30.19161,0.9629457592964172,0.107631005,0.8726207906295754,0.8534412955465587,0.710124826629681
SwinIR-lite (L1),BraTS2021_00022,29.877522,0.9642289280891418,0.107466824,0.8462083628632175,0.7742971887550201,0.6011730205278593
SwinIR-lite (L1),BraTS2021_00022,29.775051,0.9634764790534973,0.10787966,0.8623613829093281,0.787661406025825,0.6041923551171393
SwinIR-lite (L1),BraTS2021_00022,30.23588,0.9654142260551453,0.10309991,0.8804953560371517,0.7900552486187845,0.6794258373205742
SwinIR-lite (L1),BraTS2021_00022,29.92027,0.9646808505058289,0.10507178,0.8637440758293838,0.7791861240827218,0.6983758700696056
SwinIR-lite (L1),BraTS2021_00022,29.763792,0.9628904461860657,0.107149355,0.9016759776536313,0.8408812729498164,0.7663934426229508
SwinIR-lite (L1),BraTS2021_00022,29.929127,0.9625008702278137,0.106172115,0.8747346072186837,0.7305993690851735,0.6594594594594595
SwinIR-lite (L1),BraTS2021_00022,29.845184,0.9628681540489197,0.10564462,0.878344270570419,0.7508854781582054,0.6686159844054581
SwinIR-lite (L1),BraTS2021_00022,29.771002,0.9659005999565125,0.10271969,0.848,0.6597938144329897,0.6041666666666666
SwinIR-lite (L1),BraTS2021_00022,29.680897,0.966354489326477,0.105464205,0.8586487781504551,0.6292537313432836,0.5702217529039071
SwinIR-lite (L1),BraTS2021_00022,29.897388,0.966814398765564,0.10313859,0.8429046037019459,0.5868263473053892,0.5835995740149095
SwinIR-lite (L1),BraTS2021_00022,29.808968,0.9684194326400757,0.102563664,0.8844444444444445,0.6102272727272727,0.6325301204819277
SwinIR-lite (L1),BraTS2021_00022,29.952934,0.9698242545127869,0.09879894,0.892748588797221,0.6103968697596422,0.6483839373163565
SwinIR-lite (L1),BraTS2021_00022,29.930286,0.970729410648346,0.09902157,0.8968723584108199,0.569351230425056,0.629080118694362
SwinIR-lite (L1),BraTS2021_00022,29.936943,0.9694259762763977,0.0995374,0.9159630076397266,0.579004329004329,0.6827906976744186
SwinIR-lite (L1),BraTS2021_00022,30.268436,0.9728551506996155,0.09564311,0.9029239766081871,0.5884838880084522,0.6832740213523132
SwinIR-lite (L1),BraTS2021_00022,30.076061,0.9741175174713135,0.093191326,0.9162995594713657,0.8140138408304498,0.6804835924006909
SwinIR-lite (L1),BraTS2021_00022,30.374695,0.9764061570167542,0.08949535,0.928521373510862,0.8624950179354325,0.7270007479431563
SwinIR-lite (L1),BraTS2021_00022,30.391073,0.9776659607887268,0.0896522,0.9277644642245806,0.5274725274725275,0.495114006514658
SwinIR-lite (L1),BraTS2021_00022,30.461712,0.9786610007286072,0.08756247,0.9114954221770092,0.3093243997766611,0.40916530278232405
SwinIR-lite (L1),BraTS2021_00022,30.683525,0.9792819023132324,0.08729836,0.9204993429697766,0.32029994643813603,0.4325971058644326
SwinIR-lite (L1),BraTS2021_00022,30.575962,0.979749858379364,0.08634184,0.8780160857908847,0.18993781797625778,0.26666666666666666
SwinIR-lite (L1),BraTS2021_00022,30.758472,0.9782945513725281,0.08671768,0.8198842356145727,0.3002597402597403,0.3678977272727273
SwinIR-lite (L1),BraTS2021_00022,30.903578,0.9779539704322815,0.08576425,0.8033112582781456,0.18361737218251786,0.22807017543859648
SwinIR-lite (L1),BraTS2021_00022,30.918533,0.9775376915931702,0.08501374,0.901775147928994,0.5201793721973094,0.562396006655574
SwinIR-lite (L1),BraTS2021_00022,30.703678,0.9753974080085754,0.08535891,0.8414596749463354,0.4608208955223881,0.42921348314606744
SwinIR-lite (L1),BraTS2021_00022,30.795372,0.9756171107292175,0.08478425,0.89198606271777,0.2583732057416268,0.2759835584263065
SwinIR-lite (L1),BraTS2021_00022,31.016705,0.9722791314125061,0.08464596,0.916406914139983,0.4384920634920635,0.4431077694235589
SwinIR-lite (L1),BraTS2021_00022,31.101871,0.9667762517929077,0.08763279,0.9181998301726578,0.7364921030756443,0.7343880099916736
SwinIR-lite (L1),BraTS2021_00022,31.076689,0.9659002423286438,0.08714771,0.8678090575275398,0.5091514143094842,0.5083240843507214
SwinIR-lite (L1),BraTS2021_00022,31.238308,0.9654548764228821,0.08535625,0.9007158418923125,0.7804381049414162,0.7667698658410733
SwinIR-lite (L1),BraTS2021_00022,31.14711,0.9638198614120483,0.08879346,0.8276409849086577,0.6847905951506246,0.6790490341753344
SwinIR-lite (L1),BraTS2021_00022,30.753382,0.9644337296485901,0.089776106,0.8084440969507428,0.5771065182829889,0.605
SwinIR-lite (L1),BraTS2021_00022,30.53003,0.9615152478218079,0.093599536,0.8950542822677925,0.7077205882352942,0.7077205882352942
SwinIR-lite (L1),BraTS2021_00022,30.404253,0.965996265411377,0.09357029,0.8902053712480252,0.5120350109409191,0.5120350109409191
SwinIR-lite (L1),BraTS2021_00022,30.149233,0.9660550951957703,0.094558634,0.8754988028731046,0.548926014319809,0.548926014319809
SwinIR-lite (L1),BraTS2021_00022,29.976828,0.9649022817611694,0.0993509,0.879746835443038,0.5846153846153846,0.5717981888745148
SwinIR-lite (L1),BraTS2021_00022,30.06977,0.9671109914779663,0.09663533,0.8592,0.07462686567164178,0.07462686567164178
SwinIR-lite (L1),BraTS2021_00022,30.135921,0.9669170379638672,0.0961199,0.8902870625245772,0.46029173419773095,0.46029173419773095
SwinIR-lite (L1),BraTS2021_00022,30.01625,0.9644355177879333,0.09728038,0.8891635764318088,0.45183887915936954,0.45183887915936954
SwinIR-lite (L1),BraTS2021_00022,29.779385,0.9657951593399048,0.10027611,0.9330004161464835,0.18625277161862527,0.18625277161862527
SwinIR-lite (L1),BraTS2021_00022,29.684109,0.9647915363311768,0.10310157,0.9459340659340659,0.7580372250423012,0.7580372250423012
SwinIR-lite (L1),BraTS2021_00022,29.301289,0.9667901992797852,0.10587313,0.927634363097757,0.6833976833976834,0.6847195357833655
SwinIR-lite (L1),BraTS2021_00022,29.40768,0.9688119888305664,0.105257705,0.957288765088208,0.7852193995381063,0.7852193995381063
SwinIR-lite (L1),BraTS2021_00022,29.28917,0.9657137989997864,0.10845098,0.9423264907135875,0.8465608465608465,0.8465608465608465
SwinIR-lite (L1),BraTS2021_00022,29.106504,0.9694649577140808,0.108825564,0.9433766233766234,0.7510204081632653,0.7510204081632653
SwinIR-lite (L1),BraTS2021_00022,29.221819,0.9699040651321411,0.109599434,0.9247558874210224,0.7577639751552795,0.7577639751552795
SwinIR-lite (L1),BraTS2021_00022,29.257961,0.9712780714035034,0.11169988,0.9397443700547778,0.0,0.0
SwinIR-lite (L1),BraTS2021_00022,28.751898,0.9715367555618286,0.11430901,0.9229789942711648,nan,nan
SwinIR-lite (L1),BraTS2021_00022,28.749302,0.9721681475639343,0.11565413,0.9279538904899135,nan,nan
SwinIR-lite (L1),BraTS2021_00022,28.55048,0.9735072255134583,0.118977785,0.9190439475713185,nan,nan
SwinIR-lite (L1),BraTS2021_00022,28.32343,0.9735448360443115,0.122847155,0.9244663382594417,nan,nan
SwinIR-lite (L1),BraTS2021_00022,28.501682,0.9746659398078918,0.1239718,0.9105403011514615,nan,nan
SwinIR-lite (L1),BraTS2021_00022,28.453434,0.9738377928733826,0.13077013,0.7882096069868996,nan,nan
SwinIR-lite (L1),BraTS2021_00022,28.630642,0.9753909111022949,0.13253942,0.7467362924281984,nan,nan
SwinIR-lite (L1),BraTS2021_00022,28.86398,0.9773479700088501,0.13114947,0.8125,nan,nan
SwinIR-lite (L1),BraTS2021_00022,28.702236,0.9787136316299438,0.13221297,0.8840579710144928,nan,nan
SwinIR-lite (L1),BraTS2021_00022,29.11308,0.9798510670661926,0.1334713,0.863849765258216,nan,nan
SwinIR-lite (L1),BraTS2021_00022,28.927448,0.9807513952255249,0.1353085,0.8711340206185567,nan,nan
SwinIR-lite (L1),BraTS2021_00022,29.172525,0.9827306866645813,0.13341375,0.7876712328767124,nan,nan
SwinIR-lite (L1),BraTS2021_00022,29.214046,0.9827687740325928,0.13807558,0.7161572052401747,nan,nan
SwinIR-lite (L1),BraTS2021_00026,31.148092,0.9743528962135315,0.120682105,0.027777777777777776,0.07547169811320754,0.07547169811320754
SwinIR-lite (L1),BraTS2021_00026,31.290257,0.9739549160003662,0.119462915,0.3821138211382114,0.6013071895424836,0.6013071895424836
SwinIR-lite (L1),BraTS2021_00026,31.044308,0.9711862802505493,0.123364076,0.35428571428571426,0.5126050420168067,0.5126050420168067
SwinIR-lite (L1),BraTS2021_00026,30.892902,0.9691540598869324,0.1253615,0.1915367483296214,0.26625386996904027,0.2616822429906542
SwinIR-lite (L1),BraTS2021_00026,30.573204,0.9670013785362244,0.12661417,0.6071942446043166,0.762962962962963,0.758364312267658
SwinIR-lite (L1),BraTS2021_00026,30.383457,0.9589842557907104,0.12787634,0.5916230366492147,0.6523887973640856,0.6523887973640856
SwinIR-lite (L1),BraTS2021_00026,30.183163,0.9536824822425842,0.12626505,0.5365239294710328,0.5417322834645669,0.5333333333333333
SwinIR-lite (L1),BraTS2021_00026,30.155828,0.9550802111625671,0.12114811,0.5345016429353778,0.5444444444444444,0.5714285714285714
SwinIR-lite (L1),BraTS2021_00026,30.406477,0.9553220272064209,0.11792683,0.6372881355932203,0.6883821932681867,0.7164179104477612
SwinIR-lite (L1),BraTS2021_00026,30.513882,0.9548670649528503,0.11678211,0.6263736263736264,0.7072463768115942,0.7283950617283951
SwinIR-lite (L1),BraTS2021_00026,30.481806,0.9558259844779968,0.114416815,0.7115942028985507,0.7593220338983051,0.7745358090185677
SwinIR-lite (L1),BraTS2021_00026,30.4971,0.9565291404724121,0.11275884,0.7020570670205707,0.7204301075268817,0.7238095238095238
SwinIR-lite (L1),BraTS2021_00026,30.817669,0.9544622898101807,0.11064368,0.7752808988764045,0.8246753246753247,0.8312037659717552
SwinIR-lite (L1),BraTS2021_00026,30.951958,0.9606318473815918,0.10780713,0.8198433420365535,0.8766803039158387,0.8685996298581122
SwinIR-lite (L1),BraTS2021_00026,31.250917,0.9606468677520752,0.10714855,0.8089770354906054,0.8600337268128162,0.839622641509434
SwinIR-lite (L1),BraTS2021_00026,31.270699,0.9686385989189148,0.101131916,0.7153361344537815,0.7864644107351225,0.76996996996997
SwinIR-lite (L1),BraTS2021_00026,31.433414,0.9680759906768799,0.10134644,0.6838506049447659,0.7295673076923077,0.7385579937304075
SwinIR-lite (L1),BraTS2021_00026,31.268887,0.9689946174621582,0.10001291,0.8344627299128751,0.826226012793177,0.8535754824063564
SwinIR-lite (L1),BraTS2021_00026,31.377354,0.9696235060691833,0.09947071,0.8770453482935952,0.8575851393188855,0.8633575013943112
SwinIR-lite (L1),BraTS2021_00026,31.070986,0.9722055196762085,0.09907514,0.8260665729020159,0.7894156560088202,0.8123114061557031
SwinIR-lite (L1),BraTS2021_00026,30.960276,0.9696169495582581,0.104031526,0.6569264069264069,0.6068875893437297,0.65379113018598
SwinIR-lite (L1),BraTS2021_00026,30.996166,0.9711567163467407,0.101955,0.7728174603174603,0.8229548229548229,0.8281879194630872
SwinIR-lite (L1),BraTS2021_00026,31.061638,0.9698187112808228,0.102543406,0.7403200826019618,0.7865459249676585,0.81915654038599
SwinIR-lite (L1),BraTS2021_00026,31.157284,0.9697225093841553,0.10247058,0.7304256437204414,0.8042609853528628,0.8
SwinIR-lite (L1),BraTS2021_00026,31.313412,0.9734865427017212,0.09839158,0.6394633873672443,0.6940356312935708,0.714041095890411
SwinIR-lite (L1),BraTS2021_00026,31.135468,0.9741430282592773,0.09997502,0.6191037735849056,0.6372294372294373,0.6819484240687679
SwinIR-lite (L1),BraTS2021_00026,31.129292,0.9740488529205322,0.09862251,0.6606129398410897,0.7204116638078902,0.7734597156398104
SwinIR-lite (L1),BraTS2021_00026,31.425243,0.9742063879966736,0.098091684,0.5315101070154578,0.5653061224489796,0.6146892655367232
SwinIR-lite (L1),BraTS2021_00026,31.354782,0.9752138257026672,0.09764836,0.521098459477562,0.5154867256637168,0.5458823529411765
SwinIR-lite (L1),BraTS2021_00026,31.334381,0.9755354523658752,0.09716962,0.4673178061607814,0.45622119815668205,0.46690734055354993
SwinIR-lite (L1),BraTS2021_00026,31.219288,0.9751365184783936,0.097749,0.404304381245196,0.48412698412698413,0.4993141289437586
SwinIR-lite (L1),BraTS2021_00026,31.386288,0.9737020134925842,0.09919446,0.4870967741935484,0.6065573770491803,0.6188466947960619
SwinIR-lite (L1),BraTS2021_00026,31.18153,0.9744178652763367,0.09976006,0.3708206686930091,0.5700787401574803,0.5848142164781907
SwinIR-lite (L1),BraTS2021_00026,30.990908,0.9748533368110657,0.098990075,0.5558620689655173,0.8257107540173053,0.8020176544766708
SwinIR-lite (L1),BraTS2021_00026,31.105103,0.9770475029945374,0.09653405,0.5576796308503625,0.7797408716136631,0.7688564476885644
SwinIR-lite (L1),BraTS2021_00026,31.164757,0.9763700366020203,0.096490055,0.6701940035273368,0.8899803536345776,0.8665997993981945
SwinIR-lite (L1),BraTS2021_00026,31.177166,0.9771854281425476,0.09782853,0.5633802816901409,0.8082474226804124,0.8079331941544885
SwinIR-lite (L1),BraTS2021_00026,31.034166,0.9774537086486816,0.096291855,0.5996612083568605,0.8077709611451943,0.8024948024948025
SwinIR-lite (L1),BraTS2021_00026,31.000214,0.978392481803894,0.095362246,0.5371104815864023,0.5940828402366863,0.6058394160583942
SwinIR-lite (L1),BraTS2021_00026,31.076193,0.9782282114028931,0.09601153,0.5597516813243663,0.6753528773072747,0.6763392857142857
SwinIR-lite (L1),BraTS2021_00026,31.28185,0.9804733991622925,0.09226956,0.6291913214990138,0.734,0.7377049180327869
SwinIR-lite (L1),BraTS2021_00026,31.401371,0.9812080264091492,0.091878675,0.711847879083374,0.7873855544252288,0.7974947807933194
SwinIR-lite (L1),BraTS2021_00026,31.522913,0.980636477470398,0.09123185,0.7430590610802625,0.8028600612870276,0.8270042194092827
SwinIR-lite (L1),BraTS2021_00026,31.851332,0.9826705455780029,0.08782746,0.7239722370528564,0.7183098591549296,0.7466340269277846
SwinIR-lite (L1),BraTS2021_00026,31.939457,0.9833248853683472,0.086979,0.6984126984126984,0.5795918367346938,0.6103151862464183
SwinIR-lite (L1),BraTS2021_00026,31.999302,0.982887327671051,0.08681568,0.6912642430819317,0.6666666666666666,0.710801393728223
SwinIR-lite (L1),BraTS2021_00026,32.047523,0.9837694764137268,0.084653184,0.6809045226130653,0.5497630331753555,0.6140845070422535
SwinIR-lite (L1),BraTS2021_00026,32.257053,0.9838718771934509,0.084366776,0.5349008082292432,0.5172413793103449,0.6007067137809188
SwinIR-lite (L1),BraTS2021_00026,32.269806,0.9839778542518616,0.08254145,0.48406374501992033,0.45849802371541504,0.4729064039408867
SwinIR-lite (L1),BraTS2021_00026,32.428635,0.9828099012374878,0.08343891,0.368,0.5212121212121212,0.5419354838709678
SwinIR-lite (L1),BraTS2021_00026,32.54368,0.9813269972801208,0.083797365,0.22410147991543342,0.7964601769911505,0.7964601769911505
SwinIR-lite (L1),BraTS2021_00026,32.58411,0.9811081886291504,0.083415516,0.0,0.0,0.0
SwinIR-lite (L1),BraTS2021_00026,32.508568,0.9805575013160706,0.08374651,0.0,nan,nan
SwinIR-lite (L1),BraTS2021_00033,32.773052,0.9815648198127747,0.15141018,0.4639175257731959,nan,nan
SwinIR-lite (L1),BraTS2021_00033,32.736904,0.9826181530952454,0.14330769,0.7858942065491183,nan,nan
SwinIR-lite (L1),BraTS2021_00033,32.12448,0.9822403788566589,0.14220165,0.865979381443299,nan,nan
SwinIR-lite (L1),BraTS2021_00033,32.29396,0.9837161302566528,0.1345744,0.9154639175257732,nan,nan
SwinIR-lite (L1),BraTS2021_00033,32.158813,0.9835505485534668,0.13263798,0.9390681003584229,nan,nan
SwinIR-lite (L1),BraTS2021_00033,32.132423,0.9847610592842102,0.1274062,0.9011345218800648,nan,nan
SwinIR-lite (L1),BraTS2021_00033,32.118317,0.9862590432167053,0.12018811,0.8835227272727273,nan,nan
SwinIR-lite (L1),BraTS2021_00033,31.81183,0.9860270619392395,0.11948188,0.8979591836734694,nan,nan
SwinIR-lite (L1),BraTS2021_00033,31.82992,0.985258162021637,0.12098261,0.8832807570977917,nan,nan
SwinIR-lite (L1),BraTS2021_00033,31.643084,0.9843816757202148,0.12254993,0.8707395498392283,nan,nan
SwinIR-lite (L1),BraTS2021_00033,31.620207,0.9848793148994446,0.1184043,0.8984145625366999,nan,nan
SwinIR-lite (L1),BraTS2021_00033,31.524471,0.9840217232704163,0.1189217,0.9089900110987791,nan,nan
SwinIR-lite (L1),BraTS2021_00033,30.923498,0.983624279499054,0.11871189,0.9035131123206334,nan,nan
SwinIR-lite (L1),BraTS2021_00033,30.993736,0.9825708270072937,0.116162166,0.9255725190839694,nan,nan
SwinIR-lite (L1),BraTS2021_00033,30.761967,0.9806106686592102,0.118933156,0.9397371998187585,nan,nan
SwinIR-lite (L1),BraTS2021_00033,31.204412,0.9845936298370361,0.106991954,0.9077436087439793,nan,nan
SwinIR-lite (L1),BraTS2021_00033,31.350824,0.9855330586433411,0.101797074,0.9523809523809523,nan,nan
SwinIR-lite (L1),BraTS2021_00033,31.1707,0.985628068447113,0.1016876,0.9681818181818181,nan,nan
SwinIR-lite (L1),BraTS2021_00033,31.368658,0.985700786113739,0.10086908,0.970281124497992,nan,nan
SwinIR-lite (L1),BraTS2021_00033,31.3752,0.9865740537643433,0.09813094,0.9719443766772383,nan,nan
SwinIR-lite (L1),BraTS2021_00033,31.051271,0.9868866801261902,0.0990761,0.9767986876025311,nan,nan
SwinIR-lite (L1),BraTS2021_00033,30.55522,0.9847573637962341,0.10323366,0.9748283752860412,nan,nan
SwinIR-lite (L1),BraTS2021_00033,30.361073,0.9825652837753296,0.10500052,0.9754005867749943,nan,nan
SwinIR-lite (L1),BraTS2021_00033,30.746998,0.9848377704620361,0.09801576,0.9739092304319228,nan,nan
SwinIR-lite (L1),BraTS2021_00033,30.685299,0.9840972423553467,0.09701195,0.96398891966759,nan,nan
SwinIR-lite (L1),BraTS2021_00033,30.751488,0.9840349555015564,0.09433727,0.9614587650227931,nan,nan
SwinIR-lite (L1),BraTS2021_00033,31.037855,0.9859364032745361,0.09047267,0.9592976855546688,nan,nan
SwinIR-lite (L1),BraTS2021_00033,31.073883,0.983919084072113,0.09076752,0.966327329678935,nan,nan
SwinIR-lite (L1),BraTS2021_00033,31.11658,0.9856429696083069,0.088602506,0.9700781398894607,nan,nan
SwinIR-lite (L1),BraTS2021_00033,31.302736,0.9868361949920654,0.0851755,0.9659242337711784,nan,nan
SwinIR-lite (L1),BraTS2021_00033,31.47648,0.9858442544937134,0.084532924,0.9616122840690979,0.0,0.0
SwinIR-lite (L1),BraTS2021_00033,31.242228,0.9870453476905823,0.084727675,0.9625305968744116,0.0,0.0
SwinIR-lite (L1),BraTS2021_00033,30.984442,0.986642062664032,0.08410902,0.9718256949661909,0.0,0.0
SwinIR-lite (L1),BraTS2021_00033,31.383488,0.9871707558631897,0.0841284,0.9717682020802377,0.0,0.0
SwinIR-lite (L1),BraTS2021_00033,31.611595,0.9870482087135315,0.08154277,0.9726836471022517,0.03361344537815126,0.03361344537815126
SwinIR-lite (L1),BraTS2021_00033,31.577433,0.9892275333404541,0.07738054,0.9722123263270396,0.725,0.725
SwinIR-lite (L1),BraTS2021_00033,31.816338,0.9883755445480347,0.07883973,0.9795270031768444,0.835820895522388,0.835820895522388
SwinIR-lite (L1),BraTS2021_00033,31.831837,0.9901419281959534,0.07591344,0.9732896777528864,0.642512077294686,0.642512077294686
SwinIR-lite (L1),BraTS2021_00033,32.142345,0.9892775416374207,0.07551083,0.9720842610035965,0.6917293233082706,0.6917293233082706
SwinIR-lite (L1),BraTS2021_00033,31.95472,0.9893177151679993,0.075586855,0.9824620573355818,0.43174603174603177,0.43174603174603177
SwinIR-lite (L1),BraTS2021_00033,31.596928,0.990044891834259,0.076222055,0.966053982447425,0.0,0.0
SwinIR-lite (L1),BraTS2021_00033,31.798498,0.9905503392219543,0.074619696,0.9684351914036265,0.0,0.0
SwinIR-lite (L1),BraTS2021_00033,31.749634,0.990584135055542,0.07400479,0.9711375212224108,0.0,0.0
SwinIR-lite (L1),BraTS2021_00033,31.903303,0.990136981010437,0.07442738,0.9636174636174636,0.08633093525179857,0.08633093525179857
SwinIR-lite (L1),BraTS2021_00033,31.928432,0.9906725883483887,0.07403222,0.9639461883408071,0.0,0.0
SwinIR-lite (L1),BraTS2021_00033,31.860544,0.9894466996192932,0.075206414,0.9698315750508977,0.0,0.0
SwinIR-lite (L1),BraTS2021_00033,31.676199,0.9886741638183594,0.077818505,0.978044661287296,0.0,0.0
SwinIR-lite (L1),BraTS2021_00033,31.876953,0.9892435669898987,0.07740399,0.9730140630938806,0.0,0.0
SwinIR-lite (L1),BraTS2021_00033,31.5594,0.9893425107002258,0.07705673,0.977726574500768,0.0,0.0
SwinIR-lite (L1),BraTS2021_00033,31.85263,0.9894299507141113,0.07475145,0.978448275862069,0.0,0.0
SwinIR-lite (L1),BraTS2021_00033,32.01811,0.9894890785217285,0.07483791,0.9530544097426832,0.0,0.0
SwinIR-lite (L1),BraTS2021_00033,32.035725,0.9903428554534912,0.07395633,0.9258668792347549,0.0,0.0
SwinIR-lite (L1),BraTS2021_00033,31.989367,0.9890060424804688,0.074982405,0.9253172456833784,0.0,0.0
SwinIR-lite (L1),BraTS2021_00033,32.130417,0.9880115985870361,0.07709673,0.9148936170212766,0.0,0.0
SwinIR-lite (L1),BraTS2021_00033,32.2198,0.986892580986023,0.07880047,0.9025516403402187,0.0,0.0
SwinIR-lite (L1),BraTS2021_00033,32.31686,0.9874265789985657,0.07745655,0.8120145002589332,0.0,0.0
SwinIR-lite (L1),BraTS2021_00033,32.34097,0.9856694936752319,0.07861573,0.806872852233677,0.0,0.0
SwinIR-lite (L1),BraTS2021_00033,32.586605,0.9862917065620422,0.076332934,0.8192239858906526,nan,nan
SwinIR-lite (L1),BraTS2021_00033,32.789795,0.9847748875617981,0.077208005,0.7914691943127962,nan,nan
SwinIR-lite (L1),BraTS2021_00033,32.897762,0.9847851395606995,0.07739123,0.706989247311828,nan,nan
SwinIR-lite (L1),BraTS2021_00033,33.135624,0.9824149012565613,0.07873717,0.7797270955165692,nan,nan
SwinIR-lite (L1),BraTS2021_00033,33.15727,0.9815062880516052,0.07918981,0.9281609195402298,nan,nan
SwinIR-lite (L1),BraTS2021_00033,33.137268,0.9794393181800842,0.07843322,0.7241379310344828,nan,nan
SwinIR-lite (L1),BraTS2021_00033,33.110657,0.9796599745750427,0.07900027,0.5153203342618384,nan,nan
SwinIR-lite (L1),BraTS2021_00061,31.579277,0.9772831797599792,0.1269109,0.0,0.0,0.0
SwinIR-lite (L1),BraTS2021_00061,31.338654,0.975684404373169,0.12915146,0.0,0.0,0.0
SwinIR-lite (L1),BraTS2021_00061,31.250677,0.977074921131134,0.12299428,0.0,0.0,0.0
SwinIR-lite (L1),BraTS2021_00061,31.726196,0.9778463840484619,0.11925932,0.013377926421404682,0.0,0.0
SwinIR-lite (L1),BraTS2021_00061,31.323881,0.9786869883537292,0.1171915,0.27602905569007263,0.0,0.0
SwinIR-lite (L1),BraTS2021_00061,31.553574,0.9767948985099792,0.120456316,0.2794759825327511,0.0,0.0
SwinIR-lite (L1),BraTS2021_00061,31.44766,0.9779055118560791,0.118154906,0.4400785854616896,0.0,0.0
SwinIR-lite (L1),BraTS2021_00061,31.436817,0.9788504838943481,0.11545296,0.45098039215686275,0.0,0.0
SwinIR-lite (L1),BraTS2021_00061,31.016243,0.9783280491828918,0.11765121,0.2441860465116279,0.07246376811594203,0.10309278350515463
SwinIR-lite (L1),BraTS2021_00061,30.96489,0.978884220123291,0.1161419,0.19252548131370328,0.00851063829787234,0.009950248756218905
SwinIR-lite (L1),BraTS2021_00061,30.396454,0.9737917184829712,0.12461886,0.25699481865284973,0.33519553072625696,0.3057324840764331
SwinIR-lite (L1),BraTS2021_00061,30.429333,0.9700459837913513,0.12648998,0.21406727828746178,0.16879795396419436,0.19375
SwinIR-lite (L1),BraTS2021_00061,30.279926,0.9671330451965332,0.12592828,0.2786885245901639,0.005063291139240506,0.006968641114982578
SwinIR-lite (L1),BraTS2021_00061,30.198757,0.9653000831604004,0.12406847,0.5253664036076663,0.0,0.0
SwinIR-lite (L1),BraTS2021_00061,30.27359,0.9687772393226624,0.117983855,0.5026511134676565,0.0,0.0
SwinIR-lite (L1),BraTS2021_00061,30.03799,0.9686496257781982,0.116180986,0.6261859582542695,0.0,0.0
SwinIR-lite (L1),BraTS2021_00061,30.184973,0.9680725932121277,0.1156174,0.6366095581605049,0.0,0.0
SwinIR-lite (L1),BraTS2021_00061,30.410463,0.9700640439987183,0.11301521,0.6228926353149956,0.0,0.0
SwinIR-lite (L1),BraTS2021_00061,30.429354,0.9716518521308899,0.10859264,0.6616161616161617,0.07973421926910298,0.10702341137123746
SwinIR-lite (L1),BraTS2021_00061,30.389317,0.9731025695800781,0.10810052,0.6615515771526002,0.0,0.0
SwinIR-lite (L1),BraTS2021_00061,30.49282,0.97446209192276,0.106088474,0.6214057507987221,0.0,0.0
SwinIR-lite (L1),BraTS2021_00061,30.810678,0.9746739268302917,0.104083486,0.6804293971924029,0.011928429423459244,0.027649769585253458
SwinIR-lite (L1),BraTS2021_00061,30.48344,0.974281370639801,0.10500785,0.7053726169844021,0.00408997955010225,0.009569377990430622
SwinIR-lite (L1),BraTS2021_00061,30.559807,0.9725290536880493,0.107141875,0.7432808155699722,0.1732283464566929,0.3308270676691729
SwinIR-lite (L1),BraTS2021_00061,30.385324,0.9746607542037964,0.10509439,0.7404426559356136,0.10091743119266056,0.1646090534979424
SwinIR-lite (L1),BraTS2021_00061,30.316284,0.9724919199943542,0.106631964,0.5529715762273901,0.0,0.0
SwinIR-lite (L1),BraTS2021_00061,30.766224,0.9706878066062927,0.10596168,0.4927536231884058,0.022058823529411766,0.026905829596412557
SwinIR-lite (L1),BraTS2021_00061,30.703869,0.9712473750114441,0.104245715,0.44805194805194803,0.32142857142857145,0.33962264150943394
SwinIR-lite (L1),BraTS2021_00061,30.80135,0.9729192852973938,0.10263894,0.2336065573770492,0.0,0.0
SwinIR-lite (L1),BraTS2021_00061,30.81217,0.972338080406189,0.10415877,0.08591885441527446,0.0,0.0
SwinIR-lite (L1),BraTS2021_00061,31.040749,0.9706104397773743,0.10423673,0.0653950953678474,0.0,0.0
SwinIR-lite (L1),BraTS2021_00061,31.12505,0.9737401604652405,0.10182999,0.0,nan,nan
SwinIR-lite (L1),BraTS2021_00061,31.23435,0.9760698080062866,0.09780395,0.0,nan,nan
SwinIR-lite (L1),BraTS2021_00061,31.305754,0.9720759391784668,0.09929435,0.06,nan,nan
SwinIR-lite (L1),BraTS2021_00072,32.3016,0.9541924595832825,0.1055773,0.0,nan,nan
SwinIR-lite (L1),BraTS2021_00072,32.329494,0.9536282420158386,0.10519115,0.0,nan,nan
SwinIR-lite (L1),BraTS2021_00072,31.934395,0.9527156949043274,0.10631154,0.0,nan,nan
SwinIR-lite (L1),BraTS2021_00072,31.927177,0.9488192200660706,0.1059513,0.006968641114982578,0.0,0.0
SwinIR-lite (L1),BraTS2021_00072,32.159374,0.9520860314369202,0.104864605,0.6192170818505338,0.8,0.7314285714285714
SwinIR-lite (L1),BraTS2021_00072,32.104294,0.9520941376686096,0.10256799,0.6271379703534777,0.8628099173553719,0.7850799289520426
SwinIR-lite (L1),BraTS2021_00072,32.197536,0.9537040591239929,0.10091313,0.7535971223021583,0.7473958333333334,0.7267525035765379
SwinIR-lite (L1),BraTS2021_00072,32.29862,0.9551945328712463,0.10120957,0.7764371894960965,0.7492260061919505,0.7466986794717887
SwinIR-lite (L1),BraTS2021_00072,32.356087,0.9619067311286926,0.095771484,0.7915151515151515,0.762157382847038,0.722635494155154
SwinIR-lite (L1),BraTS2021_00072,32.47016,0.9635241627693176,0.09617083,0.7947421638018201,0.8685714285714285,0.7834681042228212
SwinIR-lite (L1),BraTS2021_00072,32.416893,0.9694631099700928,0.09331714,0.8303532490187527,0.9143897996357013,0.7933609958506224
SwinIR-lite (L1),BraTS2021_00072,32.480797,0.9698225259780884,0.09346923,0.8276959808993235,0.8475573866980577,0.7689822294022617
SwinIR-lite (L1),BraTS2021_00072,32.375496,0.9703435897827148,0.094109945,0.8439006303299963,0.8421633554083885,0.7322834645669292
SwinIR-lite (L1),BraTS2021_00072,31.933716,0.9693313241004944,0.097512804,0.8805912096460521,0.7093768200349446,0.71875
SwinIR-lite (L1),BraTS2021_00072,32.10081,0.9725884199142456,0.093661636,0.8976727004063539,0.8368580060422961,0.7265500794912559
SwinIR-lite (L1),BraTS2021_00072,31.9923,0.9732040762901306,0.09501332,0.9272598870056498,0.9209591474245116,0.8020014295925662
SwinIR-lite (L1),BraTS2021_00072,32.004642,0.9723501801490784,0.09472981,0.9516129032258065,0.9043552519214346,0.7874015748031497
SwinIR-lite (L1),BraTS2021_00072,32.401775,0.9719538688659668,0.094994314,0.8899653979238754,0.7784037558685446,0.7378777231201686
SwinIR-lite (L1),BraTS2021_00072,32.23521,0.9729593992233276,0.09431059,0.9206036745406824,0.8103827540695117,0.7931713722915299
SwinIR-lite (L1),BraTS2021_00072,32.09518,0.9737316966056824,0.09300692,0.9529702970297029,0.9246420497362472,0.8036322360953462
SwinIR-lite (L1),BraTS2021_00072,32.20189,0.9748608469963074,0.09110229,0.9541284403669725,0.9245852187028658,0.8357883251500273
SwinIR-lite (L1),BraTS2021_00072,32.17361,0.9743887186050415,0.09220868,0.9355638166047088,0.907698199923401,0.8006295907660022
SwinIR-lite (L1),BraTS2021_00072,32.10626,0.9731245636940002,0.09301984,0.9577883472057075,0.940881404514511,0.8065007618080243
SwinIR-lite (L1),BraTS2021_00072,32.144615,0.9730293154716492,0.093417875,0.9109848484848485,0.8705063780440665,0.7531645569620253
SwinIR-lite (L1),BraTS2021_00072,31.97187,0.9726467132568359,0.094081454,0.9474320241691843,0.9130434782608695,0.8031418753068238
SwinIR-lite (L1),BraTS2021_00072,32.10348,0.9730967283248901,0.09292543,0.9634772109870209,0.9566484517304189,0.8131974769529354
SwinIR-lite (L1),BraTS2021_00072,32.03517,0.9728863835334778,0.093561724,0.9557251908396946,0.9643513414185961,0.844
SwinIR-lite (L1),BraTS2021_00072,32.260445,0.9747886657714844,0.09208526,0.9571037420139945,0.9439461883408071,0.8189823874755382
SwinIR-lite (L1),BraTS2021_00072,32.03911,0.9744400978088379,0.091381095,0.9596330275229358,0.9510646245797535,0.8363979255068364
SwinIR-lite (L1),BraTS2021_00072,31.973293,0.974572479724884,0.09215157,0.9581772784019975,0.9088689991863304,0.86875
SwinIR-lite (L1),BraTS2021_00072,31.961184,0.9749844670295715,0.09275559,0.9659268521412941,0.9028475711892797,0.8544502617801047
SwinIR-lite (L1),BraTS2021_00072,32.11948,0.976114809513092,0.08840729,0.9466797513902518,0.9173989455184535,0.8123667377398721
SwinIR-lite (L1),BraTS2021_00072,32.090233,0.9750784635543823,0.09138053,0.9367088607594937,0.8976608187134503,0.8506010303377218
SwinIR-lite (L1),BraTS2021_00072,32.214684,0.9733926057815552,0.09292716,0.9219219219219219,0.9163306451612904,0.8450874020494273
SwinIR-lite (L1),BraTS2021_00072,32.33094,0.9741973280906677,0.090832785,0.9330754352030948,0.9137168141592921,0.857516339869281
SwinIR-lite (L1),BraTS2021_00072,32.35696,0.9732154011726379,0.09014662,0.9149386373254338,0.9570917759237187,0.8828478964401294
SwinIR-lite (L1),BraTS2021_00072,32.403202,0.9720757603645325,0.089678004,0.8768426058012363,0.9060070671378092,0.873218304576144
SwinIR-lite (L1),BraTS2021_00072,32.667976,0.9749006628990173,0.086882554,0.8817427385892116,0.825974025974026,0.7849462365591398
SwinIR-lite (L1),BraTS2021_00072,32.885754,0.9748049378395081,0.0861644,0.8143866409762364,0.8180815876515987,0.811529933481153
SwinIR-lite (L1),BraTS2021_00072,33.166946,0.9746845364570618,0.085788645,0.8512269938650306,0.8976377952755905,0.8976377952755905
SwinIR-lite (L1),BraTS2021_00072,33.47548,0.9743605852127075,0.083452635,0.8135265700483092,0.8655256723716381,0.8655256723716381
SwinIR-lite (L1),BraTS2021_00072,33.529022,0.9728292226791382,0.08399298,0.7473524962178517,0.23728813559322035,0.23728813559322035
SwinIR-lite (L1),BraTS2021_00072,33.528954,0.9706662893295288,0.084341034,0.689119170984456,nan,nan
SwinIR-lite (L1),BraTS2021_00095,30.443447,0.9471596479415894,0.17426609,nan,nan,nan
SwinIR-lite (L1),BraTS2021_00095,30.511726,0.9460015296936035,0.17184107,nan,nan,nan
SwinIR-lite (L1),BraTS2021_00095,30.545214,0.9449663162231445,0.16940032,0.0,nan,nan
SwinIR-lite (L1),BraTS2021_00095,30.101578,0.9358775615692139,0.17288053,0.0,nan,nan
SwinIR-lite (L1),BraTS2021_00095,30.188543,0.933397650718689,0.16906317,0.0,nan,nan
SwinIR-lite (L1),BraTS2021_00095,30.569754,0.9256255626678467,0.16206168,0.0,nan,nan
SwinIR-lite (L1),BraTS2021_00095,31.0579,0.9218719005584717,0.15485269,0.0,0.0,0.0
SwinIR-lite (L1),BraTS2021_00095,31.15047,0.9247006773948669,0.14498201,0.20987654320987653,0.0,0.0
SwinIR-lite (L1),BraTS2021_00095,31.289597,0.9213728308677673,0.14645232,0.6606334841628959,0.6,0.6018808777429467
SwinIR-lite (L1),BraTS2021_00095,31.372467,0.920109748840332,0.14236927,0.5743440233236151,0.4539877300613497,0.4539877300613497
SwinIR-lite (L1),BraTS2021_00095,31.56937,0.9330599904060364,0.13587819,0.7128888888888889,0.2585669781931464,0.2643312101910828
SwinIR-lite (L1),BraTS2021_00095,31.610409,0.9388514161109924,0.1317857,0.8343004513217279,0.6751592356687898,0.6884272997032641
SwinIR-lite (L1),BraTS2021_00095,31.423286,0.9443457126617432,0.13464142,0.831524303916942,0.4991896272285251,0.47697031729785055
SwinIR-lite (L1),BraTS2021_00095,31.174294,0.9493854641914368,0.13136692,0.8606234324614833,0.7543859649122807,0.6353790613718412
SwinIR-lite (L1),BraTS2021_00095,31.314222,0.9544175267219543,0.124550246,0.9030470914127424,0.7698999565028273,0.618828176431863
SwinIR-lite (L1),BraTS2021_00095,31.12399,0.9577654004096985,0.1265999,0.9493949394939494,0.804849432929214,0.6287539936102237
SwinIR-lite (L1),BraTS2021_00095,31.267544,0.9630086421966553,0.12221602,0.9661190965092402,0.8758080979925145,0.6918714555765595
SwinIR-lite (L1),BraTS2021_00095,31.202568,0.966022253036499,0.11947951,0.9692832764505119,0.9343863912515188,0.8191693290734824
SwinIR-lite (L1),BraTS2021_00095,31.030552,0.9678041338920593,0.120676,0.9731108020398702,0.9379151025122726,0.6952931461601982
SwinIR-lite (L1),BraTS2021_00095,31.214546,0.9739811420440674,0.112571925,0.9676148796498906,0.9178470254957507,0.6630076838638859
SwinIR-lite (L1),BraTS2021_00095,31.189234,0.9709585905075073,0.11526007,0.9502224105062487,0.9689146469968388,0.764505119453925
SwinIR-lite (L1),BraTS2021_00095,31.16684,0.974494993686676,0.11499209,0.9520440251572327,0.9047229047229047,0.4823348694316436
SwinIR-lite (L1),BraTS2021_00095,31.203821,0.9748233556747437,0.11095636,0.9612490594431904,0.9659489233850777,0.7427055702917772
SwinIR-lite (L1),BraTS2021_00095,30.930193,0.9768498539924622,0.10970896,0.95625227852716,0.9334003518471978,0.6507042253521127
SwinIR-lite (L1),BraTS2021_00095,31.097595,0.9783000946044922,0.10958197,0.9700176366843033,0.9459193706981318,0.6045801526717557
SwinIR-lite (L1),BraTS2021_00095,31.020664,0.9768838882446289,0.10919272,0.9675801540390471,0.9644476258649487,0.7411444141689373
SwinIR-lite (L1),BraTS2021_00095,30.900211,0.9785103797912598,0.10750692,0.9690060562878517,0.9659252247988642,0.7076923076923077
SwinIR-lite (L1),BraTS2021_00095,31.029861,0.9778643846511841,0.109015,0.98,0.9728591483387927,0.7247191011235955
SwinIR-lite (L1),BraTS2021_00095,30.841322,0.9791751503944397,0.10656979,0.9836345039209001,0.9847926267281106,0.8147138964577657
SwinIR-lite (L1),BraTS2021_00095,30.779097,0.9776409268379211,0.10962405,0.9756263848644964,0.9789498033772843,0.7801418439716312
SwinIR-lite (L1),BraTS2021_00095,30.826126,0.9799748063087463,0.10652525,0.9771428571428571,0.9694282380396733,0.6875934230194319
SwinIR-lite (L1),BraTS2021_00095,30.764252,0.9784896969795227,0.10814607,0.9689093600921204,0.9767981438515081,0.8078947368421052
SwinIR-lite (L1),BraTS2021_00095,30.878296,0.979730486869812,0.10518512,0.973867019517036,0.9850609055389565,0.8325123152709359
SwinIR-lite (L1),BraTS2021_00095,30.984056,0.981237530708313,0.10339643,0.9751064526695054,0.9657469077069457,0.7410468319559229
SwinIR-lite (L1),BraTS2021_00095,31.063713,0.9798063635826111,0.1039523,0.9655172413793104,0.9688697318007663,0.7561290322580645
SwinIR-lite (L1),BraTS2021_00095,31.433914,0.9816126227378845,0.10053893,0.9674714956405097,0.9697565773297271,0.7239101717305152
SwinIR-lite (L1),BraTS2021_00095,31.587734,0.9836769700050354,0.09549729,0.9647687426949407,0.9719484457922669,0.7177522349936143
SwinIR-lite (L1),BraTS2021_00095,31.617027,0.9828366041183472,0.09727566,0.9679379007762403,0.9566825145272055,0.7389749702026222
SwinIR-lite (L1),BraTS2021_00095,31.728003,0.9841377139091492,0.09383206,0.9651948051948052,0.9597370583401807,0.7465116279069768
SwinIR-lite (L1),BraTS2021_00095,32.042824,0.9830562472343445,0.093229175,0.9643553821599574,0.9765755716675962,0.8529411764705882
SwinIR-lite (L1),BraTS2021_00095,32.12331,0.9817859530448914,0.095078714,0.9602795145273998,0.9614819170832108,0.7914645974781765
SwinIR-lite (L1),BraTS2021_00095,32.170647,0.9819866418838501,0.094533004,0.9625668449197861,0.9631979695431472,0.7820895522388059
SwinIR-lite (L1),BraTS2021_00095,32.19398,0.9801385402679443,0.095804475,0.9636501325255585,0.9549795361527967,0.7798507462686567
SwinIR-lite (L1),BraTS2021_00095,32.503273,0.9819183349609375,0.09154035,0.9524686809137805,0.9265536723163842,0.7240143369175627
SwinIR-lite (L1),BraTS2021_00095,32.57547,0.9787854552268982,0.094310686,0.9641779788838613,0.9288052373158756,0.7445255474452555
SwinIR-lite (L1),BraTS2021_00095,32.50689,0.9781631231307983,0.09386273,0.9625380892633089,0.8807251908396947,0.6482213438735178
SwinIR-lite (L1),BraTS2021_00095,32.668015,0.9798933267593384,0.08955568,0.9696229050279329,0.7830245068738793,0.6105585309869931
SwinIR-lite (L1),BraTS2021_00095,32.650692,0.9754628539085388,0.09492183,0.9774852788361621,0.775112443778111,0.6283261802575107
SwinIR-lite (L1),BraTS2021_00095,33.042675,0.9795939326286316,0.09041568,0.979718116191131,0.6747519294377067,0.6150061500615006
SwinIR-lite (L1),BraTS2021_00095,32.999683,0.9781994223594666,0.08970291,0.9741039272851998,0.6469344608879493,0.6277056277056277
SwinIR-lite (L1),BraTS2021_00095,33.2394,0.9811986088752747,0.08675671,0.9825229278421872,0.07453416149068323,0.07453416149068323
SwinIR-lite (L1),BraTS2021_00095,33.20108,0.9815568327903748,0.08631785,0.9849210572999822,0.0,0.0
SwinIR-lite (L1),BraTS2021_00095,33.214478,0.9823570847511292,0.08588151,0.9782178217821782,0.0,nan
SwinIR-lite (L1),BraTS2021_00095,33.662018,0.9836211800575256,0.081860535,0.9830188679245283,nan,nan
SwinIR-lite (L1),BraTS2021_00095,33.122223,0.9799870252609253,0.088515915,0.9829905063291139,nan,nan
SwinIR-lite (L1),BraTS2021_00095,33.24758,0.9811499118804932,0.088444084,0.9774280389314558,nan,nan
SwinIR-lite (L1),BraTS2021_00095,33.056644,0.9814997315406799,0.088016465,0.9726086956521739,nan,nan
SwinIR-lite (L1),BraTS2021_00095,32.788136,0.9751607775688171,0.094823636,0.9768236155159795,nan,nan
SwinIR-lite (L1),BraTS2021_00095,32.91486,0.9759833216667175,0.096014924,0.984002098085497,nan,nan
SwinIR-lite (L1),BraTS2021_00095,32.493214,0.9766705632209778,0.095659785,0.9813902572523262,nan,nan
SwinIR-lite (L1),BraTS2021_00095,32.65974,0.9753737449645996,0.09713179,0.9764003411998863,nan,nan
SwinIR-lite (L1),BraTS2021_00095,32.439747,0.9750427007675171,0.09886841,0.9754426042261565,nan,nan
SwinIR-lite (L1),BraTS2021_00095,32.205975,0.9708852171897888,0.10129822,0.984240261671127,nan,nan
SwinIR-lite (L1),BraTS2021_00095,32.099945,0.9745055437088013,0.101514526,0.9860896445131375,nan,nan
SwinIR-lite (L1),BraTS2021_00095,31.984558,0.9673973321914673,0.10669955,0.9751211631663974,nan,nan
SwinIR-lite (L1),BraTS2021_00095,31.784746,0.9660558104515076,0.110329814,0.9835515273581739,nan,nan
SwinIR-lite (L1),BraTS2021_00095,31.641018,0.9684891104698181,0.10763337,0.9802538787023978,nan,nan
SwinIR-lite (L1),BraTS2021_00095,31.760769,0.9618858098983765,0.11235276,0.9647435897435898,nan,nan
SwinIR-lite (L1),BraTS2021_00095,31.322882,0.9530625939369202,0.12106869,0.9503868912152936,nan,nan
SwinIR-lite (L1),BraTS2021_00095,31.301916,0.9473556280136108,0.12456801,0.9060128429655575,nan,nan
SwinIR-lite (L1),BraTS2021_00095,31.40477,0.9550842046737671,0.12014956,0.890728476821192,nan,nan
SwinIR-lite (L1),BraTS2021_00095,31.079716,0.9481828808784485,0.12703058,0.8394437420986094,nan,nan
SwinIR-lite (L1),BraTS2021_00095,31.008335,0.9509223103523254,0.12639797,0.9211009174311927,nan,nan
SwinIR-lite (L1),BraTS2021_00095,30.949602,0.949631929397583,0.13208173,0.8705234159779615,nan,nan
SwinIR-lite (L1),BraTS2021_00097,30.832022,0.9503651857376099,0.115301624,0.0,nan,nan
SwinIR-lite (L1),BraTS2021_00097,31.398249,0.9560680985450745,0.10928699,0.0,nan,nan
SwinIR-lite (L1),BraTS2021_00097,31.299536,0.9477779269218445,0.112668395,0.1836734693877551,0.0,0.0
SwinIR-lite (L1),BraTS2021_00097,31.40038,0.9546229243278503,0.10666197,0.8135593220338984,0.5128205128205128,0.5128205128205128
SwinIR-lite (L1),BraTS2021_00097,31.21978,0.9493874907493591,0.108129516,0.7978339350180506,0.8439306358381503,0.8439306358381503
SwinIR-lite (L1),BraTS2021_00097,31.32612,0.9501588344573975,0.10625832,0.855457227138643,0.9272727272727272,0.9272727272727272
SwinIR-lite (L1),BraTS2021_00097,31.306211,0.9524911642074585,0.10501947,0.8725361366622865,0.9295774647887324,0.9181494661921709
SwinIR-lite (L1),BraTS2021_00097,31.28627,0.959671139717102,0.10348163,0.895040369088812,0.9053254437869822,0.8773006134969326
SwinIR-lite (L1),BraTS2021_00097,31.036024,0.9564806222915649,0.107534036,0.9152892561983471,0.8960739030023095,0.8372093023255814
SwinIR-lite (L1),BraTS2021_00097,31.193054,0.9600920081138611,0.10303562,0.9002849002849003,0.9192100538599641,0.8962655601659751
SwinIR-lite (L1),BraTS2021_00097,31.037855,0.9650753140449524,0.10283926,0.9403862300587741,0.9585798816568047,0.9469964664310954
SwinIR-lite (L1),BraTS2021_00097,30.969433,0.965770959854126,0.10273214,0.9623944742900997,0.9505208333333334,0.9197530864197531
SwinIR-lite (L1),BraTS2021_00097,31.155823,0.9681769609451294,0.09889352,0.9803636363636363,0.9551886792452831,0.9145299145299145
SwinIR-lite (L1),BraTS2021_00097,31.372269,0.9682030081748962,0.10038323,0.9753694581280788,0.9401129943502825,0.8924889543446245
SwinIR-lite (L1),BraTS2021_00097,31.396431,0.972022533416748,0.09371079,0.9719251336898396,0.8435689455388181,0.8628659476117103
SwinIR-lite (L1),BraTS2021_00097,31.395967,0.971194863319397,0.09664655,0.982028241335045,0.9301355578727841,0.861646234676007
SwinIR-lite (L1),BraTS2021_00097,31.893772,0.9741882085800171,0.09312312,0.9838909541511772,0.8523206751054853,0.8581560283687943
SwinIR-lite (L1),BraTS2021_00097,31.6617,0.9753803014755249,0.09280548,0.9789536981358989,0.8944223107569721,0.8862068965517241
SwinIR-lite (L1),BraTS2021_00097,31.88884,0.9743136167526245,0.09408868,0.9807355516637478,0.9430740037950665,0.8848263254113345
SwinIR-lite (L1),BraTS2021_00097,31.927603,0.9776961803436279,0.08972775,0.9868646487721302,0.8574338085539714,0.8770053475935828
SwinIR-lite (L1),BraTS2021_00097,31.851759,0.9764178395271301,0.09036325,0.9817559863169898,0.8803245436105477,0.875
SwinIR-lite (L1),BraTS2021_00097,31.969616,0.9760838747024536,0.08967322,0.9801023308698124,0.8841893252769386,0.8592592592592593
SwinIR-lite (L1),BraTS2021_00097,31.974098,0.9745447039604187,0.0913541,0.9799885648942253,0.8580576307363927,0.8622754491017964
SwinIR-lite (L1),BraTS2021_00097,32.18409,0.9765851497650146,0.08797914,0.9874429223744292,0.8258928571428571,0.8333333333333334
SwinIR-lite (L1),BraTS2021_00097,32.021744,0.9730812907218933,0.0887657,0.9865102639296187,0.9435146443514645,0.8764044943820225
SwinIR-lite (L1),BraTS2021_00097,32.087395,0.9741600751876831,0.08855734,0.9857651245551602,0.9546891464699684,0.8736842105263158
SwinIR-lite (L1),BraTS2021_00097,32.316605,0.9736468195915222,0.087152824,0.9686946249261665,0.9712460063897763,0.8692699490662139
SwinIR-lite (L1),BraTS2021_00097,32.122463,0.972361147403717,0.089229606,0.9655172413793104,0.9726177437020811,0.8849270664505673
SwinIR-lite (L1),BraTS2021_00097,32.045918,0.9641463756561279,0.09454523,0.952316076294278,0.9872832369942196,0.9071537290715372
SwinIR-lite (L1),BraTS2021_00097,32.174603,0.9706439971923828,0.08940682,0.9699140401146131,0.9562130177514793,0.8810457516339869
SwinIR-lite (L1),BraTS2021_00097,31.737568,0.9643481969833374,0.09624516,0.969743987587277,0.9592875318066157,0.9447368421052632
SwinIR-lite (L1),BraTS2021_00097,31.750393,0.9599363803863525,0.10056582,0.9697478991596639,0.9628610729023384,0.9534555712270804
SwinIR-lite (L1),BraTS2021_00097,31.664545,0.9599943161010742,0.100266464,0.9563567362428842,0.9315068493150684,0.9192546583850931
SwinIR-lite (L1),BraTS2021_00097,31.301125,0.9638988375663757,0.102168165,0.9302832244008714,0.8362235067437379,0.8261758691206544
SwinIR-lite (L1),BraTS2021_00097,31.25806,0.9628350734710693,0.103348576,0.9421686746987952,0.7952380952380952,0.8028846153846154
SwinIR-lite (L1),BraTS2021_00097,31.109192,0.9593889713287354,0.10610705,0.9237170596393898,0.8273092369477911,0.8306451612903226
SwinIR-lite (L1),BraTS2021_00097,31.239388,0.9618277549743652,0.105490945,0.8985507246376812,0.4520547945205479,0.4520547945205479
SwinIR-lite (L1),BraTS2021_00097,31.110779,0.9620969295501709,0.10859659,0.8908145580589255,0.391304347826087,0.37362637362637363
SwinIR-lite (L1),BraTS2021_00097,31.014797,0.9638374447822571,0.10959236,0.9010526315789473,0.0,0.0
SwinIR-lite (L1),BraTS2021_00097,30.79329,0.9604613780975342,0.113682374,0.6397058823529411,nan,nan
SwinIR-lite (L1),BraTS2021_00105,31.466284,0.9907179474830627,0.07676807,0.32298136645962733,nan,nan
SwinIR-lite (L1),BraTS2021_00105,31.32061,0.9896202087402344,0.080554225,0.0,nan,nan
SwinIR-lite (L1),BraTS2021_00105,31.052254,0.9897900223731995,0.0807917,0.1856763925729443,nan,nan
SwinIR-lite (L1),BraTS2021_00105,31.031382,0.9897358417510986,0.07941005,0.7441176470588236,nan,nan
SwinIR-lite (L1),BraTS2021_00105,31.191895,0.9889842867851257,0.08090443,0.42813455657492355,nan,nan
SwinIR-lite (L1),BraTS2021_00105,30.6624,0.9878588318824768,0.08355932,0.76374156219865,nan,nan
SwinIR-lite (L1),BraTS2021_00105,29.926926,0.9835355281829834,0.09123591,0.7682008368200837,nan,nan
SwinIR-lite (L1),BraTS2021_00105,30.123276,0.9827538728713989,0.08540258,0.8657675016056519,0.0,0.0
SwinIR-lite (L1),BraTS2021_00105,30.613804,0.9825350046157837,0.08077113,0.7787114845938375,0.5192307692307693,0.5192307692307693
SwinIR-lite (L1),BraTS2021_00105,30.450077,0.9828511476516724,0.08040489,0.8725834797891037,0.5869158878504673,0.583804143126177
SwinIR-lite (L1),BraTS2021_00105,30.389297,0.9812015295028687,0.08050334,0.8851884312007011,0.8712241653418124,0.8431372549019608
SwinIR-lite (L1),BraTS2021_00105,30.383358,0.979252278804779,0.079791956,0.8811715481171548,0.8918918918918919,0.862547288776797
SwinIR-lite (L1),BraTS2021_00105,30.383577,0.9802169799804688,0.07719071,0.839835728952772,0.8268482490272373,0.7957894736842105
SwinIR-lite (L1),BraTS2021_00105,30.504059,0.9790470004081726,0.076990366,0.8738483345145287,0.868231046931408,0.7941463414634147
SwinIR-lite (L1),BraTS2021_00105,30.238983,0.9783164858818054,0.07717299,0.8561354019746121,0.8801996672212978,0.7896678966789668
SwinIR-lite (L1),BraTS2021_00105,30.444754,0.9771963953971863,0.07640756,0.915057915057915,0.8653250773993808,0.7795414462081128
SwinIR-lite (L1),BraTS2021_00105,30.710804,0.9757053852081299,0.075960085,0.8598533850797757,0.7933194154488518,0.8003502626970228
SwinIR-lite (L1),BraTS2021_00105,30.305775,0.9736301302909851,0.07702115,0.931845356715823,0.7665594855305466,0.7924528301886793
SwinIR-lite (L1),BraTS2021_00105,30.259516,0.9689853191375732,0.07805577,0.8979591836734694,0.7648942985265855,0.7809878844361603
SwinIR-lite (L1),BraTS2021_00105,30.340212,0.9686075448989868,0.07522597,0.9322645290581162,0.7648136835675016,0.7707948243992606
SwinIR-lite (L1),BraTS2021_00105,30.530128,0.9638014435768127,0.0758922,0.9004048582995952,0.8279329608938547,0.8184931506849316
SwinIR-lite (L1),BraTS2021_00105,30.741676,0.9693808555603027,0.07151884,0.9271623672230652,0.8225892381459776,0.8009669621273167
SwinIR-lite (L1),BraTS2021_00105,30.53313,0.966710090637207,0.072513275,0.9285981308411215,0.851063829787234,0.8003207698476343
SwinIR-lite (L1),BraTS2021_00105,30.497124,0.9666030406951904,0.073823296,0.9195485984710593,0.8029978586723768,0.7933333333333333
SwinIR-lite (L1),BraTS2021_00105,30.463465,0.9625733494758606,0.0746933,0.8919107391910739,0.8308718437351119,0.7585669781931464
SwinIR-lite (L1),BraTS2021_00105,30.498291,0.9637789130210876,0.072500356,0.9109096592685214,0.897766323024055,0.7366984993178718
SwinIR-lite (L1),BraTS2021_00105,30.468695,0.9665916562080383,0.073309444,0.9118993135011442,0.8435897435897436,0.7651821862348178
SwinIR-lite (L1),BraTS2021_00105,30.435602,0.9622358679771423,0.07391856,0.906636670416198,0.817946505608283,0.7553956834532374
SwinIR-lite (L1),BraTS2021_00105,30.469292,0.9601120948791504,0.07597245,0.8848484848484849,0.8678071539657853,0.8019925280199253
SwinIR-lite (L1),BraTS2021_00105,30.403164,0.9624804258346558,0.075828046,0.9527638190954774,0.8825701624815362,0.7763558805606338
SwinIR-lite (L1),BraTS2021_00105,30.593071,0.9649921655654907,0.07403589,0.9328999303459484,0.8990889978976875,0.7158536585365853
SwinIR-lite (L1),BraTS2021_00105,30.502056,0.9659639596939087,0.07411215,0.9181969949916527,0.9139679424272162,0.7614457831325301
SwinIR-lite (L1),BraTS2021_00105,30.57234,0.9675151109695435,0.0729324,0.9438305709023941,0.9158576051779935,0.7569620253164557
SwinIR-lite (L1),BraTS2021_00105,30.49578,0.9687177538871765,0.073088095,0.953971119133574,0.9386196769456682,0.7696793002915452
SwinIR-lite (L1),BraTS2021_00105,30.683897,0.9688348174095154,0.07367568,0.9398545935228024,0.9509569377990431,0.788538681948424
SwinIR-lite (L1),BraTS2021_00105,30.612604,0.9687280654907227,0.07342506,0.919727292720475,0.9628595364423346,0.7993079584775087
SwinIR-lite (L1),BraTS2021_00105,30.543165,0.9713353514671326,0.07182784,0.9395003097253768,0.9499020431010355,0.7394695787831513
SwinIR-lite (L1),BraTS2021_00105,30.527184,0.9707543849945068,0.07189365,0.9715527459502173,0.9767441860465116,0.7655109489051095
SwinIR-lite (L1),BraTS2021_00105,30.774967,0.9674711227416992,0.07265721,0.8994547437295529,0.9253561253561253,0.7738153395212506
SwinIR-lite (L1),BraTS2021_00105,30.754547,0.9676861763000488,0.07259534,0.9468841488916772,0.9374814814814815,0.7961557916034395
SwinIR-lite (L1),BraTS2021_00105,30.883987,0.9703191518783569,0.069353536,0.9773554387383745,0.9595473833097595,0.8056206088992974
SwinIR-lite (L1),BraTS2021_00105,30.880308,0.9666749835014343,0.06913398,0.9523016038325349,0.9365269461077844,0.7932203389830509
SwinIR-lite (L1),BraTS2021_00105,31.144989,0.9675121307373047,0.06919997,0.9652317880794702,0.9567990721948391,0.7534053546265852
SwinIR-lite (L1),BraTS2021_00105,31.147812,0.964398980140686,0.06862344,0.8415067519545132,0.7965635738831615,0.7927612375948628
SwinIR-lite (L1),BraTS2021_00105,31.240656,0.9623132348060608,0.06801952,0.8654666035054477,0.8234887737478411,0.7779772591262717
SwinIR-lite (L1),BraTS2021_00105,31.336197,0.9666978716850281,0.06740028,0.9258597588209022,0.821617802896503,0.7734553775743707
SwinIR-lite (L1),BraTS2021_00105,31.296932,0.961279034614563,0.06767846,0.8837651533159021,0.8159531650201244,0.7834793491864831
SwinIR-lite (L1),BraTS2021_00105,31.237026,0.9582048654556274,0.06841794,0.9668012561686855,0.8903043170559094,0.74187832250443
SwinIR-lite (L1),BraTS2021_00105,31.26461,0.9629200100898743,0.066831276,0.9617586443782917,0.8560763168809623,0.7848275862068965
SwinIR-lite (L1),BraTS2021_00105,31.377865,0.9531423449516296,0.067727335,0.9158453373768006,0.8442028985507246,0.7445573294629898
SwinIR-lite (L1),BraTS2021_00105,31.237364,0.9570471048355103,0.06812755,0.9519716885743175,0.8935064935064935,0.8211586901763224
SwinIR-lite (L1),BraTS2021_00105,31.535349,0.9566748142242432,0.06742668,0.9382651732221933,0.9177083333333333,0.8114285714285714
SwinIR-lite (L1),BraTS2021_00105,31.445105,0.9553248882293701,0.06861134,0.946236559139785,0.9062146892655367,0.8087336244541484
SwinIR-lite (L1),BraTS2021_00105,31.470444,0.9517459869384766,0.06778565,0.9488975356679636,0.9253208868144691,0.797588285960379
SwinIR-lite (L1),BraTS2021_00105,31.51697,0.9533061981201172,0.06932488,0.9408906882591093,0.9484924623115578,0.8056951423785594
SwinIR-lite (L1),BraTS2021_00105,31.394274,0.9618666172027588,0.06667923,0.9278247884519661,0.8676557863501484,0.7382352941176471
SwinIR-lite (L1),BraTS2021_00105,31.33429,0.9562042951583862,0.068429604,0.9155328798185941,0.9452529452529452,0.815831987075929
SwinIR-lite (L1),BraTS2021_00105,31.306568,0.9594391584396362,0.0689516,0.9346143581531893,0.8863013698630137,0.7717569786535303
SwinIR-lite (L1),BraTS2021_00105,31.34123,0.9650237560272217,0.06773539,0.9419283134203945,0.9203252032520325,0.8552631578947368
SwinIR-lite (L1),BraTS2021_00105,31.379148,0.967601478099823,0.06799701,0.9241097489784005,0.9482439926062847,0.8765957446808511
SwinIR-lite (L1),BraTS2021_00105,31.091936,0.9671857357025146,0.07042643,0.933939393939394,0.8776824034334764,0.8975356679636836
SwinIR-lite (L1),BraTS2021_00105,31.027699,0.9662692546844482,0.07168075,0.9327407407407408,0.8367546432062561,0.7339003645200486
SwinIR-lite (L1),BraTS2021_00105,31.02296,0.9637425541877747,0.07207974,0.9352922788371366,0.7233626588465298,0.5975
SwinIR-lite (L1),BraTS2021_00105,31.11008,0.9653885364532471,0.07450681,0.7790697674418605,0.5181818181818182,0.7055016181229773
SwinIR-lite (L1),BraTS2021_00105,30.557392,0.966044008731842,0.07671428,0.9128378378378378,0.6510948905109489,0.6057142857142858
SwinIR-lite (L1),BraTS2021_00105,30.7243,0.9702491760253906,0.076587036,0.732738374823861,0.011428571428571429,0.01834862385321101
SwinIR-lite (L1),BraTS2021_00105,30.738008,0.9745381474494934,0.075723365,0.7013643254168772,0.0,0.0
SwinIR-lite (L1),BraTS2021_00105,30.57926,0.9757320284843445,0.07865391,0.912910284463895,0.0,0.0
SwinIR-lite (L1),BraTS2021_00105,30.354755,0.9766340851783752,0.08054363,0.910039113428944,0.16470588235294117,0.03508771929824561
SwinIR-lite (L1),BraTS2021_00105,30.260027,0.9787287712097168,0.08183072,0.912067352666043,0.0,nan
SwinIR-lite (L1),BraTS2021_00105,30.267103,0.9803184866905212,0.083222106,0.8197278911564626,nan,nan
SwinIR-lite (L1),BraTS2021_00105,30.167742,0.982826828956604,0.0840512,0.896875,nan,nan
SwinIR-lite (L1),BraTS2021_00105,29.939955,0.983176589012146,0.08785244,0.7620396600566572,nan,nan
SwinIR-lite (L1),BraTS2021_00105,30.05635,0.9846649169921875,0.08997344,0.8641370869033048,0.0,0.0
SwinIR-lite (L1),BraTS2021_00105,29.974958,0.9862005114555359,0.089986905,0.8508634222919937,nan,nan
SwinIR-lite (L1),BraTS2021_00105,30.323927,0.9874410033226013,0.09180487,0.807502467917078,nan,nan
SwinIR-lite (L1),BraTS2021_00105,30.18585,0.9885609149932861,0.09241392,0.8077858880778589,nan,nan
SwinIR-lite (L1),BraTS2021_00105,30.115004,0.9884185194969177,0.09781499,0.8028368794326242,nan,nan
SwinIR-lite (L1),BraTS2021_00105,30.107668,0.9888444542884827,0.10175663,0.6774193548387096,nan,nan
SwinIR-lite (L1),BraTS2021_00105,30.337002,0.9888936877250671,0.10784133,0.6486486486486487,nan,nan
SwinIR-lite (L1),BraTS2021_00106,29.243002,0.9703658819198608,0.09498039,0.4803921568627451,nan,nan
SwinIR-lite (L1),BraTS2021_00106,29.615385,0.9708017110824585,0.08950564,0.671875,nan,nan
SwinIR-lite (L1),BraTS2021_00106,29.60763,0.9704908132553101,0.088628195,0.7292576419213974,nan,nan
SwinIR-lite (L1),BraTS2021_00106,29.666687,0.9669631123542786,0.08524819,0.745928338762215,nan,nan
SwinIR-lite (L1),BraTS2021_00106,29.849394,0.9661688804626465,0.083263315,0.7390817469204927,nan,nan
SwinIR-lite (L1),BraTS2021_00106,30.139065,0.9610798358917236,0.079804085,0.8100734522560336,nan,nan
SwinIR-lite (L1),BraTS2021_00106,30.425144,0.9602569341659546,0.07759712,0.7935533384497314,nan,nan
SwinIR-lite (L1),BraTS2021_00106,30.571262,0.959857165813446,0.07258465,0.690625,0.0,0.0
SwinIR-lite (L1),BraTS2021_00106,30.830172,0.9635947942733765,0.06898265,0.730319563522993,0.0,0.0
SwinIR-lite (L1),BraTS2021_00106,31.340466,0.9653891324996948,0.067270495,0.8158000806126562,0.0,0.0
SwinIR-lite (L1),BraTS2021_00106,31.425308,0.9673894643783569,0.0657813,0.8871715610510046,0.0,0.0
SwinIR-lite (L1),BraTS2021_00106,32.001022,0.9742896556854248,0.06051716,0.9017461558509252,0.0,0.0
SwinIR-lite (L1),BraTS2021_00106,31.947685,0.9777415990829468,0.0588384,0.9032688458972649,0.010101010101010102,0.012195121951219513
SwinIR-lite (L1),BraTS2021_00106,31.954967,0.9798458814620972,0.05835141,0.8683910232027386,0.0024691358024691358,0.0029806259314456036
SwinIR-lite (L1),BraTS2021_00106,31.769907,0.9803459048271179,0.059306916,0.8837209302325582,0.01405152224824356,0.017069701280227598
SwinIR-lite (L1),BraTS2021_00106,31.626678,0.9810948371887207,0.05829015,0.8658407079646018,0.06436233611442194,0.07871720116618076
SwinIR-lite (L1),BraTS2021_00106,31.8287,0.9836825132369995,0.05677147,0.8829644533869886,0.02536997885835095,0.01556420233463035
SwinIR-lite (L1),BraTS2021_00106,31.966938,0.9816148281097412,0.058591105,0.9252776842813868,0.13176007866273354,0.07017543859649122
SwinIR-lite (L1),BraTS2021_00106,31.827927,0.9840590357780457,0.056519948,0.9130768051510041,0.02482544608223429,0.0057361376673040155
SwinIR-lite (L1),BraTS2021_00106,32.163574,0.9831452965736389,0.056292348,0.9013157894736842,0.0061823802163833074,0.0074142724745134385
SwinIR-lite (L1),BraTS2021_00106,32.227192,0.9837353229522705,0.05567574,0.9133302653781254,0.10084033613445378,0.058284762697751874
SwinIR-lite (L1),BraTS2021_00106,32.128777,0.9836711287498474,0.05515229,0.9272307248050823,0.13857677902621723,0.08235294117647059
SwinIR-lite (L1),BraTS2021_00106,31.793173,0.9841390252113342,0.055591214,0.9272875816993464,0.15637860082304528,0.07123287671232877
SwinIR-lite (L1),BraTS2021_00106,32.209953,0.9830317497253418,0.05445207,0.9190131402520783,0.20883054892601433,0.11616515045486354
SwinIR-lite (L1),BraTS2021_00106,32.112556,0.9839666485786438,0.055369157,0.9317166560306318,0.0389937106918239,0.01998572448251249
SwinIR-lite (L1),BraTS2021_00106,32.10311,0.9827631711959839,0.054262005,0.9533473580002475,0.5486238532110091,0.31028262176788934
SwinIR-lite (L1),BraTS2021_00106,31.888006,0.9825780391693115,0.05537817,0.9453970570351453,0.2422907488986784,0.2197514715500327
SwinIR-lite (L1),BraTS2021_00106,31.747066,0.9827220439910889,0.056393284,0.961232843727426,0.6938943894389439,0.41720683559222155
SwinIR-lite (L1),BraTS2021_00106,31.704847,0.9842289090156555,0.056818455,0.9475425330812854,0.2762008733624454,0.2876076872100729
SwinIR-lite (L1),BraTS2021_00106,31.664885,0.9833938479423523,0.056458455,0.9567599761762954,0.8261183261183261,0.6611570247933884
SwinIR-lite (L1),BraTS2021_00106,31.8585,0.9843087792396545,0.05457944,0.9560754356648364,0.7583557433730311,0.5905963302752294
SwinIR-lite (L1),BraTS2021_00106,31.634542,0.9841111898422241,0.056288853,0.965354144495684,0.7885331347728965,0.6413043478260869
SwinIR-lite (L1),BraTS2021_00106,31.560535,0.9856682419776917,0.056980602,0.9539170506912442,0.7729831144465291,0.6229321163719338
SwinIR-lite (L1),BraTS2021_00106,31.544205,0.9849728345870972,0.057419077,0.9585253456221198,0.6930289441500204,0.5887290167865707
SwinIR-lite (L1),BraTS2021_00106,31.76901,0.9841076731681824,0.055685367,0.9545236955481091,0.7810693641618497,0.6903553299492385
SwinIR-lite (L1),BraTS2021_00106,31.944883,0.9845641851425171,0.054873873,0.9383712399119589,0.7613762486126526,0.6699615595826469
SwinIR-lite (L1),BraTS2021_00106,31.601248,0.9862509369850159,0.05683289,0.9629104653909757,0.8548963545389564,0.7093970668115155
SwinIR-lite (L1),BraTS2021_00106,31.420399,0.9845969080924988,0.058547482,0.9679385590637571,0.8755395683453238,0.7553191489361702
SwinIR-lite (L1),BraTS2021_00106,31.423838,0.9864728450775146,0.05750109,0.9666626257728209,0.8744968898646176,0.7107728337236534
SwinIR-lite (L1),BraTS2021_00106,31.752533,0.9841679930686951,0.05707547,0.9443790079832483,0.7386411004585244,0.7006845052893591
SwinIR-lite (L1),BraTS2021_00106,31.52731,0.9859113693237305,0.056749225,0.9622063329928499,0.7757828810020877,0.742319749216301
SwinIR-lite (L1),BraTS2021_00106,31.648354,0.9848216772079468,0.05651409,0.9743054649797835,0.9174041297935103,0.8098974049487024
SwinIR-lite (L1),BraTS2021_00106,31.488676,0.9851470589637756,0.058241412,0.9635347351610327,0.523045054375971,0.6075353218210361
SwinIR-lite (L1),BraTS2021_00106,31.623356,0.9861332774162292,0.0573919,0.9595758780649437,0.7426823940585409,0.7547169811320755
SwinIR-lite (L1),BraTS2021_00106,31.457825,0.9845290780067444,0.05950537,0.9817412013760254,0.944364161849711,0.8278021289918598
SwinIR-lite (L1),BraTS2021_00106,31.607733,0.9854113459587097,0.05881881,0.972528201725282,0.902504816955684,0.801762114537445
SwinIR-lite (L1),BraTS2021_00106,31.42068,0.9860888123512268,0.059247322,0.9674892283587936,0.9316533027873234,0.7988077496274217
SwinIR-lite (L1),BraTS2021_00106,31.539062,0.9860510230064392,0.05971437,0.9681794470526864,0.8818327974276527,0.8105590062111802
SwinIR-lite (L1),BraTS2021_00106,31.558477,0.9860186576843262,0.060439408,0.9578961349448798,0.6761391474767271,0.7019064124783362
SwinIR-lite (L1),BraTS2021_00106,31.318684,0.9842263460159302,0.06255806,0.9499273351829832,0.8947368421052632,0.7695924764890282
SwinIR-lite (L1),BraTS2021_00106,31.020557,0.9848123788833618,0.06446234,0.9353830119854091,0.8539224526600541,0.7615593834995467
SwinIR-lite (L1),BraTS2021_00106,31.00122,0.9844432473182678,0.064064875,0.9364468621467428,0.8640595903165735,0.7701647875108413
SwinIR-lite (L1),BraTS2021_00106,30.996765,0.984346330165863,0.06672195,0.9337062937062937,0.41892832289492,0.6157575757575757
SwinIR-lite (L1),BraTS2021_00106,31.014534,0.9845539927482605,0.067908674,0.9233847913093196,0.32313725490196077,0.523943661971831
SwinIR-lite (L1),BraTS2021_00106,30.73408,0.9823154807090759,0.07206506,0.919347461503278,0.2360034453057709,0.4125984251968504
SwinIR-lite (L1),BraTS2021_00106,30.537548,0.982984721660614,0.07263936,0.931196128837139,0.26905829596412556,0.4396694214876033
SwinIR-lite (L1),BraTS2021_00106,30.840004,0.9831568002700806,0.07333274,0.9204803635183382,0.2404692082111437,0.4080145719489982
SwinIR-lite (L1),BraTS2021_00106,30.797844,0.9830610752105713,0.07559986,0.8839681133746679,0.19368879216539717,0.36325678496868474
SwinIR-lite (L1),BraTS2021_00106,30.457773,0.9842567443847656,0.07891754,0.893806889166518,0.17212121212121212,0.30985915492957744
SwinIR-lite (L1),BraTS2021_00106,30.482815,0.9844039082527161,0.08252659,0.8646015975063316,0.09361702127659574,0.18082191780821918
SwinIR-lite (L1),BraTS2021_00106,30.495169,0.9854635000228882,0.08447883,0.888652783680408,0.05211726384364821,0.08125
SwinIR-lite (L1),BraTS2021_00106,30.308323,0.9858992695808411,0.08834847,0.8945049849292835,0.0,0.0
SwinIR-lite (L1),BraTS2021_00106,30.467796,0.9864932298660278,0.09113917,0.9110996916752312,0.0,0.0
SwinIR-lite (L1),BraTS2021_00106,30.853413,0.9879159331321716,0.090146236,0.8931648477886273,0.0,0.0
SwinIR-lite (L1),BraTS2021_00106,30.802399,0.9877544045448303,0.0971572,0.867205169628433,0.0,0.0
SwinIR-lite (L1),BraTS2021_00106,30.98339,0.9887760281562805,0.09864853,0.8335766423357664,0.0,0.0
SwinIR-lite (L1),BraTS2021_00106,30.933275,0.9887562990188599,0.10489288,0.8153710247349824,0.0,0.0
SwinIR-lite (L1),BraTS2021_00106,31.005764,0.9882553815841675,0.11292464,0.8250157927984839,0.0,nan
SwinIR-lite (L1),BraTS2021_00106,31.86597,0.9893125891685486,0.112987645,0.7992087042532147,nan,nan
SwinIR-lite (L1),BraTS2021_00106,32.36464,0.9890244007110596,0.11949042,0.774526678141136,nan,nan
SwinIR-lite (L1),BraTS2021_00106,32.91433,0.9891567230224609,0.1232914,0.5137614678899083,nan,nan
SwinIR-lite (L1),BraTS2021_00109,30.498196,0.9802265763282776,0.07373133,0.147117296222664,nan,nan
SwinIR-lite (L1),BraTS2021_00109,30.192738,0.9756389856338501,0.075618014,0.23484848484848486,0.0,0.0
SwinIR-lite (L1),BraTS2021_00109,30.417938,0.9798305034637451,0.072094895,0.25093167701863356,0.0,0.0
SwinIR-lite (L1),BraTS2021_00109,30.336637,0.9766401052474976,0.07346119,0.3296969696969697,0.0,0.0
SwinIR-lite (L1),BraTS2021_00109,30.27688,0.976841390132904,0.072214335,0.31511254019292606,0.0,0.0
SwinIR-lite (L1),BraTS2021_00109,30.190056,0.9712751507759094,0.07409527,0.4371584699453552,0.0,0.0
SwinIR-lite (L1),BraTS2021_00109,30.501997,0.9741411805152893,0.06914924,0.27506112469437655,0.0,0.0
SwinIR-lite (L1),BraTS2021_00109,30.704178,0.9729247689247131,0.06815506,0.5286656519533232,0.0,0.0
SwinIR-lite (L1),BraTS2021_00109,31.162655,0.9700202345848083,0.066169,0.3971631205673759,0.0,0.0
SwinIR-lite (L1),BraTS2021_00109,31.149511,0.9721535444259644,0.06291486,0.4997864160615122,0.0,0.0
SwinIR-lite (L1),BraTS2021_00109,31.580236,0.9712135791778564,0.06284042,0.4862778730703259,0.0,0.0
SwinIR-lite (L1),BraTS2021_00109,31.479645,0.97491055727005,0.061344773,0.5614035087719298,0.10558069381598793,0.25301204819277107
SwinIR-lite (L1),BraTS2021_00109,31.69736,0.9751097559928894,0.06102528,0.7128284389489954,0.3577430972388956,0.6526315789473685
SwinIR-lite (L1),BraTS2021_00109,31.757477,0.9734998941421509,0.060719755,0.6724028043339707,0.2122905027932961,0.3813559322033898
SwinIR-lite (L1),BraTS2021_00109,31.336477,0.9762917160987854,0.06065685,0.7413600891861761,0.30177514792899407,0.47058823529411764
SwinIR-lite (L1),BraTS2021_00109,31.61776,0.9750192761421204,0.060444094,0.7662492546213476,0.24778761061946902,0.41595441595441596
SwinIR-lite (L1),BraTS2021_00109,31.26378,0.9758162498474121,0.062758125,0.7839420128240869,0.4628237259816207,0.3045977011494253
SwinIR-lite (L1),BraTS2021_00109,31.266026,0.9781527519226074,0.060561694,0.7953041622198506,0.7559483344663495,0.42588726513569936
SwinIR-lite (L1),BraTS2021_00109,31.225826,0.975625216960907,0.06207469,0.8373684210526315,0.551948051948052,0.45528455284552843
SwinIR-lite (L1),BraTS2021_00109,31.236343,0.979138195514679,0.05983133,0.7625531914893617,0.6646751306945482,0.5047619047619047
SwinIR-lite (L1),BraTS2021_00109,31.152332,0.975062370300293,0.06071226,0.8563738683631025,0.654320987654321,0.5416666666666666
SwinIR-lite (L1),BraTS2021_00109,31.247509,0.9790090322494507,0.059297588,0.7283191109347092,0.6772968868640851,0.625
SwinIR-lite (L1),BraTS2021_00109,31.317509,0.9772154688835144,0.05977491,0.7639630888780962,0.5131348511383538,0.6626984126984127
SwinIR-lite (L1),BraTS2021_00109,31.470276,0.9804826974868774,0.05836894,0.7748858447488585,0.5399305555555556,0.7302752293577982
SwinIR-lite (L1),BraTS2021_00109,31.709785,0.9799844026565552,0.05765606,0.8264536173990236,0.636734693877551,0.8115942028985508
SwinIR-lite (L1),BraTS2021_00109,31.793541,0.9786471128463745,0.05752035,0.8435589766810052,0.6324237560192616,0.7312186978297162
SwinIR-lite (L1),BraTS2021_00109,31.721062,0.9805455207824707,0.056841653,0.8621742193003052,0.5508474576271186,0.7256317689530686
SwinIR-lite (L1),BraTS2021_00109,31.878323,0.9786616563796997,0.055625692,0.7947269303201506,0.5334522747546833,0.8126094570928196
SwinIR-lite (L1),BraTS2021_00109,31.90954,0.9815981388092041,0.054239303,0.7852538275584207,0.4897560975609756,0.7977941176470589
SwinIR-lite (L1),BraTS2021_00109,31.919258,0.9795365929603577,0.054903556,0.8187062216728471,0.6436781609195402,0.729903536977492
SwinIR-lite (L1),BraTS2021_00109,31.975868,0.9767577052116394,0.055429194,0.8541484716157205,0.7054409005628518,0.7380560131795717
SwinIR-lite (L1),BraTS2021_00109,32.075813,0.9777344465255737,0.054430865,0.8152197682046797,0.5087719298245614,0.7122153209109731
SwinIR-lite (L1),BraTS2021_00109,32.05194,0.9773989319801331,0.055006962,0.8118279569892473,0.6673095467695275,0.75
SwinIR-lite (L1),BraTS2021_00109,31.774548,0.9769254326820374,0.05581522,0.758341369334619,0.6728016359918201,0.7677543186180422
SwinIR-lite (L1),BraTS2021_00109,32.208416,0.977418839931488,0.054779872,0.8696498054474708,0.6925434116445353,0.7902621722846442
SwinIR-lite (L1),BraTS2021_00109,32.214222,0.9787025451660156,0.05449583,0.8415167719980554,0.6913907284768211,0.7393162393162394
SwinIR-lite (L1),BraTS2021_00109,32.02542,0.9775553941726685,0.05661507,0.7519747235387045,0.6204986149584487,0.7350427350427351
SwinIR-lite (L1),BraTS2021_00109,31.922218,0.9819667339324951,0.054558013,0.7289439931594699,0.7394957983193278,0.8140043763676149
SwinIR-lite (L1),BraTS2021_00109,32.197765,0.9787113070487976,0.056135602,0.8022130013831259,0.4612736660929432,0.6545454545454545
SwinIR-lite (L1),BraTS2021_00109,31.94661,0.9815449118614197,0.055707842,0.6646642351426733,0.3789868667917448,0.6209386281588448
SwinIR-lite (L1),BraTS2021_00109,31.982811,0.981287956237793,0.056194216,0.7509641873278237,0.28336755646817247,0.6213592233009708
SwinIR-lite (L1),BraTS2021_00109,31.782356,0.9815329313278198,0.056854285,0.7075757575757575,0.22760290556900725,0.5732484076433121
SwinIR-lite (L1),BraTS2021_00109,31.853895,0.9803701639175415,0.0572332,0.7479303454182129,0.1671309192200557,0.625
SwinIR-lite (L1),BraTS2021_00109,31.672228,0.9814819693565369,0.058690168,0.7941176470588235,0.0,0.0
SwinIR-lite (L1),BraTS2021_00109,31.740408,0.9804219007492065,0.059062663,0.6918882072256305,0.0,nan
SwinIR-lite (L1),BraTS2021_00109,31.720913,0.9833624362945557,0.05872366,0.6566826787228031,nan,nan
SwinIR-lite (L1),BraTS2021_00109,31.561949,0.9823492169380188,0.060067423,0.6403884604398743,nan,nan
SwinIR-lite (L1),BraTS2021_00109,31.557934,0.9822633862495422,0.06241613,0.8133789433675409,nan,nan
SwinIR-lite (L1),BraTS2021_00109,31.608677,0.9831792116165161,0.06036842,0.8054443554843875,0.0,0.0
SwinIR-lite (L1),BraTS2021_00109,31.334543,0.981827437877655,0.06322651,0.7243788819875776,nan,nan
SwinIR-lite (L1),BraTS2021_00109,30.96059,0.9816855788230896,0.06606832,0.8703427719821163,nan,nan
SwinIR-lite (L1),BraTS2021_00109,30.822315,0.9800073504447937,0.067757376,0.8650107991360692,nan,nan
SwinIR-lite (L1),BraTS2021_00109,30.57127,0.9809170961380005,0.07043502,0.7414428646656135,nan,nan
SwinIR-lite (L1),BraTS2021_00109,30.250385,0.9820840358734131,0.072688706,0.7914252607184241,nan,nan
SwinIR-lite (L1),BraTS2021_00109,30.448044,0.9830855131149292,0.0726497,0.6770219603642207,nan,nan
SwinIR-lite (L1),BraTS2021_00109,30.310175,0.9819672703742981,0.07644944,0.8036853295535081,nan,nan
SwinIR-lite (L1),BraTS2021_00109,30.106236,0.9830456972122192,0.07861972,0.8480268681780017,nan,nan
SwinIR-lite (L1),BraTS2021_00109,29.995802,0.9854292869567871,0.07795928,0.8240827845719662,nan,nan
SwinIR-lite (L1),BraTS2021_00109,30.013386,0.9852970838546753,0.0821384,0.691358024691358,nan,nan
SwinIR-lite (L1),BraTS2021_00109,30.253202,0.9869868755340576,0.082504965,0.704516129032258,nan,nan
SwinIR-lite (L1),BraTS2021_00109,30.347092,0.988481879234314,0.08213903,0.6645367412140575,nan,nan
SwinIR-lite (L1),BraTS2021_00109,30.525978,0.9894076585769653,0.08312496,0.5372050816696915,nan,nan
SwinIR-lite (L1),BraTS2021_00109,30.730019,0.9898780584335327,0.083867736,0.5985401459854015,nan,nan
SwinIR-lite (L1),BraTS2021_00109,30.671396,0.9901154637336731,0.08567207,0.5240641711229946,nan,nan
SwinIR-lite (L1),BraTS2021_00109,30.705698,0.9905999302864075,0.08801348,0.6188340807174888,nan,nan
SwinIR-lite (L1),BraTS2021_00110,30.032118,0.9785961508750916,0.06941947,0.5145985401459854,nan,nan
SwinIR-lite (L1),BraTS2021_00110,30.11758,0.9795269966125488,0.069312565,0.7159090909090909,nan,nan
SwinIR-lite (L1),BraTS2021_00110,29.777908,0.979918360710144,0.06935411,0.7071197411003236,nan,nan
SwinIR-lite (L1),BraTS2021_00110,30.312082,0.982639729976654,0.066538274,0.7810831426392068,nan,nan
SwinIR-lite (L1),BraTS2021_00110,30.047146,0.9828972220420837,0.066907875,0.7648942985265855,nan,nan
SwinIR-lite (L1),BraTS2021_00110,30.333998,0.9850825071334839,0.064805634,0.7983193277310925,nan,nan
SwinIR-lite (L1),BraTS2021_00110,30.300785,0.9857209920883179,0.06511945,0.7969543147208121,nan,nan
SwinIR-lite (L1),BraTS2021_00110,30.391754,0.9867504835128784,0.06324605,0.8343399482312338,nan,nan
SwinIR-lite (L1),BraTS2021_00110,30.535276,0.9868374466896057,0.06274893,0.8731428571428571,nan,nan
SwinIR-lite (L1),BraTS2021_00110,30.875807,0.9888317584991455,0.0594936,0.8695955369595537,nan,nan
SwinIR-lite (L1),BraTS2021_00110,30.903093,0.9886284470558167,0.059446305,0.8799212598425197,0.0,nan
SwinIR-lite (L1),BraTS2021_00110,30.794449,0.9886519908905029,0.058255818,0.8304061470911087,nan,nan
SwinIR-lite (L1),BraTS2021_00110,30.906181,0.987847626209259,0.058462232,0.8888293597642647,nan,nan
SwinIR-lite (L1),BraTS2021_00110,31.239246,0.9878172874450684,0.05678059,0.9205263157894736,nan,nan
SwinIR-lite (L1),BraTS2021_00110,31.002441,0.9872209429740906,0.057205867,0.860345632881831,0.0,0.0
SwinIR-lite (L1),BraTS2021_00110,30.851715,0.9861657619476318,0.05806582,0.8612945838837517,0.6060606060606061,0.6557377049180327
SwinIR-lite (L1),BraTS2021_00110,30.868607,0.9869164228439331,0.057435762,0.8616155291170946,0.8982035928143712,0.9079754601226994
SwinIR-lite (L1),BraTS2021_00110,30.730297,0.9853990077972412,0.05946148,0.8720112517580872,0.9224489795918367,0.9180327868852459
SwinIR-lite (L1),BraTS2021_00110,30.788116,0.982986330986023,0.060411256,0.8994855559952513,0.9315068493150684,0.9458689458689459
SwinIR-lite (L1),BraTS2021_00110,30.710724,0.9848089814186096,0.0596401,0.8904567396955069,0.9403669724770642,0.9433962264150944
SwinIR-lite (L1),BraTS2021_00110,30.428522,0.9853189587593079,0.059406612,0.8496864938146077,0.9635627530364372,0.964509394572025
SwinIR-lite (L1),BraTS2021_00110,30.290297,0.9854335188865662,0.061995603,0.8855483430133242,0.9511278195488722,0.9555125725338491
SwinIR-lite (L1),BraTS2021_00110,30.220352,0.9861555099487305,0.06069741,0.9033248081841432,0.9156193895870736,0.9296296296296296
SwinIR-lite (L1),BraTS2021_00110,30.655622,0.9861108660697937,0.06129985,0.935933147632312,0.9424242424242424,0.9347826086956522
SwinIR-lite (L1),BraTS2021_00110,30.196331,0.9870522022247314,0.062157057,0.9134097035040432,0.925035360678925,0.9310344827586207
SwinIR-lite (L1),BraTS2021_00110,30.374855,0.9870758056640625,0.061477162,0.9226079593564775,0.9156010230179028,0.9315789473684211
SwinIR-lite (L1),BraTS2021_00110,30.137653,0.986739456653595,0.062213343,0.8919275123558484,0.9138920780711826,0.9372781065088758
SwinIR-lite (L1),BraTS2021_00110,30.101917,0.9869956970214844,0.06422893,0.9288558075125498,0.9016216216216216,0.9263392857142857
SwinIR-lite (L1),BraTS2021_00110,30.14095,0.9863484501838684,0.06480739,0.918462334080331,0.9215491559086395,0.9422680412371134
SwinIR-lite (L1),BraTS2021_00110,29.990658,0.9859171509742737,0.06659468,0.9118003812164269,0.9607476635514018,0.9667616334283001
SwinIR-lite (L1),BraTS2021_00110,29.981163,0.9864094853401184,0.0664684,0.9187735341581496,0.9710144927536232,0.9723756906077348
SwinIR-lite (L1),BraTS2021_00110,29.76355,0.9867950081825256,0.06899228,0.9014849692140529,0.971830985915493,0.9830205540661304
SwinIR-lite (L1),BraTS2021_00110,29.700577,0.9878361225128174,0.06739965,0.9012553869214914,0.9575551782682513,0.9664082687338501
SwinIR-lite (L1),BraTS2021_00110,29.770086,0.986615002155304,0.07066328,0.9195940671350508,0.9695945945945946,0.9700598802395209
SwinIR-lite (L1),BraTS2021_00110,29.372272,0.9874616265296936,0.07217759,0.9033009708737864,0.9495295124037639,0.9593073593073593
SwinIR-lite (L1),BraTS2021_00110,29.209185,0.9869875311851501,0.074231245,0.8962541674838204,0.9627791563275434,0.9681742043551089
SwinIR-lite (L1),BraTS2021_00110,29.594393,0.9876457452774048,0.074913464,0.9195065858247962,0.9683698296836983,0.9702970297029703
SwinIR-lite (L1),BraTS2021_00110,29.69322,0.988425076007843,0.07470446,0.89972322759208,0.9585028478437754,0.9596707818930041
SwinIR-lite (L1),BraTS2021_00110,29.442188,0.9887657761573792,0.076223396,0.8740581270182992,0.9657370517928286,0.9618815896188159
SwinIR-lite (L1),BraTS2021_00110,29.514797,0.9895113110542297,0.07547834,0.8638518853014224,0.96513470681458,0.9661290322580646
SwinIR-lite (L1),BraTS2021_00110,29.425522,0.9895431399345398,0.07920224,0.8354253835425384,0.9511993382961125,0.9564489112227805
SwinIR-lite (L1),BraTS2021_00110,29.604074,0.9899070262908936,0.08064923,0.8577755905511811,0.94843617920541,0.9663503019844694
SwinIR-lite (L1),BraTS2021_00110,29.438467,0.9901713728904724,0.08223564,0.8585365853658536,0.9549393414211439,0.9743135518157662
SwinIR-lite (L1),BraTS2021_00110,29.63938,0.9911327362060547,0.08096744,0.835375599360682,0.9529953917050691,0.9635173058933583
SwinIR-lite (L1),BraTS2021_00110,29.926374,0.9914267659187317,0.08348075,0.8645739910313901,0.9164149043303121,0.9331963001027749
SwinIR-lite (L1),BraTS2021_00110,30.405167,0.9919503927230835,0.083050095,0.864109232769831,0.9422028353326063,0.9534368070953437
SwinIR-lite (L1),BraTS2021_00110,30.185099,0.9918655157089233,0.08702033,0.8435087719298245,0.9197452229299363,0.9310793237971391
SwinIR-lite (L1),BraTS2021_00110,30.506725,0.9923521280288696,0.08654007,0.8248631743549648,0.9048361934477379,0.9160063391442155
SwinIR-lite (L1),BraTS2021_00110,30.370844,0.991753876209259,0.09392022,0.8246721709567751,0.7180851063829787,0.7336956521739131
SwinIR-lite (L1),BraTS2021_00110,30.70471,0.9925709366798401,0.09097457,0.7919826652221018,0.7181208053691275,0.7328767123287672
SwinIR-lite (L1),BraTS2021_00110,31.02767,0.9924495220184326,0.09607881,0.733286418015482,0.0,0.0
SwinIR-lite (L1),BraTS2021_00110,30.889015,0.9911146759986877,0.10661694,0.6982990152193375,0.0,0.0
SwinIR-lite (L1),BraTS2021_00110,31.7473,0.9912376403808594,0.11184808,0.7209302325581395,0.0,0.0
SwinIR-lite (L1),BraTS2021_00110,32.4419,0.9916455745697021,0.1111716,0.725,nan,nan
SwinIR-lite (L1),BraTS2021_00110,32.849342,0.9902343153953552,0.12487769,0.701688555347092,nan,nan
SwinIR-lite (L1),BraTS2021_00110,32.728725,0.987587571144104,0.1444082,0.807909604519774,nan,nan
SwinIR-lite (L1),BraTS2021_00118,31.828089,0.9638097882270813,0.08776704,0.2918149466192171,nan,nan
SwinIR-lite (L1),BraTS2021_00118,31.654827,0.9640957117080688,0.08810939,0.8354430379746836,nan,nan
SwinIR-lite (L1),BraTS2021_00118,31.886751,0.9637482166290283,0.08541274,0.8712273641851107,nan,nan
SwinIR-lite (L1),BraTS2021_00118,31.766659,0.9642665982246399,0.08622797,0.8467569493941554,nan,nan
SwinIR-lite (L1),BraTS2021_00118,31.644976,0.9653435349464417,0.08728185,0.8496669838249287,0.0,0.0
SwinIR-lite (L1),BraTS2021_00118,31.543549,0.9662384390830994,0.08782964,0.9246711837385413,0.0,0.0
SwinIR-lite (L1),BraTS2021_00118,31.440456,0.9687877297401428,0.087180845,0.9499252615844545,0.0,0.0
SwinIR-lite (L1),BraTS2021_00118,31.605309,0.9723266363143921,0.08725691,0.9756606397774688,0.5057471264367817,0.42452830188679247
SwinIR-lite (L1),BraTS2021_00118,31.468357,0.9746374487876892,0.0851737,0.9768041237113402,0.07207207207207207,0.07197943444730077
SwinIR-lite (L1),BraTS2021_00118,31.49336,0.9788690805435181,0.08222331,0.9696601941747572,0.6405594405594406,0.4642857142857143
SwinIR-lite (L1),BraTS2021_00118,31.50892,0.9770527482032776,0.08277906,0.9772859638905067,0.6195286195286195,0.5625
SwinIR-lite (L1),BraTS2021_00118,31.63358,0.9798738360404968,0.07974722,0.9597388465723613,0.6016260162601627,0.28912071535022354
SwinIR-lite (L1),BraTS2021_00118,31.725664,0.979561448097229,0.08016445,0.9817105970952125,0.7760942760942761,0.5309278350515464
SwinIR-lite (L1),BraTS2021_00118,31.541357,0.982038140296936,0.07772839,0.9703125,0.9127324749642346,0.6524317912218268
SwinIR-lite (L1),BraTS2021_00118,31.618166,0.9812636375427246,0.07703592,0.9527381845461366,0.9225589225589226,0.7607934655775963
SwinIR-lite (L1),BraTS2021_00118,31.418232,0.9819929003715515,0.07931266,0.9559471365638766,0.8871075484301937,0.6833541927409261
SwinIR-lite (L1),BraTS2021_00118,31.61291,0.98140549659729,0.077249885,0.956271023546372,0.8525845564773452,0.6128266033254157
SwinIR-lite (L1),BraTS2021_00118,31.726555,0.9828500151634216,0.07513135,0.9643615765872079,0.8825958702064897,0.6681270536692223
SwinIR-lite (L1),BraTS2021_00118,31.603512,0.9817461371421814,0.07531634,0.956142365097589,0.9155844155844156,0.6239130434782608
SwinIR-lite (L1),BraTS2021_00118,31.652472,0.9805459380149841,0.07454516,0.9494356659142212,0.9529113924050633,0.720164609053498
SwinIR-lite (L1),BraTS2021_00118,31.581049,0.9804623126983643,0.07538082,0.9495985727029438,0.9609756097560975,0.8188331627430911
SwinIR-lite (L1),BraTS2021_00118,31.62917,0.9800291061401367,0.07329292,0.9376601195559351,0.9384023099133783,0.7805864509605662
SwinIR-lite (L1),BraTS2021_00118,31.804829,0.9806233644485474,0.07292892,0.9638859556494193,0.9521597770552717,0.7924528301886793
SwinIR-lite (L1),BraTS2021_00118,31.809082,0.9805426597595215,0.07319283,0.972938689217759,0.9451360073766712,0.8124410933081998
SwinIR-lite (L1),BraTS2021_00118,31.730364,0.9793602228164673,0.07381489,0.968011708132971,0.9565217391304348,0.7992863514719001
SwinIR-lite (L1),BraTS2021_00118,31.581535,0.9800774455070496,0.07452764,0.978688524590164,0.9718492854049372,0.7913043478260869
SwinIR-lite (L1),BraTS2021_00118,31.637972,0.9792550206184387,0.07436742,0.9837925445705025,0.968403074295474,0.8420195439739414
SwinIR-lite (L1),BraTS2021_00118,31.762878,0.9791937470436096,0.07324241,0.980290662950428,0.9474137931034483,0.8134757600657354
SwinIR-lite (L1),BraTS2021_00118,31.659582,0.9823858737945557,0.07190514,0.9786168368329802,0.9497016197783461,0.8216039279869067
SwinIR-lite (L1),BraTS2021_00118,31.526924,0.9802242517471313,0.07389172,0.9727851766068326,0.9275237273511648,0.7253333333333334
SwinIR-lite (L1),BraTS2021_00118,31.21866,0.9814337491989136,0.07350351,0.97145003756574,0.8987505385609651,0.7036059806508356
SwinIR-lite (L1),BraTS2021_00118,31.712555,0.9816080331802368,0.0723756,0.9661458333333334,0.8923465096719932,0.7064595257563369
SwinIR-lite (L1),BraTS2021_00118,31.39577,0.9795389771461487,0.07643682,0.9648538660747318,0.8864218616567037,0.6782006920415224
SwinIR-lite (L1),BraTS2021_00118,31.2771,0.9801853895187378,0.07574654,0.9703905540417802,0.9169102296450939,0.6613333333333333
SwinIR-lite (L1),BraTS2021_00118,31.248375,0.9811546206474304,0.07577254,0.9673321234119783,0.8535489667565139,0.5949485500467727
SwinIR-lite (L1),BraTS2021_00118,30.99541,0.9818564057350159,0.07662254,0.9711521232753987,0.9025239338555265,0.6966864910790145
SwinIR-lite (L1),BraTS2021_00118,30.745628,0.9815477728843689,0.07941916,0.9764309764309764,0.9295774647887324,0.6917293233082706
SwinIR-lite (L1),BraTS2021_00118,30.712204,0.9795359969139099,0.08025556,0.9775816416593116,0.9469664828171405,0.7866868381240545
SwinIR-lite (L1),BraTS2021_00118,30.644146,0.981012225151062,0.08093692,0.9704477083702,0.9542760372565622,0.7792571829011913
SwinIR-lite (L1),BraTS2021_00118,30.255602,0.9803178310394287,0.083298594,0.9731567644953472,0.9732711073398388,0.7762376237623763
SwinIR-lite (L1),BraTS2021_00118,30.341398,0.9794483780860901,0.08492773,0.9728624535315985,0.9628681177976952,0.8095838587641866
SwinIR-lite (L1),BraTS2021_00118,30.130785,0.9803265333175659,0.08741813,0.9656197732763427,0.9512087912087912,0.8373531230674088
SwinIR-lite (L1),BraTS2021_00118,30.273758,0.9819492101669312,0.0843755,0.9575965012359764,0.9446693657219973,0.852099817407182
SwinIR-lite (L1),BraTS2021_00118,30.474388,0.9813590049743652,0.08567103,0.9606650446066505,0.9441391941391941,0.8248655110579797
SwinIR-lite (L1),BraTS2021_00118,30.348618,0.9810927510261536,0.08708627,0.9572895277207393,0.9239598278335724,0.8074834037417019
SwinIR-lite (L1),BraTS2021_00118,29.984724,0.9814693331718445,0.09057561,0.957345971563981,0.9054470709146968,0.7490297542043984
SwinIR-lite (L1),BraTS2021_00118,29.959438,0.9816009402275085,0.09234995,0.9524607329842932,0.9287627209426889,0.7917737789203085
SwinIR-lite (L1),BraTS2021_00118,30.022581,0.9823992252349854,0.09310711,0.9454162276080085,0.953099730458221,0.7961038961038961
SwinIR-lite (L1),BraTS2021_00118,29.760275,0.9846349954605103,0.093272984,0.9526056187004075,0.8788426763110307,0.6012364760432767
SwinIR-lite (L1),BraTS2021_00118,30.056732,0.9844373464584351,0.09522811,0.9519650655021834,0.8637532133676092,0.6120826709062003
SwinIR-lite (L1),BraTS2021_00118,30.002865,0.9842308759689331,0.095658444,0.911619137402781,0.7356664184661206,0.43790248390064396
SwinIR-lite (L1),BraTS2021_00118,29.881832,0.9862497448921204,0.09562593,0.9407912687585266,0.8083832335329342,0.5447897623400365
SwinIR-lite (L1),BraTS2021_00118,30.342983,0.988804042339325,0.09693065,0.8686940966010733,0.6723768736616702,0.40821566110397944
SwinIR-lite (L1),BraTS2021_00118,30.227245,0.9882822036743164,0.09900402,0.8125214998280014,0.5454545454545454,0.4222222222222222
SwinIR-lite (L1),BraTS2021_00118,30.568121,0.9892491698265076,0.097397916,0.774756629741524,0.6085825747724317,0.5200553250345782
SwinIR-lite (L1),BraTS2021_00118,30.661726,0.989637017250061,0.09758359,0.7613082811412665,0.5911047345767575,0.4559748427672956
SwinIR-lite (L1),BraTS2021_00118,30.569506,0.9890197515487671,0.10104763,0.73984375,0.36363636363636365,0.273972602739726
SwinIR-lite (L1),BraTS2021_00118,30.436995,0.9890723824501038,0.10516581,0.6656274356975838,0.061895551257253385,0.017543859649122806
SwinIR-lite (L1),BraTS2021_00118,30.866814,0.9901504516601562,0.10064777,0.5993734772015314,0.0,0.0
SwinIR-lite (L1),BraTS2021_00118,30.899153,0.9899551868438721,0.10329482,0.583423814694173,0.0,0.0
SwinIR-lite (L1),BraTS2021_00118,30.854338,0.9895444512367249,0.10918109,0.5098330241187384,0.0,0.0
SwinIR-lite (L1),BraTS2021_00118,31.282822,0.990863025188446,0.10377094,0.48969331322272497,0.0,0.0
SwinIR-lite (L1),BraTS2021_00118,31.593859,0.9901803731918335,0.109095365,0.3431952662721893,0.0,0.0
SwinIR-lite (L1),BraTS2021_00118,32.16784,0.9905576705932617,0.1121027,0.27202472952086554,nan,nan
