method,subject,psnr,ssim,nrmse,dice_wt,dice_tc,dice_et
PP-MAE (Swin) [PROPOSED],BraTS2021_00036,29.922457,0.9605646133422852,0.13851254,0.9618021547502449,0.7338769458858414,0.8527131782945736
PP-MAE (Swin) [PROPOSED],BraTS2021_00070,27.991367,0.9670141339302063,0.1460551,0.9445676274944568,0.0,0.0
PP-MAE (Swin) [PROPOSED],BraTS2021_00016,28.151787,0.9850372076034546,0.090966076,0.9217391304347826,0.9153713298791019,0.8538812785388128
PP-MAE (Swin) [PROPOSED],BraTS2021_00043,29.576324,0.9835324883460999,0.092817,0.9811415639929595,0.8661899897854954,0.17964071856287425
PP-MAE (Swin) [PROPOSED],BraTS2021_00036,30.251217,0.9617413282394409,0.1368105,0.971342383107089,0.8904282115869018,0.8580441640378549
PP-MAE (Swin) [PROPOSED],BraTS2021_00020,28.54459,0.9580168128013611,0.1360024,0.9104367135455218,0.9555555555555556,0.8181818181818182
PP-MAE (Swin) [PROPOSED],BraTS2021_00035,31.288378,0.9693004488945007,0.08614466,0.9721459395841506,0.9333333333333333,0.8251928020565553
PP-MAE (Swin) [PROPOSED],BraTS2021_00062,27.684727,0.9723927974700928,0.114539,0.9773547751887102,0.0,0.0
PP-MAE (Swin) [PROPOSED],BraTS2021_00048,32.917816,0.9846847653388977,0.08092942,0.8935185185185185,nan,nan
PP-MAE (Swin) [PROPOSED],BraTS2021_00003,32.176003,0.9765296578407288,0.09346257,0.9633235962349886,0.9637987776210625,0.8792792792792793
PP-MAE (Swin) [PROPOSED],BraTS2021_00026,30.830498,0.9794442653656006,0.09653931,0.8553113553113553,0.8723584108199492,0.8523725834797891
PP-MAE (Swin) [PROPOSED],BraTS2021_00046,28.475414,0.9625738859176636,0.13221957,0.9556603773584905,0.9478672985781991,0.9281210592686002
PP-MAE (Swin) [PROPOSED],BraTS2021_00019,33.60272,0.9800459742546082,0.077520974,0.8711921324058527,nan,nan
PP-MAE (Swin) [PROPOSED],BraTS2021_00024,30.811642,0.9793785214424133,0.08882316,0.9613733905579399,nan,nan
PP-MAE (Swin) [PROPOSED],BraTS2021_00016,27.49079,0.9780691266059875,0.13103545,0.0,nan,nan
PP-MAE (Swin) [PROPOSED],BraTS2021_00019,31.832355,0.9797062277793884,0.088759094,0.8858464384828862,nan,nan
PP-MAE (Swin) [PROPOSED],BraTS2021_00060,31.746792,0.970142662525177,0.1043681,0.9481961147086031,nan,nan
PP-MAE (Swin) [PROPOSED],BraTS2021_00028,27.221727,0.9486111402511597,0.19149515,0.6225165562913907,0.6372881355932203,0.6372881355932203
PP-MAE (Swin) [PROPOSED],BraTS2021_00031,29.053421,0.9680336713790894,0.14556883,0.05714285714285714,nan,nan
PP-MAE (Swin) [PROPOSED],BraTS2021_00048,31.074354,0.9621533751487732,0.115063444,0.9136490250696379,nan,nan
PP-MAE (Swin) [PROPOSED],BraTS2021_00059,29.82318,0.9676758646965027,0.09245666,0.9407624633431085,0.0,0.0
PP-MAE (Swin) [PROPOSED],BraTS2021_00046,29.15377,0.9642899036407471,0.11427162,0.972972972972973,0.9147095179233622,0.8923512747875354
PP-MAE (Swin) [PROPOSED],BraTS2021_00028,27.648947,0.9471915364265442,0.16610473,0.8431654676258993,0.7068676716917923,0.7168458781362007
PP-MAE (Swin) [PROPOSED],BraTS2021_00036,29.889385,0.962293267250061,0.13636696,0.9578398863098058,0.9345794392523364,0.8734693877551021
PP-MAE (Swin) [PROPOSED],BraTS2021_00059,28.125214,0.9463046789169312,0.113942154,0.9292056635469162,0.8737737083060824,0.8410326086956522
PP-MAE (Swin) [PROPOSED],BraTS2021_00048,31.825005,0.9798945188522339,0.09762571,0.9548872180451128,nan,nan
PP-MAE (Swin) [PROPOSED],BraTS2021_00026,31.264446,0.9811218976974487,0.09341819,0.774606872451951,0.8785046728971962,0.7977736549165121
PP-MAE (Swin) [PROPOSED],BraTS2021_00051,32.40566,0.9919275641441345,0.05825656,0.9854881266490765,nan,nan
PP-MAE (Swin) [PROPOSED],BraTS2021_00071,29.938099,0.9698362946510315,0.11482159,0.914505283381364,0.9614325068870524,0.8929292929292929
PP-MAE (Swin) [PROPOSED],BraTS2021_00032,33.22284,0.9845476150512695,0.074910924,0.9507964601769912,0.0,0.0
PP-MAE (Swin) [PROPOSED],BraTS2021_00062,27.69089,0.9678520560264587,0.12224487,0.9657827202737382,nan,nan
PP-MAE (Swin) [PROPOSED],BraTS2021_00028,28.904314,0.9539582133293152,0.12834398,0.7214076246334311,nan,nan
PP-MAE (Swin) [PROPOSED],BraTS2021_00017,29.210817,0.9582715630531311,0.120151795,0.9310344827586207,nan,nan
PP-MAE (Swin) [PROPOSED],BraTS2021_00033,29.14382,0.9759954810142517,0.13121602,0.9695916594265855,nan,nan
PP-MAE (Swin) [PROPOSED],BraTS2021_00022,29.37574,0.944190263748169,0.11030123,0.9618320610687023,0.8877374784110535,0.8858131487889274
PP-MAE (Swin) [PROPOSED],BraTS2021_00033,30.221346,0.9844130277633667,0.09171997,0.9828377230246389,0.8017817371937639,0.8017817371937639
PP-MAE (Swin) [PROPOSED],BraTS2021_00052,29.649979,0.9836283326148987,0.08796637,0.965154503616042,nan,nan
PP-MAE (Swin) [PROPOSED],BraTS2021_00063,27.98941,0.9547539353370667,0.28053144,0.9671772428884027,0.8578680203045685,0.8578680203045685
PP-MAE (Swin) [PROPOSED],BraTS2021_00006,30.741636,0.9876253008842468,0.08155073,0.9572428090178803,0.9703459637561779,0.9053627760252366
PP-MAE (Swin) [PROPOSED],BraTS2021_00068,27.759325,0.9672223925590515,0.16165869,0.8511029411764706,0.453781512605042,0.453781512605042
PP-MAE (Swin) [PROPOSED],BraTS2021_00033,29.101337,0.9756053686141968,0.13218486,0.9722046746683513,nan,nan
PP-MAE (Swin) [PROPOSED],BraTS2021_00011,28.194794,0.9495848417282104,0.120380156,0.9217238346525946,0.0,0.0
PP-MAE (Swin) [PROPOSED],BraTS2021_00030,31.971533,0.9777673482894897,0.09072502,0.969825754356141,0.9461486025903204,0.8431818181818181
PP-MAE (Swin) [PROPOSED],BraTS2021_00024,29.83034,0.9777381420135498,0.11671393,0.8974121996303143,0.75,0.75
PP-MAE (Swin) [PROPOSED],BraTS2021_00063,27.510368,0.9628890156745911,0.1426838,0.9051014810751509,0.9531428571428572,0.9103448275862069
PP-MAE (Swin) [PROPOSED],BraTS2021_00030,30.188314,0.9486474394798279,0.12438263,0.0,nan,nan
PP-MAE (Swin) [PROPOSED],BraTS2021_00061,28.904924,0.9622917771339417,0.12864937,0.8608282416836388,0.7887323943661971,0.7071583514099783
PP-MAE (Swin) [PROPOSED],BraTS2021_00031,30.233513,0.9766784310340881,0.09579969,0.9185813071603837,0.9083333333333333,0.9083333333333333
PP-MAE (Swin) [PROPOSED],BraTS2021_00053,31.47387,0.9675630331039429,0.13297687,0.9304078014184397,0.895326380842024,0.815354713313897
PP-MAE (Swin) [PROPOSED],BraTS2021_00046,29.816046,0.9632180333137512,0.11009105,0.9543973941368078,nan,nan
PP-MAE (Swin) [PROPOSED],BraTS2021_00030,31.190317,0.9540120959281921,0.106944814,0.9540816326530612,0.8993288590604027,0.8809849521203831
PP-MAE (Swin) [PROPOSED],BraTS2021_00064,30.108395,0.9688878059387207,0.11750367,0.9467907420663326,0.9338970023059185,0.7702984038861902
PP-MAE (Swin) [PROPOSED],BraTS2021_00052,29.105757,0.9723252058029175,0.102538414,0.9637693485286614,0.9414476717381282,0.8890637293469709
PP-MAE (Swin) [PROPOSED],BraTS2021_00043,29.13401,0.9776582717895508,0.17894968,0.8132911392405063,nan,nan
PP-MAE (Swin) [PROPOSED],BraTS2021_00025,26.852982,0.9534980654716492,0.12856337,0.43636363636363634,nan,nan
PP-MAE (Swin) [PROPOSED],BraTS2021_00056,28.863134,0.9636772871017456,0.11265734,0.9771064432381402,0.9320162696106915,0.9320162696106915
PP-MAE (Swin) [PROPOSED],BraTS2021_00063,29.584396,0.9684941172599792,0.11551256,0.9364548494983278,0.8830645161290323,0.8647540983606558
PP-MAE (Swin) [PROPOSED],BraTS2021_00009,28.702766,0.9776067137718201,0.10082888,0.8632619439868204,nan,nan
PP-MAE (Swin) [PROPOSED],BraTS2021_00053,31.484041,0.9453895688056946,0.1587304,0.03508771929824561,0.03508771929824561,0.04878048780487805
PP-MAE (Swin) [PROPOSED],BraTS2021_00031,29.402178,0.9717512130737305,0.1100321,0.9323204419889503,0.7027027027027027,0.6666666666666666
PP-MAE (Swin) [PROPOSED],BraTS2021_00012,29.702265,0.9844301342964172,0.09068294,0.9748533109807209,0.8708133971291866,0.07228915662650602
PP-MAE (Swin) [PROPOSED],BraTS2021_00012,28.740532,0.9818797707557678,0.09319221,0.9627056672760512,0.3471844660194175,0.0
PP-MAE (Swin) [PROPOSED],BraTS2021_00020,28.78011,0.9602953791618347,0.12711352,0.9515151515151515,0.919454770755886,0.8032128514056225
PP-MAE (Swin) [PROPOSED],BraTS2021_00018,27.986382,0.9684857130050659,0.13308929,0.9127210496292071,0.8204592901878914,0.7651217596229379
PP-MAE (Swin) [PROPOSED],BraTS2021_00052,28.419046,0.9640012979507446,0.117094375,0.9567430025445293,0.9527419762446298,0.8597014925373134
PP-MAE (Swin) [PROPOSED],BraTS2021_00064,30.195347,0.9639729261398315,0.12315013,0.9093959731543624,0.6809015421115066,0.6337579617834395
PP-MAE (Swin) [PROPOSED],BraTS2021_00000,29.434425,0.9768585562705994,0.099732585,0.6119610570236439,0.6017699115044248,0.6017699115044248
PP-MAE (Swin) [PROPOSED],BraTS2021_00003,30.99197,0.9735247492790222,0.10665895,0.960098219766728,0.9498644986449865,0.8824065633546034
PP-MAE (Swin) [PROPOSED],BraTS2021_00054,28.334085,0.9219810366630554,0.16665737,0.0,0.0,0.0
PP-MAE (Swin) [PROPOSED],BraTS2021_00014,26.504538,0.9565095901489258,0.16310555,0.928537170263789,0.5125628140703518,0.5125628140703518
PP-MAE (Swin) [PROPOSED],BraTS2021_00011,29.421288,0.9650462865829468,0.10168058,0.9741046831955923,nan,nan
PP-MAE (Swin) [PROPOSED],BraTS2021_00036,31.44939,0.983159065246582,0.106010936,0.9622395833333334,nan,nan
PP-MAE (Swin) [PROPOSED],BraTS2021_00061,29.55187,0.9683380722999573,0.14150393,0.8189781021897811,0.9217758985200846,0.8382687927107062
PP-MAE (Swin) [PROPOSED],BraTS2021_00071,29.78551,0.9684447050094604,0.11856946,0.9110105580693816,0.8987161198288159,0.8
PP-MAE (Swin) [PROPOSED],BraTS2021_00068,28.700676,0.9633524417877197,0.10046622,0.9526909722222222,0.9576612903225806,0.9273311897106109
PP-MAE (Swin) [PROPOSED],BraTS2021_00026,31.675863,0.9744650721549988,0.09635746,0.0,0.0,0.0
PP-MAE (Swin) [PROPOSED],BraTS2021_00060,28.289358,0.9580079317092896,0.15015683,0.9788186671258825,0.9792068595927117,0.9101881434149804
PP-MAE (Swin) [PROPOSED],BraTS2021_00016,27.12767,0.9768838882446289,0.11255909,0.902333621434745,0.636734693877551,0.6572769953051644
PP-MAE (Swin) [PROPOSED],BraTS2021_00053,31.464369,0.941834568977356,0.16175921,0.391304347826087,0.4264705882352941,0.4065040650406504
PP-MAE (Swin) [PROPOSED],BraTS2021_00071,30.464516,0.9744202494621277,0.10833435,0.9524733268671193,0.8252788104089219,0.803030303030303
PP-MAE (Swin) [PROPOSED],BraTS2021_00062,29.628448,0.9848262071609497,0.09048088,0.9743276283618582,nan,nan
PP-MAE (Swin) [PROPOSED],BraTS2021_00019,29.655123,0.963843822479248,0.13041842,0.9629416834243033,0.8979591836734694,0.8089887640449438
PP-MAE (Swin) [PROPOSED],BraTS2021_00008,26.861132,0.9426877498626709,0.14478733,0.9477911646586346,nan,nan
PP-MAE (Swin) [PROPOSED],BraTS2021_00051,31.307178,0.9898648858070374,0.06563006,0.9874548160748459,0.0,0.0
PP-MAE (Swin) [PROPOSED],BraTS2021_00036,31.177483,0.9616162776947021,0.15768968,0.0,0.0,0.0
PP-MAE (Swin) [PROPOSED],BraTS2021_00018,29.42561,0.9771820306777954,0.09536593,0.976672384219554,0.9414445203918889,0.8632631203141735
PP-MAE (Swin) [PROPOSED],BraTS2021_00005,28.135443,0.9602158069610596,0.16238867,0.9540816326530612,0.9302707136997539,0.8792270531400966
PP-MAE (Swin) [PROPOSED],BraTS2021_00024,30.688059,0.978952169418335,0.09033351,0.9511323003575686,nan,nan
PP-MAE (Swin) [PROPOSED],BraTS2021_00019,31.125954,0.9801759123802185,0.09351327,0.91365171249397,nan,nan
PP-MAE (Swin) [PROPOSED],BraTS2021_00031,28.40387,0.9655842185020447,0.14289165,0.7006369426751592,nan,nan
PP-MAE (Swin) [PROPOSED],BraTS2021_00014,26.953299,0.9663496613502502,0.17500739,0.8915187376725838,0.7368421052631579,0.7368421052631579
PP-MAE (Swin) [PROPOSED],BraTS2021_00048,31.12481,0.9750996232032776,0.10317062,0.9446935724962631,nan,nan
PP-MAE (Swin) [PROPOSED],BraTS2021_00024,30.447407,0.9815927743911743,0.09099815,0.9689833429063757,0.0,0.0
PP-MAE (Swin) [PROPOSED],BraTS2021_00052,29.961647,0.9839711785316467,0.08777899,0.9779643231899265,nan,nan
PP-MAE (Swin) [PROPOSED],BraTS2021_00025,27.581959,0.9524621367454529,0.12347023,0.6933333333333334,nan,nan
PP-MAE (Swin) [PROPOSED],BraTS2021_00024,30.531517,0.9765805602073669,0.17088138,0.4166666666666667,0.43478260869565216,0.43478260869565216
PP-MAE (Swin) [PROPOSED],BraTS2021_00045,30.375069,0.9718101024627686,0.15887466,0.8,nan,nan
PP-MAE (Swin) [PROPOSED],BraTS2021_00019,32.134964,0.9809471964836121,0.08727129,0.8994503718073068,0.7383177570093458,0.7004830917874396
PP-MAE (Swin) [PROPOSED],BraTS2021_00053,31.349209,0.9780131578445435,0.12272129,0.9838465421504291,0.9499417927823051,0.8815426997245179
PP-MAE (Swin) [PROPOSED],BraTS2021_00036,32.248596,0.9806269407272339,0.10012852,0.9800350262697023,nan,nan
PP-MAE (Swin) [PROPOSED],BraTS2021_00026,28.741222,0.9324029088020325,0.14286835,0.8962088253573648,0.9513836948391923,0.9111111111111111
PP-MAE (Swin) [PROPOSED],BraTS2021_00016,30.066143,0.9884845018386841,0.07680193,0.7508771929824561,nan,nan
PP-MAE (Swin) [PROPOSED],BraTS2021_00005,30.256731,0.9764086604118347,0.104676336,0.978743961352657,0.9619896762083529,0.8761329305135952
PP-MAE (Swin) [PROPOSED],BraTS2021_00060,29.271147,0.9726669788360596,0.11853575,0.9624785925579947,0.9698778833107191,0.903107861060329
PP-MAE (Swin) [PROPOSED],BraTS2021_00060,31.219002,0.9841951727867126,0.09440051,0.9634983736899169,0.9454870420017873,0.9288321167883211
PP-MAE (Swin) [PROPOSED],BraTS2021_00018,28.758755,0.9781857132911682,0.101373516,0.9841220423412205,0.9692399285572534,0.878992628992629
PP-MAE (Swin) [PROPOSED],BraTS2021_00002,28.27182,0.9502015113830566,0.17273892,0.7829002514668902,nan,nan
PP-MAE (Swin) [PROPOSED],BraTS2021_00005,31.371487,0.9800029397010803,0.09328503,0.9887640449438202,0.9139438564196962,0.7912488605287147
PP-MAE (Swin) [PROPOSED],BraTS2021_00059,30.360853,0.9693969488143921,0.08597896,0.9616,nan,nan
PP-MAE (Swin) [PROPOSED],BraTS2021_00006,30.374517,0.9839054942131042,0.08987557,0.979064039408867,0.9664324746291959,0.906832298136646
PP-MAE (Swin) [PROPOSED],BraTS2021_00021,32.312805,0.9647345542907715,0.09915581,0.9118942731277533,nan,nan
PP-MAE (Swin) [PROPOSED],BraTS2021_00026,29.851063,0.9622719883918762,0.14595196,0.6637168141592921,0.8064516129032258,0.8064516129032258
PP-MAE (Swin) [PROPOSED],BraTS2021_00046,28.292831,0.9634969234466553,0.12745464,0.9649202733485194,0.9465968586387434,0.9156626506024096
PP-MAE (Swin) [PROPOSED],BraTS2021_00043,28.617748,0.9746686220169067,0.18354277,0.8921568627450981,nan,nan
PP-MAE (Swin) [PROPOSED],BraTS2021_00058,27.794207,0.9520771503448486,0.16890632,0.8625,0.9562289562289562,0.9562289562289562
PP-MAE (Swin) [PROPOSED],BraTS2021_00011,29.416666,0.9600890874862671,0.10692024,0.9426462237365133,nan,nan
PP-MAE (Swin) [PROPOSED],BraTS2021_00053,30.954706,0.9742929339408875,0.135571,0.9604658289917254,0.9479768786127167,0.9479768786127167
PP-MAE (Swin) [PROPOSED],BraTS2021_00031,28.62053,0.9636929035186768,0.12116879,0.8736585365853659,0.0,0.0
PP-MAE (Swin) [PROPOSED],BraTS2021_00024,29.66256,0.9776207208633423,0.140755,0.9136878814298169,0.9003690036900369,0.8494208494208494
PP-MAE (Swin) [PROPOSED],BraTS2021_00025,31.182964,0.9849185347557068,0.07383105,0.7241379310344828,nan,nan
PP-MAE (Swin) [PROPOSED],BraTS2021_00025,29.764805,0.983017086982727,0.08333322,0.9046153846153846,nan,nan
PP-MAE (Swin) [PROPOSED],BraTS2021_00008,29.305431,0.9579208493232727,0.11066019,0.7638603696098563,nan,nan
PP-MAE (Swin) [PROPOSED],BraTS2021_00026,29.895514,0.9657636284828186,0.113657534,0.7921440261865794,0.8923076923076924,0.87248322147651
PP-MAE (Swin) [PROPOSED],BraTS2021_00052,29.019829,0.9695733189582825,0.11003555,0.9741824440619621,0.9806295399515739,0.9019792648444863
PP-MAE (Swin) [PROPOSED],BraTS2021_00022,26.799715,0.9313368797302246,0.14053637,0.9585292860196665,0.9122340425531915,0.9122340425531915
PP-MAE (Swin) [PROPOSED],BraTS2021_00033,30.169962,0.9839900732040405,0.09131246,0.9830715888231695,0.43356643356643354,0.43356643356643354
PP-MAE (Swin) [PROPOSED],BraTS2021_00021,29.986666,0.9264519810676575,0.13637893,0.8836886005560705,0.0,0.0
PP-MAE (Swin) [PROPOSED],BraTS2021_00043,29.519966,0.9845526814460754,0.09210493,0.9791449426485923,0.8677248677248677,0.4095238095238095
PP-MAE (Swin) [PROPOSED],BraTS2021_00031,28.177559,0.9636616110801697,0.1358436,0.850480109739369,nan,nan
PP-MAE (Swin) [PROPOSED],BraTS2021_00036,29.713238,0.962630569934845,0.14054574,0.9290454313425217,0.9452154857560263,0.8796433878157504
PP-MAE (Swin) [PROPOSED],BraTS2021_00054,28.209208,0.9396388530731201,0.15257978,0.9049378569029224,0.8539228435197226,0.6590499098015634
PP-MAE (Swin) [PROPOSED],BraTS2021_00022,28.25484,0.9440967440605164,0.11838831,0.9098998887652948,0.9585585585585585,0.9585585585585585
PP-MAE (Swin) [PROPOSED],BraTS2021_00026,31.439226,0.9746549725532532,0.095335506,0.4910394265232975,0.8592592592592593,0.8592592592592593
PP-MAE (Swin) [PROPOSED],BraTS2021_00011,29.079235,0.9577062726020813,0.10661542,0.9454545454545454,0.0,0.0
PP-MAE (Swin) [PROPOSED],BraTS2021_00070,27.603863,0.9641284346580505,0.18450232,0.8450704225352113,nan,nan
PP-MAE (Swin) [PROPOSED],BraTS2021_00012,29.082766,0.9746959209442139,0.18344796,0.9094017094017094,nan,nan
PP-MAE (Swin) [PROPOSED],BraTS2021_00070,29.807741,0.980572521686554,0.085725516,0.9894219871552701,0.9685999261174733,0.937227550130776
PP-MAE (Swin) [PROPOSED],BraTS2021_00043,27.12165,0.97062087059021,0.13652438,0.9710815500289185,0.7888111888111888,0.773371104815864
PP-MAE (Swin) [PROPOSED],BraTS2021_00033,30.367163,0.9706487655639648,0.1828873,0.8138528138528138,nan,nan
PP-MAE (Swin) [PROPOSED],BraTS2021_00018,28.811005,0.9624587297439575,0.120516375,0.6160337552742616,nan,nan
PP-MAE (Swin) [PROPOSED],BraTS2021_00005,31.077297,0.9817349910736084,0.09144737,0.9860834990059643,0.9540727902946274,0.8482834994462901
PP-MAE (Swin) [PROPOSED],BraTS2021_00044,30.220612,0.979739248752594,0.09354109,0.9369747899159664,nan,nan
PP-MAE (Swin) [PROPOSED],BraTS2021_00002,29.374863,0.9719198942184448,0.104862876,0.9650077760497667,0.9158671586715867,0.6981519507186859
PP-MAE (Swin) [PROPOSED],BraTS2021_00017,30.32333,0.9740971922874451,0.10263899,0.946051602814699,nan,nan
PP-MAE (Swin) [PROPOSED],BraTS2021_00017,30.079176,0.9785338044166565,0.10430579,0.855595667870036,nan,nan
PP-MAE (Swin) [PROPOSED],BraTS2021_00003,31.926067,0.9742707014083862,0.09512753,0.9453612027869454,0.9611793611793612,0.8650927487352446
PP-MAE (Swin) [PROPOSED],BraTS2021_00071,29.87003,0.9655261039733887,0.11551409,0.8880233690360273,0.9405405405405406,0.8649789029535865
PP-MAE (Swin) [PROPOSED],BraTS2021_00068,28.036674,0.9684746861457825,0.14994138,0.8896232650363516,0.8253968253968254,0.8253968253968254
PP-MAE (Swin) [PROPOSED],BraTS2021_00018,29.39726,0.978025496006012,0.09211101,0.9884578390509778,0.9582569741396865,0.8355387523629489
PP-MAE (Swin) [PROPOSED],BraTS2021_00048,31.90875,0.9767976999282837,0.094113834,0.06896551724137931,nan,nan
PP-MAE (Swin) [PROPOSED],BraTS2021_00003,30.593166,0.9791723489761353,0.09968537,0.9699233339885984,0.9484902309058615,0.8954022988505748
PP-MAE (Swin) [PROPOSED],BraTS2021_00058,26.377285,0.9341716170310974,0.18234184,0.938366718027735,0.9011857707509882,0.8111111111111111
PP-MAE (Swin) [PROPOSED],BraTS2021_00066,27.777996,0.9634405970573425,0.12516198,0.9609292502639916,0.9449275362318841,0.8691588785046729
PP-MAE (Swin) [PROPOSED],BraTS2021_00070,30.375057,0.9820545315742493,0.083793916,0.9828,0.9544863459037711,0.8975217682518419
PP-MAE (Swin) [PROPOSED],BraTS2021_00022,26.229935,0.941362738609314,0.15605603,0.9065255731922398,0.5420560747663551,0.5420560747663551
PP-MAE (Swin) [PROPOSED],BraTS2021_00072,33.067738,0.9699854850769043,0.08884268,0.7331288343558282,0.0,0.0
PP-MAE (Swin) [PROPOSED],BraTS2021_00024,30.579632,0.9792447090148926,0.09005478,0.948,nan,nan
PP-MAE (Swin) [PROPOSED],BraTS2021_00021,29.031446,0.9043169021606445,0.15309048,0.8608793686583991,nan,nan
PP-MAE (Swin) [PROPOSED],BraTS2021_00066,27.904514,0.959469735622406,0.12765653,0.9697783747481531,0.9090909090909091,0.9090909090909091
PP-MAE (Swin) [PROPOSED],BraTS2021_00033,32.2745,0.970970094203949,0.08922052,0.7444794952681388,nan,nan
PP-MAE (Swin) [PROPOSED],BraTS2021_00018,29.345568,0.9797548651695251,0.09466218,0.9876816171825648,0.9739303482587065,0.8861613992022093
PP-MAE (Swin) [PROPOSED],BraTS2021_00036,30.11435,0.9551806449890137,0.13605836,0.0,nan,nan
PP-MAE (Swin) [PROPOSED],BraTS2021_00002,30.541765,0.9800827503204346,0.09195462,0.9858609335657563,0.9525222551928784,0.9436392914653784
PP-MAE (Swin) [PROPOSED],BraTS2021_00032,29.698215,0.9620303511619568,0.12768196,0.8155339805825242,nan,nan
PP-MAE (Swin) [PROPOSED],BraTS2021_00070,30.618935,0.9831612706184387,0.078138374,0.9932885906040269,0.9772283669486012,0.923009238891333
PP-MAE (Swin) [PROPOSED],BraTS2021_00059,30.365543,0.964325487613678,0.0886177,0.9695906432748538,nan,nan
PP-MAE (Swin) [PROPOSED],BraTS2021_00062,29.666662,0.9847270846366882,0.0910924,0.9781605659796986,nan,nan
PP-MAE (Swin) [PROPOSED],BraTS2021_00061,28.996716,0.9630641341209412,0.12703045,0.826647564469914,0.6101231190150479,0.4935897435897436
PP-MAE (Swin) [PROPOSED],BraTS2021_00043,29.550606,0.9819384813308716,0.094453,0.9429700734048561,0.0,0.0
PP-MAE (Swin) [PROPOSED],BraTS2021_00036,30.132198,0.9659016132354736,0.13213134,0.872093023255814,0.8942235558889723,0.770098730606488
PP-MAE (Swin) [PROPOSED],BraTS2021_00046,30.014154,0.9660875797271729,0.10666611,0.9688834655277608,nan,nan
PP-MAE (Swin) [PROPOSED],BraTS2021_00035,29.167236,0.9570127129554749,0.10853851,0.9609224855861627,0.913601368691189,0.801920768307323
PP-MAE (Swin) [PROPOSED],BraTS2021_00062,28.565825,0.9753581285476685,0.11846416,0.96602658788774,nan,nan
PP-MAE (Swin) [PROPOSED],BraTS2021_00012,28.959774,0.9830941557884216,0.09243467,0.9676274944567628,0.4897400820793434,0.0
PP-MAE (Swin) [PROPOSED],BraTS2021_00002,29.23257,0.9727185368537903,0.10373737,0.9664318276004973,0.9562016930437983,0.8119777158774373
PP-MAE (Swin) [PROPOSED],BraTS2021_00053,29.834253,0.9641197919845581,0.16429467,0.9657458563535911,nan,nan
PP-MAE (Swin) [PROPOSED],BraTS2021_00045,30.307655,0.9628943204879761,0.11722368,0.967741935483871,0.7220216606498195,0.7032967032967034
PP-MAE (Swin) [PROPOSED],BraTS2021_00021,29.743294,0.942657470703125,0.13239138,0.844516129032258,0.5084745762711864,0.5277310924369748
PP-MAE (Swin) [PROPOSED],BraTS2021_00003,28.100925,0.969824492931366,0.1896766,0.9630340854536726,nan,nan
PP-MAE (Swin) [PROPOSED],BraTS2021_00021,30.191118,0.9558994770050049,0.12357069,0.7740286298568507,0.7441860465116279,0.7441860465116279
PP-MAE (Swin) [PROPOSED],BraTS2021_00011,30.229446,0.9710474014282227,0.08752994,0.972133394243947,0.9052631578947369,0.9052631578947369
PP-MAE (Swin) [PROPOSED],BraTS2021_00063,26.635052,0.9639099836349487,0.16522095,0.9628140703517588,0.9476486246672582,0.9137931034482759
PP-MAE (Swin) [PROPOSED],BraTS2021_00009,27.756937,0.9669903516769409,0.12027403,0.0,nan,nan
PP-MAE (Swin) [PROPOSED],BraTS2021_00021,30.047102,0.9145042896270752,0.13573246,0.8924302788844621,nan,nan
PP-MAE (Swin) [PROPOSED],BraTS2021_00022,25.148232,0.9431545734405518,0.19256318,0.9052631578947369,nan,nan
PP-MAE (Swin) [PROPOSED],BraTS2021_00028,29.23069,0.9594133496284485,0.1252853,0.7446300715990454,0.0,0.0
PP-MAE (Swin) [PROPOSED],BraTS2021_00071,28.88673,0.9604657888412476,0.12856579,0.9582071471835252,0.8827586206896552,0.8671328671328671
PP-MAE (Swin) [PROPOSED],BraTS2021_00003,31.157759,0.9776592254638672,0.09672405,0.974621286641747,0.9513830678960603,0.8804159445407279
PP-MAE (Swin) [PROPOSED],BraTS2021_00053,33.25586,0.9828882217407227,0.104468085,0.9259088817303267,0.9522528581035642,0.8355855855855856
PP-MAE (Swin) [PROPOSED],BraTS2021_00062,28.357304,0.9806638360023499,0.10229369,0.9653638385764219,nan,nan
PP-MAE (Swin) [PROPOSED],BraTS2021_00056,29.123497,0.9699299931526184,0.10814635,0.9579426734529869,0.7711864406779662,0.7711864406779662
PP-MAE (Swin) [PROPOSED],BraTS2021_00020,28.69447,0.945846676826477,0.13950223,0.9298597194388778,0.9533333333333334,0.8724409448818897
PP-MAE (Swin) [PROPOSED],BraTS2021_00054,29.333996,0.9149113297462463,0.12612778,0.9493243243243243,0.9405286343612335,0.7747923790913532
PP-MAE (Swin) [PROPOSED],BraTS2021_00064,29.018309,0.9529314041137695,0.15187314,0.8723404255319149,nan,nan
PP-MAE (Swin) [PROPOSED],BraTS2021_00058,26.573761,0.9409424662590027,0.17850661,0.9505882352941176,0.9276595744680851,0.8553846153846154
PP-MAE (Swin) [PROPOSED],BraTS2021_00060,29.455639,0.9638285040855408,0.15600608,0.9443173150266971,0.9563061667183143,0.7532051282051282
PP-MAE (Swin) [PROPOSED],BraTS2021_00026,29.728106,0.9558388590812683,0.11969531,0.9389632107023411,0.9467114738358138,0.9213372664700098
PP-MAE (Swin) [PROPOSED],BraTS2021_00022,26.43758,0.9363137483596802,0.14503783,0.9669749009247027,0.8807947019867549,0.8807947019867549
PP-MAE (Swin) [PROPOSED],BraTS2021_00059,28.624756,0.959350049495697,0.10416043,0.8641287527081399,0.8557377049180328,0.8557377049180328
PP-MAE (Swin) [PROPOSED],BraTS2021_00016,27.324417,0.9769116640090942,0.106446646,0.9167291822955739,0.9312424607961399,0.7440758293838863
PP-MAE (Swin) [PROPOSED],BraTS2021_00011,30.35533,0.9801480770111084,0.08184284,0.9818346957311535,0.9404761904761905,0.9404761904761905
PP-MAE (Swin) [PROPOSED],BraTS2021_00070,30.109451,0.9800911545753479,0.094371766,0.9825568558180614,0.9116064565718678,0.8621022179363549
PP-MAE (Swin) [PROPOSED],BraTS2021_00053,31.729567,0.9646461009979248,0.13470547,0.9028213166144201,0.9005321326238231,0.8289943848902501
PP-MAE (Swin) [PROPOSED],BraTS2021_00003,27.219694,0.9608386158943176,0.22251377,0.9601328903654485,nan,nan
PP-MAE (Swin) [PROPOSED],BraTS2021_00033,29.947664,0.9827631115913391,0.09479087,0.9872448979591837,0.8543689320388349,0.8543689320388349
PP-MAE (Swin) [PROPOSED],BraTS2021_00045,29.864342,0.9591503143310547,0.12248689,0.918918918918919,nan,nan
PP-MAE (Swin) [PROPOSED],BraTS2021_00044,28.936527,0.9657624959945679,0.111584626,0.9485981308411215,nan,nan
PP-MAE (Swin) [PROPOSED],BraTS2021_00006,29.926796,0.9806821346282959,0.096748345,0.9723977386099102,0.9619805481874447,0.9012738853503185
PP-MAE (Swin) [PROPOSED],BraTS2021_00060,30.508137,0.9676254391670227,0.19412164,0.870264064293915,0.806941431670282,0.806941431670282
PP-MAE (Swin) [PROPOSED],BraTS2021_00017,28.327673,0.9436317086219788,0.14184208,0.9498910675381264,nan,nan
PP-MAE (Swin) [PROPOSED],BraTS2021_00009,25.756054,0.9524248242378235,0.15202071,0.9521586931155193,0.8333333333333334,0.8333333333333334
PP-MAE (Swin) [PROPOSED],BraTS2021_00070,30.400808,0.9835708141326904,0.08050061,0.9938347718865598,0.9791212215643502,0.9142026175472613
PP-MAE (Swin) [PROPOSED],BraTS2021_00036,30.800316,0.9594408273696899,0.160843,0.4482758620689655,0.4482758620689655,0.4482758620689655
PP-MAE (Swin) [PROPOSED],BraTS2021_00014,28.246965,0.9666932225227356,0.11537316,0.8862115127175368,nan,nan
PP-MAE (Swin) [PROPOSED],BraTS2021_00011,29.399586,0.9700908660888672,0.09885122,0.9739311783107404,nan,nan
PP-MAE (Swin) [PROPOSED],BraTS2021_00056,28.854774,0.9598278999328613,0.11494653,0.9425894787412923,0.9440347071583514,0.9347921225382932
PP-MAE (Swin) [PROPOSED],BraTS2021_00022,25.478596,0.9363014101982117,0.16925474,0.9363934426229508,0.0,0.0
PP-MAE (Swin) [PROPOSED],BraTS2021_00061,29.607643,0.9640443325042725,0.15824129,0.0,0.0,0.0
PP-MAE (Swin) [PROPOSED],BraTS2021_00033,30.595177,0.9837287068367004,0.091041744,0.9711664482306684,0.0,0.0
PP-MAE (Swin) [PROPOSED],BraTS2021_00048,31.301125,0.9741967916488647,0.10742056,0.95578231292517,nan,nan
PP-MAE (Swin) [PROPOSED],BraTS2021_00014,27.101156,0.9669556617736816,0.18889035,0.8296296296296296,0.8421052631578947,0.8421052631578947
PP-MAE (Swin) [PROPOSED],BraTS2021_00036,30.33967,0.9641566276550293,0.13174854,0.9447674418604651,0.9704918032786886,0.8952879581151832
PP-MAE (Swin) [PROPOSED],BraTS2021_00060,30.243895,0.9808562994003296,0.104897626,0.9607427919856654,0.9675242513707296,0.9114754098360656
PP-MAE (Swin) [PROPOSED],BraTS2021_00030,27.645395,0.9606311321258545,0.1961382,0.9015544041450777,nan,nan
PP-MAE (Swin) [PROPOSED],BraTS2021_00031,29.058937,0.9634544849395752,0.11778036,0.826953329837441,nan,nan
PP-MAE (Swin) [PROPOSED],BraTS2021_00036,31.132465,0.9603827595710754,0.12497214,0.8292682926829268,nan,nan
PP-MAE (Swin) [PROPOSED],BraTS2021_00002,28.170296,0.9573639631271362,0.17653218,0.9107438016528926,nan,nan
PP-MAE (Swin) [PROPOSED],BraTS2021_00061,29.001684,0.9593226313591003,0.1312968,0.8291488058787507,0.8721804511278195,0.7172413793103448
PP-MAE (Swin) [PROPOSED],BraTS2021_00054,27.328907,0.9024595022201538,0.16450481,0.77947932618683,0.8910648714810282,0.7554904831625183
PP-MAE (Swin) [PROPOSED],BraTS2021_00028,29.78846,0.9720445871353149,0.1118468,0.8862275449101796,0.15060240963855423,0.15060240963855423
PP-MAE (Swin) [PROPOSED],BraTS2021_00031,30.420582,0.97923344373703,0.092326276,0.9400191938579654,0.8081841432225064,0.8051282051282052
PP-MAE (Swin) [PROPOSED],BraTS2021_00064,29.855324,0.9688549637794495,0.11820416,0.9495091164095372,0.9129674938832576,0.7385837193911317
PP-MAE (Swin) [PROPOSED],BraTS2021_00068,29.779892,0.9703072309494019,0.09375604,0.9165067178502879,nan,nan
PP-MAE (Swin) [PROPOSED],BraTS2021_00036,29.85904,0.9612584710121155,0.13657357,0.9434889434889435,0.6853677028051555,0.8251121076233184
PP-MAE (Swin) [PROPOSED],BraTS2021_00064,29.844265,0.9736098647117615,0.11195809,0.9286097691894794,0.8767590618336887,0.7180254300673149
PP-MAE (Swin) [PROPOSED],BraTS2021_00052,29.397125,0.9795958399772644,0.09221148,0.9664065151001018,0.9564032697547684,0.8673218673218673
PP-MAE (Swin) [PROPOSED],BraTS2021_00056,28.866098,0.9690893888473511,0.11041299,0.962569549822964,0.8844984802431611,0.8844984802431611
PP-MAE (Swin) [PROPOSED],BraTS2021_00021,29.858337,0.9347890615463257,0.13245016,0.8801534036433365,0.751937984496124,0.6785225718194254
PP-MAE (Swin) [PROPOSED],BraTS2021_00021,28.44538,0.9105823040008545,0.16938505,0.838970938542163,nan,nan
PP-MAE (Swin) [PROPOSED],BraTS2021_00030,28.974552,0.9603373408317566,0.13480319,0.9555741827326069,nan,nan
PP-MAE (Swin) [PROPOSED],BraTS2021_00018,28.116325,0.9697538614273071,0.11933539,0.9481854415775121,0.8127744510978044,0.677860696517413
PP-MAE (Swin) [PROPOSED],BraTS2021_00070,30.48419,0.9803392291069031,0.08224883,0.9767887054319215,0.9195876288659793,0.9195876288659793
PP-MAE (Swin) [PROPOSED],BraTS2021_00018,28.47574,0.9720829129219055,0.15087248,0.8300536672629696,0.0,0.0
PP-MAE (Swin) [PROPOSED],BraTS2021_00033,29.271784,0.9740785956382751,0.13494039,0.9389457717102768,nan,nan
PP-MAE (Swin) [PROPOSED],BraTS2021_00002,28.234987,0.9559991359710693,0.19651745,0.8312020460358056,nan,nan
PP-MAE (Swin) [PROPOSED],BraTS2021_00000,27.785835,0.9620888233184814,0.11857293,0.9738317757009346,0.9679869777536625,0.9380645161290323
PP-MAE (Swin) [PROPOSED],BraTS2021_00031,30.397366,0.9797219634056091,0.092682675,0.9393103448275862,0.7959183673469388,0.8585365853658536
PP-MAE (Swin) [PROPOSED],BraTS2021_00035,29.485985,0.9451289176940918,0.11353904,0.8764044943820225,nan,nan
PP-MAE (Swin) [PROPOSED],BraTS2021_00032,31.40509,0.9667267203330994,0.10282846,0.9067431850789096,nan,nan
PP-MAE (Swin) [PROPOSED],BraTS2021_00049,28.070908,0.9799724221229553,0.09380255,0.9022082018927445,nan,nan
PP-MAE (Swin) [PROPOSED],BraTS2021_00022,27.93045,0.952095091342926,0.1233154,0.9668174962292609,0.9654377880184332,0.8736111111111111
PP-MAE (Swin) [PROPOSED],BraTS2021_00021,29.75419,0.9385024309158325,0.13348015,0.8739227577401851,0.5362776025236593,0.5385996409335727
PP-MAE (Swin) [PROPOSED],BraTS2021_00060,29.654272,0.9756498336791992,0.1130285,0.9694704049844237,0.9669974613431802,0.8780737704918032
PP-MAE (Swin) [PROPOSED],BraTS2021_00024,31.361996,0.9838683009147644,0.08206281,0.9501396090945353,nan,nan
PP-MAE (Swin) [PROPOSED],BraTS2021_00060,31.804562,0.9570379257202148,0.1100134,0.0,nan,nan
PP-MAE (Swin) [PROPOSED],BraTS2021_00020,28.197268,0.914398729801178,0.15915707,0.9038961038961039,0.0,0.0
PP-MAE (Swin) [PROPOSED],BraTS2021_00056,27.604208,0.9479123950004578,0.13592128,0.9843093922651933,0.9527997654646732,0.9030489893799246
PP-MAE (Swin) [PROPOSED],BraTS2021_00062,29.105904,0.9769267439842224,0.108675465,0.9448183041722745,nan,nan
PP-MAE (Swin) [PROPOSED],BraTS2021_00045,29.918072,0.969670832157135,0.15971144,0.8309352517985612,nan,nan
PP-MAE (Swin) [PROPOSED],BraTS2021_00052,31.82041,0.9867057204246521,0.0746407,0.9692250648869114,nan,nan
PP-MAE (Swin) [PROPOSED],BraTS2021_00032,30.156704,0.9655580520629883,0.11501721,0.8506616257088847,nan,nan
PP-MAE (Swin) [PROPOSED],BraTS2021_00046,30.169706,0.96783047914505,0.10350368,0.9669291338582677,0.9207547169811321,0.9207547169811321
PP-MAE (Swin) [PROPOSED],BraTS2021_00068,28.009312,0.9698598384857178,0.17137802,0.8111888111888111,nan,nan
PP-MAE (Swin) [PROPOSED],BraTS2021_00000,26.510555,0.9322845339775085,0.15282279,0.9611307420494699,0.9688929551692589,0.9172113289760349
PP-MAE (Swin) [PROPOSED],BraTS2021_00059,29.303177,0.9651245474815369,0.10066437,0.9044143204727146,0.8267898383371824,0.8267898383371824
PP-MAE (Swin) [PROPOSED],BraTS2021_00051,32.27282,0.9910840392112732,0.060083117,0.9802371541501976,nan,nan
PP-MAE (Swin) [PROPOSED],BraTS2021_00006,31.233778,0.9894750118255615,0.07802572,0.9669635162309681,0.9776119402985075,0.9285714285714286
PP-MAE (Swin) [PROPOSED],BraTS2021_00033,30.344585,0.9780876636505127,0.09776794,0.9402291731186125,0.0,0.0
PP-MAE (Swin) [PROPOSED],BraTS2021_00024,30.06708,0.9757409691810608,0.09676106,0.9294990723562152,nan,nan
PP-MAE (Swin) [PROPOSED],BraTS2021_00036,29.965221,0.9616813659667969,0.13630645,0.9612625538020086,0.9138817480719794,0.8490284005979073
PP-MAE (Swin) [PROPOSED],BraTS2021_00070,27.360493,0.9601341485977173,0.20644464,0.9096573208722741,nan,nan
PP-MAE (Swin) [PROPOSED],BraTS2021_00064,31.139135,0.9811565279960632,0.095187314,0.9322843495363866,0.8918918918918919,0.7080610021786492
PP-MAE (Swin) [PROPOSED],BraTS2021_00066,27.803528,0.9593052864074707,0.12778874,0.9523212045169385,0.9325842696629213,0.9244186046511628
PP-MAE (Swin) [PROPOSED],BraTS2021_00006,32.029026,0.9909104108810425,0.06945727,0.9704718417047185,0.974169741697417,0.937007874015748
PP-MAE (Swin) [PROPOSED],BraTS2021_00059,29.653494,0.9658947587013245,0.09421483,0.9556589147286821,0.41237113402061853,0.41237113402061853
PP-MAE (Swin) [PROPOSED],BraTS2021_00058,26.624645,0.943436861038208,0.18539517,0.9426030719482619,0.9403341288782816,0.8717948717948718
PP-MAE (Swin) [PROPOSED],BraTS2021_00056,28.639675,0.9624581933021545,0.15577282,0.8746701846965699,0.826487845766974,0.7967332123411979
PP-MAE (Swin) [PROPOSED],BraTS2021_00063,27.332699,0.9708107113838196,0.19515131,0.9429280397022333,0.8864734299516909,0.8810679611650486
PP-MAE (Swin) [PROPOSED],BraTS2021_00017,28.394499,0.9580212235450745,0.16294722,0.9064171122994652,nan,nan
PP-MAE (Swin) [PROPOSED],BraTS2021_00021,30.364752,0.9564516544342041,0.12014031,0.7926436781609195,0.38968481375358166,0.44884488448844884
PP-MAE (Swin) [PROPOSED],BraTS2021_00031,29.603497,0.9696194529533386,0.10735742,0.8736237434179033,nan,nan
PP-MAE (Swin) [PROPOSED],BraTS2021_00016,29.163706,0.9871311187744141,0.08474475,0.9173228346456693,0.8278388278388278,0.7734375
PP-MAE (Swin) [PROPOSED],BraTS2021_00052,29.425047,0.9771794080734253,0.09654227,0.9630657187445812,0.9235687300203429,0.8099750623441396
PP-MAE (Swin) [PROPOSED],BraTS2021_00022,27.672588,0.9361937046051025,0.14481844,0.894620486366986,0.8725038402457758,0.766398158803222
PP-MAE (Swin) [PROPOSED],BraTS2021_00017,29.131498,0.9675002098083496,0.11784286,0.8839779005524862,nan,nan
PP-MAE (Swin) [PROPOSED],BraTS2021_00048,32.865673,0.9831870794296265,0.08520746,0.9620991253644315,nan,nan
PP-MAE (Swin) [PROPOSED],BraTS2021_00051,29.279816,0.9743984937667847,0.1110817,0.8961892247043364,0.0,0.0
PP-MAE (Swin) [PROPOSED],BraTS2021_00031,30.710674,0.98065584897995,0.09323735,0.9539786896395375,0.7575,0.7903225806451613
PP-MAE (Swin) [PROPOSED],BraTS2021_00048,31.255396,0.9718337059020996,0.10727043,0.9667673716012085,nan,nan
PP-MAE (Swin) [PROPOSED],BraTS2021_00064,30.285223,0.97736656665802,0.10678931,0.9259354838709677,0.8659038901601831,0.690712353471596
PP-MAE (Swin) [PROPOSED],BraTS2021_00017,29.720722,0.9753999710083008,0.10651542,0.8878923766816144,nan,nan
PP-MAE (Swin) [PROPOSED],BraTS2021_00060,29.80836,0.9635508060455322,0.16110605,0.9334625322997416,0.9404365519792823,0.7852760736196319
PP-MAE (Swin) [PROPOSED],BraTS2021_00051,32.664417,0.9930217266082764,0.05525602,0.9801914088582239,nan,nan
PP-MAE (Swin) [PROPOSED],BraTS2021_00002,28.163383,0.9344938397407532,0.14320949,0.9111747851002865,nan,nan
PP-MAE (Swin) [PROPOSED],BraTS2021_00066,27.356163,0.9397740364074707,0.14514747,0.9242424242424242,nan,nan
PP-MAE (Swin) [PROPOSED],BraTS2021_00002,28.014917,0.9563416838645935,0.204832,0.8505747126436781,nan,nan
PP-MAE (Swin) [PROPOSED],BraTS2021_00009,25.351776,0.9519104957580566,0.15672043,0.9382303839732888,0.0,0.0
PP-MAE (Swin) [PROPOSED],BraTS2021_00045,29.811115,0.9577556848526001,0.1265017,0.9873417721518988,0.9770833333333333,0.8944281524926686
PP-MAE (Swin) [PROPOSED],BraTS2021_00053,28.456074,0.9530526995658875,0.20892781,0.9336016096579477,nan,nan
PP-MAE (Swin) [PROPOSED],BraTS2021_00026,31.332027,0.9740887880325317,0.09758689,0.0,nan,nan
PP-MAE (Swin) [PROPOSED],BraTS2021_00060,31.964052,0.9607859253883362,0.10768437,0.8641114982578397,nan,nan
PP-MAE (Swin) [PROPOSED],BraTS2021_00060,29.756834,0.9759634137153625,0.11312464,0.9771210676835081,0.9718583212032994,0.8927789934354485
PP-MAE (Swin) [PROPOSED],BraTS2021_00011,30.76387,0.9688586592674255,0.08693467,0.975609756097561,0.8719512195121951,0.8719512195121951
PP-MAE (Swin) [PROPOSED],BraTS2021_00025,29.65954,0.9807589054107666,0.08609927,0.7699530516431925,nan,nan
PP-MAE (Swin) [PROPOSED],BraTS2021_00024,29.706259,0.9745064377784729,0.10818358,0.9325474787164375,nan,nan
PP-MAE (Swin) [PROPOSED],BraTS2021_00052,29.870338,0.9757032990455627,0.16094407,0.743455497382199,0.7262569832402235,0.7262569832402235
PP-MAE (Swin) [PROPOSED],BraTS2021_00060,29.069954,0.9669379591941833,0.1294157,0.9829794131950073,0.976725025746653,0.9120567375886525
PP-MAE (Swin) [PROPOSED],BraTS2021_00043,28.031094,0.9769535064697266,0.16393405,0.9674418604651163,nan,nan
PP-MAE (Swin) [PROPOSED],BraTS2021_00046,27.735071,0.965083122253418,0.16910808,0.9320388349514563,0.7799227799227799,0.7799227799227799
PP-MAE (Swin) [PROPOSED],BraTS2021_00051,31.691727,0.9890871047973633,0.06707416,0.9494232475598935,nan,nan
PP-MAE (Swin) [PROPOSED],BraTS2021_00026,29.351906,0.9384974837303162,0.13034448,0.9336470588235294,0.9364731653888281,0.9155251141552512
PP-MAE (Swin) [PROPOSED],BraTS2021_00009,27.741575,0.9693379998207092,0.11747635,0.0,nan,nan
PP-MAE (Swin) [PROPOSED],BraTS2021_00045,29.66645,0.9673483371734619,0.16279809,0.8793342579750347,nan,nan
PP-MAE (Swin) [PROPOSED],BraTS2021_00072,31.82205,0.9565107226371765,0.1053792,0.8971792538671519,0.9727675744141862,0.8722316865417377
PP-MAE (Swin) [PROPOSED],BraTS2021_00060,29.366688,0.9580088257789612,0.1785523,0.9129746835443038,0.8988464951197871,0.8032036613272311
PP-MAE (Swin) [PROPOSED],BraTS2021_00022,28.777397,0.9620630145072937,0.10717977,0.9785002621919245,0.952493360873414,0.9149010072941993
PP-MAE (Swin) [PROPOSED],BraTS2021_00026,29.652699,0.9615048170089722,0.14405158,0.6706948640483383,0.7377777777777778,0.7377777777777778
PP-MAE (Swin) [PROPOSED],BraTS2021_00049,25.098103,0.9605261087417603,0.13805468,0.9651162790697675,0.9145527369826435,0.8274021352313167
PP-MAE (Swin) [PROPOSED],BraTS2021_00024,31.078697,0.9820926189422607,0.08812549,0.9647665425379547,nan,nan
PP-MAE (Swin) [PROPOSED],BraTS2021_00002,29.274359,0.9637240767478943,0.11215098,0.9646235583776078,0.8491620111731844,0.7004169148302561
PP-MAE (Swin) [PROPOSED],BraTS2021_00072,31.468527,0.9704205989837646,0.10055946,0.9761112791049289,0.948948948948949,0.818489289740699
PP-MAE (Swin) [PROPOSED],BraTS2021_00066,28.196775,0.9533318281173706,0.12375817,0.9072164948453608,nan,nan
PP-MAE (Swin) [PROPOSED],BraTS2021_00020,29.705046,0.9698019027709961,0.11557731,0.935251798561151,0.9432314410480349,0.933920704845815
PP-MAE (Swin) [PROPOSED],BraTS2021_00051,29.723833,0.9762099385261536,0.10952255,0.8821292775665399,0.0,0.0
PP-MAE (Swin) [PROPOSED],BraTS2021_00008,28.29697,0.9577214121818542,0.12454078,0.9632829373650108,0.0,0.0
PP-MAE (Swin) [PROPOSED],BraTS2021_00046,27.415867,0.9624491930007935,0.19417663,0.905511811023622,0.6995073891625616,0.6995073891625616
PP-MAE (Swin) [PROPOSED],BraTS2021_00043,28.224907,0.9775037169456482,0.15205331,0.9547461368653422,0.0,0.0
PP-MAE (Swin) [PROPOSED],BraTS2021_00060,32.014202,0.9697976112365723,0.10223482,0.9551020408163265,nan,nan
PP-MAE (Swin) [PROPOSED],BraTS2021_00018,28.125229,0.9715675115585327,0.14854422,0.8123249299719888,0.7131782945736435,0.7131782945736435
PP-MAE (Swin) [PROPOSED],BraTS2021_00048,31.626757,0.9736747145652771,0.10191522,0.8893709327548807,nan,nan
PP-MAE (Swin) [PROPOSED],BraTS2021_00003,29.099667,0.9725072383880615,0.12407765,0.9526005636689726,0.9230769230769231,0.9230769230769231
PP-MAE (Swin) [PROPOSED],BraTS2021_00024,29.34622,0.9753940105438232,0.11217894,0.9368312046945115,nan,nan
PP-MAE (Swin) [PROPOSED],BraTS2021_00028,28.529854,0.9502944350242615,0.13987464,0.6699029126213593,0.3558282208588957,0.3558282208588957
PP-MAE (Swin) [PROPOSED],BraTS2021_00014,26.82026,0.9581849575042725,0.15263645,0.9172597864768683,0.6877192982456141,0.6877192982456141
PP-MAE (Swin) [PROPOSED],BraTS2021_00063,29.736305,0.9726470112800598,0.107456625,0.8595810705973623,0.8014184397163121,0.8014184397163121
PP-MAE (Swin) [PROPOSED],BraTS2021_00060,29.571703,0.9780443906784058,0.11115308,0.9770202404504642,0.9631265179951424,0.8740884783665532
PP-MAE (Swin) [PROPOSED],BraTS2021_00046,28.676012,0.958110511302948,0.12604535,0.9626032054395337,0.9041980624327234,0.8586387434554974
PP-MAE (Swin) [PROPOSED],BraTS2021_00072,30.988316,0.9429317116737366,0.11744732,0.0,nan,nan
PP-MAE (Swin) [PROPOSED],BraTS2021_00053,32.73579,0.9771413207054138,0.11673021,0.9422709923664122,0.8768640818065616,0.7776
PP-MAE (Swin) [PROPOSED],BraTS2021_00070,30.008568,0.970381498336792,0.09708056,0.966996699669967,nan,nan
PP-MAE (Swin) [PROPOSED],BraTS2021_00019,29.872196,0.965231716632843,0.14853278,0.0,nan,nan
PP-MAE (Swin) [PROPOSED],BraTS2021_00022,28.910473,0.9384437203407288,0.115179285,0.9565217391304348,0.9452411994784876,0.9445531637312459
PP-MAE (Swin) [PROPOSED],BraTS2021_00024,30.677162,0.9832125902175903,0.08990435,0.9704786471768415,nan,nan
PP-MAE (Swin) [PROPOSED],BraTS2021_00012,28.832432,0.9782507419586182,0.103544384,0.8827751196172249,0.0,nan
PP-MAE (Swin) [PROPOSED],BraTS2021_00011,29.59491,0.9609045386314392,0.1029483,0.8995686999383857,nan,nan
PP-MAE (Swin) [PROPOSED],BraTS2021_00043,29.495584,0.9828670620918274,0.09315353,0.9782915139554553,0.8602409638554217,0.11538461538461539
PP-MAE (Swin) [PROPOSED],BraTS2021_00017,29.377861,0.9565704464912415,0.12039718,0.9059304703476483,0.0,0.0
PP-MAE (Swin) [PROPOSED],BraTS2021_00056,27.522362,0.947722852230072,0.14003704,0.9877354358300482,0.9409344695856597,0.8993382096830372
PP-MAE (Swin) [PROPOSED],BraTS2021_00059,29.511013,0.967188835144043,0.09612434,0.959701997968168,0.7875354107648725,0.7875354107648725
PP-MAE (Swin) [PROPOSED],BraTS2021_00020,28.579391,0.9559946060180664,0.13547799,0.8926291352292514,0.9372759856630825,0.7707509881422925
PP-MAE (Swin) [PROPOSED],BraTS2021_00044,28.003853,0.9627962112426758,0.122531,0.9586956521739131,0.972875226039783,0.8959276018099548
PP-MAE (Swin) [PROPOSED],BraTS2021_00070,31.193733,0.9855507612228394,0.07368122,0.9938928633746292,0.9798199316982303,0.926605504587156
PP-MAE (Swin) [PROPOSED],BraTS2021_00068,27.449514,0.957857608795166,0.13744684,0.9147021003000428,0.8610634648370498,0.8610634648370498
PP-MAE (Swin) [PROPOSED],BraTS2021_00006,33.6846,0.9918184280395508,0.062364895,0.970652650021901,0.9441624365482234,0.9441624365482234
PP-MAE (Swin) [PROPOSED],BraTS2021_00012,29.360722,0.9859750866889954,0.08288871,0.9632951729021598,0.6855095541401274,0.0
PP-MAE (Swin) [PROPOSED],BraTS2021_00045,30.189608,0.9644576907157898,0.116792396,0.9767141009055628,0.9405204460966543,0.8992248062015504
PP-MAE (Swin) [PROPOSED],BraTS2021_00000,26.786041,0.9368472099304199,0.14821024,0.9486858573216521,0.9683741648106904,0.913878222709819
PP-MAE (Swin) [PROPOSED],BraTS2021_00053,33.573425,0.982974112033844,0.10222983,0.9537724550898203,0.9494787489975942,0.8468468468468469
PP-MAE (Swin) [PROPOSED],BraTS2021_00021,30.289135,0.9591355323791504,0.121848,0.762472885032538,nan,nan
PP-MAE (Swin) [PROPOSED],BraTS2021_00012,29.267395,0.983940601348877,0.09092195,0.9823393908369593,0.2062717770034843,0.0
PP-MAE (Swin) [PROPOSED],BraTS2021_00017,29.096893,0.9555363655090332,0.12199511,0.9256926952141058,nan,nan
PP-MAE (Swin) [PROPOSED],BraTS2021_00036,30.395172,0.9558504819869995,0.13015063,0.0,nan,nan
PP-MAE (Swin) [PROPOSED],BraTS2021_00062,28.507984,0.975300133228302,0.15056573,0.9446428571428571,0.0,0.0
PP-MAE (Swin) [PROPOSED],BraTS2021_00052,29.669788,0.9747553467750549,0.16329615,0.8481927710843373,0.7851002865329513,0.7851002865329513
PP-MAE (Swin) [PROPOSED],BraTS2021_00032,31.383461,0.9642281532287598,0.10592108,0.8464491362763915,nan,nan
PP-MAE (Swin) [PROPOSED],BraTS2021_00032,34.0962,0.9855188727378845,0.07135974,0.9581824168587422,0.9396984924623115,0.923469387755102
PP-MAE (Swin) [PROPOSED],BraTS2021_00003,28.226097,0.9687504172325134,0.1625335,0.905842947525121,nan,nan
PP-MAE (Swin) [PROPOSED],BraTS2021_00051,31.302029,0.9898592829704285,0.06506879,0.9894913829340058,0.8413793103448276,0.8333333333333334
PP-MAE (Swin) [PROPOSED],BraTS2021_00054,29.588726,0.9307177066802979,0.1187278,0.9593898165326736,0.9237608357412759,0.726218888510058
PP-MAE (Swin) [PROPOSED],BraTS2021_00064,29.590836,0.9712393283843994,0.11706472,0.9481327800829875,0.8914027149321267,0.7470383275261324
PP-MAE (Swin) [PROPOSED],BraTS2021_00064,29.410915,0.9545987844467163,0.1434392,0.8810198300283286,0.0,0.0
PP-MAE (Swin) [PROPOSED],BraTS2021_00043,27.777332,0.9737840294837952,0.14854859,0.9688087185268696,0.5586592178770949,0.5863453815261044
PP-MAE (Swin) [PROPOSED],BraTS2021_00000,27.551857,0.9600321054458618,0.12661913,0.9475574712643678,0.9655172413793104,0.9158667419536984
PP-MAE (Swin) [PROPOSED],BraTS2021_00030,30.385609,0.9650278687477112,0.11454285,0.9411764705882353,nan,nan
PP-MAE (Swin) [PROPOSED],BraTS2021_00016,27.80019,0.9830576181411743,0.09657222,0.9140698772426817,0.9047619047619048,0.868995633187773
PP-MAE (Swin) [PROPOSED],BraTS2021_00052,32.034145,0.983006477355957,0.07600112,0.9228687415426252,nan,nan
PP-MAE (Swin) [PROPOSED],BraTS2021_00043,27.519724,0.9728661179542542,0.1547484,0.9514563106796117,0.37701149425287356,0.37701149425287356
PP-MAE (Swin) [PROPOSED],BraTS2021_00060,30.65115,0.9682192206382751,0.19683068,0.700507614213198,0.7258064516129032,0.7258064516129032
PP-MAE (Swin) [PROPOSED],BraTS2021_00024,29.775501,0.9775790572166443,0.11464524,0.9247027741083224,0.5714285714285714,0.5714285714285714
PP-MAE (Swin) [PROPOSED],BraTS2021_00064,32.04716,0.9746702909469604,0.094882265,0.7953216374269005,0.8426395939086294,0.7971014492753623
PP-MAE (Swin) [PROPOSED],BraTS2021_00058,28.315434,0.9139068126678467,0.13839437,0.9402985074626866,0.9261083743842364,0.9261083743842364
PP-MAE (Swin) [PROPOSED],BraTS2021_00008,29.074795,0.9519214034080505,0.114184126,0.9374167776298269,nan,nan
PP-MAE (Swin) [PROPOSED],BraTS2021_00052,28.618929,0.966630220413208,0.17202446,0.8693790149892934,0.9006134969325154,0.8821292775665399
PP-MAE (Swin) [PROPOSED],BraTS2021_00002,29.242764,0.9737011790275574,0.10405533,0.9355336212214682,0.8962108731466227,0.7890568754499641
PP-MAE (Swin) [PROPOSED],BraTS2021_00033,27.840864,0.9723873734474182,0.13575049,0.9732910819375283,nan,nan
PP-MAE (Swin) [PROPOSED],BraTS2021_00016,27.44471,0.9761489033699036,0.1139465,0.892018779342723,0.5,0.5
PP-MAE (Swin) [PROPOSED],BraTS2021_00018,28.964815,0.9673442840576172,0.1126241,0.8955916473317865,0.3121951219512195,0.3121951219512195
PP-MAE (Swin) [PROPOSED],BraTS2021_00011,30.916927,0.9820977449417114,0.0784157,0.9727443609022557,0.8597560975609756,0.8597560975609756
PP-MAE (Swin) [PROPOSED],BraTS2021_00012,29.471094,0.9816817045211792,0.09636148,0.9052924791086351,0.0,nan
PP-MAE (Swin) [PROPOSED],BraTS2021_00008,29.136147,0.953766405582428,0.11575232,0.9204052098408104,nan,nan
PP-MAE (Swin) [PROPOSED],BraTS2021_00070,29.286612,0.9722834229469299,0.110826895,0.9696809912997627,0.8429752066115702,0.8429752066115702
PP-MAE (Swin) [PROPOSED],BraTS2021_00020,28.50431,0.9561112523078918,0.13637325,0.9333333333333333,0.9535495179666958,0.8662900188323918
PP-MAE (Swin) [PROPOSED],BraTS2021_00070,27.840548,0.9680183529853821,0.16203292,0.9345403899721448,nan,nan
PP-MAE (Swin) [PROPOSED],BraTS2021_00005,30.594296,0.9831811785697937,0.09434811,0.9869693148381673,0.9395973154362416,0.7480916030534351
PP-MAE (Swin) [PROPOSED],BraTS2021_00017,29.306772,0.9509978294372559,0.124065645,0.9730893433799784,nan,nan
PP-MAE (Swin) [PROPOSED],BraTS2021_00072,31.234535,0.9416302442550659,0.113592826,0.8853615520282186,0.8866995073891626,0.8085106382978723
PP-MAE (Swin) [PROPOSED],BraTS2021_00045,29.6559,0.9581166505813599,0.12848827,0.9767441860465116,0.9702564102564103,0.8973966309341501
PP-MAE (Swin) [PROPOSED],BraTS2021_00025,30.170666,0.9849026799201965,0.07814311,0.7,nan,nan
PP-MAE (Swin) [PROPOSED],BraTS2021_00070,29.6175,0.9763979911804199,0.10447302,0.9806678383128296,0.8583450210378681,0.8583450210378681
PP-MAE (Swin) [PROPOSED],BraTS2021_00002,29.056755,0.9724657535552979,0.105045035,0.9423857181498513,0.9599417334304443,0.7685774946921444
PP-MAE (Swin) [PROPOSED],BraTS2021_00032,30.94795,0.9561669826507568,0.11384568,0.13836477987421383,nan,nan
PP-MAE (Swin) [PROPOSED],BraTS2021_00012,28.453224,0.9814420342445374,0.10060193,0.9124278972207656,0.0,nan
PP-MAE (Swin) [PROPOSED],BraTS2021_00049,25.308819,0.9639489650726318,0.124312,0.9843478260869565,0.9259708737864077,0.8518518518518519
PP-MAE (Swin) [PROPOSED],BraTS2021_00025,28.831484,0.9738849997520447,0.096732594,0.625,nan,nan
PP-MAE (Swin) [PROPOSED],BraTS2021_00026,29.83407,0.9570943713188171,0.118873864,0.9525329078579976,0.9222567747667704,0.8957178841309824
PP-MAE (Swin) [PROPOSED],BraTS2021_00033,29.71654,0.9834356904029846,0.093601614,0.9848942598187311,0.6742857142857143,0.6742857142857143
PP-MAE (Swin) [PROPOSED],BraTS2021_00020,28.388596,0.9184927940368652,0.15356305,0.8782816229116945,0.828125,0.828125
PP-MAE (Swin) [PROPOSED],BraTS2021_00044,29.811152,0.9704728126525879,0.103631176,0.9584905660377359,nan,nan
PP-MAE (Swin) [PROPOSED],BraTS2021_00012,29.393341,0.9867303967475891,0.082093574,0.9704197357652286,0.6726943942133815,0.0
PP-MAE (Swin) [PROPOSED],BraTS2021_00028,29.075588,0.9613973498344421,0.12488941,0.912,0.028368794326241134,0.028368794326241134
PP-MAE (Swin) [PROPOSED],BraTS2021_00033,30.196686,0.9717859625816345,0.175072,0.90744920993228,nan,nan
PP-MAE (Swin) [PROPOSED],BraTS2021_00020,30.27013,0.9716569185256958,0.109664224,0.6274509803921569,nan,nan
PP-MAE (Swin) [PROPOSED],BraTS2021_00021,28.975342,0.9254287481307983,0.15863925,0.7810750279955208,nan,nan
PP-MAE (Swin) [PROPOSED],BraTS2021_00071,29.929459,0.9670025110244751,0.118150264,0.8860103626943006,0.9134078212290503,0.8290598290598291
PP-MAE (Swin) [PROPOSED],BraTS2021_00005,29.934006,0.9701454639434814,0.11027396,0.9599474720945502,0.923923006416132,0.8375209380234506
PP-MAE (Swin) [PROPOSED],BraTS2021_00068,28.30703,0.9666013121604919,0.100680515,0.9703983975072334,0.9523809523809523,0.9248956884561892
PP-MAE (Swin) [PROPOSED],BraTS2021_00000,27.945045,0.9610165953636169,0.121648766,0.9686765857478465,0.9747228381374723,0.9088714544357273
PP-MAE (Swin) [PROPOSED],BraTS2021_00066,29.00753,0.962897539138794,0.11325143,0.9721749006246451,0.9488372093023256,0.9488372093023256
PP-MAE (Swin) [PROPOSED],BraTS2021_00059,28.518223,0.9518888592720032,0.10852346,0.9097664543524416,nan,nan
PP-MAE (Swin) [PROPOSED],BraTS2021_00046,27.389376,0.9570704102516174,0.15958092,0.9509738079247817,0.42105263157894735,0.42105263157894735
PP-MAE (Swin) [PROPOSED],BraTS2021_00030,31.689203,0.9694822430610657,0.09554958,0.9542324827865533,0.9451966473243069,0.8175
PP-MAE (Swin) [PROPOSED],BraTS2021_00028,29.669611,0.9655617475509644,0.11605696,0.9139072847682119,0.0,0.0
PP-MAE (Swin) [PROPOSED],BraTS2021_00044,29.489422,0.9666720032691956,0.10795344,0.9226666666666666,nan,nan
PP-MAE (Swin) [PROPOSED],BraTS2021_00059,27.595102,0.9397500157356262,0.1272844,0.8416289592760181,nan,nan
PP-MAE (Swin) [PROPOSED],BraTS2021_00036,29.746822,0.941428542137146,0.1659969,0.577962577962578,0.5693430656934306,0.5693430656934306
PP-MAE (Swin) [PROPOSED],BraTS2021_00006,30.277271,0.985676646232605,0.08461102,0.9724053724053724,0.9790209790209791,0.8903394255874674
PP-MAE (Swin) [PROPOSED],BraTS2021_00006,30.163633,0.9840881824493408,0.090844266,0.9734888653234358,0.9822485207100592,0.9376770538243626
PP-MAE (Swin) [PROPOSED],BraTS2021_00062,29.871944,0.9813457131385803,0.09648176,0.9634577603143418,nan,nan
PP-MAE (Swin) [PROPOSED],BraTS2021_00033,29.217909,0.9787800312042236,0.109547436,0.9740311626048741,nan,nan
PP-MAE (Swin) [PROPOSED],BraTS2021_00048,31.397495,0.9636150002479553,0.111856714,0.916955017301038,nan,nan
PP-MAE (Swin) [PROPOSED],BraTS2021_00066,26.521532,0.9352080821990967,0.16943356,0.9341692789968652,nan,nan
PP-MAE (Swin) [PROPOSED],BraTS2021_00064,32.164776,0.9747821688652039,0.094548605,0.7657909446618223,0.8517110266159695,0.7869674185463659
PP-MAE (Swin) [PROPOSED],BraTS2021_00035,29.50535,0.9612025022506714,0.10802764,0.9541393686718285,0.9110204081632653,0.7944162436548223
PP-MAE (Swin) [PROPOSED],BraTS2021_00018,28.721214,0.980718731880188,0.099122405,0.9828841235490852,0.8591149005278116,0.7658730158730159
PP-MAE (Swin) [PROPOSED],BraTS2021_00060,29.177492,0.9723165035247803,0.11944928,0.9761298535964353,0.9717682020802377,0.8898441698011822
PP-MAE (Swin) [PROPOSED],BraTS2021_00044,28.137808,0.9489648342132568,0.13309607,0.934640522875817,0.9072164948453608,0.9072164948453608
PP-MAE (Swin) [PROPOSED],BraTS2021_00044,28.258472,0.957360029220581,0.12646128,0.9385474860335196,0.9537953795379538,0.832271762208068
PP-MAE (Swin) [PROPOSED],BraTS2021_00017,28.657915,0.9516515731811523,0.17390932,0.0,nan,nan
PP-MAE (Swin) [PROPOSED],BraTS2021_00049,27.85519,0.9787240624427795,0.094512895,0.9476394849785408,nan,nan
PP-MAE (Swin) [PROPOSED],BraTS2021_00021,29.7629,0.9212101101875305,0.13549758,0.8898381294964028,0.0,0.0
PP-MAE (Swin) [PROPOSED],BraTS2021_00035,29.550798,0.9611316323280334,0.10603782,0.9658848614072495,nan,nan
PP-MAE (Swin) [PROPOSED],BraTS2021_00008,27.522903,0.9450674057006836,0.135891,0.9591346153846154,nan,nan
PP-MAE (Swin) [PROPOSED],BraTS2021_00053,32.72908,0.9797763824462891,0.10978876,0.9435127978817299,0.9323173464813985,0.8478527607361963
PP-MAE (Swin) [PROPOSED],BraTS2021_00036,29.189354,0.9394599199295044,0.16318305,0.898861352980576,0.7560975609756098,0.75
PP-MAE (Swin) [PROPOSED],BraTS2021_00030,32.01356,0.9668915271759033,0.09435363,0.9525645969919013,0.9565217391304348,0.8698060941828255
PP-MAE (Swin) [PROPOSED],BraTS2021_00062,29.57615,0.9799113869667053,0.095090315,0.9583033788641265,nan,nan
PP-MAE (Swin) [PROPOSED],BraTS2021_00062,27.902142,0.9767906665802002,0.10877234,0.973404255319149,0.6,0.6
PP-MAE (Swin) [PROPOSED],BraTS2021_00005,30.41631,0.983259379863739,0.093868546,0.9885153476717478,0.9500846023688664,0.746218487394958
PP-MAE (Swin) [PROPOSED],BraTS2021_00019,30.41579,0.9766823053359985,0.102840945,0.9436519258202568,0.843403205918619,0.8231148696264975
PP-MAE (Swin) [PROPOSED],BraTS2021_00056,28.83406,0.9661230444908142,0.18914452,0.0,0.0,0.0
PP-MAE (Swin) [PROPOSED],BraTS2021_00054,29.96338,0.9328632950782776,0.11300648,0.9770328988206083,0.9405334499344119,0.769277108433735
PP-MAE (Swin) [PROPOSED],BraTS2021_00031,27.765339,0.9615914821624756,0.14417908,0.7965517241379311,nan,nan
PP-MAE (Swin) [PROPOSED],BraTS2021_00025,27.525232,0.9566875696182251,0.11647107,0.7692307692307693,nan,nan
PP-MAE (Swin) [PROPOSED],BraTS2021_00012,29.295732,0.9796249866485596,0.1594173,0.9514237855946399,nan,nan
PP-MAE (Swin) [PROPOSED],BraTS2021_00031,31.370686,0.9781209230422974,0.08735993,0.9120485249517507,0.8301119023397762,0.7755725190839695
PP-MAE (Swin) [PROPOSED],BraTS2021_00000,29.084717,0.9750754833221436,0.10526319,0.803840877914952,0.8450704225352113,0.8450704225352113
PP-MAE (Swin) [PROPOSED],BraTS2021_00002,28.168175,0.9533724188804626,0.13738689,0.9411764705882353,nan,nan
PP-MAE (Swin) [PROPOSED],BraTS2021_00045,29.991016,0.9631729125976562,0.121079184,0.9408502772643254,nan,nan
PP-MAE (Swin) [PROPOSED],BraTS2021_00068,28.939465,0.9618308544158936,0.10037799,0.9526114135914499,0.9479166666666666,0.9086932750136687
PP-MAE (Swin) [PROPOSED],BraTS2021_00022,27.163534,0.9316664338111877,0.1501607,0.8673835125448028,0.8301075268817204,0.7084468664850136
PP-MAE (Swin) [PROPOSED],BraTS2021_00011,27.785198,0.9509875178337097,0.13688816,0.8505079825834543,nan,nan
PP-MAE (Swin) [PROPOSED],BraTS2021_00070,27.809967,0.9673373699188232,0.15882458,0.92875,nan,nan
PP-MAE (Swin) [PROPOSED],BraTS2021_00043,29.520903,0.9828217029571533,0.093870044,0.9767949767949768,0.8751431844215349,0.034482758620689655
PP-MAE (Swin) [PROPOSED],BraTS2021_00019,31.440517,0.9797556400299072,0.091665976,0.9151524727445094,nan,nan
PP-MAE (Swin) [PROPOSED],BraTS2021_00009,28.862898,0.9788681864738464,0.098400705,0.9624300559552358,nan,nan
PP-MAE (Swin) [PROPOSED],BraTS2021_00032,31.398567,0.9761443734169006,0.097365014,0.9876470588235294,0.9008130081300812,0.8698630136986302
PP-MAE (Swin) [PROPOSED],BraTS2021_00011,29.066677,0.9689255952835083,0.09987649,0.9692937563971341,nan,nan
PP-MAE (Swin) [PROPOSED],BraTS2021_00000,27.543278,0.9562460780143738,0.12629503,0.9611111111111111,0.9750099166997224,0.9064261555806088
PP-MAE (Swin) [PROPOSED],BraTS2021_00053,31.037106,0.9736377000808716,0.135014,0.9606481481481481,0.9227272727272727,0.9227272727272727
PP-MAE (Swin) [PROPOSED],BraTS2021_00018,29.596346,0.9780246615409851,0.09548993,0.9866923200256533,0.974089068825911,0.8550272798129385
PP-MAE (Swin) [PROPOSED],BraTS2021_00071,31.244831,0.9757257699966431,0.094602905,0.0380952380952381,nan,nan
PP-MAE (Swin) [PROPOSED],BraTS2021_00005,30.346872,0.9814990162849426,0.097853824,0.965279487810884,0.9395632300660234,0.8027210884353742
PP-MAE (Swin) [PROPOSED],BraTS2021_00070,30.272442,0.9764645099639893,0.08820816,0.9613947696139477,nan,nan
PP-MAE (Swin) [PROPOSED],BraTS2021_00019,31.504461,0.9809582829475403,0.089558505,0.8961290322580645,0.8333333333333334,0.8333333333333334
PP-MAE (Swin) [PROPOSED],BraTS2021_00053,31.344774,0.9552307724952698,0.15322776,0.9332370985203897,0.7989789406509253,0.7980965329707682
PP-MAE (Swin) [PROPOSED],BraTS2021_00006,29.2795,0.9720612168312073,0.11497618,0.9145496535796767,nan,nan
PP-MAE (Swin) [PROPOSED],BraTS2021_00048,31.178986,0.9719031453132629,0.10638713,0.6827956989247311,nan,nan
PP-MAE (Swin) [PROPOSED],BraTS2021_00002,26.874304,0.9349241852760315,0.1790805,0.8157099697885196,nan,nan
PP-MAE (Swin) [PROPOSED],BraTS2021_00006,32.039375,0.9913990497589111,0.06887882,0.9712251557401365,0.9823008849557522,0.9367088607594937
PP-MAE (Swin) [PROPOSED],BraTS2021_00051,30.611399,0.984566867351532,0.077543184,0.9624164168780263,0.9616026711185309,0.8733766233766234
PP-MAE (Swin) [PROPOSED],BraTS2021_00043,27.460934,0.9721460938453674,0.13582855,0.9609929078014184,0.771513353115727,0.7664670658682635
PP-MAE (Swin) [PROPOSED],BraTS2021_00049,24.27914,0.9575129747390747,0.22189578,0.9075321494182487,0.0,0.0
PP-MAE (Swin) [PROPOSED],BraTS2021_00045,29.29026,0.9592558741569519,0.13370624,0.9646017699115044,0.9523809523809523,0.8665568369028006
PP-MAE (Swin) [PROPOSED],BraTS2021_00071,32.04866,0.9796813726425171,0.09046533,0.7202216066481995,nan,nan
PP-MAE (Swin) [PROPOSED],BraTS2021_00031,28.254347,0.9622880816459656,0.1494905,0.8982035928143712,nan,nan
PP-MAE (Swin) [PROPOSED],BraTS2021_00024,29.931934,0.9787012934684753,0.11367013,0.9182990922121357,0.8401486988847584,0.8401486988847584
PP-MAE (Swin) [PROPOSED],BraTS2021_00059,28.141006,0.943566620349884,0.12090564,0.8744460856720827,nan,nan
PP-MAE (Swin) [PROPOSED],BraTS2021_00071,31.628994,0.9767849445343018,0.091466896,0.0,nan,nan
PP-MAE (Swin) [PROPOSED],BraTS2021_00060,28.792372,0.9655104279518127,0.13870928,0.9773473407747866,0.9761705685618729,0.8940914158305463
PP-MAE (Swin) [PROPOSED],BraTS2021_00054,28.35766,0.9104257225990295,0.14832594,0.9090909090909091,0.9014492753623189,0.8557692307692307
PP-MAE (Swin) [PROPOSED],BraTS2021_00033,29.119184,0.9739193916320801,0.15906036,0.8627717391304348,nan,nan
PP-MAE (Swin) [PROPOSED],BraTS2021_00021,30.118324,0.9222493171691895,0.13021412,0.8816638775998088,nan,nan
PP-MAE (Swin) [PROPOSED],BraTS2021_00021,29.349274,0.9164131283760071,0.15728523,0.8690559850081987,nan,nan
PP-MAE (Swin) [PROPOSED],BraTS2021_00044,29.848846,0.9781302809715271,0.097908475,0.9692712906057945,0.9479768786127167,0.9479768786127167
PP-MAE (Swin) [PROPOSED],BraTS2021_00032,31.642433,0.9628446102142334,0.10650649,0.8291316526610645,nan,nan
PP-MAE (Swin) [PROPOSED],BraTS2021_00030,31.245516,0.9687820672988892,0.10018595,0.9721955896452541,0.9551800146950772,0.905829596412556
PP-MAE (Swin) [PROPOSED],BraTS2021_00052,28.625473,0.9690678119659424,0.13456315,0.9217502395400831,0.9168765743073047,0.8780251694094869
PP-MAE (Swin) [PROPOSED],BraTS2021_00025,28.534061,0.9693974256515503,0.1071403,0.6473029045643154,nan,nan
PP-MAE (Swin) [PROPOSED],BraTS2021_00009,27.6624,0.9671879410743713,0.12202504,0.0,nan,nan
PP-MAE (Swin) [PROPOSED],BraTS2021_00002,29.06903,0.9638380408287048,0.11381703,0.9469676366603209,0.7331449333871619,0.6098219104155423
PP-MAE (Swin) [PROPOSED],BraTS2021_00032,31.085762,0.9610326290130615,0.10849467,0.8985507246376812,nan,nan
PP-MAE (Swin) [PROPOSED],BraTS2021_00052,28.678745,0.9697985649108887,0.13449013,0.9134682484298674,0.8798554652213189,0.8513779527559056
PP-MAE (Swin) [PROPOSED],BraTS2021_00052,31.273735,0.9855315089225769,0.07688524,0.9456264775413712,nan,nan
PP-MAE (Swin) [PROPOSED],BraTS2021_00054,29.399689,0.9404836893081665,0.12308768,0.9694852084789192,0.929864830400408,0.7815126050420168
PP-MAE (Swin) [PROPOSED],BraTS2021_00016,28.93092,0.9861330389976501,0.087214306,0.9096844396082698,0.8128342245989305,0.8128342245989305
PP-MAE (Swin) [PROPOSED],BraTS2021_00064,29.721634,0.9710962772369385,0.11634265,0.9661857529305681,0.9036388140161725,0.7653194263363755
PP-MAE (Swin) [PROPOSED],BraTS2021_00031,30.987087,0.9810786843299866,0.08879341,0.9327498848456932,0.8843995510662177,0.773851590106007
PP-MAE (Swin) [PROPOSED],BraTS2021_00063,27.345833,0.9560408592224121,0.2656792,0.9242658423493045,0.8737541528239202,0.8681135225375626
PP-MAE (Swin) [PROPOSED],BraTS2021_00003,32.0802,0.9812731146812439,0.08603091,0.9485815602836879,0.9006433166547534,0.7370007535795027
PP-MAE (Swin) [PROPOSED],BraTS2021_00030,30.960682,0.9557610154151917,0.108702324,0.9634146341463414,0.9070100143061517,0.8895348837209303
PP-MAE (Swin) [PROPOSED],BraTS2021_00000,28.615662,0.9706479907035828,0.10924386,0.8939256572982774,0.9590163934426229,0.9590163934426229
PP-MAE (Swin) [PROPOSED],BraTS2021_00056,28.511852,0.9607541561126709,0.14720152,0.9449685534591195,0.9637809187279152,0.9315448658649399
PP-MAE (Swin) [PROPOSED],BraTS2021_00022,27.945057,0.9434643983840942,0.13191812,0.9422894985808893,0.9542356377799416,0.8729281767955801
PP-MAE (Swin) [PROPOSED],BraTS2021_00032,32.73846,0.983339250087738,0.08034992,0.9673776662484316,0.9074889867841409,0.8264758497316637
PP-MAE (Swin) [PROPOSED],BraTS2021_00022,27.68119,0.944474995136261,0.13166472,0.9447585906916051,0.9627659574468085,0.8738007380073801
PP-MAE (Swin) [PROPOSED],BraTS2021_00043,27.848291,0.9737452268600464,0.13753638,0.964649898028552,0.6924493554327809,0.6924493554327809
PP-MAE (Swin) [PROPOSED],BraTS2021_00071,29.274328,0.9633838534355164,0.12898739,0.887719298245614,0.0,0.0
PP-MAE (Swin) [PROPOSED],BraTS2021_00059,29.130749,0.9644861221313477,0.09904611,0.8705547652916074,0.7874015748031497,0.7874015748031497
PP-MAE (Swin) [PROPOSED],BraTS2021_00019,32.960506,0.9788548946380615,0.08497641,0.8390804597701149,nan,nan
PP-MAE (Swin) [PROPOSED],BraTS2021_00071,31.198944,0.9808763861656189,0.097143926,0.9286675639300135,nan,nan
PP-MAE (Swin) [PROPOSED],BraTS2021_00062,29.475374,0.9787523746490479,0.09767817,0.9725098179221706,nan,nan
PP-MAE (Swin) [PROPOSED],BraTS2021_00033,29.49008,0.9761313796043396,0.1517014,0.8680236375574524,nan,nan
PP-MAE (Swin) [PROPOSED],BraTS2021_00000,28.095123,0.9618681073188782,0.12020533,0.9402597402597402,0.9533678756476683,0.9087301587301587
PP-MAE (Swin) [PROPOSED],BraTS2021_00032,31.773594,0.9762532711029053,0.09326107,0.9888693614528412,0.9629629629629629,0.9105180533751962
PP-MAE (Swin) [PROPOSED],BraTS2021_00016,26.376904,0.969734251499176,0.14019513,0.0,nan,nan
PP-MAE (Swin) [PROPOSED],BraTS2021_00045,28.752157,0.9557598829269409,0.15983213,0.9701149425287356,0.9545454545454546,0.8333333333333334
PP-MAE (Swin) [PROPOSED],BraTS2021_00056,28.245155,0.9622686505317688,0.14186916,0.9618874773139746,0.9540799471423852,0.9144542772861357
PP-MAE (Swin) [PROPOSED],BraTS2021_00066,28.309143,0.9503979682922363,0.12787089,0.8576744186046512,nan,nan
PP-MAE (Swin) [PROPOSED],BraTS2021_00016,27.059639,0.9742638468742371,0.12032205,0.5261261261261261,nan,nan
PP-MAE (Swin) [PROPOSED],BraTS2021_00003,30.438179,0.9682243466377258,0.118154384,0.8828828828828829,0.8801955990220048,0.8746928746928747
PP-MAE (Swin) [PROPOSED],BraTS2021_00044,30.158855,0.9802607297897339,0.09469747,0.9681857265692175,nan,nan
PP-MAE (Swin) [PROPOSED],BraTS2021_00051,30.866447,0.986520528793335,0.07169593,0.9533333333333334,0.9555555555555556,0.9516728624535316
PP-MAE (Swin) [PROPOSED],BraTS2021_00002,29.80611,0.9675725698471069,0.19793345,0.0,nan,nan
PP-MAE (Swin) [PROPOSED],BraTS2021_00059,28.870754,0.9490663409233093,0.106563315,0.8914819136522754,nan,nan
PP-MAE (Swin) [PROPOSED],BraTS2021_00058,28.185843,0.9060196280479431,0.14405854,0.9070422535211268,0.9302325581395349,0.9084745762711864
PP-MAE (Swin) [PROPOSED],BraTS2021_00070,30.583958,0.9825411438941956,0.085201256,0.9868995633187773,0.94,0.8818040435458787
PP-MAE (Swin) [PROPOSED],BraTS2021_00000,27.548706,0.9506209492683411,0.15126762,0.8933717579250721,0.9309941520467836,0.9259694477085781
PP-MAE (Swin) [PROPOSED],BraTS2021_00035,30.99038,0.966001570224762,0.09121142,0.9792677547419497,0.9313432835820895,0.9313432835820895
PP-MAE (Swin) [PROPOSED],BraTS2021_00020,29.642084,0.9696757197380066,0.115253694,0.9240348692403487,0.9328859060402684,0.8695652173913043
PP-MAE (Swin) [PROPOSED],BraTS2021_00060,31.23341,0.9692749381065369,0.20081602,0.5947955390334573,0.5,0.5
PP-MAE (Swin) [PROPOSED],BraTS2021_00066,27.94905,0.9623789191246033,0.12478608,0.9524576954069299,nan,nan
PP-MAE (Swin) [PROPOSED],BraTS2021_00002,28.282623,0.9520220756530762,0.13928159,0.9230769230769231,nan,nan
PP-MAE (Swin) [PROPOSED],BraTS2021_00058,27.734951,0.9406846165657043,0.15584368,0.9479674796747968,0.8961201501877347,0.8372093023255814
PP-MAE (Swin) [PROPOSED],BraTS2021_00053,32.093414,0.980888843536377,0.11256144,0.9801288936627283,0.9345063538611925,0.8735919899874843
PP-MAE (Swin) [PROPOSED],BraTS2021_00066,27.21233,0.9569545984268188,0.13447167,0.9681528662420382,0.9421487603305785,0.863849765258216
PP-MAE (Swin) [PROPOSED],BraTS2021_00003,29.923113,0.9759731888771057,0.110126816,0.9626832518880497,0.9518248175182482,0.9305666400638468
PP-MAE (Swin) [PROPOSED],BraTS2021_00026,30.117306,0.9692497849464417,0.11004299,0.8734042553191489,0.8619631901840491,0.839607201309329
PP-MAE (Swin) [PROPOSED],BraTS2021_00033,29.461117,0.9829060435295105,0.09668737,0.9808502489467636,0.0,0.0
PP-MAE (Swin) [PROPOSED],BraTS2021_00006,33.154037,0.990048348903656,0.07216746,0.972,nan,nan
PP-MAE (Swin) [PROPOSED],BraTS2021_00033,29.724676,0.9781994819641113,0.10409441,0.975453172205438,0.0,0.0
PP-MAE (Swin) [PROPOSED],BraTS2021_00012,28.708836,0.982606828212738,0.091919824,0.9654499316806558,0.44571865443425074,0.0
PP-MAE (Swin) [PROPOSED],BraTS2021_00036,30.449188,0.9544481635093689,0.1664581,0.8768472906403941,0.5303030303030303,0.5303030303030303
PP-MAE (Swin) [PROPOSED],BraTS2021_00032,32.715015,0.9792042970657349,0.083980195,0.9031424881618597,0.0,0.0
PP-MAE (Swin) [PROPOSED],BraTS2021_00059,28.404583,0.9539634585380554,0.10642567,0.8869610935856993,0.9034825870646767,0.8991008991008991
PP-MAE (Swin) [PROPOSED],BraTS2021_00051,29.746174,0.9751290678977966,0.106450714,0.8810365135453475,nan,nan
PP-MAE (Swin) [PROPOSED],BraTS2021_00005,27.746384,0.9598830938339233,0.1672386,0.9542410714285714,0.9092645654250239,0.8704103671706264
PP-MAE (Swin) [PROPOSED],BraTS2021_00019,29.371628,0.9675315022468567,0.12170365,0.9023090586145648,0.8838383838383839,0.8021015761821366
PP-MAE (Swin) [PROPOSED],BraTS2021_00012,28.758537,0.9818616509437561,0.09400497,0.969243557772236,0.4931062449310625,0.0
PP-MAE (Swin) [PROPOSED],BraTS2021_00049,27.767744,0.9808465242385864,0.090592004,0.9712131596984236,nan,nan
PP-MAE (Swin) [PROPOSED],BraTS2021_00006,31.366518,0.9843108654022217,0.09584786,0.9631067961165048,nan,nan
PP-MAE (Swin) [PROPOSED],BraTS2021_00059,28.557055,0.9566398859024048,0.10939279,0.9472810294728103,0.9303442754203363,0.837129840546697
PP-MAE (Swin) [PROPOSED],BraTS2021_00017,29.901337,0.9799641370773315,0.10531785,0.9211908931698775,nan,nan
PP-MAE (Swin) [PROPOSED],BraTS2021_00030,32.38202,0.9685632586479187,0.09081607,0.9519784863618901,0.9588313413014609,0.8439897698209718
PP-MAE (Swin) [PROPOSED],BraTS2021_00048,29.97152,0.9539993405342102,0.14107196,0.87248322147651,nan,nan
PP-MAE (Swin) [PROPOSED],BraTS2021_00030,32.155975,0.9682779312133789,0.09171324,0.961901169370049,0.9543010752688172,0.8567901234567902
PP-MAE (Swin) [PROPOSED],BraTS2021_00045,29.178299,0.9623669981956482,0.15363126,0.9611486486486487,0.9272727272727272,0.8644859813084113
PP-MAE (Swin) [PROPOSED],BraTS2021_00012,29.806923,0.9852374196052551,0.0883327,0.9741948389677936,0.8817541111981206,0.0
PP-MAE (Swin) [PROPOSED],BraTS2021_00048,31.27759,0.9750086665153503,0.10296503,0.8959731543624161,nan,nan
PP-MAE (Swin) [PROPOSED],BraTS2021_00002,28.250446,0.9550331830978394,0.17002818,0.9336283185840708,nan,nan
PP-MAE (Swin) [PROPOSED],BraTS2021_00068,27.877062,0.9672486782073975,0.15832275,0.9113100081366965,0.8518518518518519,0.8518518518518519
PP-MAE (Swin) [PROPOSED],BraTS2021_00052,28.677391,0.9640733599662781,0.11628412,0.9593604263824117,0.9448608137044968,0.8770383428823271
PP-MAE (Swin) [PROPOSED],BraTS2021_00024,31.00012,0.9808688163757324,0.08640845,0.9359391965255157,nan,nan
PP-MAE (Swin) [PROPOSED],BraTS2021_00035,29.09586,0.9402322173118591,0.117189415,0.8998793727382388,0.9363166953528399,0.9252173913043479
PP-MAE (Swin) [PROPOSED],BraTS2021_00062,29.555222,0.9782112240791321,0.09645009,0.9537906137184116,nan,nan
PP-MAE (Swin) [PROPOSED],BraTS2021_00066,26.886414,0.9410024881362915,0.16131437,0.9459459459459459,nan,nan
PP-MAE (Swin) [PROPOSED],BraTS2021_00022,29.037039,0.9673172235488892,0.10381095,0.9784916961611761,0.9483352468427095,0.9063583815028902
PP-MAE (Swin) [PROPOSED],BraTS2021_00043,29.368126,0.9820489287376404,0.09412763,0.9764895330112722,0.8699551569506726,0.1411764705882353
PP-MAE (Swin) [PROPOSED],BraTS2021_00021,29.888403,0.9196085333824158,0.13762924,0.8867881023749136,nan,nan
SwinIR-lite (L1),BraTS2021_00036,32.314404,0.977118968963623,0.10456781,0.9362992922143579,0.43202979515828677,0.7097966728280961
SwinIR-lite (L1),BraTS2021_00070,30.821627,0.984575092792511,0.100448,0.9099445155783183,nan,nan
SwinIR-lite (L1),BraTS2021_00016,30.86072,0.9911794662475586,0.06918787,0.9181905678537055,0.9187279151943463,0.8380952380952381
SwinIR-lite (L1),BraTS2021_00043,31.875193,0.9899404644966125,0.071790464,0.9805211231975715,0.8933200398803589,0.4230769230769231
SwinIR-lite (L1),BraTS2021_00036,32.33489,0.9772115349769592,0.107213356,0.9515242378810594,0.4384546271338724,0.767175572519084
SwinIR-lite (L1),BraTS2021_00020,31.344444,0.9792259335517883,0.0952103,0.9342010122921186,0.955249569707401,0.8211009174311926
SwinIR-lite (L1),BraTS2021_00035,33.160656,0.9813441038131714,0.06842561,0.9841521394611727,0.9629629629629629,0.8842975206611571
SwinIR-lite (L1),BraTS2021_00062,30.861473,0.9867919683456421,0.08033012,0.9793681495809156,0.0,0.0
SwinIR-lite (L1),BraTS2021_00048,33.835197,0.9853952527046204,0.07493647,0.8995433789954338,nan,nan
SwinIR-lite (L1),BraTS2021_00003,34.17071,0.9845779538154602,0.07413615,0.9732171668280091,0.9738219895287958,0.9188156638013372
SwinIR-lite (L1),BraTS2021_00026,32.994083,0.9873765110969543,0.07511776,0.8553113553113553,0.7609359104781281,0.7794117647058824
SwinIR-lite (L1),BraTS2021_00046,31.888208,0.984908938407898,0.08524014,0.9726277372262774,0.961352657004831,0.94148244473342
SwinIR-lite (L1),BraTS2021_00019,34.65129,0.9875583648681641,0.06750907,0.8726011560693642,nan,nan
SwinIR-lite (L1),BraTS2021_00024,32.859962,0.9860666394233704,0.07028707,0.9201101928374655,0.0,0.0
SwinIR-lite (L1),BraTS2021_00016,31.171835,0.9888306856155396,0.090286724,0.0,nan,nan
SwinIR-lite (L1),BraTS2021_00019,34.103657,0.989151120185852,0.06847734,0.9055963821368005,nan,nan
SwinIR-lite (L1),BraTS2021_00060,32.977455,0.9808337688446045,0.08712947,0.9717108217332735,nan,nan
SwinIR-lite (L1),BraTS2021_00028,30.837173,0.9762222170829773,0.13057616,0.6405228758169934,0.62,0.62
SwinIR-lite (L1),BraTS2021_00031,31.912525,0.9833404421806335,0.10592557,0.7571428571428571,nan,nan
SwinIR-lite (L1),BraTS2021_00048,32.36654,0.9716247916221619,0.09867829,0.7964796479647965,nan,nan
SwinIR-lite (L1),BraTS2021_00059,32.425373,0.9806993007659912,0.07039813,0.9395933014354066,0.06896551724137931,0.06896551724137931
SwinIR-lite (L1),BraTS2021_00046,31.998661,0.9814378619194031,0.08197366,0.9698209718670077,0.9331651954602774,0.9136163982430454
SwinIR-lite (L1),BraTS2021_00028,30.650108,0.971305251121521,0.120475814,0.8053892215568862,0.5444015444015444,0.5845511482254697
SwinIR-lite (L1),BraTS2021_00036,32.44291,0.9777085185050964,0.105263576,0.9467513434294089,0.8285504047093452,0.7891566265060241
SwinIR-lite (L1),BraTS2021_00059,30.968704,0.9750127792358398,0.08065182,0.9399477806788512,0.9216909216909217,0.8953488372093024
SwinIR-lite (L1),BraTS2021_00048,33.69591,0.9881720542907715,0.07340869,0.970074812967581,nan,nan
SwinIR-lite (L1),BraTS2021_00026,33.54216,0.9876279830932617,0.07207864,0.8162132148806219,0.9009584664536742,0.7992565055762082
SwinIR-lite (L1),BraTS2021_00051,33.77053,0.9941191077232361,0.050569735,0.9846288976723759,nan,nan
SwinIR-lite (L1),BraTS2021_00071,32.236084,0.9792632460594177,0.088306755,0.9106967615309126,0.9731258840169731,0.9121338912133892
SwinIR-lite (L1),BraTS2021_00032,33.990612,0.9854850172996521,0.07120943,0.9461979913916786,0.0,0.0
SwinIR-lite (L1),BraTS2021_00062,31.124868,0.9836825728416443,0.08487357,0.9597550306211724,nan,nan
SwinIR-lite (L1),BraTS2021_00028,31.626272,0.9731761813163757,0.09753809,0.7879799666110183,nan,nan
SwinIR-lite (L1),BraTS2021_00017,31.800446,0.9761652946472168,0.09113916,0.9310734463276836,0.0,0.0
SwinIR-lite (L1),BraTS2021_00033,32.235847,0.9889179468154907,0.08957703,0.9764367816091954,nan,nan
SwinIR-lite (L1),BraTS2021_00022,31.995165,0.972581684589386,0.07826752,0.9607787002576582,0.8523384130320546,0.8512658227848101
SwinIR-lite (L1),BraTS2021_00033,32.736355,0.9910249710083008,0.06864202,0.9768932366334964,0.8017241379310345,0.8017241379310345
SwinIR-lite (L1),BraTS2021_00052,32.998306,0.9916051626205444,0.06261723,0.9485294117647058,nan,nan
SwinIR-lite (L1),BraTS2021_00063,34.32463,0.9890071749687195,0.13840443,0.9447004608294931,0.7365269461077845,0.7365269461077845
SwinIR-lite (L1),BraTS2021_00006,33.498833,0.9940561056137085,0.056594998,0.962522615662962,0.9735973597359736,0.9145569620253164
SwinIR-lite (L1),BraTS2021_00068,32.13831,0.9880192279815674,0.098168544,0.8133561643835616,0.4909090909090909,0.4909090909090909
SwinIR-lite (L1),BraTS2021_00033,32.26437,0.9871110320091248,0.09424591,0.9705975339867214,nan,nan
SwinIR-lite (L1),BraTS2021_00011,31.57461,0.9748157858848572,0.083206385,0.9356521739130435,0.0,0.0
SwinIR-lite (L1),BraTS2021_00030,33.641373,0.9839932918548584,0.07609855,0.9696191698759092,0.9743954480796586,0.8966376089663761
SwinIR-lite (L1),BraTS2021_00024,32.81772,0.9899123907089233,0.079005495,0.9375542064180399,0.5185185185185185,0.5185185185185185
SwinIR-lite (L1),BraTS2021_00063,31.079338,0.9830495715141296,0.09657404,0.9034749034749034,0.958139534883721,0.9124820659971306
SwinIR-lite (L1),BraTS2021_00030,32.42899,0.9647344946861267,0.09824397,0.0,nan,nan
SwinIR-lite (L1),BraTS2021_00061,31.489208,0.9781471490859985,0.09678414,0.7804131599081867,0.7960741548527808,0.542713567839196
SwinIR-lite (L1),BraTS2021_00031,32.249725,0.9860731363296509,0.074527435,0.9096916299559471,0.8461538461538461,0.8461538461538461
SwinIR-lite (L1),BraTS2021_00053,33.133003,0.9760357141494751,0.112989716,0.9247211895910781,0.8466522678185745,0.8274002157497303
SwinIR-lite (L1),BraTS2021_00046,32.952023,0.9827671051025391,0.07645293,0.9556259904912837,nan,nan
SwinIR-lite (L1),BraTS2021_00030,32.97439,0.9730333089828491,0.08699121,0.9397590361445783,0.9374090247452693,0.9265367316341829
SwinIR-lite (L1),BraTS2021_00064,32.2113,0.9818442463874817,0.089270554,0.9495677233429395,0.5903614457831325,0.5328109696376102
SwinIR-lite (L1),BraTS2021_00052,31.63903,0.9851158857345581,0.07645535,0.9486966627926282,0.9214876033057852,0.8597464342313788
SwinIR-lite (L1),BraTS2021_00043,34.110184,0.9928065538406372,0.101593696,0.9019033674963397,nan,nan
SwinIR-lite (L1),BraTS2021_00025,30.35488,0.977841854095459,0.08899163,0.2140077821011673,nan,nan
SwinIR-lite (L1),BraTS2021_00056,31.850056,0.9817140698432922,0.07942514,0.9709662065683008,0.9412435824301197,0.9412435824301197
SwinIR-lite (L1),BraTS2021_00063,31.751457,0.9808796644210815,0.088971086,0.9132791327913279,0.9079497907949791,0.8912579957356077
SwinIR-lite (L1),BraTS2021_00009,31.899303,0.9892128705978394,0.06915264,0.8861209964412812,nan,nan
SwinIR-lite (L1),BraTS2021_00053,33.350433,0.9646024703979492,0.12899444,0.0,0.0,0.0
SwinIR-lite (L1),BraTS2021_00031,31.744148,0.9826732277870178,0.08380564,0.9481017067223964,0.30148619957537154,0.34812286689419797
SwinIR-lite (L1),BraTS2021_00012,32.05593,0.991362988948822,0.06894678,0.9810366624525917,0.7196309584828293,0.2222222222222222
SwinIR-lite (L1),BraTS2021_00012,31.000786,0.9893153309822083,0.07111723,0.9697081640192095,0.4908450704225352,0.0
SwinIR-lite (L1),BraTS2021_00020,31.584473,0.9789924025535583,0.09365546,0.8964028776978418,0.953125,0.8446389496717724
SwinIR-lite (L1),BraTS2021_00018,31.606827,0.9868940114974976,0.0847961,0.9038238702201622,0.6150845253576073,0.5185185185185185
SwinIR-lite (L1),BraTS2021_00052,31.476067,0.9806850552558899,0.08562771,0.9685921370524928,0.9351072495248439,0.861656294877932
SwinIR-lite (L1),BraTS2021_00064,32.10936,0.9794824123382568,0.09372984,0.8847487001733102,0.2041522491349481,0.24129930394431554
SwinIR-lite (L1),BraTS2021_00000,32.696213,0.9888357520103455,0.06937221,0.6203904555314533,0.0,0.0
SwinIR-lite (L1),BraTS2021_00003,33.560444,0.9847857356071472,0.077867925,0.9682242990654205,0.9559132260321903,0.9097888675623801
SwinIR-lite (L1),BraTS2021_00054,31.59259,0.9650195240974426,0.11335024,0.0,0.0,0.0
SwinIR-lite (L1),BraTS2021_00014,30.296335,0.9830383062362671,0.10360994,0.8815377738042021,0.2926829268292683,0.2926829268292683
SwinIR-lite (L1),BraTS2021_00011,32.434906,0.9827589392662048,0.071824715,0.9769484083424808,nan,nan
SwinIR-lite (L1),BraTS2021_00036,34.39407,0.9896525740623474,0.07542014,0.9596324253363965,nan,nan
SwinIR-lite (L1),BraTS2021_00061,32.086655,0.983244001865387,0.10338783,0.7940520446096654,0.6890756302521008,0.5732899022801303
SwinIR-lite (L1),BraTS2021_00071,32.13643,0.9784079790115356,0.091376945,0.9075369075369075,0.9361069836552749,0.8518518518518519
SwinIR-lite (L1),BraTS2021_00068,31.339972,0.9794141054153442,0.07623146,0.9484941073766914,0.9703896103896104,0.9367930805056554
SwinIR-lite (L1),BraTS2021_00026,33.756027,0.9829365015029907,0.07605412,0.0,0.0,0.0
SwinIR-lite (L1),BraTS2021_00060,31.098984,0.9775288105010986,0.11160989,0.9829208783548274,0.9513826940231935,0.9098901098901099
SwinIR-lite (L1),BraTS2021_00016,30.119417,0.987437903881073,0.08136737,0.8640429338103757,0.48868778280542985,0.5291005291005291
SwinIR-lite (L1),BraTS2021_00053,33.26694,0.9678272008895874,0.1257852,0.18315018315018314,0.19913419913419914,0.22439024390243903
SwinIR-lite (L1),BraTS2021_00071,32.737823,0.9844223856925964,0.083171256,0.958876629889669,0.7345132743362832,0.751131221719457
SwinIR-lite (L1),BraTS2021_00062,32.63231,0.9925451278686523,0.06316779,0.9831546707503829,nan,nan
SwinIR-lite (L1),BraTS2021_00019,32.32121,0.9811735153198242,0.0947101,0.9519599174771588,0.8766404199475065,0.8065573770491803
SwinIR-lite (L1),BraTS2021_00008,30.571568,0.9743317365646362,0.09476762,0.8061068702290076,nan,nan
SwinIR-lite (L1),BraTS2021_00051,33.378483,0.9937430024147034,0.051674377,0.9832618025751073,0.0,0.0
SwinIR-lite (L1),BraTS2021_00036,32.985382,0.9756828546524048,0.12570544,0.0,0.0,0.0
SwinIR-lite (L1),BraTS2021_00018,31.791584,0.9863408207893372,0.07355602,0.9872859806746906,0.9250347061545581,0.8010794140323825
SwinIR-lite (L1),BraTS2021_00005,31.645645,0.9821895360946655,0.108301826,0.9512690355329949,0.8871391076115486,0.8293691830403309
SwinIR-lite (L1),BraTS2021_00024,32.90516,0.98745197057724,0.068045996,0.8356713426853707,0.0,0.0
SwinIR-lite (L1),BraTS2021_00019,33.561264,0.9879754185676575,0.072106086,0.901026045777427,nan,nan
SwinIR-lite (L1),BraTS2021_00031,31.26632,0.9821293950080872,0.10382713,0.6799387442572741,nan,nan
SwinIR-lite (L1),BraTS2021_00014,31.212532,0.9868063926696777,0.108633235,0.8837837837837837,0.0,0.0
SwinIR-lite (L1),BraTS2021_00048,32.85231,0.98131263256073,0.086254634,0.9576642335766423,nan,nan
SwinIR-lite (L1),BraTS2021_00024,32.369392,0.9893559217453003,0.07109289,0.9748627564287778,nan,nan
SwinIR-lite (L1),BraTS2021_00052,32.662445,0.9918733835220337,0.06264607,0.9798378715443775,nan,nan
SwinIR-lite (L1),BraTS2021_00025,30.695116,0.9776315689086914,0.084212035,0.7192118226600985,nan,nan
SwinIR-lite (L1),BraTS2021_00024,34.384514,0.9907621145248413,0.106958725,0.0,0.0,0.0
SwinIR-lite (L1),BraTS2021_00045,33.10562,0.9840031266212463,0.11897014,0.8095238095238095,nan,nan
SwinIR-lite (L1),BraTS2021_00019,33.399025,0.9875331521034241,0.07441665,0.9299832495812396,0.6356589147286822,0.6149732620320856
SwinIR-lite (L1),BraTS2021_00053,33.191395,0.9847378730773926,0.103864826,0.9786906290115532,0.8821989528795812,0.852017937219731
SwinIR-lite (L1),BraTS2021_00036,34.46723,0.9891368746757507,0.075760856,0.9733893557422969,nan,nan
SwinIR-lite (L1),BraTS2021_00026,31.253098,0.961553692817688,0.106392674,0.8699386503067484,0.7815884476534296,0.7942583732057417
SwinIR-lite (L1),BraTS2021_00016,31.35729,0.9916250109672546,0.06542887,0.7721739130434783,nan,nan
SwinIR-lite (L1),BraTS2021_00005,32.264854,0.9842849373817444,0.08511981,0.9875835721107927,0.9551098376313276,0.8617106314948042
SwinIR-lite (L1),BraTS2021_00060,31.732023,0.9862591624259949,0.08766815,0.9673627223511214,0.9806736609607951,0.9111969111969112
SwinIR-lite (L1),BraTS2021_00060,33.485188,0.9911122918128967,0.07185027,0.9717288872779992,0.947565543071161,0.9440758293838862
SwinIR-lite (L1),BraTS2021_00018,31.648735,0.9876949787139893,0.07361329,0.9886506935687264,0.9551624845742492,0.8518518518518519
SwinIR-lite (L1),BraTS2021_00002,32.070972,0.9804019927978516,0.10979061,0.8610909090909091,nan,nan
SwinIR-lite (L1),BraTS2021_00005,32.81872,0.9855952858924866,0.079224,0.986826900855096,0.9347510874818753,0.8348348348348348
SwinIR-lite (L1),BraTS2021_00059,32.187325,0.9783870577812195,0.070260994,0.9539035438316014,0.0,0.0
SwinIR-lite (L1),BraTS2021_00006,33.012405,0.9911021590232849,0.06613208,0.9766282330944219,0.9839486356340289,0.9322314049586777
SwinIR-lite (L1),BraTS2021_00021,34.17275,0.9761663675308228,0.07996047,0.8755656108597285,nan,nan
SwinIR-lite (L1),BraTS2021_00026,32.525204,0.9798642992973328,0.10670262,0.7838827838827839,0.8073394495412844,0.8073394495412844
SwinIR-lite (L1),BraTS2021_00046,32.113388,0.9832013845443726,0.086885735,0.9724264705882353,0.9688506981740065,0.9539227895392279
SwinIR-lite (L1),BraTS2021_00043,33.884552,0.9923548102378845,0.103552684,0.925089179548157,nan,nan
SwinIR-lite (L1),BraTS2021_00058,31.710423,0.980298638343811,0.10869241,0.8966442953020134,0.9386281588447654,0.9386281588447654
SwinIR-lite (L1),BraTS2021_00011,32.019108,0.9773855805397034,0.07819785,0.9404352806414662,nan,nan
SwinIR-lite (L1),BraTS2021_00053,32.449745,0.9825189113616943,0.113082364,0.966438781852082,0.8719512195121951,0.8719512195121951
SwinIR-lite (L1),BraTS2021_00031,31.63523,0.9804377555847168,0.08823815,0.901281442809682,0.0,0.0
SwinIR-lite (L1),BraTS2021_00024,32.661366,0.9877632856369019,0.10396176,0.8603988603988604,0.896,0.8487394957983193
SwinIR-lite (L1),BraTS2021_00025,33.005257,0.9907197952270508,0.058306996,0.3323262839879154,nan,nan
SwinIR-lite (L1),BraTS2021_00025,32.420853,0.990856409072876,0.06005192,0.656188605108055,nan,nan
SwinIR-lite (L1),BraTS2021_00008,31.729351,0.9767933487892151,0.084524944,0.7900207900207901,nan,nan
SwinIR-lite (L1),BraTS2021_00026,32.31953,0.980840802192688,0.08608291,0.835741037988229,0.8200514138817481,0.8083989501312336
SwinIR-lite (L1),BraTS2021_00052,31.483978,0.9836442470550537,0.07845137,0.9727255388136563,0.9659564046044575,0.8935560859188544
SwinIR-lite (L1),BraTS2021_00022,31.124565,0.9766640067100525,0.085144855,0.9680940386230059,0.9279778393351801,0.9279778393351801
SwinIR-lite (L1),BraTS2021_00033,33.00137,0.9926637411117554,0.06448345,0.9728970086328047,0.16393442622950818,0.16393442622950818
SwinIR-lite (L1),BraTS2021_00021,32.229027,0.9609861373901367,0.10046256,0.8525059665871122,0.07692307692307693,0.07692307692307693
SwinIR-lite (L1),BraTS2021_00043,32.121445,0.9903656840324402,0.06910104,0.9805144193296961,0.8807531380753139,0.4120603015075377
SwinIR-lite (L1),BraTS2021_00031,31.292377,0.9828768372535706,0.09429802,0.7363083164300203,nan,nan
SwinIR-lite (L1),BraTS2021_00036,32.499954,0.9796794652938843,0.10277457,0.9256857855361597,0.9277456647398844,0.8240469208211144
SwinIR-lite (L1),BraTS2021_00054,31.300262,0.9724791646003723,0.1039113,0.907223113964687,0.7144278606965174,0.6556434219985622
SwinIR-lite (L1),BraTS2021_00022,31.221916,0.9726477861404419,0.085881785,0.9328621908127208,0.9318181818181818,0.9318181818181818
SwinIR-lite (L1),BraTS2021_00026,33.536396,0.9852585196495056,0.074420996,0.47368421052631576,0.8256880733944955,0.8256880733944955
SwinIR-lite (L1),BraTS2021_00011,31.709259,0.9763059020042419,0.079816125,0.954248366013072,0.0,0.0
SwinIR-lite (L1),BraTS2021_00070,31.724838,0.9868682622909546,0.1126597,0.8447488584474886,nan,nan
SwinIR-lite (L1),BraTS2021_00012,33.703533,0.9918837547302246,0.10608956,0.9605263157894737,nan,nan
SwinIR-lite (L1),BraTS2021_00070,32.702557,0.9886128306388855,0.062748656,0.9825970548862115,0.9723467862481315,0.945064761054042
SwinIR-lite (L1),BraTS2021_00043,30.695848,0.9860931634902954,0.09158142,0.974785100286533,0.7779390420899854,0.7733333333333333
SwinIR-lite (L1),BraTS2021_00033,33.863686,0.9872329235076904,0.124240406,0.8018223234624146,nan,nan
SwinIR-lite (L1),BraTS2021_00018,31.596365,0.9816574454307556,0.08520769,0.5024154589371981,nan,nan
SwinIR-lite (L1),BraTS2021_00005,32.67738,0.9868545532226562,0.07635808,0.9889184397163121,0.9631274988893825,0.8604923798358733
SwinIR-lite (L1),BraTS2021_00044,32.79013,0.988771378993988,0.06955171,0.9608247422680413,nan,nan
SwinIR-lite (L1),BraTS2021_00002,32.22693,0.9836822152137756,0.07792834,0.9638932496075353,0.86953125,0.6847507331378299
SwinIR-lite (L1),BraTS2021_00017,32.681,0.9848299622535706,0.07829327,0.9501187648456056,nan,nan
SwinIR-lite (L1),BraTS2021_00017,32.67543,0.9892190098762512,0.074044205,0.8989317995069844,nan,nan
SwinIR-lite (L1),BraTS2021_00003,33.8724,0.9835043549537659,0.07730144,0.9460458240946046,0.9744872436218109,0.9165154264972777
SwinIR-lite (L1),BraTS2021_00071,31.915756,0.978646993637085,0.0911743,0.9124157844080847,0.962536023054755,0.9375
SwinIR-lite (L1),BraTS2021_00068,32.143806,0.9889761209487915,0.09039844,0.8473091364205256,0.8341708542713567,0.8341708542713567
SwinIR-lite (L1),BraTS2021_00018,31.8446,0.9870718121528625,0.07233456,0.9802716688227684,0.8743386243386243,0.7426655490360435
SwinIR-lite (L1),BraTS2021_00048,32.8618,0.9790152907371521,0.08442859,0.32,nan,nan
SwinIR-lite (L1),BraTS2021_00003,32.95987,0.987381100654602,0.076367676,0.9767625049231982,0.9673024523160763,0.9191132414619533
SwinIR-lite (L1),BraTS2021_00058,30.443525,0.9731461405754089,0.11622639,0.9366895499618612,0.9094650205761317,0.8165680473372781
SwinIR-lite (L1),BraTS2021_00066,31.13005,0.9850196838378906,0.08263525,0.9762150982419855,0.90625,0.8238341968911918
SwinIR-lite (L1),BraTS2021_00070,32.087826,0.987725019454956,0.068862975,0.9851940776310524,0.9673085535154501,0.9254790631653655
SwinIR-lite (L1),BraTS2021_00022,30.812355,0.980834424495697,0.09145236,0.9290780141843972,0.6262626262626263,0.6262626262626263
SwinIR-lite (L1),BraTS2021_00072,34.03608,0.975770890712738,0.078368284,0.7478753541076487,0.0,0.0
SwinIR-lite (L1),BraTS2021_00024,32.685635,0.9866541624069214,0.071306996,0.919605077574048,0.0,0.0
SwinIR-lite (L1),BraTS2021_00021,31.83674,0.9501991271972656,0.112350896,0.8246663598711459,nan,nan
SwinIR-lite (L1),BraTS2021_00066,31.45963,0.9814243316650391,0.085101254,0.979757085020243,0.9528301886792453,0.9528301886792453
SwinIR-lite (L1),BraTS2021_00033,34.21578,0.9817619919776917,0.07150895,0.9246231155778895,nan,nan
SwinIR-lite (L1),BraTS2021_00018,31.540415,0.987487256526947,0.0736236,0.9881759419832886,0.9545454545454546,0.8562026982560053
SwinIR-lite (L1),BraTS2021_00036,32.36088,0.9740511178970337,0.103538945,0.06382978723404255,nan,nan
SwinIR-lite (L1),BraTS2021_00002,33.22633,0.9884394407272339,0.069228254,0.9819941916747338,0.924031007751938,0.8991452991452992
SwinIR-lite (L1),BraTS2021_00032,31.86268,0.9768968224525452,0.09701443,0.8295904887714664,nan,nan
SwinIR-lite (L1),BraTS2021_00070,32.586514,0.9894445538520813,0.06229312,0.9940228219525449,0.9779822543542557,0.9315693430656934
SwinIR-lite (L1),BraTS2021_00059,32.137955,0.9761354327201843,0.07067919,0.963620230700976,nan,nan
SwinIR-lite (L1),BraTS2021_00062,32.47512,0.9924501776695251,0.06407868,0.976716056849108,nan,nan
SwinIR-lite (L1),BraTS2021_00061,31.655888,0.9801445007324219,0.09392987,0.7688751926040062,0.556998556998557,0.49019607843137253
SwinIR-lite (L1),BraTS2021_00043,31.959248,0.9888502955436707,0.0723874,0.9532710280373832,0.0,0.0
SwinIR-lite (L1),BraTS2021_00036,32.662724,0.9831458330154419,0.09650961,0.8855036855036855,0.8737864077669902,0.7603305785123967
SwinIR-lite (L1),BraTS2021_00046,32.85447,0.9828299880027771,0.07591833,0.9694323144104804,nan,nan
SwinIR-lite (L1),BraTS2021_00035,31.9728,0.9771116375923157,0.081187144,0.9578005115089514,0.9509366636931311,0.8590078328981723
SwinIR-lite (L1),BraTS2021_00062,31.589226,0.988434374332428,0.08177488,0.9761222540592168,nan,nan
SwinIR-lite (L1),BraTS2021_00012,31.304073,0.9898540377616882,0.07031566,0.9773998657417767,0.5232558139534884,0.0
SwinIR-lite (L1),BraTS2021_00002,32.006664,0.9857216477394104,0.0753794,0.9571852479864349,0.9380597014925374,0.7718023255813954
SwinIR-lite (L1),BraTS2021_00053,31.947363,0.9802638292312622,0.1238394,0.9758633494244338,nan,nan
SwinIR-lite (L1),BraTS2021_00045,32.65261,0.9799953103065491,0.08938426,0.9764868603042877,0.7317073170731707,0.7107438016528925
SwinIR-lite (L1),BraTS2021_00021,32.2975,0.967639148235321,0.09984451,0.7378839590443687,0.30742049469964666,0.32495164410058025
SwinIR-lite (L1),BraTS2021_00003,32.16574,0.9885818362236023,0.11813878,0.9584328714763497,nan,nan
SwinIR-lite (L1),BraTS2021_00021,33.04708,0.9758905172348022,0.08878006,0.6884899683210137,0.0,0.0
SwinIR-lite (L1),BraTS2021_00011,32.89483,0.983181893825531,0.065401204,0.9791288566243194,0.8535980148883374,0.8535980148883374
SwinIR-lite (L1),BraTS2021_00063,30.701363,0.9854368567466736,0.10565312,0.9556898288016112,0.9465930018416207,0.9105527638190954
SwinIR-lite (L1),BraTS2021_00009,30.560295,0.9827702641487122,0.08781119,nan,nan,nan
SwinIR-lite (L1),BraTS2021_00021,32.334904,0.9532789587974548,0.1043185,0.8287506029908346,nan,nan
SwinIR-lite (L1),BraTS2021_00022,30.590307,0.9858378767967224,0.09830168,0.9280442804428044,nan,nan
SwinIR-lite (L1),BraTS2021_00028,31.387882,0.9745131731033325,0.09800247,0.831081081081081,0.0,0.0
SwinIR-lite (L1),BraTS2021_00071,31.292522,0.9750142693519592,0.10081953,0.9415461973601509,0.9636803874092009,0.9507389162561576
SwinIR-lite (L1),BraTS2021_00003,32.74771,0.9868515729904175,0.077806704,0.9732809430255402,0.9628691983122363,0.898465171192444
SwinIR-lite (L1),BraTS2021_00053,34.476933,0.9880538582801819,0.08917391,0.9295580110497238,0.9552845528455285,0.8311990686845169
SwinIR-lite (L1),BraTS2021_00062,32.257298,0.9921810030937195,0.06536956,0.9655390452102435,nan,nan
SwinIR-lite (L1),BraTS2021_00056,31.904562,0.9852682948112488,0.076232105,0.9563342318059299,0.844559585492228,0.844559585492228
SwinIR-lite (L1),BraTS2021_00020,31.471626,0.9706888198852539,0.102139145,0.9158512720156555,0.9632107023411371,0.8751974723538705
SwinIR-lite (L1),BraTS2021_00054,31.39446,0.9478591084480286,0.10075982,0.9179755671902269,0.8780684104627766,0.7791780821917809
SwinIR-lite (L1),BraTS2021_00064,31.683994,0.9723358154296875,0.11372736,0.8982035928143712,nan,nan
SwinIR-lite (L1),BraTS2021_00058,30.533697,0.9751371145248413,0.116045766,0.9395562356541699,0.9071274298056156,0.8317460317460318
SwinIR-lite (L1),BraTS2021_00060,31.811544,0.9800305962562561,0.1187155,0.9485348436345727,0.9474342928660826,0.8002316155182397
SwinIR-lite (L1),BraTS2021_00026,32.02192,0.9687364101409912,0.09471786,0.9199491740787802,0.8976057055527255,0.8934169278996865
SwinIR-lite (L1),BraTS2021_00022,30.862007,0.9745705127716064,0.09053291,0.963739624290083,0.8518518518518519,0.8518518518518519
SwinIR-lite (L1),BraTS2021_00059,31.537535,0.9784720540046692,0.07614165,0.856516290726817,0.8927335640138409,0.8927335640138409
SwinIR-lite (L1),BraTS2021_00016,30.061222,0.9894726872444153,0.07650786,0.9036237471087124,0.8649386084583902,0.6225895316804407
SwinIR-lite (L1),BraTS2021_00011,32.986122,0.988402247428894,0.06199872,0.9795175238962222,0.9080459770114943,0.9080459770114943
SwinIR-lite (L1),BraTS2021_00070,31.869427,0.9865087866783142,0.075810805,0.9842794759825327,0.8932926829268293,0.8448275862068966
SwinIR-lite (L1),BraTS2021_00053,33.107613,0.9797746539115906,0.10855938,0.8971605821999523,0.8116197183098591,0.7848537005163512
SwinIR-lite (L1),BraTS2021_00003,32.477543,0.9874523282051086,0.12870774,0.953880764904387,nan,nan
SwinIR-lite (L1),BraTS2021_00033,32.551483,0.9895357489585876,0.0719242,0.9848046309696092,0.7591240875912408,0.7591240875912408
SwinIR-lite (L1),BraTS2021_00045,32.331455,0.9762319326400757,0.09321952,0.9303106633081444,nan,nan
SwinIR-lite (L1),BraTS2021_00044,32.641384,0.9833795428276062,0.075625084,0.9461883408071748,nan,nan
SwinIR-lite (L1),BraTS2021_00006,32.644985,0.9896166324615479,0.07067396,0.9636002647253474,0.9580731489741302,0.8906752411575563
SwinIR-lite (L1),BraTS2021_00060,33.87714,0.9852215647697449,0.13102381,0.8498253783469151,0.6785009861932939,0.7136929460580913
SwinIR-lite (L1),BraTS2021_00017,31.128538,0.9675566554069519,0.103739314,0.9611231101511879,nan,nan
SwinIR-lite (L1),BraTS2021_00009,30.18358,0.9825775027275085,0.092877865,0.9615384615384616,0.8085106382978723,0.8085106382978723
SwinIR-lite (L1),BraTS2021_00070,32.76489,0.9909543991088867,0.06016361,0.9897199574618929,0.9819219790675547,0.9389430477167778
SwinIR-lite (L1),BraTS2021_00036,32.80132,0.9736803770065308,0.13063154,0.0,0.0,0.0
SwinIR-lite (L1),BraTS2021_00014,30.630503,0.9820974469184875,0.08505038,0.8303448275862069,0.0,0.0
SwinIR-lite (L1),BraTS2021_00011,32.162273,0.9844476580619812,0.071845114,0.9772256728778468,nan,nan
SwinIR-lite (L1),BraTS2021_00056,31.778357,0.9792945384979248,0.08254432,0.9431680773881499,0.9494128274616079,0.9393524851801186
SwinIR-lite (L1),BraTS2021_00022,30.75677,0.9820624589920044,0.09162626,0.9348556077904634,nan,nan
SwinIR-lite (L1),BraTS2021_00061,32.39042,0.9810469150543213,0.11305297,0.0,0.0,0.0
SwinIR-lite (L1),BraTS2021_00033,33.304325,0.9921324849128723,0.064296044,0.9588744588744589,0.0,0.0
SwinIR-lite (L1),BraTS2021_00048,33.133976,0.9819603562355042,0.08559712,0.9312169312169312,nan,nan
SwinIR-lite (L1),BraTS2021_00014,31.991089,0.9896345138549805,0.10481194,0.7782546494992847,0.0,0.0
SwinIR-lite (L1),BraTS2021_00036,32.462524,0.9796860814094543,0.10261725,0.9307025986525506,0.9157608695652174,0.7639097744360902
SwinIR-lite (L1),BraTS2021_00060,32.995228,0.9894988536834717,0.077464476,0.9606040709126723,0.9767241379310345,0.9222222222222223
SwinIR-lite (L1),BraTS2021_00030,32.965572,0.9888700246810913,0.105063826,0.8932874354561101,nan,nan
SwinIR-lite (L1),BraTS2021_00031,31.589615,0.9814198017120361,0.08649563,0.8556149732620321,0.0,0.0
SwinIR-lite (L1),BraTS2021_00036,32.984905,0.9754166603088379,0.09925042,0.6680584551148225,nan,nan
SwinIR-lite (L1),BraTS2021_00002,32.15738,0.9813520312309265,0.1169419,0.8561341571050309,nan,nan
SwinIR-lite (L1),BraTS2021_00061,31.018795,0.9771712422370911,0.09969386,0.768621236133122,0.5377942998760843,0.3436754176610978
SwinIR-lite (L1),BraTS2021_00054,31.538527,0.9592081904411316,0.10613405,0.8726287262872628,0.8611825192802056,0.780952380952381
SwinIR-lite (L1),BraTS2021_00028,32.644516,0.983302116394043,0.082975104,0.8044692737430168,0.0,0.0
SwinIR-lite (L1),BraTS2021_00031,32.768482,0.9884050488471985,0.07019344,0.8969283276450511,0.47297297297297297,0.4745762711864407
SwinIR-lite (L1),BraTS2021_00064,32.029705,0.9830716848373413,0.087807454,0.9491052753892633,0.7979356887653831,0.6250962278675904
SwinIR-lite (L1),BraTS2021_00068,32.81953,0.9863137006759644,0.06533892,0.7819127651060425,nan,nan
SwinIR-lite (L1),BraTS2021_00036,32.356422,0.9761834740638733,0.10539799,0.9226037929267042,0.2693877551020408,0.4510250569476082
SwinIR-lite (L1),BraTS2021_00064,32.229504,0.9860213398933411,0.08351656,0.896551724137931,0.546078992558672,0.4994775339602926
SwinIR-lite (L1),BraTS2021_00052,32.141293,0.9882186651229858,0.069974795,0.964903090623363,0.9716287215411559,0.8848484848484849
SwinIR-lite (L1),BraTS2021_00056,32.006542,0.9848304986953735,0.07675827,0.9459529350918024,0.9290123456790124,0.9290123456790124
SwinIR-lite (L1),BraTS2021_00021,32.41677,0.9669229388237,0.09681625,0.7323529411764705,0.6220238095238095,0.5691573926868044
SwinIR-lite (L1),BraTS2021_00021,31.960697,0.9599089026451111,0.11215493,0.7516254876462939,nan,nan
SwinIR-lite (L1),BraTS2021_00030,32.497288,0.9808400869369507,0.09269677,0.9564853556485355,nan,nan
SwinIR-lite (L1),BraTS2021_00018,31.58903,0.986095666885376,0.081438035,0.9315767105822355,0.8111776447105788,0.6520292747837658
SwinIR-lite (L1),BraTS2021_00070,32.75834,0.988109827041626,0.064017326,0.9773107236684977,0.9661941112322792,0.9661941112322792
SwinIR-lite (L1),BraTS2021_00018,32.528316,0.989625871181488,0.09142712,0.8551360842844601,nan,nan
SwinIR-lite (L1),BraTS2021_00033,32.211117,0.9859412908554077,0.0980324,0.9422718808193669,nan,nan
SwinIR-lite (L1),BraTS2021_00002,32.491386,0.9842764735221863,0.11694715,0.8553615960099751,nan,nan
SwinIR-lite (L1),BraTS2021_00000,31.04369,0.9801743030548096,0.083483614,0.9724170172978027,0.9604764482945317,0.9259497746297489
SwinIR-lite (L1),BraTS2021_00031,33.042816,0.98907071352005,0.06894821,0.9074291071010078,0.33405639913232105,0.39487179487179486
SwinIR-lite (L1),BraTS2021_00035,32.29118,0.9699413776397705,0.08338307,0.11764705882352941,nan,nan
SwinIR-lite (L1),BraTS2021_00032,32.87786,0.9756237268447876,0.08604532,0.8761755485893417,nan,nan
SwinIR-lite (L1),BraTS2021_00049,31.18246,0.9908052682876587,0.06414392,0.9051094890510949,nan,nan
SwinIR-lite (L1),BraTS2021_00022,31.113062,0.9769963622093201,0.08655451,0.952561669829222,0.9246110889509374,0.8558758314855875
SwinIR-lite (L1),BraTS2021_00021,32.25996,0.9662104249000549,0.09940079,0.8560157790927022,0.6167664670658682,0.5856905158069884
SwinIR-lite (L1),BraTS2021_00060,32.10711,0.9861727952957153,0.085984126,0.974009900990099,0.9715485074626866,0.8759521218715995
SwinIR-lite (L1),BraTS2021_00024,32.99907,0.9887264370918274,0.06790552,0.9365269461077844,nan,nan
SwinIR-lite (L1),BraTS2021_00060,33.495266,0.9678382277488708,0.092596516,0.0,nan,nan
SwinIR-lite (L1),BraTS2021_00020,30.757519,0.9481936693191528,0.11951639,0.0,0.0,0.0
SwinIR-lite (L1),BraTS2021_00056,30.689556,0.973682701587677,0.096048646,0.9820359281437125,0.9554025740796169,0.9098681866761668
SwinIR-lite (L1),BraTS2021_00062,31.93556,0.9874744415283203,0.078443356,0.954890576150067,nan,nan
SwinIR-lite (L1),BraTS2021_00045,32.68232,0.984493613243103,0.11543231,0.8703374777975134,nan,nan
SwinIR-lite (L1),BraTS2021_00052,33.769135,0.9918215870857239,0.05735117,0.9618768328445748,nan,nan
SwinIR-lite (L1),BraTS2021_00032,32.044216,0.9801051020622253,0.08989163,0.934931506849315,nan,nan
SwinIR-lite (L1),BraTS2021_00046,32.343025,0.9796063303947449,0.082513444,0.958223162347964,0.9448818897637795,0.9448818897637795
SwinIR-lite (L1),BraTS2021_00068,33.078438,0.9907472133636475,0.09558869,0.7522123893805309,nan,nan
SwinIR-lite (L1),BraTS2021_00000,29.937906,0.9689801931381226,0.103952475,0.9457092819614711,0.9590536851683349,0.9080841638981174
SwinIR-lite (L1),BraTS2021_00059,31.900904,0.9806124567985535,0.072800934,0.9212376933895922,0.836027713625866,0.836027713625866
SwinIR-lite (L1),BraTS2021_00051,33.414482,0.9931945204734802,0.052188598,0.9766330323951142,nan,nan
SwinIR-lite (L1),BraTS2021_00006,33.908722,0.9936158657073975,0.058124106,0.9675007190106414,0.984037558685446,0.942339373970346
SwinIR-lite (L1),BraTS2021_00033,33.33276,0.9893758893013,0.0691001,0.943104514533086,0.0,0.0
SwinIR-lite (L1),BraTS2021_00024,32.742493,0.9864323139190674,0.07094459,0.947069943289225,0.0,0.0
SwinIR-lite (L1),BraTS2021_00036,32.12399,0.978783369064331,0.102907866,0.928464232116058,0.4918032786885246,0.6705653021442495
SwinIR-lite (L1),BraTS2021_00070,32.488052,0.9883905053138733,0.115475595,0.7888040712468194,0.0,0.0
SwinIR-lite (L1),BraTS2021_00064,33.237465,0.9887040853500366,0.075403534,0.9042303172737955,0.16075156576200417,0.2748414376321353
SwinIR-lite (L1),BraTS2021_00066,31.331139,0.9828329682350159,0.0831699,0.9694323144104804,0.9510086455331412,0.9345238095238095
SwinIR-lite (L1),BraTS2021_00006,34.096424,0.9945669174194336,0.05512803,0.9741719841993315,0.9681528662420382,0.9117647058823529
SwinIR-lite (L1),BraTS2021_00059,32.262413,0.9817479252815247,0.06951702,0.9614554424915202,0.5985401459854015,0.5985401459854015
SwinIR-lite (L1),BraTS2021_00058,30.906235,0.9793261885643005,0.11231551,0.921996879875195,0.9466019417475728,0.8837209302325582
SwinIR-lite (L1),BraTS2021_00056,31.632605,0.9814972281455994,0.10996038,0.8875893437296946,0.8277591973244147,0.7725162488393686
SwinIR-lite (L1),BraTS2021_00063,32.38953,0.9904329180717468,0.111697204,0.9363867684478372,0.8714810281517748,0.8659286592865929
SwinIR-lite (L1),BraTS2021_00017,31.609058,0.9784572124481201,0.116690844,0.8075949367088607,nan,nan
SwinIR-lite (L1),BraTS2021_00021,32.82904,0.975644588470459,0.091251925,0.770293609671848,0.4530386740331492,0.5189873417721519
SwinIR-lite (L1),BraTS2021_00031,31.893288,0.9824264049530029,0.08249259,0.8978633482038038,nan,nan
SwinIR-lite (L1),BraTS2021_00016,31.308975,0.9924119710922241,0.06597433,0.9058577405857741,0.7401574803149606,0.6666666666666666
SwinIR-lite (L1),BraTS2021_00052,31.722956,0.9871883392333984,0.07195639,0.9596273291925466,0.929778933680104,0.8616833431430253
SwinIR-lite (L1),BraTS2021_00022,30.929546,0.9686713218688965,0.09809608,0.886676875957121,0.8876313662085691,0.7858942065491183
SwinIR-lite (L1),BraTS2021_00017,31.959309,0.9833363890647888,0.08335208,0.8404099560761347,nan,nan
SwinIR-lite (L1),BraTS2021_00048,34.18348,0.9887345433235168,0.070936434,0.9580318379160637,nan,nan
SwinIR-lite (L1),BraTS2021_00051,32.245773,0.9857407808303833,0.08234601,0.7353846153846154,0.0,0.0
SwinIR-lite (L1),BraTS2021_00031,32.95229,0.9882336854934692,0.07044791,0.9413566739606127,0.551829268292683,0.6234817813765182
SwinIR-lite (L1),BraTS2021_00048,32.744686,0.9811789989471436,0.087633036,0.9591527987897126,nan,nan
SwinIR-lite (L1),BraTS2021_00064,32.32306,0.9863186478614807,0.08236177,0.8658256880733946,0.33187134502923976,0.34009360374414976
SwinIR-lite (L1),BraTS2021_00017,32.396595,0.9861062169075012,0.07922678,0.8264729620661824,nan,nan
SwinIR-lite (L1),BraTS2021_00060,32.050613,0.9781599640846252,0.12505738,0.9378943872467619,0.9486684677730606,0.827968923418424
SwinIR-lite (L1),BraTS2021_00051,33.464554,0.9932730197906494,0.05201534,0.9837669557482767,nan,nan
SwinIR-lite (L1),BraTS2021_00002,31.603016,0.972905695438385,0.09516448,0.8842427332993371,nan,nan
SwinIR-lite (L1),BraTS2021_00066,30.777927,0.9754034876823425,0.09458591,0.9388379204892966,nan,nan
SwinIR-lite (L1),BraTS2021_00002,32.591118,0.9846745729446411,0.12370225,0.9168278529980658,nan,nan
SwinIR-lite (L1),BraTS2021_00009,29.85186,0.9837441444396973,0.0923595,0.9337748344370861,0.0,0.0
SwinIR-lite (L1),BraTS2021_00045,31.809557,0.9734607338905334,0.09971567,0.9776164549304295,0.9754010695187165,0.8824476650563607
SwinIR-lite (L1),BraTS2021_00053,31.02003,0.975738525390625,0.14958788,0.9368258859784283,nan,nan
SwinIR-lite (L1),BraTS2021_00026,33.733578,0.9837558269500732,0.07475623,0.0,nan,nan
SwinIR-lite (L1),BraTS2021_00060,33.73502,0.9715348482131958,0.090778634,0.8818897637795275,nan,nan
SwinIR-lite (L1),BraTS2021_00060,31.779968,0.9853735566139221,0.0887573,0.9713017282384652,0.976652740231015,0.8923792902850495
SwinIR-lite (L1),BraTS2021_00011,32.773056,0.9809779524803162,0.068272896,0.9815891472868217,0.8838709677419355,0.8838709677419355
SwinIR-lite (L1),BraTS2021_00025,32.96797,0.9912413358688354,0.059130818,0.535,nan,nan
SwinIR-lite (L1),BraTS2021_00024,31.880772,0.9858612418174744,0.08140953,0.9409867784585617,nan,nan
SwinIR-lite (L1),BraTS2021_00052,33.958416,0.990755021572113,0.09933603,0.7985865724381626,0.6229508196721312,0.6229508196721312
SwinIR-lite (L1),BraTS2021_00060,31.300928,0.9828162789344788,0.09684605,0.9868910826994659,0.9823468328141225,0.9321033210332104
SwinIR-lite (L1),BraTS2021_00043,33.2136,0.992224395275116,0.09529993,0.9480782198246797,nan,nan
SwinIR-lite (L1),BraTS2021_00046,31.841362,0.9867382049560547,0.10412654,0.9611041405269761,0.8211382113821138,0.8211382113821138
SwinIR-lite (L1),BraTS2021_00051,33.212875,0.9917199015617371,0.056831043,0.9508340649692713,nan,nan
SwinIR-lite (L1),BraTS2021_00026,31.69916,0.9632008671760559,0.10018327,0.9077669902912622,0.9055072463768116,0.8825665859564165
SwinIR-lite (L1),BraTS2021_00009,30.98215,0.9856114983558655,0.08141215,0.0,nan,nan
SwinIR-lite (L1),BraTS2021_00045,32.582996,0.9839298129081726,0.115738034,0.8788732394366198,nan,nan
SwinIR-lite (L1),BraTS2021_00072,32.95206,0.9695075750350952,0.08975683,0.8839160839160839,0.9537037037037037,0.8503213957759412
SwinIR-lite (L1),BraTS2021_00060,31.819687,0.977603554725647,0.13371655,0.8721861884776803,0.8973214285714286,0.8056818181818182
SwinIR-lite (L1),BraTS2021_00022,31.99427,0.9807990193367004,0.075886436,0.9886573463466104,0.951278928136419,0.9128094725511302
SwinIR-lite (L1),BraTS2021_00026,32.22208,0.9787293672561646,0.10721737,0.6785714285714286,0.7157894736842105,0.7157894736842105
SwinIR-lite (L1),BraTS2021_00049,29.515472,0.9868811368942261,0.08037476,0.9784517158818835,0.9400413507925569,0.8731060606060606
SwinIR-lite (L1),BraTS2021_00024,32.62281,0.9881623387336731,0.07173938,0.9695087521174478,nan,nan
SwinIR-lite (L1),BraTS2021_00002,32.103165,0.9833480715751648,0.07805917,0.959125227805259,0.6766844401357247,0.5909428359317
SwinIR-lite (L1),BraTS2021_00072,33.128193,0.980197548866272,0.083380476,0.9802749551703527,0.8621676891615542,0.8262295081967214
SwinIR-lite (L1),BraTS2021_00066,31.542284,0.9765955209732056,0.0874427,0.9322033898305084,nan,nan
SwinIR-lite (L1),BraTS2021_00020,32.475555,0.9832280874252319,0.08432869,0.9317851959361393,0.8181818181818182,0.8061224489795918
SwinIR-lite (L1),BraTS2021_00051,32.264256,0.985646665096283,0.08003878,0.8866498740554156,0.0,0.0
SwinIR-lite (L1),BraTS2021_00008,30.977228,0.9771755933761597,0.08953878,0.9758656873032528,0.0,0.0
SwinIR-lite (L1),BraTS2021_00046,32.427143,0.9874348640441895,0.11309951,0.9349593495934959,0.8352941176470589,0.8352941176470589
SwinIR-lite (L1),BraTS2021_00043,32.556107,0.9911878108978271,0.09499331,0.9576224545954871,0.0,0.0
SwinIR-lite (L1),BraTS2021_00060,33.31301,0.9812430739402771,0.08435941,0.9727506426735218,nan,nan
SwinIR-lite (L1),BraTS2021_00018,32.123306,0.9892375469207764,0.0917718,0.7948164146868251,0.3076923076923077,0.3076923076923077
SwinIR-lite (L1),BraTS2021_00048,33.053085,0.9811875820159912,0.088328235,0.8952513966480447,nan,nan
SwinIR-lite (L1),BraTS2021_00003,31.647532,0.9830045700073242,0.09433604,0.9563430919363123,0.8902627511591963,0.8902627511591963
SwinIR-lite (L1),BraTS2021_00024,31.94617,0.9865126609802246,0.08324189,0.9361129791526563,nan,nan
SwinIR-lite (L1),BraTS2021_00028,30.906755,0.9681673049926758,0.10779604,0.6733167082294265,0.3701492537313433,0.3701492537313433
SwinIR-lite (L1),BraTS2021_00014,30.196293,0.9815748333930969,0.10206961,0.8946444249341527,0.5064377682403434,0.5064377682403434
SwinIR-lite (L1),BraTS2021_00063,31.992817,0.9805529713630676,0.08562192,0.8589341692789969,0.8235294117647058,0.8235294117647058
SwinIR-lite (L1),BraTS2021_00060,31.99376,0.9870601296424866,0.08495638,0.9796791443850268,0.955716222322639,0.8822335025380711
SwinIR-lite (L1),BraTS2021_00046,31.683434,0.9812127947807312,0.08450795,0.9749877390877881,0.9513023782559457,0.9206798866855525
SwinIR-lite (L1),BraTS2021_00072,33.12077,0.9615811109542847,0.09370197,0.0,nan,nan
SwinIR-lite (L1),BraTS2021_00053,33.875404,0.9824733138084412,0.10177206,0.9429602888086642,0.9169463087248322,0.8386388583973655
SwinIR-lite (L1),BraTS2021_00070,32.425858,0.9841752052307129,0.07181034,0.9600874794969929,nan,nan
SwinIR-lite (L1),BraTS2021_00019,33.466595,0.9858357310295105,0.09539504,0.26,nan,nan
SwinIR-lite (L1),BraTS2021_00022,31.736557,0.9670360088348389,0.08302627,0.9529025191675794,0.899746192893401,0.8990476190476191
SwinIR-lite (L1),BraTS2021_00024,32.49294,0.9889526963233948,0.07143634,0.9553364269141531,nan,nan
SwinIR-lite (L1),BraTS2021_00012,31.643295,0.9896095991134644,0.073017344,0.8832369942196532,0.0,nan
SwinIR-lite (L1),BraTS2021_00011,32.066814,0.9766706824302673,0.07730252,0.9046153846153846,0.0,0.0
SwinIR-lite (L1),BraTS2021_00043,31.921635,0.9901744723320007,0.07089649,0.960620868065536,0.830655129789864,0.047619047619047616
SwinIR-lite (L1),BraTS2021_00017,31.912113,0.9748421907424927,0.09185958,0.9533116178067318,0.0,0.0
SwinIR-lite (L1),BraTS2021_00056,30.751236,0.9737614989280701,0.09808262,0.9871794871794872,0.9461515059324612,0.9041697147037308
SwinIR-lite (L1),BraTS2021_00059,32.085262,0.9820860624313354,0.07113252,0.9508196721311475,0.8117647058823529,0.8117647058823529
SwinIR-lite (L1),BraTS2021_00020,31.345778,0.9764224886894226,0.098320514,0.8795252225519288,0.9360146252285192,0.8200836820083682
SwinIR-lite (L1),BraTS2021_00044,31.360062,0.9801763892173767,0.08624832,0.9686800894854586,0.9607142857142857,0.8544600938967136
SwinIR-lite (L1),BraTS2021_00070,32.3056,0.988796591758728,0.06446335,0.9952788949116979,0.9807388695926744,0.9428879310344828
SwinIR-lite (L1),BraTS2021_00068,31.32489,0.9807275533676147,0.08893905,0.9513609995537706,0.8537414965986394,0.8537414965986394
SwinIR-lite (L1),BraTS2021_00006,34.66286,0.9942196011543274,0.054098923,0.9599644128113879,0.8770053475935828,0.8770053475935828
SwinIR-lite (L1),BraTS2021_00012,31.864326,0.9919654130935669,0.062453955,0.9605825916079066,0.7580110497237569,0.0
SwinIR-lite (L1),BraTS2021_00045,32.638466,0.9777722954750061,0.09145481,0.9702577660277594,0.9178356713426854,0.8486140724946695
SwinIR-lite (L1),BraTS2021_00000,30.204412,0.9704809784889221,0.10059775,0.9304091100801349,0.9442946990116802,0.898876404494382
SwinIR-lite (L1),BraTS2021_00053,34.5226,0.9869999289512634,0.091355555,0.9553831231813773,0.946058091286307,0.8049382716049382
SwinIR-lite (L1),BraTS2021_00021,33.490665,0.9770984649658203,0.087591186,0.7754874651810585,nan,nan
SwinIR-lite (L1),BraTS2021_00012,31.568491,0.9895405769348145,0.07160377,0.9838004628439188,0.41277641277641275,0.0
SwinIR-lite (L1),BraTS2021_00017,31.570354,0.9758556485176086,0.09047538,0.9729404690318701,0.0,0.0
SwinIR-lite (L1),BraTS2021_00036,32.65616,0.9703375697135925,0.10408948,0.4479166666666667,nan,nan
SwinIR-lite (L1),BraTS2021_00062,32.037334,0.9895930290222168,0.09950417,0.9551451187335093,nan,nan
SwinIR-lite (L1),BraTS2021_00052,33.702522,0.9897980093955994,0.103089236,0.6946107784431138,0.1320754716981132,0.1320754716981132
SwinIR-lite (L1),BraTS2021_00032,32.96262,0.9771221280097961,0.0862649,0.9028268551236749,nan,nan
SwinIR-lite (L1),BraTS2021_00032,34.575966,0.9880054593086243,0.06523565,0.9763880025526483,0.8654970760233918,0.8452380952380952
SwinIR-lite (L1),BraTS2021_00003,31.853668,0.9869766235351562,0.10599561,0.9371182177506289,nan,nan
SwinIR-lite (L1),BraTS2021_00051,33.774258,0.993900716304779,0.050783537,0.9788393044206998,0.875,0.8682634730538922
SwinIR-lite (L1),BraTS2021_00054,31.602098,0.9614152908325195,0.09151305,0.9611158072696534,0.8504901960784313,0.7160286074884308
SwinIR-lite (L1),BraTS2021_00064,31.798307,0.9839339256286621,0.088566266,0.9355432780847146,0.6747437092264679,0.6033898305084746
SwinIR-lite (L1),BraTS2021_00064,31.784113,0.9745124578475952,0.10790451,0.8708791208791209,0.0,0.0
SwinIR-lite (L1),BraTS2021_00043,31.436218,0.9896649718284607,0.093217015,0.9579510703363915,0.09392265193370165,0.09497206703910614
SwinIR-lite (L1),BraTS2021_00000,30.680408,0.9789291024208069,0.090604074,0.9651120088138083,0.9802839116719243,0.9435061153174141
SwinIR-lite (L1),BraTS2021_00030,32.861046,0.9802461266517639,0.08475617,0.9549763033175356,nan,nan
SwinIR-lite (L1),BraTS2021_00016,30.806805,0.9920751452445984,0.06825739,0.9012464046021093,0.8888888888888888,0.784503631961259
SwinIR-lite (L1),BraTS2021_00052,34.04136,0.9876164197921753,0.061808508,0.9225589225589226,nan,nan
SwinIR-lite (L1),BraTS2021_00043,31.659058,0.9897282123565674,0.09493158,0.9388627618640445,0.0,0.0
SwinIR-lite (L1),BraTS2021_00060,33.789757,0.9839213490486145,0.13908575,0.7190635451505016,0.6827309236947792,0.6827309236947792
SwinIR-lite (L1),BraTS2021_00024,32.663734,0.9888705611228943,0.08128381,0.9300304215558453,0.0,0.0
SwinIR-lite (L1),BraTS2021_00064,33.774574,0.9836316108703613,0.07713174,0.868038133467135,0.5714285714285714,0.6550724637681159
SwinIR-lite (L1),BraTS2021_00058,31.412498,0.9539587497711182,0.10083969,0.8298755186721992,0.7710843373493976,0.7710843373493976
SwinIR-lite (L1),BraTS2021_00008,31.379377,0.9722555875778198,0.0894904,0.9495472186287193,nan,nan
SwinIR-lite (L1),BraTS2021_00052,32.35102,0.9855345487594604,0.11251069,0.7912297426120114,0.7384155455904334,0.7538461538461538
SwinIR-lite (L1),BraTS2021_00002,32.143044,0.9866682887077332,0.07367548,0.9216932857807412,0.8078502966681881,0.7627677100494233
SwinIR-lite (L1),BraTS2021_00033,31.223297,0.9877086877822876,0.09179899,0.979011509817197,nan,nan
SwinIR-lite (L1),BraTS2021_00016,30.168163,0.9865148067474365,0.08432522,0.8363273453093812,0.5,0.5
SwinIR-lite (L1),BraTS2021_00018,32.031292,0.9845442175865173,0.079050764,0.898989898989899,0.570281124497992,0.570281124497992
SwinIR-lite (L1),BraTS2021_00011,32.778236,0.989655077457428,0.06083779,0.9738562091503268,0.8703703703703703,0.8703703703703703
SwinIR-lite (L1),BraTS2021_00012,31.850912,0.989717960357666,0.07233553,0.9171348314606742,0.0,nan
SwinIR-lite (L1),BraTS2021_00008,31.585867,0.9703847765922546,0.0890611,0.9335142469470827,nan,nan
SwinIR-lite (L1),BraTS2021_00070,31.742266,0.9862014055252075,0.0814592,0.9752240379546653,0.8615916955017301,0.8615916955017301
SwinIR-lite (L1),BraTS2021_00020,31.617,0.9758516550064087,0.10075108,0.9447004608294931,0.963096309630963,0.8740157480314961
SwinIR-lite (L1),BraTS2021_00070,31.818634,0.987882137298584,0.101755336,0.9141716566866267,nan,nan
SwinIR-lite (L1),BraTS2021_00005,32.97673,0.9907346367835999,0.069770046,0.9893059341581044,0.9537465309898242,0.8069565217391305
SwinIR-lite (L1),BraTS2021_00017,31.46266,0.9714207053184509,0.09628779,0.9653679653679653,nan,nan
SwinIR-lite (L1),BraTS2021_00072,32.829185,0.9550915360450745,0.096264616,0.7911877394636015,0.6719056974459725,0.6381156316916489
SwinIR-lite (L1),BraTS2021_00045,31.593924,0.9725120067596436,0.10466588,0.9760705289672544,0.9831578947368421,0.9195402298850575
SwinIR-lite (L1),BraTS2021_00025,32.99196,0.9913593530654907,0.058117118,0.6455696202531646,nan,nan
SwinIR-lite (L1),BraTS2021_00070,31.810947,0.9869421720504761,0.07894626,0.9895418326693227,0.9357798165137615,0.9357798165137615
SwinIR-lite (L1),BraTS2021_00002,32.14393,0.9850292801856995,0.07606617,0.869975683021027,0.7669773635153129,0.7140495867768595
SwinIR-lite (L1),BraTS2021_00032,32.863716,0.9707859754562378,0.091474034,0.4,nan,nan
SwinIR-lite (L1),BraTS2021_00012,31.949137,0.9899084568023682,0.070782654,0.9071094966268811,0.0,nan
SwinIR-lite (L1),BraTS2021_00049,29.855785,0.9872270226478577,0.07308842,0.9838991270611057,0.9432098765432099,0.885589519650655
SwinIR-lite (L1),BraTS2021_00025,31.770206,0.9863033890724182,0.06965187,0.5606060606060606,nan,nan
SwinIR-lite (L1),BraTS2021_00026,32.000202,0.9755568504333496,0.09133548,0.9532864820173625,0.8893261190359075,0.8810182623132263
SwinIR-lite (L1),BraTS2021_00033,32.813717,0.991260826587677,0.06765222,0.9856278366111951,0.4472049689440994,0.4472049689440994
SwinIR-lite (L1),BraTS2021_00020,30.92736,0.9551711082458496,0.114859514,0.9211822660098522,0.9251101321585903,0.9251101321585903
SwinIR-lite (L1),BraTS2021_00044,32.386543,0.9857454895973206,0.07291698,0.9392857142857143,nan,nan
SwinIR-lite (L1),BraTS2021_00012,31.895018,0.99245285987854,0.06167805,0.9648424166571851,0.8111190306486101,0.0
SwinIR-lite (L1),BraTS2021_00028,31.617668,0.9763842225074768,0.095862105,0.7342995169082126,0.0,0.0
SwinIR-lite (L1),BraTS2021_00033,33.55681,0.9875850677490234,0.11811115,0.8930540242557883,nan,nan
SwinIR-lite (L1),BraTS2021_00020,32.8202,0.9829145669937134,0.08091982,0.0,nan,nan
SwinIR-lite (L1),BraTS2021_00021,31.966017,0.9576717019081116,0.11757118,0.755803156917363,nan,nan
SwinIR-lite (L1),BraTS2021_00071,32.309017,0.9817737936973572,0.08696928,0.9167397020157756,0.9631901840490797,0.9086294416243654
SwinIR-lite (L1),BraTS2021_00005,32.552464,0.9841499328613281,0.08068893,0.9472295514511874,0.9409559512652296,0.8434163701067615
SwinIR-lite (L1),BraTS2021_00068,31.238441,0.9828615188598633,0.073361486,0.9686059275521405,0.9546279491833031,0.9338959212376934
SwinIR-lite (L1),BraTS2021_00000,30.88978,0.9797029495239258,0.08419592,0.9639674544750096,0.9746102449888642,0.9164086687306502
SwinIR-lite (L1),BraTS2021_00066,31.871552,0.9799045920372009,0.080536455,0.9639794168096055,0.7821229050279329,0.7821229050279329
SwinIR-lite (L1),BraTS2021_00059,31.260786,0.9715709090232849,0.07907771,0.900106269925611,nan,nan
SwinIR-lite (L1),BraTS2021_00046,31.604408,0.9836521148681641,0.098572835,0.9472277889111557,0.42911877394636017,0.42911877394636017
SwinIR-lite (L1),BraTS2021_00030,33.586914,0.9814113974571228,0.07737149,0.9582150101419878,0.9667553191489362,0.8521970705725699
SwinIR-lite (L1),BraTS2021_00028,31.654255,0.9785918593406677,0.09231417,0.9090909090909091,0.0,0.0
SwinIR-lite (L1),BraTS2021_00044,32.295765,0.983867347240448,0.07682345,0.9457364341085271,nan,nan
SwinIR-lite (L1),BraTS2021_00059,30.756653,0.9688979387283325,0.08882682,0.875,nan,nan
SwinIR-lite (L1),BraTS2021_00036,31.783964,0.9636821746826172,0.12970692,0.08,0.0,0.0
SwinIR-lite (L1),BraTS2021_00006,32.55299,0.9916185140609741,0.064890966,0.9813061422675406,0.9801916932907349,0.8770491803278688
SwinIR-lite (L1),BraTS2021_00006,32.870384,0.9914908409118652,0.06450625,0.9850354423733263,0.9724409448818898,0.9132290184921764
SwinIR-lite (L1),BraTS2021_00062,32.09939,0.9883085489273071,0.074964106,0.9541569541569541,nan,nan
SwinIR-lite (L1),BraTS2021_00033,31.940508,0.986933708190918,0.08412043,0.9648445437919122,nan,nan
SwinIR-lite (L1),BraTS2021_00048,32.475735,0.9746512770652771,0.095937625,0.8407005838198499,nan,nan
SwinIR-lite (L1),BraTS2021_00066,30.99398,0.9774567484855652,0.10075619,0.8975265017667845,nan,nan
SwinIR-lite (L1),BraTS2021_00064,33.998703,0.9859000444412231,0.07368271,0.8402540302882266,0.7627906976744186,0.7716049382716049
SwinIR-lite (L1),BraTS2021_00035,32.11844,0.9782669544219971,0.0791921,0.9726027397260274,0.947996589940324,0.8402203856749312
SwinIR-lite (L1),BraTS2021_00018,31.846132,0.9908838868141174,0.0686332,0.9665263579875727,0.7227813357731016,0.6670287887017925
SwinIR-lite (L1),BraTS2021_00060,31.702297,0.9842574000358582,0.09002772,0.9755788138281002,0.978,0.9004029936672424
SwinIR-lite (L1),BraTS2021_00044,31.135105,0.9784984588623047,0.09022147,0.9320388349514563,0.9139784946236559,0.9139784946236559
SwinIR-lite (L1),BraTS2021_00044,31.083263,0.9807413816452026,0.08597778,0.9478458049886621,0.9574105621805792,0.8414096916299559
SwinIR-lite (L1),BraTS2021_00017,32.290524,0.9798470735549927,0.11407008,0.0,nan,nan
SwinIR-lite (L1),BraTS2021_00049,31.394346,0.9910592436790466,0.061471846,0.9549867608120035,nan,nan
SwinIR-lite (L1),BraTS2021_00021,32.229416,0.9542375206947327,0.10380196,0.8379234706312454,0.0,0.0
SwinIR-lite (L1),BraTS2021_00035,32.263145,0.9750153422355652,0.079140164,0.960857908847185,nan,nan
SwinIR-lite (L1),BraTS2021_00008,30.63051,0.9735422134399414,0.094784975,0.9666283084004603,nan,nan
SwinIR-lite (L1),BraTS2021_00053,34.403862,0.9846096634864807,0.09621161,0.9358560221504384,0.8127949659150498,0.7202337472607743
SwinIR-lite (L1),BraTS2021_00036,31.445448,0.9648221135139465,0.12554441,0.9082278481012658,0.12554744525547445,0.20772946859903382
SwinIR-lite (L1),BraTS2021_00030,33.470318,0.9784279465675354,0.07764852,0.9560140132347217,0.9718120805369127,0.8852941176470588
SwinIR-lite (L1),BraTS2021_00062,32.241737,0.9891356825828552,0.07035355,0.9650249821556032,nan,nan
SwinIR-lite (L1),BraTS2021_00062,31.65266,0.9896627068519592,0.071946345,0.9815695600475625,0.6666666666666666,0.6666666666666666
SwinIR-lite (L1),BraTS2021_00005,33.08703,0.9896376132965088,0.07219823,0.9867396337613135,0.9700390794615719,0.819366852886406
SwinIR-lite (L1),BraTS2021_00019,32.6667,0.9871988892555237,0.07753447,0.9269949066213922,0.7842170160295932,0.7622047244094489
SwinIR-lite (L1),BraTS2021_00056,33.869263,0.9886090159416199,0.111215994,0.0,0.0,0.0
SwinIR-lite (L1),BraTS2021_00054,31.70544,0.9505537152290344,0.093959495,0.9583875162548765,0.8572120038722169,0.729568572430726
SwinIR-lite (L1),BraTS2021_00031,31.347748,0.9825820326805115,0.09601704,0.6613162118780096,nan,nan
SwinIR-lite (L1),BraTS2021_00025,30.772232,0.9789219498634338,0.08245555,0.5485714285714286,nan,nan
SwinIR-lite (L1),BraTS2021_00012,33.339226,0.9919007420539856,0.10031396,0.9577221742881795,nan,nan
SwinIR-lite (L1),BraTS2021_00031,32.717255,0.9856427907943726,0.07432405,0.900024685262898,0.03225806451612903,0.056074766355140186
SwinIR-lite (L1),BraTS2021_00000,32.398193,0.9879966378211975,0.07060997,0.7514450867052023,0.8571428571428571,0.8571428571428571
SwinIR-lite (L1),BraTS2021_00002,32.096134,0.9810535907745361,0.087851405,0.9626288659793815,nan,nan
SwinIR-lite (L1),BraTS2021_00045,32.458427,0.9768216013908386,0.0924143,0.9412897016361886,nan,nan
SwinIR-lite (L1),BraTS2021_00068,31.648346,0.9805923104286194,0.07238434,0.9543005388146079,0.957212174680194,0.929384965831435
SwinIR-lite (L1),BraTS2021_00022,30.571402,0.9687125086784363,0.10026279,0.8159392789373814,0.753072625698324,0.5991189427312775
SwinIR-lite (L1),BraTS2021_00011,31.379091,0.9793956279754639,0.0905111,0.9015256588072122,nan,nan
SwinIR-lite (L1),BraTS2021_00070,31.324976,0.9867695569992065,0.10195039,0.9432624113475178,nan,nan
SwinIR-lite (L1),BraTS2021_00043,31.91204,0.9906034469604492,0.0694504,0.9735622785500136,0.8738532110091743,0.018018018018018018
SwinIR-lite (L1),BraTS2021_00019,33.80109,0.9871286153793335,0.071894586,0.8825241231429009,0.0,0.0
SwinIR-lite (L1),BraTS2021_00009,31.8316,0.9889073967933655,0.07016184,0.9602543720190779,nan,nan
SwinIR-lite (L1),BraTS2021_00032,33.183617,0.9815230369567871,0.0796901,0.9859731151373465,0.864406779661017,0.8924731182795699
SwinIR-lite (L1),BraTS2021_00011,32.065636,0.9838613271713257,0.0729455,0.9791560752414845,nan,nan
SwinIR-lite (L1),BraTS2021_00000,30.92052,0.9779393076896667,0.086973734,0.9653739612188366,0.9712258573117856,0.8952164009111617
SwinIR-lite (L1),BraTS2021_00053,32.66828,0.9828199148178101,0.111759566,0.9768396364702433,0.9125295508274232,0.9125295508274232
SwinIR-lite (L1),BraTS2021_00018,31.491634,0.9869120121002197,0.07247284,0.9863318499682137,0.9170896785109983,0.742780986228343
SwinIR-lite (L1),BraTS2021_00071,32.819954,0.9825696349143982,0.078271054,0.0,nan,nan
SwinIR-lite (L1),BraTS2021_00005,32.83944,0.9896271824836731,0.07210427,0.9697268028550332,0.959417273673257,0.8370702541106129
SwinIR-lite (L1),BraTS2021_00070,32.929737,0.987431526184082,0.065802924,0.9694214876033058,nan,nan
SwinIR-lite (L1),BraTS2021_00019,33.711555,0.987209677696228,0.071293674,0.9049560853199499,0.6111111111111112,0.6111111111111112
SwinIR-lite (L1),BraTS2021_00053,33.26075,0.9702040553092957,0.11995888,0.8906311250490004,0.5094850948509485,0.5316205533596838
SwinIR-lite (L1),BraTS2021_00006,31.968649,0.9842658042907715,0.08558813,0.9266666666666666,nan,nan
SwinIR-lite (L1),BraTS2021_00048,32.913063,0.9789403080940247,0.090310626,0.6648501362397821,nan,nan
SwinIR-lite (L1),BraTS2021_00002,31.149094,0.9726323485374451,0.11511899,0.7041942604856513,nan,nan
SwinIR-lite (L1),BraTS2021_00006,34.148106,0.9944849014282227,0.054770462,0.9692077727952167,0.9743589743589743,0.9318600368324125
SwinIR-lite (L1),BraTS2021_00051,32.75512,0.9902673959732056,0.062002122,0.9589603283173734,0.9712999437253799,0.8817567567567568
SwinIR-lite (L1),BraTS2021_00043,30.82483,0.9865770936012268,0.092199355,0.9630941836433422,0.7779433681073026,0.7669172932330827
SwinIR-lite (L1),BraTS2021_00049,31.018528,0.9915844202041626,0.101017565,0.9214723926380368,0.0,0.0
SwinIR-lite (L1),BraTS2021_00045,31.597044,0.9738407731056213,0.10321457,0.978940650925335,0.9574468085106383,0.8844765342960289
SwinIR-lite (L1),BraTS2021_00071,33.570866,0.9856626987457275,0.073754676,0.7547169811320755,nan,nan
SwinIR-lite (L1),BraTS2021_00031,31.71444,0.9833788275718689,0.100930125,0.8869047619047619,nan,nan
SwinIR-lite (L1),BraTS2021_00024,32.975227,0.9881362318992615,0.08309493,0.9125,0.8617886178861789,0.8617886178861789
SwinIR-lite (L1),BraTS2021_00059,30.90476,0.9710686206817627,0.08607063,0.7752956636005256,nan,nan
SwinIR-lite (L1),BraTS2021_00071,32.87966,0.9815188646316528,0.08014421,0.0,nan,nan
SwinIR-lite (L1),BraTS2021_00060,31.036919,0.9780752658843994,0.10640908,0.9787731907070032,0.9545454545454546,0.8737123235406333
SwinIR-lite (L1),BraTS2021_00054,31.6276,0.9578493237495422,0.10392047,0.8303030303030303,0.8333333333333334,0.829126213592233
SwinIR-lite (L1),BraTS2021_00033,33.310684,0.989823579788208,0.10211046,0.854421768707483,nan,nan
SwinIR-lite (L1),BraTS2021_00021,32.34912,0.9505284428596497,0.10374264,0.8743694451116983,nan,nan
SwinIR-lite (L1),BraTS2021_00021,32.1851,0.9584941267967224,0.11022821,0.76058506543495,nan,nan
SwinIR-lite (L1),BraTS2021_00044,32.156384,0.987917423248291,0.07262425,0.928511354079058,0.9693251533742331,0.9693251533742331
SwinIR-lite (L1),BraTS2021_00032,32.772995,0.970339298248291,0.09141873,0.8363636363636363,nan,nan
SwinIR-lite (L1),BraTS2021_00030,33.490948,0.9807888269424438,0.07751599,0.9423361261705273,0.9725609756097561,0.9235127478753541
SwinIR-lite (L1),BraTS2021_00052,31.863623,0.9850507378578186,0.09250917,0.92806484295846,0.928273947246645,0.8741370154009559
SwinIR-lite (L1),BraTS2021_00025,31.519526,0.9853760004043579,0.07374756,0.5498489425981873,nan,nan
SwinIR-lite (L1),BraTS2021_00009,30.873863,0.9852359890937805,0.08285055,nan,nan,nan
SwinIR-lite (L1),BraTS2021_00002,32.158417,0.9812476634979248,0.08171516,0.9383963939352548,0.42166755177907594,0.4109014675052411
SwinIR-lite (L1),BraTS2021_00032,32.883774,0.9693032503128052,0.09272974,0.7474747474747475,nan,nan
SwinIR-lite (L1),BraTS2021_00052,32.130386,0.9854844212532043,0.092571184,0.8524850894632207,0.8747984954325632,0.860919540229885
SwinIR-lite (L1),BraTS2021_00052,33.72062,0.9913233518600464,0.05946745,0.940764107956537,nan,nan
SwinIR-lite (L1),BraTS2021_00054,31.52445,0.9658865928649902,0.094216384,0.957125748502994,0.841842397336293,0.7529118136439268
SwinIR-lite (L1),BraTS2021_00016,31.386581,0.9922733902931213,0.064790376,0.8837719298245614,0.7868852459016393,0.7868852459016393
SwinIR-lite (L1),BraTS2021_00064,32.0231,0.9815206527709961,0.09078311,0.9655632081759609,0.797583081570997,0.7546666666666667
SwinIR-lite (L1),BraTS2021_00031,32.947117,0.9884575009346008,0.06967954,0.9182359952324195,0.4067796610169492,0.47880299251870323
SwinIR-lite (L1),BraTS2021_00063,33.331787,0.9888049364089966,0.13464627,0.9654036243822076,0.8526522593320236,0.8458498023715415
SwinIR-lite (L1),BraTS2021_00003,33.644627,0.985527753829956,0.07373576,0.9620253164556962,0.9361544172234595,0.8203842940685045
SwinIR-lite (L1),BraTS2021_00030,33.19132,0.9719550609588623,0.08690409,0.9572052401746725,0.9048361934477379,0.8928
SwinIR-lite (L1),BraTS2021_00000,32.170456,0.9861323833465576,0.07438003,0.888262910798122,0.9382022471910112,0.9382022471910112
SwinIR-lite (L1),BraTS2021_00056,31.382303,0.9796152710914612,0.10446831,0.946031746031746,0.9694760820045558,0.9339080459770115
SwinIR-lite (L1),BraTS2021_00022,30.61427,0.9700236320495605,0.09675696,0.9079271294928607,0.9136690647482014,0.8104347826086956
SwinIR-lite (L1),BraTS2021_00032,33.729115,0.9872617721557617,0.070278145,0.970284641851736,0.9366715758468336,0.8483685220729367
SwinIR-lite (L1),BraTS2021_00022,30.675144,0.9734450578689575,0.09093526,0.9252418645558487,0.9434977578475336,0.8567049808429119
SwinIR-lite (L1),BraTS2021_00043,31.273193,0.9889557957649231,0.09098174,0.9674355495251018,0.32367149758454106,0.32367149758454106
SwinIR-lite (L1),BraTS2021_00071,31.729689,0.9781685471534729,0.09869391,0.8917668825161887,0.0,0.0
SwinIR-lite (L1),BraTS2021_00059,31.696896,0.9817317724227905,0.07197776,0.8962597035991532,0.8130081300813008,0.8130081300813008
SwinIR-lite (L1),BraTS2021_00019,34.522945,0.9823567271232605,0.072405376,0.49209302325581394,nan,nan
SwinIR-lite (L1),BraTS2021_00071,33.691555,0.988653302192688,0.07347478,0.9224598930481284,nan,nan
SwinIR-lite (L1),BraTS2021_00062,32.38265,0.9885327219963074,0.07141332,0.9677185346391005,nan,nan
SwinIR-lite (L1),BraTS2021_00033,33.12742,0.9889427423477173,0.102503434,0.8556430446194225,nan,nan
SwinIR-lite (L1),BraTS2021_00000,31.578232,0.983680248260498,0.07835932,0.9432035737077218,0.9288928892889289,0.8769716088328076
SwinIR-lite (L1),BraTS2021_00032,33.272552,0.9843025803565979,0.07630665,0.9872018615474113,0.9079563182527302,0.9015025041736227
SwinIR-lite (L1),BraTS2021_00016,30.013817,0.9868605732917786,0.09259731,0.0,nan,nan
SwinIR-lite (L1),BraTS2021_00045,31.409502,0.9753823280334473,0.116516665,0.9648162627052385,0.930718954248366,0.8584474885844748
SwinIR-lite (L1),BraTS2021_00056,31.612413,0.9818023443222046,0.09815994,0.9660533817051049,0.9348204949459742,0.8942006269592476
SwinIR-lite (L1),BraTS2021_00066,31.500996,0.9772473573684692,0.0872744,0.9105545617173524,nan,nan
SwinIR-lite (L1),BraTS2021_00016,29.837034,0.986467182636261,0.08626768,0.5470692717584369,nan,nan
SwinIR-lite (L1),BraTS2021_00003,33.199394,0.9834010004997253,0.08302658,0.8771929824561403,0.8860103626943006,0.8802083333333334
SwinIR-lite (L1),BraTS2021_00044,32.915836,0.989316999912262,0.06881004,0.9725557461406518,nan,nan
SwinIR-lite (L1),BraTS2021_00051,32.949337,0.9910479784011841,0.057861045,0.948868778280543,0.9540126239855726,0.9540126239855726
SwinIR-lite (L1),BraTS2021_00002,34.34224,0.9879549145698547,0.12135615,0.0,nan,nan
SwinIR-lite (L1),BraTS2021_00059,31.169136,0.9716289639472961,0.079378664,0.8963553530751709,nan,nan
SwinIR-lite (L1),BraTS2021_00058,31.153969,0.9558621644973755,0.10193915,0.9069767441860465,0.9314079422382672,0.9077490774907749
SwinIR-lite (L1),BraTS2021_00070,32.346252,0.9873600006103516,0.07083848,0.9891076665270213,0.9794238683127572,0.9443016281062554
SwinIR-lite (L1),BraTS2021_00000,30.94636,0.9747492074966431,0.10552715,0.9068825910931174,0.9258373205741627,0.9206730769230769
SwinIR-lite (L1),BraTS2021_00035,32.918568,0.9820423126220703,0.070102245,0.9831095712429623,0.89937106918239,0.89937106918239
SwinIR-lite (L1),BraTS2021_00020,32.60598,0.9830727577209473,0.085167386,0.912718204488778,0.9266666666666666,0.8458781362007168
SwinIR-lite (L1),BraTS2021_00060,34.54274,0.9850961565971375,0.13942532,0.2358490566037736,0.2545454545454545,0.2545454545454545
SwinIR-lite (L1),BraTS2021_00066,31.601559,0.9817951917648315,0.084896915,0.9670152855993563,nan,nan
SwinIR-lite (L1),BraTS2021_00002,32.201866,0.9822966456413269,0.08616871,0.9377289377289377,nan,nan
SwinIR-lite (L1),BraTS2021_00058,30.612438,0.9695151448249817,0.1108561,0.9521492295214923,0.8602739726027397,0.7922535211267606
SwinIR-lite (L1),BraTS2021_00053,33.765278,0.9871577620506287,0.0954754,0.9802756011888679,0.9318854886475815,0.8494897959183674
SwinIR-lite (L1),BraTS2021_00066,31.06822,0.983710527420044,0.083257504,0.9692832764505119,0.9513888888888888,0.8541666666666666
SwinIR-lite (L1),BraTS2021_00003,32.207924,0.9856019020080566,0.0842183,0.9741892786234282,0.9736644093303235,0.9519071310116086
SwinIR-lite (L1),BraTS2021_00026,32.195084,0.9791663289070129,0.08882008,0.841340782122905,0.8171140939597316,0.7971656333038086
SwinIR-lite (L1),BraTS2021_00033,32.87568,0.9911315441131592,0.068430565,0.9834040910845233,0.3660130718954248,0.3660130718954248
SwinIR-lite (L1),BraTS2021_00006,34.224934,0.9920552968978882,0.06244443,0.9715043074884029,nan,nan
SwinIR-lite (L1),BraTS2021_00033,32.097534,0.9881921410560608,0.077877685,0.9799014031095943,0.0,0.0
SwinIR-lite (L1),BraTS2021_00012,31.415968,0.9893200993537903,0.07099637,0.9731012658227848,0.5743626062322946,0.0
SwinIR-lite (L1),BraTS2021_00036,32.340908,0.9722249507904053,0.13253018,0.0,0.0,0.0
SwinIR-lite (L1),BraTS2021_00032,33.504738,0.9843343496322632,0.07473486,0.9274024339068401,0.0,0.0
SwinIR-lite (L1),BraTS2021_00059,31.144083,0.9770764112472534,0.0775809,0.8618255168935955,0.8785578747628083,0.8742857142857143
SwinIR-lite (L1),BraTS2021_00051,32.165268,0.986056387424469,0.07766938,0.8783943329397875,nan,nan
SwinIR-lite (L1),BraTS2021_00005,31.652905,0.983446478843689,0.108812064,0.9527027027027027,0.7736900780379041,0.784503631961259
SwinIR-lite (L1),BraTS2021_00019,32.542168,0.9836294651031494,0.086016886,0.8928359976317347,0.9037900874635568,0.8344086021505376
SwinIR-lite (L1),BraTS2021_00012,31.364431,0.9893996119499207,0.07113919,0.9752724224643755,0.5535714285714286,0.0
SwinIR-lite (L1),BraTS2021_00049,31.58697,0.9911929965019226,0.060338296,0.9628084810566563,nan,nan
SwinIR-lite (L1),BraTS2021_00006,33.233124,0.9903734922409058,0.07493216,0.9568480300187617,nan,nan
SwinIR-lite (L1),BraTS2021_00059,31.054487,0.9725127220153809,0.082254134,0.9644756434801106,0.9304382790510656,0.8408960367604825
SwinIR-lite (L1),BraTS2021_00017,32.513714,0.9888685941696167,0.07603947,0.9297385620915033,nan,nan
SwinIR-lite (L1),BraTS2021_00030,33.500927,0.9768451452255249,0.07937738,0.9689863842662633,0.9775662814411965,0.9195402298850575
SwinIR-lite (L1),BraTS2021_00048,31.901085,0.9705893397331238,0.11126849,0.05250596658711217,nan,nan
SwinIR-lite (L1),BraTS2021_00030,33.551743,0.9772109985351562,0.078366995,0.9512850019179133,0.967032967032967,0.9066305818673883
SwinIR-lite (L1),BraTS2021_00045,31.983297,0.9818945527076721,0.1100652,0.9820261437908496,0.922360248447205,0.8728179551122195
SwinIR-lite (L1),BraTS2021_00012,32.449615,0.9909712076187134,0.068408415,0.9736201298701299,0.843064182194617,0.0
SwinIR-lite (L1),BraTS2021_00048,32.829853,0.9804981350898743,0.089574315,0.8752136752136752,nan,nan
SwinIR-lite (L1),BraTS2021_00002,31.925991,0.9799672961235046,0.113219954,0.9315068493150684,nan,nan
SwinIR-lite (L1),BraTS2021_00068,32.308014,0.988573431968689,0.09335643,0.8616600790513834,0.8098159509202454,0.8098159509202454
SwinIR-lite (L1),BraTS2021_00052,31.28787,0.9815148711204529,0.08538843,0.95015303891561,0.9541484716157205,0.8806584362139918
SwinIR-lite (L1),BraTS2021_00024,32.801254,0.9884255528450012,0.06842558,0.9487179487179487,nan,nan
SwinIR-lite (L1),BraTS2021_00035,31.953089,0.9670472741127014,0.08613925,0.8739076154806492,0.8723404255319149,0.8540540540540541
SwinIR-lite (L1),BraTS2021_00062,32.206207,0.9889390468597412,0.070085846,0.9636493228795439,nan,nan
SwinIR-lite (L1),BraTS2021_00066,30.851921,0.9762945771217346,0.10093863,0.9836956521739131,nan,nan
SwinIR-lite (L1),BraTS2021_00022,31.804253,0.9832022786140442,0.07557363,0.975407571152252,0.9626334519572953,0.9207880981101729
SwinIR-lite (L1),BraTS2021_00043,32.080044,0.9891248941421509,0.072534285,0.9744253803820007,0.8686567164179104,0.42735042735042733
SwinIR-lite (L1),BraTS2021_00021,32.350876,0.9519163966178894,0.10412304,0.8643006263048016,nan,nan
Uformer-lite (L1),BraTS2021_00036,32.679043,0.9788522124290466,0.10009127,0.945273631840796,0.6656225528582616,0.8584202682563339
Uformer-lite (L1),BraTS2021_00070,31.340557,0.9859753847122192,0.09659601,0.8951718138321009,0.0,0.0
Uformer-lite (L1),BraTS2021_00016,32.22034,0.9943925142288208,0.057034876,0.9142300194931774,0.8485981308411215,0.805
Uformer-lite (L1),BraTS2021_00043,32.603676,0.9916333556175232,0.06602265,0.9835734142026787,0.89,0.37681159420289856
Uformer-lite (L1),BraTS2021_00036,32.944214,0.9795204997062683,0.10028183,0.9552238805970149,0.582995951417004,0.806070826306914
Uformer-lite (L1),BraTS2021_00020,31.9996,0.9811492562294006,0.09042328,0.9366351056081573,0.9632164242942686,0.8435374149659864
Uformer-lite (L1),BraTS2021_00035,33.733757,0.9826770424842834,0.06470941,0.9802839116719243,0.9557226399331662,0.8761904761904762
Uformer-lite (L1),BraTS2021_00062,31.325966,0.9876465201377869,0.075680465,0.9781260202415932,0.0,0.0
Uformer-lite (L1),BraTS2021_00048,35.089302,0.9891419410705566,0.06457056,0.9103139013452914,nan,nan
Uformer-lite (L1),BraTS2021_00003,34.911484,0.9873387217521667,0.06702683,0.9704257393565161,0.9723546234509056,0.9109848484848485
Uformer-lite (L1),BraTS2021_00026,34.14677,0.9895437955856323,0.066661626,0.8419100602688919,0.8626023657870792,0.8295880149812734
Uformer-lite (L1),BraTS2021_00046,32.15331,0.9841936826705933,0.08531047,0.9735744089012517,0.966952264381885,0.9497354497354498
Uformer-lite (L1),BraTS2021_00019,35.743145,0.9892925024032593,0.058904756,0.8697273362852482,nan,nan
Uformer-lite (L1),BraTS2021_00024,33.876484,0.9884890913963318,0.06509194,0.9705882352941176,0.0,0.0
Uformer-lite (L1),BraTS2021_00016,31.734695,0.9900973439216614,0.08588175,0.0,nan,nan
Uformer-lite (L1),BraTS2021_00019,35.198017,0.9898413419723511,0.06272381,0.9479905437352246,nan,nan
Uformer-lite (L1),BraTS2021_00060,34.101555,0.9830489754676819,0.07892773,0.9778980604420388,nan,nan
Uformer-lite (L1),BraTS2021_00028,30.902569,0.9779463410377502,0.12662907,0.73125,0.7358490566037735,0.7358490566037735
Uformer-lite (L1),BraTS2021_00031,32.16385,0.9837639331817627,0.10344347,0.7037037037037037,nan,nan
Uformer-lite (L1),BraTS2021_00048,33.158897,0.9755628108978271,0.09219587,0.9001996007984032,nan,nan
Uformer-lite (L1),BraTS2021_00059,32.883827,0.9837568998336792,0.06476,0.9488882471845221,0.0,0.0
Uformer-lite (L1),BraTS2021_00046,32.731873,0.9846101999282837,0.07618964,0.9807302231237323,0.9560723514211886,0.926829268292683
Uformer-lite (L1),BraTS2021_00028,30.949833,0.9745045304298401,0.115204275,0.8375165125495376,0.794435857805255,0.7595356550580431
Uformer-lite (L1),BraTS2021_00036,32.89268,0.9813441634178162,0.09686946,0.9443144595226953,0.9495073891625616,0.8274967574578469
Uformer-lite (L1),BraTS2021_00059,31.666792,0.9764993190765381,0.076782346,0.948076923076923,0.9650655021834061,0.9424405218726016
Uformer-lite (L1),BraTS2021_00048,34.76604,0.9906796216964722,0.06498329,0.9704433497536946,nan,nan
Uformer-lite (L1),BraTS2021_00026,34.36843,0.9901289939880371,0.06526834,0.7813040969417195,0.6735537190082644,0.6909975669099757
Uformer-lite (L1),BraTS2021_00051,34.358955,0.9953524470329285,0.044311907,0.9824940566241626,nan,nan
Uformer-lite (L1),BraTS2021_00071,33.000504,0.9830199480056763,0.08122661,0.914396887159533,0.9689265536723164,0.9067796610169492
Uformer-lite (L1),BraTS2021_00032,35.776337,0.9912362098693848,0.057179037,0.9629116117850953,0.47058823529411764,0.49230769230769234
Uformer-lite (L1),BraTS2021_00062,31.488823,0.9870253205299377,0.07825105,0.9468556244464128,nan,nan
Uformer-lite (L1),BraTS2021_00028,31.729078,0.975591778755188,0.095080145,0.754585152838428,0.0,0.0
Uformer-lite (L1),BraTS2021_00017,32.35276,0.9788438081741333,0.08624954,0.9386819484240687,0.0,0.0
Uformer-lite (L1),BraTS2021_00033,32.341827,0.988069474697113,0.09090875,0.9689944943494639,nan,nan
Uformer-lite (L1),BraTS2021_00022,32.736755,0.9768544435501099,0.07268182,0.9604617604617605,0.8693069306930693,0.8670634920634921
Uformer-lite (L1),BraTS2021_00033,33.586918,0.9923987984657288,0.06292788,0.977640178878569,0.7875,0.7875
Uformer-lite (L1),BraTS2021_00052,33.817207,0.9931433200836182,0.0556583,0.958904109589041,nan,nan
Uformer-lite (L1),BraTS2021_00063,33.308575,0.9866475462913513,0.15290414,0.9393939393939394,0.826530612244898,0.826530612244898
Uformer-lite (L1),BraTS2021_00006,34.564434,0.9947694540023804,0.052894518,0.961139896373057,0.9813559322033898,0.9282136894824707
Uformer-lite (L1),BraTS2021_00068,32.00046,0.988151490688324,0.09780805,0.7509520182787509,0.746268656716418,0.746268656716418
Uformer-lite (L1),BraTS2021_00033,32.514473,0.9888777136802673,0.09055319,0.9642065251821349,nan,nan
Uformer-lite (L1),BraTS2021_00011,31.97929,0.9776051640510559,0.07953929,0.9427839453458582,0.0,0.0
Uformer-lite (L1),BraTS2021_00030,34.83638,0.9878764152526855,0.06627969,0.9813717188823031,0.9766123316796598,0.9066002490660025
Uformer-lite (L1),BraTS2021_00024,32.900166,0.9892405271530151,0.08028594,0.9267415730337079,0.6991869918699187,0.6991869918699187
Uformer-lite (L1),BraTS2021_00063,31.162361,0.9853426814079285,0.09171638,0.9107332624867163,0.9651162790697675,0.9241573033707865
Uformer-lite (L1),BraTS2021_00030,32.6901,0.9697455763816833,0.09278969,0.0,nan,nan
Uformer-lite (L1),BraTS2021_00061,31.827639,0.9830546379089355,0.08949867,0.7823392718822618,0.7457240592930444,0.44808743169398907
Uformer-lite (L1),BraTS2021_00031,33.380867,0.9872719645500183,0.06885317,0.8934975156621301,0.7922077922077922,0.7922077922077922
Uformer-lite (L1),BraTS2021_00053,33.68242,0.9773634672164917,0.10877415,0.9309783871717406,0.8728,0.83
Uformer-lite (L1),BraTS2021_00046,33.94032,0.9867978096008301,0.06696027,0.9535452322738386,nan,nan
Uformer-lite (L1),BraTS2021_00030,33.714832,0.9763908386230469,0.08020311,0.9571068124474348,0.9375,0.9239766081871345
Uformer-lite (L1),BraTS2021_00064,33.017643,0.9850980043411255,0.083365805,0.9523580365736285,0.8903878583473862,0.779969650986343
Uformer-lite (L1),BraTS2021_00052,32.027973,0.9857915639877319,0.07326493,0.9585917854149204,0.9299628942486086,0.8822355289421158
Uformer-lite (L1),BraTS2021_00043,34.086815,0.9924755692481995,0.10457074,0.9002932551319648,nan,nan
Uformer-lite (L1),BraTS2021_00025,30.390453,0.9777926206588745,0.08881864,0.5347593582887701,nan,nan
Uformer-lite (L1),BraTS2021_00056,32.784912,0.9845030307769775,0.07350462,0.9807149576669802,0.9383155397390273,0.9383155397390273
Uformer-lite (L1),BraTS2021_00063,32.70333,0.9845461249351501,0.08059563,0.8879432624113475,0.9094736842105263,0.8836206896551724
Uformer-lite (L1),BraTS2021_00009,32.353214,0.9903040528297424,0.06634228,0.8519195612431444,nan,nan
Uformer-lite (L1),BraTS2021_00053,33.996326,0.965899646282196,0.12273964,0.11764705882352941,0.11764705882352941,0.16091954022988506
Uformer-lite (L1),BraTS2021_00031,32.70873,0.9862573146820068,0.07540905,0.943304347826087,0.340956340956341,0.44518272425249167
Uformer-lite (L1),BraTS2021_00012,33.099743,0.9928926229476929,0.061768446,0.9781548250265112,0.7357723577235772,0.0
Uformer-lite (L1),BraTS2021_00012,31.520672,0.990444004535675,0.067302704,0.9650092081031307,0.7006097560975609,0.0
Uformer-lite (L1),BraTS2021_00020,32.094105,0.9806110262870789,0.08890124,0.923760177646188,0.9152542372881356,0.8081264108352144
Uformer-lite (L1),BraTS2021_00018,31.855358,0.98785400390625,0.08368945,0.9091433516008076,0.8131868131868132,0.7112211221122112
Uformer-lite (L1),BraTS2021_00052,31.698036,0.9821964502334595,0.08230707,0.9563722329679777,0.9643878346763712,0.8795620437956204
Uformer-lite (L1),BraTS2021_00064,32.986977,0.9824193120002747,0.0871066,0.9046180405697022,0.7354685646500593,0.6483870967741936
Uformer-lite (L1),BraTS2021_00000,33.583138,0.9902665615081787,0.06379216,0.6852248394004282,0.05970149253731343,0.05970149253731343
Uformer-lite (L1),BraTS2021_00003,34.33878,0.9871406555175781,0.07193646,0.9656893325015595,0.9400855920114123,0.9012229539040452
Uformer-lite (L1),BraTS2021_00054,31.880028,0.968148410320282,0.10749118,0.7590361445783133,0.8344370860927153,0.8344370860927153
Uformer-lite (L1),BraTS2021_00014,30.308311,0.9820305705070496,0.10686128,0.9233023937469468,0.34782608695652173,0.34782608695652173
Uformer-lite (L1),BraTS2021_00011,32.90662,0.9833528399467468,0.069728084,0.9820359281437125,nan,nan
Uformer-lite (L1),BraTS2021_00036,35.79792,0.9917135834693909,0.06605499,0.9708171206225681,nan,nan
Uformer-lite (L1),BraTS2021_00061,32.250237,0.9837173223495483,0.10172363,0.7694680030840401,0.8097165991902834,0.7217391304347827
Uformer-lite (L1),BraTS2021_00071,32.755238,0.9838666319847107,0.08293247,0.9289026275115919,0.9499241274658573,0.8729016786570744
Uformer-lite (L1),BraTS2021_00068,32.002346,0.9796609282493591,0.071609706,0.9612746182783801,0.963579604578564,0.9334239130434783
Uformer-lite (L1),BraTS2021_00026,34.81538,0.9883083701133728,0.06541876,0.0,0.0,0.0
Uformer-lite (L1),BraTS2021_00060,31.268328,0.9806066751480103,0.1049842,0.9850798056904927,0.9682746631899174,0.9110294117647059
Uformer-lite (L1),BraTS2021_00016,30.508728,0.9899176359176636,0.07474448,0.8883025505716798,0.5579399141630901,0.6268656716417911
Uformer-lite (L1),BraTS2021_00053,33.903484,0.9718159437179565,0.11780899,0.0,0.0,0.0
Uformer-lite (L1),BraTS2021_00071,33.83828,0.9884122610092163,0.07226559,0.9714847590953786,0.7717842323651453,0.7627118644067796
Uformer-lite (L1),BraTS2021_00062,33.31194,0.9934371113777161,0.05937919,0.9804520464263897,nan,nan
Uformer-lite (L1),BraTS2021_00019,32.792458,0.9825737476348877,0.09112776,0.9498806682577565,0.9136363636363637,0.8521739130434782
Uformer-lite (L1),BraTS2021_00008,30.721157,0.9729396104812622,0.09646154,0.9623865110246433,nan,nan
Uformer-lite (L1),BraTS2021_00051,34.429356,0.9955241680145264,0.044981144,0.9900360398558405,0.0,0.0
Uformer-lite (L1),BraTS2021_00036,33.069897,0.9763506650924683,0.12520133,0.0,0.0,0.0
Uformer-lite (L1),BraTS2021_00018,32.420303,0.9879986643791199,0.06839784,0.9888701517706576,0.9405034324942791,0.8377976190476191
Uformer-lite (L1),BraTS2021_00005,32.10431,0.9845640063285828,0.10155011,0.9526717557251908,0.8925764192139738,0.8518518518518519
Uformer-lite (L1),BraTS2021_00024,34.06466,0.9899832606315613,0.06258527,0.9572254335260115,0.0,0.0
Uformer-lite (L1),BraTS2021_00019,34.373215,0.9887975454330444,0.06578808,0.8848765432098765,nan,nan
Uformer-lite (L1),BraTS2021_00031,31.78033,0.9832566380500793,0.09888803,0.6553480475382003,nan,nan
Uformer-lite (L1),BraTS2021_00014,30.919369,0.9859768152236938,0.11206367,0.8754863813229572,0.0,0.0
Uformer-lite (L1),BraTS2021_00048,33.990833,0.9866137504577637,0.075241774,0.962852897473997,nan,nan
Uformer-lite (L1),BraTS2021_00024,33.201817,0.9900979995727539,0.06668872,0.958273381294964,0.0,0.0
Uformer-lite (L1),BraTS2021_00052,33.856667,0.9930622577667236,0.05630574,0.9646856158484065,nan,nan
Uformer-lite (L1),BraTS2021_00025,30.866508,0.9803375601768494,0.079233035,0.5,nan,nan
Uformer-lite (L1),BraTS2021_00024,34.19771,0.9893184900283813,0.11427255,0.0,0.0,0.0
Uformer-lite (L1),BraTS2021_00045,33.45228,0.9853386878967285,0.11343465,0.7781818181818182,nan,nan
Uformer-lite (L1),BraTS2021_00019,34.436512,0.989822506904602,0.0664884,0.9638081654483865,0.851581508515815,0.8244274809160306
Uformer-lite (L1),BraTS2021_00053,33.869396,0.986506462097168,0.096134864,0.9776521962496789,0.9602888086642599,0.887240356083086
Uformer-lite (L1),BraTS2021_00036,35.90236,0.9921523332595825,0.06324806,0.9738766980146291,nan,nan
Uformer-lite (L1),BraTS2021_00026,31.567537,0.9651420712471008,0.100882225,0.9023836549375709,0.9620637329286799,0.9225806451612903
Uformer-lite (L1),BraTS2021_00016,32.479294,0.9941624999046326,0.056189626,0.7531083481349912,nan,nan
Uformer-lite (L1),BraTS2021_00005,33.004887,0.987828254699707,0.07622203,0.9880554228380315,0.9700712589073635,0.8865979381443299
Uformer-lite (L1),BraTS2021_00060,32.718952,0.9874538779258728,0.081888996,0.9644749143035214,0.9819594782126007,0.9151219512195122
Uformer-lite (L1),BraTS2021_00060,34.139217,0.9925058484077454,0.066724725,0.9750902527075812,0.9504587155963303,0.9421641791044776
Uformer-lite (L1),BraTS2021_00018,32.318157,0.9898279309272766,0.067293204,0.9861002655005466,0.9598214285714286,0.8614800759013282
Uformer-lite (L1),BraTS2021_00002,32.29885,0.9812166094779968,0.10830857,0.8865514650638617,nan,nan
Uformer-lite (L1),BraTS2021_00005,33.569366,0.9883005619049072,0.07209006,0.9912603495860166,0.9065207478340174,0.830999066293184
Uformer-lite (L1),BraTS2021_00059,32.905094,0.9828959107398987,0.06369416,0.9580492920818039,nan,nan
Uformer-lite (L1),BraTS2021_00006,33.61887,0.9928957223892212,0.061171163,0.9836888331242158,0.9799839871897518,0.9278688524590164
Uformer-lite (L1),BraTS2021_00021,35.453873,0.981846809387207,0.06809234,0.7844611528822055,nan,nan
Uformer-lite (L1),BraTS2021_00026,32.242546,0.9789970517158508,0.10827648,0.6169491525423729,0.8598130841121495,0.8598130841121495
Uformer-lite (L1),BraTS2021_00046,32.4186,0.9848348498344421,0.08300552,0.9612903225806452,0.9719222462203023,0.957286432160804
Uformer-lite (L1),BraTS2021_00043,33.374336,0.9913681149482727,0.110307604,0.8800988875154512,nan,nan
Uformer-lite (L1),BraTS2021_00058,31.959148,0.9804384112358093,0.10851035,0.8465227817745803,0.9261744966442953,0.9261744966442953
Uformer-lite (L1),BraTS2021_00011,32.656063,0.9803656935691833,0.07225758,0.9458689458689459,nan,nan
Uformer-lite (L1),BraTS2021_00053,32.967487,0.983863890171051,0.10824092,0.9691107644305772,0.8640483383685801,0.8640483383685801
Uformer-lite (L1),BraTS2021_00031,32.154938,0.9839335083961487,0.08219087,0.9110599078341014,0.0,0.0
Uformer-lite (L1),BraTS2021_00024,32.989403,0.9885877370834351,0.10105062,0.8745387453874539,0.8710801393728222,0.8339483394833949
Uformer-lite (L1),BraTS2021_00025,34.176804,0.9928188920021057,0.05055801,0.6190476190476191,nan,nan
Uformer-lite (L1),BraTS2021_00025,33.656456,0.9929487705230713,0.05313708,0.9156626506024096,nan,nan
Uformer-lite (L1),BraTS2021_00008,32.136074,0.9805145263671875,0.07821274,0.8937728937728938,nan,nan
Uformer-lite (L1),BraTS2021_00026,33.12872,0.9826892018318176,0.08026857,0.8484530676455165,0.9393258426966292,0.919908466819222
Uformer-lite (L1),BraTS2021_00052,32.0841,0.9856653213500977,0.07538393,0.9779566800843397,0.968421052631579,0.9053857350800583
Uformer-lite (L1),BraTS2021_00022,31.213058,0.9765691161155701,0.08364387,0.9629012088370155,0.947945205479452,0.947945205479452
Uformer-lite (L1),BraTS2021_00033,33.962074,0.9939212799072266,0.057429697,0.9821356069833537,0.0,0.0
Uformer-lite (L1),BraTS2021_00021,32.879025,0.9647897481918335,0.09431197,0.8762176288904728,0.512280701754386,0.512280701754386
Uformer-lite (L1),BraTS2021_00043,32.860016,0.9920927882194519,0.063242294,0.983225806451613,0.9016393442622951,0.3978494623655914
Uformer-lite (L1),BraTS2021_00031,31.761782,0.9843024015426636,0.08938309,0.7857142857142857,nan,nan
Uformer-lite (L1),BraTS2021_00036,32.91558,0.9834793210029602,0.0924047,0.9459724950884086,0.9455307262569832,0.8603042876901799
Uformer-lite (L1),BraTS2021_00054,31.66586,0.9713196754455566,0.10351327,0.8877516206073013,0.8669527896995708,0.68625
Uformer-lite (L1),BraTS2021_00022,31.566069,0.9753459692001343,0.08094826,0.9365023057821923,0.9363295880149812,0.9363295880149812
Uformer-lite (L1),BraTS2021_00026,34.869465,0.9883696436882019,0.064981595,0.44485294117647056,0.8661417322834646,0.8661417322834646
Uformer-lite (L1),BraTS2021_00011,31.9792,0.9792857766151428,0.07372702,0.9475982532751092,0.0,0.0
Uformer-lite (L1),BraTS2021_00070,31.891443,0.9875200390815735,0.11092867,0.8739130434782608,nan,nan
Uformer-lite (L1),BraTS2021_00012,33.26202,0.9909756779670715,0.11244941,0.9672131147540983,nan,nan
Uformer-lite (L1),BraTS2021_00070,33.602898,0.99159836769104,0.0541487,0.9847735059002665,0.9790419161676647,0.9496659242761692
Uformer-lite (L1),BraTS2021_00043,30.958393,0.9877767562866211,0.08822617,0.9754145225843339,0.7701317715959004,0.7657657657657657
Uformer-lite (L1),BraTS2021_00033,33.92145,0.9870743751525879,0.12503985,0.8114558472553699,nan,nan
Uformer-lite (L1),BraTS2021_00018,32.292114,0.9817484617233276,0.08242967,0.18397626112759644,nan,nan
Uformer-lite (L1),BraTS2021_00005,34.012974,0.9896988868713379,0.06733538,0.9853917662682603,0.9548443665059184,0.8734030197444832
Uformer-lite (L1),BraTS2021_00044,33.722767,0.9905019402503967,0.06399633,0.9551020408163265,nan,nan
Uformer-lite (L1),BraTS2021_00002,32.876125,0.9869415760040283,0.07202901,0.9299864314789688,0.7339036470058532,0.6443172526573998
Uformer-lite (L1),BraTS2021_00017,33.400505,0.9864763617515564,0.07313793,0.9296875,nan,nan
Uformer-lite (L1),BraTS2021_00017,33.304672,0.9908989071846008,0.06818569,0.8585365853658536,nan,nan
Uformer-lite (L1),BraTS2021_00003,34.867863,0.9885585308074951,0.06643571,0.9585152838427947,0.9728915662650602,0.9212233549582948
Uformer-lite (L1),BraTS2021_00071,32.704464,0.9829495549201965,0.08177037,0.9090909090909091,0.9679218967921897,0.9216589861751152
Uformer-lite (L1),BraTS2021_00068,31.781454,0.9875907897949219,0.09552526,0.8913192071086808,0.768361581920904,0.768361581920904
Uformer-lite (L1),BraTS2021_00018,32.494675,0.989299476146698,0.06596912,0.9875120076849183,0.945364238410596,0.786699107866991
Uformer-lite (L1),BraTS2021_00048,33.969746,0.9855623841285706,0.072950885,0.23157894736842105,nan,nan
Uformer-lite (L1),BraTS2021_00003,33.608234,0.9873183965682983,0.07451694,0.9785458879618594,0.9784106568672485,0.9286577992744861
Uformer-lite (L1),BraTS2021_00058,30.318562,0.9747567176818848,0.11513292,0.9414448669201521,0.9196787148594378,0.847953216374269
Uformer-lite (L1),BraTS2021_00066,31.851301,0.9857640266418457,0.07874421,0.9698231009365245,0.9578313253012049,0.8934010152284264
Uformer-lite (L1),BraTS2021_00070,33.57739,0.9897319078445435,0.060873434,0.9858814037918515,0.9611650485436893,0.9180555555555555
Uformer-lite (L1),BraTS2021_00022,31.057234,0.9818854331970215,0.0901956,0.9469188529591214,0.6190476190476191,0.6190476190476191
Uformer-lite (L1),BraTS2021_00072,35.675934,0.9831210374832153,0.066132985,0.7683453237410072,0.0,0.0
Uformer-lite (L1),BraTS2021_00024,33.752647,0.9901808500289917,0.0631659,0.9425770308123249,nan,nan
Uformer-lite (L1),BraTS2021_00021,32.381958,0.9593529105186462,0.104012944,0.8346765410585929,nan,nan
Uformer-lite (L1),BraTS2021_00066,32.01449,0.9843701124191284,0.08020097,0.9805238415043653,0.8542713567839196,0.8542713567839196
Uformer-lite (L1),BraTS2021_00033,34.86292,0.9861689209938049,0.06347051,0.7161904761904762,nan,nan
Uformer-lite (L1),BraTS2021_00018,32.24943,0.9895254969596863,0.067099355,0.9869599371563237,0.9576600531806095,0.8852040816326531
Uformer-lite (L1),BraTS2021_00036,33.16624,0.9759662747383118,0.0978289,0.0,nan,nan
Uformer-lite (L1),BraTS2021_00002,33.980953,0.9912940263748169,0.0608815,0.9835175489625751,0.913312693498452,0.8812392426850258
Uformer-lite (L1),BraTS2021_00032,32.79743,0.9818901419639587,0.08856573,0.870026525198939,nan,nan
Uformer-lite (L1),BraTS2021_00070,33.784424,0.9918208122253418,0.054213043,0.9940206559159268,0.9884526558891455,0.951545916012921
Uformer-lite (L1),BraTS2021_00059,32.93158,0.9793999791145325,0.06552575,0.9627906976744186,nan,nan
Uformer-lite (L1),BraTS2021_00062,33.3983,0.9939164519309998,0.05761412,0.9820176775373362,nan,nan
Uformer-lite (L1),BraTS2021_00061,31.958736,0.981853187084198,0.09010484,0.8020989505247377,0.8142011834319527,0.5308310991957105
Uformer-lite (L1),BraTS2021_00043,32.800674,0.9909886717796326,0.06718184,0.9543429844097996,0.0,0.0
Uformer-lite (L1),BraTS2021_00036,33.23387,0.9840603470802307,0.092192814,0.8942928039702234,0.9361022364217252,0.8459016393442623
Uformer-lite (L1),BraTS2021_00046,33.81961,0.9854358434677124,0.06838827,0.9692404268675455,nan,nan
Uformer-lite (L1),BraTS2021_00035,32.7556,0.9794992804527283,0.075116225,0.959079283887468,0.9392070484581497,0.8328912466843501
Uformer-lite (L1),BraTS2021_00062,32.152462,0.9887644052505493,0.079297535,0.9688888888888889,nan,nan
Uformer-lite (L1),BraTS2021_00012,31.98315,0.9906917810440063,0.066701666,0.975860527492177,0.5172878311629996,0.0
Uformer-lite (L1),BraTS2021_00002,32.713654,0.9876153469085693,0.070473135,0.9396754957703508,0.9250585480093677,0.7593423019431988
Uformer-lite (L1),BraTS2021_00053,32.407993,0.9831128716468811,0.11555202,0.977859778597786,nan,nan
Uformer-lite (L1),BraTS2021_00045,33.446213,0.9825876355171204,0.08408632,0.9763888888888889,0.758893280632411,0.7389558232931727
Uformer-lite (L1),BraTS2021_00021,33.30525,0.9732572436332703,0.08898666,0.8002619515389653,0.32867132867132864,0.3466666666666667
Uformer-lite (L1),BraTS2021_00003,31.626852,0.9867793321609497,0.12600134,0.9627085377821394,nan,nan
Uformer-lite (L1),BraTS2021_00021,34.057354,0.9817420244216919,0.078000315,0.8214285714285714,0.42424242424242425,0.42424242424242425
Uformer-lite (L1),BraTS2021_00011,33.389194,0.986706018447876,0.05949209,0.9873987398739874,0.9264305177111717,0.9264305177111717
Uformer-lite (L1),BraTS2021_00063,31.04994,0.986075222492218,0.10388434,0.9630379746835444,0.9493087557603687,0.916076845298281
Uformer-lite (L1),BraTS2021_00009,30.946014,0.9841560125350952,0.08396072,nan,nan,nan
Uformer-lite (L1),BraTS2021_00021,33.14522,0.9566706418991089,0.0974161,0.868890977443609,nan,nan
Uformer-lite (L1),BraTS2021_00022,30.15599,0.9832962155342102,0.10640346,0.9193857965451055,nan,nan
Uformer-lite (L1),BraTS2021_00028,31.783495,0.9789509177207947,0.09147975,0.7477064220183486,0.0,0.0
Uformer-lite (L1),BraTS2021_00071,31.811264,0.9774114489555359,0.096922174,0.9546568627450981,0.7600767754318618,0.7456310679611651
Uformer-lite (L1),BraTS2021_00003,33.61513,0.9870415329933167,0.07252643,0.9719737626714371,0.9750859106529209,0.9170673076923077
Uformer-lite (L1),BraTS2021_00053,35.7432,0.9909496307373047,0.076800235,0.9242247610165539,0.9642133693450371,0.8463302752293578
Uformer-lite (L1),BraTS2021_00062,32.65568,0.9927048683166504,0.062439647,0.9549140447615958,nan,nan
Uformer-lite (L1),BraTS2021_00056,32.91931,0.9878535270690918,0.06926326,0.9577388963660834,0.839572192513369,0.839572192513369
Uformer-lite (L1),BraTS2021_00020,31.99036,0.9731380343437195,0.09968029,0.9303733602421796,0.9530201342281879,0.8552188552188552
Uformer-lite (L1),BraTS2021_00054,31.875124,0.9518461227416992,0.09543057,0.938376263449625,0.9418562657999278,0.7946026986506747
Uformer-lite (L1),BraTS2021_00064,32.026962,0.9759289026260376,0.10774745,0.9066666666666666,nan,nan
Uformer-lite (L1),BraTS2021_00058,30.37197,0.975933313369751,0.11493578,0.936006168080185,0.9333333333333333,0.8637873754152824
Uformer-lite (L1),BraTS2021_00060,32.23489,0.9814904928207397,0.11331556,0.9455919395465995,0.9586725109580463,0.8120212139068945
Uformer-lite (L1),BraTS2021_00026,32.61196,0.9746262431144714,0.08856753,0.929377350605934,0.9332013854527461,0.9140225179119754
Uformer-lite (L1),BraTS2021_00022,31.332516,0.9775314927101135,0.084170595,0.9658233466489126,0.8441330998248686,0.8441330998248686
Uformer-lite (L1),BraTS2021_00059,32.217995,0.9827686548233032,0.068260066,0.8616253529965485,0.8927335640138409,0.8927335640138409
Uformer-lite (L1),BraTS2021_00016,30.85923,0.989990234375,0.07125985,0.9016018306636155,0.7431059506531205,0.7392550143266475
Uformer-lite (L1),BraTS2021_00011,33.95085,0.9903651475906372,0.05635939,0.9779577147998201,0.9691358024691358,0.9691358024691358
Uformer-lite (L1),BraTS2021_00070,32.893093,0.9895482659339905,0.06609354,0.9872583479789103,0.9224745497259201,0.8845014807502468
Uformer-lite (L1),BraTS2021_00053,33.93806,0.982286274433136,0.100863,0.9149186896064105,0.9420695165801038,0.8568409931325938
Uformer-lite (L1),BraTS2021_00003,31.89164,0.9866095781326294,0.13369557,0.9415730337078652,nan,nan
Uformer-lite (L1),BraTS2021_00033,33.163498,0.9924577474594116,0.06481857,0.982341161478245,0.8809073724007561,0.8809073724007561
Uformer-lite (L1),BraTS2021_00045,33.309536,0.9812690019607544,0.08398637,0.9384359400998337,nan,nan
Uformer-lite (L1),BraTS2021_00044,33.274956,0.9860178232192993,0.06901468,0.9530201342281879,nan,nan
Uformer-lite (L1),BraTS2021_00006,33.23711,0.9918396472930908,0.06441587,0.9686248331108144,0.9703153988868275,0.9116117850953206
Uformer-lite (L1),BraTS2021_00060,33.91574,0.9849417805671692,0.13176003,0.8936627282491945,0.5871271585557299,0.6515679442508711
Uformer-lite (L1),BraTS2021_00017,31.153015,0.9707186818122864,0.10256022,0.9864300626304802,nan,nan
Uformer-lite (L1),BraTS2021_00009,30.395332,0.9845855236053467,0.087651856,0.9500609013398295,0.782608695652174,0.782608695652174
Uformer-lite (L1),BraTS2021_00070,33.959114,0.9919977188110352,0.0539018,0.9945181255526083,0.9834815756035579,0.936451448906965
Uformer-lite (L1),BraTS2021_00036,33.361618,0.9758085608482361,0.1245744,0.0,0.0,0.0
Uformer-lite (L1),BraTS2021_00014,31.037844,0.983086109161377,0.081342086,0.8902900378310215,0.0,0.0
Uformer-lite (L1),BraTS2021_00011,32.94257,0.986351490020752,0.0665893,0.9751809720785936,nan,nan
Uformer-lite (L1),BraTS2021_00056,32.433895,0.9820844531059265,0.076172546,0.948180284405881,0.9712984054669704,0.9632690541781451
Uformer-lite (L1),BraTS2021_00022,30.675095,0.9812783002853394,0.092212215,0.9296718017414601,nan,nan
Uformer-lite (L1),BraTS2021_00061,32.580215,0.9816645383834839,0.11319969,0.0,0.0,0.0
Uformer-lite (L1),BraTS2021_00033,33.911037,0.9924214482307434,0.06123254,0.9651086240947993,0.0,0.0
Uformer-lite (L1),BraTS2021_00048,33.880974,0.9858567714691162,0.078165464,0.9424083769633508,nan,nan
Uformer-lite (L1),BraTS2021_00014,31.439724,0.9870361089706421,0.11690861,0.780608052588332,0.8235294117647058,0.8235294117647058
Uformer-lite (L1),BraTS2021_00036,33.223892,0.9814746379852295,0.09684695,0.9403202328966521,0.9526281635301752,0.8779840848806366
Uformer-lite (L1),BraTS2021_00060,33.69828,0.9919734001159668,0.06835797,0.9637540453074434,0.9748700173310225,0.9236159775753329
Uformer-lite (L1),BraTS2021_00030,32.743534,0.9875205159187317,0.111062065,0.9243840271877655,nan,nan
Uformer-lite (L1),BraTS2021_00031,32.394215,0.983066976070404,0.08186288,0.8903846153846153,nan,nan
Uformer-lite (L1),BraTS2021_00036,33.719402,0.9780303835868835,0.09288009,0.8228782287822878,nan,nan
Uformer-lite (L1),BraTS2021_00002,32.36944,0.9834744334220886,0.1102294,0.853035143769968,nan,nan
Uformer-lite (L1),BraTS2021_00061,31.620289,0.9802280068397522,0.09438188,0.8082975679542204,0.656072644721907,0.4742729306487696
Uformer-lite (L1),BraTS2021_00054,31.661026,0.9598922729492188,0.104565635,0.7501810282404056,0.8797083839611178,0.7832585949177877
Uformer-lite (L1),BraTS2021_00028,33.150894,0.9859929084777832,0.07605702,0.9270664505672609,0.038338658146964855,0.038338658146964855
Uformer-lite (L1),BraTS2021_00031,33.507553,0.9900052547454834,0.06474457,0.9059553920441481,0.8721804511278195,0.8693467336683417
Uformer-lite (L1),BraTS2021_00064,32.86161,0.9854999780654907,0.08084057,0.9576427255985267,0.917184265010352,0.7251217814892137
Uformer-lite (L1),BraTS2021_00068,33.543285,0.9862908720970154,0.06256574,0.898320895522388,nan,nan
Uformer-lite (L1),BraTS2021_00036,32.91325,0.9796555638313293,0.10031135,0.9422700587084148,0.7763532763532763,0.8648648648648649
Uformer-lite (L1),BraTS2021_00064,33.121616,0.9884922504425049,0.07663263,0.9222741005218347,0.8671507902605724,0.6866725507502206
Uformer-lite (L1),BraTS2021_00052,32.588688,0.9894131422042847,0.06583038,0.9732947780234734,0.9759498082955733,0.9172056921086675
Uformer-lite (L1),BraTS2021_00056,32.605118,0.9868548512458801,0.07124802,0.9657085224407463,0.9150326797385621,0.9150326797385621
Uformer-lite (L1),BraTS2021_00021,32.993713,0.9701141119003296,0.09164993,0.807875516036837,0.40619621342512907,0.38661710037174724
Uformer-lite (L1),BraTS2021_00021,31.926117,0.9588918089866638,0.11295053,0.7960736196319018,nan,nan
Uformer-lite (L1),BraTS2021_00030,33.333298,0.9840818643569946,0.085290566,0.9541284403669725,0.0,0.0
Uformer-lite (L1),BraTS2021_00018,32.1197,0.9876658320426941,0.076380014,0.9483080755657048,0.835820895522388,0.7293413173652694
Uformer-lite (L1),BraTS2021_00070,33.721798,0.9907956719398499,0.05556668,0.984869976359338,0.9522776572668112,0.9522776572668112
Uformer-lite (L1),BraTS2021_00018,32.419,0.9895563125610352,0.09263865,0.7555555555555555,nan,nan
Uformer-lite (L1),BraTS2021_00033,32.21385,0.9878480434417725,0.09444674,0.9504504504504504,nan,nan
Uformer-lite (L1),BraTS2021_00002,32.069145,0.9821431636810303,0.12451637,0.8221649484536082,nan,nan
Uformer-lite (L1),BraTS2021_00000,31.688057,0.982426643371582,0.07866278,0.9798783341132429,0.9748358862144421,0.9422452952628163
Uformer-lite (L1),BraTS2021_00031,33.85508,0.990845263004303,0.063111074,0.9250293772032903,0.6433566433566433,0.7225548902195609
Uformer-lite (L1),BraTS2021_00035,32.61332,0.9753662943840027,0.078419246,0.43243243243243246,nan,nan
Uformer-lite (L1),BraTS2021_00032,33.886078,0.9810630679130554,0.07846386,0.9105225483178239,nan,nan
Uformer-lite (L1),BraTS2021_00049,31.754635,0.9918889403343201,0.06040622,0.9105180533751962,nan,nan
Uformer-lite (L1),BraTS2021_00022,31.447407,0.9794660806655884,0.08186198,0.9549961861174676,0.8837015423092955,0.8652694610778443
Uformer-lite (L1),BraTS2021_00021,32.982746,0.9714853763580322,0.08944269,0.7801275595837529,0.3237410071942446,0.3476482617586912
Uformer-lite (L1),BraTS2021_00060,32.424282,0.9872269034385681,0.08157678,0.9699038163201986,0.9730742214937954,0.8993576017130621
Uformer-lite (L1),BraTS2021_00024,34.157646,0.990749180316925,0.060624614,0.9382022471910112,nan,nan
Uformer-lite (L1),BraTS2021_00060,34.572678,0.9749528765678406,0.08179378,0.0,nan,nan
Uformer-lite (L1),BraTS2021_00020,31.115208,0.9556253552436829,0.1136226,0.18867924528301888,0.0,0.0
Uformer-lite (L1),BraTS2021_00056,31.202236,0.9760444164276123,0.0927234,0.9792826910224994,0.9477791116446579,0.90625
Uformer-lite (L1),BraTS2021_00062,32.306164,0.988734245300293,0.07542597,0.9490500863557858,nan,nan
Uformer-lite (L1),BraTS2021_00045,33.087776,0.9865159392356873,0.10878737,0.8137432188065099,nan,nan
Uformer-lite (L1),BraTS2021_00052,34.871998,0.9933291077613831,0.051203936,0.9720878302940081,nan,nan
Uformer-lite (L1),BraTS2021_00032,33.55274,0.9840472340583801,0.08135486,0.8935395814376706,nan,nan
Uformer-lite (L1),BraTS2021_00046,33.398052,0.9858382344245911,0.07015725,0.9750778816199377,0.9446640316205533,0.9425742574257425
Uformer-lite (L1),BraTS2021_00068,32.64199,0.9893444180488586,0.10277411,0.7654320987654321,nan,nan
Uformer-lite (L1),BraTS2021_00000,30.414364,0.9737342596054077,0.09706465,0.94971578487101,0.9555143651529193,0.9186712485681557
Uformer-lite (L1),BraTS2021_00059,32.846504,0.9856354594230652,0.064592086,0.9184519695922598,0.8680351906158358,0.8680351906158358
Uformer-lite (L1),BraTS2021_00051,35.01042,0.9952366352081299,0.04404458,0.9721854304635762,nan,nan
Uformer-lite (L1),BraTS2021_00006,35.266422,0.9957536458969116,0.048573494,0.9740518962075848,0.9781576448243114,0.9269949066213922
Uformer-lite (L1),BraTS2021_00033,34.46666,0.9911249279975891,0.061910253,0.9305993690851735,0.0,0.0
Uformer-lite (L1),BraTS2021_00024,33.600765,0.9897835850715637,0.06272972,0.9515669515669516,0.0,0.0
Uformer-lite (L1),BraTS2021_00036,33.012955,0.9795747995376587,0.09817629,0.9466602594906295,0.94434250764526,0.8206599713055954
Uformer-lite (L1),BraTS2021_00070,32.03407,0.9875054359436035,0.119928844,0.8467966573816156,0.0,0.0
Uformer-lite (L1),BraTS2021_00064,34.182007,0.9911439418792725,0.0674488,0.9397054737427063,0.8802507836990595,0.7307692307692307
Uformer-lite (L1),BraTS2021_00066,31.772675,0.9852762222290039,0.078578316,0.97625,0.9704142011834319,0.9661538461538461
Uformer-lite (L1),BraTS2021_00006,35.569977,0.996116578578949,0.04668996,0.9575982667904673,0.9748743718592965,0.9382716049382716
Uformer-lite (L1),BraTS2021_00059,33.276592,0.9847914576530457,0.06364021,0.9717303510406958,0.0,0.0
Uformer-lite (L1),BraTS2021_00058,30.905191,0.9800927042961121,0.110500626,0.9525291828793774,0.9471153846153846,0.8903654485049833
Uformer-lite (L1),BraTS2021_00056,31.869862,0.9816527962684631,0.10963296,0.8540829986613119,0.8036454018227009,0.7756584922797457
Uformer-lite (L1),BraTS2021_00063,32.03946,0.9901840090751648,0.11368667,0.9319899244332494,0.9043683589138135,0.8991696322657177
Uformer-lite (L1),BraTS2021_00017,31.661488,0.9808938503265381,0.11059428,0.9427860696517413,nan,nan
Uformer-lite (L1),BraTS2021_00021,33.953033,0.9800034165382385,0.080573544,0.8113207547169812,0.4090909090909091,0.47058823529411764
Uformer-lite (L1),BraTS2021_00031,32.56472,0.9852203726768494,0.07572654,0.8827553668318,nan,nan
Uformer-lite (L1),BraTS2021_00016,32.56202,0.9950260519981384,0.05490363,0.8680851063829788,0.8104089219330854,0.7450980392156863
Uformer-lite (L1),BraTS2021_00052,32.43981,0.9882486462593079,0.06726725,0.9510370622237334,0.9519259480441923,0.8694725625998935
Uformer-lite (L1),BraTS2021_00022,31.216415,0.9698850512504578,0.09589142,0.914033798677443,0.9096525096525097,0.8358913813459268
Uformer-lite (L1),BraTS2021_00017,32.451366,0.9843514561653137,0.08068258,0.8951507208387942,nan,nan
Uformer-lite (L1),BraTS2021_00048,35.64437,0.9920938014984131,0.059177417,0.9663250366032211,nan,nan
Uformer-lite (L1),BraTS2021_00051,32.61847,0.9877127408981323,0.076418586,0.7942028985507247,0.0,0.0
Uformer-lite (L1),BraTS2021_00031,34.046307,0.990371823310852,0.06374097,0.957840731652911,0.8451053283767038,0.8292682926829268
Uformer-lite (L1),BraTS2021_00048,33.81416,0.9861312508583069,0.0775047,0.9636363636363636,nan,nan
Uformer-lite (L1),BraTS2021_00064,33.24453,0.9883857369422913,0.07541181,0.9262183501225156,0.860475968268782,0.6884576098059244
Uformer-lite (L1),BraTS2021_00017,32.952637,0.988366961479187,0.07274201,0.9427191166321601,nan,nan
Uformer-lite (L1),BraTS2021_00060,32.22276,0.9781933426856995,0.12399228,0.927461139896373,0.9516926588056295,0.8147357180993059
Uformer-lite (L1),BraTS2021_00051,35.066635,0.9953485131263733,0.04357369,0.9849223946784922,nan,nan
Uformer-lite (L1),BraTS2021_00002,32.08782,0.9719528555870056,0.09389192,0.8912506178942166,0.0,0.0
Uformer-lite (L1),BraTS2021_00066,31.380974,0.9776906967163086,0.09072106,0.9376947040498442,nan,nan
Uformer-lite (L1),BraTS2021_00002,32.40887,0.9840611815452576,0.12551433,0.8602941176470589,nan,nan
Uformer-lite (L1),BraTS2021_00009,30.212719,0.9841779470443726,0.0913939,0.9218241042345277,0.0,0.0
Uformer-lite (L1),BraTS2021_00045,32.47566,0.9766522645950317,0.093142495,0.9693325315694528,0.9819341126461212,0.9048361934477379
Uformer-lite (L1),BraTS2021_00053,31.229925,0.9769152402877808,0.14591563,0.9488126649076517,nan,nan
Uformer-lite (L1),BraTS2021_00026,34.65441,0.987549901008606,0.06695812,0.0,nan,nan
Uformer-lite (L1),BraTS2021_00060,34.78937,0.9781107902526855,0.078527756,0.9117174959871589,nan,nan
Uformer-lite (L1),BraTS2021_00060,32.371414,0.98709636926651,0.08302892,0.9748138761286235,0.9769155206286837,0.8997101449275362
Uformer-lite (L1),BraTS2021_00011,33.477825,0.9834427833557129,0.06301836,0.9840963855421687,0.9302325581395349,0.9302325581395349
Uformer-lite (L1),BraTS2021_00025,34.05175,0.9933363199234009,0.052024633,0.7786885245901639,nan,nan
Uformer-lite (L1),BraTS2021_00024,32.31754,0.9855525493621826,0.07961062,0.9491094147582697,nan,nan
Uformer-lite (L1),BraTS2021_00052,33.646366,0.9899298548698425,0.104531325,0.7542087542087542,0.7296137339055794,0.7296137339055794
Uformer-lite (L1),BraTS2021_00060,31.729038,0.9820919036865234,0.0971765,0.9769480519480519,0.9811711152493275,0.9151079136690647
Uformer-lite (L1),BraTS2021_00043,32.764904,0.991716742515564,0.098813884,0.9607451763140386,nan,nan
Uformer-lite (L1),BraTS2021_00046,32.11095,0.987484872341156,0.10168815,0.9556400506970849,0.8669527896995708,0.8669527896995708
Uformer-lite (L1),BraTS2021_00051,34.314697,0.9934369921684265,0.04966956,0.962240135765804,nan,nan
Uformer-lite (L1),BraTS2021_00026,32.13431,0.9674816727638245,0.09591524,0.9238820171265462,0.9469613259668508,0.9310943833236827
Uformer-lite (L1),BraTS2021_00009,31.2241,0.9856171607971191,0.07999543,0.0,nan,nan
Uformer-lite (L1),BraTS2021_00045,33.155502,0.9858752489089966,0.10789394,0.8885754583921015,nan,nan
Uformer-lite (L1),BraTS2021_00072,33.964207,0.9756348133087158,0.08005061,0.9227333631085306,0.9601046435578809,0.8689275893675527
Uformer-lite (L1),BraTS2021_00060,32.515945,0.9809216856956482,0.12229187,0.8951707891637221,0.9055258467023173,0.8266666666666667
Uformer-lite (L1),BraTS2021_00022,32.515835,0.9833790063858032,0.070214964,0.9858712715855573,0.960166468489893,0.9352818371607515
Uformer-lite (L1),BraTS2021_00026,32.47917,0.979636013507843,0.106491454,0.7047146401985112,0.712,0.712
Uformer-lite (L1),BraTS2021_00049,29.804716,0.9884728193283081,0.07547717,0.9670107265735681,0.9390070921985816,0.8658178256611165
Uformer-lite (L1),BraTS2021_00024,33.398365,0.9908427000045776,0.064983204,0.9726066083027394,nan,nan
Uformer-lite (L1),BraTS2021_00002,32.582775,0.9850534200668335,0.074333444,0.9536441234405778,0.5843957164711882,0.4948939512961508
Uformer-lite (L1),BraTS2021_00072,33.937374,0.9825829863548279,0.076345615,0.9660811629315567,0.9523460410557185,0.8135211267605634
Uformer-lite (L1),BraTS2021_00066,32.340008,0.9803226590156555,0.07923754,0.9363354037267081,nan,nan
Uformer-lite (L1),BraTS2021_00020,33.35896,0.986077070236206,0.076746866,0.9584569732937686,0.925764192139738,0.9162995594713657
Uformer-lite (L1),BraTS2021_00051,32.655426,0.9872022867202759,0.075205505,0.9082872928176795,0.0,0.0
Uformer-lite (L1),BraTS2021_00008,31.331848,0.9794847965240479,0.085921936,0.9753483386923901,0.3333333333333333,0.3333333333333333
Uformer-lite (L1),BraTS2021_00046,32.175327,0.987750232219696,0.11203618,0.9490196078431372,0.8484848484848485,0.8484848484848485
Uformer-lite (L1),BraTS2021_00043,32.30626,0.9917279481887817,0.09331613,0.949528563505269,0.0,0.0
Uformer-lite (L1),BraTS2021_00060,34.29215,0.983776867389679,0.07738732,0.9697900665642601,nan,nan
Uformer-lite (L1),BraTS2021_00018,32.224525,0.9893009662628174,0.09159148,0.8014545454545454,0.6904761904761905,0.6904761904761905
Uformer-lite (L1),BraTS2021_00048,34.113,0.9838329553604126,0.080543056,0.9042407660738714,nan,nan
Uformer-lite (L1),BraTS2021_00003,32.002167,0.9847164154052734,0.090966366,0.9557796741660202,0.9515418502202643,0.9515418502202643
Uformer-lite (L1),BraTS2021_00024,32.307873,0.9861130714416504,0.08191946,0.9606986899563319,nan,nan
Uformer-lite (L1),BraTS2021_00028,31.257328,0.9732469320297241,0.102180384,0.6715151515151515,0.7328918322295805,0.7328918322295805
Uformer-lite (L1),BraTS2021_00014,30.511204,0.9804523587226868,0.10359275,0.9253871421867668,0.10752688172043011,0.10752688172043011
Uformer-lite (L1),BraTS2021_00063,32.7089,0.9851549863815308,0.077062115,0.8540031397174255,0.7941176470588235,0.7941176470588235
Uformer-lite (L1),BraTS2021_00060,32.66995,0.9884467720985413,0.07966508,0.9786711677152063,0.9703284258210646,0.8847780126849895
Uformer-lite (L1),BraTS2021_00046,32.63482,0.9837186932563782,0.0797048,0.9679645145391819,0.9501133786848073,0.9205020920502092
Uformer-lite (L1),BraTS2021_00072,33.60475,0.9654073119163513,0.09089128,0.0,nan,nan
Uformer-lite (L1),BraTS2021_00053,34.873646,0.9851894378662109,0.09251528,0.9407191448007775,0.8950695322376738,0.7805417357656164
Uformer-lite (L1),BraTS2021_00070,33.571495,0.9881203174591064,0.06210503,0.9722070844686649,nan,nan
Uformer-lite (L1),BraTS2021_00019,33.676865,0.9848097562789917,0.09753984,0.4560862865947612,nan,nan
Uformer-lite (L1),BraTS2021_00022,32.37577,0.9724677205085754,0.07666823,0.9442186922792759,0.9458333333333333,0.9451007644197359
Uformer-lite (L1),BraTS2021_00024,33.488792,0.9903196692466736,0.06538357,0.9709352517985611,nan,nan
Uformer-lite (L1),BraTS2021_00012,32.122993,0.9901983141899109,0.07016412,0.9116997792494481,0.0,nan
Uformer-lite (L1),BraTS2021_00011,32.319992,0.9779969453811646,0.07527887,0.9140767824497258,nan,nan
Uformer-lite (L1),BraTS2021_00043,32.73661,0.9919718503952026,0.06456848,0.9706877113866967,0.8449328449328449,0.042105263157894736
Uformer-lite (L1),BraTS2021_00017,32.325634,0.9754335284233093,0.088662684,0.9463414634146341,0.0,0.0
Uformer-lite (L1),BraTS2021_00056,31.042213,0.9751961827278137,0.09519152,0.9863796133567663,0.9486166007905138,0.9131075110456554
Uformer-lite (L1),BraTS2021_00059,33.052757,0.9848288297653198,0.06460848,0.95260663507109,0.8395061728395061,0.8395061728395061
Uformer-lite (L1),BraTS2021_00020,31.693678,0.9799687266349792,0.091136895,0.881316098707403,0.9007782101167315,0.7681818181818182
Uformer-lite (L1),BraTS2021_00044,31.669098,0.9831831455230713,0.08068686,0.9580573951434879,0.9698046181172292,0.9006622516556292
Uformer-lite (L1),BraTS2021_00070,34.095493,0.9930002093315125,0.05234672,0.9947478991596639,0.9813703820650458,0.9397975492807672
Uformer-lite (L1),BraTS2021_00068,31.257805,0.9821237921714783,0.08771542,0.9387934830471159,0.9343339587242027,0.9343339587242027
Uformer-lite (L1),BraTS2021_00006,36.066723,0.9959046244621277,0.045872092,0.9577965348733896,0.9109947643979057,0.9109947643979057
Uformer-lite (L1),BraTS2021_00012,32.548023,0.9936740398406982,0.056280125,0.9621596677434241,0.685214626391097,0.0
Uformer-lite (L1),BraTS2021_00045,33.330986,0.9799639582633972,0.08642614,0.9821546596166556,0.9300567107750473,0.8270042194092827
Uformer-lite (L1),BraTS2021_00000,30.58625,0.9722269773483276,0.09732924,0.9704347826086956,0.9741261915569678,0.9299587992937022
Uformer-lite (L1),BraTS2021_00053,35.32425,0.9900517463684082,0.08174341,0.959731543624161,0.9544715447154472,0.8752941176470588
Uformer-lite (L1),BraTS2021_00021,34.318825,0.9816430807113647,0.07832189,0.8250539956803455,nan,nan
Uformer-lite (L1),BraTS2021_00012,32.180912,0.9921878576278687,0.0639645,0.9834966477565755,0.10176991150442478,0.0
Uformer-lite (L1),BraTS2021_00017,32.069077,0.979762613773346,0.08366174,0.9658536585365853,nan,nan
Uformer-lite (L1),BraTS2021_00036,33.577408,0.9771215319633484,0.09501291,0.6460176991150443,nan,nan
Uformer-lite (L1),BraTS2021_00062,32.46928,0.9899517297744751,0.09663549,0.9636363636363636,0.0,0.0
Uformer-lite (L1),BraTS2021_00052,33.398785,0.9885974526405334,0.108619004,0.7831858407079646,0.7883211678832117,0.7883211678832117
Uformer-lite (L1),BraTS2021_00032,34.107616,0.9814139604568481,0.07756093,0.8778054862842892,nan,nan
Uformer-lite (L1),BraTS2021_00032,36.195908,0.9918493032455444,0.055704523,0.9765348762455802,0.928,0.9105691056910569
Uformer-lite (L1),BraTS2021_00003,31.973732,0.9869086742401123,0.105676405,0.9465864874425186,nan,nan
Uformer-lite (L1),BraTS2021_00051,34.50345,0.9950029850006104,0.04552165,0.9679934345506771,0.8247422680412371,0.8235294117647058
Uformer-lite (L1),BraTS2021_00054,32.268196,0.9662278890609741,0.08515569,0.9500831946755408,0.8855211004896246,0.7159353348729792
Uformer-lite (L1),BraTS2021_00064,32.887848,0.9869970679283142,0.079285905,0.9552699228791773,0.9183440941891379,0.738909090909091
Uformer-lite (L1),BraTS2021_00064,32.05327,0.9750770926475525,0.105492994,0.8751793400286944,0.0,0.0
Uformer-lite (L1),BraTS2021_00043,31.328676,0.9895336031913757,0.09393429,0.9395817195972115,0.0,0.0
Uformer-lite (L1),BraTS2021_00000,31.30255,0.9818444848060608,0.0847662,0.962146269753767,0.9861276258422513,0.9564193168433451
Uformer-lite (L1),BraTS2021_00030,33.66574,0.9827417135238647,0.079301536,0.9628180039138943,nan,nan
Uformer-lite (L1),BraTS2021_00016,31.836887,0.9939551949501038,0.058922175,0.9085714285714286,0.8465430016863407,0.7368421052631579
Uformer-lite (L1),BraTS2021_00052,35.151833,0.9907428622245789,0.054586124,0.9478487614080835,nan,nan
Uformer-lite (L1),BraTS2021_00043,31.55811,0.9898505806922913,0.09588711,0.9193196685564762,0.0,0.0
Uformer-lite (L1),BraTS2021_00060,34.177166,0.985232949256897,0.13242035,0.8119402985074626,0.6340057636887608,0.6376811594202898
Uformer-lite (L1),BraTS2021_00024,33.028805,0.9896466135978699,0.078585654,0.9655458696554587,0.26666666666666666,0.26666666666666666
Uformer-lite (L1),BraTS2021_00064,35.188667,0.9888626337051392,0.06547395,0.893740902474527,0.8585209003215434,0.8504672897196262
Uformer-lite (L1),BraTS2021_00058,31.593418,0.958375871181488,0.097259566,0.8674698795180723,0.8913043478260869,0.8913043478260869
Uformer-lite (L1),BraTS2021_00008,32.16004,0.9726637601852417,0.08418126,0.9493670886075949,nan,nan
Uformer-lite (L1),BraTS2021_00052,32.34217,0.9869111776351929,0.1086232,0.8180039138943248,0.9051094890510949,0.8869346733668342
Uformer-lite (L1),BraTS2021_00002,32.905586,0.9886510968208313,0.06779228,0.9288125191776618,0.8088304368248004,0.8123980424143556
Uformer-lite (L1),BraTS2021_00033,31.719572,0.9886396527290344,0.08718739,0.9768181818181818,nan,nan
Uformer-lite (L1),BraTS2021_00016,30.809685,0.9878434538841248,0.07931502,0.9147005444646098,0.8076923076923077,0.8076923076923077
Uformer-lite (L1),BraTS2021_00018,32.310658,0.9871218204498291,0.07361828,0.8956069910250354,0.030927835051546393,0.030927835051546393
Uformer-lite (L1),BraTS2021_00011,33.92979,0.9912553429603577,0.054496214,0.9822429906542056,0.9368770764119602,0.9368770764119602
Uformer-lite (L1),BraTS2021_00012,32.25837,0.9914314150810242,0.06698235,0.9312320916905444,0.0,nan
Uformer-lite (L1),BraTS2021_00008,31.887999,0.9726758003234863,0.0848428,0.9415121255349501,nan,nan
Uformer-lite (L1),BraTS2021_00070,32.52233,0.9878201484680176,0.07630517,0.9823340471092077,0.926391382405745,0.926391382405745
Uformer-lite (L1),BraTS2021_00020,31.918657,0.9786227345466614,0.093768075,0.9405320813771518,0.97224709042077,0.888030888030888
Uformer-lite (L1),BraTS2021_00070,31.678278,0.9880414605140686,0.10111657,0.95,nan,nan
Uformer-lite (L1),BraTS2021_00005,34.080727,0.992331326007843,0.062136002,0.9865206402695872,0.9602194787379973,0.8207705192629816
Uformer-lite (L1),BraTS2021_00017,32.0029,0.9750254154205322,0.09034805,0.9765747006767309,nan,nan
Uformer-lite (L1),BraTS2021_00072,33.390266,0.9644453525543213,0.08888894,0.821969696969697,0.8961038961038961,0.8283185840707965
Uformer-lite (L1),BraTS2021_00045,32.11017,0.9780375361442566,0.09613261,0.9822335025380711,0.9753483386923901,0.9094017094017094
Uformer-lite (L1),BraTS2021_00025,34.254017,0.9931391477584839,0.050687395,0.8067226890756303,nan,nan
Uformer-lite (L1),BraTS2021_00070,32.676785,0.9886983633041382,0.07214464,0.983911513323278,0.895741556534508,0.895741556534508
Uformer-lite (L1),BraTS2021_00002,32.796383,0.9874093532562256,0.071053594,0.9430742567657646,0.8893459481694775,0.7993553585817889
Uformer-lite (L1),BraTS2021_00032,33.495193,0.9757925271987915,0.083077155,0.6960352422907489,nan,nan
Uformer-lite (L1),BraTS2021_00012,32.57332,0.9917011857032776,0.06572008,0.9211356466876972,0.0,nan
Uformer-lite (L1),BraTS2021_00049,30.285427,0.9882838726043701,0.07117564,0.9818607372732592,0.9500624219725343,0.8983957219251337
Uformer-lite (L1),BraTS2021_00025,32.661667,0.9891627430915833,0.062520154,0.7716535433070866,nan,nan
Uformer-lite (L1),BraTS2021_00026,32.618645,0.9800299406051636,0.08321066,0.9659975419909873,0.9580135440180587,0.9149261334691798
Uformer-lite (L1),BraTS2021_00033,33.442036,0.9928498268127441,0.062019598,0.9793129626115012,0.13114754098360656,0.13114754098360656
Uformer-lite (L1),BraTS2021_00020,31.09658,0.9591940641403198,0.11082663,0.9152542372881356,0.905829596412556,0.905829596412556
Uformer-lite (L1),BraTS2021_00044,33.41044,0.9875630140304565,0.06698767,0.9560439560439561,nan,nan
Uformer-lite (L1),BraTS2021_00012,32.749283,0.9936166405677795,0.05721925,0.9722348657259899,0.8050696179935737,0.0
Uformer-lite (L1),BraTS2021_00028,31.960121,0.9799466729164124,0.08941835,0.7019867549668874,0.0,0.0
Uformer-lite (L1),BraTS2021_00033,33.43061,0.9879974722862244,0.11653513,0.9308452250274424,nan,nan
Uformer-lite (L1),BraTS2021_00020,33.69558,0.9850448966026306,0.075015806,0.0,nan,nan
Uformer-lite (L1),BraTS2021_00021,32.069206,0.9605931639671326,0.11433592,0.7148721187243448,nan,nan
Uformer-lite (L1),BraTS2021_00071,32.999794,0.9841727018356323,0.08214878,0.9082969432314411,0.9508196721311475,0.8771084337349397
Uformer-lite (L1),BraTS2021_00005,33.419765,0.987655520439148,0.07220134,0.94464,0.9499527856468366,0.8861209964412812
Uformer-lite (L1),BraTS2021_00068,31.592474,0.9855555891990662,0.069209784,0.96913985554826,0.9637814610190301,0.9432878679109835
Uformer-lite (L1),BraTS2021_00000,31.738903,0.9837496876716614,0.07703452,0.9858823529411764,0.9763075547608404,0.9249061326658323
Uformer-lite (L1),BraTS2021_00066,32.784046,0.9818737506866455,0.0749355,0.9156367544331004,0.8087431693989071,0.8087431693989071
Uformer-lite (L1),BraTS2021_00059,32.07009,0.973547637462616,0.07424601,0.9214768590743629,nan,nan
Uformer-lite (L1),BraTS2021_00046,31.818617,0.985724925994873,0.09307476,0.9137055837563451,0.5512820512820513,0.5512820512820513
Uformer-lite (L1),BraTS2021_00030,34.43026,0.985593318939209,0.0678912,0.9590163934426229,0.9584450402144772,0.8836565096952909
Uformer-lite (L1),BraTS2021_00028,32.365303,0.979731559753418,0.08620372,0.9251396648044693,0.512987012987013,0.512987012987013
Uformer-lite (L1),BraTS2021_00044,33.209816,0.9869775772094727,0.069025055,0.9608355091383812,nan,nan
Uformer-lite (L1),BraTS2021_00059,31.112728,0.9726088047027588,0.08572929,0.9,nan,nan
Uformer-lite (L1),BraTS2021_00036,32.21931,0.9671286344528198,0.123292744,0.6583541147132169,0.5454545454545454,0.5454545454545454
Uformer-lite (L1),BraTS2021_00006,33.622353,0.9927543997764587,0.059713684,0.9733170134638923,0.9870967741935484,0.8895104895104895
Uformer-lite (L1),BraTS2021_00006,33.5685,0.9928193688392639,0.060010344,0.9792773645058448,0.9779264214046822,0.9161676646706587
Uformer-lite (L1),BraTS2021_00062,33.020966,0.9900627136230469,0.06935583,0.9498381877022654,nan,nan
Uformer-lite (L1),BraTS2021_00033,32.48057,0.988697350025177,0.07747993,0.9683148335015136,nan,nan
Uformer-lite (L1),BraTS2021_00048,33.094658,0.9772744178771973,0.089522,0.9214474845542807,nan,nan
Uformer-lite (L1),BraTS2021_00066,31.267933,0.9790707230567932,0.09816562,0.9736842105263158,nan,nan
Uformer-lite (L1),BraTS2021_00064,35.072273,0.9886299967765808,0.06524039,0.7818480043739748,0.8143459915611815,0.7645429362880887
Uformer-lite (L1),BraTS2021_00035,32.77716,0.9817280769348145,0.072425686,0.9657701711491442,0.9422750424448217,0.8415300546448088
Uformer-lite (L1),BraTS2021_00018,32.682003,0.9918788075447083,0.06358176,0.9735533903360509,0.7460674157303371,0.6644915715062534
Uformer-lite (L1),BraTS2021_00060,32.287758,0.9865620732307434,0.08460469,0.976145038167939,0.981420208704505,0.9141475211608222
Uformer-lite (L1),BraTS2021_00044,31.508205,0.9793021082878113,0.0874202,0.9180327868852459,0.9213483146067416,0.9213483146067416
Uformer-lite (L1),BraTS2021_00044,31.74161,0.980278730392456,0.084485546,0.9664739884393063,0.9763513513513513,0.8879492600422833
Uformer-lite (L1),BraTS2021_00017,32.54574,0.979844868183136,0.113495134,0.0,nan,nan
Uformer-lite (L1),BraTS2021_00049,31.83615,0.9912613034248352,0.059674542,0.9476978095663835,nan,nan
Uformer-lite (L1),BraTS2021_00021,32.784584,0.9627562165260315,0.09682836,0.8919202518363064,0.0,0.0
Uformer-lite (L1),BraTS2021_00035,32.904125,0.9815413355827332,0.07240353,0.9733681462140992,nan,nan
Uformer-lite (L1),BraTS2021_00008,30.948746,0.9750919342041016,0.091703564,0.9603624009060022,nan,nan
Uformer-lite (L1),BraTS2021_00053,34.889763,0.9869896769523621,0.08825352,0.9480136208853576,0.8914233576642335,0.7926442612555485
Uformer-lite (L1),BraTS2021_00036,31.972027,0.9666783809661865,0.12266724,0.9453237410071943,0.8097643097643098,0.7330873308733087
Uformer-lite (L1),BraTS2021_00030,34.61936,0.9822776317596436,0.06899349,0.9529320987654321,0.9690992767915845,0.9053857350800583
Uformer-lite (L1),BraTS2021_00062,33.13328,0.9901746511459351,0.06515118,0.9534383954154728,nan,nan
Uformer-lite (L1),BraTS2021_00062,32.214737,0.9909197092056274,0.06813017,0.9772256728778468,0.6842105263157895,0.6842105263157895
Uformer-lite (L1),BraTS2021_00005,34.150272,0.9920104146003723,0.06344063,0.9797874557199416,0.9682947729220223,0.8377896613190731
Uformer-lite (L1),BraTS2021_00019,33.417473,0.9871746301651001,0.076004006,0.9513667021654242,0.8866930171277997,0.853030303030303
Uformer-lite (L1),BraTS2021_00056,33.554104,0.9880944490432739,0.1138096,0.16666666666666666,0.0,0.0
Uformer-lite (L1),BraTS2021_00054,32.42228,0.9557297229766846,0.08637731,0.9812108559498957,0.9517755370451556,0.804272698711907
Uformer-lite (L1),BraTS2021_00031,31.8239,0.9850262403488159,0.09102471,0.6256239600665557,nan,nan
Uformer-lite (L1),BraTS2021_00025,31.211805,0.9818504452705383,0.07710043,0.5704225352112676,nan,nan
Uformer-lite (L1),BraTS2021_00012,33.590096,0.9925433397293091,0.09666053,0.9508771929824561,nan,nan
Uformer-lite (L1),BraTS2021_00031,33.65863,0.9897279143333435,0.06388456,0.9095634095634095,0.6981566820276498,0.7804878048780488
Uformer-lite (L1),BraTS2021_00000,32.94483,0.9897292256355286,0.06641762,0.7780548628428927,0.8369565217391305,0.8369565217391305
Uformer-lite (L1),BraTS2021_00002,32.68508,0.9828130006790161,0.082585126,0.9412559081701553,nan,nan
Uformer-lite (L1),BraTS2021_00045,33.203636,0.9824410080909729,0.082474306,0.9369024856596558,nan,nan
Uformer-lite (L1),BraTS2021_00068,31.995356,0.9803562760353088,0.07063788,0.9581916383276655,0.9656709763709318,0.9404968226458694
Uformer-lite (L1),BraTS2021_00022,30.858307,0.9695993661880493,0.10024076,0.8198019801980198,0.6666666666666666,0.6351351351351351
Uformer-lite (L1),BraTS2021_00011,31.819517,0.9798012375831604,0.08735788,0.8762446657183499,nan,nan
Uformer-lite (L1),BraTS2021_00070,31.850855,0.9870572686195374,0.1004785,0.9597560975609756,nan,nan
Uformer-lite (L1),BraTS2021_00043,32.855957,0.9919419884681702,0.063840404,0.9751434034416826,0.9100998890122086,0.3089430894308943
Uformer-lite (L1),BraTS2021_00019,34.51549,0.9902609586715698,0.06379402,0.8988973443081224,nan,nan
Uformer-lite (L1),BraTS2021_00009,32.23183,0.9902238845825195,0.06556332,0.9617224880382775,nan,nan
Uformer-lite (L1),BraTS2021_00032,34.352192,0.987604022026062,0.06890959,0.9885125184094257,0.8698630136986302,0.8752260397830018
Uformer-lite (L1),BraTS2021_00011,32.953896,0.9870360493659973,0.064386636,0.9754601226993865,nan,nan
Uformer-lite (L1),BraTS2021_00000,31.479424,0.982143223285675,0.07924343,0.9700765483646486,0.9804234918098282,0.9128145114101814
Uformer-lite (L1),BraTS2021_00053,33.441936,0.9868389964103699,0.09909805,0.9665600465251527,0.9398148148148148,0.9398148148148148
Uformer-lite (L1),BraTS2021_00018,32.431488,0.9883183836936951,0.06694932,0.9852469531751122,0.9449503311258278,0.817157712305026
Uformer-lite (L1),BraTS2021_00071,34.078644,0.9867296814918518,0.06823921,0.0380952380952381,nan,nan
Uformer-lite (L1),BraTS2021_00005,34.15281,0.9914563894271851,0.064617276,0.9643120846665025,0.9700787401574803,0.8720238095238095
Uformer-lite (L1),BraTS2021_00070,33.79623,0.9897487163543701,0.058129787,0.9572925060435133,nan,nan
Uformer-lite (L1),BraTS2021_00019,34.457096,0.9908577799797058,0.06315675,0.888716436442651,0.0,0.0
Uformer-lite (L1),BraTS2021_00053,34.02964,0.9771543741226196,0.11009409,0.9053030303030303,0.7827926657263752,0.7674418604651163
Uformer-lite (L1),BraTS2021_00006,32.588894,0.9868254661560059,0.07896054,0.9180327868852459,0.0,0.0
Uformer-lite (L1),BraTS2021_00048,33.813187,0.9856283068656921,0.07798775,0.6774628879892037,nan,nan
Uformer-lite (L1),BraTS2021_00002,31.042755,0.9747850894927979,0.111942306,0.7194183062446535,0.0,0.0
Uformer-lite (L1),BraTS2021_00006,35.49624,0.9961678385734558,0.0465175,0.9686473574201254,0.9716874292185731,0.9177820267686424
Uformer-lite (L1),BraTS2021_00051,33.667263,0.9924085736274719,0.05541932,0.959487296864271,0.9695259593679458,0.8869565217391304
Uformer-lite (L1),BraTS2021_00043,30.96287,0.9879555702209473,0.08937507,0.9622418879056047,0.7694656488549618,0.7592592592592593
Uformer-lite (L1),BraTS2021_00049,30.667677,0.9905834197998047,0.106980115,0.92125,nan,nan
Uformer-lite (L1),BraTS2021_00045,32.369473,0.97796231508255,0.09534458,0.9794608472400513,0.9695057833859095,0.8900900900900901
Uformer-lite (L1),BraTS2021_00071,34.95629,0.9898932576179504,0.063333765,0.8092783505154639,nan,nan
Uformer-lite (L1),BraTS2021_00031,31.807148,0.9839075803756714,0.09996742,0.8099547511312217,0.0,0.0
Uformer-lite (L1),BraTS2021_00024,33.027664,0.9899937510490417,0.07847668,0.9626294461954075,0.8477366255144033,0.8477366255144033
Uformer-lite (L1),BraTS2021_00059,31.549763,0.9721233248710632,0.0812488,0.8871951219512195,nan,nan
Uformer-lite (L1),BraTS2021_00071,33.87702,0.9859989881515503,0.07065459,0.0,nan,nan
Uformer-lite (L1),BraTS2021_00060,31.379969,0.9810981750488281,0.102060266,0.9753497668221186,0.975609756097561,0.8980988593155893
Uformer-lite (L1),BraTS2021_00054,31.467392,0.9598143100738525,0.099994674,0.8641114982578397,0.8942377826404084,0.8508845829823083
Uformer-lite (L1),BraTS2021_00033,33.371777,0.9893350005149841,0.1024927,0.8377997179125529,nan,nan
Uformer-lite (L1),BraTS2021_00021,33.275642,0.9591487646102905,0.094443396,0.8667824361200694,nan,nan
Uformer-lite (L1),BraTS2021_00021,32.224545,0.960769534111023,0.10709434,0.871718882303133,nan,nan
Uformer-lite (L1),BraTS2021_00044,33.31261,0.9895007610321045,0.06783713,0.9733096085409253,0.9754601226993865,0.9754601226993865
Uformer-lite (L1),BraTS2021_00032,33.83108,0.9778837561607361,0.08142557,0.8419452887537994,nan,nan
Uformer-lite (L1),BraTS2021_00030,34.335487,0.9841814637184143,0.07073312,0.9534192269573836,0.9634601043997018,0.9134883720930232
Uformer-lite (L1),BraTS2021_00052,31.835575,0.985396683216095,0.09254932,0.9412515964240102,0.8920741989881956,0.8615847542627884
Uformer-lite (L1),BraTS2021_00025,32.128334,0.9860263466835022,0.07019723,0.6,nan,nan
Uformer-lite (L1),BraTS2021_00009,31.314001,0.9871402382850647,0.07731875,0.0,nan,nan
Uformer-lite (L1),BraTS2021_00002,32.48323,0.9832360148429871,0.07641554,0.9651254953764862,0.8505311077389985,0.7307692307692307
Uformer-lite (L1),BraTS2021_00032,33.626945,0.9773190021514893,0.083249755,0.8818565400843882,nan,nan
Uformer-lite (L1),BraTS2021_00052,31.914059,0.9853916764259338,0.09248049,0.9145985401459854,0.910958904109589,0.889487870619946
Uformer-lite (L1),BraTS2021_00052,34.69994,0.9930242300033569,0.052843492,0.95434260212839,nan,nan
Uformer-lite (L1),BraTS2021_00054,32.062958,0.966475248336792,0.09042731,0.9647337278106509,0.8719463087248323,0.7698675496688742
Uformer-lite (L1),BraTS2021_00016,32.506348,0.9939265251159668,0.057174563,0.9017580144777663,0.7597765363128491,0.7597765363128491
Uformer-lite (L1),BraTS2021_00064,32.951645,0.9867321848869324,0.079810284,0.9631427940851909,0.9569074778200254,0.8236040609137056
Uformer-lite (L1),BraTS2021_00031,33.8086,0.9906162619590759,0.06300085,0.9215319943951424,0.75,0.7276341948310139
Uformer-lite (L1),BraTS2021_00063,32.013798,0.9855139851570129,0.15331249,0.9576547231270358,0.796812749003984,0.7895791583166333
Uformer-lite (L1),BraTS2021_00003,34.533142,0.9887566566467285,0.06650249,0.9518740297183411,0.902072909220872,0.752
Uformer-lite (L1),BraTS2021_00030,33.650356,0.9749513268470764,0.082155675,0.9595782073813708,0.9034090909090909,0.886002886002886
Uformer-lite (L1),BraTS2021_00000,32.68651,0.9888715744018555,0.06752442,0.880838894184938,0.9549295774647887,0.9549295774647887
Uformer-lite (L1),BraTS2021_00056,31.68288,0.98121178150177,0.10090287,0.950626959247649,0.9778980604420388,0.942925659472422
Uformer-lite (L1),BraTS2021_00022,31.010681,0.9729545712471008,0.0899381,0.9485120453471895,0.9597673291323315,0.8892405063291139
Uformer-lite (L1),BraTS2021_00032,35.655243,0.9907940626144409,0.059232835,0.9689996804090764,0.9533834586466166,0.8973384030418251
Uformer-lite (L1),BraTS2021_00022,31.108768,0.9748559594154358,0.08854847,0.9042457091237579,0.8825214899713467,0.8060200668896321
Uformer-lite (L1),BraTS2021_00043,31.316254,0.989188015460968,0.08962072,0.970945945945946,0.44493392070484583,0.44493392070484583
Uformer-lite (L1),BraTS2021_00071,32.017284,0.979058027267456,0.09678628,0.8394222599830077,0.0,0.0
Uformer-lite (L1),BraTS2021_00059,32.66568,0.9832424521446228,0.066929154,0.882702301410542,0.8803611738148984,0.8803611738148984
Uformer-lite (L1),BraTS2021_00019,35.624928,0.987785816192627,0.06316842,0.8067581837381204,nan,nan
Uformer-lite (L1),BraTS2021_00071,34.89043,0.9914013743400574,0.06352567,0.9344978165938864,nan,nan
Uformer-lite (L1),BraTS2021_00062,32.91051,0.9912335872650146,0.06501,0.9795053003533569,nan,nan
Uformer-lite (L1),BraTS2021_00033,33.069782,0.9888623952865601,0.10367715,0.8765512736773351,nan,nan
Uformer-lite (L1),BraTS2021_00000,32.075974,0.9855629801750183,0.074428834,0.9553349875930521,0.9376601195559351,0.8959365708622399
Uformer-lite (L1),BraTS2021_00032,34.577747,0.9880857467651367,0.06673419,0.9860627177700348,0.9346590909090909,0.8946564885496183
Uformer-lite (L1),BraTS2021_00016,30.639193,0.9878587126731873,0.0882176,0.0,nan,nan
Uformer-lite (L1),BraTS2021_00045,31.68118,0.9798375964164734,0.11025496,0.9871698113207548,0.959079283887468,0.8888888888888888
Uformer-lite (L1),BraTS2021_00056,31.627247,0.9827869534492493,0.09575971,0.9739928607853137,0.9568467550118926,0.9257274119448698
Uformer-lite (L1),BraTS2021_00066,32.003212,0.9799410700798035,0.082792014,0.9311246730601569,nan,nan
Uformer-lite (L1),BraTS2021_00016,30.606316,0.9872084259986877,0.08213162,0.41779497098646035,nan,nan
Uformer-lite (L1),BraTS2021_00003,33.755882,0.9854816794395447,0.07840854,0.8826185101580135,0.9023485784919654,0.8968944099378882
Uformer-lite (L1),BraTS2021_00044,33.97011,0.9917907118797302,0.05968185,0.9578414839797639,nan,nan
Uformer-lite (L1),BraTS2021_00051,34.220013,0.993725061416626,0.04883031,0.951312542068656,0.9526515151515151,0.9436485195797517
Uformer-lite (L1),BraTS2021_00002,33.545574,0.9863035082817078,0.1297215,0.0,nan,nan
Uformer-lite (L1),BraTS2021_00059,32.06348,0.9753937721252441,0.07341206,0.9146198830409357,nan,nan
Uformer-lite (L1),BraTS2021_00058,31.617765,0.9595680236816406,0.09661873,0.8501529051987767,0.8692307692307693,0.84251968503937
Uformer-lite (L1),BraTS2021_00070,33.387646,0.9902669191360474,0.06149818,0.9901611890307724,0.9644902634593356,0.9225700164744646
Uformer-lite (L1),BraTS2021_00000,31.083698,0.9771727919578552,0.10105074,0.7872696817420436,0.9207100591715977,0.915576694411415
Uformer-lite (L1),BraTS2021_00035,33.891502,0.983137309551239,0.06470717,0.9769911504424779,0.9211356466876972,0.9211356466876972
Uformer-lite (L1),BraTS2021_00020,33.259155,0.9860085844993591,0.076610304,0.9329962073324906,0.9403973509933775,0.8754448398576512
Uformer-lite (L1),BraTS2021_00060,34.864723,0.9863959550857544,0.13197406,0.627177700348432,0.6141732283464567,0.6141732283464567
Uformer-lite (L1),BraTS2021_00066,32.04511,0.9842972159385681,0.07952457,0.970281124497992,nan,nan
Uformer-lite (L1),BraTS2021_00002,32.629112,0.9832184314727783,0.083926424,0.9395604395604396,nan,nan
Uformer-lite (L1),BraTS2021_00058,30.871807,0.969036340713501,0.11025217,0.9586374695863747,0.8865435356200527,0.8247078464106845
Uformer-lite (L1),BraTS2021_00053,34.63781,0.9890666604042053,0.08755024,0.981029810298103,0.9226130653266331,0.842911877394636
Uformer-lite (L1),BraTS2021_00066,31.753672,0.984150767326355,0.08147242,0.9764503159103963,0.9742710120068611,0.9265822784810127
Uformer-lite (L1),BraTS2021_00003,33.036568,0.9860153198242188,0.08031731,0.9601990049751243,0.9735049205147616,0.9552238805970149
Uformer-lite (L1),BraTS2021_00026,33.119198,0.9838101267814636,0.07894664,0.8577704557935201,0.8443708609271523,0.8229074889867841
Uformer-lite (L1),BraTS2021_00033,33.69382,0.9930908679962158,0.06154688,0.982725527831094,0.06779661016949153,0.06779661016949153
Uformer-lite (L1),BraTS2021_00006,35.63213,0.9945763945579529,0.052583177,0.9790301441677588,nan,nan
Uformer-lite (L1),BraTS2021_00033,32.783455,0.9888291358947754,0.07366843,0.9771863117870723,0.0,0.0
Uformer-lite (L1),BraTS2021_00012,31.712727,0.9908071160316467,0.066967934,0.9660288949629051,0.47098464994384126,0.0
Uformer-lite (L1),BraTS2021_00036,32.94104,0.9753116965293884,0.12508048,0.7560975609756098,0.4262295081967213,0.4262295081967213
Uformer-lite (L1),BraTS2021_00032,35.19757,0.9903846383094788,0.061458364,0.9392945036915504,0.0,0.0
Uformer-lite (L1),BraTS2021_00059,31.875103,0.9772894382476807,0.07429575,0.8855245683930942,0.8857994041708044,0.8813559322033898
Uformer-lite (L1),BraTS2021_00051,32.786636,0.9864016771316528,0.07520422,0.9082774049217002,nan,nan
Uformer-lite (L1),BraTS2021_00005,32.011208,0.985360860824585,0.1025302,0.9678848283499446,0.8922155688622755,0.850967007963595
Uformer-lite (L1),BraTS2021_00019,32.9854,0.9847396016120911,0.083136,0.9237649928847327,0.8560975609756097,0.77
Uformer-lite (L1),BraTS2021_00012,31.763803,0.9910604953765869,0.06595996,0.9753858990404672,0.4580912863070539,0.0
Uformer-lite (L1),BraTS2021_00049,32.09828,0.9925906658172607,0.054990664,0.9738831615120275,nan,nan
Uformer-lite (L1),BraTS2021_00006,34.61316,0.9924288988113403,0.06659638,0.9671179883945842,nan,nan
Uformer-lite (L1),BraTS2021_00059,31.467276,0.9759837985038757,0.077473804,0.9631836560970419,0.9419878296146045,0.8633431085043989
Uformer-lite (L1),BraTS2021_00017,33.64627,0.9908140301704407,0.06857025,0.8977923139820114,nan,nan
Uformer-lite (L1),BraTS2021_00030,34.785057,0.9845316410064697,0.06655033,0.9754624386560966,0.9766483516483516,0.9028571428571428
Uformer-lite (L1),BraTS2021_00048,32.262974,0.971201479434967,0.108053684,0.7890995260663507,nan,nan
Uformer-lite (L1),BraTS2021_00030,34.51452,0.9834495186805725,0.068826094,0.9620349278663629,0.9672131147540983,0.9103260869565217
Uformer-lite (L1),BraTS2021_00045,32.5817,0.9840562343597412,0.10405349,0.9734085414987913,0.9300911854103343,0.8197530864197531
Uformer-lite (L1),BraTS2021_00012,32.920586,0.9924640655517578,0.063079156,0.9665382275400527,0.7880622837370242,0.0
Uformer-lite (L1),BraTS2021_00048,33.81312,0.9851672649383545,0.079381995,0.8963210702341137,nan,nan
Uformer-lite (L1),BraTS2021_00002,31.879036,0.9804973006248474,0.11232486,0.9352068696330992,nan,nan
Uformer-lite (L1),BraTS2021_00068,32.177532,0.9881920218467712,0.09562456,0.8919135308246597,0.7007299270072993,0.7007299270072993
Uformer-lite (L1),BraTS2021_00052,31.467115,0.9824907779693604,0.08342367,0.9482871481562295,0.9424672196949425,0.8676005422503389
Uformer-lite (L1),BraTS2021_00024,33.70543,0.9893900156021118,0.063659325,0.942296918767507,nan,nan
Uformer-lite (L1),BraTS2021_00035,32.514355,0.974663496017456,0.076821916,0.8868571428571429,0.8771929824561403,0.8652482269503546
Uformer-lite (L1),BraTS2021_00062,32.90517,0.9907257556915283,0.06468791,0.9637082285303629,nan,nan
Uformer-lite (L1),BraTS2021_00066,31.269592,0.9803943037986755,0.093035646,0.9595687331536388,nan,nan
Uformer-lite (L1),BraTS2021_00022,32.537876,0.9849584698677063,0.06994934,0.978393351800554,0.95257854179016,0.9098228663446055
Uformer-lite (L1),BraTS2021_00043,32.50443,0.9918477535247803,0.06527638,0.9792133034857691,0.8373493975903614,0.4144144144144144
Uformer-lite (L1),BraTS2021_00021,32.882862,0.9553686380386353,0.098701164,0.8672974844218786,nan,nan
SwinIR + PathologyLoss,BraTS2021_00036,31.794598,0.976612389087677,0.1080988,0.9371543489190548,0.6831148804934464,0.8012820512820513
SwinIR + PathologyLoss,BraTS2021_00070,30.85654,0.9841182231903076,0.101947196,0.9372531812198333,nan,nan
SwinIR + PathologyLoss,BraTS2021_00016,30.647137,0.9923750758171082,0.06871317,0.8871128871128872,0.9023090586145648,0.8571428571428571
SwinIR + PathologyLoss,BraTS2021_00043,31.4577,0.9893416166305542,0.07315035,0.9872084273890143,0.9181286549707602,0.5046728971962616
SwinIR + PathologyLoss,BraTS2021_00036,31.5839,0.9726732969284058,0.11680606,0.9577039274924471,0.8357235984354628,0.8030075187969925
SwinIR + PathologyLoss,BraTS2021_00020,31.298489,0.9765430688858032,0.10151334,0.9467707594038325,0.959114139693356,0.8159645232815964
SwinIR + PathologyLoss,BraTS2021_00035,32.678226,0.9785536527633667,0.07410947,0.9841395717684377,0.9385749385749386,0.8418300653594771
SwinIR + PathologyLoss,BraTS2021_00062,30.6871,0.9860884547233582,0.082167864,0.9781830022793878,0.15384615384615385,0.15384615384615385
SwinIR + PathologyLoss,BraTS2021_00048,32.90502,0.9829749464988708,0.08066883,0.9020501138952164,nan,nan
SwinIR + PathologyLoss,BraTS2021_00003,33.66227,0.9835093021392822,0.076269954,0.9610983981693364,0.9464450600184672,0.8458225667527993
SwinIR + PathologyLoss,BraTS2021_00026,32.803135,0.9865630865097046,0.0777918,0.8637392485287461,0.8846815834767642,0.8640429338103757
SwinIR + PathologyLoss,BraTS2021_00046,31.53442,0.9831064343452454,0.08957327,0.9728485964104924,0.9345794392523364,0.9172932330827067
SwinIR + PathologyLoss,BraTS2021_00019,34.087654,0.9855133891105652,0.07024172,0.810126582278481,nan,nan
SwinIR + PathologyLoss,BraTS2021_00024,32.344162,0.9849216938018799,0.07493835,0.9090909090909091,0.0,0.0
SwinIR + PathologyLoss,BraTS2021_00016,30.42815,0.9887427091598511,0.092881545,0.0,nan,nan
SwinIR + PathologyLoss,BraTS2021_00019,33.413433,0.9868706464767456,0.0738563,0.8486667843898994,0.0,0.0
SwinIR + PathologyLoss,BraTS2021_00060,32.927906,0.9791722297668457,0.08978736,0.9748427672955975,nan,nan
SwinIR + PathologyLoss,BraTS2021_00028,30.439377,0.9754220247268677,0.13318801,0.3643724696356275,0.2290748898678414,0.2290748898678414
SwinIR + PathologyLoss,BraTS2021_00031,31.746021,0.9822450876235962,0.10717878,0.0,nan,nan
SwinIR + PathologyLoss,BraTS2021_00048,31.808987,0.96795254945755,0.10438102,0.8375136314067612,nan,nan
SwinIR + PathologyLoss,BraTS2021_00059,31.775242,0.9805643558502197,0.07228026,0.9393414211438474,0.035398230088495575,0.035398230088495575
SwinIR + PathologyLoss,BraTS2021_00046,31.93487,0.9811848402023315,0.083879784,0.9812278031456113,0.9450830140485313,0.9276218611521418
SwinIR + PathologyLoss,BraTS2021_00028,30.555265,0.9712705612182617,0.12022892,0.7725856697819314,0.42105263157894735,0.45871559633027525
SwinIR + PathologyLoss,BraTS2021_00036,31.704046,0.9757478833198547,0.11192965,0.91353001017294,0.9123533471359558,0.7772657450076805
SwinIR + PathologyLoss,BraTS2021_00059,30.786545,0.9751697778701782,0.08209454,0.9320295730980205,0.9005449591280654,0.8812095032397408
SwinIR + PathologyLoss,BraTS2021_00048,32.56997,0.9828976392745972,0.08722471,0.9546599496221663,nan,nan
SwinIR + PathologyLoss,BraTS2021_00026,33.516926,0.9880900382995605,0.07295169,0.7816091954022989,0.9076682316118936,0.8138686131386861
SwinIR + PathologyLoss,BraTS2021_00051,33.042587,0.993921160697937,0.05537179,0.97398091934085,nan,nan
SwinIR + PathologyLoss,BraTS2021_00071,31.795681,0.977772057056427,0.09258596,0.8913260219341974,0.9622377622377623,0.9056603773584906
SwinIR + PathologyLoss,BraTS2021_00032,32.51363,0.9796881675720215,0.08415242,0.9696113074204947,0.7889908256880734,0.7547169811320755
SwinIR + PathologyLoss,BraTS2021_00062,30.864584,0.9835403561592102,0.086128324,0.953405017921147,nan,nan
SwinIR + PathologyLoss,BraTS2021_00028,31.003668,0.9703238606452942,0.10261109,0.8331814038286235,nan,nan
SwinIR + PathologyLoss,BraTS2021_00017,31.728308,0.9750542640686035,0.094029546,0.9178157749586321,0.0,0.0
SwinIR + PathologyLoss,BraTS2021_00033,31.878454,0.988164484500885,0.091991395,0.9713302752293578,0.0,0.0
SwinIR + PathologyLoss,BraTS2021_00022,31.909134,0.9703563451766968,0.08157167,0.9634076615208691,0.8668913226621735,0.8689011455239711
SwinIR + PathologyLoss,BraTS2021_00033,32.384792,0.9910953044891357,0.069808155,0.9700797872340425,0.7124773960216998,0.7124773960216998
SwinIR + PathologyLoss,BraTS2021_00052,32.602886,0.9910373687744141,0.06462928,0.9661857529305681,0.0,0.0
SwinIR + PathologyLoss,BraTS2021_00063,33.58104,0.9872177839279175,0.14853325,0.9255813953488372,0.5694915254237288,0.5694915254237288
SwinIR + PathologyLoss,BraTS2021_00006,32.925438,0.9922534823417664,0.06398412,0.9390243902439024,0.9797639123102867,0.9233278955954323
SwinIR + PathologyLoss,BraTS2021_00068,31.673811,0.9872956275939941,0.10090747,0.8731144631765749,0.6976744186046512,0.6976744186046512
SwinIR + PathologyLoss,BraTS2021_00033,31.965666,0.987768292427063,0.09345602,0.9649394973627056,0.0,0.0
SwinIR + PathologyLoss,BraTS2021_00011,31.286442,0.9739853739738464,0.08843761,0.9334485738980121,0.0,0.0
SwinIR + PathologyLoss,BraTS2021_00030,33.47171,0.9850068092346191,0.075524025,0.9637618636755824,0.9629629629629629,0.874251497005988
SwinIR + PathologyLoss,BraTS2021_00024,32.247044,0.9864771366119385,0.08716973,0.8994464944649446,0.7301587301587301,0.7301587301587301
SwinIR + PathologyLoss,BraTS2021_00063,30.338696,0.977878987789154,0.108289346,0.895152198421646,0.9584295612009238,0.9235048678720446
SwinIR + PathologyLoss,BraTS2021_00030,32.29417,0.9641964435577393,0.10201726,0.0,nan,nan
SwinIR + PathologyLoss,BraTS2021_00061,31.021355,0.9784485101699829,0.09685938,0.8763250883392226,0.7729257641921398,0.7207207207207207
SwinIR + PathologyLoss,BraTS2021_00031,32.31211,0.9847871661186218,0.0759685,0.9419115945383013,0.917910447761194,0.917910447761194
SwinIR + PathologyLoss,BraTS2021_00053,32.186504,0.9721858501434326,0.12374405,0.9258836944127709,0.8142176621473067,0.7807097361237488
SwinIR + PathologyLoss,BraTS2021_00046,32.570297,0.9809556007385254,0.08074933,0.966168371361133,nan,nan
SwinIR + PathologyLoss,BraTS2021_00030,32.99588,0.9725748300552368,0.086702794,0.9612141652613828,0.8845654993514915,0.8766756032171582
SwinIR + PathologyLoss,BraTS2021_00064,31.769535,0.9798828363418579,0.094900645,0.9496962332928311,0.8480626904658249,0.701280227596017
SwinIR + PathologyLoss,BraTS2021_00052,31.248856,0.9835019111633301,0.07943988,0.9572390572390572,0.9382047812359043,0.869894099848714
SwinIR + PathologyLoss,BraTS2021_00043,33.47239,0.9911935329437256,0.11198627,0.828125,nan,nan
SwinIR + PathologyLoss,BraTS2021_00025,29.937862,0.9753556251525879,0.09333042,0.2857142857142857,nan,nan
SwinIR + PathologyLoss,BraTS2021_00056,31.595703,0.9830665588378906,0.07973356,0.9797360980207351,0.9272833042466551,0.9272833042466551
SwinIR + PathologyLoss,BraTS2021_00063,31.036129,0.9794455766677856,0.09175942,0.9251517194875253,0.9020408163265307,0.8837209302325582
SwinIR + PathologyLoss,BraTS2021_00009,31.23557,0.9869505167007446,0.07576023,0.8781362007168458,nan,nan
SwinIR + PathologyLoss,BraTS2021_00053,32.438866,0.9541761875152588,0.14381024,0.30303030303030304,0.30303030303030304,0.2608695652173913
SwinIR + PathologyLoss,BraTS2021_00031,31.904108,0.9832829833030701,0.08310458,0.9286452947259566,0.5301645338208409,0.5454545454545454
SwinIR + PathologyLoss,BraTS2021_00012,31.715183,0.9889532923698425,0.07423698,0.9779773358990806,0.8084705882352942,0.0
SwinIR + PathologyLoss,BraTS2021_00012,30.931608,0.9881763458251953,0.074710004,0.9722170426999813,0.7909698996655519,0.0
SwinIR + PathologyLoss,BraTS2021_00020,31.249554,0.9762072563171387,0.09731074,0.9441930618401206,0.9158415841584159,0.795959595959596
SwinIR + PathologyLoss,BraTS2021_00018,31.161882,0.9854834675788879,0.089436695,0.9016058394160584,0.800658978583196,0.7115072933549432
SwinIR + PathologyLoss,BraTS2021_00052,31.095419,0.9813672304153442,0.085872345,0.9609724888035829,0.9624485596707819,0.8868940754039497
SwinIR + PathologyLoss,BraTS2021_00064,31.88648,0.9784928560256958,0.09729839,0.9113149847094801,0.6521181001283697,0.6169844020797227
SwinIR + PathologyLoss,BraTS2021_00000,32.492374,0.9877017140388489,0.07304629,0.7674418604651163,0.5544554455445545,0.5544554455445545
SwinIR + PathologyLoss,BraTS2021_00003,33.229546,0.9823153018951416,0.08318004,0.9673846153846154,0.9589603283173734,0.8975069252077562
SwinIR + PathologyLoss,BraTS2021_00054,31.21803,0.9654172658920288,0.11407912,0.6938775510204082,0.7445255474452555,0.7445255474452555
SwinIR + PathologyLoss,BraTS2021_00014,30.007843,0.9800676703453064,0.10841682,0.9202102245580507,0.3673469387755102,0.3673469387755102
SwinIR + PathologyLoss,BraTS2021_00011,31.970175,0.9824504256248474,0.07569677,0.9745293466223699,nan,nan
SwinIR + PathologyLoss,BraTS2021_00036,33.80221,0.9879708290100098,0.081359714,0.94712337878284,nan,nan
SwinIR + PathologyLoss,BraTS2021_00061,32.162,0.9822061657905579,0.10446578,0.7637490317583269,0.7591240875912408,0.6541554959785523
SwinIR + PathologyLoss,BraTS2021_00071,31.546982,0.977496325969696,0.09486645,0.9190839694656489,0.9237536656891495,0.832579185520362
SwinIR + PathologyLoss,BraTS2021_00068,31.157825,0.9766548871994019,0.07841635,0.9584622182942996,0.9438648782911078,0.9071246819338422
SwinIR + PathologyLoss,BraTS2021_00026,33.52275,0.9853832721710205,0.074574,0.0,0.0,0.0
SwinIR + PathologyLoss,BraTS2021_00060,30.696938,0.9773489832878113,0.1140223,0.9826787858000343,0.9676733304976606,0.8824343015214384
SwinIR + PathologyLoss,BraTS2021_00016,29.755136,0.9865607023239136,0.08413835,0.8888888888888888,0.8197879858657244,0.7804878048780488
SwinIR + PathologyLoss,BraTS2021_00053,32.265526,0.9593034386634827,0.14545679,0.41916167664670656,0.3533834586466165,0.38333333333333336
SwinIR + PathologyLoss,BraTS2021_00071,32.10416,0.9816617369651794,0.089652896,0.9724409448818898,0.7927272727272727,0.7703703703703704
SwinIR + PathologyLoss,BraTS2021_00062,32.196304,0.9921082854270935,0.06561969,0.9838660578386605,nan,nan
SwinIR + PathologyLoss,BraTS2021_00019,31.793983,0.9807683825492859,0.0984263,0.9375354911981828,0.8173913043478261,0.7403314917127072
SwinIR + PathologyLoss,BraTS2021_00008,30.150593,0.9716562628746033,0.102377005,0.8293413173652695,nan,nan
SwinIR + PathologyLoss,BraTS2021_00051,32.293106,0.9934074282646179,0.058549177,0.9857598299681191,0.0,0.0
SwinIR + PathologyLoss,BraTS2021_00036,32.356934,0.9698581099510193,0.14029874,0.0,0.0,0.0
SwinIR + PathologyLoss,BraTS2021_00018,31.573719,0.9859151244163513,0.07513312,0.9848562191594351,0.9542018674966651,0.8518383691299599
SwinIR + PathologyLoss,BraTS2021_00005,31.043272,0.9811539649963379,0.113284536,0.9465020576131687,0.8951406649616368,0.842211055276382
SwinIR + PathologyLoss,BraTS2021_00024,32.349773,0.9847893714904785,0.07516409,0.9183222958057395,0.0,0.0
SwinIR + PathologyLoss,BraTS2021_00019,33.25211,0.9848418235778809,0.07670728,0.8450954283177985,0.0,0.0
SwinIR + PathologyLoss,BraTS2021_00031,31.12658,0.982155978679657,0.102528535,0.6923076923076923,nan,nan
SwinIR + PathologyLoss,BraTS2021_00014,30.761585,0.9836379885673523,0.11891994,0.8680272108843538,0.6486486486486487,0.6486486486486487
SwinIR + PathologyLoss,BraTS2021_00048,32.488373,0.9782742261886597,0.09249631,0.9574155653450808,nan,nan
SwinIR + PathologyLoss,BraTS2021_00024,32.129665,0.9870486855506897,0.075541966,0.9701708659136983,0.0,0.0
SwinIR + PathologyLoss,BraTS2021_00052,32.587753,0.9906167984008789,0.06605902,0.9728225979028461,0.0,0.0
SwinIR + PathologyLoss,BraTS2021_00025,30.27897,0.9767133593559265,0.088863574,0.6742857142857143,nan,nan
SwinIR + PathologyLoss,BraTS2021_00024,33.648556,0.9882046580314636,0.11990778,0.0,0.0,0.0
SwinIR + PathologyLoss,BraTS2021_00045,32.43299,0.9818952679634094,0.12845117,0.746268656716418,nan,nan
SwinIR + PathologyLoss,BraTS2021_00019,33.194294,0.9882329106330872,0.07274589,0.9333111591551638,0.8023715415019763,0.7818930041152263
SwinIR + PathologyLoss,BraTS2021_00053,31.792362,0.9816936254501343,0.117014416,0.9755600814663951,0.9378663540445487,0.8591160220994475
SwinIR + PathologyLoss,BraTS2021_00036,33.84869,0.9856039881706238,0.083751865,0.9688484424221211,0.0,0.0
SwinIR + PathologyLoss,BraTS2021_00026,31.115906,0.9587586522102356,0.10893856,0.8500651890482399,0.9318885448916409,0.8888888888888888
SwinIR + PathologyLoss,BraTS2021_00016,30.93241,0.9919096231460571,0.067537315,0.6153846153846154,nan,nan
SwinIR + PathologyLoss,BraTS2021_00005,31.919462,0.984576404094696,0.08576415,0.9836538461538461,0.951061865189289,0.8724035608308606
SwinIR + PathologyLoss,BraTS2021_00060,31.666054,0.9845414757728577,0.09098306,0.9619901112484549,0.9292771710868435,0.855781723689909
SwinIR + PathologyLoss,BraTS2021_00060,32.79753,0.9893553853034973,0.07683188,0.9743869209809264,0.9390243902439024,0.9325153374233128
SwinIR + PathologyLoss,BraTS2021_00018,31.68602,0.9892441630363464,0.071224295,0.9886435331230284,0.9651398459667613,0.8737073017862739
SwinIR + PathologyLoss,BraTS2021_00002,31.683136,0.9790140986442566,0.11372378,0.898355754857997,nan,nan
SwinIR + PathologyLoss,BraTS2021_00005,32.664825,0.9846343994140625,0.08089881,0.9807200929152149,0.8973660308810173,0.7881508078994613
SwinIR + PathologyLoss,BraTS2021_00059,31.699074,0.9773806929588318,0.07264416,0.9551367135651713,0.0,0.0
SwinIR + PathologyLoss,BraTS2021_00006,32.158825,0.988921046257019,0.0726591,0.9794392523364486,0.9785884218873909,0.919093851132686
SwinIR + PathologyLoss,BraTS2021_00021,33.75679,0.9735187888145447,0.08514468,0.5950653120464441,nan,nan
SwinIR + PathologyLoss,BraTS2021_00026,32.253307,0.9786341786384583,0.10880842,0.6470588235294118,0.8141592920353983,0.8141592920353983
SwinIR + PathologyLoss,BraTS2021_00046,31.715754,0.9815822243690491,0.0891052,0.9587006960556844,0.9398099260823654,0.927710843373494
SwinIR + PathologyLoss,BraTS2021_00043,33.01779,0.9913069009780884,0.109815255,0.9082125603864735,nan,nan
SwinIR + PathologyLoss,BraTS2021_00058,31.470478,0.9806374907493591,0.10850556,0.7550802139037434,0.9470198675496688,0.9435215946843853
SwinIR + PathologyLoss,BraTS2021_00011,31.759605,0.9787458181381226,0.079199776,0.9377880184331797,nan,nan
SwinIR + PathologyLoss,BraTS2021_00053,31.09269,0.9773241877555847,0.13130084,0.9534591194968554,0.9069767441860465,0.9069767441860465
SwinIR + PathologyLoss,BraTS2021_00031,31.633549,0.9814569354057312,0.08680774,0.8817412333736396,0.0,0.0
SwinIR + PathologyLoss,BraTS2021_00024,32.439083,0.987133800983429,0.10605756,0.9116360454943132,0.863013698630137,0.8201438848920863
SwinIR + PathologyLoss,BraTS2021_00025,31.747572,0.9887893795967102,0.06769815,0.5517241379310345,nan,nan
SwinIR + PathologyLoss,BraTS2021_00025,31.085127,0.9889020919799805,0.069949545,0.8804347826086957,nan,nan
SwinIR + PathologyLoss,BraTS2021_00008,31.121798,0.9761703610420227,0.08809804,0.7795918367346939,nan,nan
SwinIR + PathologyLoss,BraTS2021_00026,32.218704,0.9785693287849426,0.08916192,0.7356853672643147,0.9023569023569024,0.8822857142857143
SwinIR + PathologyLoss,BraTS2021_00052,31.291449,0.9827665090560913,0.0813815,0.9687085150768063,0.9691017964071856,0.8821362799263351
SwinIR + PathologyLoss,BraTS2021_00022,30.543959,0.9745293855667114,0.08976327,0.9427880741337631,0.8582183186951067,0.8582183186951067
SwinIR + PathologyLoss,BraTS2021_00033,32.91564,0.9912471175193787,0.06671976,0.9765640921133075,0.06153846153846154,0.06153846153846154
SwinIR + PathologyLoss,BraTS2021_00021,31.792366,0.9537994861602783,0.10737918,0.8772511848341232,0.1981981981981982,0.1981981981981982
SwinIR + PathologyLoss,BraTS2021_00043,31.260798,0.9891088604927063,0.07474619,0.9802904564315352,0.929493545183714,0.48756218905472637
SwinIR + PathologyLoss,BraTS2021_00031,31.170929,0.9818443655967712,0.0968136,0.802675585284281,nan,nan
SwinIR + PathologyLoss,BraTS2021_00036,31.963993,0.9794778227806091,0.10432142,0.932876041156296,0.9231824417009602,0.8224543080939948
SwinIR + PathologyLoss,BraTS2021_00054,31.139431,0.967254638671875,0.11148138,0.8731138545953361,0.8887070376432079,0.6702317290552585
SwinIR + PathologyLoss,BraTS2021_00022,30.864586,0.9711533784866333,0.08796013,0.9116555308092057,0.9409691629955947,0.9409691629955947
SwinIR + PathologyLoss,BraTS2021_00026,33.558296,0.9864388704299927,0.07383943,0.46265938069216755,0.8455284552845529,0.8455284552845529
SwinIR + PathologyLoss,BraTS2021_00011,31.080635,0.9751638174057007,0.0832841,0.9298892988929889,0.0,0.0
SwinIR + PathologyLoss,BraTS2021_00070,31.675491,0.9863536357879639,0.114898846,0.8372093023255814,nan,nan
SwinIR + PathologyLoss,BraTS2021_00012,32.997456,0.9891119003295898,0.12243822,0.8962962962962963,nan,nan
SwinIR + PathologyLoss,BraTS2021_00070,32.214733,0.9889971017837524,0.06465623,0.9822281673991974,0.9754646840148699,0.9457910973997355
SwinIR + PathologyLoss,BraTS2021_00043,30.415945,0.9847434759140015,0.09519404,0.9718714121699197,0.7455295735900963,0.7422096317280453
SwinIR + PathologyLoss,BraTS2021_00033,33.73445,0.9875836968421936,0.1229383,0.7770961145194274,nan,nan
SwinIR + PathologyLoss,BraTS2021_00018,31.538628,0.9804810881614685,0.086994916,0.22093023255813954,nan,nan
SwinIR + PathologyLoss,BraTS2021_00005,32.651363,0.9866836667060852,0.076622546,0.9902611775121736,0.9516407599309153,0.8369565217391305
SwinIR + PathologyLoss,BraTS2021_00044,32.131252,0.9865859150886536,0.075605094,0.9588477366255144,nan,nan
SwinIR + PathologyLoss,BraTS2021_00002,31.907236,0.982881486415863,0.079908356,0.9535283993115319,0.9120838009726898,0.7231715652768285
SwinIR + PathologyLoss,BraTS2021_00017,32.335403,0.9835055470466614,0.08101071,0.9559748427672956,nan,nan
SwinIR + PathologyLoss,BraTS2021_00017,32.489403,0.9877228140830994,0.07926873,0.9183494293239683,0.0,0.0
SwinIR + PathologyLoss,BraTS2021_00003,33.157417,0.9825168251991272,0.07956254,0.9485964272694131,0.9545232273838631,0.8655959425190194
SwinIR + PathologyLoss,BraTS2021_00071,31.714233,0.9757324457168579,0.094777085,0.9028459273797841,0.9652294853963839,0.8977777777777778
SwinIR + PathologyLoss,BraTS2021_00068,31.692917,0.9870966672897339,0.09660168,0.8791500664010624,0.8151658767772512,0.8151658767772512
SwinIR + PathologyLoss,BraTS2021_00018,31.618572,0.9871430993080139,0.07198729,0.9870254685247477,0.9548518896833503,0.8326180257510729
SwinIR + PathologyLoss,BraTS2021_00048,32.10686,0.9754033088684082,0.09266584,0.25,nan,nan
SwinIR + PathologyLoss,BraTS2021_00003,32.50507,0.9864917397499084,0.07926937,0.9773082942097027,0.9317094388864724,0.8691275167785235
SwinIR + PathologyLoss,BraTS2021_00058,30.102268,0.9730483889579773,0.11835487,0.9319213313161876,0.8944337811900192,0.8172043010752689
SwinIR + PathologyLoss,BraTS2021_00066,31.017387,0.9843684434890747,0.08483944,0.9651162790697675,0.9394812680115274,0.8495145631067961
SwinIR + PathologyLoss,BraTS2021_00070,32.177338,0.9866864681243896,0.07053151,0.9879129734085415,0.9549002601908065,0.9066487575554063
SwinIR + PathologyLoss,BraTS2021_00022,30.259743,0.9789305925369263,0.09602312,0.9364791288566243,0.56,0.56
SwinIR + PathologyLoss,BraTS2021_00072,33.88169,0.975320041179657,0.08060935,0.781127129750983,0.0,0.0
SwinIR + PathologyLoss,BraTS2021_00024,32.328335,0.985895037651062,0.07404383,0.9325762952448545,nan,nan
SwinIR + PathologyLoss,BraTS2021_00021,31.344147,0.9436863660812378,0.12143208,0.766023166023166,nan,nan
SwinIR + PathologyLoss,BraTS2021_00066,31.346273,0.9827476143836975,0.084948696,0.9777478084962913,0.8837209302325582,0.8837209302325582
SwinIR + PathologyLoss,BraTS2021_00033,33.555367,0.9805324673652649,0.07473159,0.8219780219780219,nan,nan
SwinIR + PathologyLoss,BraTS2021_00018,31.555769,0.9880335927009583,0.07369598,0.9873297434273044,0.9706537138231127,0.8827101310322787
SwinIR + PathologyLoss,BraTS2021_00036,31.67194,0.9683857560157776,0.1136672,0.26666666666666666,nan,nan
SwinIR + PathologyLoss,BraTS2021_00002,32.87048,0.9890238642692566,0.068696015,0.9631227932522558,0.9337442218798151,0.909710391822828
SwinIR + PathologyLoss,BraTS2021_00032,30.97497,0.9723090529441833,0.10688661,0.8776041666666666,nan,nan
SwinIR + PathologyLoss,BraTS2021_00070,32.22036,0.9894295334815979,0.06372868,0.9953000723065799,0.9740428293316029,0.928157072735386
SwinIR + PathologyLoss,BraTS2021_00059,31.727018,0.9759517908096313,0.073901676,0.9698918444899153,0.0,0.0
SwinIR + PathologyLoss,BraTS2021_00062,32.14727,0.9917367100715637,0.06698315,0.9774482545566883,nan,nan
SwinIR + PathologyLoss,BraTS2021_00061,31.472603,0.9794151186943054,0.09393268,0.7621998450813323,0.8387096774193549,0.5699208443271768
SwinIR + PathologyLoss,BraTS2021_00043,31.271555,0.9873771071434021,0.0787241,0.9584269662921349,0.0,0.0
SwinIR + PathologyLoss,BraTS2021_00036,32.020992,0.9805522561073303,0.10357197,0.8803589232303091,0.9096573208722741,0.804953560371517
SwinIR + PathologyLoss,BraTS2021_00046,32.609806,0.9811580181121826,0.07910397,0.9680981595092024,nan,nan
SwinIR + PathologyLoss,BraTS2021_00035,31.693266,0.9766526222229004,0.08216823,0.9537869062901155,0.9183147033533964,0.8252427184466019
SwinIR + PathologyLoss,BraTS2021_00062,31.379318,0.9869691729545593,0.08529087,0.9633663366336633,nan,nan
SwinIR + PathologyLoss,BraTS2021_00012,31.165426,0.9888213276863098,0.07348306,0.9797388563710041,0.7773900907187719,0.0
SwinIR + PathologyLoss,BraTS2021_00002,32.010986,0.9853392839431763,0.076144844,0.9566433566433566,0.9294073235183088,0.7887527036770007
SwinIR + PathologyLoss,BraTS2021_00053,30.854786,0.9746354818344116,0.14172526,0.9596683000376932,nan,nan
SwinIR + PathologyLoss,BraTS2021_00045,32.554916,0.9768546223640442,0.09207798,0.9517144856543037,0.673992673992674,0.654275092936803
SwinIR + PathologyLoss,BraTS2021_00021,31.960033,0.9667522311210632,0.102386065,0.7143874643874644,0.5743145743145743,0.5507246376811594
SwinIR + PathologyLoss,BraTS2021_00003,31.527872,0.9871274828910828,0.124873675,0.9671814671814671,0.0,0.0
SwinIR + PathologyLoss,BraTS2021_00021,32.682003,0.9735554456710815,0.094721,0.7723919915700738,0.7166666666666667,0.7166666666666667
SwinIR + PathologyLoss,BraTS2021_00011,32.14204,0.9817923903465271,0.07095096,0.9837691614066727,0.8369829683698297,0.8369829683698297
SwinIR + PathologyLoss,BraTS2021_00063,30.284103,0.9835391640663147,0.1109923,0.9557157569515963,0.9591280653950953,0.9363369245837414
SwinIR + PathologyLoss,BraTS2021_00009,30.019382,0.9804302453994751,0.091785,nan,nan,nan
SwinIR + PathologyLoss,BraTS2021_00021,31.695076,0.9430030584335327,0.11435242,0.8753265257658513,nan,nan
SwinIR + PathologyLoss,BraTS2021_00022,30.060005,0.9823432564735413,0.107956216,0.9107981220657277,nan,nan
SwinIR + PathologyLoss,BraTS2021_00028,31.279007,0.9759570956230164,0.09570831,0.7922374429223744,0.0,0.0
SwinIR + PathologyLoss,BraTS2021_00071,31.059553,0.9710453152656555,0.10748061,0.9259489732420659,0.7216117216117216,0.7074074074074074
SwinIR + PathologyLoss,BraTS2021_00003,32.374393,0.984924852848053,0.08015357,0.9749271137026239,0.934916086778551,0.8571428571428571
SwinIR + PathologyLoss,BraTS2021_00053,33.725983,0.9839137196540833,0.101238914,0.9242600792356094,0.9502905100064558,0.817047817047817
SwinIR + PathologyLoss,BraTS2021_00062,31.742525,0.9911319017410278,0.06937046,0.9726288987905792,nan,nan
SwinIR + PathologyLoss,BraTS2021_00056,31.538654,0.9829704165458679,0.082060345,0.9560528444324616,0.8743718592964824,0.8743718592964824
SwinIR + PathologyLoss,BraTS2021_00020,31.18599,0.9683924913406372,0.10737123,0.9648760330578512,0.9610678531701891,0.8720379146919431
SwinIR + PathologyLoss,BraTS2021_00054,30.997734,0.9477341175079346,0.10278252,0.9397759103641457,0.926179604261796,0.7859424920127795
SwinIR + PathologyLoss,BraTS2021_00064,31.275162,0.9740259051322937,0.111790426,0.9028571428571428,nan,nan
SwinIR + PathologyLoss,BraTS2021_00058,30.264294,0.9745842814445496,0.11844712,0.9400479616306955,0.927038626609442,0.8643533123028391
SwinIR + PathologyLoss,BraTS2021_00060,31.589611,0.9772236347198486,0.12602769,0.945646703573226,0.9461114513165952,0.7484076433121019
SwinIR + PathologyLoss,BraTS2021_00026,31.954365,0.9685959815979004,0.09569608,0.9331641285956007,0.9254302103250478,0.90357317670093
SwinIR + PathologyLoss,BraTS2021_00022,30.427103,0.9739438891410828,0.09175217,0.9364548494983278,0.8269230769230769,0.8269230769230769
SwinIR + PathologyLoss,BraTS2021_00059,31.20105,0.9774354696273804,0.07835785,0.8669445335043283,0.7801204819277109,0.7801204819277109
SwinIR + PathologyLoss,BraTS2021_00016,29.85682,0.9882910847663879,0.07853948,0.9011494252873563,0.8951406649616368,0.7138964577656676
SwinIR + PathologyLoss,BraTS2021_00011,31.901764,0.9879527688026428,0.067603,0.9812185066422354,0.9208211143695014,0.9208211143695014
SwinIR + PathologyLoss,BraTS2021_00070,31.688921,0.9852648973464966,0.077429876,0.9866783140423673,0.859840232389252,0.8118811881188119
SwinIR + PathologyLoss,BraTS2021_00053,32.41622,0.9770363569259644,0.118230626,0.9142318567389256,0.8890643505724437,0.8092202059833251
SwinIR + PathologyLoss,BraTS2021_00003,31.881454,0.9860716462135315,0.13556561,0.9515669515669516,nan,nan
SwinIR + PathologyLoss,BraTS2021_00033,32.361443,0.9888254404067993,0.07410189,0.9811251603445116,0.7593423019431988,0.7720364741641338
SwinIR + PathologyLoss,BraTS2021_00045,32.40765,0.9776321053504944,0.09179678,0.9419568822553898,nan,nan
SwinIR + PathologyLoss,BraTS2021_00044,31.920685,0.9809769988059998,0.08086922,0.946236559139785,nan,nan
SwinIR + PathologyLoss,BraTS2021_00006,32.096687,0.9890232682228088,0.07333139,0.9717931497649429,0.9755656108597285,0.9248747913188647
SwinIR + PathologyLoss,BraTS2021_00060,33.50957,0.9834644198417664,0.13836604,0.8958109559613319,0.5656877897990726,0.6140939597315436
SwinIR + PathologyLoss,BraTS2021_00017,30.815956,0.9661192893981934,0.1078906,0.948237885462555,nan,nan
SwinIR + PathologyLoss,BraTS2021_00009,29.345177,0.9807024002075195,0.09703981,0.9581839904420549,0.8435374149659864,0.8435374149659864
SwinIR + PathologyLoss,BraTS2021_00070,32.24082,0.990041196346283,0.06340548,0.9927395077032053,0.9780012570710245,0.9204938271604939
SwinIR + PathologyLoss,BraTS2021_00036,31.956636,0.9681804180145264,0.14386956,0.0,0.0,0.0
SwinIR + PathologyLoss,BraTS2021_00014,30.14965,0.9785131216049194,0.09207042,0.8952380952380953,0.0,0.0
SwinIR + PathologyLoss,BraTS2021_00011,31.721092,0.983639121055603,0.0760555,0.9714878175220322,nan,nan
SwinIR + PathologyLoss,BraTS2021_00056,31.465004,0.9792420268058777,0.08385713,0.9555023923444976,0.950863213811421,0.9440214957456337
SwinIR + PathologyLoss,BraTS2021_00022,30.238724,0.9778987169265747,0.09981213,0.9291975724881996,nan,nan
SwinIR + PathologyLoss,BraTS2021_00061,31.92478,0.9791727662086487,0.11873131,0.0,0.0,0.0
SwinIR + PathologyLoss,BraTS2021_00033,33.050343,0.9906110763549805,0.067945674,0.9756744803184432,0.23529411764705882,0.23529411764705882
SwinIR + PathologyLoss,BraTS2021_00048,32.395058,0.9778951406478882,0.094496295,0.9279437609841827,nan,nan
SwinIR + PathologyLoss,BraTS2021_00014,31.322952,0.9874243140220642,0.11412367,0.6903914590747331,0.7142857142857143,0.7142857142857143
SwinIR + PathologyLoss,BraTS2021_00036,31.830015,0.978005588054657,0.108518675,0.9431818181818182,0.9442664958360025,0.8732394366197183
SwinIR + PathologyLoss,BraTS2021_00060,32.64918,0.9890463948249817,0.07977944,0.9627937336814621,0.9740976645435244,0.9268617021276596
SwinIR + PathologyLoss,BraTS2021_00030,32.07518,0.986047625541687,0.11904871,0.9028960817717206,nan,nan
SwinIR + PathologyLoss,BraTS2021_00031,31.636732,0.9792046546936035,0.08732958,0.8334636434714621,0.0,0.0
SwinIR + PathologyLoss,BraTS2021_00036,31.792484,0.9687730669975281,0.109093614,0.7701149425287356,nan,nan
SwinIR + PathologyLoss,BraTS2021_00002,31.63861,0.980351448059082,0.11976681,0.8469565217391304,nan,nan
SwinIR + PathologyLoss,BraTS2021_00061,31.086555,0.9758254885673523,0.10181731,0.7934782608695652,0.6895787139689579,0.5211864406779662
SwinIR + PathologyLoss,BraTS2021_00054,31.239908,0.9575735330581665,0.109039865,0.8176706827309237,0.9142185663924794,0.7960339943342776
SwinIR + PathologyLoss,BraTS2021_00028,32.096504,0.9802767634391785,0.08765691,0.8481675392670157,0.056962025316455694,0.056962025316455694
SwinIR + PathologyLoss,BraTS2021_00031,32.789658,0.9876671433448792,0.071612075,0.9078142695356738,0.8361344537815126,0.8187633262260128
SwinIR + PathologyLoss,BraTS2021_00064,32.03544,0.9806591868400574,0.09130788,0.9594249942035706,0.930672268907563,0.7437582128777924
SwinIR + PathologyLoss,BraTS2021_00068,32.47925,0.9844451546669006,0.06998431,0.869878433138226,nan,nan
SwinIR + PathologyLoss,BraTS2021_00036,31.841507,0.9735978841781616,0.11184531,0.9341377576671694,0.6948640483383686,0.8421052631578947
SwinIR + PathologyLoss,BraTS2021_00064,32.008163,0.98505038022995,0.086410835,0.9311087190527448,0.9121813031161473,0.7316704459561603
SwinIR + PathologyLoss,BraTS2021_00052,31.483343,0.9866975545883179,0.074470945,0.9677752886438049,0.9653739612188366,0.8967286722257858
SwinIR + PathologyLoss,BraTS2021_00056,31.544226,0.9831265211105347,0.0817815,0.9407465413730096,0.8879432624113475,0.8879432624113475
SwinIR + PathologyLoss,BraTS2021_00021,32.086765,0.9620435237884521,0.10294346,0.8243801652892562,0.7307171853856563,0.6522988505747126
SwinIR + PathologyLoss,BraTS2021_00021,31.483746,0.9557896256446838,0.12011492,0.7047980482515587,nan,nan
SwinIR + PathologyLoss,BraTS2021_00030,32.123177,0.9796173572540283,0.09650107,0.9534591194968554,0.0,0.0
SwinIR + PathologyLoss,BraTS2021_00018,31.218632,0.984313428401947,0.0857512,0.9304904051172708,0.8747135217723453,0.7783018867924528
SwinIR + PathologyLoss,BraTS2021_00070,32.185066,0.9868071675300598,0.0689033,0.9812663030590467,0.897029702970297,0.9023904382470119
SwinIR + PathologyLoss,BraTS2021_00018,31.87476,0.9876246452331543,0.09907117,0.7670182166826462,nan,nan
SwinIR + PathologyLoss,BraTS2021_00033,31.920135,0.9864501953125,0.09832224,0.9495861550037622,nan,nan
SwinIR + PathologyLoss,BraTS2021_00002,31.865654,0.9820020794868469,0.12560047,0.8020969855832241,nan,nan
SwinIR + PathologyLoss,BraTS2021_00000,30.825012,0.9800541996955872,0.086061984,0.9673758865248226,0.9674267100977199,0.9323017408123792
SwinIR + PathologyLoss,BraTS2021_00031,32.88912,0.9887022972106934,0.07043979,0.9308692676249144,0.7988077496274217,0.84
SwinIR + PathologyLoss,BraTS2021_00035,31.819046,0.9669502377510071,0.087764576,0.6740088105726872,nan,nan
SwinIR + PathologyLoss,BraTS2021_00032,32.3019,0.9699726700782776,0.094179906,0.9166051660516605,nan,nan
SwinIR + PathologyLoss,BraTS2021_00049,30.640423,0.9898615479469299,0.06852021,0.7332704995287465,nan,nan
SwinIR + PathologyLoss,BraTS2021_00022,30.87221,0.9765158295631409,0.08866331,0.9611360239162929,0.9654648956356736,0.8732782369146006
SwinIR + PathologyLoss,BraTS2021_00021,32.029865,0.9621986150741577,0.1031092,0.7932370553011624,0.6901041666666666,0.6616541353383458
SwinIR + PathologyLoss,BraTS2021_00060,31.749334,0.986768364906311,0.08620971,0.9680785758133824,0.9502937189335743,0.8501498501498501
SwinIR + PathologyLoss,BraTS2021_00024,32.549706,0.9877463579177856,0.071129926,0.93125,nan,nan
SwinIR + PathologyLoss,BraTS2021_00060,33.185936,0.9621963500976562,0.096865706,0.6441947565543071,nan,nan
SwinIR + PathologyLoss,BraTS2021_00020,30.46783,0.9479585886001587,0.12268391,0.3865546218487395,0.0,0.0
SwinIR + PathologyLoss,BraTS2021_00056,30.76199,0.9756807684898376,0.09502413,0.9760679937374189,0.9504773269689738,0.8990435706695006
SwinIR + PathologyLoss,BraTS2021_00062,31.430546,0.986377477645874,0.08205641,0.9526315789473684,nan,nan
SwinIR + PathologyLoss,BraTS2021_00045,32.276375,0.9825650453567505,0.12172566,0.8154981549815498,nan,nan
SwinIR + PathologyLoss,BraTS2021_00052,33.473732,0.9903346300125122,0.06250225,0.9574223245109321,nan,nan
SwinIR + PathologyLoss,BraTS2021_00032,31.64015,0.9722553491592407,0.10164172,0.8547328959700093,nan,nan
SwinIR + PathologyLoss,BraTS2021_00046,32.52302,0.9811534285545349,0.07975371,0.9436392914653784,0.9366602687140115,0.9366602687140115
SwinIR + PathologyLoss,BraTS2021_00068,32.501198,0.9889029264450073,0.10403912,0.7602996254681648,nan,nan
SwinIR + PathologyLoss,BraTS2021_00000,29.906395,0.9708915948867798,0.102156825,0.9725101397025687,0.9832869080779945,0.9410443571027512
SwinIR + PathologyLoss,BraTS2021_00059,31.780712,0.9808765053749084,0.0744645,0.9177793394237527,0.7526427061310782,0.7526427061310782
SwinIR + PathologyLoss,BraTS2021_00051,32.896217,0.9938368201255798,0.055564184,0.9758684699018828,nan,nan
SwinIR + PathologyLoss,BraTS2021_00006,33.380424,0.9931098818778992,0.060795154,0.9740666856654318,0.9716981132075472,0.9220563847429519
SwinIR + PathologyLoss,BraTS2021_00033,32.90702,0.9887446165084839,0.07142586,0.9104046242774566,0.0,0.0
SwinIR + PathologyLoss,BraTS2021_00024,31.956652,0.9847805500030518,0.07694466,0.9301025163094129,0.0,0.0
SwinIR + PathologyLoss,BraTS2021_00036,31.868908,0.9735503196716309,0.113581724,0.9391727493917275,0.9003783102143758,0.8183041722745625
SwinIR + PathologyLoss,BraTS2021_00070,32.026466,0.9871085286140442,0.12147485,0.7029478458049887,0.0,0.0
SwinIR + PathologyLoss,BraTS2021_00064,32.923172,0.9878352880477905,0.078084856,0.9166431195252897,0.8880550343964978,0.727694090382387
SwinIR + PathologyLoss,BraTS2021_00066,31.206553,0.9821491837501526,0.085422754,0.9662635264162953,0.9294117647058824,0.9074074074074074
SwinIR + PathologyLoss,BraTS2021_00006,33.39874,0.9929288625717163,0.061409518,0.9575982667904673,0.9724310776942355,0.9378757515030061
SwinIR + PathologyLoss,BraTS2021_00059,31.896608,0.9802666902542114,0.07287194,0.9640644361833953,0.23976608187134502,0.23976608187134502
SwinIR + PathologyLoss,BraTS2021_00058,30.824055,0.9780388474464417,0.11520412,0.9271844660194175,0.9302325581395349,0.8761904761904762
SwinIR + PathologyLoss,BraTS2021_00056,31.58808,0.9817959070205688,0.10983856,0.8101623147494708,0.7895652173913044,0.7682119205298014
SwinIR + PathologyLoss,BraTS2021_00063,31.243484,0.9880648851394653,0.12459461,0.9357021996615905,0.8824273072060683,0.8735632183908046
SwinIR + PathologyLoss,BraTS2021_00017,31.49519,0.9790999889373779,0.11691739,0.6852207293666027,0.0,0.0
SwinIR + PathologyLoss,BraTS2021_00021,32.39863,0.9729607701301575,0.09621689,0.7779751332149201,0.43526170798898073,0.49842271293375395
SwinIR + PathologyLoss,BraTS2021_00031,31.998884,0.9819937944412231,0.082368135,0.8405584129316679,0.0,0.0
SwinIR + PathologyLoss,BraTS2021_00016,31.140152,0.9933404922485352,0.06420291,0.8946236559139785,0.7832699619771863,0.7302904564315352
SwinIR + PathologyLoss,BraTS2021_00052,31.801483,0.9864174127578735,0.07286875,0.9612724757952974,0.9493860437256664,0.8588048651507139
SwinIR + PathologyLoss,BraTS2021_00022,30.75815,0.9698852300643921,0.09931309,0.9057706355003652,0.892802450229709,0.8083623693379791
SwinIR + PathologyLoss,BraTS2021_00017,31.523378,0.9827945232391357,0.08698218,0.8739376770538244,nan,nan
SwinIR + PathologyLoss,BraTS2021_00048,33.324894,0.9853464961051941,0.077703856,0.9523809523809523,nan,nan
SwinIR + PathologyLoss,BraTS2021_00051,31.659746,0.9856056571006775,0.085805066,0.6964560862865947,0.26666666666666666,0.26666666666666666
SwinIR + PathologyLoss,BraTS2021_00031,32.93668,0.9868910908699036,0.073146015,0.9411764705882353,0.7560321715817694,0.8075601374570447
SwinIR + PathologyLoss,BraTS2021_00048,32.61369,0.9791143536567688,0.090434,0.9607250755287009,nan,nan
SwinIR + PathologyLoss,BraTS2021_00064,32.428352,0.9857695698738098,0.08389649,0.927885933644091,0.7914716588663546,0.6339381003201707
SwinIR + PathologyLoss,BraTS2021_00017,31.891077,0.9854620695114136,0.08195105,0.927536231884058,nan,nan
SwinIR + PathologyLoss,BraTS2021_00060,31.646244,0.9751266837120056,0.13342522,0.9299279633267845,0.9496996996996997,0.8173636844891476
SwinIR + PathologyLoss,BraTS2021_00051,33.09985,0.994453489780426,0.053817444,0.9696440270801485,nan,nan
SwinIR + PathologyLoss,BraTS2021_00002,31.337986,0.9699696898460388,0.10031655,0.881407804131599,0.0,0.0
SwinIR + PathologyLoss,BraTS2021_00066,30.732775,0.9729057550430298,0.09730087,0.9384615384615385,nan,nan
SwinIR + PathologyLoss,BraTS2021_00002,32.206306,0.983593761920929,0.1278297,0.7453703703703703,nan,nan
SwinIR + PathologyLoss,BraTS2021_00009,29.40367,0.9805858135223389,0.10039559,0.9491525423728814,0.0,0.0
SwinIR + PathologyLoss,BraTS2021_00045,31.60683,0.9730148911476135,0.100550376,0.9767441860465116,0.9809322033898306,0.9053254437869822
SwinIR + PathologyLoss,BraTS2021_00053,30.183731,0.970160722732544,0.16830729,0.8933333333333333,0.0,0.0
SwinIR + PathologyLoss,BraTS2021_00026,33.644722,0.9846181273460388,0.07581501,0.0,nan,nan
SwinIR + PathologyLoss,BraTS2021_00060,33.371117,0.96567702293396,0.09601174,0.8878048780487805,nan,nan
SwinIR + PathologyLoss,BraTS2021_00060,31.71595,0.984936535358429,0.08856022,0.9698420296792724,0.968696918223732,0.8802197802197802
SwinIR + PathologyLoss,BraTS2021_00011,31.697758,0.9790584444999695,0.074937865,0.9884947267497604,0.8436578171091446,0.8436578171091446
SwinIR + PathologyLoss,BraTS2021_00025,31.552113,0.9890947341918945,0.069827855,0.7597765363128491,nan,nan
SwinIR + PathologyLoss,BraTS2021_00024,31.519348,0.9842836856842041,0.08467347,0.926620598881211,nan,nan
SwinIR + PathologyLoss,BraTS2021_00052,33.47597,0.9896166920661926,0.105143614,0.7703703703703704,0.45555555555555555,0.45555555555555555
SwinIR + PathologyLoss,BraTS2021_00060,31.131723,0.9799287915229797,0.10343729,0.9849781941528024,0.970018356108505,0.8862397820163488
SwinIR + PathologyLoss,BraTS2021_00043,32.310345,0.9906269907951355,0.10439874,0.9674850696748507,0.0,0.0
SwinIR + PathologyLoss,BraTS2021_00046,31.737394,0.9863662123680115,0.105823256,0.939729397293973,0.8669527896995708,0.8669527896995708
SwinIR + PathologyLoss,BraTS2021_00051,32.434097,0.9917876124382019,0.06119117,0.9574090505767524,nan,nan
SwinIR + PathologyLoss,BraTS2021_00026,31.512554,0.9625755548477173,0.10099933,0.9337231968810916,0.9530201342281879,0.9350497366881217
SwinIR + PathologyLoss,BraTS2021_00009,30.27592,0.9821884632110596,0.08886605,0.0,nan,nan
SwinIR + PathologyLoss,BraTS2021_00045,32.08239,0.9831650257110596,0.118961066,0.8998628257887518,nan,nan
SwinIR + PathologyLoss,BraTS2021_00072,32.879673,0.9690519571304321,0.090925954,0.9222567747667704,0.9539641943734015,0.8504347826086956
SwinIR + PathologyLoss,BraTS2021_00060,31.568241,0.9772621393203735,0.13278393,0.8766184310738766,0.8927000879507476,0.8002238388360381
SwinIR + PathologyLoss,BraTS2021_00022,31.465681,0.9799955487251282,0.07899682,0.9863803038239917,0.9505526468877254,0.9070887818306951
SwinIR + PathologyLoss,BraTS2021_00026,32.008133,0.9785463809967041,0.10942805,0.6510067114093959,0.7073170731707317,0.7073170731707317
SwinIR + PathologyLoss,BraTS2021_00049,28.78571,0.9856024980545044,0.0845396,0.9670773581094728,0.9304229195088677,0.8539741219963032
SwinIR + PathologyLoss,BraTS2021_00024,32.33076,0.9866069555282593,0.07541718,0.9701321079839172,nan,nan
SwinIR + PathologyLoss,BraTS2021_00002,31.954857,0.9815954566001892,0.081506304,0.9428343525658069,0.7947964750314729,0.6511627906976745
SwinIR + PathologyLoss,BraTS2021_00072,32.94216,0.9779787063598633,0.08596134,0.9666872301048736,0.9368745188606621,0.8101714961561206
SwinIR + PathologyLoss,BraTS2021_00066,31.330647,0.9761525988578796,0.08922353,0.9488158899923606,nan,nan
SwinIR + PathologyLoss,BraTS2021_00020,32.136086,0.9825881719589233,0.08572718,0.9523809523809523,0.9256198347107438,0.9166666666666666
SwinIR + PathologyLoss,BraTS2021_00051,32.20223,0.984785795211792,0.082386866,0.8625146886016452,0.0,0.0
SwinIR + PathologyLoss,BraTS2021_00008,30.75986,0.9726516604423523,0.09777048,0.9549356223175965,0.0,0.0
SwinIR + PathologyLoss,BraTS2021_00046,31.982025,0.9862741827964783,0.11772944,0.9120654396728016,0.7932960893854749,0.7932960893854749
SwinIR + PathologyLoss,BraTS2021_00043,31.756298,0.9898988604545593,0.10148157,0.972327726532827,0.0,0.0
SwinIR + PathologyLoss,BraTS2021_00060,32.964222,0.9766889214515686,0.09208358,0.9706336939721792,nan,nan
SwinIR + PathologyLoss,BraTS2021_00018,31.78511,0.9876594543457031,0.097814634,0.8057347670250896,0.7272727272727273,0.7272727272727273
SwinIR + PathologyLoss,BraTS2021_00048,32.369427,0.9767594933509827,0.09584113,0.9137931034482759,nan,nan
SwinIR + PathologyLoss,BraTS2021_00003,31.369556,0.9832034707069397,0.095728785,0.9607591690176969,0.9319826338639653,0.9319826338639653
SwinIR + PathologyLoss,BraTS2021_00024,31.445267,0.981937050819397,0.09089388,0.9093494489868468,nan,nan
SwinIR + PathologyLoss,BraTS2021_00028,30.656908,0.9642419219017029,0.11278719,0.7204968944099379,0.3161290322580645,0.3161290322580645
SwinIR + PathologyLoss,BraTS2021_00014,30.03274,0.9780299663543701,0.10888864,0.935813953488372,0.3967611336032389,0.3967611336032389
SwinIR + PathologyLoss,BraTS2021_00063,31.435211,0.9775134325027466,0.09134216,0.8155970755483347,0.8122605363984674,0.8122605363984674
SwinIR + PathologyLoss,BraTS2021_00060,31.870773,0.9846037030220032,0.09067501,0.980428134556575,0.9544072948328267,0.851123595505618
SwinIR + PathologyLoss,BraTS2021_00046,31.85733,0.9804105162620544,0.08653482,0.9636996519144704,0.9406494960806271,0.9171270718232044
SwinIR + PathologyLoss,BraTS2021_00072,32.727207,0.9552971124649048,0.10123464,0.0,nan,nan
SwinIR + PathologyLoss,BraTS2021_00053,33.208767,0.9776031970977783,0.109880134,0.9317191283292978,0.8708661417322835,0.7980629539951574
SwinIR + PathologyLoss,BraTS2021_00070,31.9882,0.9843590259552002,0.07419823,0.9661572052401747,nan,nan
SwinIR + PathologyLoss,BraTS2021_00019,32.833702,0.9832127094268799,0.10467408,0.04716981132075472,nan,nan
SwinIR + PathologyLoss,BraTS2021_00022,31.50455,0.9689971208572388,0.083860524,0.950937950937951,0.8948655256723717,0.8941896024464832
SwinIR + PathologyLoss,BraTS2021_00024,32.215847,0.9853717684745789,0.07813769,0.9553990610328639,nan,nan
SwinIR + PathologyLoss,BraTS2021_00012,31.046438,0.9880831241607666,0.07867572,0.8959810874704491,0.0,nan
SwinIR + PathologyLoss,BraTS2021_00011,31.800745,0.9759213328361511,0.08056766,0.8980099502487562,0.0,0.0
SwinIR + PathologyLoss,BraTS2021_00043,31.523563,0.9887415170669556,0.07453312,0.9743003997715591,0.9095074455899198,0.3724137931034483
SwinIR + PathologyLoss,BraTS2021_00017,31.680605,0.9722718596458435,0.09666929,0.9438444924406048,0.0,0.0
SwinIR + PathologyLoss,BraTS2021_00056,30.572813,0.9745980501174927,0.09779488,0.9835042353990192,0.9621911283119976,0.9181981981981981
SwinIR + PathologyLoss,BraTS2021_00059,31.706814,0.9808173179626465,0.0738162,0.9390681003584229,0.44929797191887677,0.44929797191887677
SwinIR + PathologyLoss,BraTS2021_00020,31.278708,0.9773823618888855,0.097770825,0.8559218559218559,0.9230769230769231,0.8106995884773662
SwinIR + PathologyLoss,BraTS2021_00044,30.846786,0.979194700717926,0.090025,0.9741282339707537,0.9625668449197861,0.8878923766816144
SwinIR + PathologyLoss,BraTS2021_00070,32.244263,0.988519012928009,0.06570292,0.9927855006158719,0.9831144465290806,0.9370485036119711
SwinIR + PathologyLoss,BraTS2021_00068,30.78329,0.9786099195480347,0.09425386,0.9634641407307172,0.8408710217755444,0.8408710217755444
SwinIR + PathologyLoss,BraTS2021_00006,33.425014,0.9921866059303284,0.062173333,0.9584635998213488,0.9278350515463918,0.9278350515463918
SwinIR + PathologyLoss,BraTS2021_00012,31.722,0.9916843175888062,0.06404724,0.9678669097538742,0.8321218414676359,0.0
SwinIR + PathologyLoss,BraTS2021_00045,32.45005,0.97636479139328,0.092153065,0.9758011772400261,0.9251439539347409,0.825531914893617
SwinIR + PathologyLoss,BraTS2021_00000,30.06236,0.9720383286476135,0.09947186,0.9785745518146043,0.9672429481346679,0.9308966304968589
SwinIR + PathologyLoss,BraTS2021_00053,33.407482,0.9855296015739441,0.100131504,0.9579225775426785,0.9412698412698413,0.8442437923250564
SwinIR + PathologyLoss,BraTS2021_00021,32.93839,0.9756527543067932,0.09157903,0.6496259351620948,nan,nan
SwinIR + PathologyLoss,BraTS2021_00012,31.18114,0.9893210530281067,0.0726335,0.978005115089514,0.6760975609756098,0.0
SwinIR + PathologyLoss,BraTS2021_00017,31.59309,0.9772459268569946,0.09045822,0.9532019704433498,0.0,0.0
SwinIR + PathologyLoss,BraTS2021_00036,31.896212,0.9665685892105103,0.113643356,0.2261904761904762,nan,nan
SwinIR + PathologyLoss,BraTS2021_00062,31.897419,0.9885585904121399,0.10296745,0.9576427255985267,0.0,0.0
SwinIR + PathologyLoss,BraTS2021_00052,33.17843,0.9887259602546692,0.10740293,0.7592954990215264,0.7902869757174393,0.7902869757174393
SwinIR + PathologyLoss,BraTS2021_00032,32.0931,0.9696577191352844,0.09791073,0.8914069877242682,nan,nan
SwinIR + PathologyLoss,BraTS2021_00032,33.229637,0.9820284843444824,0.07918994,0.9708926261319534,0.9481865284974094,0.9315789473684211
SwinIR + PathologyLoss,BraTS2021_00003,31.28394,0.9853057861328125,0.11188376,0.9291681801670905,nan,nan
SwinIR + PathologyLoss,BraTS2021_00051,33.07467,0.9942452311515808,0.054022692,0.9753060800996057,0.8323353293413174,0.8253012048192772
SwinIR + PathologyLoss,BraTS2021_00054,31.723103,0.9638809561729431,0.09027404,0.967134184634708,0.9052582812138059,0.7257383966244726
SwinIR + PathologyLoss,BraTS2021_00064,31.903154,0.9827191829681396,0.09064818,0.9436545550289626,0.7965043695380774,0.7334293948126801
SwinIR + PathologyLoss,BraTS2021_00064,31.061169,0.9721249341964722,0.1119526,0.8798882681564246,0.0,0.0
SwinIR + PathologyLoss,BraTS2021_00043,30.99241,0.987787663936615,0.09974838,0.9576174112256587,0.38444924406047515,0.3877995642701525
SwinIR + PathologyLoss,BraTS2021_00000,30.436316,0.978550910949707,0.09146892,0.955158585490339,0.971473231731145,0.9304197814836113
SwinIR + PathologyLoss,BraTS2021_00030,32.203644,0.9779119491577148,0.09107313,0.9525691699604744,0.0,0.0
SwinIR + PathologyLoss,BraTS2021_00016,30.077087,0.9910697340965271,0.073355295,0.9066666666666666,0.9141965678627145,0.8451327433628318
SwinIR + PathologyLoss,BraTS2021_00052,33.352703,0.987737238407135,0.06494589,0.9463350785340314,nan,nan
SwinIR + PathologyLoss,BraTS2021_00043,31.104942,0.9887077212333679,0.09942188,0.9426264343391415,0.1618798955613577,0.1618798955613577
SwinIR + PathologyLoss,BraTS2021_00060,33.46108,0.983429491519928,0.14118886,0.7822085889570553,0.6406685236768802,0.6442577030812325
SwinIR + PathologyLoss,BraTS2021_00024,32.33274,0.9874692559242249,0.08497593,0.8936170212765957,0.26666666666666666,0.26666666666666666
SwinIR + PathologyLoss,BraTS2021_00064,33.40883,0.9821639657020569,0.081423685,0.8743667679837892,0.8241379310344827,0.7772277227722773
SwinIR + PathologyLoss,BraTS2021_00058,30.964905,0.9526073336601257,0.104448505,0.8970588235294118,0.9009009009009009,0.9009009009009009
SwinIR + PathologyLoss,BraTS2021_00008,31.133343,0.9685316681861877,0.09423565,0.9175824175824175,nan,nan
SwinIR + PathologyLoss,BraTS2021_00052,32.127487,0.9847867488861084,0.114911646,0.8200589970501475,0.880184331797235,0.8533653846153846
SwinIR + PathologyLoss,BraTS2021_00002,32.224586,0.9858015775680542,0.07533363,0.9469214437367304,0.9508460918614021,0.8265460030165912
SwinIR + PathologyLoss,BraTS2021_00033,31.032858,0.9864935278892517,0.093254246,0.9789925457420375,0.0,0.0
SwinIR + PathologyLoss,BraTS2021_00016,29.629795,0.9869539141654968,0.08620411,0.6339712918660287,0.45714285714285713,0.45714285714285713
SwinIR + PathologyLoss,BraTS2021_00018,31.661253,0.9835610389709473,0.08320023,0.884301488238118,0.16,0.16
SwinIR + PathologyLoss,BraTS2021_00011,32.1296,0.9886982440948486,0.0668661,0.9783427495291902,0.813953488372093,0.813953488372093
SwinIR + PathologyLoss,BraTS2021_00012,31.328394,0.9888699054718018,0.07575467,0.9219547775346463,0.0,nan
SwinIR + PathologyLoss,BraTS2021_00008,31.01727,0.9676470160484314,0.09400826,0.9560585885486018,nan,nan
SwinIR + PathologyLoss,BraTS2021_00070,31.389896,0.9847075343132019,0.083550975,0.9708788351534061,0.8165869218500797,0.8165869218500797
SwinIR + PathologyLoss,BraTS2021_00020,31.447687,0.9765878915786743,0.09893868,0.9395866454689984,0.9628318584070796,0.8667917448405253
SwinIR + PathologyLoss,BraTS2021_00070,31.526695,0.9870537519454956,0.104834825,0.9535689535689535,nan,nan
SwinIR + PathologyLoss,BraTS2021_00005,32.916725,0.9895423054695129,0.07229477,0.9852631578947368,0.938337801608579,0.7589424572317263
SwinIR + PathologyLoss,BraTS2021_00017,31.392214,0.9717168211936951,0.09760946,0.9638814016172507,nan,nan
SwinIR + PathologyLoss,BraTS2021_00072,32.665894,0.9531129598617554,0.098998904,0.7653061224489796,0.8842443729903537,0.8586206896551725
SwinIR + PathologyLoss,BraTS2021_00045,31.276648,0.9735550284385681,0.10463164,0.9784537389100126,0.9746300211416491,0.914572864321608
SwinIR + PathologyLoss,BraTS2021_00025,31.41198,0.989778459072113,0.06788517,0.5732484076433121,nan,nan
SwinIR + PathologyLoss,BraTS2021_00070,31.510374,0.984337568283081,0.082150936,0.9840788476118272,0.911504424778761,0.911504424778761
SwinIR + PathologyLoss,BraTS2021_00002,31.947166,0.9848094582557678,0.0773729,0.9337828725556305,0.9429190751445087,0.7784946236559139
SwinIR + PathologyLoss,BraTS2021_00032,32.075687,0.9650282859802246,0.097598866,0.541871921182266,nan,nan
SwinIR + PathologyLoss,BraTS2021_00012,31.21134,0.9898675680160522,0.07345629,0.9037656903765691,0.0,nan
SwinIR + PathologyLoss,BraTS2021_00049,29.3087,0.986526370048523,0.07748248,0.980284989264103,0.9442379182156134,0.8875219683655536
SwinIR + PathologyLoss,BraTS2021_00025,31.018509,0.9859856367111206,0.07417282,0.37209302325581395,nan,nan
SwinIR + PathologyLoss,BraTS2021_00026,32.269295,0.9764143228530884,0.09078498,0.948073701842546,0.8954344624447718,0.8587381351200447
SwinIR + PathologyLoss,BraTS2021_00033,32.309795,0.9909253120422363,0.070453145,0.9786995515695067,0.46153846153846156,0.46153846153846156
SwinIR + PathologyLoss,BraTS2021_00020,30.77621,0.951082170009613,0.118409686,0.898989898989899,0.896551724137931,0.896551724137931
SwinIR + PathologyLoss,BraTS2021_00044,31.694653,0.9832011461257935,0.080447264,0.9539594843462247,nan,nan
SwinIR + PathologyLoss,BraTS2021_00012,31.21352,0.9916461110115051,0.06525982,0.9636238846945779,0.763494713411241,0.0
SwinIR + PathologyLoss,BraTS2021_00028,31.087116,0.9727349281311035,0.0997459,0.6866666666666666,0.0,0.0
SwinIR + PathologyLoss,BraTS2021_00033,33.388367,0.9869868159294128,0.120514095,0.8934240362811792,nan,nan
SwinIR + PathologyLoss,BraTS2021_00020,32.700096,0.9810937643051147,0.084695905,0.0,nan,nan
SwinIR + PathologyLoss,BraTS2021_00021,31.453707,0.9555655717849731,0.12159469,0.625090645395214,nan,nan
SwinIR + PathologyLoss,BraTS2021_00071,31.9458,0.9794493913650513,0.091112375,0.9095607235142119,0.9613095238095238,0.9112709832134293
SwinIR + PathologyLoss,BraTS2021_00005,32.47161,0.984438419342041,0.080870695,0.9433211799801127,0.9162833486660533,0.8278145695364238
SwinIR + PathologyLoss,BraTS2021_00068,30.925873,0.9834024906158447,0.07497767,0.9643956043956043,0.9490713001797484,0.9241475295755045
SwinIR + PathologyLoss,BraTS2021_00000,30.91055,0.9792378544807434,0.085177675,0.9779005524861878,0.9763709317877842,0.9295426452410384
SwinIR + PathologyLoss,BraTS2021_00066,31.770744,0.9794942736625671,0.08183442,0.9618937644341802,0.8645833333333334,0.8645833333333334
SwinIR + PathologyLoss,BraTS2021_00059,31.277695,0.9700186252593994,0.081648245,0.9089941458222459,nan,nan
SwinIR + PathologyLoss,BraTS2021_00046,31.131372,0.9826251268386841,0.10205928,0.939203354297694,0.5279187817258884,0.5279187817258884
SwinIR + PathologyLoss,BraTS2021_00030,33.040237,0.9795323014259338,0.08183624,0.9659975419909873,0.9644736842105263,0.8575197889182058
SwinIR + PathologyLoss,BraTS2021_00028,31.442175,0.9718610644340515,0.098621555,0.9288888888888889,0.0,0.0
SwinIR + PathologyLoss,BraTS2021_00044,31.840527,0.9802069664001465,0.08207007,0.9539295392953929,nan,nan
SwinIR + PathologyLoss,BraTS2021_00059,30.333921,0.9687167406082153,0.09221563,0.9285714285714286,nan,nan
SwinIR + PathologyLoss,BraTS2021_00036,31.328028,0.9563910961151123,0.14181264,0.6717557251908397,0.4198473282442748,0.4198473282442748
SwinIR + PathologyLoss,BraTS2021_00006,32.504757,0.9907570481300354,0.06711306,0.975,0.9826812059012188,0.8840381991814461
SwinIR + PathologyLoss,BraTS2021_00006,32.262188,0.9901127815246582,0.06964258,0.9765832889835019,0.9822718319107026,0.9294964028776979
SwinIR + PathologyLoss,BraTS2021_00062,31.82353,0.9875730276107788,0.07730107,0.9521531100478469,nan,nan
SwinIR + PathologyLoss,BraTS2021_00033,31.742645,0.9856027364730835,0.08677963,0.9624336463862802,nan,nan
SwinIR + PathologyLoss,BraTS2021_00048,31.902685,0.9667550325393677,0.10456357,0.8746298124383021,nan,nan
SwinIR + PathologyLoss,BraTS2021_00066,30.60302,0.9763327836990356,0.10479506,0.9675324675324676,nan,nan
SwinIR + PathologyLoss,BraTS2021_00064,33.480392,0.9801848530769348,0.08168653,0.7431302270011948,0.8164948453608247,0.7849462365591398
SwinIR + PathologyLoss,BraTS2021_00035,31.943111,0.9794621467590332,0.0796276,0.9651442307692307,0.9119086460032626,0.7963446475195822
SwinIR + PathologyLoss,BraTS2021_00018,31.264456,0.990288257598877,0.07212606,0.975590394919627,0.8468102397399431,0.7485436893203884
SwinIR + PathologyLoss,BraTS2021_00060,31.722738,0.9842853546142578,0.09171995,0.9705648369132857,0.9676623056035547,0.8850136239782016
SwinIR + PathologyLoss,BraTS2021_00044,30.699295,0.9746471047401428,0.09523918,0.9508196721311475,0.9206349206349206,0.9206349206349206
SwinIR + PathologyLoss,BraTS2021_00044,30.61588,0.9766437411308289,0.09342205,0.9563218390804598,0.9485903814262023,0.8421052631578947
SwinIR + PathologyLoss,BraTS2021_00017,31.85202,0.9769799113273621,0.12122912,0.0,0.0,0.0
SwinIR + PathologyLoss,BraTS2021_00049,30.726196,0.9901844263076782,0.06731987,0.9519145146927872,0.0,0.0
SwinIR + PathologyLoss,BraTS2021_00021,31.581764,0.9481236338615417,0.11249302,0.8427046263345196,0.0,0.0
SwinIR + PathologyLoss,BraTS2021_00035,32.0923,0.9734593629837036,0.08303752,0.9613920609026645,nan,nan
SwinIR + PathologyLoss,BraTS2021_00008,30.39597,0.9728147387504578,0.098873585,0.9328537170263789,nan,nan
SwinIR + PathologyLoss,BraTS2021_00053,33.40179,0.981969952583313,0.10664375,0.9421221864951769,0.8942351339083069,0.7829736211031175
SwinIR + PathologyLoss,BraTS2021_00036,31.12858,0.9614664316177368,0.13312994,0.9386548410938654,0.587352625937835,0.6574923547400612
SwinIR + PathologyLoss,BraTS2021_00030,33.05539,0.9769009947776794,0.081765346,0.9461266220998821,0.9754479097544791,0.9024745269286754
SwinIR + PathologyLoss,BraTS2021_00062,31.995975,0.9887730479240417,0.07130243,0.9625629949604032,nan,nan
SwinIR + PathologyLoss,BraTS2021_00062,31.121023,0.9890280961990356,0.07506599,0.9800773119238775,0.0,0.0
SwinIR + PathologyLoss,BraTS2021_00005,32.640854,0.9884915351867676,0.07563993,0.9822138522703494,0.9571852479864349,0.7892976588628763
SwinIR + PathologyLoss,BraTS2021_00019,32.178772,0.9848505258560181,0.08335504,0.955861581920904,0.763471355643789,0.7723342939481268
SwinIR + PathologyLoss,BraTS2021_00056,33.084587,0.9871533513069153,0.117731124,0.0,0.0,0.0
SwinIR + PathologyLoss,BraTS2021_00054,31.582367,0.9502825140953064,0.09522893,0.9744023693674635,0.9483899426554918,0.786833855799373
SwinIR + PathologyLoss,BraTS2021_00031,31.114365,0.9823769330978394,0.09755319,0.6854460093896714,nan,nan
SwinIR + PathologyLoss,BraTS2021_00025,30.338242,0.975789487361908,0.08705286,0.7093596059113301,nan,nan
SwinIR + PathologyLoss,BraTS2021_00012,32.844425,0.9909842014312744,0.10520286,0.9575021682567216,nan,nan
SwinIR + PathologyLoss,BraTS2021_00031,32.878708,0.984068751335144,0.07485111,0.9259565097715386,0.5816831683168316,0.658493870402802
SwinIR + PathologyLoss,BraTS2021_00000,31.992529,0.9872419834136963,0.07400937,0.7877094972067039,0.8759493670886076,0.8759493670886076
SwinIR + PathologyLoss,BraTS2021_00002,31.826778,0.9792381525039673,0.09099384,0.9394145677331518,nan,nan
SwinIR + PathologyLoss,BraTS2021_00045,32.40625,0.976222813129425,0.09217648,0.9352941176470588,nan,nan
SwinIR + PathologyLoss,BraTS2021_00068,31.02851,0.980438768863678,0.07464922,0.9564005574357953,0.9475054229934924,0.9139072847682119
SwinIR + PathologyLoss,BraTS2021_00022,30.170841,0.9669337868690491,0.1052989,0.8187672493100276,0.7873015873015873,0.6527777777777778
SwinIR + PathologyLoss,BraTS2021_00011,30.991919,0.9772701859474182,0.09451536,0.85383502170767,0.0,0.0
SwinIR + PathologyLoss,BraTS2021_00070,31.09,0.9860919713973999,0.104871444,0.9033352176370831,0.0,0.0
SwinIR + PathologyLoss,BraTS2021_00043,31.813957,0.9889318943023682,0.07401583,0.9766547651744026,0.9281045751633987,0.2903225806451613
SwinIR + PathologyLoss,BraTS2021_00019,33.218025,0.9864245653152466,0.0733251,0.8822902390741587,0.0,0.0
SwinIR + PathologyLoss,BraTS2021_00009,31.145737,0.9871804118156433,0.07499792,0.9650238473767886,nan,nan
SwinIR + PathologyLoss,BraTS2021_00032,32.08515,0.9805005192756653,0.08627591,0.9908148148148148,0.8382608695652174,0.8676470588235294
SwinIR + PathologyLoss,BraTS2021_00011,31.743458,0.9830874800682068,0.07633888,0.964414646725116,0.0,0.0
SwinIR + PathologyLoss,BraTS2021_00000,30.810547,0.9792483448982239,0.085597426,0.9658502932045533,0.9681728880157171,0.9019607843137255
SwinIR + PathologyLoss,BraTS2021_00053,31.627779,0.9769113659858704,0.1291456,0.9695885509838998,0.9546436285097192,0.9546436285097192
SwinIR + PathologyLoss,BraTS2021_00018,31.679451,0.9861616492271423,0.073552564,0.9861066235864298,0.9611730689797604,0.8452579034941764
SwinIR + PathologyLoss,BraTS2021_00071,32.215122,0.9795902371406555,0.083345,0.20869565217391303,nan,nan
SwinIR + PathologyLoss,BraTS2021_00005,32.685753,0.9876201152801514,0.07726047,0.9569811320754718,0.9570170895908856,0.8480463096960926
SwinIR + PathologyLoss,BraTS2021_00070,32.173847,0.9865208268165588,0.07013128,0.9348260695721712,0.0,0.0
SwinIR + PathologyLoss,BraTS2021_00019,33.298256,0.9856151342391968,0.07605642,0.8914427706165554,0.5151515151515151,0.5151515151515151
SwinIR + PathologyLoss,BraTS2021_00053,32.51552,0.9642069339752197,0.13319588,0.8980061349693251,0.8865726548129982,0.8526816021724372
SwinIR + PathologyLoss,BraTS2021_00006,31.289103,0.9814155101776123,0.09063106,0.9205219454329775,nan,nan
SwinIR + PathologyLoss,BraTS2021_00048,32.003983,0.9774619340896606,0.09511783,0.6774628879892037,nan,nan
SwinIR + PathologyLoss,BraTS2021_00002,30.901802,0.9714750051498413,0.11860965,0.7572815533980582,nan,nan
SwinIR + PathologyLoss,BraTS2021_00006,33.50238,0.9937171339988708,0.058418475,0.9607961399276237,0.9705882352941176,0.9283018867924528
SwinIR + PathologyLoss,BraTS2021_00051,32.359814,0.9898437857627869,0.06605266,0.9725325884543762,0.9707207207207207,0.8819672131147541
SwinIR + PathologyLoss,BraTS2021_00043,30.36997,0.9861828088760376,0.093668744,0.9636632200886263,0.8052708638360175,0.7958579881656804
SwinIR + PathologyLoss,BraTS2021_00049,30.398663,0.989392876625061,0.113165066,0.8809368900455433,0.0,0.0
SwinIR + PathologyLoss,BraTS2021_00045,31.452385,0.9709442257881165,0.106834725,0.9789674952198852,0.9497435897435897,0.8764805414551607
SwinIR + PathologyLoss,BraTS2021_00071,32.81916,0.9819360971450806,0.080188826,0.7789473684210526,nan,nan
SwinIR + PathologyLoss,BraTS2021_00031,31.303497,0.9820908904075623,0.10498292,0.9186351706036745,nan,nan
SwinIR + PathologyLoss,BraTS2021_00024,32.46181,0.9867767095565796,0.08820135,0.9040697674418605,0.873015873015873,0.873015873015873
SwinIR + PathologyLoss,BraTS2021_00059,30.666302,0.968734622001648,0.08972254,0.8330733229329174,nan,nan
SwinIR + PathologyLoss,BraTS2021_00071,32.145687,0.9765347838401794,0.086596675,0.0,nan,nan
SwinIR + PathologyLoss,BraTS2021_00060,30.727383,0.9779855608940125,0.10858365,0.9759894022189104,0.9591291846375025,0.858997475658132
SwinIR + PathologyLoss,BraTS2021_00054,31.080376,0.9550535678863525,0.107975185,0.9235628553379659,0.9094988780852655,0.854468085106383
SwinIR + PathologyLoss,BraTS2021_00033,32.83756,0.9882823824882507,0.107897826,0.8363892806770099,nan,nan
SwinIR + PathologyLoss,BraTS2021_00021,32.16154,0.9482999444007874,0.10684456,0.8456273764258555,nan,nan
SwinIR + PathologyLoss,BraTS2021_00021,31.460894,0.9548498392105103,0.118511155,0.7503207595586349,nan,nan
SwinIR + PathologyLoss,BraTS2021_00044,31.533165,0.9849991202354431,0.0801114,0.9480851063829787,0.9793510324483776,0.9793510324483776
SwinIR + PathologyLoss,BraTS2021_00032,32.221165,0.9676221013069153,0.098239236,0.8588410104011887,nan,nan
SwinIR + PathologyLoss,BraTS2021_00030,33.07575,0.9801590442657471,0.08027219,0.9573738363547281,0.9637841832963784,0.9068100358422939
SwinIR + PathologyLoss,BraTS2021_00052,31.649563,0.9849120378494263,0.09373398,0.9255533199195171,0.9100719424460432,0.875
SwinIR + PathologyLoss,BraTS2021_00025,30.839111,0.9809185266494751,0.081230536,0.6254826254826255,nan,nan
SwinIR + PathologyLoss,BraTS2021_00009,30.20591,0.980999767780304,0.09244269,nan,nan,nan
SwinIR + PathologyLoss,BraTS2021_00002,31.605614,0.9787607192993164,0.086502984,0.9532710280373832,0.8069073783359497,0.6784599375650364
SwinIR + PathologyLoss,BraTS2021_00032,31.950445,0.9665210843086243,0.09819015,0.8076923076923077,nan,nan
SwinIR + PathologyLoss,BraTS2021_00052,31.728296,0.9842720031738281,0.09549905,0.905446293494705,0.8919330289193302,0.8633333333333333
SwinIR + PathologyLoss,BraTS2021_00052,33.266453,0.9906529784202576,0.06325306,0.9516908212560387,nan,nan
SwinIR + PathologyLoss,BraTS2021_00054,31.443365,0.9596200585365295,0.09958891,0.9610699785048961,0.9153945666235447,0.7595343235648334
SwinIR + PathologyLoss,BraTS2021_00016,31.169643,0.9927041530609131,0.06590779,0.8720173535791758,0.8128342245989305,0.8128342245989305
SwinIR + PathologyLoss,BraTS2021_00064,31.878838,0.9812001585960388,0.0916578,0.9630121816168328,0.9427740058195926,0.8053365676167374
SwinIR + PathologyLoss,BraTS2021_00031,32.64753,0.9862301349639893,0.074562654,0.9308584686774942,0.5768115942028985,0.6706586826347305
SwinIR + PathologyLoss,BraTS2021_00063,32.34758,0.9869652986526489,0.14470235,0.9468599033816425,0.8210116731517509,0.8140900195694716
SwinIR + PathologyLoss,BraTS2021_00003,33.316807,0.9875314235687256,0.07354497,0.9557326250553342,0.9128390596745027,0.7733755942947702
SwinIR + PathologyLoss,BraTS2021_00030,32.83586,0.9708046317100525,0.09066088,0.9568281938325991,0.9369369369369369,0.9275808936825886
SwinIR + PathologyLoss,BraTS2021_00000,32.089104,0.9867135286331177,0.07431647,0.8822984244670992,0.9462068965517242,0.9447513812154696
SwinIR + PathologyLoss,BraTS2021_00056,31.193483,0.979723334312439,0.105454996,0.9459783913565426,0.9678004535147392,0.9476213358962038
SwinIR + PathologyLoss,BraTS2021_00022,30.432112,0.9701567888259888,0.0981405,0.9013671875,0.900709219858156,0.787676935886761
SwinIR + PathologyLoss,BraTS2021_00032,32.54093,0.9830441474914551,0.08143838,0.9667294413057125,0.9384164222873901,0.8729281767955801
SwinIR + PathologyLoss,BraTS2021_00022,30.650154,0.9714608788490295,0.095162526,0.9536713286713286,0.9719376391982183,0.8956127080181543
SwinIR + PathologyLoss,BraTS2021_00043,30.990364,0.9868382811546326,0.097223386,0.9517906336088154,0.6447876447876448,0.6498054474708171
SwinIR + PathologyLoss,BraTS2021_00071,31.474136,0.9748806357383728,0.10429791,0.8878591288229842,0.0,0.0
SwinIR + PathologyLoss,BraTS2021_00059,31.233032,0.9788877964019775,0.07719699,0.9057406094968108,0.6389776357827476,0.6389776357827476
SwinIR + PathologyLoss,BraTS2021_00019,34.10829,0.9817219376564026,0.073955156,0.4896142433234421,0.0,0.0
SwinIR + PathologyLoss,BraTS2021_00071,32.607513,0.9853513836860657,0.08327361,0.7873754152823921,nan,nan
SwinIR + PathologyLoss,BraTS2021_00062,31.865768,0.9884315729141235,0.07287564,0.9808781869688386,nan,nan
SwinIR + PathologyLoss,BraTS2021_00033,32.620857,0.9878643751144409,0.109031074,0.8517520215633423,nan,nan
SwinIR + PathologyLoss,BraTS2021_00000,31.365587,0.9824457764625549,0.081307836,0.9353169469598965,0.9527085124677558,0.9150849150849151
SwinIR + PathologyLoss,BraTS2021_00032,32.308304,0.9806784391403198,0.08496694,0.9941245593419507,0.9024,0.8915254237288136
SwinIR + PathologyLoss,BraTS2021_00016,29.621496,0.9852042198181152,0.097463414,0.0,nan,nan
SwinIR + PathologyLoss,BraTS2021_00045,31.316261,0.97440505027771,0.119356275,0.9753086419753086,0.9356014580801945,0.8577154308617234
SwinIR + PathologyLoss,BraTS2021_00056,31.307083,0.9812734127044678,0.09973486,0.969258589511754,0.96,0.9233673084182711
SwinIR + PathologyLoss,BraTS2021_00066,31.20698,0.9750216603279114,0.08993746,0.8785912882298424,nan,nan
SwinIR + PathologyLoss,BraTS2021_00016,29.54194,0.9838603734970093,0.09292386,0.4269230769230769,nan,nan
SwinIR + PathologyLoss,BraTS2021_00003,32.817047,0.9804162383079529,0.08890612,0.9009216589861752,0.9058971141781681,0.9003783102143758
SwinIR + PathologyLoss,BraTS2021_00044,32.299934,0.9883196949958801,0.07223981,0.9783923941227312,nan,nan
SwinIR + PathologyLoss,BraTS2021_00051,32.31652,0.9915764927864075,0.061077844,0.955331088664422,0.9463148316651502,0.9405306495882891
SwinIR + PathologyLoss,BraTS2021_00002,33.327293,0.9851099252700806,0.13595541,0.0,nan,nan
SwinIR + PathologyLoss,BraTS2021_00059,31.061743,0.9686015844345093,0.0835673,0.8851063829787233,nan,nan
SwinIR + PathologyLoss,BraTS2021_00058,30.969698,0.9568331241607666,0.10399848,0.874251497005988,0.927007299270073,0.9097744360902256
SwinIR + PathologyLoss,BraTS2021_00070,32.12833,0.9869263172149658,0.07237089,0.9885249321927811,0.9727851766068326,0.9386401326699834
SwinIR + PathologyLoss,BraTS2021_00000,30.731764,0.9726735353469849,0.109560624,0.909272183449651,0.943127962085308,0.9380952380952381
SwinIR + PathologyLoss,BraTS2021_00035,32.52918,0.9789122343063354,0.07405528,0.9844827586206897,0.8901098901098901,0.8901098901098901
SwinIR + PathologyLoss,BraTS2021_00020,32.007977,0.9811142086982727,0.088608906,0.9470967741935484,0.9274447949526814,0.8680555555555556
SwinIR + PathologyLoss,BraTS2021_00060,34.085285,0.9839280247688293,0.14536466,0.5551330798479087,0.5925925925925926,0.5925925925925926
SwinIR + PathologyLoss,BraTS2021_00066,31.335947,0.9826622605323792,0.08432474,0.959546925566343,nan,nan
SwinIR + PathologyLoss,BraTS2021_00002,31.75188,0.9800593852996826,0.09122371,0.9425706472196901,nan,nan
SwinIR + PathologyLoss,BraTS2021_00058,30.475628,0.9681460857391357,0.11210566,0.9565903709550119,0.9236031927023945,0.8851540616246498
SwinIR + PathologyLoss,BraTS2021_00053,32.740788,0.9841079115867615,0.10614628,0.9745257452574526,0.9503407984420643,0.8955223880597015
SwinIR + PathologyLoss,BraTS2021_00066,30.978182,0.9822091460227966,0.0860397,0.9786497403346798,0.926829268292683,0.8445475638051044
SwinIR + PathologyLoss,BraTS2021_00003,31.952496,0.9844444990158081,0.08631876,0.9626832518880497,0.9168413696715584,0.8866920152091254
SwinIR + PathologyLoss,BraTS2021_00026,32.038143,0.9787758588790894,0.089297675,0.8315217391304348,0.8288590604026845,0.8025134649910234
SwinIR + PathologyLoss,BraTS2021_00033,32.57611,0.990404486656189,0.070783824,0.9809087437953418,0.22916666666666666,0.25287356321839083
SwinIR + PathologyLoss,BraTS2021_00006,33.055477,0.9888114929199219,0.07266776,0.9694501018329938,nan,nan
SwinIR + PathologyLoss,BraTS2021_00033,32.09562,0.9866695404052734,0.079542324,0.974437237695536,0.5151515151515151,0.5151515151515151
SwinIR + PathologyLoss,BraTS2021_00012,31.016422,0.9880651831626892,0.07422295,0.9765780071456928,0.70188920909382,0.0
SwinIR + PathologyLoss,BraTS2021_00036,31.978226,0.9675447344779968,0.1436733,0.6622516556291391,0.42276422764227645,0.42276422764227645
SwinIR + PathologyLoss,BraTS2021_00032,32.832333,0.9805683493614197,0.08227768,0.9389942291838417,0.0,0.0
SwinIR + PathologyLoss,BraTS2021_00059,30.92561,0.9727861881256104,0.08287575,0.8990435706695006,0.8997078870496592,0.895405669599218
SwinIR + PathologyLoss,BraTS2021_00051,31.77755,0.9853746891021729,0.081680395,0.8845315904139434,nan,nan
SwinIR + PathologyLoss,BraTS2021_00005,31.23538,0.9827346801757812,0.11050732,0.9661674986134221,0.9310344827586207,0.8900979325353645
SwinIR + PathologyLoss,BraTS2021_00019,32.186333,0.9807290434837341,0.092218,0.9263996644998952,0.7986270022883295,0.7116564417177914
SwinIR + PathologyLoss,BraTS2021_00012,30.988934,0.989013671875,0.07308078,0.9756302521008403,0.5958254269449715,0.0
SwinIR + PathologyLoss,BraTS2021_00049,30.999298,0.9906033277511597,0.06468464,0.9542438002095703,0.0,0.0
SwinIR + PathologyLoss,BraTS2021_00006,32.39031,0.9871811866760254,0.08403621,0.8945454545454545,nan,nan
SwinIR + PathologyLoss,BraTS2021_00059,30.79935,0.9718509912490845,0.08372566,0.9538396085939161,0.8955684007707129,0.7669094693028096
SwinIR + PathologyLoss,BraTS2021_00017,32.465645,0.988559901714325,0.07739163,0.9171752397558849,nan,nan
SwinIR + PathologyLoss,BraTS2021_00030,33.23018,0.9745343923568726,0.08173865,0.9598163030998852,0.9804713804713805,0.903485254691689
SwinIR + PathologyLoss,BraTS2021_00048,31.56585,0.9666206240653992,0.11571546,0.11981566820276497,nan,nan
SwinIR + PathologyLoss,BraTS2021_00030,33.055443,0.9762342572212219,0.08196233,0.9525993883792049,0.9732693625771076,0.9224489795918367
SwinIR + PathologyLoss,BraTS2021_00045,31.771564,0.9806981682777405,0.11247958,0.9741518578352181,0.9293563579277865,0.8564356435643564
SwinIR + PathologyLoss,BraTS2021_00012,31.740429,0.9898635149002075,0.07194012,0.9671629614521722,0.7917561185057965,0.0
SwinIR + PathologyLoss,BraTS2021_00048,32.109894,0.9777164459228516,0.09608863,0.8732876712328768,nan,nan
SwinIR + PathologyLoss,BraTS2021_00002,31.446663,0.9766057729721069,0.12121632,0.9124797406807131,nan,nan
SwinIR + PathologyLoss,BraTS2021_00068,31.723907,0.9874003529548645,0.09814949,0.7800289435600579,0.5774647887323944,0.5774647887323944
SwinIR + PathologyLoss,BraTS2021_00052,31.251394,0.9806026816368103,0.086464435,0.9615556548949485,0.9504420037503348,0.8805704099821747
SwinIR + PathologyLoss,BraTS2021_00024,32.597042,0.9851230382919312,0.07413185,0.9253567508232712,0.0,0.0
SwinIR + PathologyLoss,BraTS2021_00035,31.541351,0.9693403244018555,0.08509731,0.8798328108672936,0.8224043715846995,0.8100558659217877
SwinIR + PathologyLoss,BraTS2021_00062,32.075356,0.987452507019043,0.073515005,0.9575402635431918,nan,nan
SwinIR + PathologyLoss,BraTS2021_00066,30.7586,0.9768479466438293,0.10309091,0.9701897018970189,nan,nan
SwinIR + PathologyLoss,BraTS2021_00022,31.490211,0.9828401803970337,0.0779739,0.9734273318872018,0.9504950495049505,0.9065825778478518
SwinIR + PathologyLoss,BraTS2021_00043,31.577965,0.9885767698287964,0.07454264,0.9736334405144694,0.6929824561403509,0.41134751773049644
SwinIR + PathologyLoss,BraTS2021_00021,31.786533,0.94953852891922,0.11041944,0.8250808658870366,nan,nan
Uformer + PathologyLoss,BraTS2021_00036,32.762196,0.9776833653450012,0.102961175,0.9466537342386033,0.7002923976608187,0.8253968253968254
Uformer + PathologyLoss,BraTS2021_00070,31.36983,0.9845142960548401,0.09975267,0.9584905660377359,nan,nan
Uformer + PathologyLoss,BraTS2021_00016,31.612057,0.9928135871887207,0.06301654,0.9106796116504854,0.9275862068965517,0.8909090909090909
Uformer + PathologyLoss,BraTS2021_00043,32.54056,0.9910928010940552,0.06710889,0.9807204464738711,0.9053254437869822,0.5429864253393665
Uformer + PathologyLoss,BraTS2021_00036,32.59842,0.9788662195205688,0.10151595,0.956268221574344,0.7282463186077643,0.800561797752809
Uformer + PathologyLoss,BraTS2021_00020,31.766909,0.9796891212463379,0.09432513,0.9278642149929278,0.9598633646456021,0.8411633109619687
Uformer + PathologyLoss,BraTS2021_00035,33.635593,0.9816097617149353,0.06731065,0.9791420700511609,0.9479768786127167,0.8609271523178808
Uformer + PathologyLoss,BraTS2021_00062,31.274843,0.9863505959510803,0.07996374,0.9691337537338202,0.0,0.0
Uformer + PathologyLoss,BraTS2021_00048,34.940475,0.9886682629585266,0.06664428,0.9011494252873563,nan,nan
Uformer + PathologyLoss,BraTS2021_00003,34.598267,0.9881937503814697,0.06754786,0.9743922204213938,0.9691797060218112,0.9053420805998126
Uformer + PathologyLoss,BraTS2021_00026,33.364197,0.9882022738456726,0.07249932,0.8554545454545455,0.8459069020866774,0.8287385129490392
Uformer + PathologyLoss,BraTS2021_00046,32.247856,0.9836681485176086,0.086320974,0.9644527595884004,0.955794504181601,0.9432989690721649
Uformer + PathologyLoss,BraTS2021_00019,35.492344,0.9875015020370483,0.063410416,0.9052054794520548,nan,nan
Uformer + PathologyLoss,BraTS2021_00024,33.379665,0.9879167675971985,0.06618379,0.8859764089121888,0.0,0.0
Uformer + PathologyLoss,BraTS2021_00016,31.213873,0.9896697998046875,0.087032996,0.0,nan,nan
Uformer + PathologyLoss,BraTS2021_00019,34.237244,0.9891185164451599,0.06714566,0.9032009255688391,0.0,0.0
Uformer + PathologyLoss,BraTS2021_00060,33.375668,0.9828842282295227,0.08369647,0.9740608228980322,nan,nan
Uformer + PathologyLoss,BraTS2021_00028,30.651684,0.9775756001472473,0.12881796,0.8077858880778589,0.8571428571428571,0.8571428571428571
Uformer + PathologyLoss,BraTS2021_00031,31.9322,0.9836598634719849,0.103077516,0.6601941747572816,nan,nan
Uformer + PathologyLoss,BraTS2021_00048,32.736015,0.9761844277381897,0.093119815,0.9089184060721063,nan,nan
Uformer + PathologyLoss,BraTS2021_00059,32.71832,0.9835763573646545,0.06583689,0.9525213801238572,0.34782608695652173,0.34782608695652173
Uformer + PathologyLoss,BraTS2021_00046,32.50094,0.9821470975875854,0.079286404,0.9761300152361605,0.9390862944162437,0.9130434782608695
Uformer + PathologyLoss,BraTS2021_00028,30.604752,0.9740306735038757,0.117524184,0.8205128205128205,0.7934131736526946,0.7694753577106518
Uformer + PathologyLoss,BraTS2021_00036,32.687355,0.9805315732955933,0.09897022,0.9562352941176471,0.9624152803450401,0.8647959183673469
Uformer + PathologyLoss,BraTS2021_00059,31.170843,0.9780586361885071,0.07645816,0.9437939110070258,0.9491279069767442,0.9256704980842911
Uformer + PathologyLoss,BraTS2021_00048,34.441685,0.9898676872253418,0.069297925,0.9517766497461929,nan,nan
Uformer + PathologyLoss,BraTS2021_00026,34.273804,0.9900835156440735,0.06637969,0.7808535178777394,0.9073482428115016,0.8346153846153846
Uformer + PathologyLoss,BraTS2021_00051,34.6425,0.9957733154296875,0.042810775,0.9821194941125163,nan,nan
Uformer + PathologyLoss,BraTS2021_00071,32.444016,0.9805123805999756,0.08684819,0.9019607843137255,0.953168044077135,0.8825910931174089
Uformer + PathologyLoss,BraTS2021_00032,35.16486,0.9900185465812683,0.061395857,0.9252958579881657,0.0,0.0
Uformer + PathologyLoss,BraTS2021_00062,31.159225,0.9848487377166748,0.08341796,0.9459459459459459,nan,nan
Uformer + PathologyLoss,BraTS2021_00028,31.703297,0.9770607352256775,0.09259305,0.7585034013605442,0.0,0.0
Uformer + PathologyLoss,BraTS2021_00017,32.1083,0.9782498478889465,0.0885712,0.9288135593220339,0.0,0.0
Uformer + PathologyLoss,BraTS2021_00033,32.259747,0.9892593026161194,0.08826796,0.9664545980335454,nan,nan
Uformer + PathologyLoss,BraTS2021_00022,32.286266,0.9767813086509705,0.07384715,0.9535020600353149,0.8507014028056112,0.8478151682571572
Uformer + PathologyLoss,BraTS2021_00033,33.320045,0.9916315078735352,0.06589983,0.9795640326975477,0.7684021543985637,0.7684021543985637
Uformer + PathologyLoss,BraTS2021_00052,33.350876,0.9923436641693115,0.060141746,0.9447909447909448,nan,nan
Uformer + PathologyLoss,BraTS2021_00063,34.097378,0.9883815050125122,0.14299563,0.9336384439359268,0.8,0.8
Uformer + PathologyLoss,BraTS2021_00006,33.77264,0.9942597150802612,0.056166753,0.9572916666666667,0.9822485207100592,0.9222972972972973
Uformer + PathologyLoss,BraTS2021_00068,32.065147,0.9877138137817383,0.09826625,0.8589174800354925,0.5263157894736842,0.5263157894736842
Uformer + PathologyLoss,BraTS2021_00033,32.1905,0.98795485496521,0.09311161,0.9724770642201835,nan,nan
Uformer + PathologyLoss,BraTS2021_00011,31.735449,0.9764782786369324,0.08190856,0.9563729683490163,nan,nan
Uformer + PathologyLoss,BraTS2021_00030,34.71277,0.986864447593689,0.06812478,0.9732484076433121,0.9630146545708305,0.8832731648616126
Uformer + PathologyLoss,BraTS2021_00024,32.782673,0.9891628623008728,0.081468314,0.9311885612153709,0.7633587786259542,0.7633587786259542
Uformer + PathologyLoss,BraTS2021_00063,30.928318,0.981662929058075,0.100367226,0.9158878504672897,0.9550173010380623,0.9170182841068917
Uformer + PathologyLoss,BraTS2021_00030,32.986893,0.9703823924064636,0.09281529,0.0,nan,nan
Uformer + PathologyLoss,BraTS2021_00061,31.866186,0.9827070236206055,0.09002434,0.8325925925925926,0.7737068965517241,0.6605080831408776
Uformer + PathologyLoss,BraTS2021_00031,32.691444,0.9866334199905396,0.07279479,0.8958333333333334,0.8206896551724138,0.8206896551724138
Uformer + PathologyLoss,BraTS2021_00053,33.25765,0.9774228930473328,0.10938479,0.9331210191082803,0.8907749077490775,0.8177985948477752
Uformer + PathologyLoss,BraTS2021_00046,33.438942,0.9843072891235352,0.07368616,0.9560439560439561,nan,nan
Uformer + PathologyLoss,BraTS2021_00030,33.495693,0.9730716943740845,0.0835838,0.9770491803278688,0.8936170212765957,0.8825136612021858
Uformer + PathologyLoss,BraTS2021_00064,32.787167,0.983679473400116,0.085605964,0.9479191438763377,0.9269188395152406,0.7525641025641026
Uformer + PathologyLoss,BraTS2021_00052,31.69713,0.9859756827354431,0.07352406,0.9558970932175075,0.9465301478953356,0.8860365616491638
Uformer + PathologyLoss,BraTS2021_00043,34.171932,0.9930320978164673,0.100504205,0.8057324840764332,nan,nan
Uformer + PathologyLoss,BraTS2021_00025,30.48574,0.978756844997406,0.08607149,0.5696969696969697,nan,nan
Uformer + PathologyLoss,BraTS2021_00056,32.272327,0.9825273156166077,0.07678936,0.9809366909861144,0.9307737056428156,0.9307737056428156
Uformer + PathologyLoss,BraTS2021_00063,32.259735,0.983022153377533,0.08363791,0.8902777777777777,0.9090909090909091,0.8898305084745762
Uformer + PathologyLoss,BraTS2021_00009,31.904758,0.9887609481811523,0.07027506,0.8529411764705882,nan,nan
Uformer + PathologyLoss,BraTS2021_00053,33.959526,0.9682313799858093,0.12102894,0.0,0.0,0.0
Uformer + PathologyLoss,BraTS2021_00031,32.200066,0.983066976070404,0.08305023,0.9434502505368647,0.7954220314735336,0.6771300448430493
Uformer + PathologyLoss,BraTS2021_00012,33.002277,0.9922329783439636,0.06393107,0.9777492511767223,0.8646953405017921,0.0
Uformer + PathologyLoss,BraTS2021_00012,31.568836,0.9896131157875061,0.06894938,0.9695506869662087,0.64973007303906,0.0
Uformer + PathologyLoss,BraTS2021_00020,31.703093,0.9804561138153076,0.091582045,0.8743016759776536,0.922077922077922,0.8292682926829268
Uformer + PathologyLoss,BraTS2021_00018,31.724337,0.9877071976661682,0.08307518,0.9132266217354675,0.7789358200767965,0.7006369426751592
Uformer + PathologyLoss,BraTS2021_00052,31.670116,0.9828502535820007,0.08230622,0.9527226677923174,0.9598765432098766,0.8861898335582546
Uformer + PathologyLoss,BraTS2021_00064,32.62246,0.9798506498336792,0.09136694,0.9035933391761612,0.8187772925764192,0.7611111111111111
Uformer + PathologyLoss,BraTS2021_00000,33.100754,0.9894135594367981,0.06731048,0.7426470588235294,0.5806451612903226,0.5806451612903226
Uformer + PathologyLoss,BraTS2021_00003,34.14261,0.9855810403823853,0.07624647,0.9613466334164589,0.9339080459770115,0.8911819887429644
Uformer + PathologyLoss,BraTS2021_00054,31.501045,0.9675159454345703,0.108990125,0.0,0.0,0.0
Uformer + PathologyLoss,BraTS2021_00014,30.31105,0.9818904399871826,0.1050074,0.9212598425196851,0.31901840490797545,0.31901840490797545
Uformer + PathologyLoss,BraTS2021_00011,32.318035,0.9826909899711609,0.071946606,0.9760348583877996,nan,nan
Uformer + PathologyLoss,BraTS2021_00036,35.131596,0.9903588891029358,0.071297765,0.9686793671294801,nan,nan
Uformer + PathologyLoss,BraTS2021_00061,32.27284,0.9847952723503113,0.098815024,0.8354792560801144,0.871244635193133,0.7824074074074074
Uformer + PathologyLoss,BraTS2021_00071,32.492607,0.9827397465705872,0.08464178,0.890272373540856,0.9457831325301205,0.8809523809523809
Uformer + PathologyLoss,BraTS2021_00068,31.554806,0.9775453209877014,0.07393473,0.9538461538461539,0.951,0.9136735979836169
Uformer + PathologyLoss,BraTS2021_00026,34.331768,0.9860820174217224,0.07019244,0.44518272425249167,0.5263157894736842,0.5263157894736842
Uformer + PathologyLoss,BraTS2021_00060,31.181395,0.9801319241523743,0.106559,0.9737750172532781,0.9558058925476604,0.8934513274336283
Uformer + PathologyLoss,BraTS2021_00016,30.353708,0.9891961812973022,0.07670726,0.8649138712601995,0.4748858447488584,0.5454545454545454
Uformer + PathologyLoss,BraTS2021_00053,33.754047,0.9680006504058838,0.12238784,0.6772009029345373,0.6414141414141414,0.6648648648648648
Uformer + PathologyLoss,BraTS2021_00071,33.43014,0.9869990348815918,0.076903544,0.9681908548707754,0.8421052631578947,0.8199233716475096
Uformer + PathologyLoss,BraTS2021_00062,32.600235,0.9927871227264404,0.062283784,0.9842931937172775,nan,nan
Uformer + PathologyLoss,BraTS2021_00019,32.397087,0.9824116826057434,0.09260452,0.9369988545246277,0.7343173431734318,0.6544622425629291
Uformer + PathologyLoss,BraTS2021_00008,30.40564,0.974448561668396,0.09628151,0.9118773946360154,nan,nan
Uformer + PathologyLoss,BraTS2021_00051,34.494274,0.9956262707710266,0.04432209,0.9842204923206396,0.0,0.0
Uformer + PathologyLoss,BraTS2021_00036,33.40677,0.9764403700828552,0.1224007,0.0,0.0,0.0
Uformer + PathologyLoss,BraTS2021_00018,32.472496,0.988959014415741,0.067409255,0.9876834823688206,0.940018315018315,0.8271466066741657
Uformer + PathologyLoss,BraTS2021_00005,32.150093,0.984551727771759,0.10199851,0.9361702127659575,0.9057239057239057,0.8554336989032901
Uformer + PathologyLoss,BraTS2021_00024,33.527508,0.9876116514205933,0.0675172,0.9054505005561735,0.0,0.0
Uformer + PathologyLoss,BraTS2021_00019,34.10285,0.9883280992507935,0.0692128,0.8757070784283749,0.0,0.0
Uformer + PathologyLoss,BraTS2021_00031,31.547237,0.9821122884750366,0.102054894,0.6598984771573604,nan,nan
Uformer + PathologyLoss,BraTS2021_00014,31.199474,0.9856138229370117,0.11228366,0.8824343015214384,0.7586206896551724,0.7586206896551724
Uformer + PathologyLoss,BraTS2021_00048,33.71616,0.9844506978988647,0.08014213,0.9585798816568047,nan,nan
Uformer + PathologyLoss,BraTS2021_00024,32.707428,0.989533007144928,0.06869676,0.9635535307517085,0.0,0.0
Uformer + PathologyLoss,BraTS2021_00052,33.32707,0.9922729730606079,0.059106886,0.974764756201882,nan,nan
Uformer + PathologyLoss,BraTS2021_00025,30.671501,0.9784322381019592,0.082932815,0.5375494071146245,nan,nan
Uformer + PathologyLoss,BraTS2021_00024,34.48051,0.9904179573059082,0.10860667,0.6428571428571429,0.6666666666666666,0.6666666666666666
Uformer + PathologyLoss,BraTS2021_00045,33.264996,0.9859638810157776,0.111847274,0.8,nan,nan
Uformer + PathologyLoss,BraTS2021_00019,33.93976,0.9898225665092468,0.06766263,0.9644687997171646,0.7712665406427222,0.7403100775193798
Uformer + PathologyLoss,BraTS2021_00053,33.612064,0.9861019849777222,0.09815467,0.9830595482546202,0.9369988545246277,0.849933598937583
Uformer + PathologyLoss,BraTS2021_00036,35.275146,0.9896360039710999,0.070527256,0.9759887005649718,nan,nan
Uformer + PathologyLoss,BraTS2021_00026,31.423859,0.965147852897644,0.102436475,0.8983253588516746,0.9309838472834068,0.890272373540856
Uformer + PathologyLoss,BraTS2021_00016,32.442543,0.993390679359436,0.05769278,0.819620253164557,nan,nan
Uformer + PathologyLoss,BraTS2021_00005,32.948788,0.9860708713531494,0.078924514,0.9824138761744158,0.9685593618019709,0.8976135488837568
Uformer + PathologyLoss,BraTS2021_00060,32.143326,0.9863189458847046,0.08506638,0.9609411764705882,0.9851996648980732,0.9178743961352657
Uformer + PathologyLoss,BraTS2021_00060,33.705208,0.9911860227584839,0.07059218,0.9703113685734974,0.9516728624535316,0.9444967074317968
Uformer + PathologyLoss,BraTS2021_00018,32.20341,0.9902592301368713,0.06693841,0.9872941176470589,0.965348552792499,0.8633461047254151
Uformer + PathologyLoss,BraTS2021_00002,32.125813,0.9800451993942261,0.11090518,0.7986406117247239,nan,nan
Uformer + PathologyLoss,BraTS2021_00005,33.25557,0.9889287352561951,0.07151048,0.9921550530687586,0.9036089538602101,0.8175985334555453
Uformer + PathologyLoss,BraTS2021_00059,32.556927,0.9820042252540588,0.06612153,0.957000524383849,nan,nan
Uformer + PathologyLoss,BraTS2021_00006,33.32935,0.9920365810394287,0.06293622,0.979297365119197,0.9815852682145717,0.9256198347107438
Uformer + PathologyLoss,BraTS2021_00021,34.950058,0.9807149171829224,0.07129935,0.8038507821901324,nan,nan
Uformer + PathologyLoss,BraTS2021_00026,32.653515,0.9795681238174438,0.107477315,0.7607843137254902,0.6891891891891891,0.6891891891891891
Uformer + PathologyLoss,BraTS2021_00046,32.382435,0.9846331477165222,0.082210675,0.9674162459843965,0.9689174705251876,0.951310861423221
Uformer + PathologyLoss,BraTS2021_00043,33.935772,0.9921480417251587,0.104863875,0.7203389830508474,nan,nan
Uformer + PathologyLoss,BraTS2021_00058,31.822672,0.9801192879676819,0.10932941,0.735949098621421,0.9015873015873016,0.9015873015873016
Uformer + PathologyLoss,BraTS2021_00011,32.224346,0.978564977645874,0.07576936,0.9436539556061468,0.0,0.0
Uformer + PathologyLoss,BraTS2021_00053,32.60479,0.9839033484458923,0.10949182,0.9723076923076923,0.9577464788732394,0.9577464788732394
Uformer + PathologyLoss,BraTS2021_00031,31.9072,0.9808058142662048,0.0865297,0.8997608175690367,0.0,0.0
Uformer + PathologyLoss,BraTS2021_00024,32.922264,0.9886079430580139,0.10018588,0.8651162790697674,0.9197080291970803,0.8702290076335878
Uformer + PathologyLoss,BraTS2021_00025,33.696114,0.992400586605072,0.052745845,0.588957055214724,nan,nan
Uformer + PathologyLoss,BraTS2021_00025,33.119312,0.9913420677185059,0.05822023,0.8461538461538461,nan,nan
Uformer + PathologyLoss,BraTS2021_00008,32.036556,0.9762524366378784,0.084110595,0.8223552894211577,nan,nan
Uformer + PathologyLoss,BraTS2021_00026,32.719765,0.9811064004898071,0.08403742,0.824654622741764,0.9040793825799338,0.8843995510662177
Uformer + PathologyLoss,BraTS2021_00052,31.90807,0.9843734502792358,0.07716273,0.9726027397260274,0.9747535465256071,0.9034965034965035
Uformer + PathologyLoss,BraTS2021_00022,31.1081,0.9754435420036316,0.086291604,0.9551856594110115,0.8712328767123287,0.8712328767123287
Uformer + PathologyLoss,BraTS2021_00033,33.370712,0.9926337599754333,0.063104995,0.9851178172798677,0.0,0.0
Uformer + PathologyLoss,BraTS2021_00021,32.657906,0.9633521437644958,0.09670999,0.8404650012367054,0.0,0.0
Uformer + PathologyLoss,BraTS2021_00043,32.403336,0.9915881752967834,0.06498095,0.9813568099430346,0.9204431017119838,0.37158469945355194
Uformer + PathologyLoss,BraTS2021_00031,31.265957,0.9833678603172302,0.093193755,0.776361529548088,nan,nan
Uformer + PathologyLoss,BraTS2021_00036,32.669968,0.9811189770698547,0.09890423,0.9282576866764275,0.9202453987730062,0.8125
Uformer + PathologyLoss,BraTS2021_00054,31.607721,0.9702288508415222,0.1060966,0.9132507149666349,0.8837209302325582,0.6628041714947857
Uformer + PathologyLoss,BraTS2021_00022,31.536787,0.9752796292304993,0.08284592,0.9246376811594202,0.9563636363636364,0.9563636363636364
Uformer + PathologyLoss,BraTS2021_00026,34.299385,0.9872875213623047,0.069591664,0.49740932642487046,0.7607361963190185,0.7607361963190185
Uformer + PathologyLoss,BraTS2021_00011,31.656582,0.9770448207855225,0.07952098,0.9404849375459221,0.0,0.0
Uformer + PathologyLoss,BraTS2021_00070,31.859379,0.9876651167869568,0.10925471,0.8518896833503575,0.0,0.0
Uformer + PathologyLoss,BraTS2021_00012,33.3548,0.990477442741394,0.11493756,0.937394247038917,nan,nan
Uformer + PathologyLoss,BraTS2021_00070,33.262306,0.991085946559906,0.056271978,0.9797478028276653,0.9747211895910781,0.9447635881573133
Uformer + PathologyLoss,BraTS2021_00043,31.067774,0.9865725040435791,0.0898264,0.9794050343249427,0.7747489239598279,0.7660818713450293
Uformer + PathologyLoss,BraTS2021_00033,33.774017,0.9865077137947083,0.12613335,0.7210526315789474,nan,nan
Uformer + PathologyLoss,BraTS2021_00018,31.724869,0.9829820990562439,0.08295465,0.5223529411764706,nan,nan
Uformer + PathologyLoss,BraTS2021_00005,33.581577,0.9896934032440186,0.06900649,0.9874033149171271,0.9661240651121865,0.8818181818181818
Uformer + PathologyLoss,BraTS2021_00044,33.147205,0.9897052049636841,0.0670776,0.970954356846473,nan,nan
Uformer + PathologyLoss,BraTS2021_00002,32.52518,0.9846944808959961,0.07531857,0.970808576595195,0.9311355311355312,0.7341115434500648
Uformer + PathologyLoss,BraTS2021_00017,33.05019,0.9857937693595886,0.07593583,0.8842257597684515,nan,nan
Uformer + PathologyLoss,BraTS2021_00017,32.77515,0.9892051219940186,0.0741285,0.8896672504378283,nan,nan
Uformer + PathologyLoss,BraTS2021_00003,34.68957,0.9861162304878235,0.071838975,0.9530791788856305,0.9721669980119284,0.90892696122633
Uformer + PathologyLoss,BraTS2021_00071,32.50364,0.9815452098846436,0.086308725,0.9073170731707317,0.9732016925246827,0.9220183486238532
Uformer + PathologyLoss,BraTS2021_00068,32.11289,0.9879599213600159,0.0935268,0.9117442668519805,0.8118811881188119,0.8118811881188119
Uformer + PathologyLoss,BraTS2021_00018,32.690224,0.9891109466552734,0.06617503,0.982006808234722,0.9360184602475351,0.8038277511961722
Uformer + PathologyLoss,BraTS2021_00048,33.55789,0.9818241000175476,0.07910156,0.0,nan,nan
Uformer + PathologyLoss,BraTS2021_00003,32.94915,0.9879018664360046,0.07583982,0.9776547360094918,0.9657377798081316,0.9079903147699758
Uformer + PathologyLoss,BraTS2021_00058,30.137787,0.9743489027023315,0.11491231,0.948971820258949,0.9079497907949791,0.8195718654434251
Uformer + PathologyLoss,BraTS2021_00066,31.297462,0.9842183589935303,0.08314896,0.9596602972399151,0.9601181683899557,0.8648648648648649
Uformer + PathologyLoss,BraTS2021_00070,33.13742,0.9889054894447327,0.06420985,0.9856768206576558,0.9578713968957872,0.9127704117236567
Uformer + PathologyLoss,BraTS2021_00022,30.798542,0.9807851910591125,0.090464324,0.9276807980049875,0.0,0.0
Uformer + PathologyLoss,BraTS2021_00072,35.23558,0.9825303554534912,0.06858937,0.75,0.0,0.0
Uformer + PathologyLoss,BraTS2021_00024,33.359673,0.9887900948524475,0.06558619,0.9183531053733427,nan,nan
Uformer + PathologyLoss,BraTS2021_00021,31.884634,0.9552443623542786,0.1095141,0.8062123319425127,nan,nan
Uformer + PathologyLoss,BraTS2021_00066,31.663723,0.9817630052566528,0.08570264,0.9685792349726776,0.9090909090909091,0.9090909090909091
Uformer + PathologyLoss,BraTS2021_00033,34.45395,0.9847276210784912,0.06764355,0.7619047619047619,nan,nan
Uformer + PathologyLoss,BraTS2021_00018,32.318214,0.9900789260864258,0.06620446,0.9899244332493703,0.9679629256498086,0.8840852130325815
Uformer + PathologyLoss,BraTS2021_00036,32.79212,0.9714011549949646,0.10341022,0.0,nan,nan
Uformer + PathologyLoss,BraTS2021_00002,33.493904,0.9906513094902039,0.06371854,0.9817553293643173,0.9500756429652042,0.9322314049586777
Uformer + PathologyLoss,BraTS2021_00032,32.248688,0.9815811514854431,0.09029398,0.8777923784494087,nan,nan
Uformer + PathologyLoss,BraTS2021_00070,33.318848,0.9918909072875977,0.056146245,0.9940314704286489,0.9842105263157894,0.9494020239190433
Uformer + PathologyLoss,BraTS2021_00059,32.5639,0.9788340330123901,0.06698889,0.9643788010425717,nan,nan
Uformer + PathologyLoss,BraTS2021_00062,32.8921,0.993294894695282,0.060266964,0.9856400855484265,nan,nan
Uformer + PathologyLoss,BraTS2021_00061,31.89231,0.980760395526886,0.09132052,0.8625592417061612,0.8147295742232451,0.7049608355091384
Uformer + PathologyLoss,BraTS2021_00043,32.32963,0.9910205602645874,0.067367636,0.9473684210526315,0.0,0.0
Uformer + PathologyLoss,BraTS2021_00036,32.761375,0.9815990328788757,0.098004416,0.8738340697103584,0.8979591836734694,0.7881481481481482
Uformer + PathologyLoss,BraTS2021_00046,33.42035,0.984406590461731,0.071687125,0.966952264381885,nan,nan
Uformer + PathologyLoss,BraTS2021_00035,32.486362,0.9787008762359619,0.07738238,0.964122635355512,0.9383802816901409,0.8567774936061381
Uformer + PathologyLoss,BraTS2021_00062,31.878054,0.987983226776123,0.083251625,0.967196819085487,nan,nan
Uformer + PathologyLoss,BraTS2021_00012,31.982573,0.9901934862136841,0.068221636,0.9821791112113692,0.5520879120879121,0.0
Uformer + PathologyLoss,BraTS2021_00002,32.67984,0.986328125,0.07204536,0.9523005487547488,0.9566854990583804,0.7918136908962597
Uformer + PathologyLoss,BraTS2021_00053,32.043076,0.9810401201248169,0.1211056,0.9721913236929922,0.0,0.0
Uformer + PathologyLoss,BraTS2021_00045,32.967346,0.9818477630615234,0.08473036,0.9664335664335665,0.7596899224806202,0.7401574803149606
Uformer + PathologyLoss,BraTS2021_00021,32.709408,0.9710010290145874,0.09382278,0.7218098267939201,0.48417721518987344,0.49225473321858865
Uformer + PathologyLoss,BraTS2021_00003,31.827364,0.9865866303443909,0.12611273,0.9120992761116856,nan,nan
Uformer + PathologyLoss,BraTS2021_00021,33.46004,0.9794601202011108,0.08431309,0.7701674277016742,0.18823529411764706,0.18823529411764706
Uformer + PathologyLoss,BraTS2021_00011,33.046078,0.984134316444397,0.063675225,0.9809954751131221,0.936986301369863,0.936986301369863
Uformer + PathologyLoss,BraTS2021_00063,30.769852,0.9866407513618469,0.10163843,0.958041958041958,0.9547101449275363,0.9378640776699029
Uformer + PathologyLoss,BraTS2021_00009,30.646358,0.9839322566986084,0.085899785,nan,nan,nan
Uformer + PathologyLoss,BraTS2021_00021,32.586906,0.9586544036865234,0.10034102,0.89927264712365,0.0,0.0
Uformer + PathologyLoss,BraTS2021_00022,30.535555,0.9843810200691223,0.102937885,0.9267840593141798,nan,nan
Uformer + PathologyLoss,BraTS2021_00028,31.737698,0.9774538278579712,0.09271359,0.7395957193816884,0.0,0.0
Uformer + PathologyLoss,BraTS2021_00071,31.411346,0.9778605103492737,0.09724877,0.9387507580351728,0.8603603603603603,0.8447488584474886
Uformer + PathologyLoss,BraTS2021_00003,33.37772,0.9872688055038452,0.07515873,0.9822834645669292,0.9604043807919124,0.8892753623188406
Uformer + PathologyLoss,BraTS2021_00053,35.211716,0.9905304312705994,0.08025927,0.9307249712313004,0.9556135770234987,0.8461538461538461
Uformer + PathologyLoss,BraTS2021_00062,32.502007,0.9923592209815979,0.06481506,0.9648953301127214,nan,nan
Uformer + PathologyLoss,BraTS2021_00056,32.456936,0.9848958849906921,0.074823,0.9609625668449198,0.8992974238875878,0.8992974238875878
Uformer + PathologyLoss,BraTS2021_00020,31.68605,0.972567617893219,0.1025864,0.9223205506391348,0.9796839729119639,0.9148580968280468
Uformer + PathologyLoss,BraTS2021_00054,31.982765,0.954627513885498,0.09525012,0.9169835234474017,0.9362154500354358,0.7922141119221411
Uformer + PathologyLoss,BraTS2021_00064,31.697304,0.9750419855117798,0.10944134,0.9050279329608939,0.0,0.0
Uformer + PathologyLoss,BraTS2021_00058,30.45331,0.9747923612594604,0.11658786,0.9432454036770583,0.9213483146067416,0.8493150684931506
Uformer + PathologyLoss,BraTS2021_00060,32.16925,0.9787753224372864,0.11922683,0.9542651593011305,0.9573075724524774,0.792215226101889
Uformer + PathologyLoss,BraTS2021_00026,32.158558,0.9716454148292542,0.09373191,0.9347368421052632,0.9233052944087086,0.9028629856850716
Uformer + PathologyLoss,BraTS2021_00022,30.895235,0.9768519401550293,0.086334206,0.9640350877192982,0.8888888888888888,0.8888888888888888
Uformer + PathologyLoss,BraTS2021_00059,31.490023,0.9795367121696472,0.07368419,0.8703241895261845,0.9090909090909091,0.9090909090909091
Uformer + PathologyLoss,BraTS2021_00016,30.865685,0.9895662069320679,0.07266508,0.8996913580246914,0.9399038461538461,0.7577319587628866
Uformer + PathologyLoss,BraTS2021_00011,33.247807,0.9885494112968445,0.061449777,0.9864376130198915,0.9573170731707317,0.9573170731707317
Uformer + PathologyLoss,BraTS2021_00070,32.404274,0.9883525967597961,0.0705048,0.9878667549084491,0.9665851670741646,0.9322381930184805
Uformer + PathologyLoss,BraTS2021_00053,33.531975,0.9812580347061157,0.10399137,0.9126526849504494,0.9118185144529821,0.8069844266163284
Uformer + PathologyLoss,BraTS2021_00003,32.192146,0.9873385429382324,0.12916453,0.9527603870233352,nan,nan
Uformer + PathologyLoss,BraTS2021_00033,32.9691,0.9904223680496216,0.06927743,0.9825847846012832,0.8422939068100358,0.8453237410071942
Uformer + PathologyLoss,BraTS2021_00045,32.685627,0.980870246887207,0.08864166,0.9421352893235534,nan,nan
Uformer + PathologyLoss,BraTS2021_00044,32.796997,0.9848856925964355,0.073403135,0.968609865470852,nan,nan
Uformer + PathologyLoss,BraTS2021_00006,33.02871,0.9917224645614624,0.0654232,0.9703903095558546,0.9799270072992701,0.9269949066213922
Uformer + PathologyLoss,BraTS2021_00060,33.772236,0.984412670135498,0.13282739,0.881283422459893,0.5727554179566563,0.6239460370994941
Uformer + PathologyLoss,BraTS2021_00017,30.928753,0.9704010486602783,0.10287145,0.9708840656431975,nan,nan
Uformer + PathologyLoss,BraTS2021_00009,29.862337,0.9827511310577393,0.093196444,0.9535962877030162,0.7368421052631579,0.7368421052631579
Uformer + PathologyLoss,BraTS2021_00070,33.706814,0.9923796653747559,0.054537345,0.9957671957671957,0.9845181674565561,0.9306733167082294
Uformer + PathologyLoss,BraTS2021_00036,33.305676,0.976229727268219,0.12323209,0.0,0.0,0.0
Uformer + PathologyLoss,BraTS2021_00014,30.693167,0.9829291105270386,0.083766475,0.8812260536398467,nan,nan
Uformer + PathologyLoss,BraTS2021_00011,32.48036,0.9849328994750977,0.07009899,0.977319587628866,nan,nan
Uformer + PathologyLoss,BraTS2021_00056,32.07792,0.9807614684104919,0.0802271,0.9568328165990937,0.9457364341085271,0.9375
Uformer + PathologyLoss,BraTS2021_00022,30.540821,0.9818935990333557,0.0916318,0.9228668941979522,nan,nan
Uformer + PathologyLoss,BraTS2021_00061,32.41058,0.9822359085083008,0.11123358,0.0,0.0,0.0
Uformer + PathologyLoss,BraTS2021_00033,33.55317,0.9921097159385681,0.06316767,0.9711262949085299,0.0,0.0
Uformer + PathologyLoss,BraTS2021_00048,33.6008,0.9837156534194946,0.08143127,0.9460869565217391,nan,nan
Uformer + PathologyLoss,BraTS2021_00014,31.90893,0.9887228608131409,0.10899082,0.6454630495790459,0.6666666666666666,0.6666666666666666
Uformer + PathologyLoss,BraTS2021_00036,32.71285,0.9803756475448608,0.10002907,0.9430588235294117,0.9553001277139208,0.8812260536398467
Uformer + PathologyLoss,BraTS2021_00060,33.379242,0.9904647469520569,0.07334325,0.9596616785946649,0.9714285714285714,0.9247168554297135
Uformer + PathologyLoss,BraTS2021_00030,32.662704,0.9875625371932983,0.111779176,0.9087779690189329,nan,nan
Uformer + PathologyLoss,BraTS2021_00031,31.957108,0.9807398319244385,0.08584427,0.8911126995472957,0.0,0.0
Uformer + PathologyLoss,BraTS2021_00036,33.469147,0.9758141040802002,0.09462403,0.7591522157996147,nan,nan
Uformer + PathologyLoss,BraTS2021_00002,32.193054,0.982675313949585,0.112266995,0.8281117696867062,nan,nan
Uformer + PathologyLoss,BraTS2021_00061,31.380367,0.979150116443634,0.09647372,0.8348271446862996,0.8160469667318982,0.7398230088495575
Uformer + PathologyLoss,BraTS2021_00054,31.639006,0.9618745446205139,0.10292588,0.8350597609561753,0.8735135135135135,0.7629911280101395
Uformer + PathologyLoss,BraTS2021_00028,32.81293,0.9845863580703735,0.08013095,0.9265175718849841,0.0,0.0
Uformer + PathologyLoss,BraTS2021_00031,33.187973,0.9894874691963196,0.06755303,0.9358365019011406,0.5950920245398773,0.5907692307692308
Uformer + PathologyLoss,BraTS2021_00064,32.769287,0.9844416379928589,0.08422716,0.9461610486891385,0.9342105263157895,0.7144790257104194
Uformer + PathologyLoss,BraTS2021_00068,33.22528,0.9865512251853943,0.06359165,0.8811568007230004,nan,nan
Uformer + PathologyLoss,BraTS2021_00036,32.693546,0.9772594571113586,0.104506195,0.9502708025603152,0.8871989860583016,0.8591549295774648
Uformer + PathologyLoss,BraTS2021_00064,32.750732,0.9858604669570923,0.08262329,0.9347708894878706,0.9135606661379857,0.7404193781634129
Uformer + PathologyLoss,BraTS2021_00052,32.071346,0.9875274896621704,0.07016681,0.9695414099931554,0.9694656488549618,0.9033909149072297
Uformer + PathologyLoss,BraTS2021_00056,32.335335,0.985967755317688,0.07329644,0.9463364293085655,0.9337260677466863,0.9337260677466863
Uformer + PathologyLoss,BraTS2021_00021,32.63698,0.967847466468811,0.09426922,0.8128950695322377,0.6657381615598886,0.6103703703703703
Uformer + PathologyLoss,BraTS2021_00021,31.918573,0.9603676795959473,0.11157066,0.7714140902179423,nan,nan
Uformer + PathologyLoss,BraTS2021_00030,32.71692,0.9825045466423035,0.088596374,0.9518627040602763,nan,nan
Uformer + PathologyLoss,BraTS2021_00018,31.9129,0.9881594181060791,0.076746896,0.939945595312827,0.7841409691629956,0.6418006430868167
Uformer + PathologyLoss,BraTS2021_00070,33.228336,0.9896050095558167,0.060233764,0.9802990742938523,0.9116684841875682,0.9116684841875682
Uformer + PathologyLoss,BraTS2021_00018,32.358116,0.9897055625915527,0.092107706,0.7917448405253283,nan,nan
Uformer + PathologyLoss,BraTS2021_00033,32.132027,0.9876035451889038,0.09421855,0.9449743213499633,0.0,0.0
Uformer + PathologyLoss,BraTS2021_00002,32.41586,0.9840371608734131,0.117372036,0.7725437415881561,nan,nan
Uformer + PathologyLoss,BraTS2021_00000,31.403,0.9830073714256287,0.079570904,0.9759926131117267,0.9655172413793104,0.9339498018494056
Uformer + PathologyLoss,BraTS2021_00031,33.501797,0.9902676939964294,0.0646338,0.9496272871018748,0.5194805194805194,0.5982905982905983
Uformer + PathologyLoss,BraTS2021_00035,32.357967,0.9706349968910217,0.083107516,0.034129692832764506,nan,nan
Uformer + PathologyLoss,BraTS2021_00032,33.563713,0.9785307049751282,0.08166575,0.9092273068267067,nan,nan
Uformer + PathologyLoss,BraTS2021_00049,31.094193,0.9907160997390747,0.06456057,0.9142857142857143,nan,nan
Uformer + PathologyLoss,BraTS2021_00022,30.995014,0.9781785011291504,0.084755346,0.9636840134780981,0.9365511872323862,0.8236120871398454
Uformer + PathologyLoss,BraTS2021_00021,32.704994,0.97056645154953,0.09257503,0.7769591426657736,0.3119266055045872,0.3138075313807531
Uformer + PathologyLoss,BraTS2021_00060,32.31724,0.9883198142051697,0.08029049,0.9707566145752746,0.9661252900232019,0.8702049395691014
Uformer + PathologyLoss,BraTS2021_00024,33.674263,0.9908462166786194,0.062385038,0.9313764379214597,nan,nan
Uformer + PathologyLoss,BraTS2021_00060,34.170284,0.974687933921814,0.08386803,0.08235294117647059,nan,nan
Uformer + PathologyLoss,BraTS2021_00020,30.860374,0.953048825263977,0.11707667,0.0,0.0,0.0
Uformer + PathologyLoss,BraTS2021_00056,30.847942,0.9761592149734497,0.09330085,0.9788825340959085,0.9567809239940388,0.9196141479099679
Uformer + PathologyLoss,BraTS2021_00062,32.19079,0.9880722761154175,0.07667272,0.9490161001788909,nan,nan
Uformer + PathologyLoss,BraTS2021_00045,32.897938,0.9843117594718933,0.11487394,0.7954545454545454,nan,nan
Uformer + PathologyLoss,BraTS2021_00052,34.571194,0.9929587244987488,0.0537727,0.9732540861812778,nan,nan
Uformer + PathologyLoss,BraTS2021_00032,32.732475,0.9824855327606201,0.084493406,0.939115929941618,nan,nan
Uformer + PathologyLoss,BraTS2021_00046,32.984066,0.9847477078437805,0.07324137,0.9696335078534032,0.94140625,0.94140625
Uformer + PathologyLoss,BraTS2021_00068,32.993057,0.9908562302589417,0.09501633,0.8015873015873016,nan,nan
Uformer + PathologyLoss,BraTS2021_00000,30.319199,0.9739959836006165,0.09828919,0.9722719141323792,0.9732718894009217,0.9363128491620112
Uformer + PathologyLoss,BraTS2021_00059,32.511677,0.9837976098060608,0.06734028,0.9156457822891144,0.8940568475452196,0.8940568475452196
Uformer + PathologyLoss,BraTS2021_00051,34.753067,0.9953355193138123,0.044262588,0.9822516556291391,nan,nan
Uformer + PathologyLoss,BraTS2021_00006,34.733433,0.9952877759933472,0.051135886,0.9695752009184845,0.9837320574162679,0.947008547008547
Uformer + PathologyLoss,BraTS2021_00033,33.746155,0.9897286891937256,0.06635676,0.9385052034058656,0.0,0.0
Uformer + PathologyLoss,BraTS2021_00024,33.41179,0.9885784983634949,0.06640691,0.9606299212598425,nan,nan
Uformer + PathologyLoss,BraTS2021_00036,32.451767,0.979394257068634,0.102276176,0.9518015910154423,0.9513064133016627,0.8119891008174387
Uformer + PathologyLoss,BraTS2021_00070,32.099384,0.9871572852134705,0.12111798,0.8242074927953891,0.0,0.0
Uformer + PathologyLoss,BraTS2021_00064,34.026886,0.9901725053787231,0.0700392,0.9185481566161761,0.9093093093093093,0.7714932126696833
Uformer + PathologyLoss,BraTS2021_00066,31.576967,0.9825762510299683,0.08384777,0.9714648065948003,0.9482758620689655,0.9369369369369369
Uformer + PathologyLoss,BraTS2021_00006,35.102474,0.995613157749176,0.048943743,0.9682345754428833,0.9734513274336283,0.9456740442655935
Uformer + PathologyLoss,BraTS2021_00059,32.7087,0.9836169481277466,0.06744349,0.9669038045159295,0.48148148148148145,0.48148148148148145
Uformer + PathologyLoss,BraTS2021_00058,30.789585,0.9796973466873169,0.111962266,0.9076005961251863,0.9391727493917275,0.8762541806020067
Uformer + PathologyLoss,BraTS2021_00056,32.08095,0.9832234978675842,0.104440615,0.8820445609436435,0.8344155844155844,0.7895212285456188
Uformer + PathologyLoss,BraTS2021_00063,32.183918,0.9899448156356812,0.114917934,0.9368770764119602,0.8662576687116564,0.8606658446362515
Uformer + PathologyLoss,BraTS2021_00017,31.720293,0.9803321957588196,0.11063334,0.9061662198391421,nan,nan
Uformer + PathologyLoss,BraTS2021_00021,33.29186,0.9777258634567261,0.08636912,0.7769265434880577,0.4401114206128134,0.5047923322683706
Uformer + PathologyLoss,BraTS2021_00031,32.466625,0.9842137098312378,0.07861213,0.8754129306276546,nan,nan
Uformer + PathologyLoss,BraTS2021_00016,32.040108,0.9943470358848572,0.057373963,0.898989898989899,0.8059701492537313,0.746031746031746
Uformer + PathologyLoss,BraTS2021_00052,32.25859,0.9874958992004395,0.07013278,0.9668180230527419,0.9612213740458015,0.8809116809116809
Uformer + PathologyLoss,BraTS2021_00022,31.03586,0.971495509147644,0.0956206,0.868421052631579,0.8535980148883374,0.7391874180865007
Uformer + PathologyLoss,BraTS2021_00017,32.00044,0.983931303024292,0.083980456,0.8807588075880759,nan,nan
Uformer + PathologyLoss,BraTS2021_00048,35.443195,0.991426944732666,0.061698925,0.9680232558139535,nan,nan
Uformer + PathologyLoss,BraTS2021_00051,32.456097,0.9858530163764954,0.08119143,0.7768595041322314,0.0,0.0
Uformer + PathologyLoss,BraTS2021_00031,33.401207,0.9888649582862854,0.06854258,0.9586440677966102,0.7556142668428005,0.848381601362862
Uformer + PathologyLoss,BraTS2021_00048,33.61735,0.9850435256958008,0.07904003,0.969521044992743,nan,nan
Uformer + PathologyLoss,BraTS2021_00064,32.955673,0.9883993864059448,0.07685393,0.9263867288750648,0.8878544223444773,0.67430441898527
Uformer + PathologyLoss,BraTS2021_00017,32.415157,0.9870486855506897,0.07794001,0.9267945984363894,nan,nan
Uformer + PathologyLoss,BraTS2021_00060,32.36204,0.9796171188354492,0.121143706,0.9305555555555556,0.9325513196480938,0.7826535880227156
Uformer + PathologyLoss,BraTS2021_00051,34.69068,0.9954051971435547,0.04379645,0.9720524017467249,nan,nan
Uformer + PathologyLoss,BraTS2021_00002,31.654966,0.9708043336868286,0.09730321,0.9010826771653543,0.0,0.0
Uformer + PathologyLoss,BraTS2021_00066,30.831558,0.9764699339866638,0.095885985,0.9420731707317073,nan,nan
Uformer + PathologyLoss,BraTS2021_00002,32.643158,0.9843141436576843,0.124216855,0.7203791469194313,nan,nan
Uformer + PathologyLoss,BraTS2021_00009,29.562904,0.9815785884857178,0.09748825,0.8992248062015504,0.0,0.0
Uformer + PathologyLoss,BraTS2021_00045,32.026024,0.977512001991272,0.09602698,0.9081632653061225,0.9649484536082474,0.8914285714285715
Uformer + PathologyLoss,BraTS2021_00053,31.434202,0.9777607917785645,0.14313424,0.9207708779443254,nan,nan
Uformer + PathologyLoss,BraTS2021_00026,34.45269,0.9858584403991699,0.069582246,0.0,nan,nan
Uformer + PathologyLoss,BraTS2021_00060,34.29745,0.973381519317627,0.08627822,0.8878787878787879,nan,nan
Uformer + PathologyLoss,BraTS2021_00060,32.300007,0.987188994884491,0.0839686,0.9721166032953105,0.9729861280116817,0.8877721943048577
Uformer + PathologyLoss,BraTS2021_00011,32.65575,0.9822697639465332,0.06655562,0.9845410628019323,0.8537313432835821,0.8537313432835821
Uformer + PathologyLoss,BraTS2021_00025,33.45774,0.9919671416282654,0.055931948,0.7471264367816092,nan,nan
Uformer + PathologyLoss,BraTS2021_00024,32.26032,0.9862123131752014,0.0797932,0.9558258642765685,nan,nan
Uformer + PathologyLoss,BraTS2021_00052,33.789143,0.9897531867027283,0.10437735,0.6981132075471698,0.6784452296819788,0.6784452296819788
Uformer + PathologyLoss,BraTS2021_00060,31.482637,0.982001543045044,0.09780494,0.9840451248992748,0.9743273772848634,0.9054726368159204
Uformer + PathologyLoss,BraTS2021_00043,32.819344,0.9915613532066345,0.09977655,0.9498644986449865,nan,nan
Uformer + PathologyLoss,BraTS2021_00046,32.089046,0.9868527054786682,0.10372041,0.9419191919191919,0.8859649122807017,0.8859649122807017
Uformer + PathologyLoss,BraTS2021_00051,34.248055,0.9930185675621033,0.05168846,0.9525939177101967,nan,nan
Uformer + PathologyLoss,BraTS2021_00026,31.789787,0.9647575616836548,0.09974024,0.9170638703527169,0.8955049620548745,0.8823174411587206
Uformer + PathologyLoss,BraTS2021_00009,30.900705,0.9845654368400574,0.082817025,0.0,nan,nan
Uformer + PathologyLoss,BraTS2021_00045,33.229633,0.9851936101913452,0.11004546,0.8706896551724138,nan,nan
Uformer + PathologyLoss,BraTS2021_00072,33.754112,0.9711151123046875,0.08493427,0.9029950827000447,0.94543063773833,0.8437217705510388
Uformer + PathologyLoss,BraTS2021_00060,32.273674,0.9792433977127075,0.12707944,0.9146005509641874,0.9101633393829401,0.8138578978273635
Uformer + PathologyLoss,BraTS2021_00022,32.235947,0.9813501834869385,0.07393781,0.983059682043263,0.9557367501456028,0.9138804457953394
Uformer + PathologyLoss,BraTS2021_00026,32.44023,0.9807714223861694,0.10477264,0.7762039660056658,0.7219917012448133,0.7219917012448133
Uformer + PathologyLoss,BraTS2021_00049,29.536173,0.986976683139801,0.07956614,0.9688763136620857,0.9383561643835616,0.8691588785046729
Uformer + PathologyLoss,BraTS2021_00024,33.1445,0.9885396957397461,0.0702629,0.9695752009184845,nan,nan
Uformer + PathologyLoss,BraTS2021_00002,32.3172,0.9839009642601013,0.077102534,0.9622519133480347,0.8564593301435407,0.7186198691255206
Uformer + PathologyLoss,BraTS2021_00072,33.913025,0.9830386638641357,0.07623917,0.972488038277512,0.9550018594272964,0.8321759259259259
Uformer + PathologyLoss,BraTS2021_00066,32.054306,0.9800106287002563,0.08121774,0.9368258859784283,nan,nan
Uformer + PathologyLoss,BraTS2021_00020,32.978817,0.9844008088111877,0.0818707,0.9557251908396946,0.9465020576131687,0.9377593360995851
Uformer + PathologyLoss,BraTS2021_00051,32.484333,0.9868568181991577,0.076986216,0.9020556227327691,0.0,0.0
Uformer + PathologyLoss,BraTS2021_00008,31.03418,0.9752007722854614,0.09174666,0.9432404540763674,0.2597402597402597,0.2597402597402597
Uformer + PathologyLoss,BraTS2021_00046,32.30045,0.9882198572158813,0.109674744,0.9166666666666666,0.8160919540229885,0.8160919540229885
Uformer + PathologyLoss,BraTS2021_00043,32.6521,0.9923072457313538,0.08903376,0.9811929070392262,0.0,0.0
Uformer + PathologyLoss,BraTS2021_00060,33.712803,0.9814828038215637,0.08363717,0.9722792607802875,nan,nan
Uformer + PathologyLoss,BraTS2021_00018,32.170498,0.9892051815986633,0.09241132,0.7584650112866818,0.0,0.0
Uformer + PathologyLoss,BraTS2021_00048,33.76642,0.982903242111206,0.08281454,0.9111111111111111,nan,nan
Uformer + PathologyLoss,BraTS2021_00003,31.922,0.9832645654678345,0.09376497,0.9462140992167102,0.877906976744186,0.877906976744186
Uformer + PathologyLoss,BraTS2021_00024,32.004295,0.9857093095779419,0.08433796,0.9407760381211708,nan,nan
Uformer + PathologyLoss,BraTS2021_00028,30.890728,0.9707795977592468,0.105414644,0.6866746698679472,0.7156398104265402,0.7156398104265402
Uformer + PathologyLoss,BraTS2021_00014,30.369747,0.9802250266075134,0.104179904,0.9154658981748319,0.22641509433962265,0.22641509433962265
Uformer + PathologyLoss,BraTS2021_00063,32.2386,0.9829908609390259,0.0815881,0.8671328671328671,0.8148148148148148,0.8148148148148148
Uformer + PathologyLoss,BraTS2021_00060,32.369045,0.9887306690216064,0.08084789,0.9820450395617772,0.9704962002682164,0.8910585817060637
Uformer + PathologyLoss,BraTS2021_00046,32.273594,0.98350989818573,0.08041094,0.968503937007874,0.9364548494983278,0.9078404401650619
Uformer + PathologyLoss,BraTS2021_00072,33.193153,0.9647513628005981,0.0921602,0.0,nan,nan
Uformer + PathologyLoss,BraTS2021_00053,34.328644,0.984162449836731,0.09617693,0.9219226260257913,0.8844181459566075,0.7969494756911344
Uformer + PathologyLoss,BraTS2021_00070,33.179497,0.9870592951774597,0.064790934,0.9636163175303197,nan,nan
Uformer + PathologyLoss,BraTS2021_00019,33.20018,0.9832945466041565,0.10248363,0.0,nan,nan
Uformer + PathologyLoss,BraTS2021_00022,31.972237,0.9714561700820923,0.07788224,0.9601990049751243,0.9387755102040817,0.9380982769623485
Uformer + PathologyLoss,BraTS2021_00024,32.84227,0.9887518882751465,0.070315056,0.9629842180774749,0.0,0.0
Uformer + PathologyLoss,BraTS2021_00012,32.09374,0.9905059933662415,0.07050646,0.9019607843137255,0.0,nan
Uformer + PathologyLoss,BraTS2021_00011,32.200752,0.9782156944274902,0.07602746,0.9150885766646304,nan,nan
Uformer + PathologyLoss,BraTS2021_00043,32.58235,0.9913669228553772,0.06545936,0.9731714205026829,0.9017341040462428,0.3387096774193548
Uformer + PathologyLoss,BraTS2021_00017,31.95459,0.9757830500602722,0.09048036,0.9533622559652929,0.0,0.0
Uformer + PathologyLoss,BraTS2021_00056,31.05171,0.9766727685928345,0.092750356,0.9879094306440976,0.9603340292275574,0.9289031797070382
Uformer + PathologyLoss,BraTS2021_00059,32.41443,0.9841675162315369,0.067985386,0.9579158316633266,0.8185053380782918,0.8185053380782918
Uformer + PathologyLoss,BraTS2021_00020,31.498278,0.9777755737304688,0.096852094,0.9085580304806565,0.9633802816901409,0.8487584650112867
Uformer + PathologyLoss,BraTS2021_00044,31.643763,0.9823257327079773,0.08337101,0.9613259668508287,0.9683098591549296,0.9090909090909091
Uformer + PathologyLoss,BraTS2021_00070,33.912247,0.9918537735939026,0.055238366,0.9949167397020158,0.9867256637168141,0.9399477806788512
Uformer + PathologyLoss,BraTS2021_00068,31.32088,0.9821586012840271,0.08679329,0.9498446515756769,0.8884955752212389,0.8884955752212389
Uformer + PathologyLoss,BraTS2021_00006,35.92357,0.9954705834388733,0.04764865,0.9667994687915007,0.9547738693467337,0.9547738693467337
Uformer + PathologyLoss,BraTS2021_00012,32.29926,0.9927729368209839,0.059693683,0.9605825916079066,0.7675235805437396,0.0
Uformer + PathologyLoss,BraTS2021_00045,33.03227,0.9783943295478821,0.08863892,0.9784735812133072,0.9183303085299456,0.870722433460076
Uformer + PathologyLoss,BraTS2021_00000,30.480572,0.9704369902610779,0.10031695,0.9697766097240473,0.9664246823956443,0.9187935034802784
Uformer + PathologyLoss,BraTS2021_00053,34.81525,0.9898737668991089,0.08290348,0.9593417231364957,0.9519230769230769,0.8613303269447576
Uformer + PathologyLoss,BraTS2021_00021,33.71856,0.9813535809516907,0.082243115,0.7546766435061465,nan,nan
Uformer + PathologyLoss,BraTS2021_00012,31.918076,0.990969717502594,0.0667422,0.981836786902021,0.3646759847522236,0.0
Uformer + PathologyLoss,BraTS2021_00017,31.830868,0.9791902899742126,0.08565405,0.9671532846715328,nan,nan
Uformer + PathologyLoss,BraTS2021_00036,32.96001,0.9764662981033325,0.09553532,0.2573099415204678,nan,nan
Uformer + PathologyLoss,BraTS2021_00062,32.28687,0.9900199770927429,0.0964493,0.9528985507246377,0.0,0.0
Uformer + PathologyLoss,BraTS2021_00052,33.591354,0.9892662763595581,0.10564452,0.7031802120141343,0.6878980891719745,0.6878980891719745
Uformer + PathologyLoss,BraTS2021_00032,33.777767,0.9780715107917786,0.081691176,0.8399209486166008,nan,nan
Uformer + PathologyLoss,BraTS2021_00032,35.52554,0.9913008809089661,0.057541814,0.9852658552210122,0.947945205479452,0.9303621169916435
Uformer + PathologyLoss,BraTS2021_00003,31.561943,0.9863553047180176,0.108178966,0.9391553328561203,nan,nan
Uformer + PathologyLoss,BraTS2021_00051,34.46798,0.9953956604003906,0.044373985,0.9639991771240486,0.8013698630136986,0.7931034482758621
Uformer + PathologyLoss,BraTS2021_00054,32.18895,0.9615695476531982,0.087301314,0.9603208104685521,0.9234624145785877,0.7564491654021245
Uformer + PathologyLoss,BraTS2021_00064,32.537228,0.9859168529510498,0.08295601,0.9480824419514741,0.8766704849179076,0.7314949201741655
Uformer + PathologyLoss,BraTS2021_00064,31.63994,0.9754987955093384,0.105350405,0.904891304347826,0.0,0.0
Uformer + PathologyLoss,BraTS2021_00043,31.239166,0.9888021349906921,0.096553825,0.9242304656669298,0.1092896174863388,0.11080332409972299
Uformer + PathologyLoss,BraTS2021_00000,31.063902,0.9810018539428711,0.08595236,0.9392423159399571,0.9688230709275136,0.9240434037692747
Uformer + PathologyLoss,BraTS2021_00030,33.145958,0.9809908866882324,0.082756385,0.954563413670486,nan,nan
Uformer + PathologyLoss,BraTS2021_00016,31.304974,0.9926553964614868,0.06399768,0.9118483412322275,0.910828025477707,0.8433179723502304
Uformer + PathologyLoss,BraTS2021_00052,34.57679,0.9892975687980652,0.05829134,0.9253530598520511,nan,nan
Uformer + PathologyLoss,BraTS2021_00043,31.754131,0.9901240468025208,0.09341152,0.8991150442477877,0.0,0.0
Uformer + PathologyLoss,BraTS2021_00060,34.202904,0.9858476519584656,0.13005166,0.8547717842323651,0.5438202247191011,0.585956416464891
Uformer + PathologyLoss,BraTS2021_00024,32.836185,0.9892150163650513,0.080544405,0.9315904139433551,0.0,0.0
Uformer + PathologyLoss,BraTS2021_00064,34.54865,0.9865177273750305,0.07155058,0.8975369458128079,0.8330683624801272,0.806378132118451
Uformer + PathologyLoss,BraTS2021_00058,31.41615,0.9551745057106018,0.09971119,0.8769230769230769,0.9326923076923077,0.9326923076923077
Uformer + PathologyLoss,BraTS2021_00008,31.744759,0.9713647961616516,0.08713445,0.9154228855721394,nan,nan
Uformer + PathologyLoss,BraTS2021_00052,32.558865,0.9862009286880493,0.110062495,0.8206686930091185,0.7456258411843876,0.7651933701657458
Uformer + PathologyLoss,BraTS2021_00002,32.45806,0.9870813488960266,0.0713091,0.9549192811452939,0.945342571208622,0.8179930795847751
Uformer + PathologyLoss,BraTS2021_00033,31.574852,0.9882718920707703,0.087306194,0.9792474344355758,nan,nan
Uformer + PathologyLoss,BraTS2021_00016,30.634697,0.9882989525794983,0.07990087,0.6501182033096927,0.65,0.65
Uformer + PathologyLoss,BraTS2021_00018,32.171204,0.9866124987602234,0.076283,0.858058608058608,0.0,0.0
Uformer + PathologyLoss,BraTS2021_00011,33.023674,0.989596426486969,0.061120123,0.982718355908454,0.9491525423728814,0.9491525423728814
Uformer + PathologyLoss,BraTS2021_00012,32.151447,0.9907178282737732,0.06945159,0.9176470588235294,0.0,nan
Uformer + PathologyLoss,BraTS2021_00008,31.849442,0.9765846729278564,0.08506059,0.9016152716593245,nan,nan
Uformer + PathologyLoss,BraTS2021_00070,32.264538,0.9864941835403442,0.078234985,0.9785637727759914,0.9228007181328546,0.9228007181328546
Uformer + PathologyLoss,BraTS2021_00020,31.57258,0.9777379035949707,0.09680846,0.9391025641025641,0.9636846767050488,0.8809523809523809
Uformer + PathologyLoss,BraTS2021_00070,31.851608,0.9874283075332642,0.10258878,0.9411764705882353,nan,nan
Uformer + PathologyLoss,BraTS2021_00005,33.91249,0.9915915131568909,0.06591511,0.9871443624868282,0.9641873278236914,0.8369747899159664
Uformer + PathologyLoss,BraTS2021_00017,31.76783,0.9728237390518188,0.094261974,0.9758971612212105,nan,nan
Uformer + PathologyLoss,BraTS2021_00072,33.09649,0.9622704982757568,0.09215076,0.8285714285714286,0.9233176838810642,0.8780487804878049
Uformer + PathologyLoss,BraTS2021_00045,31.795664,0.9763697981834412,0.09909385,0.9786700125470514,0.9777306468716861,0.9172185430463576
Uformer + PathologyLoss,BraTS2021_00025,33.54728,0.9923175573348999,0.05483125,0.6993006993006993,nan,nan
Uformer + PathologyLoss,BraTS2021_00070,32.214928,0.9880094528198242,0.07670949,0.9780025284450063,0.916923076923077,0.916923076923077
Uformer + PathologyLoss,BraTS2021_00002,32.43753,0.9866225719451904,0.07325051,0.9454160042395336,0.9357142857142857,0.7687983134223472
Uformer + PathologyLoss,BraTS2021_00032,33.30903,0.9742606282234192,0.08620625,0.5346534653465347,nan,nan
Uformer + PathologyLoss,BraTS2021_00012,32.44946,0.9912441372871399,0.067306064,0.9113247863247863,0.0,nan
Uformer + PathologyLoss,BraTS2021_00049,30.081383,0.986473023891449,0.07473632,0.9822577500487425,0.9311841289522629,0.8704845814977974
Uformer + PathologyLoss,BraTS2021_00025,32.23749,0.9889877438545227,0.06451739,0.38235294117647056,nan,nan
Uformer + PathologyLoss,BraTS2021_00026,32.45427,0.9779810309410095,0.08736516,0.9447852760736196,0.9521680822530174,0.9142567224759005
Uformer + PathologyLoss,BraTS2021_00033,32.75544,0.9920584559440613,0.06687758,0.9757100149476831,0.5299145299145299,0.5299145299145299
Uformer + PathologyLoss,BraTS2021_00020,31.194613,0.9580341577529907,0.11332125,0.9076923076923077,0.8625592417061612,0.8625592417061612
Uformer + PathologyLoss,BraTS2021_00044,33.00091,0.9869773983955383,0.069568396,0.9757914338919925,nan,nan
Uformer + PathologyLoss,BraTS2021_00012,32.371975,0.9929854869842529,0.05863669,0.9558177191764978,0.7867768595041322,0.0
Uformer + PathologyLoss,BraTS2021_00028,31.798056,0.9783627390861511,0.090998106,0.8922651933701657,0.3048780487804878,0.3048780487804878
Uformer + PathologyLoss,BraTS2021_00033,33.90014,0.9886891841888428,0.1124704,0.9175946547884187,nan,nan
Uformer + PathologyLoss,BraTS2021_00020,33.223194,0.9840022325515747,0.07849879,0.24043715846994534,nan,nan
Uformer + PathologyLoss,BraTS2021_00021,31.991695,0.9582744240760803,0.11789,0.7649478013286934,nan,nan
Uformer + PathologyLoss,BraTS2021_00071,32.558666,0.9826979637145996,0.084599085,0.9066901408450704,0.972972972972973,0.9362745098039216
Uformer + PathologyLoss,BraTS2021_00005,33.294167,0.9853156805038452,0.076369755,0.9459369817578773,0.9230769230769231,0.8442211055276382
Uformer + PathologyLoss,BraTS2021_00068,31.371582,0.9853124618530273,0.06955721,0.9657744624835454,0.9685379395434917,0.9447236180904522
Uformer + PathologyLoss,BraTS2021_00000,31.394516,0.9817424416542053,0.08025075,0.9657320872274143,0.9618253620008775,0.9101941747572816
Uformer + PathologyLoss,BraTS2021_00066,32.283875,0.9820422530174255,0.07726769,0.9377729257641921,0.9569377990430622,0.9569377990430622
Uformer + PathologyLoss,BraTS2021_00059,31.581589,0.9733906984329224,0.076729804,0.9245472837022133,nan,nan
Uformer + PathologyLoss,BraTS2021_00046,31.712303,0.9849491715431213,0.09644,0.9547325102880658,0.5188679245283019,0.5188679245283019
Uformer + PathologyLoss,BraTS2021_00030,34.349094,0.9840670228004456,0.070526674,0.9642857142857143,0.9708994708994709,0.8968363136176066
Uformer + PathologyLoss,BraTS2021_00028,32.131733,0.9778765439987183,0.09102551,0.9498327759197325,0.18253968253968253,0.18253968253968253
Uformer + PathologyLoss,BraTS2021_00044,32.50356,0.9843759536743164,0.07378259,0.9456521739130435,nan,nan
Uformer + PathologyLoss,BraTS2021_00059,31.03797,0.972092866897583,0.08671347,0.933920704845815,nan,nan
Uformer + PathologyLoss,BraTS2021_00036,32.22264,0.9637203216552734,0.12694079,0.6972010178117048,0.0,0.0
Uformer + PathologyLoss,BraTS2021_00006,33.150047,0.9923651218414307,0.061349414,0.9755620723362659,0.9858247422680413,0.9023383768913342
Uformer + PathologyLoss,BraTS2021_00006,33.565918,0.9921438097953796,0.06183668,0.9752066115702479,0.9771812080536912,0.9258698940998488
Uformer + PathologyLoss,BraTS2021_00062,32.366463,0.9893773198127747,0.07145568,0.9377049180327869,nan,nan
Uformer + PathologyLoss,BraTS2021_00033,32.273067,0.9894481897354126,0.07734004,0.9612244897959183,nan,nan
Uformer + PathologyLoss,BraTS2021_00048,33.18806,0.9780245423316956,0.08944125,0.7545551982851019,nan,nan
Uformer + PathologyLoss,BraTS2021_00066,30.897629,0.9772714972496033,0.10252181,0.9347079037800687,nan,nan
Uformer + PathologyLoss,BraTS2021_00064,34.412125,0.9873969554901123,0.06892956,0.7933368037480479,0.8423153692614771,0.8011049723756906
Uformer + PathologyLoss,BraTS2021_00035,32.436256,0.9812790751457214,0.07492908,0.9535714285714286,0.9282136894824707,0.8363136176066025
Uformer + PathologyLoss,BraTS2021_00018,32.278275,0.9910693168640137,0.067073524,0.9715988083416087,0.8397836038285477,0.72690963554668
Uformer + PathologyLoss,BraTS2021_00060,32.029488,0.986490786075592,0.08450321,0.977587029089175,0.9723398953401445,0.89505830094392
Uformer + PathologyLoss,BraTS2021_00044,31.421867,0.9783332943916321,0.08904158,0.9501661129568106,0.9354838709677419,0.9354838709677419
Uformer + PathologyLoss,BraTS2021_00044,31.25882,0.9806392788887024,0.08475369,0.9548088064889919,0.9710391822827938,0.8385650224215246
Uformer + PathologyLoss,BraTS2021_00017,32.086246,0.9786408543586731,0.11739817,0.0,nan,nan
Uformer + PathologyLoss,BraTS2021_00049,31.551304,0.9913477301597595,0.06101751,0.9409643983776476,nan,nan
Uformer + PathologyLoss,BraTS2021_00021,32.7624,0.9611823558807373,0.0992052,0.8948545861297539,0.0,0.0
Uformer + PathologyLoss,BraTS2021_00035,32.64382,0.9793809056282043,0.07464898,0.9703703703703703,nan,nan
Uformer + PathologyLoss,BraTS2021_00008,30.611824,0.973298192024231,0.09414539,0.9280742459396751,nan,nan
Uformer + PathologyLoss,BraTS2021_00053,34.896843,0.9864542484283447,0.088877976,0.9378684807256236,0.8600556070435589,0.7315270935960592
Uformer + PathologyLoss,BraTS2021_00036,31.664104,0.9650596976280212,0.12407525,0.9532163742690059,0.7072243346007605,0.7298335467349552
Uformer + PathologyLoss,BraTS2021_00030,34.297165,0.9808562397956848,0.072042316,0.9589783281733746,0.9798387096774194,0.9165402124430956
Uformer + PathologyLoss,BraTS2021_00062,32.8981,0.9895849823951721,0.067792214,0.9554655870445344,nan,nan
Uformer + PathologyLoss,BraTS2021_00062,31.7555,0.9904008507728577,0.06988425,0.9778708133971292,0.6666666666666666,0.6666666666666666
Uformer + PathologyLoss,BraTS2021_00005,33.706955,0.9916855096817017,0.06564628,0.9814970563498738,0.940099833610649,0.7658862876254181
Uformer + PathologyLoss,BraTS2021_00019,32.93493,0.9860919117927551,0.07915963,0.9528114265051528,0.8096969696969697,0.8230088495575221
Uformer + PathologyLoss,BraTS2021_00056,33.48399,0.9881243109703064,0.11360991,0.0,0.0,0.0
Uformer + PathologyLoss,BraTS2021_00054,32.18985,0.9539446234703064,0.0882831,0.9766384122389911,0.9603259704053184,0.8019710502001848
Uformer + PathologyLoss,BraTS2021_00031,31.3252,0.9821776151657104,0.097185686,0.5300751879699248,nan,nan
Uformer + PathologyLoss,BraTS2021_00025,30.86479,0.9799011945724487,0.07989072,0.5379310344827586,nan,nan
Uformer + PathologyLoss,BraTS2021_00012,33.52123,0.9928368926048279,0.0943022,0.9487179487179487,nan,nan
Uformer + PathologyLoss,BraTS2021_00031,33.55327,0.9867890477180481,0.06922269,0.8881469115191987,0.9053803339517625,0.7229629629629629
Uformer + PathologyLoss,BraTS2021_00000,32.744015,0.9892831444740295,0.06783654,0.8158253751705321,0.848314606741573,0.848314606741573
Uformer + PathologyLoss,BraTS2021_00002,32.297554,0.9819948673248291,0.08611084,0.9477911646586346,nan,nan
Uformer + PathologyLoss,BraTS2021_00045,32.698837,0.9807179570198059,0.088096924,0.931665062560154,nan,nan
Uformer + PathologyLoss,BraTS2021_00068,31.752083,0.9796643257141113,0.07434992,0.9635544635544635,0.9675987572126055,0.9384703852788959
Uformer + PathologyLoss,BraTS2021_00022,30.56281,0.9677170515060425,0.10324246,0.7984862819299905,0.7505720823798627,0.6310975609756098
Uformer + PathologyLoss,BraTS2021_00011,31.5361,0.9795322418212891,0.08885553,0.8813559322033898,nan,nan
Uformer + PathologyLoss,BraTS2021_00070,31.348324,0.9871890544891357,0.10027123,0.9549878345498783,nan,nan
Uformer + PathologyLoss,BraTS2021_00043,32.43753,0.9915746450424194,0.06560233,0.97546346782988,0.9161147902869757,0.2857142857142857
Uformer + PathologyLoss,BraTS2021_00019,33.97818,0.9889022707939148,0.06879804,0.9582772543741588,0.0,0.0
Uformer + PathologyLoss,BraTS2021_00009,31.872028,0.9879080057144165,0.072433725,0.9668552950687146,nan,nan
Uformer + PathologyLoss,BraTS2021_00032,33.87327,0.9865045547485352,0.071646735,0.9794023788801857,0.9406099518459069,0.9144851657940664
Uformer + PathologyLoss,BraTS2021_00011,32.441525,0.9855959415435791,0.06929252,0.9817997977755308,nan,nan
Uformer + PathologyLoss,BraTS2021_00000,31.198332,0.9801368117332458,0.0832651,0.9661368348306841,0.9681728880157171,0.9067269643866591
Uformer + PathologyLoss,BraTS2021_00053,32.966545,0.9852215647697449,0.10477725,0.9711425206124853,0.9409090909090909,0.9409090909090909
Uformer + PathologyLoss,BraTS2021_00018,32.413826,0.988062858581543,0.06838044,0.9873255254291673,0.9644958409413674,0.8492706645056726
Uformer + PathologyLoss,BraTS2021_00071,33.796413,0.985393226146698,0.071877964,0.0,nan,nan
Uformer + PathologyLoss,BraTS2021_00005,33.38732,0.9910225868225098,0.067789465,0.9600397120873666,0.9660574412532638,0.8809182209469153
Uformer + PathologyLoss,BraTS2021_00070,33.348396,0.9878445863723755,0.063604474,0.9685169842584921,nan,nan
Uformer + PathologyLoss,BraTS2021_00019,34.1227,0.9890416264533997,0.06773964,0.914432493177075,0.6229508196721312,0.6229508196721312
Uformer + PathologyLoss,BraTS2021_00053,33.68435,0.9724128246307373,0.117572226,0.9265246142542248,0.8041504539559015,0.7906647807637907
Uformer + PathologyLoss,BraTS2021_00006,32.357857,0.9859189987182617,0.08094737,0.9166666666666666,0.0,0.0
Uformer + PathologyLoss,BraTS2021_00048,33.567013,0.9839466214179993,0.08148554,0.6702849389416553,nan,nan
Uformer + PathologyLoss,BraTS2021_00002,31.130522,0.9743094444274902,0.113935776,0.7228805834092981,0.0,0.0
Uformer + PathologyLoss,BraTS2021_00006,35.143696,0.9954754710197449,0.04949215,0.9648754127889523,0.9681818181818181,0.9201520912547528
Uformer + PathologyLoss,BraTS2021_00051,33.19125,0.991100549697876,0.05888973,0.9652616952292729,0.964824120603015,0.9054393305439331
Uformer + PathologyLoss,BraTS2021_00043,30.998468,0.9875678420066833,0.09026218,0.9620403321470937,0.7066246056782335,0.6942675159235668
Uformer + PathologyLoss,BraTS2021_00049,30.966873,0.9912624955177307,0.10315641,0.9081697276757441,nan,nan
Uformer + PathologyLoss,BraTS2021_00045,31.876078,0.9765397310256958,0.09984572,0.9688096753660089,0.9738219895287958,0.9222797927461139
Uformer + PathologyLoss,BraTS2021_00071,34.272385,0.987811267375946,0.06915348,0.793733681462141,nan,nan
Uformer + PathologyLoss,BraTS2021_00031,31.477531,0.9828232526779175,0.10225753,0.7699316628701595,0.0,0.0
Uformer + PathologyLoss,BraTS2021_00024,33.083893,0.9898048639297485,0.07900903,0.9472710453283997,0.8709677419354839,0.8709677419354839
Uformer + PathologyLoss,BraTS2021_00059,31.28281,0.9711064696311951,0.08418138,0.8722466960352423,nan,nan
Uformer + PathologyLoss,BraTS2021_00071,33.668175,0.9844018816947937,0.07350535,0.0,nan,nan
Uformer + PathologyLoss,BraTS2021_00060,31.206944,0.9807127118110657,0.10157711,0.9773324572930355,0.9710958619255563,0.8764209754308764
Uformer + PathologyLoss,BraTS2021_00054,31.626602,0.9594710469245911,0.10138721,0.8568142610695803,0.8656716417910447,0.8165210484511517
Uformer + PathologyLoss,BraTS2021_00033,33.40718,0.9890913963317871,0.10306325,0.8380281690140845,nan,nan
Uformer + PathologyLoss,BraTS2021_00021,32.867672,0.9567589163780212,0.09891721,0.8461155378486056,nan,nan
Uformer + PathologyLoss,BraTS2021_00021,32.049892,0.9581131935119629,0.110197365,0.8406435970905884,nan,nan
Uformer + PathologyLoss,BraTS2021_00044,32.89715,0.9884493947029114,0.07088834,0.9704565801253358,0.9794721407624634,0.9794721407624634
Uformer + PathologyLoss,BraTS2021_00032,33.817596,0.9789785742759705,0.0801279,0.8163265306122449,nan,nan
Uformer + PathologyLoss,BraTS2021_00030,34.000065,0.9826080799102783,0.0731022,0.9555555555555556,0.9614814814814815,0.9121495327102803
Uformer + PathologyLoss,BraTS2021_00052,31.731379,0.9841164946556091,0.09469333,0.9296235679214403,0.911008013496415,0.881592039800995
Uformer + PathologyLoss,BraTS2021_00025,31.851614,0.9851372241973877,0.07185738,0.66,nan,nan
Uformer + PathologyLoss,BraTS2021_00009,30.868084,0.9844890832901001,0.08399046,nan,nan,nan
Uformer + PathologyLoss,BraTS2021_00002,32.254272,0.9830125570297241,0.07840927,0.9567654123298639,0.8071005917159764,0.6885758998435054
Uformer + PathologyLoss,BraTS2021_00032,33.31885,0.9763874411582947,0.08434304,0.8766519823788547,nan,nan
Uformer + PathologyLoss,BraTS2021_00052,32.017372,0.9852380752563477,0.0939633,0.9204103289706402,0.9044465468306528,0.8689727463312369
Uformer + PathologyLoss,BraTS2021_00052,34.406593,0.9921948313713074,0.056071013,0.944810829573065,nan,nan
Uformer + PathologyLoss,BraTS2021_00054,31.746506,0.9658933877944946,0.09292149,0.9656930922577655,0.9567319313512207,0.7727272727272727
Uformer + PathologyLoss,BraTS2021_00016,32.0832,0.9932180047035217,0.0597757,0.8799149840595112,0.8064516129032258,0.8064516129032258
Uformer + PathologyLoss,BraTS2021_00064,32.599052,0.9839040040969849,0.0853765,0.9615127919911012,0.9514131470308034,0.8195354377605718
Uformer + PathologyLoss,BraTS2021_00031,33.544895,0.9879605174064636,0.06716219,0.9180562172463078,0.935064935064935,0.8127090301003345
Uformer + PathologyLoss,BraTS2021_00063,32.74997,0.9882680773735046,0.13844909,0.9547738693467337,0.8543689320388349,0.84765625
Uformer + PathologyLoss,BraTS2021_00003,33.89402,0.9892314672470093,0.06789404,0.9595735228787206,0.9253950753399486,0.8093255620316403
Uformer + PathologyLoss,BraTS2021_00030,33.65399,0.977448046207428,0.0797794,0.9785407725321889,0.9137199434229137,0.896551724137931
Uformer + PathologyLoss,BraTS2021_00000,32.301926,0.9877725839614868,0.07056866,0.8994515539305301,0.9373219373219374,0.9373219373219374
Uformer + PathologyLoss,BraTS2021_00056,32.028576,0.9814456701278687,0.099581584,0.9449321628092577,0.9610154125113327,0.934355534259703
Uformer + PathologyLoss,BraTS2021_00022,31.067114,0.9730343222618103,0.090951875,0.9518466573165031,0.9610764055742431,0.897736143637783
Uformer + PathologyLoss,BraTS2021_00032,34.59889,0.9898170232772827,0.06410872,0.9738417901040025,0.941358024691358,0.8735177865612648
Uformer + PathologyLoss,BraTS2021_00022,30.945171,0.9744252562522888,0.08929825,0.9539784946236559,0.971954425942156,0.8987435328898744
Uformer + PathologyLoss,BraTS2021_00043,31.397045,0.9890912175178528,0.09005805,0.9528074405787117,0.4144144144144144,0.4144144144144144
Uformer + PathologyLoss,BraTS2021_00071,32.040543,0.9799903035163879,0.09481085,0.8547328959700093,0.0,0.0
Uformer + PathologyLoss,BraTS2021_00059,32.167675,0.9832087159156799,0.07014168,0.9000355745286375,0.8609271523178808,0.8609271523178808
Uformer + PathologyLoss,BraTS2021_00019,35.14275,0.9850431084632874,0.06708824,0.7807807807807807,nan,nan
Uformer + PathologyLoss,BraTS2021_00071,34.19696,0.9896421432495117,0.06997847,0.9335180055401662,nan,nan
Uformer + PathologyLoss,BraTS2021_00062,32.671234,0.990744411945343,0.06575519,0.9709364908503767,nan,nan
Uformer + PathologyLoss,BraTS2021_00033,33.13866,0.9897832274436951,0.0997888,0.8820905035054175,nan,nan
Uformer + PathologyLoss,BraTS2021_00000,32.04448,0.985769510269165,0.07507543,0.94702419882276,0.955536181342633,0.9202072538860103
Uformer + PathologyLoss,BraTS2021_00032,34.210552,0.9871065616607666,0.069175445,0.9835212489158717,0.9352112676056338,0.9090909090909091
Uformer + PathologyLoss,BraTS2021_00016,30.333292,0.9867546558380127,0.09149073,0.0,nan,nan
Uformer + PathologyLoss,BraTS2021_00045,31.457357,0.9769494533538818,0.11407397,0.9722222222222222,0.9455445544554455,0.8768267223382046
Uformer + PathologyLoss,BraTS2021_00056,31.61464,0.9826593995094299,0.09664887,0.970663921770458,0.9570143285571476,0.9252722493428465
Uformer + PathologyLoss,BraTS2021_00066,31.558327,0.9765428900718689,0.087873764,0.9201388888888888,nan,nan
Uformer + PathologyLoss,BraTS2021_00016,30.233202,0.9854729771614075,0.0867226,0.48518518518518516,nan,nan
Uformer + PathologyLoss,BraTS2021_00003,33.418583,0.9848574995994568,0.07985738,0.8860465116279069,0.8934010152284264,0.8877551020408163
Uformer + PathologyLoss,BraTS2021_00044,33.360455,0.991339385509491,0.06365872,0.9561551433389545,nan,nan
Uformer + PathologyLoss,BraTS2021_00051,33.654972,0.99237459897995,0.052317917,0.9513008672448299,0.946969696969697,0.946969696969697
Uformer + PathologyLoss,BraTS2021_00002,33.951492,0.9875844120979309,0.123572275,0.0,nan,nan
Uformer + PathologyLoss,BraTS2021_00059,31.7093,0.974604606628418,0.076001875,0.916013437849944,nan,nan
Uformer + PathologyLoss,BraTS2021_00058,31.262764,0.9577504396438599,0.09955867,0.8908554572271387,0.9347826086956522,0.9111111111111111
Uformer + PathologyLoss,BraTS2021_00070,33.00146,0.9885231852531433,0.06534996,0.9892834629123766,0.975158867706528,0.9356435643564357
Uformer + PathologyLoss,BraTS2021_00000,30.932959,0.9781046509742737,0.100661434,0.8884792626728111,0.9330254041570438,0.9280742459396751
Uformer + PathologyLoss,BraTS2021_00035,33.365772,0.9830566644668579,0.06811006,0.9829470922606034,0.8868501529051988,0.8868501529051988
Uformer + PathologyLoss,BraTS2021_00020,32.764824,0.9841926097869873,0.081695735,0.9209183673469388,0.9337748344370861,0.8612099644128114
Uformer + PathologyLoss,BraTS2021_00060,34.81011,0.9863023161888123,0.13312064,0.6267605633802817,0.5984251968503937,0.5984251968503937
Uformer + PathologyLoss,BraTS2021_00066,31.412352,0.9837477207183838,0.08294443,0.9627831715210357,nan,nan
Uformer + PathologyLoss,BraTS2021_00002,32.273785,0.9804566502571106,0.08889822,0.9485294117647058,nan,nan
Uformer + PathologyLoss,BraTS2021_00058,30.613758,0.9691280126571655,0.11048729,0.9160892994611239,0.8869346733668342,0.8275862068965517
Uformer + PathologyLoss,BraTS2021_00053,34.422577,0.988271951675415,0.0887776,0.9785150938264889,0.9608404966571156,0.910411622276029
Uformer + PathologyLoss,BraTS2021_00066,31.098831,0.9823563098907471,0.08601056,0.9751013317892299,0.9625850340136054,0.8894472361809045
Uformer + PathologyLoss,BraTS2021_00003,32.302406,0.9830370545387268,0.08695705,0.9418498168498168,0.9372325249643366,0.9148119723714505
Uformer + PathologyLoss,BraTS2021_00026,32.451935,0.9822803139686584,0.083153985,0.891109942135718,0.8415841584158416,0.8071428571428572
Uformer + PathologyLoss,BraTS2021_00033,32.747963,0.9918610453605652,0.06659605,0.9846390168970814,0.4,0.4
Uformer + PathologyLoss,BraTS2021_00006,35.26162,0.993662416934967,0.05593801,0.9737726967047747,nan,nan
Uformer + PathologyLoss,BraTS2021_00033,32.59342,0.9895430207252502,0.0737144,0.9689059500959692,0.0,0.0
Uformer + PathologyLoss,BraTS2021_00012,31.39477,0.9907647967338562,0.067178085,0.9757730943470554,0.5939351690484489,0.0
Uformer + PathologyLoss,BraTS2021_00036,32.590683,0.9733868837356567,0.12827441,0.7613636363636364,0.11764705882352941,0.11764705882352941
Uformer + PathologyLoss,BraTS2021_00032,34.914707,0.9882336258888245,0.06451597,0.9140388768898489,0.0,0.0
Uformer + PathologyLoss,BraTS2021_00059,31.605883,0.9775760769844055,0.076099105,0.9059104161144977,0.9251012145748988,0.9207317073170732
Uformer + PathologyLoss,BraTS2021_00051,32.51211,0.9866122603416443,0.075456984,0.8952590959206174,nan,nan
Uformer + PathologyLoss,BraTS2021_00005,32.040695,0.9852834939956665,0.102064714,0.9702970297029703,0.9263351749539595,0.8830897703549061
Uformer + PathologyLoss,BraTS2021_00019,32.88566,0.9840863347053528,0.0818952,0.8957176843774782,0.8164705882352942,0.7252396166134185
Uformer + PathologyLoss,BraTS2021_00012,31.776808,0.9909948110580444,0.0660885,0.9726456462727083,0.5508375535644722,0.0
Uformer + PathologyLoss,BraTS2021_00049,31.50363,0.9918658137321472,0.058010437,0.968030250945342,nan,nan
Uformer + PathologyLoss,BraTS2021_00006,34.03445,0.9921469688415527,0.06819345,0.9601593625498008,nan,nan
Uformer + PathologyLoss,BraTS2021_00059,31.445673,0.9757747650146484,0.078856856,0.9685426920607747,0.9431492842535787,0.8568033273915627
Uformer + PathologyLoss,BraTS2021_00017,32.901703,0.9893499612808228,0.07376669,0.9152542372881356,nan,nan
Uformer + PathologyLoss,BraTS2021_00030,34.4733,0.9822193384170532,0.07045256,0.9730958696475938,0.9816201497617427,0.9209039548022598
Uformer + PathologyLoss,BraTS2021_00048,32.14096,0.973814070224762,0.10564235,0.8337468982630273,nan,nan
Uformer + PathologyLoss,BraTS2021_00030,34.282326,0.9815773963928223,0.06980068,0.9707207207207207,0.9730848861283644,0.9069148936170213
Uformer + PathologyLoss,BraTS2021_00045,32.539474,0.9824953079223633,0.10670852,0.9727047146401985,0.9427710843373494,0.8635235732009926
Uformer + PathologyLoss,BraTS2021_00012,32.56714,0.9917216897010803,0.06589751,0.9658576717400247,0.684461391801716,0.0
Uformer + PathologyLoss,BraTS2021_00048,33.418922,0.9836238026618958,0.08238439,0.8615916955017301,nan,nan
Uformer + PathologyLoss,BraTS2021_00002,31.977612,0.9790782332420349,0.115325525,0.8910891089108911,nan,nan
Uformer + PathologyLoss,BraTS2021_00068,32.381905,0.9885131120681763,0.093741536,0.9258010118043845,0.85,0.85
Uformer + PathologyLoss,BraTS2021_00052,31.567787,0.9800333976745605,0.08719677,0.9568361581920904,0.9517650229048774,0.8822212270488132
Uformer + PathologyLoss,BraTS2021_00024,33.584473,0.9897462129592896,0.0642932,0.9183098591549296,nan,nan
Uformer + PathologyLoss,BraTS2021_00035,32.378345,0.970495343208313,0.082369715,0.8752997601918465,0.896551724137931,0.8850174216027874
Uformer + PathologyLoss,BraTS2021_00062,32.75837,0.9903250336647034,0.066283874,0.9689306358381503,nan,nan
Uformer + PathologyLoss,BraTS2021_00066,31.025032,0.9773120880126953,0.10015145,0.9619565217391305,nan,nan
Uformer + PathologyLoss,BraTS2021_00022,32.090076,0.9841314554214478,0.07348561,0.9652945924132365,0.9359156935346056,0.8893956670467503
Uformer + PathologyLoss,BraTS2021_00043,32.775726,0.9907573461532593,0.06712385,0.9778206364513018,0.8922651933701657,0.48854961832061067
Uformer + PathologyLoss,BraTS2021_00021,32.415817,0.9547966122627258,0.10232559,0.8347311297483967,nan,nan
